server level=info t=1609 ev=mission_script stage=initialize result=enabled session=0 activity_row=0
server level=info t=1609 ev=transport stage=listen result=ok port=30974
server level=info t=1609 ev=gameplay stage=endpoint result=ok mode=embedded port=30976 ports=16 of=16
client level=info t=1750 ev=package_trust stage=attach result=ok mode=package_integrity_bypass
client level=info t=1750 ev=bootflow_texture stage=attach count=18 result=ok
client level=info t=1750 ev=steam_init result=ok
client level=info t=1750 ev=hook stage=install group=egress count=31 result=ok
client level=info t=4297 ev=graphics stage=probe result=ok driver=hardware level=0xB000
client level=info t=4391 ev=cursor stage=install result=ok
client level=info t=4391 ev=polled_input stage=install result=ok
client level=info t=4391 ev=activate stage=graphics result=ok
client level=info t=4406 ev=activate stage=platform result=ok
client level=info t=4422 ev=renderer stage=init result=ok
client level=info t=4703 ev=bootstrap stage=token result=ok
client level=info t=4734 ev=investment stage=family5_commit result=ok
client level=info t=4734 ev=investment stage=install result=ok
client level=info t=4734 ev=activate stage=game_network result=ok
client level=info t=4734 ev=activate stage=package_keys result=ok
client level=info t=4734 ev=retail stage=install result=ok
client level=info t=4734 ev=assert stage=install result=ok
client level=info t=4766 ev=probe stage=hitch result=installed
client level=info t=4766 ev=probe stage=stall result=installed
client level=info t=4781 ev=probe stage=sense result=installed
client level=info t=4844 ev=async_io_guard stage=patch result=ok mode=cached_manager_owner
client level=info t=4844 ev=config_getter stage=install result=ok
client level=info t=4922 ev=bootflow stage=character_select result=ok
client level=info t=4922 ev=bootflow stage=slice_set result=ok
client level=info t=4922 ev=bootflow stage=composition result=ok
client level=info t=4922 ev=bootflow stage=orbit_handoff result=ok
client level=info t=4922 ev=bootflow stage=owner_slot result=ok
client level=info t=4922 ev=bootflow stage=region result=ok
client level=info t=4922 ev=bootflow stage=world_step result=ok
client level=info t=4938 ev=bootflow stage=current_slice result=ok
client level=info t=4984 ev=teleport stage=install result=ok
client level=info t=5000 ev=noclip stage=install result=ok
client level=info t=5031 ev=infinite_ammo stage=install result=ok
client level=info t=5047 ev=inactivity stage=install result=ok
client level=info t=5063 ev=queuez stage=notification result=ok
client level=info t=5063 ev=bitmap stage=ref_guard result=ok
client level=info t=5078 ev=probe stage=msg12 result=installed
client level=info t=5266 ev=probe stage=cine result=installed
client level=info t=5313 ev=probe stage=cine6 result=installed
client level=info t=5547 ev=world_objects stage=install result=ok
client level=info t=5547 ev=activate stage=main result=ok
client level=info t=5547 ev=nettick stage=resolve result=ok latch=0x00007FF68F5F0827
client level=info t=5547 ev=nettick stage=sample latch=1 callbacks=4
server level=info t=5547 ev=core stage=pump result=server_thread
client level=warn t=10781 ev=probe stage=stall result=detected idle=6000 count=4
client level=info t=10813 ev=probe stage=stall set=stack tid=0x00007F34 rip=0x7FFCE24E0404 rsp=0x7E6CEFF3E8 window=2048
client level=info t=10813 ev=probe stage=stall set=frames tid=0x00007F34 f0=exe+0xB54BE2 f1=exe+0x302465 f2=exe+0xB58F1F f3=exe+0xB52638 f4=exe+0x93FC7 f5=exe+0x1C151D8 f6=exe+0x0 f7=exe+0xB5268C
client level=info t=10813 ev=probe stage=stall set=frames tid=0x00007F34 f8=exe+0x80DA9B1 f9=exe+0x48564BA f10=exe+0x93FC7 f11=exe+0x0 f12=exe+0x1C151C8
client level=info t=10813 ev=probe stage=stall set=stack tid=0x00002818 rip=0x7FFCE24E4034 rsp=0x7E6D3FF9A8 window=2048
client level=info t=10813 ev=probe stage=stall set=stack tid=0x000030FC rip=0x7FFCE24E4034 rsp=0x7E6D7FF568 window=2048
client level=info t=10813 ev=probe stage=stall set=stack tid=0x00003ED0 rip=0x7FFCE24E4034 rsp=0x7E6DBFF728 window=2048
client level=info t=10813 ev=probe stage=stall set=stack tid=0x000049CC rip=0x7FFCE24E4034 rsp=0x7E6DFFF6C8 window=2048
client level=info t=10813 ev=probe stage=stall set=stack tid=0x000056C8 rip=0x7FFCE24E0ED4 rsp=0x7E6E3FFBC8 window=2048
client level=info t=10813 ev=probe stage=stall set=stack tid=0x00000878 rip=0x7FFCE24E0A04 rsp=0x7E6E7FF1F8 window=2048
client level=info t=10813 ev=probe stage=stall set=frames tid=0x00000878 f0=exe+0x3B1A77 f1=exe+0x3AFF70 f2=exe+0x4F5C89E f3=exe+0x69533FF f4=exe+0x6DD9A7A f5=exe+0x47DA9CB f6=exe+0x0 f7=exe+0x3FB1A5A
client level=info t=10813 ev=probe stage=stall set=frames tid=0x00000878 f8=exe+0x69533FF f9=exe+0x3AFF70
client level=info t=10813 ev=probe stage=stall set=stack tid=0x00008560 rip=0x7FFCE24E4034 rsp=0x7E6EBFF4F8 window=2048
client level=info t=10813 ev=probe stage=stall set=stack tid=0x00001DE0 rip=0x7FFCE24E4034 rsp=0x7E6EFFF718 window=2048
client level=info t=10813 ev=probe stage=stall set=stack tid=0x00005CD4 rip=0x7FFCE24E0404 rsp=0x7E6F3FFCA8 window=512
client level=info t=10813 ev=probe stage=stall set=frames tid=0x00005CD4 f0=exe+0x0 f1=exe+0x242CD10 f2=exe+0x1280201 f3=exe+0x3023E5 f4=exe+0x1280280 f5=exe+0x348061 f6=exe+0x0 f7=exe+0x128029D
client level=info t=10813 ev=probe stage=stall set=frames tid=0x00005CD4 f8=exe+0x7312581 f9=exe+0x1280280 f10=exe+0x129869C
client level=info t=10813 ev=probe stage=stall set=stack tid=0x00003A98 rip=0x7FFCE24E0404 rsp=0x7E6F7F8B98 window=2048
client level=info t=10813 ev=probe stage=stall set=frames tid=0x00003A98 f0=exe+0x1299FD0 f1=exe+0x7CB8EAA f2=exe+0x0 f3=exe+0x1299FD0 f4=exe+0x129A060
client level=info t=10813 ev=probe stage=stall set=stack tid=0x00004820 rip=0x7FFCE24E0404 rsp=0x7E6FBFF5C8 window=2048
client level=info t=10813 ev=probe stage=stall set=frames tid=0x00004820 f0=exe+0x2E61B70 f1=exe+0x302465 f2=exe+0x31D073 f3=exe+0x31D0BA f4=exe+0x318894 f5=exe+0x20D6E38 f6=exe+0x31B241 f7=exe+0x3537B3
client level=info t=10813 ev=probe stage=stall set=frames tid=0x00004820 f8=exe+0x20D6E38 f9=exe+0x20D6E38 f10=exe+0x353874 f11=exe+0x20D6E38 f12=exe+0x20D6E5C f13=exe+0x3537D0 f14=exe+0x20D6E38
client level=info t=10813 ev=probe stage=stall set=stack tid=0x00000E48 rip=0x7FFCE24E0404 rsp=0x7E6FFFFB48 window=1024
client level=info t=10813 ev=probe stage=stall set=frames tid=0x00000E48 f0=exe+0x302465 f1=exe+0x31D073 f2=exe+0x31D0BA f3=exe+0x318894 f4=exe+0x20D7A38 f5=exe+0x31B241 f6=exe+0x3537B3 f7=exe+0x20D7A38
client level=info t=10813 ev=probe stage=stall set=frames tid=0x00000E48 f8=exe+0x20D7A38 f9=exe+0x353874 f10=exe+0x20D7A38 f11=exe+0x20D7A5C f12=exe+0x3537D0 f13=exe+0x20D7A38
client level=info t=10813 ev=probe stage=stall set=stack tid=0x000043F8 rip=0x7FFC716C8ED7 rsp=0x7E703EC260 window=2048
client level=info t=10813 ev=probe stage=stall set=frames tid=0x000043F8 f0=own+0xA243CAF f1=own+0xA1D8979 f2=own+0xA237CB0 f3=own+0xA237CB0 f4=own+0xA237CB0 f5=own+0xA243CB0 f6=own+0xA23FCB0 f7=own+0xA1D8979
client level=info t=10813 ev=probe stage=stall set=frames tid=0x000043F8 f8=own+0xA1D8987 f9=own+0xA203CB0 f10=own+0xA1D8977 f11=own+0xA203CB0 f12=own+0xA1DAC1A f13=own+0xA203CB0 f14=own+0xA1DAC1A f15=own+0xA183CB0
client level=info t=10813 ev=probe stage=stall set=stack tid=0x00003A50 rip=0x7FFCE24E0404 rsp=0x7E707FF5E8 window=2048
client level=info t=10813 ev=probe stage=stall set=frames tid=0x00003A50 f0=exe+0x302465 f1=exe+0x31D073 f2=exe+0x2E8BBF0 f3=exe+0x31D0BA f4=exe+0x318894 f5=exe+0x20D9238 f6=exe+0x31B241 f7=exe+0x3537B3
client level=info t=10813 ev=probe stage=stall set=frames tid=0x00003A50 f8=exe+0x20D9238 f9=exe+0x20D9238 f10=exe+0x353874 f11=exe+0x20D9238 f12=exe+0x20D925C f13=exe+0x3537D0 f14=exe+0x20D9238
client level=info t=10813 ev=probe stage=stall set=stack tid=0x000074EC rip=0x7FFCE24E0404 rsp=0x7E70BFF8C8 window=1024
client level=info t=10813 ev=probe stage=stall set=frames tid=0x000074EC f0=exe+0x302465 f1=exe+0x31D073 f2=exe+0x31D0BA f3=exe+0x318894 f4=exe+0x20D9E38 f5=exe+0x31B241 f6=exe+0x3537B3 f7=exe+0x20D9E38
client level=info t=10813 ev=probe stage=stall set=frames tid=0x000074EC f8=exe+0x20D9E38 f9=exe+0x353874 f10=exe+0x20D9E38 f11=exe+0x20D9E5C f12=exe+0x3537D0 f13=exe+0x20D9E38
client level=info t=10813 ev=probe stage=stall set=stack tid=0x00003580 rip=0x7FFCE24E0404 rsp=0x7E70FFF8E8 window=1024
client level=info t=10813 ev=probe stage=stall set=frames tid=0x00003580 f0=exe+0x302465 f1=exe+0x31D073 f2=exe+0x31D0BA f3=exe+0x318894 f4=exe+0x20DAA38 f5=exe+0x31B241 f6=exe+0x3537B3 f7=exe+0x20DAA38
client level=info t=10813 ev=probe stage=stall set=frames tid=0x00003580 f8=exe+0x20DAA38 f9=exe+0x353874 f10=exe+0x20DAA38 f11=exe+0x20DAA5C f12=exe+0x3537D0 f13=exe+0x20DAA38
client level=info t=10813 ev=probe stage=stall set=stack tid=0x000087DC rip=0x7FFCE24E0404 rsp=0x7E713FF568 window=2048
client level=info t=10813 ev=probe stage=stall set=frames tid=0x000087DC f0=exe+0x302465 f1=exe+0x31D073 f2=exe+0x31D0BA f3=exe+0x318894 f4=exe+0x20EEE48 f5=exe+0x31B241 f6=exe+0x3537B3 f7=exe+0x20EEE48
client level=info t=10813 ev=probe stage=stall set=frames tid=0x000087DC f8=exe+0x20EEE48 f9=exe+0x353874 f10=exe+0x20EEE48 f11=exe+0x20EEE6C f12=exe+0x3537D0 f13=exe+0x20EEE48
client level=info t=10813 ev=probe stage=stall set=stack tid=0x00008194 rip=0x7FFCE24E0404 rsp=0x7E717FFC98 window=2048
client level=info t=10813 ev=probe stage=stall set=frames tid=0x00008194 f0=exe+0x302465 f1=exe+0x31D073 f2=exe+0x31D0BA f3=exe+0x318894 f4=exe+0x20EFA48 f5=exe+0x31B241 f6=exe+0x3537B3 f7=exe+0x20EFA48
client level=info t=10813 ev=probe stage=stall set=frames tid=0x00008194 f8=exe+0x20EFA48 f9=exe+0x353874 f10=exe+0x20EFA48 f11=exe+0x20EFA6C f12=exe+0x3537D0 f13=exe+0x20EFA48
client level=info t=10813 ev=probe stage=stall set=stack tid=0x0000672C rip=0x7FFCE24E0A04 rsp=0x7E71BFEFD8 window=2048
client level=info t=10813 ev=probe stage=stall set=frames tid=0x0000672C f0=exe+0x1AEBDFF
client level=info t=10813 ev=probe stage=stall set=stack tid=0x00008B1C rip=0x7FFCE24E0404 rsp=0x7E71FFFAE8 window=2048
client level=info t=10813 ev=probe stage=stall set=frames tid=0x00008B1C f0=exe+0x1AE9B80
client level=info t=10813 ev=probe stage=stall set=stack tid=0x000037F8 rip=0x7FFCE0081344 rsp=0x7E723FFA08 window=2048
client level=info t=10813 ev=probe stage=stall set=frames tid=0x000037F8 f0=exe+0x2686901 f1=exe+0x2686900 f2=exe+0x3C5F69 f3=exe+0x26869E0 f4=exe+0x26869E0 f5=exe+0x3BD893 f6=exe+0x26869E0 f7=exe+0x3BDA99
client level=info t=10813 ev=probe stage=stall set=frames tid=0x000037F8 f8=exe+0x26869E0 f9=exe+0x3537B3 f10=exe+0x26869E0 f11=exe+0x353874 f12=exe+0x26869E0 f13=exe+0x2686A04 f14=exe+0x3537D0 f15=exe+0x26869E0
client level=info t=10813 ev=probe stage=stall set=stack tid=0x00001BAC rip=0x7FFCE0081344 rsp=0x7E727FF688 window=2048
client level=info t=10813 ev=probe stage=stall set=frames tid=0x00001BAC f0=exe+0x3BDA55 f1=exe+0x26869E0 f2=exe+0x26875E0 f3=exe+0x3537B3 f4=exe+0x26875E0 f5=exe+0x353874 f6=exe+0x26875E0 f7=exe+0x2687604
client level=info t=10813 ev=probe stage=stall set=frames tid=0x00001BAC f8=exe+0x3537D0 f9=exe+0x26875E0
client level=info t=10813 ev=probe stage=stall set=stack tid=0x0000045C rip=0x7FFCE24E04A4 rsp=0x7E72BFFBF8 window=2048
client level=info t=10813 ev=probe stage=stall set=stack tid=0x00005584 rip=0x7FFCE24E3FD4 rsp=0x7E733FFA48 window=2048
client level=info t=10813 ev=probe stage=stall set=stack tid=0x000034EC rip=0x7FFCE24E3FD4 rsp=0x7E737FF958 window=2048
client level=info t=10813 ev=probe stage=stall set=stack tid=0x000073CC rip=0x7FFCE24E0404 rsp=0x7E73BFFAC8 window=2048
client level=info t=10813 ev=probe stage=stall set=stack tid=0x00004A38 rip=0x7FFCE24E0404 rsp=0x7E72FFFCB8 window=2048
client level=info t=10813 ev=probe stage=stall set=stack tid=0x00000CE4 rip=0x7FFCE24E0404 rsp=0x7E73FFF858 window=2048
client level=info t=10813 ev=probe stage=stall set=stack tid=0x00008084 rip=0x7FFCE24E0404 rsp=0x7E743FFAF8 window=2048
client level=info t=10813 ev=probe stage=stall set=stack tid=0x000061A4 rip=0x7FFCE24E0404 rsp=0x7E747FFA98 window=2048
client level=info t=10813 ev=probe stage=stall set=stack tid=0x00007B54 rip=0x7FFCE24E0404 rsp=0x7E74BFFD58 window=2048
client level=info t=10813 ev=probe stage=stall set=stack tid=0x00001CBC rip=0x7FFCE24E0404 rsp=0x7E74FFF9E8 window=2048
client level=info t=10813 ev=probe stage=stall set=stack tid=0x0000586C rip=0x7FFCE24E0404 rsp=0x7E753FFB88 window=2048
client level=info t=10813 ev=probe stage=stall set=stack tid=0x000077BC rip=0x7FFCE24E0404 rsp=0x7E757FFC48 window=2048
client level=info t=10813 ev=probe stage=stall set=stack tid=0x00001EDC rip=0x7FFCE24E0404 rsp=0x7E75BFF578 window=2048
client level=info t=10813 ev=probe stage=stall set=stack tid=0x000078A8 rip=0x7FFCE24E0404 rsp=0x7E75FFF998 window=2048
client level=info t=10813 ev=probe stage=stall set=stack tid=0x00001CA4 rip=0x7FFCE24E3FD4 rsp=0x7E763FF838 window=2048
client level=info t=10813 ev=probe stage=stall set=frames tid=0x00001CA4 f0=own+0x7D206FC
client level=info t=10813 ev=probe stage=stall set=stack tid=0x00000994 rip=0x7FFCE24E3FD4 rsp=0x7E767FF5B8 window=2048
client level=info t=10813 ev=probe stage=stall set=frames tid=0x00000994 f0=own+0x6C09ECC
client level=info t=10813 ev=probe stage=stall set=stack tid=0x000026A8 rip=0x7FFCE24E0ED4 rsp=0x7E76FFF568 window=2048
client level=info t=10813 ev=probe stage=stall set=stack tid=0x000045DC rip=0x7FFCE24E0404 rsp=0x7E773FF968 window=2048
client level=info t=10813 ev=probe stage=stall set=stack tid=0x00002DA4 rip=0x7FFCE24E0404 rsp=0x7E777FFBE8 window=2048
client level=info t=10813 ev=probe stage=stall set=stack tid=0x0000610C rip=0x7FFCE24E0404 rsp=0x7E77BFF688 window=2048
client level=info t=10813 ev=probe stage=stall set=stack tid=0x000044BC rip=0x7FFCE24E0404 rsp=0x7E77FFFDB8 window=2048
client level=info t=10813 ev=probe stage=stall set=stack tid=0x00001C44 rip=0x7FFCE24E0404 rsp=0x7E783FFAD8 window=2048
client level=info t=10813 ev=probe stage=stall set=stack tid=0x00007408 rip=0x7FFCE24E0404 rsp=0x7E787FF938 window=2048
client level=info t=10813 ev=probe stage=stall set=stack tid=0x00002A58 rip=0x7FFCE24E0404 rsp=0x7E78BFF768 window=2048
client level=info t=10813 ev=probe stage=stall set=stack tid=0x000019F0 rip=0x7FFCE24E0404 rsp=0x7E78FFF6A8 window=2048
client level=info t=10813 ev=probe stage=stall set=stack tid=0x0000415C rip=0x7FFCE24E0A04 rsp=0x7E793FFC78 window=512
client level=info t=10813 ev=probe stage=stall set=frames tid=0x0000415C f0=exe+0x11C7C1C f1=exe+0x2E5BEC2 f2=exe+0x3537B3 f3=exe+0x2E5BE90 f4=exe+0x2E5BE90 f5=exe+0x353874 f6=exe+0x2E5BE90 f7=exe+0x2E5BEB4
client level=info t=10813 ev=probe stage=stall set=frames tid=0x0000415C f8=exe+0x3537D0 f9=exe+0x2E5BE90
client level=info t=10813 ev=probe stage=stall set=stack tid=0x00004054 rip=0x7FFCE24E0404 rsp=0x7E797FF728 window=2048
client level=info t=10813 ev=probe stage=stall set=frames tid=0x00004054 f0=exe+0x2E79DE3 f1=exe+0x11DB4DB f2=exe+0x2E79DA0 f3=exe+0x3537B3 f4=exe+0x2E79DA0 f5=exe+0x353874 f6=exe+0x2E79DA0 f7=exe+0x2E79DC4
client level=info t=10813 ev=probe stage=stall set=frames tid=0x00004054 f8=exe+0x3537D0 f9=exe+0x2E79DA0
client level=info t=10813 ev=probe stage=stall set=stack tid=0x00003714 rip=0x7FFCE24E4034 rsp=0x7E79FFF6A8 window=2048
client level=info t=10813 ev=probe stage=stall set=stack tid=0x00003488 rip=0x7FFCE24E4034 rsp=0x7E7A3FF698 window=2048
client level=info t=10813 ev=probe stage=stall set=stack tid=0x00008B9C rip=0x7FFCE24E0404 rsp=0x7E7A7FF6D8 window=2048
client level=info t=10813 ev=probe stage=stall set=frames tid=0x00008B9C f0=exe+0x19F86E5
client level=info t=10813 ev=probe stage=stall set=stack tid=0x00008198 rip=0x7FFCE24E0404 rsp=0x7E7ABFFA38 window=1024
client level=info t=10813 ev=probe stage=stall set=frames tid=0x00008198 f0=exe+0x1A07446
client level=info t=10813 ev=probe stage=stall set=stack tid=0x00006CEC rip=0x7FFCE24E0ED4 rsp=0x7E7AFFF6B8 window=2048
client level=info t=10813 ev=probe stage=stall set=frames tid=0x00006CEC f0=exe+0x1A41E30
client level=info t=10813 ev=probe stage=stall set=stack tid=0x00008A00 rip=0x7FFCE24E0404 rsp=0x7E7B3FF9B8 window=2048
client level=info t=10813 ev=probe stage=stall set=stack tid=0x00001F10 rip=0x7FFCE24E0404 rsp=0x7E7B7FF9B8 window=2048
client level=info t=10813 ev=probe stage=stall set=stack tid=0x00000AA8 rip=0x7FFCE24E0404 rsp=0x7E7BBFFC48 window=2048
client level=info t=10813 ev=probe stage=stall set=stack tid=0x00003814 rip=0x7FFCE24E0404 rsp=0x7E7BFFFC28 window=2048
client level=info t=10813 ev=probe stage=stall set=stack tid=0x00006F20 rip=0x7FFCE24E0404 rsp=0x7E7C3FFC68 window=2048
client level=info t=10813 ev=probe stage=stall set=stack tid=0x000026AC rip=0x7FFCE24E0404 rsp=0x7E7C7FFA48 window=2048
client level=info t=10813 ev=probe stage=stall set=stack tid=0x00008958 rip=0x7FFCE24E0404 rsp=0x7E7CBFF878 window=2048
client level=info t=10813 ev=probe stage=stall set=stack tid=0x00001AF8 rip=0x7FFCE24E0404 rsp=0x7E7CFFF8D8 window=2048
client level=info t=10813 ev=probe stage=stall set=stack tid=0x00004E20 rip=0x7FFCE24E0404 rsp=0x7E7D3FF958 window=2048
client level=info t=10813 ev=probe stage=stall set=stack tid=0x000014A8 rip=0x7FFCE24E0ED4 rsp=0x7E7D7FF918 window=2048
client level=info t=10813 ev=probe stage=stall set=stack tid=0x00002388 rip=0x7FFCE24E0ED4 rsp=0x7E7DBFF528 window=2048
client level=info t=10813 ev=probe stage=stall set=stack tid=0x00001D74 rip=0x7FFCE24E0ED4 rsp=0x7E7DFFFB18 window=2048
client level=info t=10813 ev=probe stage=stall set=stack tid=0x000019E0 rip=0x7FFCE24E0ED4 rsp=0x7E7E3FF868 window=1024
client level=info t=10813 ev=probe stage=stall set=stack tid=0x000067EC rip=0x7FFCE24E0404 rsp=0x7E7E7FF4F8 window=2048
client level=info t=10813 ev=probe stage=stall set=frames tid=0x000067EC f0=exe+0x39B4FB f1=exe+0x1A8222A
client level=info t=10813 ev=probe stage=stall set=stack tid=0x00002078 rip=0x7FFCE24E0404 rsp=0x7E7EBFFAF8 window=1024
client level=info t=10813 ev=probe stage=stall set=frames tid=0x00002078 f0=exe+0x0 f1=exe+0x1F15A90 f2=exe+0x0 f3=exe+0x30FE80 f4=exe+0x30FED2 f5=exe+0x30FE80 f6=exe+0x30FE80 f7=exe+0x129869C
client level=info t=10813 ev=probe stage=stall set=stack tid=0x00007440 rip=0x7FFCE24E0ED4 rsp=0x7E79BFF378 window=2048
client level=info t=10813 ev=probe stage=stall set=stack tid=0x0000275C rip=0x7FFCE24E0ED4 rsp=0x7E003FE208 window=2048
client level=info t=10813 ev=probe stage=stall set=stack tid=0x00001544 rip=0x7FFCE24E0A04 rsp=0x7E00BFFBD8 window=1024
client level=info t=10813 ev=probe stage=stall set=frames tid=0x00001544 f0=own+0x6912A0 f1=own+0x6751C0 f2=own+0x675208 f3=own+0x675208 f4=own+0x6751C0 f5=own+0x1D6E0B f6=own+0x675208 f7=own+0x6751C0
client level=info t=12750 entity_position_profiles source=packages rows=8680
state level=warn t=12891 ev=build_data stage=scenarios tags=468 named=508 live=466 kept=0 groups=0 dropped=0 rostered=0 result=collecting
client level=info t=13094 ev=pkg stage=bucket_equipment result=ok rows=34 mapped=18
client level=info t=13109 ev=pkg stage=records result=ok detail=2242
client level=info t=13109 ev=pkg stage=nodes result=ok detail=38
client level=info t=13156 ev=pkg stage=rows result=ok walked=15424 rows=15424 skipped=0 truncated=0
client level=info t=13250 ev=pkg stage=details result=ok requested=15424 rows=15424 skipped=0
client level=info t=13250 ev=pkg stage=exotic_catalysts result=ok released=45 placeholder=30 unsupported=0 error=none item=0x00000000 lane=0
client level=info t=13250 ev=pkg stage=socket_plugs result=ok rules=40438 pools=2028 members=10417 skipped=0
client level=info t=13266 ev=pkg stage=abilities result=ok rows=12
client level=info t=13266 ev=pkg stage=materials result=ok sets=229 conditional=88 valid=1
client level=info t=13281 ev=build_data stage=items result=ok rows=15424
client level=info t=13281 ev=build_data stage=domains named=1 items=1 details=1 buckets=1 sockets=1 abilities=1 progressions=1 scenarios=0
client level=info t=13438 ev=inactivity stage=release result=noop
client level=info t=13438 ev=nettick stage=sample latch=1 callbacks=5
client level=warn t=13828 ev=probe stage=stall result=recovered idle=9047 count=8
client level=info t=14984 ev=retail site=5 text=networking:stun: Created stun endpoint, advancing to DNS discovery
client level=info t=15328 ev=retail site=6 text=networking:stun: Using lookup type: [0]
client level=info t=15438 ev=nettick stage=sample latch=1 callbacks=21
client level=info t=15547 ev=retail site=6 text=networking:stun: Using lookup type: [0]
client level=info t=15703 ev=retail site=6 text=networking:stun: Using lookup type: [0]
client level=info t=15922 ev=retail site=6 text=networking:stun: Using lookup type: [0]
client level=info t=16141 ev=retail site=6 text=networking:stun: Using lookup type: [0]
client level=info t=16313 ev=retail site=6 text=networking:stun: Using lookup type: [0]
client level=info t=16516 ev=retail site=6 text=networking:stun: Using lookup type: [0]
client level=info t=16703 ev=retail site=6 text=networking:stun: Using lookup type: [0]
client level=info t=16859 ev=retail site=6 text=networking:stun: Using lookup type: [0]
client level=info t=17000 ev=retail site=6 text=networking:stun: Using lookup type: [0]
client level=info t=17141 ev=retail site=6 text=networking:stun: Using lookup type: [0]
client level=info t=17297 ev=retail site=6 text=networking:stun: Using lookup type: [0]
client level=info t=17469 ev=retail site=6 text=networking:stun: Using lookup type: [0]
client level=info t=17469 ev=nettick stage=sample latch=1 callbacks=44
client level=info t=17859 ev=retail site=6 text=networking:stun: Using lookup type: [0]
client level=info t=17922 ev=retail site=6 text=networking:stun: Using lookup type: [0]
client level=info t=17969 ev=retail site=6 text=networking:stun: Using lookup type: [0]
client level=info t=18031 ev=retail site=6 text=networking:stun: Using lookup type: [0]
client level=info t=18078 ev=retail site=6 text=networking:stun: Using lookup type: [0]
client level=info t=18078 ev=retail site=7 text=networking:stun: Selected stun server: [0] ip address: [127.0.0.1:3074] valid stun server count: [1]
client level=info t=18188 ev=retail site=8 text=networking:stun: client external ip address: [127.0.0.1:3097]
client level=info t=18281 ev=retail site=9 text=networking:stun: Reporting NAT type [1] and address [127.0.0.1:3097].
state level=warn t=19422 ev=build_data stage=hash_names hashes=270 objects=241586 read=0 named=0 ms=141 result=collected
client level=info t=19422 ev=build_data stage=domains named=1 items=1 details=1 buckets=1 sockets=1 abilities=1 progressions=1 scenarios=1
client level=info t=19563 ev=nettick stage=sample latch=1 callbacks=149
client level=info t=21563 ev=nettick stage=sample latch=1 callbacks=185
client level=info t=23266 ev=retail site=3 text=world_controller:state_manager: Entering state 'bootflow:start' for reason 'unavailable'.
client level=info t=23578 ev=nettick stage=sample latch=1 callbacks=211
client level=info t=25828 ev=nettick stage=sample latch=1 callbacks=244
client level=info t=27844 ev=nettick stage=sample latch=1 callbacks=251
client level=info t=30016 ev=nettick stage=sample latch=1 callbacks=266
client level=info t=32016 ev=nettick stage=sample latch=1 callbacks=551
client level=info t=34016 ev=nettick stage=sample latch=1 callbacks=831
client level=info t=36016 ev=nettick stage=sample latch=1 callbacks=1118
client level=info t=38016 ev=nettick stage=sample latch=1 callbacks=1406
client level=info t=40016 ev=nettick stage=sample latch=1 callbacks=1693
client level=info t=42016 ev=nettick stage=sample latch=1 callbacks=1981
client level=info t=44016 ev=nettick stage=sample latch=1 callbacks=2265
client level=info t=46016 ev=nettick stage=sample latch=1 callbacks=2553
client level=info t=48016 ev=nettick stage=sample latch=1 callbacks=2838
client level=info t=50016 ev=nettick stage=sample latch=1 callbacks=3126
client level=info t=52016 ev=nettick stage=sample latch=1 callbacks=3413
client level=info t=54016 ev=nettick stage=sample latch=1 callbacks=3701
client level=info t=56016 ev=nettick stage=sample latch=1 callbacks=3989
client level=info t=58016 ev=nettick stage=sample latch=1 callbacks=4277
client level=info t=60016 ev=nettick stage=sample latch=1 callbacks=4565
client level=info t=62016 ev=nettick stage=sample latch=1 callbacks=4849
client level=info t=64016 ev=nettick stage=sample latch=1 callbacks=5135
client level=info t=66016 ev=nettick stage=sample latch=1 callbacks=5401
client level=info t=68016 ev=nettick stage=sample latch=1 callbacks=5689
client level=info t=70016 ev=nettick stage=sample latch=1 callbacks=5977
client level=info t=72016 ev=nettick stage=sample latch=1 callbacks=6265
client level=info t=74016 ev=nettick stage=sample latch=1 callbacks=6553
client level=info t=76016 ev=nettick stage=sample latch=1 callbacks=6840
client level=info t=78016 ev=nettick stage=sample latch=1 callbacks=7127
client level=info t=80016 ev=nettick stage=sample latch=1 callbacks=7413
client level=info t=82016 ev=nettick stage=sample latch=1 callbacks=7700
client level=info t=84016 ev=nettick stage=sample latch=1 callbacks=7984
client level=info t=86016 ev=nettick stage=sample latch=1 callbacks=8272
client level=info t=88016 ev=nettick stage=sample latch=1 callbacks=8560
client level=info t=90016 ev=nettick stage=sample latch=1 callbacks=8848
client level=info t=92016 ev=nettick stage=sample latch=1 callbacks=9133
client level=info t=94016 ev=nettick stage=sample latch=1 callbacks=9420
client level=info t=96016 ev=nettick stage=sample latch=1 callbacks=9702
client level=info t=98016 ev=nettick stage=sample latch=1 callbacks=9991
client level=info t=100016 ev=nettick stage=sample latch=1 callbacks=10279
client level=info t=102016 ev=nettick stage=sample latch=1 callbacks=10566
client level=info t=104016 ev=nettick stage=sample latch=1 callbacks=10847
client level=info t=106016 ev=nettick stage=sample latch=1 callbacks=11130
client level=info t=108016 ev=nettick stage=sample latch=1 callbacks=11412
client level=info t=110016 ev=nettick stage=sample latch=1 callbacks=11699
client level=info t=112016 ev=nettick stage=sample latch=1 callbacks=11986
client level=info t=114016 ev=nettick stage=sample latch=1 callbacks=12274
client level=info t=116016 ev=nettick stage=sample latch=1 callbacks=12562
client level=info t=118016 ev=nettick stage=sample latch=1 callbacks=12845
client level=info t=120016 ev=nettick stage=sample latch=1 callbacks=13130
client level=info t=122016 ev=nettick stage=sample latch=1 callbacks=13418
client level=info t=124016 ev=nettick stage=sample latch=1 callbacks=13704
client level=info t=126016 ev=nettick stage=sample latch=1 callbacks=13988
client level=info t=128016 ev=nettick stage=sample latch=1 callbacks=14275
client level=info t=130016 ev=nettick stage=sample latch=1 callbacks=14560
client level=info t=132016 ev=nettick stage=sample latch=1 callbacks=14848
client level=info t=134016 ev=nettick stage=sample latch=1 callbacks=15131
client level=info t=136016 ev=nettick stage=sample latch=1 callbacks=15419
client level=info t=138016 ev=nettick stage=sample latch=1 callbacks=15703
client level=info t=140016 ev=nettick stage=sample latch=1 callbacks=15989
client level=info t=142016 ev=nettick stage=sample latch=1 callbacks=16277
client level=info t=144016 ev=nettick stage=sample latch=1 callbacks=16565
client level=info t=146016 ev=nettick stage=sample latch=1 callbacks=16853
client level=info t=148016 ev=nettick stage=sample latch=1 callbacks=17136
client level=info t=150016 ev=nettick stage=sample latch=1 callbacks=17416
client level=info t=152016 ev=nettick stage=sample latch=1 callbacks=17703
client level=info t=154016 ev=nettick stage=sample latch=1 callbacks=17991
client level=info t=156016 ev=nettick stage=sample latch=1 callbacks=18279
client level=info t=158016 ev=nettick stage=sample latch=1 callbacks=18567
client level=info t=160016 ev=nettick stage=sample latch=1 callbacks=18855
client level=info t=162016 ev=nettick stage=sample latch=1 callbacks=19143
client level=info t=164016 ev=nettick stage=sample latch=1 callbacks=19430
client level=info t=166016 ev=nettick stage=sample latch=1 callbacks=19718
client level=info t=168016 ev=nettick stage=sample latch=1 callbacks=20006
client level=info t=170016 ev=nettick stage=sample latch=1 callbacks=20294
client level=info t=172016 ev=nettick stage=sample latch=1 callbacks=20582
client level=info t=174016 ev=nettick stage=sample latch=1 callbacks=20870
client level=info t=176016 ev=nettick stage=sample latch=1 callbacks=21158
client level=info t=178016 ev=nettick stage=sample latch=1 callbacks=21446
client level=info t=180016 ev=nettick stage=sample latch=1 callbacks=21734
client level=info t=182016 ev=nettick stage=sample latch=1 callbacks=22019
client level=info t=184016 ev=nettick stage=sample latch=1 callbacks=22304
client level=info t=186016 ev=nettick stage=sample latch=1 callbacks=22592
client level=info t=188016 ev=nettick stage=sample latch=1 callbacks=22880
client level=info t=190016 ev=nettick stage=sample latch=1 callbacks=23168
client level=info t=192016 ev=nettick stage=sample latch=1 callbacks=23456
client level=info t=194016 ev=nettick stage=sample latch=1 callbacks=23737
client level=info t=196016 ev=nettick stage=sample latch=1 callbacks=24025
client level=info t=198016 ev=nettick stage=sample latch=1 callbacks=24313
client level=info t=200016 ev=nettick stage=sample latch=1 callbacks=24601
client level=info t=202016 ev=nettick stage=sample latch=1 callbacks=24889
client level=info t=204016 ev=nettick stage=sample latch=1 callbacks=25173
client level=info t=206016 ev=nettick stage=sample latch=1 callbacks=25458
client level=info t=208016 ev=nettick stage=sample latch=1 callbacks=25746
client level=info t=210016 ev=nettick stage=sample latch=1 callbacks=26034
client level=info t=212016 ev=nettick stage=sample latch=1 callbacks=26321
client level=info t=213328 ev=retail site=10 text=application_state: Suspend state changed from [active] to [partial]
client level=info t=214031 ev=nettick stage=sample latch=1 callbacks=26532
client level=info t=216031 ev=nettick stage=sample latch=1 callbacks=26592
client level=info t=218031 ev=nettick stage=sample latch=1 callbacks=26652
client level=info t=220031 ev=nettick stage=sample latch=1 callbacks=26712
client level=info t=221141 ev=retail site=10 text=application_state: Suspend state changed from [partial] to [active]
client level=info t=221609 ev=retail site=11 text=networking:link: Endpoint traffic is now: [disabled].
client level=info t=221609 ev=retail site=0 text=networking:UPnP: Resetting UPnP client.
client level=info t=221609 ev=retail site=3 text=world_controller:state_manager: Entering state 'bootflow:platform_signin' for reason 'unavailable'.
client level=info t=221609 ev=retail site=12 text=world_controller:retail_datamine: Timed operation: [ENUM(4)], took: [0 ms], average: [0.000000 ms], min: [0.000000], max: [0.000000], count: [1]
client level=info t=221609 ev=retail site=13 text=networking:logic:session: local user 0 set platform account id=unknown platform account id, live=1, online=1, free=0, user_content=1, friend_content=1
client level=info t=221609 ev=retail site=12 text=world_controller:retail_datamine: Timed operation: [ENUM(5)], took: [0 ms], average: [0.000000 ms], min: [0.000000], max: [0.000000], count: [1]
client level=info t=221609 ev=retail site=3 text=world_controller:state_manager: Entering state 'bootflow:platform_account_warnings' for reason 'unavailable'.
client level=info t=221609 ev=retail site=3 text=world_controller:state_manager: Entering state 'bootflow:enumerate_content_rights' for reason 'unavailable'.
client level=info t=221625 ev=retail site=3 text=world_controller:state_manager: Entering state 'bootflow:account_signin' for reason 'unavailable'.
server level=info t=221703 ev=http method=post route=signon result=ok
client level=info t=221703 ev=retail site=14 text=networking:signon:client: Server environment: live
client level=info t=221703 ev=retail site=15 text=networking:stun: Client external address from signon: [127.0.0.1:0].
client level=info t=221719 ev=retail site=16 text=world_controller:state:bootflow_account_signin_handler: Demonware lobby connection not desired, continuing without Demonware lobby connection.
client level=info t=221719 ev=retail site=12 text=world_controller:retail_datamine: Timed operation: [ENUM(8)], took: [90 ms], average: [90.000000 ms], min: [90.000000], max: [90.000000], count: [1]
client level=info t=221719 ev=retail site=17 text=networking:stun: Using STUN discovered address and NAT type.
client level=info t=221719 ev=retail site=18 text=world_controller:retail_datamine: Total time spent: [96] ms in world controller state: [7] name: [bootflow:account_signin]
client level=info t=221719 ev=retail site=3 text=world_controller:state_manager: Entering state 'bootflow:content_check' for reason 'unavailable'.
client level=info t=221734 ev=content_config stage=get route=manifest bytes=105232 result=ok
client level=info t=221906 ev=retail site=18 text=world_controller:retail_datamine: Total time spent: [182] ms in world controller state: [16] name: [bootflow:content_check]
client level=info t=221906 ev=retail site=3 text=world_controller:state_manager: Entering state 'bootflow:package_registration' for reason 'unavailable'.
client level=info t=222031 ev=nettick stage=sample latch=1 callbacks=26842
client level=info t=222500 ev=retail site=10 text=application_state: Suspend state changed from [active] to [partial]
client level=info t=223453 ev=retail site=10 text=application_state: Suspend state changed from [partial] to [active]
client level=info t=224031 ev=nettick stage=sample latch=1 callbacks=27020
client level=info t=226031 ev=nettick stage=sample latch=1 callbacks=27308
client level=info t=228031 ev=nettick stage=sample latch=1 callbacks=27596
client level=info t=228734 ev=retail site=18 text=world_controller:retail_datamine: Total time spent: [6832] ms in world controller state: [21] name: [bootflow:package_registration]
client level=info t=228734 ev=retail site=3 text=world_controller:state_manager: Entering state 'bootflow:bap_signin' for reason 'unavailable'.
client level=info t=228734 ev=retail site=19 text=world_controller:task_manager: Started   task 'ENUM(0)'.
client level=info t=228734 ev=retail site=19 text=world_controller:task_manager: Started   task 'ENUM(1)'.
client level=info t=228734 ev=retail site=19 text=world_controller:task_manager: Started   task 'ENUM(2)'.
client level=info t=228734 ev=retail site=19 text=world_controller:task_manager: Started   task 'ENUM(3)'.
client level=info t=228734 ev=retail site=20 text=world_controller:task_manager: Completed task 'ENUM(3)' after '0ms'.
client level=info t=228734 ev=retail site=19 text=world_controller:task_manager: Started   task 'ENUM(4)'.
client level=info t=228734 ev=retail site=20 text=world_controller:task_manager: Completed task 'ENUM(4)' after '0ms'.
client level=info t=228734 ev=retail site=21 text=networking:server:bap: primary BAP server IP address: 1.0.0.127, port: 30974
server level=info t=228750 ev=transport stage=accept result=ok conn=1
client level=info t=228813 ev=retail site=10 text=application_state: Suspend state changed from [active] to [partial]
client level=info t=229031 ev=retail site=20 text=world_controller:task_manager: Completed task 'ENUM(0)' after '302ms'.
client level=info t=229031 ev=retail site=12 text=world_controller:retail_datamine: Timed operation: [ENUM(13)], took: [302 ms], average: [302.000000 ms], min: [302.000000], max: [302.000000], count: [1]
client level=info t=229266 ev=retail site=20 text=world_controller:task_manager: Completed task 'ENUM(1)' after '536ms'.
client level=info t=229266 ev=retail site=19 text=world_controller:task_manager: Started   task 'ENUM(14)'.
client level=info t=229344 ev=retail site=20 text=world_controller:task_manager: Completed task 'ENUM(14)' after '68ms'.
client level=info t=230047 ev=nettick stage=sample latch=1 callbacks=27745
client level=info t=232047 ev=nettick stage=sample latch=1 callbacks=27805
client level=info t=233906 ev=retail site=20 text=world_controller:task_manager: Completed task 'ENUM(2)' after '5177ms'.
client level=info t=233906 ev=retail site=19 text=world_controller:task_manager: Started   task 'ENUM(5)'.
client level=info t=233953 ev=retail site=20 text=world_controller:task_manager: Completed task 'ENUM(5)' after '34ms'.
client level=info t=233953 ev=retail site=19 text=world_controller:task_manager: Started   task 'ENUM(6)'.
client level=info t=233953 ev=retail site=19 text=world_controller:task_manager: Started   task 'ENUM(7)'.
client level=info t=234047 ev=nettick stage=sample latch=1 callbacks=27865
client level=info t=234484 ev=retail site=20 text=world_controller:task_manager: Completed task 'ENUM(6)' after '533ms'.
client level=info t=234484 ev=retail site=12 text=world_controller:retail_datamine: Timed operation: [ENUM(11)], took: [567 ms], average: [567.000000 ms], min: [567.000000], max: [567.000000], count: [1]
client level=info t=234813 ev=retail site=20 text=world_controller:task_manager: Completed task 'ENUM(7)' after '867ms'.
client level=info t=234813 ev=retail site=19 text=world_controller:task_manager: Started   task 'ENUM(8)'.
client level=info t=234813 ev=retail site=20 text=world_controller:task_manager: Completed task 'ENUM(8)' after '0ms'.
client level=info t=234813 ev=retail site=19 text=world_controller:task_manager: Started   task 'ENUM(9)'.
client level=info t=235281 ev=retail site=20 text=world_controller:task_manager: Completed task 'ENUM(9)' after '467ms'.
client level=info t=235281 ev=retail site=19 text=world_controller:task_manager: Started   task 'ENUM(10)'.
client level=info t=235281 ev=retail site=19 text=world_controller:task_manager: Started   task 'ENUM(15)'.
client level=info t=236047 ev=nettick stage=sample latch=1 callbacks=27925
client level=info t=236141 ev=retail site=20 text=world_controller:task_manager: Completed task 'ENUM(10)' after '866ms'.
client level=info t=236156 ev=retail site=19 text=world_controller:task_manager: Started   task 'ENUM(13)'.
client level=info t=236266 ev=retail site=20 text=world_controller:task_manager: Completed task 'ENUM(13)' after '118ms'.
client level=info t=236266 ev=retail site=12 text=world_controller:retail_datamine: Timed operation: [ENUM(12)], took: [1454 ms], average: [1454.000000 ms], min: [1454.000000], max: [1454.000000], count: [1]
client level=info t=236766 ev=retail site=20 text=world_controller:task_manager: Completed task 'ENUM(15)' after '1486ms'.
client level=info t=236766 ev=retail site=19 text=world_controller:task_manager: Started   task 'ENUM(16)'.
client level=info t=236766 ev=retail site=19 text=world_controller:task_manager: Started   task 'ENUM(17)'.
client level=info t=236766 ev=retail site=19 text=world_controller:task_manager: Started   task 'ENUM(18)'.
client level=info t=236766 ev=retail site=20 text=world_controller:task_manager: Completed task 'ENUM(18)' after '0ms'.
client level=info t=237031 ev=retail site=20 text=world_controller:task_manager: Completed task 'ENUM(16)' after '267ms'.
client level=info t=238063 ev=nettick stage=sample latch=1 callbacks=27984
client level=info t=238266 ev=retail site=20 text=world_controller:task_manager: Completed task 'ENUM(17)' after '1502ms'.
client level=info t=238266 ev=retail site=18 text=world_controller:retail_datamine: Total time spent: [9534] ms in world controller state: [22] name: [bootflow:bap_signin]
client level=info t=238266 ev=retail site=3 text=world_controller:state_manager: Entering state 'bootflow:investment_signin' for reason 'unavailable'.
client level=info t=238266 ev=retail site=22 text=world_controller:task_manager: Started   task 'ENUM(0)'.
client level=info t=238266 ev=retail site=22 text=world_controller:task_manager: Started   task 'ENUM(1)'.
client level=info t=238266 ev=retail site=23 text=world_controller:task_manager: Completed task 'ENUM(1)' after '0ms'.
client level=info t=238266 ev=retail site=22 text=world_controller:task_manager: Started   task 'ENUM(2)'.
client level=info t=238266 ev=retail site=22 text=world_controller:task_manager: Started   task 'ENUM(6)'.
client level=info t=238531 ev=retail site=23 text=world_controller:task_manager: Completed task 'ENUM(6)' after '267ms'.
client level=info t=240078 ev=nettick stage=sample latch=1 callbacks=28044
client level=info t=240734 ev=retail site=23 text=world_controller:task_manager: Completed task 'ENUM(2)' after '2470ms'.
client level=info t=240734 ev=retail site=22 text=world_controller:task_manager: Started   task 'ENUM(4)'.
client level=info t=240734 ev=retail site=22 text=world_controller:task_manager: Started   task 'ENUM(5)'.
client level=info t=240734 ev=retail site=23 text=world_controller:task_manager: Completed task 'ENUM(5)' after '0ms'.
client level=info t=241297 ev=retail site=24 text=world_controller: successfully changed world to: ambient_bootstrap
client level=info t=241313 ev=retail site=23 text=world_controller:task_manager: Completed task 'ENUM(4)' after '564ms'.
client level=info t=241531 ev=lore_visibility result=applied conditions=24
client level=info t=241531 ev=retail site=25 text=content_table_patching: patch contents have been cleared
client level=info t=241703 ev=retail site=10 text=application_state: Suspend state changed from [partial] to [active]
client level=warn t=241859 ev=queuez stage=notification result=skipped reason=null_payload
client level=info t=241875 ev=retail site=26 text=networking:investment:push:queuez: failed to process update for [family_type ENUM(0), family_root_soid 0x9EAA300100100100, version 0, flags 0x01, object_count 2]
client level=info t=241875 ev=retail site=23 text=world_controller:task_manager: Completed task 'ENUM(0)' after '3610ms'.
client level=info t=241875 ev=retail site=27 text=networking:link: Starting port collsion resolution for endpoint type: [2], using port: [2003], max attempts: [100], max upnp attempts: [6]
client level=info t=241875 ev=retail site=28 text=networking:port_collision_resolver: Starting port collision resolution for endpoint type: [2] port: [2003].
client level=info t=241875 ev=retail site=22 text=world_controller:task_manager: Started   task 'ENUM(7)'.
client level=info t=241875 ev=retail site=23 text=world_controller:task_manager: Completed task 'ENUM(7)' after '0ms'.
client level=info t=241875 ev=retail site=18 text=world_controller:retail_datamine: Total time spent: [3610] ms in world controller state: [23] name: [bootflow:investment_signin]
client level=info t=241875 ev=retail site=3 text=world_controller:state_manager: Entering state 'bootflow:prepare_for_orbit' for reason 'unavailable'.
client level=info t=242031 ev=retail site=29 text=networking:UPnP: Started UPnP client for port: [2003].
client level=info t=242078 ev=nettick stage=sample latch=1 callbacks=28108
client level=info t=242375 ev=retail site=26 text=networking:investment:push:queuez: failed to process update for [family_type ENUM(0), family_root_soid 0x9EAA300100100100, version 0, flags 0x01, object_count 2]
client level=info t=244078 ev=nettick stage=sample latch=1 callbacks=29096
client level=info t=246078 ev=nettick stage=sample latch=1 callbacks=30159
client level=info t=248031 ev=retail site=30 text=networking:UPnP: Client completed with status: [2], port: [2003].
client level=info t=248031 ev=retail site=31 text=networking:port_collision_resolver: Unsuccessful UPnP reservation, UPnP client state: [2], endpoint type: [2] port: [2003].
client level=info t=248031 ev=retail site=0 text=networking:UPnP: Resetting UPnP client.
client level=info t=248031 ev=retail site=32 text=networking:link: Swapping out endpoint type: [2] with collision resolved endpoint using port: [2003]
client level=info t=248078 ev=nettick stage=sample latch=1 callbacks=31191
client level=info t=250078 ev=nettick stage=sample latch=1 callbacks=32177
client level=info t=251828 ev=retail site=24 text=world_controller: successfully changed world to: orbit_d2
client level=info t=252078 ev=retail site=18 text=world_controller:retail_datamine: Total time spent: [10196] ms in world controller state: [25] name: [bootflow:prepare_for_orbit]
client level=info t=252078 ev=retail site=11 text=networking:link: Endpoint traffic is now: [enabled].
client level=info t=252078 ev=retail site=3 text=world_controller:state_manager: Entering state 'bootflow:rejoin_activity' for reason 'unavailable'.
client level=info t=252078 ev=retail site=18 text=world_controller:retail_datamine: Total time spent: [0] ms in world controller state: [26] name: [bootflow:rejoin_activity]
client level=info t=252078 ev=retail site=3 text=world_controller:state_manager: Entering state 'character:signin' for reason 'unavailable'.
client level=info t=252078 ev=bootflow stage=character_select result=held
client level=info t=252078 ev=nettick stage=sample latch=1 callbacks=33079
client level=info t=253984 ev=retail site=26 text=networking:investment:push:queuez: failed to process update for [family_type ENUM(0), family_root_soid 0x9EAA300100100100, version 1, flags 0x01, object_count 2]
client level=info t=254078 ev=nettick stage=sample latch=1 callbacks=33839
client level=info t=254078 ev=retail site=18 text=world_controller:retail_datamine: Total time spent: [2002] ms in world controller state: [27] name: [character:signin]
client level=info t=254078 ev=retail site=12 text=world_controller:retail_datamine: Timed operation: [ENUM(15)], took: [2002 ms], average: [2002.000000 ms], min: [2002.000000], max: [2002.000000], count: [1]
client level=info t=254078 ev=retail site=3 text=world_controller:state_manager: Entering state 'cleanup' for reason 'unavailable'.
client level=info t=254078 ev=retail site=33 text=world_controller:state:cleanup: Requested task mask: '0x00e0010c30fbdf3c'
client level=info t=254078 ev=retail site=34 text=world_controller:task_manager: Started   task 'ENUM(2)'.
client level=info t=254078 ev=retail site=35 text=world_controller:task_manager: Completed task 'ENUM(2)' after '0ms'.
client level=info t=254078 ev=retail site=34 text=world_controller:task_manager: Started   task 'ENUM(3)'.
client level=info t=254078 ev=retail site=35 text=world_controller:task_manager: Completed task 'ENUM(3)' after '0ms'.
client level=info t=254078 ev=retail site=34 text=world_controller:task_manager: Started   task 'ENUM(4)'.
client level=info t=254078 ev=retail site=35 text=world_controller:task_manager: Completed task 'ENUM(4)' after '0ms'.
client level=info t=254078 ev=retail site=34 text=world_controller:task_manager: Started   task 'ENUM(5)'.
client level=info t=254078 ev=retail site=35 text=world_controller:task_manager: Completed task 'ENUM(5)' after '0ms'.
client level=info t=254078 ev=retail site=34 text=world_controller:task_manager: Started   task 'ENUM(8)'.
client level=info t=254078 ev=retail site=36 text=networking:session: [fireteam:00000000:00000000] session state is changing from 'none' to 'host-established'.
client level=info t=254078 ev=retail site=34 text=world_controller:task_manager: Started   task 'ENUM(10)'.
client level=info t=254078 ev=retail site=35 text=world_controller:task_manager: Completed task 'ENUM(10)' after '0ms'.
client level=info t=254078 ev=retail site=34 text=world_controller:task_manager: Started   task 'ENUM(11)'.
client level=info t=254078 ev=retail site=35 text=world_controller:task_manager: Completed task 'ENUM(11)' after '0ms'.
client level=info t=254078 ev=retail site=34 text=world_controller:task_manager: Started   task 'ENUM(12)'.
client level=info t=254078 ev=retail site=35 text=world_controller:task_manager: Completed task 'ENUM(12)' after '0ms'.
client level=info t=254078 ev=retail site=34 text=world_controller:task_manager: Started   task 'ENUM(14)'.
client level=info t=254078 ev=retail site=35 text=world_controller:task_manager: Completed task 'ENUM(14)' after '0ms'.
client level=info t=254078 ev=retail site=34 text=world_controller:task_manager: Started   task 'ENUM(15)'.
client level=info t=254078 ev=retail site=35 text=world_controller:task_manager: Completed task 'ENUM(15)' after '0ms'.
client level=info t=254078 ev=retail site=34 text=world_controller:task_manager: Started   task 'ENUM(16)'.
client level=info t=254078 ev=retail site=35 text=world_controller:task_manager: Completed task 'ENUM(16)' after '0ms'.
client level=info t=254078 ev=retail site=34 text=world_controller:task_manager: Started   task 'ENUM(17)'.
client level=info t=254078 ev=retail site=34 text=world_controller:task_manager: Started   task 'ENUM(19)'.
client level=info t=254078 ev=retail site=34 text=world_controller:task_manager: Started   task 'ENUM(20)'.
client level=info t=254078 ev=retail site=35 text=world_controller:task_manager: Completed task 'ENUM(20)' after '0ms'.
client level=info t=254078 ev=retail site=34 text=world_controller:task_manager: Started   task 'ENUM(21)'.
client level=info t=254078 ev=retail site=34 text=world_controller:task_manager: Started   task 'ENUM(28)'.
client level=info t=254078 ev=retail site=37 text=world_controller:retail_datamine: About to attempt retail log upload. We have '162' events, dropped '0' from THIS session due to upload cap, and have '38' unique event IDs.
client level=info t=254078 ev=retail site=34 text=world_controller:task_manager: Started   task 'ENUM(29)'.
client level=info t=254078 ev=retail site=35 text=world_controller:task_manager: Completed task 'ENUM(29)' after '0ms'.
client level=info t=254078 ev=retail site=34 text=world_controller:task_manager: Started   task 'ENUM(34)'.
client level=info t=254078 ev=retail site=35 text=world_controller:task_manager: Completed task 'ENUM(34)' after '0ms'.
client level=info t=254078 ev=retail site=34 text=world_controller:task_manager: Started   task 'ENUM(54)'.
client level=info t=254078 ev=retail site=35 text=world_controller:task_manager: Completed task 'ENUM(54)' after '0ms'.
client level=info t=254078 ev=retail site=34 text=world_controller:task_manager: Started   task 'ENUM(55)'.
client level=info t=254078 ev=retail site=38 text=world_controller:state:cleanup: After 2ms, status: '2', tasks active: '0x00800000102a0100', pending: '0x0020010800c00200', requested: '0x00e0010c30fbdf3c'
client level=info t=254078 ev=retail site=39 text=networking:session:membership:dump: [fireteam:00000000:00000000] update_number: 7, leader_peer_index: # 0, host_peer_index: # 0
client level=info t=254078 ev=retail site=40 text=networking:session:membership:dump:   peers valid: 0x1, non-dormant: 0x1, changed: 0x1, removed: 0x0; players valid: 0x1, changed: 0x0, removed: 0x0
client level=info t=254078 ev=retail site=41 text=networking:session:membership:dump:   peer # 0 a=[steamid:76561198776753861#27585bd9a5ee2ad1] s=            _joining o=-1 j=[442B4A3C-6A2FDC7F] amb=[XXXXXXXX-XXXXXXXX] pc=1 peer_name=<UNKNOWN PEER NAME> session_id= flags=0
client level=info t=254203 ev=retail site=24 text=world_controller: successfully changed world to:
client level=info t=254203 ev=retail site=35 text=world_controller:task_manager: Completed task 'ENUM(19)' after '127ms'.
client level=info t=254203 ev=retail site=35 text=world_controller:task_manager: Completed task 'ENUM(21)' after '127ms'.
client level=info t=254203 ev=retail site=34 text=world_controller:task_manager: Started   task 'ENUM(22)'.
client level=info t=254203 ev=retail site=34 text=world_controller:task_manager: Started   task 'ENUM(23)'.
client level=info t=254203 ev=retail site=35 text=world_controller:task_manager: Completed task 'ENUM(23)' after '0ms'.
client level=info t=254203 ev=retail site=35 text=world_controller:task_manager: Completed task 'ENUM(28)' after '127ms'.
client level=info t=254203 ev=retail site=34 text=world_controller:task_manager: Started   task 'ENUM(53)'.
client level=info t=254203 ev=retail site=35 text=world_controller:task_manager: Completed task 'ENUM(17)' after '129ms'.
client level=info t=254203 ev=retail site=42 text=networking:session:process-pending-joins: [fireteam:5456EE23:EE3D18D7] marking all peers in join [442B4A3C-6A2FDC7F] as joined
client level=info t=254203 ev=retail site=39 text=networking:session:membership:dump: [fireteam:5456EE23:EE3D18D7] update_number: 11, leader_peer_index: # 0, host_peer_index: # 0
client level=info t=254203 ev=retail site=40 text=networking:session:membership:dump:   peers valid: 0x1, non-dormant: 0x1, changed: 0x1, removed: 0x0; players valid: 0x1, changed: 0x0, removed: 0x0
client level=info t=254203 ev=retail site=41 text=networking:session:membership:dump:   peer # 0 a=[steamid:76561198776753861#27585bd9a5ee2ad1] s=            _waiting o=-1 j=[442B4A3C-6A2FDC7F] amb=[XXXXXXXX-XXXXXXXX] pc=1 peer_name=<UNKNOWN PEER NAME> session_id= flags=0
client level=info t=254203 ev=retail site=43 text=networking:session:process-pending-joins: [fireteam:5456EE23:EE3D18D7] marking all peers in join [442B4A3C-6A2FDC7F] as ready, [130] ms since peer [0] created, [254288] since join was queued
client level=info t=254203 ev=retail site=39 text=networking:session:membership:dump: [fireteam:5456EE23:EE3D18D7] update_number: 12, leader_peer_index: # 0, host_peer_index: # 0
client level=info t=254203 ev=retail site=40 text=networking:session:membership:dump:   peers valid: 0x1, non-dormant: 0x1, changed: 0x1, removed: 0x0; players valid: 0x1, changed: 0x0, removed: 0x0
client level=info t=254203 ev=retail site=41 text=networking:session:membership:dump:   peer # 0 a=[steamid:76561198776753861#27585bd9a5ee2ad1] s=              _ready o=-1 j=[442B4A3C-6A2FDC7F] amb=[XXXXXXXX-XXXXXXXX] pc=1 peer_name=<UNKNOWN PEER NAME> session_id= flags=0
client level=info t=254203 ev=retail site=44 text=networking:session:process-pending-joins: [fireteam:5456EE23:EE3D18D7] marking all peers in join [442B4A3C-6A2FDC7F] as established
client level=info t=254203 ev=retail site=39 text=networking:session:membership:dump: [fireteam:5456EE23:EE3D18D7] update_number: 14, leader_peer_index: # 0, host_peer_index: # 0
client level=info t=254203 ev=retail site=40 text=networking:session:membership:dump:   peers valid: 0x1, non-dormant: 0x1, changed: 0x1, removed: 0x0; players valid: 0x1, changed: 0x0, removed: 0x0
client level=info t=254203 ev=retail site=41 text=networking:session:membership:dump:   peer # 0 a=[steamid:76561198776753861#27585bd9a5ee2ad1] s=        _established o=-1 j=[XXXXXXXX-XXXXXXXX] amb=[XXXXXXXX-XXXXXXXX] pc=1 peer_name=<UNKNOWN PEER NAME> session_id= flags=0
client level=info t=254203 ev=retail site=35 text=world_controller:task_manager: Completed task 'ENUM(8)' after '131ms'.
client level=info t=254203 ev=retail site=34 text=world_controller:task_manager: Started   task 'ENUM(9)'.
client level=info t=254203 ev=retail site=35 text=world_controller:task_manager: Completed task 'ENUM(9)' after '0ms'.
client level=info t=254203 ev=retail site=35 text=world_controller:task_manager: Completed task 'ENUM(55)' after '129ms'.
client level=info t=254203 ev=retail site=39 text=networking:session:membership:dump: [fireteam:5456EE23:EE3D18D7] update_number: 16, leader_peer_index: # 0, host_peer_index: # 0
client level=info t=254203 ev=retail site=40 text=networking:session:membership:dump:   peers valid: 0x1, non-dormant: 0x1, changed: 0xffffffff, removed: 0x0; players valid: 0x1, changed: 0xffffffff, removed: 0x0
client level=info t=254203 ev=retail site=41 text=networking:session:membership:dump:   peer # 0 a=[steamid:76561198776753861#27585bd9a5ee2ad1] s=        _established o=-1 j=[XXXXXXXX-XXXXXXXX] amb=[XXXXXXXX-XXXXXXXX] pc=1 peer_name=<UNKNOWN PEER NAME> session_id=Tue_09082026_213228_023624@x64@unknown_pc_user@B0_A1_25_FC_EC_00_F935 flags=0
client level=info t=255094 ev=retail site=35 text=world_controller:task_manager: Completed task 'ENUM(22)' after '887ms'.
client level=info t=255094 ev=retail site=34 text=world_controller:task_manager: Started   task 'ENUM(35)'.
client level=info t=255094 ev=retail site=34 text=world_controller:task_manager: Started   task 'ENUM(40)'.
client level=info t=255094 ev=retail site=35 text=world_controller:task_manager: Completed task 'ENUM(40)' after '0ms'.
client level=info t=255313 ev=retail site=35 text=world_controller:task_manager: Completed task 'ENUM(53)' after '1105ms'.
client level=info t=255594 ev=retail site=24 text=world_controller: successfully changed world to: orbit_d2
client level=info t=255594 ev=retail site=35 text=world_controller:task_manager: Completed task 'ENUM(35)' after '503ms'.
client level=info t=255594 ev=retail site=18 text=world_controller:retail_datamine: Total time spent: [1517] ms in world controller state: [28] name: [cleanup]
client level=info t=255594 ev=retail site=3 text=world_controller:state_manager: Entering state 'setup:orbit' for reason 'unavailable'.
client level=info t=255594 ev=retail site=45 text=world_controller:slice_set_transition_manager: Mode changed from 'disabled' to 'fully_enabled'.
client level=info t=255594 ev=retail site=12 text=world_controller:retail_datamine: Timed operation: [ENUM(14)], took: [33983 ms], average: [33983.000000 ms], min: [33983.000000], max: [33983.000000], count: [1]
client level=info t=255594 ev=retail site=46 text=world_controller:slice_set_transition_manager: Failed to find the Orbit slice-set name for destination 'HASH(0x13a023bc)', so we're falling back to a new character (Orbit destination 'HASH(0x59ad083e)', slice-set 'HASH(0x841b4ef7)').
client level=info t=255594 ev=retail site=47 text=world_controller:slice_set_transition_manager: Starting a new transition of type 'transitioning:orbit' to 'PRV24.24 (HASH: 0x841b4ef7)'; token advanced to 001
server level=info t=255625 ev=queuez stage=translate result=paired kind=account identity=0x0110000130AA9EC5 soid=0x9EAA300100100100
server level=info t=255656 ev=ws701 stage=profile_setup result=complete
server level=info t=255703 ev=activity stage=writeback result=ok world_state=0
server level=info t=255719 ev=queuez stage=social_roster result=ok soid=0x9EAA300100100100 objects=2 bytes=176 emblem=1273 hash=0x71B4CC1A
client level=info t=256078 ev=nettick stage=sample latch=1 callbacks=34806
server level=info t=256547 ev=ws701 stage=profile_setup result=complete
server level=info t=256578 ev=activity stage=writeback result=ok world_state=0
client level=info t=256938 ev=bootflow stage=orbit_handoff result=native
client level=info t=256938 ev=retail site=48 text=world_controller:slice_set_transition_manager: Stopping transition of type 'transitioning:orbit' due to completed
client level=info t=258078 ev=nettick stage=sample latch=1 callbacks=35557
client level=info t=260078 ev=nettick stage=sample latch=1 callbacks=36109
client level=info t=262078 ev=nettick stage=sample latch=1 callbacks=36586
client level=info t=264078 ev=nettick stage=sample latch=1 callbacks=37035
client level=info t=266078 ev=nettick stage=sample latch=1 callbacks=37497
client level=info t=268078 ev=nettick stage=sample latch=1 callbacks=37953
client level=info t=270078 ev=nettick stage=sample latch=1 callbacks=38399
client level=info t=270453 ev=retail site=18 text=world_controller:retail_datamine: Total time spent: [14854] ms in world controller state: [29] name: [setup:orbit]
client level=info t=270453 ev=retail site=45 text=world_controller:slice_set_transition_manager: Mode changed from 'fully_enabled' to 'disabled'.
client level=info t=270453 ev=retail site=49 text=networking:online:matchmaking: Active matchmaking interface type: 0
client level=info t=270453 ev=retail site=3 text=world_controller:state_manager: Entering state 'setup:activity_session_creation' for reason 'unavailable'.
client level=info t=270453 ev=retail site=50 text=world_controller:task_manager: Started   task 'ENUM(0)'.
client level=info t=270453 ev=retail site=50 text=world_controller:task_manager: Started   task 'ENUM(4)'.
client level=info t=270453 ev=retail site=51 text=world_controller:task_manager: Completed task 'ENUM(4)' after '0ms'.
client level=info t=270453 ev=retail site=52 text=world_controller:state:activity_session_creation: Waiting for session peer properties to be in the expected state (no AH ids). FT [EXPECTED], POSSE [WAITING]
client level=info t=270453 ev=retail site=50 text=world_controller:task_manager: Started   task 'ENUM(5)'.
client level=info t=270484 ev=retail site=49 text=networking:online:matchmaking: Active matchmaking interface type: 0
client level=info t=270484 ev=retail site=51 text=world_controller:task_manager: Completed task 'ENUM(0)' after '31ms'.
client level=info t=270484 ev=retail site=50 text=world_controller:task_manager: Started   task 'ENUM(1)'.
server level=info t=270516 ev=bap svc=42 stage=configuration result=ok activity_hash=0xF7E8ADC5 type_hash=0xD07BB2D7 activity=7 name=eden_freeroam current_activity_policy=0 changed=0
client level=info t=270531 ev=retail site=51 text=world_controller:task_manager: Completed task 'ENUM(1)' after '45ms'.
client level=info t=270531 ev=retail site=50 text=world_controller:task_manager: Started   task 'ENUM(2)'.
client level=info t=271453 ev=retail site=39 text=networking:session:membership:dump: [posse:00000000:00000000] update_number: 2, leader_peer_index: # 0, host_peer_index: # 0
client level=info t=271453 ev=retail site=40 text=networking:session:membership:dump:   peers valid: 0x1, non-dormant: 0x1, changed: 0x1, removed: 0x0; players valid: 0x1, changed: 0x0, removed: 0x0
client level=info t=271453 ev=retail site=41 text=networking:session:membership:dump:   peer # 0 a=[steamid:76561198776753861#27585bd9a5ee2ad1] s=          _connected o=-1 j=[XXXXXXXX-XXXXXXXX] amb=[XXXXXXXX-XXXXXXXX] pc=1 peer_name=<UNKNOWN PEER NAME> session_id=Tue_09082026_213228_023624@x64@unknown_pc_user@B0_A1_25_FC_EC_00_F935 flags=6
client level=info t=271453 ev=retail site=36 text=networking:session: [posse:00000000:00000000] session state is changing from 'none' to 'host-established'.
client level=info t=271453 ev=retail site=53 text=networking:session:create: join-driven session creation (local and remote peers) assigned a promordial join nonce of D5082F25-DE6F8CD2
client level=info t=271453 ev=retail site=39 text=networking:session:membership:dump: [posse:00000000:00000000] update_number: 5, leader_peer_index: # 0, host_peer_index: # 0
client level=info t=271453 ev=retail site=40 text=networking:session:membership:dump:   peers valid: 0x1, non-dormant: 0x1, changed: 0x1, removed: 0x0; players valid: 0x1, changed: 0x0, removed: 0x0
client level=info t=271453 ev=retail site=41 text=networking:session:membership:dump:   peer # 0 a=[steamid:76561198776753861#27585bd9a5ee2ad1] s=            _joining o=-1 j=[D5082F25-DE6F8CD2] amb=[XXXXXXXX-XXXXXXXX] pc=1 peer_name=<UNKNOWN PEER NAME> session_id=Tue_09082026_213228_023624@x64@unknown_pc_user@B0_A1_25_FC_EC_00_F935 flags=6
client level=info t=271453 ev=retail site=50 text=world_controller:task_manager: Started   task 'ENUM(3)'.
client level=info t=271453 ev=retail site=51 text=world_controller:task_manager: Completed task 'ENUM(3)' after '0ms'.
client level=info t=271453 ev=retail site=51 text=world_controller:task_manager: Completed task 'ENUM(5)' after '1005ms'.
client level=info t=271453 ev=retail site=54 text=world_controller:session_manager: PRIVATE session [posse:00000000:00000000] unable to get session keys.
client level=info t=271453 ev=retail site=51 text=world_controller:task_manager: Completed task 'ENUM(2)' after '933ms'.
client level=info t=271453 ev=retail site=55 text=world_controller:state:activity_session_creation: As HOST, peers done: skill read: , config refresh: 0, reputation read: 0
client level=info t=271453 ev=retail site=42 text=networking:session:process-pending-joins: [posse:3F1DD771:C34480E2] marking all peers in join [D5082F25-DE6F8CD2] as joined
client level=info t=271453 ev=retail site=39 text=networking:session:membership:dump: [posse:3F1DD771:C34480E2] update_number: 8, leader_peer_index: # 0, host_peer_index: # 0
client level=info t=271453 ev=retail site=40 text=networking:session:membership:dump:   peers valid: 0x1, non-dormant: 0x1, changed: 0x1, removed: 0x0; players valid: 0x1, changed: 0x0, removed: 0x0
client level=info t=271453 ev=retail site=41 text=networking:session:membership:dump:   peer # 0 a=[steamid:76561198776753861#27585bd9a5ee2ad1] s=            _waiting o=-1 j=[D5082F25-DE6F8CD2] amb=[XXXXXXXX-XXXXXXXX] pc=1 peer_name=<UNKNOWN PEER NAME> session_id=Tue_09082026_213228_023624@x64@unknown_pc_user@B0_A1_25_FC_EC_00_F935 flags=6
client level=info t=271453 ev=retail site=43 text=networking:session:process-pending-joins: [posse:3F1DD771:C34480E2] marking all peers in join [D5082F25-DE6F8CD2] as ready, [9] ms since peer [0] created, [271541] since join was queued
client level=info t=271469 ev=retail site=39 text=networking:session:membership:dump: [posse:3F1DD771:C34480E2] update_number: 9, leader_peer_index: # 0, host_peer_index: # 0
client level=info t=271469 ev=retail site=40 text=networking:session:membership:dump:   peers valid: 0x1, non-dormant: 0x1, changed: 0x1, removed: 0x0; players valid: 0x1, changed: 0x0, removed: 0x0
client level=info t=271469 ev=retail site=41 text=networking:session:membership:dump:   peer # 0 a=[steamid:76561198776753861#27585bd9a5ee2ad1] s=              _ready o=-1 j=[D5082F25-DE6F8CD2] amb=[XXXXXXXX-XXXXXXXX] pc=1 peer_name=<UNKNOWN PEER NAME> session_id=Tue_09082026_213228_023624@x64@unknown_pc_user@B0_A1_25_FC_EC_00_F935 flags=6
client level=info t=271469 ev=retail site=39 text=networking:session:membership:dump: [posse:3F1DD771:C34480E2] update_number: 10, leader_peer_index: # 0, host_peer_index: # 0
client level=info t=271469 ev=retail site=40 text=networking:session:membership:dump:   peers valid: 0x1, non-dormant: 0x1, changed: 0xffffffff, removed: 0x0; players valid: 0x1, changed: 0xffffffff, removed: 0x0
client level=info t=271469 ev=retail site=41 text=networking:session:membership:dump:   peer # 0 a=[steamid:76561198776753861#27585bd9a5ee2ad1] s=              _ready o=-1 j=[D5082F25-DE6F8CD2] amb=[XXXXXXXX-XXXXXXXX] pc=1 peer_name=<UNKNOWN PEER NAME> session_id=Tue_09082026_213228_023624@x64@unknown_pc_user@B0_A1_25_FC_EC_00_F935 flags=7
client level=info t=271469 ev=retail site=44 text=networking:session:process-pending-joins: [posse:3F1DD771:C34480E2] marking all peers in join [D5082F25-DE6F8CD2] as established
client level=info t=271469 ev=retail site=39 text=networking:session:membership:dump: [posse:3F1DD771:C34480E2] update_number: 12, leader_peer_index: # 0, host_peer_index: # 0
client level=info t=271469 ev=retail site=40 text=networking:session:membership:dump:   peers valid: 0x1, non-dormant: 0x1, changed: 0x1, removed: 0x0; players valid: 0x1, changed: 0x0, removed: 0x0
client level=info t=271469 ev=retail site=41 text=networking:session:membership:dump:   peer # 0 a=[steamid:76561198776753861#27585bd9a5ee2ad1] s=        _established o=-1 j=[XXXXXXXX-XXXXXXXX] amb=[XXXXXXXX-XXXXXXXX] pc=1 peer_name=<UNKNOWN PEER NAME> session_id=Tue_09082026_213228_023624@x64@unknown_pc_user@B0_A1_25_FC_EC_00_F935 flags=7
client level=info t=271469 ev=retail site=56 text=world_controller:state:activity_session_creation: Activity session 'posse:3F1DD771:C34480E2' successfully created, trying to move on.
client level=info t=271469 ev=retail site=57 text=world_controller:state_manager: State 'setup:matchmaking' requested for reason 'unavailable', but we can't: 'active outbound FT join [IN-PROGRESS]'.
client level=info t=271469 ev=retail site=18 text=world_controller:retail_datamine: Total time spent: [1023] ms in world controller state: [30] name: [setup:activity_session_creation]
client level=info t=271469 ev=retail site=3 text=world_controller:state_manager: Entering state 'setup:matchmaking' for reason 'unavailable'.
client level=info t=271469 ev=retail site=18 text=world_controller:retail_datamine: Total time spent: [0] ms in world controller state: [31] name: [setup:matchmaking]
client level=info t=271469 ev=retail site=58 text=world_controller:retail_datamine: Timed operation Matchmaking, took: [0 seconds]
client level=info t=271469 ev=retail site=3 text=world_controller:state_manager: Entering state 'setup:activity_host_setup' for reason 'unavailable'.
server level=info t=271500 ev=ws701 stage=profile_setup result=complete
server level=info t=271516 ev=activity stage=writeback result=ok world_state=1
client level=info t=271531 ev=retail site=59 text=networking:activity_client:messaging_interface:bap: AH IP resolution successful: 'proxy -> 127.0.0.1:30974'.
server level=info t=271578 ev=transport stage=accept result=ok conn=2
server level=warn t=271609 ev=bap svc=25 stage=plaintext result=shape_accepted conn=2 len=36 b0=0A b1=20 b34=10 b35=02
client level=info t=271609 ev=retail site=60 text=world_controller:activity_manager: Connected 'PRIVATE CURRENT' activity client.
client level=info t=271609 ev=retail site=61 text=world_controller:activity_manager: 'PRIVATE CURRENT' activity client requesting activity host startup [activity: 0x0007 (HASH(0xf7e8adc5))(type: HASH(0xd07bb2d7))(grognok: eden_freeroam)(destination: HASH(0x8441fff9))(nonce: A9A1B296-930EC63B) for reason 'ENUM(0)'(override: eden_freeroam)][reservation count 1].
server level=warn t=271656 ev=mission_script stage=attach result=activity_join_pending session=11433003384888623105
client level=info t=271672 ev=retail site=62 text=networking:activity_client:receive_message_from_host: [AC PRIVATE CURRENT CON-Y EST-N AH->0 MEM-0] received startup response from AH [id 9EAA3001:00200001][session ]
client level=info t=271672 ev=retail site=63 text=networking:activity_client: [AC PRIVATE CURRENT CON-Y EST-N AH->0 MEM-0] Sent join request: [AH 9EAA3001:00200001][nonce 199424767] identity:[account -7013740688821976832][character -7013740688821976831][machine B0:A1:25:FC:EC:00:F935][player B2:95:94:7D:F8:F9:AC:BB] [global resources 0x6c] (part 1/2)
client level=info t=271672 ev=retail site=64 text=networking:activity_client: [AC PRIVATE CURRENT CON-Y EST-N AH->0 MEM-0] Properties [session Tue_09082026_213228_023624@x64@76561198776753861@B0_A1_25_FC_EC_00_F935][FAH --------:--------][GAH --------:--------][FTID 0x1788a6453d3d3112] (part 2/2)
client level=info t=271672 ev=retail site=65 text=world_controller:activity_manager: 'PRIVATE CURRENT' activity client sent join request to AH 9EAA3001:00200001, host=Tue_09082026_213228_023624@x64@unknown_pc_user@B0_A1_25_FC_EC_00_F935
server level=info t=271781 ev=gameplay stage=activityhost result=allocated session=0x9EAA300100200002 group=0x5FB246654216A7C4 generation=1 port=30976 held=1
server level=info t=271859 ev=gameplay stage=advertise result=ok region=160 region_source=arrival ambassador_slot=1
server level=warn t=271859 ev=activity stage=roster result=no_epoch soid=0x9EAA300100200001 public=0 dest= groups=0 top=0 sub=0 subkeys=0 objects=0 bytes=0 state=0 auth=0 authstate=-1 authfirst=-1:-1:0x0:0x0 authlast=-1:-1:0x0:0x0 sceneempty=0 engageempty=0 keygroup=0x0 grant=-1 region=0 slice=0 spawn=0x0 join=0x9EAA300100100101 player=0x0 pending_region=-1 current_region=-1 client_bubble=-1 held=-1 entered=0 selected=0 hash=0x0000000000000000 force=0x00
client level=info t=271875 ev=retail site=66 text=networking:activity_client:receive_message_from_host: [AC PRIVATE CURRENT CON-Y EST-N AH->0 MEM-0] Received join result from AH '9EAA3001:00200001' [nonce 199424767][result 0][session id ][replication epoch 0].
client level=info t=271875 ev=retail site=67 text=networking:activity_client:activity_host_changed: instance=PRIVATE CURRENT, ah-sid=, zombie-instance-nonce=0
client level=info t=271875 ev=probe stage=msg12 result=received client=0x1AB482DF980 slot=0 label=PRIVATE CURRENT member=0x35F900ECFC25A1B0 status=0x00FE->0x01FE flag=1
client level=info t=271875 ev=probe stage=bind client=0x1AB482DF980 established=0x9EAA300100200001 slotrec=0x1AB2F7BD9A0 roster=0x1ABECD6BC80 receipt=0
client level=info t=271875 ev=probe stage=hosttail client=0x1AB482DF980 b=00000000000000000000000000000000000000000000000000000000000000000000000000000000FFFFFFFF00000000
client level=info t=271875 ev=probe stage=grant client=0x1AB482DF980 status=0x01FE pending=7936 dirty=0 receipt=0
server level=info t=271875 ev=mission_script stage=open result=no_script session=11433003384888623105 activity_row=8
server level=warn t=271875 ev=mission_script stage=attach result=no_script session=11433003384888623105 activity_row=8
server level=warn t=271875 ev=mission_script stage=attach result=no_activity_link session=11433003384888623106
server level=info t=271875 ev=gameplay stage=activityhost result=allocated session=0x9EAA300100200003 group=0x4166B2753084D2E4 generation=2 port=30978 held=2
server level=info t=271875 ev=gameplay stage=activityhost result=allocated session=0x9EAA300100200004 group=0x50A28C493650F24C generation=3 port=30980 held=3
server level=info t=271875 ev=gameplay stage=activityhost result=allocated session=0x9EAA300100200005 group=0x5EFEDE9D3C3C9394 generation=4 port=30982 held=4
server level=info t=271875 ev=gameplay stage=activityhost result=allocated session=0x9EAA300100200006 group=0xAC3B28D12188B0FC generation=5 port=30984 held=5
server level=info t=271875 ev=gameplay stage=activityhost result=allocated session=0x9EAA300100200007 group=0xBA777B2527575044 generation=6 port=30986 held=6
server level=info t=271875 ev=gameplay stage=activityhost result=allocated session=0x9EAA300100200008 group=0x89B3B5792D2371AC generation=7 port=30988 held=7
server level=info t=271875 ev=gameplay stage=activityhost result=allocated session=0x9EAA300100200009 group=0x97CF874D128F6EF4 generation=8 port=30990 held=8
client level=info t=271875 ev=retail site=68 text=world_controller:state:activity_setup: 'NOJIP' flow, waiting. posse_peers_not_ready_sanitized=0, posse_peers_not_ready=0
client level=info t=271906 ev=probe stage=msg12 result=received client=0x1AB482DF980 slot=0 label=PRIVATE CURRENT member=0x35F900ECFC25A1B0 status=0x01FE->0x01FE flag=1
client level=info t=271906 ev=probe stage=bind client=0x1AB482DF980 established=0x9EAA300100200001 slotrec=0x1AB2F7BD9A0 roster=0x1ABECD6BC80 receipt=0
client level=info t=271969 ev=probe stage=msg12 result=received client=0x1AB482DF980 slot=0 label=PRIVATE CURRENT member=0x35F900ECFC25A1B0 status=0x01FE->0x01FE flag=1
client level=info t=271969 ev=probe stage=bind client=0x1AB482DF980 established=0x9EAA300100200001 slotrec=0x1AB2F7BD9A0 roster=0x1ABECD6BC80 receipt=0
server level=warn t=272031 ev=mission_script stage=attach result=no_activity_link session=11433003384888623107
server level=warn t=272031 ev=mission_script stage=attach result=no_activity_link session=11433003384888623108
server level=warn t=272031 ev=mission_script stage=attach result=no_activity_link session=11433003384888623109
server level=warn t=272031 ev=mission_script stage=attach result=no_activity_link session=11433003384888623110
server level=warn t=272031 ev=mission_script stage=attach result=no_activity_link session=11433003384888623111
server level=warn t=272031 ev=mission_script stage=attach result=no_activity_link session=11433003384888623112
server level=warn t=272031 ev=mission_script stage=attach result=no_activity_link session=11433003384888623113
client level=info t=272078 ev=nettick stage=sample latch=1 callbacks=39114
client level=info t=272469 ev=retail site=18 text=world_controller:retail_datamine: Total time spent: [998] ms in world controller state: [32] name: [setup:activity_host_setup]
client level=info t=272469 ev=retail site=3 text=world_controller:state_manager: Entering state 'setup:prologue_intro_loading' for reason 'unavailable'.
client level=info t=272469 ev=retail site=69 text=world_controller:task_manager: Started   task 'ENUM(0)'.
client level=info t=272594 ev=bubbleauth stage=decode result=ok
client level=info t=272594 ev=bubbleauth stage=force result=ok
client level=info t=272625 ev=probe stage=msg12 result=received client=0x1AB482DF980 slot=0 label=PRIVATE CURRENT member=0x35F900ECFC25A1B0 status=0x01FE->0x01FE flag=1
client level=info t=272625 ev=probe stage=bind client=0x1AB482DF980 established=0x9EAA300100200001 slotrec=0x1AB2F7BD9A0 roster=0x1ABECD6BC80 receipt=0
client level=info t=272922 ev=retail site=70 text=world_controller:task_manager: Completed task 'ENUM(0)' after '445ms'.
client level=info t=272922 ev=retail site=69 text=world_controller:task_manager: Started   task 'ENUM(1)'.
client level=info t=272953 ev=retail site=70 text=world_controller:task_manager: Completed task 'ENUM(1)' after '42ms'.
client level=info t=272953 ev=retail site=18 text=world_controller:retail_datamine: Total time spent: [488] ms in world controller state: [33] name: [setup:prologue_intro_loading]
client level=info t=272953 ev=retail site=3 text=world_controller:state_manager: Entering state 'setup:orbit_outro' for reason 'unavailable'.
client level=info t=273875 ev=probe stage=hosttail client=0x1AB482DF980 b=00000000000000000000000000000000000000000000000000000000000000000000000000000000FFFFFFFF00000000
client level=info t=273875 ev=probe stage=grant client=0x1AB482DF980 status=0x01FE pending=7936 dirty=0 receipt=0
client level=info t=274078 ev=nettick stage=sample latch=1 callbacks=39907
client level=info t=274703 ev=probe stage=msg12 result=received client=0x1AB482DF980 slot=0 label=PRIVATE CURRENT member=0x35F900ECFC25A1B0 status=0x01FE->0x01FE flag=1
client level=info t=274703 ev=probe stage=bind client=0x1AB482DF980 established=0x9EAA300100200001 slotrec=0x1AB2F7BD9A0 roster=0x1ABECD6BC80 receipt=0
client level=info t=275875 ev=probe stage=hosttail client=0x1AB482DF980 b=00000000000000000000000000000000000000000000000000000000000000000000000000000000FFFFFFFF00000000
client level=info t=275875 ev=probe stage=grant client=0x1AB482DF980 status=0x01FE pending=7936 dirty=0 receipt=0
client level=info t=276078 ev=nettick stage=sample latch=1 callbacks=40732
client level=info t=277875 ev=probe stage=hosttail client=0x1AB482DF980 b=00000000000000000000000000000000000000000000000000000000000000000000000000000000FFFFFFFF00000000
client level=info t=277875 ev=probe stage=grant client=0x1AB482DF980 status=0x01FE pending=7936 dirty=0 receipt=0
client level=info t=278078 ev=nettick stage=sample latch=1 callbacks=41528
client level=info t=279563 ev=retail site=18 text=world_controller:retail_datamine: Total time spent: [6612] ms in world controller state: [34] name: [setup:orbit_outro]
client level=info t=279563 ev=retail site=3 text=world_controller:state_manager: Entering state 'setup:activity_world_transition' for reason 'unavailable'.
client level=info t=279563 ev=retail site=71 text=world_controller:task_manager: Started   task 'ENUM(0)'.
client level=info t=279563 ev=retail site=71 text=world_controller:task_manager: Started   task 'ENUM(1)'.
client level=info t=279563 ev=retail site=72 text=world_controller:task_manager: Completed task 'ENUM(1)' after '0ms'.
client level=info t=279844 ev=bootflow stage=owner_slot result=forced was=0 now=1
client level=info t=279844 ev=retail site=24 text=world_controller: successfully changed world to: eden_freeroam
client level=info t=279844 ev=retail site=73 text=networking:update: *** it has been 277 milliseconds since the last network update (longest expected: '500')
client level=info t=279844 ev=retail site=72 text=world_controller:task_manager: Completed task 'ENUM(0)' after '278ms'.
client level=info t=279844 ev=retail site=18 text=world_controller:retail_datamine: Total time spent: [278] ms in world controller state: [35] name: [setup:activity_world_transition]
client level=info t=279844 ev=retail site=3 text=world_controller:state_manager: Entering state 'activity:initial_slice_set_loading' for reason 'unavailable'.
client level=info t=279859 ev=retail site=74 text=world_controller:task_manager: Started   task 'ENUM(0)'.
client level=info t=279859 ev=retail site=74 text=world_controller:task_manager: Started   task 'ENUM(1)'.
client level=info t=279859 ev=retail site=74 text=world_controller:task_manager: Started   task 'ENUM(4)'.
client level=info t=279859 ev=retail site=75 text=world_controller:task_manager: Completed task 'ENUM(1)' after '4ms'.
client level=info t=279859 ev=retail site=45 text=world_controller:slice_set_transition_manager: Mode changed from 'disabled' to 'initial_slice_set_precaching'.
client level=info t=279859 ev=retail site=74 text=world_controller:task_manager: Started   task 'ENUM(2)'.
client level=info t=279859 ev=retail site=74 text=world_controller:task_manager: Started   task 'ENUM(3)'.
client level=info t=279859 ev=retail site=75 text=world_controller:task_manager: Completed task 'ENUM(4)' after '4ms'.
client level=info t=279859 ev=retail site=74 text=world_controller:task_manager: Started   task 'ENUM(6)'.
client level=info t=279859 ev=retail site=74 text=world_controller:task_manager: Started   task 'ENUM(7)'.
client level=info t=279859 ev=bootflow stage=region result=public slice_set=160
client level=info t=279859 ev=retail site=47 text=world_controller:slice_set_transition_manager: Starting a new transition of type 'transitioning:initial_slice_set' to 'PUB160.1 (HASH: 0x4542380a)'; token advanced to 001
client level=info t=279859 ev=retail site=76 text=world_controller:slice_set_transition_manager: Starting citizen join for region 'PUB160.1 (HASH: 0x4542380a)' to session id: 'C4A71642:6546B25F', AH ID: '9EAA3001:00200002'. Ambassador is activity peer '1'.
client level=info t=279859 ev=retail site=75 text=world_controller:task_manager: Completed task 'ENUM(0)' after '8ms'.
client level=info t=279859 ev=retail site=74 text=world_controller:task_manager: Started   task 'ENUM(5)'.
client level=info t=279859 ev=retail site=77 text=networking:session:join-remote: [group_target:00:00:00:00:00:00:00:00] attempting join local users to remote session class=system-link-demonware, type=group, join_type=citizen, silo_id=23553, content_revision=2
client level=info t=279859 ev=retail site=78 text=networking:session:join: remote join to id C4A71642:6546B25F, online session                     10973135647990922192, join type citizen
client level=info t=279859 ev=retail site=79 text=networking:session:join: remote join to key '00000000:00000000:00000000:00000000'
client level=info t=279859 ev=retail site=80 text=networking:session:join: remote join to host-address 127.0.0.1:30976:127.0.0.1:30976
client level=info t=279859 ev=retail site=81 text=networking:session:join: our address 127.0.0.1:3097:127.0.0.1:3097
client level=info t=279859 ev=retail site=36 text=networking:session: [group_target:00000000:00000000] session state is changing from 'none' to 'peer-creating'.
client level=info t=279875 ev=probe stage=hosttail client=0x1AB482DF980 b=00000000000000000000000000000000000000000000000000000000000000000000000000000000FFFFFFFF00000000
client level=info t=279875 ev=probe stage=grant client=0x1AB482DF980 status=0x01FE pending=0 dirty=0 receipt=1
client level=info t=279875 ev=retail site=36 text=networking:session: [group_target:C4A71642:6546B25F] session state is changing from 'peer-creating' to 'peer-joining'.
server level=info t=279969 ev=ws701 stage=profile_setup result=complete
server level=info t=280000 ev=activity stage=writeback result=ok world_state=1
server level=info t=280000 ev=gameplay stage=advertise result=ok region=160 region_source=reported ambassador_slot=1
server level=info t=280047 ev=gameplay stage=receive result=ok from=0x7F000001:3097 bytes=29 b0=0x0D
server level=info t=280047 ev=gameplay stage=traversal result=reply from=0x7F000001:3097
server level=info t=280047 ev=gameplay stage=receive result=ok from=0x7F000001:3097 bytes=29 b0=0x0D
server level=info t=280047 ev=gameplay stage=traversal result=reply from=0x7F000001:3097
client level=info t=280047 ev=probe stage=msg12 result=received client=0x1AB482DF980 slot=0 label=PRIVATE CURRENT member=0x35F900ECFC25A1B0 status=0x01FE->0x01FE flag=1
client level=info t=280047 ev=probe stage=bind client=0x1AB482DF980 established=0x9EAA300100200001 slotrec=0x1AB2F7BD9A0 roster=0x1ABECD6BC80 receipt=1
client level=info t=280047 ev=probe stage=msg12 result=received client=0x1AB482DF980 slot=0 label=PRIVATE CURRENT member=0x35F900ECFC25A1B0 status=0x01FE->0x01FE flag=1
client level=info t=280047 ev=probe stage=bind client=0x1AB482DF980 established=0x9EAA300100200001 slotrec=0x1AB2F7BD9A0 roster=0x1ABECD6BC80 receipt=1
server level=info t=280063 ev=gameplay stage=receive result=ok from=0x7F000001:3097 bytes=18 b0=0x01
client level=info t=280078 ev=nettick stage=sample latch=1 callbacks=42204
server level=info t=280078 ev=gameplay stage=dtls result=ok step=init_ack peer_tag=0xCC62 local_tag=0x58AF
server level=info t=280094 ev=gameplay stage=receive result=ok from=0x7F000001:3097 bytes=209 b0=0x03
server level=info t=280094 ev=gameplay stage=dtls result=ok step=cookie_ack peer_tag=0xCC62
server level=info t=280109 ev=gameplay stage=receive result=ok from=0x7F000001:3097 bytes=130 b0=0x06
server level=info t=280109 ev=gameplay stage=dtls result=ok step=auth digest=4
server level=info t=280109 ev=gameplay stage=dtls result=ok step=record seq=1 bytes=98
server level=info t=280109 ev=gameplay stage=connect result=ok peer=3097 local=0x00000001 remote=0x00000000 rebuilt=0
server level=info t=280109 ev=gameplay stage=establish result=queued local=0x00000001 remote=0x00000000
server level=info t=280109 ev=gameplay stage=receive result=ok from=0x7F000001:3097 bytes=178 b0=0x06
server level=info t=280109 ev=gameplay stage=dtls result=ok step=record seq=2 bytes=149
server level=info t=280109 ev=gameplay stage=link result=bound session=0x5FB246654216A7C4 peer=3097 local=0x00000001
server level=info t=280109 ev=gameplay stage=membership result=built revision=1 members=2 players=0 profile=0 bytes=296 hash=0xCADFBB8D
server level=info t=280109 ev=gameplay stage=parameters result=queued released=0x00000001 names=world-controller-goal-data
server level=info t=280109 ev=gameplay stage=join result=admit build=86657..86657 exe=5 session=0x5FB246654216A7C4 host=0x18ABE512DF74B2E5 join=0x02A59B08B28F242C machine=0x35F900ECFC25A1B0 peers=1 membership=queued parameters=queued
client level=info t=280125 ev=retail site=39 text=networking:session:membership:dump: [group_target:C4A71642:6546B25F] update_number: 1, leader_peer_index: # 0, host_peer_index: # 0
client level=info t=280125 ev=retail site=40 text=networking:session:membership:dump:   peers valid: 0x3, non-dormant: 0x3, changed: 0x3, removed: 0x0; players valid: 0x0, changed: 0x0, removed: 0x0
client level=info t=280125 ev=retail site=41 text=networking:session:membership:dump:   peer # 0 a=[127.0.0.1:30976:127.0.0.1:30976] s=              _ready o= 0 j=[02A59B08-B28F242C] amb=[XXXXXXXX-XXXXXXXX] pc=0 peer_name=<UNKNOWN PEER NAME> session_id= flags=0
client level=info t=280125 ev=retail site=41 text=networking:session:membership:dump:   peer # 1 a=[127.0.0.1:3097:127.0.0.1:3097] s=              _ready o=-1 j=[02A59B08-B28F242C] amb=[XXXXXXXX-XXXXXXXX] pc=0 peer_name=<UNKNOWN PEER NAME> session_id= flags=0
client level=info t=280125 ev=retail site=82 text=networking:session:join: [group_target:C4A71642:6546B25F] peer join successful, secure connection in 229msec, initial updates in 20msec
client level=info t=280125 ev=retail site=36 text=networking:session: [group_target:C4A71642:6546B25F] session state is changing from 'peer-joining' to 'peer-established'.
client level=info t=280125 ev=retail site=83 text=world_controller:slice_set_transition_manager: Updating public bubble reservation peer request for 'group_target:C4A71642:6546B25F' to '0' slots.
client level=info t=280125 ev=retail site=84 text=networking:session:join: [group_target:C4A71642:6546B25F] Queuing join-complete for join '02A59B08-B28F242C'.
client level=info t=280125 ev=retail site=85 text=networking:session:join: group_target:C4A71642:6546B25F sending initial join-complete for join 02A59B08-B28F242C to the host
server level=info t=280125 ev=gameplay stage=receive result=ok from=0x7F000001:3097 bytes=50 b0=0x06
server level=info t=280125 ev=gameplay stage=dtls result=ok step=record seq=3 bytes=20
server level=info t=280156 ev=gameplay stage=receive result=ok from=0x7F000001:3097 bytes=450 b0=0x06
server level=info t=280156 ev=gameplay stage=dtls result=ok step=record seq=4 bytes=422
server level=info t=280156 ev=gameplay stage=message result=ok id=8 peerstage=5
server level=info t=280156 ev=gameplay stage=message result=ok id=26 peerstage=5
server level=info t=280156 ev=gameplay stage=establish result=ok session=0x5FB246654216A7C4
server level=info t=280156 ev=gameplay stage=message result=ok id=26 peerstage=5
server level=info t=280156 ev=gameplay stage=establish result=ok session=0x5FB246654216A7C4
server level=info t=280156 ev=gameplay stage=message result=ok id=39 peerstage=5
server level=info t=280156 ev=gameplay stage=parameters result=request mask=0x00200000 mode=0 names=public-session-reservations
server level=info t=280156 ev=gameplay stage=parameters result=ambiguous walked=0x00000000 stopped=21 tail=8039
server level=info t=280156 ev=gameplay stage=parameters result=answered carried=0x00200000 names=public-session-reservations
server level=info t=280156 ev=gameplay stage=message result=ok id=31 peerstage=5
server level=info t=280156 ev=gameplay stage=properties result=read session=0x5FB246654216A7C4 method=0
server level=info t=280156 ev=gameplay stage=message result=ok id=34 peerstage=5
server level=info t=280156 ev=gameplay stage=membership result=built revision=2 members=2 players=1 profile=1 bytes=347 hash=0xE40B1F1C
server level=info t=280156 ev=gameplay stage=player result=added session=0x5FB246654216A7C4 player=0xBBACF9F87D9495B2 seq=12 kind=0 acct=0x9EAA300100100100 character=0x9EAA300100100101
server level=info t=280156 ev=gameplay stage=message result=ok id=12 peerstage=5
server level=info t=280156 ev=gameplay stage=activityhost result=queued host=0x9EAA300100200002 address=0x7F000001 port=30974 names=activity-host,current-activity,previous-activity
server level=info t=280156 ev=gameplay stage=membership result=built revision=3 members=2 players=1 profile=1 bytes=347 hash=0x3F039713
server level=info t=280156 ev=gameplay stage=sendqueue result=cleared packet=1 base=1 entries=0
client level=info t=280156 ev=retail site=39 text=networking:session:membership:dump: [group_target:C4A71642:6546B25F] update_number: 2, leader_peer_index: # 0, host_peer_index: # 0
client level=info t=280156 ev=retail site=40 text=networking:session:membership:dump:   peers valid: 0x3, non-dormant: 0x3, changed: 0x2, removed: 0x0; players valid: 0x1, changed: 0x0, removed: 0x0
client level=info t=280156 ev=retail site=41 text=networking:session:membership:dump:   peer # 1 a=[127.0.0.1:3097:127.0.0.1:3097] s=              _ready o=-1 j=[02A59B08-B28F242C] amb=[XXXXXXXX-XXXXXXXX] pc=1 peer_name=<UNKNOWN PEER NAME> session_id= flags=0
server level=info t=280188 ev=gameplay stage=receive result=ok from=0x7F000001:3097 bytes=66 b0=0x06
server level=info t=280188 ev=gameplay stage=dtls result=ok step=record seq=5 bytes=40
server level=info t=280188 ev=gameplay stage=sendqueue result=cleared packet=2 base=2 entries=0
server level=info t=280219 ev=gameplay stage=receive result=ok from=0x7F000001:3097 bytes=66 b0=0x06
server level=info t=280219 ev=gameplay stage=dtls result=ok step=record seq=6 bytes=40
server level=info t=280250 ev=gameplay stage=receive result=ok from=0x7F000001:3097 bytes=98 b0=0x06
server level=info t=280250 ev=gameplay stage=dtls result=ok step=record seq=7 bytes=65
server level=info t=280250 ev=gameplay stage=message result=ok id=37 peerstage=5
server level=info t=280250 ev=gameplay stage=player result=properties session=0x5FB246654216A7C4 seq=12 kind=0
server level=info t=280344 ev=gameplay stage=receive result=ok from=0x7F000001:3097 bytes=66 b0=0x06
server level=info t=280344 ev=gameplay stage=dtls result=ok step=record seq=8 bytes=33
server level=info t=280344 ev=gameplay stage=message result=ok id=12 peerstage=5
server level=info t=280344 ev=gameplay stage=membership result=built revision=4 members=2 players=1 profile=1 bytes=347 hash=0x859285B5
server level=info t=280344 ev=gameplay stage=join result=completed session=0x5FB246654216A7C4 machine=0x2A59B08B28F242C update=0
client level=info t=280344 ev=retail site=39 text=networking:session:membership:dump: [group_target:C4A71642:6546B25F] update_number: 4, leader_peer_index: # 0, host_peer_index: # 0
client level=info t=280344 ev=retail site=40 text=networking:session:membership:dump:   peers valid: 0x3, non-dormant: 0x3, changed: 0x3, removed: 0x0; players valid: 0x1, changed: 0x0, removed: 0x0
client level=info t=280344 ev=retail site=41 text=networking:session:membership:dump:   peer # 0 a=[127.0.0.1:30976:127.0.0.1:30976] s=        _established o= 0 j=[02A59B08-B28F242C] amb=[XXXXXXXX-XXXXXXXX] pc=0 peer_name=<UNKNOWN PEER NAME> session_id= flags=0
client level=info t=280344 ev=retail site=41 text=networking:session:membership:dump:   peer # 1 a=[127.0.0.1:3097:127.0.0.1:3097] s=        _established o=-1 j=[02A59B08-B28F242C] amb=[XXXXXXXX-XXXXXXXX] pc=1 peer_name=<UNKNOWN PEER NAME> session_id= flags=0
client level=info t=280344 ev=retail site=86 text=networking:session:join: group_target:C4A71642:6546B25F join-complete for join 02A59B08-B28F242C to the host was received
client level=info t=280359 ev=retail site=87 text=world_controller:activity_manager: As PEER,  the 'PUBLIC TARGET' session is established, moving on. Host=
client level=info t=280375 ev=retail site=59 text=networking:activity_client:messaging_interface:bap: AH IP resolution successful: '9EAA3001:00200002 -> 127.0.0.1:30974'.
server level=info t=280438 ev=transport stage=accept result=ok conn=3
server level=warn t=280484 ev=bap svc=25 stage=plaintext result=shape_accepted conn=3 len=47 b0=0A b1=20 b34=10 b35=03
client level=info t=280484 ev=retail site=60 text=world_controller:activity_manager: Connected 'PUBLIC TARGET' activity client.
client level=info t=280484 ev=retail site=88 text=world_controller:activity_manager: 'PUBLIC TARGET' As PEER, skipping activity host startup request.
client level=info t=280484 ev=retail site=63 text=networking:activity_client: [AC PUBLIC TARGET CON-Y EST-N AH->0 MEM-0] Sent join request: [AH 9EAA3001:00200002][nonce 357110737] identity:[account -7013740688821976832][character -7013740688821976831][machine B0:A1:25:FC:EC:00:F935][player B2:95:94:7D:F8:F9:AC:BB] [global resources 0x6c] (part 1/2)
client level=info t=280484 ev=retail site=64 text=networking:activity_client: [AC PUBLIC TARGET CON-Y EST-N AH->0 MEM-0] Properties [session Tue_09082026_213228_023624@x64@76561198776753861@B0_A1_25_FC_EC_00_F935][FAH --------:--------][GAH --------:--------][FTID 0x0000000000000000] (part 2/2)
client level=info t=280484 ev=retail site=65 text=world_controller:activity_manager: 'PUBLIC TARGET' activity client sent join request to AH 9EAA3001:00200002, host=
server level=warn t=280500 ev=activity stage=roster result=no_epoch soid=0x9EAA300100200002 public=1 dest= groups=0 top=0 sub=0 subkeys=0 objects=0 bytes=0 state=0 auth=0 authstate=-1 authfirst=-1:-1:0x0:0x0 authlast=-1:-1:0x0:0x0 sceneempty=0 engageempty=0 keygroup=0x0 grant=-1 region=0 slice=0 spawn=0x0 join=0x9EAA300100100101 player=0x0 pending_region=-1 current_region=-1 client_bubble=-1 held=-1 entered=0 selected=0 hash=0x0000000000000000 force=0x00
client level=info t=280500 ev=retail site=66 text=networking:activity_client:receive_message_from_host: [AC PUBLIC TARGET CON-Y EST-N AH->0 MEM-0] Received join result from AH '9EAA3001:00200002' [nonce 357110737][result 0][session id ][replication epoch 0].
client level=info t=280500 ev=retail site=67 text=networking:activity_client:activity_host_changed: instance=PUBLIC TARGET, ah-sid=, zombie-instance-nonce=0
client level=info t=280500 ev=probe stage=msg12 result=received client=0x1AB48347478 slot=3 label=PUBLIC TARGET member=0x35F900ECFC25A1B0 status=0x00F8->0x01F8 flag=1
client level=info t=280500 ev=probe stage=bind client=0x1AB48347478 established=0x9EAA300100200002 slotrec=0x1AB2F7BDF40 roster=0x1ABECD851C0 receipt=0
client level=info t=280500 ev=probe stage=hosttail client=0x1AB48347478 b=00000000000000000000000000000000000000000000000000000000000000000000000000000000FFFFFFFF00000000
client level=info t=280500 ev=probe stage=grant client=0x1AB48347478 status=0x01F8 pending=7936 dirty=0 receipt=0
server level=info t=280500 ev=mission_script stage=open result=no_script session=11433003384888623106 activity_row=8
server level=warn t=280500 ev=mission_script stage=attach result=no_script session=11433003384888623106 activity_row=8
server level=info t=280578 ev=gameplay stage=receive result=ok from=0x7F000001:3097 bytes=34 b0=0x06
server level=info t=280578 ev=gameplay stage=dtls result=ok step=record seq=9 bytes=6
server level=info t=280578 ev=gameplay stage=sendqueue result=cleared packet=6 base=6 entries=0
client level=info t=280578 ev=retail site=75 text=world_controller:task_manager: Completed task 'ENUM(5)' after '712ms'.
server level=info t=280813 ev=gameplay stage=receive result=ok from=0x7F000001:3097 bytes=34 b0=0x06
server level=info t=280813 ev=gameplay stage=dtls result=ok step=record seq=10 bytes=6
server level=info t=281047 ev=gameplay stage=receive result=ok from=0x7F000001:3097 bytes=34 b0=0x06
server level=info t=281047 ev=gameplay stage=dtls result=ok step=record seq=11 bytes=6
server level=info t=281266 ev=gameplay stage=receive result=ok from=0x7F000001:3097 bytes=34 b0=0x06
server level=info t=281266 ev=gameplay stage=dtls result=ok step=record seq=12 bytes=6
server level=info t=281391 ev=activity stage=mission_seed result=adopted region=160 occurrences=107 groups=9 unreplicated=92 incomplete=59 scenes=9
server level=info t=281516 ev=gameplay stage=receive result=ok from=0x7F000001:3097 bytes=34 b0=0x06
server level=info t=281516 ev=gameplay stage=dtls result=ok step=record seq=13 bytes=6
client level=info t=281547 ev=retail site=75 text=world_controller:task_manager: Completed task 'ENUM(6)' after '1692ms'.
server level=info t=281750 ev=gameplay stage=receive result=ok from=0x7F000001:3097 bytes=34 b0=0x06
server level=info t=281750 ev=gameplay stage=dtls result=ok step=record seq=14 bytes=6
client level=info t=281875 ev=probe stage=hosttail client=0x1AB482DF980 b=00000000000000000000000000000000000000000000000000000000000000000000000000000000FFFFFFFF00000000
client level=info t=281875 ev=probe stage=grant client=0x1AB482DF980 status=0x01FE pending=0 dirty=0 receipt=1
server level=info t=281984 ev=gameplay stage=receive result=ok from=0x7F000001:3097 bytes=34 b0=0x06
server level=info t=281984 ev=gameplay stage=dtls result=ok step=record seq=15 bytes=6
client level=info t=282078 ev=nettick stage=sample latch=1 callbacks=42965
server level=info t=282219 ev=gameplay stage=receive result=ok from=0x7F000001:3097 bytes=34 b0=0x06
server level=info t=282219 ev=gameplay stage=dtls result=ok step=record seq=16 bytes=6
server level=info t=282453 ev=gameplay stage=receive result=ok from=0x7F000001:3097 bytes=34 b0=0x06
server level=info t=282453 ev=gameplay stage=dtls result=ok step=record seq=17 bytes=6
client level=info t=282500 ev=probe stage=hosttail client=0x1AB48347478 b=00000000000000000000000000000000000000000000000000000000000000000000000000000000FFFFFFFF00000000
client level=info t=282500 ev=probe stage=grant client=0x1AB48347478 status=0x01F8 pending=0 dirty=0 receipt=1
server level=info t=282688 ev=gameplay stage=receive result=ok from=0x7F000001:3097 bytes=34 b0=0x06
server level=info t=282703 ev=gameplay stage=dtls result=ok step=record seq=18 bytes=6
server level=info t=282922 ev=gameplay stage=receive result=ok from=0x7F000001:3097 bytes=34 b0=0x06
server level=info t=282922 ev=gameplay stage=dtls result=ok step=record seq=19 bytes=6
server level=info t=283156 ev=gameplay stage=receive result=ok from=0x7F000001:3097 bytes=34 b0=0x06
server level=info t=283172 ev=gameplay stage=dtls result=ok step=record seq=20 bytes=6
server level=info t=283391 ev=gameplay stage=receive result=ok from=0x7F000001:3097 bytes=34 b0=0x06
server level=info t=283391 ev=gameplay stage=dtls result=ok step=record seq=21 bytes=6
server level=info t=283625 ev=gameplay stage=receive result=ok from=0x7F000001:3097 bytes=34 b0=0x06
server level=info t=283625 ev=gameplay stage=dtls result=ok step=record seq=22 bytes=6
client level=info t=283875 ev=probe stage=hosttail client=0x1AB482DF980 b=00000000000000000000000000000000000000000000000000000000000000000000000000000000FFFFFFFF00000000
client level=info t=283875 ev=probe stage=grant client=0x1AB482DF980 status=0x01FE pending=0 dirty=0 receipt=1
server level=info t=283875 ev=gameplay stage=receive result=ok from=0x7F000001:3097 bytes=34 b0=0x06
server level=info t=283875 ev=gameplay stage=dtls result=ok step=record seq=23 bytes=6
client level=info t=284078 ev=nettick stage=sample latch=1 callbacks=43724
server level=info t=284094 ev=gameplay stage=receive result=ok from=0x7F000001:3097 bytes=34 b0=0x06
server level=info t=284094 ev=gameplay stage=dtls result=ok step=record seq=24 bytes=6
server level=info t=284328 ev=gameplay stage=receive result=ok from=0x7F000001:3097 bytes=34 b0=0x06
client level=info t=284500 ev=probe stage=hosttail client=0x1AB48347478 b=00000000000000000000000000000000000000000000000000000000000000000000000000000000FFFFFFFF00000000
client level=info t=284500 ev=probe stage=grant client=0x1AB48347478 status=0x01F8 pending=0 dirty=0 receipt=1
server level=info t=284578 ev=gameplay stage=receive result=ok from=0x7F000001:3097 bytes=34 b0=0x06
server level=info t=284813 ev=gameplay stage=receive result=ok from=0x7F000001:3097 bytes=34 b0=0x06
client level=info t=284859 ev=retail site=89 text=world_controller:state:activity:initial_slice_set_loading: Timeout entering the prologue-filler (given 5000ms).
client level=info t=284875 ev=retail site=74 text=world_controller:task_manager: Started   task 'ENUM(9)'.
server level=info t=285031 ev=gameplay stage=receive result=ok from=0x7F000001:3097 bytes=34 b0=0x06
server level=info t=285141 ev=gameplay stage=receive result=ok from=0x7F000001:3097 bytes=98 b0=0x06
server level=info t=285141 ev=gameplay stage=message result=ok id=31 peerstage=5
server level=info t=285141 ev=gameplay stage=properties result=read session=0x5FB246654216A7C4 method=0
server level=info t=285375 ev=gameplay stage=receive result=ok from=0x7F000001:3097 bytes=34 b0=0x06
server level=info t=285625 ev=gameplay stage=receive result=ok from=0x7F000001:3097 bytes=34 b0=0x06
server level=info t=285844 ev=gameplay stage=receive result=ok from=0x7F000001:3097 bytes=34 b0=0x06
client level=info t=285875 ev=probe stage=hosttail client=0x1AB482DF980 b=00000000000000000000000000000000000000000000000000000000000000000000000000000000FFFFFFFF00000000
client level=info t=285875 ev=probe stage=grant client=0x1AB482DF980 status=0x01FE pending=0 dirty=0 receipt=1
client level=info t=286078 ev=nettick stage=sample latch=1 callbacks=44454
server level=info t=286078 ev=gameplay stage=receive result=ok from=0x7F000001:3097 bytes=34 b0=0x06
server level=info t=286297 ev=gameplay stage=receive result=ok from=0x7F000001:3097 bytes=34 b0=0x06
client level=info t=286500 ev=probe stage=hosttail client=0x1AB48347478 b=00000000000000000000000000000000000000000000000000000000000000000000000000000000FFFFFFFF00000000
client level=info t=286500 ev=probe stage=grant client=0x1AB48347478 status=0x01F8 pending=0 dirty=0 receipt=1
server level=info t=286563 ev=gameplay stage=receive result=ok from=0x7F000001:3097 bytes=34 b0=0x06
server level=info t=286781 ev=gameplay stage=receive result=ok from=0x7F000001:3097 bytes=34 b0=0x06
server level=info t=287016 ev=gameplay stage=receive result=ok from=0x7F000001:3097 bytes=34 b0=0x06
server level=info t=287266 ev=gameplay stage=receive result=ok from=0x7F000001:3097 bytes=34 b0=0x06
server level=info t=287484 ev=gameplay stage=receive result=ok from=0x7F000001:3097 bytes=34 b0=0x06
server level=info t=287719 ev=gameplay stage=receive result=ok from=0x7F000001:3097 bytes=34 b0=0x06
client level=info t=287875 ev=probe stage=hosttail client=0x1AB482DF980 b=00000000000000000000000000000000000000000000000000000000000000000000000000000000FFFFFFFF00000000
client level=info t=287875 ev=probe stage=grant client=0x1AB482DF980 status=0x01FE pending=0 dirty=0 receipt=1
server level=info t=287953 ev=gameplay stage=receive result=ok from=0x7F000001:3097 bytes=34 b0=0x06
client level=info t=288078 ev=nettick stage=sample latch=1 callbacks=45185
server level=info t=288203 ev=gameplay stage=receive result=ok from=0x7F000001:3097 bytes=34 b0=0x06
server level=info t=288422 ev=gameplay stage=receive result=ok from=0x7F000001:3097 bytes=34 b0=0x06
client level=info t=288500 ev=probe stage=hosttail client=0x1AB48347478 b=00000000000000000000000000000000000000000000000000000000000000000000000000000000FFFFFFFF00000000
client level=info t=288500 ev=probe stage=grant client=0x1AB48347478 status=0x01F8 pending=0 dirty=0 receipt=1
server level=info t=288672 ev=gameplay stage=receive result=ok from=0x7F000001:3097 bytes=34 b0=0x06
server level=info t=288906 ev=gameplay stage=receive result=ok from=0x7F000001:3097 bytes=34 b0=0x06
server level=info t=289125 ev=gameplay stage=receive result=ok from=0x7F000001:3097 bytes=34 b0=0x06
server level=info t=289359 ev=gameplay stage=receive result=ok from=0x7F000001:3097 bytes=34 b0=0x06
server level=info t=289594 ev=gameplay stage=receive result=ok from=0x7F000001:3097 bytes=34 b0=0x06
server level=info t=289844 ev=gameplay stage=receive result=ok from=0x7F000001:3097 bytes=34 b0=0x06
client level=info t=289875 ev=probe stage=hosttail client=0x1AB482DF980 b=00000000000000000000000000000000000000000000000000000000000000000000000000000000FFFFFFFF00000000
client level=info t=289875 ev=probe stage=grant client=0x1AB482DF980 status=0x01FE pending=0 dirty=0 receipt=1
client level=info t=290078 ev=nettick stage=sample latch=1 callbacks=45922
server level=info t=290078 ev=gameplay stage=receive result=ok from=0x7F000001:3097 bytes=34 b0=0x06
server level=info t=290141 ev=gameplay stage=receive result=ok from=0x7F000001:3097 bytes=98 b0=0x06
server level=info t=290141 ev=gameplay stage=message result=ok id=31 peerstage=5
server level=info t=290141 ev=gameplay stage=properties result=read session=0x5FB246654216A7C4 method=0
server level=info t=290375 ev=gameplay stage=receive result=ok from=0x7F000001:3097 bytes=34 b0=0x06
client level=info t=290500 ev=probe stage=hosttail client=0x1AB48347478 b=00000000000000000000000000000000000000000000000000000000000000000000000000000000FFFFFFFF00000000
client level=info t=290500 ev=probe stage=grant client=0x1AB48347478 status=0x01F8 pending=0 dirty=0 receipt=1
server level=info t=290609 ev=gameplay stage=receive result=ok from=0x7F000001:3097 bytes=34 b0=0x06
server level=info t=290844 ev=gameplay stage=receive result=ok from=0x7F000001:3097 bytes=34 b0=0x06
server level=info t=291094 ev=gameplay stage=receive result=ok from=0x7F000001:3097 bytes=34 b0=0x06
server level=info t=291328 ev=gameplay stage=receive result=ok from=0x7F000001:3097 bytes=34 b0=0x06
server level=info t=291547 ev=gameplay stage=receive result=ok from=0x7F000001:3097 bytes=34 b0=0x06
server level=info t=291781 ev=gameplay stage=receive result=ok from=0x7F000001:3097 bytes=34 b0=0x06
client level=info t=291875 ev=probe stage=hosttail client=0x1AB482DF980 b=00000000000000000000000000000000000000000000000000000000000000000000000000000000FFFFFFFF00000000
client level=info t=291875 ev=probe stage=grant client=0x1AB482DF980 status=0x01FE pending=0 dirty=0 receipt=1
server level=info t=292031 ev=gameplay stage=receive result=ok from=0x7F000001:3097 bytes=34 b0=0x06
client level=info t=292078 ev=nettick stage=sample latch=1 callbacks=46618
server level=info t=292266 ev=gameplay stage=receive result=ok from=0x7F000001:3097 bytes=34 b0=0x06
client level=info t=292500 ev=probe stage=hosttail client=0x1AB48347478 b=00000000000000000000000000000000000000000000000000000000000000000000000000000000FFFFFFFF00000000
client level=info t=292500 ev=probe stage=grant client=0x1AB48347478 status=0x01F8 pending=0 dirty=0 receipt=1
client level=info t=293875 ev=probe stage=hosttail client=0x1AB482DF980 b=00000000000000000000000000000000000000000000000000000000000000000000000000000000FFFFFFFF00000000
client level=info t=293875 ev=probe stage=grant client=0x1AB482DF980 status=0x01FE pending=0 dirty=0 receipt=1
client level=info t=294078 ev=nettick stage=sample latch=1 callbacks=47354
client level=info t=294188 ev=retail site=75 text=world_controller:task_manager: Completed task 'ENUM(2)' after '14319ms'.
client level=info t=294500 ev=probe stage=hosttail client=0x1AB48347478 b=00000000000000000000000000000000000000000000000000000000000000000000000000000000FFFFFFFF00000000
client level=info t=294500 ev=probe stage=grant client=0x1AB48347478 status=0x01F8 pending=0 dirty=0 receipt=1
client level=info t=294500 ev=retail site=75 text=world_controller:task_manager: Completed task 'ENUM(3)' after '14644ms'.
client level=info t=294500 ev=retail site=45 text=world_controller:slice_set_transition_manager: Mode changed from 'initial_slice_set_precaching' to 'initial_slice_set_instantion'.
client level=info t=294500 ev=retail site=74 text=world_controller:task_manager: Started   task 'ENUM(8)'.
client level=info t=294516 ev=retail site=67 text=networking:activity_client:activity_host_changed: instance=PUBLIC TARGET, ah-sid=, zombie-instance-nonce=0
client level=info t=294516 ev=retail site=67 text=networking:activity_client:activity_host_changed: instance=PUBLIC CURRENT, ah-sid=, zombie-instance-nonce=0
client level=info t=294516 ev=retail site=75 text=world_controller:task_manager: Completed task 'ENUM(8)' after '16ms'.
client level=info t=294516 ev=retail site=48 text=world_controller:slice_set_transition_manager: Stopping transition of type 'transitioning:initial_slice_set' due to completed
server level=info t=294547 ev=queuez stage=translate result=paired kind=zero_handle identity=0x0000000000000000 soid=0x9EAA300100200002
client level=info t=294578 ev=probe stage=msg12 result=received client=0x1AB482DF980 slot=0 label=PRIVATE CURRENT member=0x35F900ECFC25A1B0 status=0x01FE->0x01FE flag=1
client level=info t=294578 ev=probe stage=bind client=0x1AB482DF980 established=0x9EAA300100200001 slotrec=0x1AB2F7BD9A0 roster=0x1ABECD6BC80 receipt=1
client level=info t=294578 ev=retail site=75 text=world_controller:task_manager: Completed task 'ENUM(9)' after '9714ms'.
client level=info t=294578 ev=retail site=74 text=world_controller:task_manager: Started   task 'ENUM(10)'.
client level=info t=294594 ev=probe stage=msg12 result=received client=0x1AB482DF980 slot=0 label=PRIVATE CURRENT member=0x35F900ECFC25A1B0 status=0x01FE->0x01FE flag=1
client level=info t=294594 ev=probe stage=bind client=0x1AB482DF980 established=0x9EAA300100200001 slotrec=0x1AB2F7BD9A0 roster=0x1ABECD6BC80 receipt=1
server level=info t=294641 ev=queuez stage=social_roster result=ok soid=0x9EAA300100100100 objects=2 bytes=176 emblem=1273 hash=0x71B4CC1A
server level=info t=295156 ev=gameplay stage=message result=ok id=31 peerstage=5
server level=info t=295156 ev=gameplay stage=properties result=read session=0x5FB246654216A7C4 method=0
client level=info t=295875 ev=probe stage=hosttail client=0x1AB482DF980 b=00000000000000000000000000000000000000000000000000000000000000000000000000000000FFFFFFFF00000000
client level=info t=295875 ev=probe stage=grant client=0x1AB482DF980 status=0x01FE pending=0 dirty=0 receipt=1
client level=info t=296078 ev=nettick stage=sample latch=1 callbacks=47913
client level=info t=296297 ev=retail site=75 text=world_controller:task_manager: Completed task 'ENUM(10)' after '1711ms'.
client level=info t=296297 ev=retail site=18 text=world_controller:retail_datamine: Total time spent: [16445] ms in world controller state: [36] name: [activity:initial_slice_set_loading]
client level=info t=296297 ev=retail site=3 text=world_controller:state_manager: Entering state 'activity:physics_join' for reason 'unavailable'.
client level=info t=296297 ev=retail site=90 text=world_controller:task_manager: Started   task 'ENUM(0)'.
client level=info t=296500 ev=probe stage=hosttail client=0x1AB48347478 b=00000000000000000000000000000000000000000000000000000000000000000000000000000000FFFFFFFF00000000
client level=info t=296500 ev=probe stage=grant client=0x1AB48347478 status=0x01F8 pending=0 dirty=0 receipt=1
client level=info t=297875 ev=probe stage=hosttail client=0x1AB482DF980 b=00000000000000000000000000000000000000000000000000000000000000000000000000000000FFFFFFFF00000000
client level=info t=297875 ev=probe stage=grant client=0x1AB482DF980 status=0x01FE pending=0 dirty=0 receipt=1
client level=info t=298078 ev=nettick stage=sample latch=1 callbacks=48461
client level=info t=298500 ev=probe stage=hosttail client=0x1AB48347478 b=00000000000000000000000000000000000000000000000000000000000000000000000000000000FFFFFFFF00000000
client level=info t=298500 ev=probe stage=grant client=0x1AB48347478 status=0x01F8 pending=0 dirty=0 receipt=1
client level=info t=299875 ev=probe stage=hosttail client=0x1AB482DF980 b=00000000000000000000000000000000000000000000000000000000000000000000000000000000FFFFFFFF00000000
client level=info t=299875 ev=probe stage=grant client=0x1AB482DF980 status=0x01FE pending=0 dirty=0 receipt=1
client level=info t=299938 ev=retail site=91 text=networking:bandwidth: min_channels: 0 max channels: 1 max bps: 5712 avg cong bps: -1 low cong bps: -1 hi cong bps: -1 lat avg: -1 lat hi avg: 0 lat avg var: -1 pct loss: 0.00 pct loss hi avg: [0.00].
client level=info t=300078 ev=nettick stage=sample latch=1 callbacks=49028
server level=info t=300141 ev=gameplay stage=message result=ok id=31 peerstage=5
server level=info t=300141 ev=gameplay stage=properties result=read session=0x5FB246654216A7C4 method=0
client level=info t=300500 ev=probe stage=hosttail client=0x1AB48347478 b=00000000000000000000000000000000000000000000000000000000000000000000000000000000FFFFFFFF00000000
client level=info t=300500 ev=probe stage=grant client=0x1AB48347478 status=0x01F8 pending=0 dirty=0 receipt=1
client level=info t=301875 ev=probe stage=hosttail client=0x1AB482DF980 b=00000000000000000000000000000000000000000000000000000000000000000000000000000000FFFFFFFF00000000
client level=info t=301875 ev=probe stage=grant client=0x1AB482DF980 status=0x01FE pending=0 dirty=0 receipt=1
client level=info t=302078 ev=nettick stage=sample latch=1 callbacks=49609
client level=info t=302313 ev=retail site=92 text=world_controller:task_manager: Completed task 'ENUM(0)' after '6013ms'.
client level=info t=302313 ev=retail site=18 text=world_controller:retail_datamine: Total time spent: [6014] ms in world controller state: [37] name: [activity:physics_join]
client level=info t=302313 ev=retail site=3 text=world_controller:state_manager: Entering state 'activity:in_world' for reason 'unavailable'.
client level=info t=302313 ev=retail site=93 text=world_controller:state:in_world: Starting activity '0x0007 (HASH(0xf7e8adc5))(type: HASH(0xd07bb2d7))(grognok: eden_freeroam)(destination: HASH(0x8441fff9))(nonce: A9A1B296-930EC63B) for reason 'ENUM(0)'(override: eden_freeroam)'.
client level=info t=302313 ev=retail site=12 text=world_controller:retail_datamine: Timed operation: [ENUM(17)], took: [31858 ms], average: [31858.000000 ms], min: [31858.000000], max: [31858.000000], count: [1]
client level=info t=302375 ev=retail site=45 text=world_controller:slice_set_transition_manager: Mode changed from 'initial_slice_set_instantion' to 'fully_enabled'.
client level=info t=302500 ev=probe stage=hosttail client=0x1AB48347478 b=00000000000000000000000000000000000000000000000000000000000000000000000000000000FFFFFFFF00000000
client level=info t=302500 ev=probe stage=grant client=0x1AB48347478 status=0x01F8 pending=0 dirty=0 receipt=1
client level=info t=302813 ev=retail site=94 text=networking:channel:packet_loss_stats: [127.0.0.1:30976:127.0.0.1:30976#<UNKNOWN PEER NAME>] Incoming packet read result summary - 104 ok, 0 discard, 0 discard-expected, 0 corrupt
client level=info t=302813 ev=retail site=95 text=networking:channel:packet_loss_stats: [127.0.0.1:30976:127.0.0.1:30976#<UNKNOWN PEER NAME>] Outgoing packet delivery summary - 103 delivered, 0 of those out-of-order, 0 lost - highest loss fraction seen 0.000
client level=info t=302813 ev=retail site=96 text=networking:stream_manager:retail: # 0 rx 4.5/rxbps 2.5kb tx 4.0/txbps 2.2kb cx20.0pkts/33.0cxkbps lat=  0avg,  -1cg to=9999 aloc45.0kb max513.0kbps, loss=0.00pct loss dev 2.00pct rel=N, name=             <UNKNOWN PEER NAME>
client level=info t=302813 ev=retail site=97 text=networking:stream_manager:retail: Local peer network quality = 1.000000/1.0, worst_axis = -1
server level=info t=303344 ev=ws701 stage=profile_setup result=complete
server level=info t=303359 ev=activity stage=writeback result=ok world_state=0
client level=info t=303875 ev=probe stage=hosttail client=0x1AB482DF980 b=00000000000000000000000000000000000000000000000000000000000000000000000000000000FFFFFFFF00000000
client level=info t=303875 ev=probe stage=grant client=0x1AB482DF980 status=0x01FE pending=0 dirty=0 receipt=1
client level=info t=304078 ev=nettick stage=sample latch=1 callbacks=50090
client level=info t=304500 ev=probe stage=hosttail client=0x1AB48347478 b=00000000000000000000000000000000000000000000000000000000000000000000000000000000FFFFFFFF00000000
client level=info t=304500 ev=probe stage=grant client=0x1AB48347478 status=0x01F8 pending=0 dirty=0 receipt=1
server level=info t=305156 ev=gameplay stage=message result=ok id=31 peerstage=5
server level=info t=305156 ev=gameplay stage=properties result=read session=0x5FB246654216A7C4 method=0
client level=info t=305875 ev=probe stage=hosttail client=0x1AB482DF980 b=00000000000000000000000000000000000000000000000000000000000000000000000000000000FFFFFFFF00000000
client level=info t=305875 ev=probe stage=grant client=0x1AB482DF980 status=0x01FE pending=0 dirty=0 receipt=1
client level=info t=306078 ev=nettick stage=sample latch=1 callbacks=50577
client level=info t=306500 ev=probe stage=hosttail client=0x1AB48347478 b=00000000000000000000000000000000000000000000000000000000000000000000000000000000FFFFFFFF00000000
client level=info t=306500 ev=probe stage=grant client=0x1AB48347478 status=0x01F8 pending=0 dirty=0 receipt=1
client level=info t=307875 ev=probe stage=hosttail client=0x1AB482DF980 b=00000000000000000000000000000000000000000000000000000000000000000000000000000000FFFFFFFF00000000
client level=info t=307875 ev=probe stage=grant client=0x1AB482DF980 status=0x01FE pending=0 dirty=0 receipt=1
client level=info t=308078 ev=nettick stage=sample latch=1 callbacks=51055
client level=info t=308500 ev=probe stage=hosttail client=0x1AB48347478 b=00000000000000000000000000000000000000000000000000000000000000000000000000000000FFFFFFFF00000000
client level=info t=308500 ev=probe stage=grant client=0x1AB48347478 status=0x01F8 pending=0 dirty=0 receipt=1
client level=info t=309875 ev=probe stage=hosttail client=0x1AB482DF980 b=00000000000000000000000000000000000000000000000000000000000000000000000000000000FFFFFFFF00000000
client level=info t=309875 ev=probe stage=grant client=0x1AB482DF980 status=0x01FE pending=0 dirty=0 receipt=1
client level=info t=310078 ev=nettick stage=sample latch=1 callbacks=51536
client level=info t=311875 ev=probe stage=hosttail client=0x1AB482DF980 b=00000000000000000000000000000000000000000000000000000000000000000000000000000000FFFFFFFF00000000
client level=info t=311875 ev=probe stage=grant client=0x1AB482DF980 status=0x01FE pending=0 dirty=0 receipt=1
client level=info t=312078 ev=nettick stage=sample latch=1 callbacks=52021
client level=info t=313875 ev=probe stage=hosttail client=0x1AB482DF980 b=00000000000000000000000000000000000000000000000000000000000000000000000000000000FFFFFFFF00000000
client level=info t=313875 ev=probe stage=grant client=0x1AB482DF980 status=0x01FE pending=0 dirty=0 receipt=1
client level=info t=314078 ev=nettick stage=sample latch=1 callbacks=52510
client level=info t=315875 ev=probe stage=hosttail client=0x1AB482DF980 b=00000000000000000000000000000000000000000000000000000000000000000000000000000000FFFFFFFF00000000
client level=info t=315875 ev=probe stage=grant client=0x1AB482DF980 status=0x01FE pending=0 dirty=0 receipt=1
client level=info t=316078 ev=nettick stage=sample latch=1 callbacks=52952
client level=info t=317875 ev=probe stage=hosttail client=0x1AB482DF980 b=00000000000000000000000000000000000000000000000000000000000000000000000000000000FFFFFFFF00000000
client level=info t=317875 ev=probe stage=grant client=0x1AB482DF980 status=0x01FE pending=0 dirty=0 receipt=1
client level=info t=318078 ev=nettick stage=sample latch=1 callbacks=53454
client level=info t=319875 ev=probe stage=hosttail client=0x1AB482DF980 b=00000000000000000000000000000000000000000000000000000000000000000000000000000000FFFFFFFF00000000
client level=info t=319875 ev=probe stage=grant client=0x1AB482DF980 status=0x01FE pending=0 dirty=0 receipt=1
client level=info t=320078 ev=nettick stage=sample latch=1 callbacks=53939
client level=info t=321609 ev=retail site=10 text=application_state: Suspend state changed from [active] to [partial]
client level=info t=321875 ev=probe stage=hosttail client=0x1AB482DF980 b=00000000000000000000000000000000000000000000000000000000000000000000000000000000FFFFFFFF00000000
client level=info t=321875 ev=probe stage=grant client=0x1AB482DF980 status=0x01FE pending=0 dirty=0 receipt=1
client level=info t=322109 ev=nettick stage=sample latch=1 callbacks=54334
client level=info t=323875 ev=probe stage=hosttail client=0x1AB482DF980 b=00000000000000000000000000000000000000000000000000000000000000000000000000000000FFFFFFFF00000000
client level=info t=323875 ev=probe stage=grant client=0x1AB482DF980 status=0x01FE pending=0 dirty=0 receipt=1
client level=info t=324109 ev=nettick stage=sample latch=1 callbacks=54394
client level=info t=325891 ev=retail site=10 text=application_state: Suspend state changed from [partial] to [active]
client level=info t=326109 ev=nettick stage=sample latch=1 callbacks=54466
client level=info t=326344 ev=retail site=10 text=application_state: Suspend state changed from [active] to [partial]
client level=info t=327484 ev=retail site=10 text=application_state: Suspend state changed from [partial] to [active]
client level=info t=328000 ev=retail site=10 text=application_state: Suspend state changed from [active] to [partial]
client level=info t=328109 ev=nettick stage=sample latch=1 callbacks=54670
client level=info t=330109 ev=nettick stage=sample latch=1 callbacks=54730
client level=info t=332109 ev=nettick stage=sample latch=1 callbacks=54790
server level=info t=333641 ev=ws701 stage=profile_setup result=complete
server level=info t=333672 ev=activity stage=writeback result=ok world_state=0
client level=info t=334109 ev=nettick stage=sample latch=1 callbacks=54850
client level=info t=336109 ev=nettick stage=sample latch=1 callbacks=54910
client level=info t=336188 ev=retail site=10 text=application_state: Suspend state changed from [partial] to [active]
client level=info t=338109 ev=nettick stage=sample latch=1 callbacks=55289
server level=info t=339578 ev=gameplay stage=message result=ok id=37 peerstage=5
server level=info t=339578 ev=gameplay stage=player result=properties session=0x5FB246654216A7C4 seq=13 kind=0
client level=info t=339688 ev=retail site=10 text=application_state: Suspend state changed from [active] to [partial]
client level=info t=340109 ev=nettick stage=sample latch=1 callbacks=55605
client level=info t=342109 ev=nettick stage=sample latch=1 callbacks=55665
client level=info t=344125 ev=nettick stage=sample latch=1 callbacks=55725
client level=info t=346125 ev=nettick stage=sample latch=1 callbacks=55785
client level=info t=348125 ev=nettick stage=sample latch=1 callbacks=55845
client level=info t=350125 ev=nettick stage=sample latch=1 callbacks=55905
client level=info t=352125 ev=nettick stage=sample latch=1 callbacks=55965
client level=info t=354125 ev=nettick stage=sample latch=1 callbacks=56025
client level=info t=356141 ev=nettick stage=sample latch=1 callbacks=56085
client level=info t=358141 ev=nettick stage=sample latch=1 callbacks=56145
client level=info t=359969 ev=retail site=91 text=networking:bandwidth: min_channels: 1 max channels: 1 max bps: 3096 avg cong bps: -1 low cong bps: -1 hi cong bps: -1 lat avg: -1 lat hi avg: 0 lat avg var: -1 pct loss: 0.00 pct loss hi avg: [0.00].
client level=info t=360141 ev=nettick stage=sample latch=1 callbacks=56205
client level=info t=362141 ev=nettick stage=sample latch=1 callbacks=56265
client level=info t=362844 ev=retail site=94 text=networking:channel:packet_loss_stats: [127.0.0.1:30976:127.0.0.1:30976#<UNKNOWN PEER NAME>] Incoming packet read result summary - 245 ok, 0 discard, 0 discard-expected, 0 corrupt
client level=info t=362844 ev=retail site=95 text=networking:channel:packet_loss_stats: [127.0.0.1:30976:127.0.0.1:30976#<UNKNOWN PEER NAME>] Outgoing packet delivery summary - 245 delivered, 0 of those out-of-order, 0 lost - highest loss fraction seen 0.000
client level=info t=362844 ev=retail site=96 text=networking:stream_manager:retail: # 0 rx 4.0/rxbps 2.2kb tx 4.0/txbps 2.2kb cx20.0pkts/33.0cxkbps lat=  0avg,  -1cg to=9999 aloc45.0kb max513.0kbps, loss=0.00pct loss dev 2.00pct rel=N, name=             <UNKNOWN PEER NAME>
client level=info t=362844 ev=retail site=97 text=networking:stream_manager:retail: Local peer network quality = 1.000000/1.0, worst_axis = -1
server level=info t=363734 ev=ws701 stage=profile_setup result=complete
server level=info t=363766 ev=activity stage=writeback result=ok world_state=0
client level=info t=364141 ev=nettick stage=sample latch=1 callbacks=56325
client level=info t=366156 ev=nettick stage=sample latch=1 callbacks=56385
client level=info t=368156 ev=nettick stage=sample latch=1 callbacks=56445
client level=info t=370156 ev=nettick stage=sample latch=1 callbacks=56505
client level=info t=372156 ev=nettick stage=sample latch=1 callbacks=56565
client level=info t=374156 ev=nettick stage=sample latch=1 callbacks=56625
client level=info t=376156 ev=nettick stage=sample latch=1 callbacks=56685
client level=info t=378172 ev=nettick stage=sample latch=1 callbacks=56745
client level=info t=380172 ev=nettick stage=sample latch=1 callbacks=56805
client level=info t=382172 ev=nettick stage=sample latch=1 callbacks=56865
client level=info t=384172 ev=nettick stage=sample latch=1 callbacks=56925
client level=info t=386172 ev=nettick stage=sample latch=1 callbacks=56985
client level=info t=388188 ev=nettick stage=sample latch=1 callbacks=57045
client level=info t=390188 ev=nettick stage=sample latch=1 callbacks=57105
client level=info t=392188 ev=nettick stage=sample latch=1 callbacks=57165
server level=info t=393734 ev=ws701 stage=profile_setup result=complete
server level=info t=393766 ev=activity stage=writeback result=ok world_state=0
client level=info t=394188 ev=nettick stage=sample latch=1 callbacks=57225
client level=info t=396188 ev=nettick stage=sample latch=1 callbacks=57285
client level=info t=398188 ev=nettick stage=sample latch=1 callbacks=57345
client level=info t=400203 ev=nettick stage=sample latch=1 callbacks=57405
client level=info t=402203 ev=nettick stage=sample latch=1 callbacks=57465
client level=info t=404203 ev=nettick stage=sample latch=1 callbacks=57525
client level=info t=406203 ev=nettick stage=sample latch=1 callbacks=57585
client level=info t=408203 ev=nettick stage=sample latch=1 callbacks=57645
client level=info t=410219 ev=nettick stage=sample latch=1 callbacks=57705
client level=info t=412219 ev=nettick stage=sample latch=1 callbacks=57765
client level=info t=414219 ev=nettick stage=sample latch=1 callbacks=57825
client level=info t=416219 ev=nettick stage=sample latch=1 callbacks=57885
client level=info t=418219 ev=nettick stage=sample latch=1 callbacks=57945
client level=info t=419984 ev=retail site=91 text=networking:bandwidth: min_channels: 1 max channels: 1 max bps: 2556 avg cong bps: -1 low cong bps: -1 hi cong bps: -1 lat avg: -1 lat hi avg: 0 lat avg var: -1 pct loss: 0.00 pct loss hi avg: [0.00].
client level=info t=420219 ev=nettick stage=sample latch=1 callbacks=58005
client level=info t=422234 ev=nettick stage=sample latch=1 callbacks=58065
client level=info t=422859 ev=retail site=94 text=networking:channel:packet_loss_stats: [127.0.0.1:30976:127.0.0.1:30976#<UNKNOWN PEER NAME>] Incoming packet read result summary - 239 ok, 0 discard, 0 discard-expected, 0 corrupt
client level=info t=422859 ev=retail site=95 text=networking:channel:packet_loss_stats: [127.0.0.1:30976:127.0.0.1:30976#<UNKNOWN PEER NAME>] Outgoing packet delivery summary - 239 delivered, 0 of those out-of-order, 0 lost - highest loss fraction seen 0.000
client level=info t=422859 ev=retail site=96 text=networking:stream_manager:retail: # 0 rx 4.0/rxbps 2.2kb tx 4.0/txbps 2.2kb cx20.0pkts/33.0cxkbps lat=  0avg,  -1cg to=9999 aloc45.0kb max513.0kbps, loss=0.00pct loss dev 2.00pct rel=N, name=             <UNKNOWN PEER NAME>
client level=info t=422859 ev=retail site=97 text=networking:stream_manager:retail: Local peer network quality = 1.000000/1.0, worst_axis = -1
server level=info t=423781 ev=ws701 stage=profile_setup result=complete
server level=info t=423781 ev=activity stage=writeback result=ok world_state=0
client level=info t=424234 ev=nettick stage=sample latch=1 callbacks=58125
client level=info t=426234 ev=nettick stage=sample latch=1 callbacks=58185
client level=info t=428234 ev=nettick stage=sample latch=1 callbacks=58245
client level=info t=430234 ev=nettick stage=sample latch=1 callbacks=58305
client level=info t=432234 ev=nettick stage=sample latch=1 callbacks=58365
client level=info t=437500 ev=retail site=73 text=networking:update: *** it has been 5252 milliseconds since the last network update (longest expected: '500')
client level=info t=437516 ev=nettick stage=sample latch=1 callbacks=58366
client level=info t=439531 ev=nettick stage=sample latch=1 callbacks=58427
client level=info t=441484 ev=retail site=73 text=networking:update: *** it has been 1958 milliseconds since the last network update (longest expected: '500')
client level=info t=441563 ev=nettick stage=sample latch=1 callbacks=58430
client level=info t=443563 ev=nettick stage=sample latch=1 callbacks=58490
client level=info t=445563 ev=nettick stage=sample latch=1 callbacks=58550
client level=info t=447563 ev=nettick stage=sample latch=1 callbacks=58610
client level=info t=449563 ev=nettick stage=sample latch=1 callbacks=58670
client level=info t=451578 ev=nettick stage=sample latch=1 callbacks=58730
client level=info t=453578 ev=nettick stage=sample latch=1 callbacks=58790
client level=info t=455578 ev=nettick stage=sample latch=1 callbacks=58850
client level=info t=457578 ev=nettick stage=sample latch=1 callbacks=58910
client level=info t=459578 ev=nettick stage=sample latch=1 callbacks=58970
server level=info t=461313 ev=ws701 stage=profile_setup result=complete
client level=info t=461578 ev=nettick stage=sample latch=1 callbacks=59030
server level=info t=462109 ev=activity stage=writeback result=ok world_state=0
client level=info t=463594 ev=nettick stage=sample latch=1 callbacks=59090
client level=info t=465594 ev=nettick stage=sample latch=1 callbacks=59150
client level=info t=467594 ev=nettick stage=sample latch=1 callbacks=59210
client level=info t=469594 ev=nettick stage=sample latch=1 callbacks=59270
client level=info t=471594 ev=nettick stage=sample latch=1 callbacks=59330
client level=info t=473609 ev=nettick stage=sample latch=1 callbacks=59390
client level=info t=475609 ev=nettick stage=sample latch=1 callbacks=59450
client level=info t=477609 ev=nettick stage=sample latch=1 callbacks=59510
client level=info t=479609 ev=nettick stage=sample latch=1 callbacks=59570
client level=info t=480016 ev=retail site=91 text=networking:bandwidth: min_channels: 1 max channels: 1 max bps: 2556 avg cong bps: -1 low cong bps: -1 hi cong bps: -1 lat avg: -1 lat hi avg: 0 lat avg var: -1 pct loss: 0.00 pct loss hi avg: [0.00].
client level=info t=481609 ev=nettick stage=sample latch=1 callbacks=59630
client level=info t=482875 ev=retail site=94 text=networking:channel:packet_loss_stats: [127.0.0.1:30976:127.0.0.1:30976#<UNKNOWN PEER NAME>] Incoming packet read result summary - 206 ok, 0 discard, 0 discard-expected, 0 corrupt
client level=info t=482875 ev=retail site=95 text=networking:channel:packet_loss_stats: [127.0.0.1:30976:127.0.0.1:30976#<UNKNOWN PEER NAME>] Outgoing packet delivery summary - 210 delivered, 0 of those out-of-order, 0 lost - highest loss fraction seen 0.000
client level=info t=482875 ev=retail site=96 text=networking:stream_manager:retail: # 0 rx 4.0/rxbps 2.2kb tx 4.0/txbps 2.2kb cx20.0pkts/33.0cxkbps lat=  0avg,  -1cg to=9999 aloc45.0kb max513.0kbps, loss=0.00pct loss dev 2.00pct rel=N, name=             <UNKNOWN PEER NAME>
client level=info t=482875 ev=retail site=97 text=networking:stream_manager:retail: Local peer network quality = 1.000000/1.0, worst_axis = -1
client level=info t=483625 ev=nettick stage=sample latch=1 callbacks=59690
client level=info t=485625 ev=nettick stage=sample latch=1 callbacks=59750
client level=info t=487625 ev=nettick stage=sample latch=1 callbacks=59810
client level=info t=489625 ev=nettick stage=sample latch=1 callbacks=59870
server level=info t=491063 ev=ws701 stage=profile_setup result=complete
client level=info t=491625 ev=nettick stage=sample latch=1 callbacks=59930
server level=info t=491906 ev=activity stage=writeback result=ok world_state=0
client level=info t=493625 ev=nettick stage=sample latch=1 callbacks=59990
client level=info t=495641 ev=nettick stage=sample latch=1 callbacks=60050
client level=info t=497641 ev=nettick stage=sample latch=1 callbacks=60110
client level=info t=499641 ev=nettick stage=sample latch=1 callbacks=60170
client level=info t=501641 ev=nettick stage=sample latch=1 callbacks=60230
client level=info t=503641 ev=nettick stage=sample latch=1 callbacks=60290
client level=info t=505656 ev=nettick stage=sample latch=1 callbacks=60350
client level=info t=507656 ev=nettick stage=sample latch=1 callbacks=60410
client level=info t=508984 ev=retail site=73 text=networking:update: *** it has been 1340 milliseconds since the last network update (longest expected: '500')
client level=info t=509656 ev=nettick stage=sample latch=1 callbacks=60431
client level=info t=511656 ev=nettick stage=sample latch=1 callbacks=60491
client level=info t=513672 ev=nettick stage=sample latch=1 callbacks=60551
client level=info t=515672 ev=nettick stage=sample latch=1 callbacks=60611
client level=info t=517672 ev=nettick stage=sample latch=1 callbacks=60671
client level=info t=519672 ev=nettick stage=sample latch=1 callbacks=60731
client level=info t=521672 ev=nettick stage=sample latch=1 callbacks=60791
server level=info t=522516 ev=ws701 stage=profile_setup result=complete
server level=info t=523203 ev=activity stage=writeback result=ok world_state=0
client level=info t=523688 ev=nettick stage=sample latch=1 callbacks=60851
client level=info t=525688 ev=nettick stage=sample latch=1 callbacks=60911
client level=info t=527688 ev=nettick stage=sample latch=1 callbacks=60971
client level=info t=529688 ev=nettick stage=sample latch=1 callbacks=61031
client level=info t=531688 ev=nettick stage=sample latch=1 callbacks=61090
client level=info t=533688 ev=nettick stage=sample latch=1 callbacks=61150
client level=info t=542297 ev=retail site=91 text=networking:bandwidth: min_channels: 1 max channels: 1 max bps: 2556 avg cong bps: -1 low cong bps: -1 hi cong bps: -1 lat avg: -1 lat hi avg: 0 lat avg var: -1 pct loss: 0.00 pct loss hi avg: [0.00].
client level=warn t=539797 ev=probe stage=stall result=detected idle=6000 count=61150
client level=info t=542297 ev=retail site=73 text=networking:update: *** it has been 8610 milliseconds since the last network update (longest expected: '500')
client level=info t=542297 ev=nettick stage=sample latch=1 callbacks=61151
client level=info t=542328 ev=probe stage=stall set=stack tid=0x00007F34 rip=0x7FFCE24E0404 rsp=0x7E6CEFF3E8 window=2048
client level=info t=542328 ev=probe stage=stall set=frames tid=0x00007F34 f0=exe+0xB54BE2 f1=exe+0x302465 f2=exe+0xB58F1F f3=exe+0x1C151D8 f4=exe+0x0 f5=exe+0xB5268C f6=exe+0x80DA9B1 f7=exe+0x48564BA
client level=info t=542328 ev=probe stage=stall set=frames tid=0x00007F34 f8=exe+0x93FC7 f9=exe+0x0 f10=exe+0x1C151C8
client level=info t=542328 ev=probe stage=stall set=stack tid=0x000049CC rip=0x7FFCE24E4034 rsp=0x7E6DFFF6C8 window=2048
client level=info t=542328 ev=probe stage=stall set=stack tid=0x00000878 rip=0x7FFCE24E0A04 rsp=0x7E6E7FF1F8 window=2048
client level=info t=542328 ev=probe stage=stall set=frames tid=0x00000878 f0=exe+0x1681597 f1=exe+0x3B1A77 f2=exe+0x3AFF70 f3=exe+0x4F5C89E f4=exe+0x47DA9CB f5=exe+0x0 f6=exe+0x3FB1A5A f7=exe+0x69533FF
client level=info t=542328 ev=probe stage=stall set=stack tid=0x00005CD4 rip=0x7FFCE24E0404 rsp=0x7E6F3FFCA8 window=512
client level=info t=542328 ev=probe stage=stall set=frames tid=0x00005CD4 f0=exe+0x1280280 f1=exe+0x0 f2=exe+0x242CD10 f3=exe+0x1280201 f4=exe+0x3023E5 f5=exe+0x348061 f6=exe+0x7CB8EAA f7=exe+0x7039128
client level=info t=542328 ev=probe stage=stall set=frames tid=0x00005CD4 f8=exe+0x128029D f9=exe+0x0 f10=exe+0x1280280 f11=exe+0x129869C
client level=info t=542328 ev=probe stage=stall set=stack tid=0x00003A98 rip=0x7FFCE24E0A04 rsp=0x7E6F7F8B78 window=2048
client level=info t=542328 ev=probe stage=stall set=frames tid=0x00003A98 f0=exe+0x1299FD0 f1=exe+0x7CB8EAA f2=exe+0x0 f3=exe+0x1299FD0 f4=exe+0x129A08B f5=exe+0x2F24088 f6=exe+0x2F23FB0
client level=info t=542328 ev=probe stage=stall set=stack tid=0x00004820 rip=0x7FFCE24E0404 rsp=0x7E6FBFF5C8 window=2048
client level=info t=542328 ev=probe stage=stall set=frames tid=0x00004820 f0=exe+0x302465 f1=exe+0x31D073 f2=exe+0x31D0BA f3=exe+0x318894 f4=exe+0x20D6E38 f5=exe+0x31B241 f6=exe+0x3537B3 f7=exe+0x20D6E38
client level=info t=542328 ev=probe stage=stall set=frames tid=0x00004820 f8=exe+0x20D6E38 f9=exe+0x353874 f10=exe+0x20D6E38 f11=exe+0x20D6E5C f12=exe+0x3537D0 f13=exe+0x20D6E38
client level=info t=542328 ev=probe stage=stall set=stack tid=0x00000E48 rip=0x7FFCE24E0404 rsp=0x7E6FFFFB48 window=1024
client level=info t=542328 ev=probe stage=stall set=frames tid=0x00000E48 f0=exe+0x302465 f1=exe+0x31D073 f2=exe+0x31D0BA f3=exe+0x318894 f4=exe+0x20D7A38 f5=exe+0x31B241 f6=exe+0x3537B3 f7=exe+0x20D7A38
client level=info t=542328 ev=probe stage=stall set=frames tid=0x00000E48 f8=exe+0x20D7A38 f9=exe+0x353874 f10=exe+0x20D7A38 f11=exe+0x20D7A5C f12=exe+0x3537D0 f13=exe+0x20D7A38
client level=info t=542328 ev=probe stage=stall set=stack tid=0x000043F8 rip=0x7FFCE24E0404 rsp=0x7E703FF5B8 window=2048
client level=info t=542328 ev=probe stage=stall set=frames tid=0x000043F8 f0=exe+0x302465 f1=exe+0x31D073 f2=exe+0x31D0BA f3=exe+0x318894 f4=exe+0x20D8638 f5=exe+0x31B241 f6=exe+0x3537B3 f7=exe+0x20D8638
client level=info t=542328 ev=probe stage=stall set=frames tid=0x000043F8 f8=exe+0x20D8638 f9=exe+0x353874 f10=exe+0x20D8638 f11=exe+0x20D865C f12=exe+0x3537D0 f13=exe+0x20D8638
client level=info t=542328 ev=probe stage=stall set=stack tid=0x00003A50 rip=0x7FFCE24E0404 rsp=0x7E707FF5E8 window=2048
client level=info t=542328 ev=probe stage=stall set=frames tid=0x00003A50 f0=exe+0x302465 f1=exe+0x31D073 f2=exe+0x31D0BA f3=exe+0x318894 f4=exe+0x20D9238 f5=exe+0x31B241 f6=exe+0x3537B3 f7=exe+0x20D9238
client level=info t=542328 ev=probe stage=stall set=frames tid=0x00003A50 f8=exe+0x20D9238 f9=exe+0x353874 f10=exe+0x20D9238 f11=exe+0x20D925C f12=exe+0x3537D0 f13=exe+0x20D9238
client level=info t=542328 ev=probe stage=stall set=stack tid=0x000074EC rip=0x7FFCE24E0404 rsp=0x7E70BFF8C8 window=1024
client level=info t=542328 ev=probe stage=stall set=frames tid=0x000074EC f0=exe+0x302465 f1=exe+0x31D073 f2=exe+0x31D0BA f3=exe+0x318894 f4=exe+0x20D9E38 f5=exe+0x31B241 f6=exe+0x3537B3 f7=exe+0x20D9E38
client level=info t=542328 ev=probe stage=stall set=frames tid=0x000074EC f8=exe+0x20D9E38 f9=exe+0x353874 f10=exe+0x20D9E38 f11=exe+0x20D9E5C f12=exe+0x3537D0 f13=exe+0x20D9E38
client level=info t=542328 ev=probe stage=stall set=stack tid=0x00003580 rip=0x7FFCE24E0404 rsp=0x7E70FFF8E8 window=1024
client level=info t=542328 ev=probe stage=stall set=frames tid=0x00003580 f0=exe+0x302465 f1=exe+0x31D073 f2=exe+0x31D0BA f3=exe+0x318894 f4=exe+0x20DAA38 f5=exe+0x31B241 f6=exe+0x3537B3 f7=exe+0x20DAA38
client level=info t=542328 ev=probe stage=stall set=frames tid=0x00003580 f8=exe+0x20DAA38 f9=exe+0x353874 f10=exe+0x20DAA38 f11=exe+0x20DAA5C f12=exe+0x3537D0 f13=exe+0x20DAA38
client level=info t=542328 ev=probe stage=stall set=stack tid=0x000087DC rip=0x7FFCE24E0404 rsp=0x7E713FF568 window=2048
client level=info t=542328 ev=probe stage=stall set=frames tid=0x000087DC f0=exe+0x302465 f1=exe+0x31D073 f2=exe+0x31D0BA f3=exe+0x318894 f4=exe+0x20EEE48 f5=exe+0x31B241 f6=exe+0x3537B3 f7=exe+0x20EEE48
client level=info t=542328 ev=probe stage=stall set=frames tid=0x000087DC f8=exe+0x20EEE48 f9=exe+0x353874 f10=exe+0x20EEE48 f11=exe+0x20EEE6C f12=exe+0x3537D0 f13=exe+0x20EEE48
client level=info t=542328 ev=probe stage=stall set=stack tid=0x00008194 rip=0x7FFCE24E0404 rsp=0x7E717FFC98 window=2048
client level=info t=542328 ev=probe stage=stall set=frames tid=0x00008194 f0=exe+0x302465 f1=exe+0x31D073 f2=exe+0x31D0BA f3=exe+0x318894 f4=exe+0x20EFA48 f5=exe+0x31B241 f6=exe+0x3537B3 f7=exe+0x20EFA48
client level=info t=542328 ev=probe stage=stall set=frames tid=0x00008194 f8=exe+0x20EFA48 f9=exe+0x353874 f10=exe+0x20EFA48 f11=exe+0x20EFA6C f12=exe+0x3537D0 f13=exe+0x20EFA48
client level=info t=542328 ev=probe stage=stall set=stack tid=0x0000672C rip=0x7FFCE24E0A04 rsp=0x7E71BFEFD8 window=2048
client level=info t=542328 ev=probe stage=stall set=frames tid=0x0000672C f0=exe+0x1AEBDFF
client level=info t=542328 ev=probe stage=stall set=stack tid=0x00008B1C rip=0x7FFCE24E0404 rsp=0x7E71FFFAE8 window=2048
client level=info t=542328 ev=probe stage=stall set=frames tid=0x00008B1C f0=exe+0x1AE9B80
client level=info t=542328 ev=probe stage=stall set=stack tid=0x000037F8 rip=0x7FFCE0081344 rsp=0x7E723FFA08 window=2048
client level=info t=542328 ev=probe stage=stall set=frames tid=0x000037F8 f0=exe+0x2686900 f1=exe+0x2686900 f2=exe+0x3C5F62 f3=exe+0x26869E0 f4=exe+0x26869E0 f5=exe+0x3BD893 f6=exe+0x26869E0 f7=exe+0x3BDA99
client level=info t=542328 ev=probe stage=stall set=frames tid=0x000037F8 f8=exe+0x26869E0 f9=exe+0x3537B3 f10=exe+0x26869E0 f11=exe+0x353874 f12=exe+0x26869E0 f13=exe+0x2686A04 f14=exe+0x3537D0 f15=exe+0x26869E0
client level=info t=542328 ev=probe stage=stall set=stack tid=0x00001BAC rip=0x7FFCE0081344 rsp=0x7E727FF688 window=2048
client level=info t=542328 ev=probe stage=stall set=frames tid=0x00001BAC f0=exe+0x3BDA55 f1=exe+0x26869E0 f2=exe+0x26875E0 f3=exe+0x3537B3 f4=exe+0x26875E0 f5=exe+0x353874 f6=exe+0x26875E0 f7=exe+0x2687604
client level=info t=542328 ev=probe stage=stall set=frames tid=0x00001BAC f8=exe+0x3537D0 f9=exe+0x26875E0
client level=info t=542328 ev=probe stage=stall set=stack tid=0x0000045C rip=0x7FFCE24E04A4 rsp=0x7E72BFFBF8 window=2048
client level=info t=542328 ev=probe stage=stall set=stack tid=0x00005584 rip=0x7FFCE24E3FD4 rsp=0x7E733FFA48 window=2048
client level=info t=542328 ev=probe stage=stall set=stack tid=0x000034EC rip=0x7FFCE24E3FD4 rsp=0x7E737FF958 window=2048
client level=info t=542328 ev=probe stage=stall set=stack tid=0x000073CC rip=0x7FFCE24E0404 rsp=0x7E73BFFAC8 window=2048
client level=info t=542328 ev=probe stage=stall set=stack tid=0x00004A38 rip=0x7FFCE24E0404 rsp=0x7E72FFFCB8 window=2048
client level=info t=542328 ev=probe stage=stall set=stack tid=0x00000CE4 rip=0x7FFCE24E0404 rsp=0x7E73FFF858 window=2048
client level=info t=542328 ev=probe stage=stall set=stack tid=0x00008084 rip=0x7FFCE24E0404 rsp=0x7E743FFAF8 window=2048
client level=info t=542328 ev=probe stage=stall set=stack tid=0x000061A4 rip=0x7FFCE24E0404 rsp=0x7E747FFA98 window=2048
client level=info t=542328 ev=probe stage=stall set=stack tid=0x00007B54 rip=0x7FFCE24E0404 rsp=0x7E74BFFD58 window=2048
client level=info t=542328 ev=probe stage=stall set=stack tid=0x00001CBC rip=0x7FFCE24E0404 rsp=0x7E74FFF9E8 window=2048
client level=info t=542328 ev=probe stage=stall set=stack tid=0x0000586C rip=0x7FFCE24E0404 rsp=0x7E753FFB88 window=2048
client level=info t=542328 ev=probe stage=stall set=stack tid=0x000077BC rip=0x7FFCE24E0404 rsp=0x7E757FFC48 window=2048
client level=info t=542328 ev=probe stage=stall set=stack tid=0x00001EDC rip=0x7FFCE24E0404 rsp=0x7E75BFF578 window=2048
client level=info t=542328 ev=probe stage=stall set=stack tid=0x000078A8 rip=0x7FFCE24E0404 rsp=0x7E75FFF998 window=2048
client level=info t=542328 ev=probe stage=stall set=stack tid=0x00001CA4 rip=0x7FFCE24E3FD4 rsp=0x7E763FF838 window=2048
client level=info t=542328 ev=probe stage=stall set=frames tid=0x00001CA4 f0=own+0x7D46B7C
client level=info t=542328 ev=probe stage=stall set=stack tid=0x00000994 rip=0x7FFCE24E3FD4 rsp=0x7E767FF5B8 window=2048
client level=info t=542328 ev=probe stage=stall set=stack tid=0x000026A8 rip=0x7FFCE24E0ED4 rsp=0x7E76FFF568 window=2048
client level=info t=542328 ev=probe stage=stall set=stack tid=0x000045DC rip=0x7FFCE24E0404 rsp=0x7E773FF968 window=2048
client level=info t=542328 ev=probe stage=stall set=stack tid=0x00002DA4 rip=0x7FFCE24E0404 rsp=0x7E777FFBE8 window=2048
client level=info t=542328 ev=probe stage=stall set=stack tid=0x0000610C rip=0x7FFCE24E0404 rsp=0x7E77BFF688 window=2048
client level=info t=542328 ev=probe stage=stall set=stack tid=0x000044BC rip=0x7FFCE24E0404 rsp=0x7E77FFFDB8 window=2048
client level=info t=542328 ev=probe stage=stall set=stack tid=0x00001C44 rip=0x7FFCE24E0404 rsp=0x7E783FFAD8 window=2048
client level=info t=542328 ev=probe stage=stall set=stack tid=0x00007408 rip=0x7FFCE24E0404 rsp=0x7E787FF938 window=2048
client level=info t=542328 ev=probe stage=stall set=stack tid=0x00002A58 rip=0x7FFCE24E0404 rsp=0x7E78BFF768 window=2048
client level=info t=542328 ev=probe stage=stall set=stack tid=0x000019F0 rip=0x7FFCE24E0404 rsp=0x7E78FFF6A8 window=2048
client level=info t=542328 ev=probe stage=stall set=stack tid=0x0000415C rip=0x7FFCE24E0A04 rsp=0x7E793FFC78 window=512
client level=info t=542328 ev=probe stage=stall set=frames tid=0x0000415C f0=exe+0x26869D0 f1=exe+0x11C7C5C f2=exe+0x2E5BEC2 f3=exe+0x3537B3 f4=exe+0x2E5BE90 f5=exe+0x2E5BE90 f6=exe+0x353874 f7=exe+0x2E5BE90
client level=info t=542328 ev=probe stage=stall set=frames tid=0x0000415C f8=exe+0x2E5BEB4 f9=exe+0x3537D0 f10=exe+0x2E5BE90
client level=info t=542328 ev=probe stage=stall set=stack tid=0x00004054 rip=0x7FFCE24E0404 rsp=0x7E797FF728 window=2048
client level=info t=542328 ev=probe stage=stall set=frames tid=0x00004054 f0=exe+0x2E79DE3 f1=exe+0x11DB4DB f2=exe+0x2E79DA0 f3=exe+0x3537B3 f4=exe+0x2E79DA0 f5=exe+0x353874 f6=exe+0x2E79DA0 f7=exe+0x2E79DC4
client level=info t=542328 ev=probe stage=stall set=frames tid=0x00004054 f8=exe+0x3537D0 f9=exe+0x2E79DA0
client level=info t=542328 ev=probe stage=stall set=stack tid=0x00008B9C rip=0x7FFCE24E0404 rsp=0x7E7A7FF6D8 window=2048
client level=info t=542328 ev=probe stage=stall set=frames tid=0x00008B9C f0=exe+0x19F8801
client level=info t=542328 ev=probe stage=stall set=stack tid=0x00008198 rip=0x7FFCE24E0404 rsp=0x7E7ABFFA38 window=1024
client level=info t=542328 ev=probe stage=stall set=frames tid=0x00008198 f0=exe+0x1A07446
client level=info t=542328 ev=probe stage=stall set=stack tid=0x00006CEC rip=0x7FFCE24E0ED4 rsp=0x7E7AFFF6B8 window=2048
client level=info t=542328 ev=probe stage=stall set=frames tid=0x00006CEC f0=exe+0x1A40E63 f1=exe+0x1A41E30
client level=info t=542328 ev=probe stage=stall set=stack tid=0x00008A00 rip=0x7FFCE24E0404 rsp=0x7E7B3FF9B8 window=2048
client level=info t=542328 ev=probe stage=stall set=stack tid=0x00001F10 rip=0x7FFCE24E0404 rsp=0x7E7B7FF9B8 window=2048
client level=info t=542328 ev=probe stage=stall set=stack tid=0x00000AA8 rip=0x7FFCE24E0404 rsp=0x7E7BBFFC48 window=2048
client level=info t=542328 ev=probe stage=stall set=stack tid=0x00003814 rip=0x7FFCE24E0404 rsp=0x7E7BFFFC28 window=2048
client level=info t=542328 ev=probe stage=stall set=stack tid=0x00006F20 rip=0x7FFCE24E0404 rsp=0x7E7C3FFC68 window=2048
client level=info t=542328 ev=probe stage=stall set=stack tid=0x000026AC rip=0x7FFCE24E0404 rsp=0x7E7C7FFA48 window=2048
client level=info t=542328 ev=probe stage=stall set=stack tid=0x00008958 rip=0x7FFCE24E0404 rsp=0x7E7CBFF878 window=2048
client level=info t=542328 ev=probe stage=stall set=stack tid=0x00001AF8 rip=0x7FFCE24E0404 rsp=0x7E7CFFF8D8 window=2048
client level=info t=542328 ev=probe stage=stall set=stack tid=0x00004E20 rip=0x7FFCE24E0404 rsp=0x7E7D3FF958 window=1024
client level=info t=542328 ev=probe stage=stall set=stack tid=0x00001D74 rip=0x7FFCE24E0ED4 rsp=0x7E7DFFFB18 window=2048
client level=info t=542328 ev=probe stage=stall set=stack tid=0x000019E0 rip=0x7FFCE24E0ED4 rsp=0x7E7E3FF868 window=1024
client level=info t=542328 ev=probe stage=stall set=stack tid=0x000067EC rip=0x7FFCE24E0404 rsp=0x7E7E7FF4F8 window=2048
client level=info t=542328 ev=probe stage=stall set=frames tid=0x000067EC f0=exe+0x1A914FF f1=own+0x145953 f2=exe+0x39B4FB f3=exe+0x1A8222A
client level=info t=542328 ev=probe stage=stall set=stack tid=0x00002078 rip=0x7FFCE24E0404 rsp=0x7E7EBFFAF8 window=1024
client level=info t=542328 ev=probe stage=stall set=frames tid=0x00002078 f0=exe+0x0 f1=exe+0x1F15A90 f2=exe+0x0 f3=exe+0x30FE80 f4=exe+0x30FED2 f5=exe+0x30FE80 f6=exe+0x30FE80 f7=exe+0x129869C
client level=info t=542328 ev=probe stage=stall set=stack tid=0x00007440 rip=0x7FFCE24E0ED4 rsp=0x7E79BFF378 window=2048
client level=info t=542328 ev=probe stage=stall set=stack tid=0x0000275C rip=0x7FFCE24E0ED4 rsp=0x7E003FE208 window=2048
client level=info t=542328 ev=probe stage=stall set=frames tid=0x0000275C f0=exe+0x3E8155
client level=info t=542328 ev=probe stage=stall set=stack tid=0x00001544 rip=own+0x204884 rsp=0x7E00BD7800 window=2048
client level=info t=542328 ev=probe stage=stall set=frames tid=0x00001544 f0=own+0x20367B f1=own+0x2051D3 f2=own+0x208647 f3=own+0x22192B
client level=info t=542328 ev=probe stage=stall set=stack tid=0x000045FC rip=0x7FFCE24E04A4 rsp=0x7E00FFFDE8 window=512
client level=info t=542328 ev=probe stage=stall set=stack tid=0x00006B48 rip=0x7FFCE24E0A04 rsp=0x7E017FFA38 window=2048
client level=info t=542328 ev=probe stage=stall set=frames tid=0x00006B48 f0=exe+0x173A58B f1=exe+0x31DA5A0 f2=exe+0x3537B3 f3=exe+0x31DA5A0 f4=exe+0x353874 f5=exe+0x31DA5A0 f6=exe+0x31DA5C4 f7=exe+0x3537D0
client level=info t=542328 ev=probe stage=stall set=frames tid=0x00006B48 f8=exe+0x31DA5A0
client level=info t=542328 ev=probe stage=stall set=stack tid=0x00004C28 rip=0x7FFCE24E4034 rsp=0x7E01BFF7A8 window=2048
client level=warn t=542828 ev=probe stage=stall result=recovered idle=9031 count=61166
client level=info t=542906 ev=retail site=94 text=networking:channel:packet_loss_stats: [127.0.0.1:30976:127.0.0.1:30976#<UNKNOWN PEER NAME>] Incoming packet read result summary - 196 ok, 0 discard, 0 discard-expected, 0 corrupt
client level=info t=542906 ev=retail site=95 text=networking:channel:packet_loss_stats: [127.0.0.1:30976:127.0.0.1:30976#<UNKNOWN PEER NAME>] Outgoing packet delivery summary - 200 delivered, 0 of those out-of-order, 0 lost - highest loss fraction seen 0.000
client level=info t=542906 ev=retail site=96 text=networking:stream_manager:retail: # 0 rx 1.5/rxbps 0.8kb tx 1.5/txbps 0.8kb cx20.0pkts/33.0cxkbps lat=  0avg,  -1cg to=9999 aloc45.0kb max513.0kbps, loss=0.00pct loss dev 2.00pct rel=N, name=             <UNKNOWN PEER NAME>
client level=info t=542906 ev=retail site=97 text=networking:stream_manager:retail: Local peer network quality = 1.000000/1.0, worst_axis = -1
client level=info t=544313 ev=nettick stage=sample latch=1 callbacks=61211
client level=info t=546313 ev=nettick stage=sample latch=1 callbacks=61271
client level=info t=548313 ev=nettick stage=sample latch=1 callbacks=61331
client level=info t=550313 ev=nettick stage=sample latch=1 callbacks=61391
client level=info t=552313 ev=nettick stage=sample latch=1 callbacks=61451
client level=info t=552953 ev=retail site=10 text=application_state: Suspend state changed from [partial] to [active]
server level=info t=553375 ev=gameplay stage=message result=ok id=37 peerstage=5
server level=info t=553375 ev=gameplay stage=player result=properties session=0x5FB246654216A7C4 seq=14 kind=0
client level=info t=554313 ev=nettick stage=sample latch=1 callbacks=61758
client level=info t=556313 ev=nettick stage=sample latch=1 callbacks=62312
client level=info t=558313 ev=nettick stage=sample latch=1 callbacks=62828
client level=info t=561688 ev=retail site=73 text=networking:update: *** it has been 3386 milliseconds since the last network update (longest expected: '500')
client level=info t=561688 ev=nettick stage=sample latch=1 callbacks=62829
server level=info t=561750 ev=gameplay stage=message result=ok id=37 peerstage=5
server level=info t=561750 ev=gameplay stage=player result=properties session=0x5FB246654216A7C4 seq=15 kind=0
client level=info t=563688 ev=nettick stage=sample latch=1 callbacks=63301
server level=info t=564172 ev=ws701 stage=profile_setup result=complete
server level=info t=564531 ev=activity stage=writeback result=ok world_state=0
client level=info t=565688 ev=nettick stage=sample latch=1 callbacks=63819
server level=info t=567266 ev=gameplay stage=message result=ok id=37 peerstage=5
server level=info t=567266 ev=gameplay stage=player result=properties session=0x5FB246654216A7C4 seq=16 kind=0
client level=info t=567688 ev=nettick stage=sample latch=1 callbacks=64359
client level=info t=569688 ev=nettick stage=sample latch=1 callbacks=64903
client level=info t=571188 ev=retail site=10 text=application_state: Suspend state changed from [active] to [partial]
client level=info t=571688 ev=nettick stage=sample latch=1 callbacks=65318
client level=info t=571813 ev=retail site=10 text=application_state: Suspend state changed from [partial] to [active]
client level=info t=572484 ev=retail site=10 text=application_state: Suspend state changed from [active] to [partial]
client level=info t=572938 ev=retail site=10 text=application_state: Suspend state changed from [partial] to [active]
client level=info t=573203 ev=retail site=73 text=networking:update: *** it has been 215 milliseconds since the last network update (longest expected: '500')
client level=info t=573688 ev=nettick stage=sample latch=1 callbacks=65632
server level=info t=575578 ev=gameplay stage=message result=ok id=37 peerstage=5
server level=info t=575578 ev=gameplay stage=player result=properties session=0x5FB246654216A7C4 seq=17 kind=0
client level=info t=575688 ev=nettick stage=sample latch=1 callbacks=66109
client level=info t=577688 ev=nettick stage=sample latch=1 callbacks=66524
client level=info t=579688 ev=nettick stage=sample latch=1 callbacks=66894
client level=info t=581688 ev=nettick stage=sample latch=1 callbacks=67254
client level=info t=582766 ev=retail site=98 text=world_controller:state_manager: The host appears to be launching a different game, sploiking back out through orbit to sync up.
client level=info t=583359 ev=retail site=99 text=world_controller:state_manager: Prerequisite 'ENUM(30)' failed for reason 'unavailable' [context: ], proceeding to cleanup state.
client level=info t=583359 ev=retail site=18 text=world_controller:retail_datamine: Total time spent: [281057] ms in world controller state: [38] name: [activity:in_world]
client level=info t=583359 ev=retail site=45 text=world_controller:slice_set_transition_manager: Mode changed from 'fully_enabled' to 'disabled'.
client level=info t=583359 ev=retail site=3 text=world_controller:state_manager: Entering state 'cleanup' for reason 'unavailable'.
client level=info t=583359 ev=retail site=33 text=world_controller:state:cleanup: Requested task mask: '0x00e0010cb0fbdf3d'
client level=info t=583359 ev=retail site=34 text=world_controller:task_manager: Started   task 'ENUM(0)'.
client level=info t=583359 ev=retail site=35 text=world_controller:task_manager: Completed task 'ENUM(0)' after '0ms'.
client level=info t=583359 ev=retail site=34 text=world_controller:task_manager: Started   task 'ENUM(2)'.
client level=info t=583359 ev=retail site=35 text=world_controller:task_manager: Completed task 'ENUM(2)' after '0ms'.
client level=info t=583359 ev=retail site=34 text=world_controller:task_manager: Started   task 'ENUM(3)'.
client level=info t=583359 ev=retail site=35 text=world_controller:task_manager: Completed task 'ENUM(3)' after '0ms'.
client level=info t=583359 ev=retail site=34 text=world_controller:task_manager: Started   task 'ENUM(4)'.
client level=info t=583359 ev=retail site=34 text=world_controller:task_manager: Started   task 'ENUM(5)'.
client level=info t=583359 ev=retail site=35 text=world_controller:task_manager: Completed task 'ENUM(5)' after '0ms'.
client level=info t=583359 ev=retail site=34 text=world_controller:task_manager: Started   task 'ENUM(8)'.
client level=info t=583359 ev=retail site=35 text=world_controller:task_manager: Completed task 'ENUM(8)' after '0ms'.
client level=info t=583359 ev=retail site=34 text=world_controller:task_manager: Started   task 'ENUM(9)'.
client level=info t=583359 ev=retail site=35 text=world_controller:task_manager: Completed task 'ENUM(9)' after '0ms'.
client level=info t=583359 ev=retail site=34 text=world_controller:task_manager: Started   task 'ENUM(10)'.
client level=info t=583359 ev=retail site=35 text=world_controller:task_manager: Completed task 'ENUM(10)' after '0ms'.
client level=info t=583359 ev=retail site=100 text=networking:session:handoff: [posse:3F1DD771:C34480E2] leaving session 'gracefully' (state host-established)
client level=info t=583359 ev=retail site=101 text=networking:session:protocol: [posse:3F1DD771:C34480E2] host-handoff (leaving), target peer '-1', nobody else in session, leaving immediately
client level=info t=583359 ev=retail site=100 text=networking:session:handoff: [posse:3F1DD771:C34480E2] leaving session 'immediately' (state host-established)
client level=info t=583359 ev=retail site=36 text=networking:session: [posse:3F1DD771:C34480E2] session state is changing from 'host-established' to 'host-disband'.
client level=info t=583359 ev=retail site=34 text=world_controller:task_manager: Started   task 'ENUM(11)'.
client level=info t=583359 ev=retail site=34 text=world_controller:task_manager: Started   task 'ENUM(12)'.
client level=info t=583359 ev=retail site=35 text=world_controller:task_manager: Completed task 'ENUM(12)' after '0ms'.
client level=info t=583359 ev=retail site=34 text=world_controller:task_manager: Started   task 'ENUM(14)'.
client level=info t=583359 ev=retail site=35 text=world_controller:task_manager: Completed task 'ENUM(14)' after '0ms'.
client level=info t=583359 ev=retail site=100 text=networking:session:handoff: [group:C4A71642:6546B25F] leaving session 'gracefully' (state peer-established)
client level=info t=583359 ev=retail site=36 text=networking:session: [group:C4A71642:6546B25F] session state is changing from 'peer-established' to 'peer-leaving'.
client level=info t=583359 ev=retail site=34 text=world_controller:task_manager: Started   task 'ENUM(15)'.
client level=info t=583359 ev=retail site=34 text=world_controller:task_manager: Started   task 'ENUM(16)'.
client level=info t=583359 ev=retail site=35 text=world_controller:task_manager: Completed task 'ENUM(16)' after '0ms'.
client level=info t=583359 ev=retail site=34 text=world_controller:task_manager: Started   task 'ENUM(17)'.
client level=info t=583359 ev=retail site=34 text=world_controller:task_manager: Started   task 'ENUM(19)'.
client level=info t=583359 ev=retail site=34 text=world_controller:task_manager: Started   task 'ENUM(20)'.
client level=info t=583359 ev=retail site=35 text=world_controller:task_manager: Completed task 'ENUM(20)' after '0ms'.
client level=info t=583359 ev=retail site=34 text=world_controller:task_manager: Started   task 'ENUM(21)'.
client level=info t=583359 ev=retail site=34 text=world_controller:task_manager: Started   task 'ENUM(28)'.
client level=info t=583359 ev=retail site=34 text=world_controller:task_manager: Started   task 'ENUM(31)'.
client level=info t=583359 ev=retail site=35 text=world_controller:task_manager: Completed task 'ENUM(31)' after '0ms'.
client level=info t=583359 ev=retail site=34 text=world_controller:task_manager: Started   task 'ENUM(54)'.
client level=info t=583359 ev=retail site=35 text=world_controller:task_manager: Completed task 'ENUM(54)' after '0ms'.
client level=info t=583359 ev=retail site=34 text=world_controller:task_manager: Started   task 'ENUM(55)'.
client level=info t=583359 ev=retail site=38 text=world_controller:state:cleanup: After 1ms, status: '2', tasks active: '0x00800000102a8810', pending: '0x0020010c20c00000', requested: '0x00e0010cb0fbdf3d'
client level=info t=583359 ev=retail site=102 text=networking:session: [posse:3F1DD771:C34480E2] idle-host-disband disconnecting the session.
client level=info t=583359 ev=retail site=103 text=networking:session: [posse:3F1DD771:C34480E2] disconnecting 'posse' session (state host-disband / policy allowed)
client level=info t=583359 ev=retail site=104 text=networking:session:handoff: [group:C4A71642:6546B25F] sending peer leave request (leave_session)
server level=info t=583375 ev=gameplay stage=message result=ok id=15 peerstage=5
server level=info t=583375 ev=gameplay stage=leave result=acknowledged session=0x5FB246654216A7C4
client level=info t=583375 ev=retail site=73 text=networking:update: *** it has been 607 milliseconds since the last network update (longest expected: '500')
client level=info t=583375 ev=retail site=35 text=world_controller:task_manager: Completed task 'ENUM(11)' after '13ms'.
client level=info t=583375 ev=retail site=35 text=world_controller:task_manager: Completed task 'ENUM(17)' after '13ms'.
client level=info t=583375 ev=retail site=35 text=world_controller:task_manager: Completed task 'ENUM(19)' after '13ms'.
client level=info t=583375 ev=retail site=34 text=world_controller:task_manager: Started   task 'ENUM(23)'.
client level=info t=583375 ev=retail site=35 text=world_controller:task_manager: Completed task 'ENUM(28)' after '13ms'.
client level=info t=583375 ev=retail site=103 text=networking:session: [group:C4A71642:6546B25F] disconnecting 'group' session (state peer-leaving / policy allowed)
client level=info t=583375 ev=retail site=100 text=networking:session:handoff: [group:C4A71642:6546B25F] leaving session 'immediately' (state peer-leaving)
client level=info t=583391 ev=retail site=35 text=world_controller:task_manager: Completed task 'ENUM(15)' after '23ms'.
client level=info t=583391 ev=retail site=37 text=world_controller:retail_datamine: About to attempt retail log upload. We have '305' events, dropped '0' from THIS session due to upload cap, and have '105' unique event IDs.
client level=info t=583391 ev=retail site=34 text=world_controller:task_manager: Started   task 'ENUM(29)'.
client level=info t=583391 ev=retail site=35 text=world_controller:task_manager: Completed task 'ENUM(29)' after '0ms'.
client level=info t=583391 ev=retail site=34 text=world_controller:task_manager: Started   task 'ENUM(34)'.
client level=info t=583391 ev=retail site=35 text=world_controller:task_manager: Completed task 'ENUM(34)' after '0ms'.
client level=info t=583391 ev=retail site=94 text=networking:channel:packet_loss_stats: [127.0.0.1:30976:127.0.0.1:30976#<UNKNOWN PEER NAME>] Incoming packet read result summary - 154 ok, 0 discard, 0 discard-expected, 0 corrupt
client level=info t=583391 ev=retail site=95 text=networking:channel:packet_loss_stats: [127.0.0.1:30976:127.0.0.1:30976#<UNKNOWN PEER NAME>] Outgoing packet delivery summary - 154 delivered, 0 of those out-of-order, 0 lost - highest loss fraction seen 0.000
client level=info t=583391 ev=retail site=105 text=networking:channel: channel 127.0.0.1:30976:127.0.0.1:30976#<UNKNOWN PEER NAME>(id '0') (ra: ''0.182.249.64:3097'') state change connected -> closed
client level=info t=583391 ev=retail site=106 text=networking:channel_manager: channel '127.0.0.1:30976:127.0.0.1:30976#<UNKNOWN PEER NAME>' (0): channel closed (reason=channel-manager-owners-released) because '127.0.0.1:30976:127.0.0.1:30976' can't be reached, resetting security
client level=info t=583500 ev=retail site=24 text=world_controller: successfully changed world to:
client level=info t=583500 ev=retail site=35 text=world_controller:task_manager: Completed task 'ENUM(4)' after '139ms'.
client level=info t=583500 ev=retail site=35 text=world_controller:task_manager: Completed task 'ENUM(21)' after '139ms'.
client level=info t=583500 ev=retail site=34 text=world_controller:task_manager: Started   task 'ENUM(22)'.
client level=info t=583500 ev=retail site=34 text=world_controller:task_manager: Started   task 'ENUM(53)'.
client level=info t=583500 ev=retail site=35 text=world_controller:task_manager: Completed task 'ENUM(55)' after '139ms'.
client level=info t=583500 ev=retail site=67 text=networking:activity_client:activity_host_changed: instance=PRIVATE CURRENT, ah-sid=, zombie-instance-nonce=0
client level=info t=583500 ev=retail site=107 text=networking:server:bap: [BAP ID  1 desc:OUT FAH - _connected] Killing.
client level=info t=583500 ev=retail site=108 text=networking:server:bap: [BAP ID  1 desc:OUT FAH - _connected] Last status before fatal error was '_connected[127.0.0.1:30974]-> 1.5s avg/s [rx 0.7p  1.2kb][tx 1.3p  0.7kb][tx block  0.0/q-rem  0.0/s-rem  0.0]'.
client level=info t=583500 ev=retail site=109 text=networking:server:bap: [BAP ID  1 desc:OUT FAH - _connected] Socket stats before fatal error: no socket stats available
client level=info t=583500 ev=retail site=110 text=networking:server:bap: [BAP ID  1 desc:OUT FAH - _connected] Fatal error '_connection_failure_suicide' raised.
client level=info t=583500 ev=retail site=111 text=networking:server:bap: [BAP ID  1 desc:OUT FAH - _dead] Stopping.
client level=info t=583500 ev=retail site=112 text=networking:investment:bap_message_queue: [BAP ID  1 desc:OUT FAH] Stopping...
client level=info t=583500 ev=retail site=67 text=networking:activity_client:activity_host_changed: instance=PUBLIC CURRENT, ah-sid=, zombie-instance-nonce=0
client level=info t=583500 ev=retail site=107 text=networking:server:bap: [BAP ID  2 desc:OUT GAH0 - _connected] Killing.
client level=info t=583500 ev=retail site=108 text=networking:server:bap: [BAP ID  2 desc:OUT GAH0 - _connected] Last status before fatal error was '_connected[127.0.0.1:30974]-> 1.5s avg/s [rx 0.7p  1.2kb][tx 3.3p 17.5kb][tx block  0.0/q-rem  0.0/s-rem  0.0]'.
client level=info t=583500 ev=retail site=109 text=networking:server:bap: [BAP ID  2 desc:OUT GAH0 - _connected] Socket stats before fatal error: no socket stats available
client level=info t=583500 ev=retail site=110 text=networking:server:bap: [BAP ID  2 desc:OUT GAH0 - _connected] Fatal error '_connection_failure_suicide' raised.
client level=info t=583500 ev=retail site=111 text=networking:server:bap: [BAP ID  2 desc:OUT GAH0 - _dead] Stopping.
client level=info t=583500 ev=retail site=112 text=networking:investment:bap_message_queue: [BAP ID  2 desc:OUT GAH0] Stopping...
client level=info t=583500 ev=retail site=35 text=world_controller:task_manager: Completed task 'ENUM(23)' after '128ms'.
server level=info t=583641 squad_entity_retirement stage=capture_source bubble=20 accepted=0 selected=0 slots=-
server level=info t=583641 ev=activity stage=peer_leave result=read peer=0x35F900ECFC25A1B0
client level=info t=583688 ev=nettick stage=sample latch=1 callbacks=67520
client level=info t=583750 ev=retail site=35 text=world_controller:task_manager: Completed task 'ENUM(22)' after '240ms'.
client level=info t=583750 ev=retail site=34 text=world_controller:task_manager: Started   task 'ENUM(35)'.
client level=info t=583750 ev=retail site=34 text=world_controller:task_manager: Started   task 'ENUM(40)'.
client level=info t=583750 ev=retail site=35 text=world_controller:task_manager: Completed task 'ENUM(40)' after '0ms'.
server level=info t=584031 squad_entity_retirement stage=capture_source bubble=20 accepted=0 selected=0 slots=-
server level=info t=584031 ev=activity stage=peer_leave result=read peer=0x35F900ECFC25A1B0
server level=info t=584047 ev=gameplay stage=peer result=closed reason=10
client level=info t=584172 ev=retail site=35 text=world_controller:task_manager: Completed task 'ENUM(53)' after '667ms'.
server level=info t=584859 ev=mission_script stage=close result=stale_generation session=11433003384888623105 activity_row=8
server level=info t=584859 ev=mission_script stage=close result=stale_generation session=11433003384888623106 activity_row=8
server level=warn t=584859 ev=mission_script stage=attach result=no_activity_link session=11433003384888623105
server level=warn t=584859 ev=mission_script stage=attach result=no_activity_link session=11433003384888623106
client level=info t=585344 ev=retail site=24 text=world_controller: successfully changed world to: orbit_d2
client level=info t=585344 ev=retail site=35 text=world_controller:task_manager: Completed task 'ENUM(35)' after '1604ms'.
client level=info t=585344 ev=retail site=18 text=world_controller:retail_datamine: Total time spent: [1985] ms in world controller state: [28] name: [cleanup]
client level=info t=585344 ev=retail site=3 text=world_controller:state_manager: Entering state 'setup:orbit' for reason 'unavailable'.
client level=info t=585344 ev=retail site=45 text=world_controller:slice_set_transition_manager: Mode changed from 'disabled' to 'fully_enabled'.
client level=info t=585344 ev=retail site=12 text=world_controller:retail_datamine: Timed operation: [ENUM(16)], took: [1985 ms], average: [1985.000000 ms], min: [1985.000000], max: [1985.000000], count: [1]
client level=info t=585344 ev=retail site=46 text=world_controller:slice_set_transition_manager: Failed to find the Orbit slice-set name for destination 'HASH(0x13a023bc)', so we're falling back to a new character (Orbit destination 'HASH(0x59ad083e)', slice-set 'HASH(0x841b4ef7)').
client level=info t=585344 ev=retail site=47 text=world_controller:slice_set_transition_manager: Starting a new transition of type 'transitioning:orbit' to 'PRV24.24 (HASH: 0x841b4ef7)'; token advanced to 001
server level=info t=585516 ev=ws701 stage=profile_setup result=complete
client level=info t=585688 ev=nettick stage=sample latch=1 callbacks=68652
server level=info t=586641 ev=activity stage=writeback result=ok world_state=0
server level=info t=586797 ev=ws701 stage=profile_setup result=complete
server level=info t=586922 ev=activity stage=writeback result=ok world_state=0
client level=info t=587688 ev=nettick stage=sample latch=1 callbacks=69775
client level=info t=589219 ev=retail site=48 text=world_controller:slice_set_transition_manager: Stopping transition of type 'transitioning:orbit' due to completed
client level=info t=589453 ev=retail site=18 text=world_controller:retail_datamine: Total time spent: [4101] ms in world controller state: [29] name: [setup:orbit]
client level=info t=589453 ev=retail site=45 text=world_controller:slice_set_transition_manager: Mode changed from 'fully_enabled' to 'disabled'.
client level=info t=589453 ev=retail site=49 text=networking:online:matchmaking: Active matchmaking interface type: 0
client level=info t=589453 ev=retail site=3 text=world_controller:state_manager: Entering state 'setup:activity_session_creation' for reason 'unavailable'.
client level=info t=589453 ev=retail site=50 text=world_controller:task_manager: Started   task 'ENUM(0)'.
client level=info t=589453 ev=retail site=50 text=world_controller:task_manager: Started   task 'ENUM(4)'.
client level=info t=589453 ev=retail site=51 text=world_controller:task_manager: Completed task 'ENUM(4)' after '0ms'.
client level=info t=589453 ev=retail site=52 text=world_controller:state:activity_session_creation: Waiting for session peer properties to be in the expected state (no AH ids). FT [EXPECTED], POSSE [WAITING]
client level=info t=589453 ev=retail site=50 text=world_controller:task_manager: Started   task 'ENUM(5)'.
client level=info t=589469 ev=retail site=49 text=networking:online:matchmaking: Active matchmaking interface type: 0
client level=info t=589469 ev=retail site=51 text=world_controller:task_manager: Completed task 'ENUM(0)' after '15ms'.
client level=info t=589469 ev=retail site=50 text=world_controller:task_manager: Started   task 'ENUM(1)'.
server level=info t=589469 ev=bap svc=42 stage=configuration result=ok activity_hash=0xEC70749B type_hash=0xD07BB2D7 activity=9 name=planet_x_freeroam current_activity_policy=0 changed=0
client level=info t=589484 ev=retail site=51 text=world_controller:task_manager: Completed task 'ENUM(1)' after '13ms'.
client level=info t=589484 ev=retail site=50 text=world_controller:task_manager: Started   task 'ENUM(2)'.
client level=info t=589688 ev=nettick stage=sample latch=1 callbacks=70771
client level=info t=590234 ev=retail site=39 text=networking:session:membership:dump: [posse:00000000:00000000] update_number: 2, leader_peer_index: # 0, host_peer_index: # 0
client level=info t=590234 ev=retail site=40 text=networking:session:membership:dump:   peers valid: 0x1, non-dormant: 0x1, changed: 0x1, removed: 0x0; players valid: 0x1, changed: 0x0, removed: 0x0
client level=info t=590234 ev=retail site=41 text=networking:session:membership:dump:   peer # 0 a=[steamid:76561198776753861#27585bd9a5ee2ad1] s=          _connected o=-1 j=[XXXXXXXX-XXXXXXXX] amb=[XXXXXXXX-XXXXXXXX] pc=1 peer_name=<UNKNOWN PEER NAME> session_id=Tue_09082026_213228_023624@x64@unknown_pc_user@B0_A1_25_FC_EC_00_F935 flags=6
client level=info t=590234 ev=retail site=36 text=networking:session: [posse:00000000:00000000] session state is changing from 'none' to 'host-established'.
client level=info t=590234 ev=retail site=53 text=networking:session:create: join-driven session creation (local and remote peers) assigned a promordial join nonce of 60FBBFFF-4F153300
client level=info t=590234 ev=retail site=39 text=networking:session:membership:dump: [posse:00000000:00000000] update_number: 5, leader_peer_index: # 0, host_peer_index: # 0
client level=info t=590234 ev=retail site=40 text=networking:session:membership:dump:   peers valid: 0x1, non-dormant: 0x1, changed: 0x1, removed: 0x0; players valid: 0x1, changed: 0x0, removed: 0x0
client level=info t=590234 ev=retail site=41 text=networking:session:membership:dump:   peer # 0 a=[steamid:76561198776753861#27585bd9a5ee2ad1] s=            _joining o=-1 j=[60FBBFFF-4F153300] amb=[XXXXXXXX-XXXXXXXX] pc=1 peer_name=<UNKNOWN PEER NAME> session_id=Tue_09082026_213228_023624@x64@unknown_pc_user@B0_A1_25_FC_EC_00_F935 flags=6
client level=info t=590234 ev=retail site=50 text=world_controller:task_manager: Started   task 'ENUM(3)'.
client level=info t=590234 ev=retail site=51 text=world_controller:task_manager: Completed task 'ENUM(3)' after '0ms'.
client level=info t=590234 ev=retail site=51 text=world_controller:task_manager: Completed task 'ENUM(5)' after '782ms'.
client level=info t=590234 ev=retail site=54 text=world_controller:session_manager: PRIVATE session [posse:00000000:00000000] unable to get session keys.
client level=info t=590234 ev=retail site=51 text=world_controller:task_manager: Completed task 'ENUM(2)' after '758ms'.
client level=info t=590234 ev=retail site=55 text=world_controller:state:activity_session_creation: As HOST, peers done: skill read: , config refresh: 0, reputation read: 0
client level=info t=590234 ev=retail site=42 text=networking:session:process-pending-joins: [posse:620B1CB1:E766DC21] marking all peers in join [60FBBFFF-4F153300] as joined
client level=info t=590234 ev=retail site=39 text=networking:session:membership:dump: [posse:620B1CB1:E766DC21] update_number: 7, leader_peer_index: # 0, host_peer_index: # 0
client level=info t=590234 ev=retail site=40 text=networking:session:membership:dump:   peers valid: 0x1, non-dormant: 0x1, changed: 0x1, removed: 0x0; players valid: 0x1, changed: 0x0, removed: 0x0
client level=info t=590234 ev=retail site=41 text=networking:session:membership:dump:   peer # 0 a=[steamid:76561198776753861#27585bd9a5ee2ad1] s=            _waiting o=-1 j=[60FBBFFF-4F153300] amb=[XXXXXXXX-XXXXXXXX] pc=1 peer_name=<UNKNOWN PEER NAME> session_id=Tue_09082026_213228_023624@x64@unknown_pc_user@B0_A1_25_FC_EC_00_F935 flags=6
client level=info t=590234 ev=retail site=43 text=networking:session:process-pending-joins: [posse:620B1CB1:E766DC21] marking all peers in join [60FBBFFF-4F153300] as ready, [9] ms since peer [0] created, [590319] since join was queued
client level=info t=590234 ev=retail site=39 text=networking:session:membership:dump: [posse:620B1CB1:E766DC21] update_number: 8, leader_peer_index: # 0, host_peer_index: # 0
client level=info t=590234 ev=retail site=40 text=networking:session:membership:dump:   peers valid: 0x1, non-dormant: 0x1, changed: 0x1, removed: 0x0; players valid: 0x1, changed: 0x0, removed: 0x0
client level=info t=590234 ev=retail site=41 text=networking:session:membership:dump:   peer # 0 a=[steamid:76561198776753861#27585bd9a5ee2ad1] s=              _ready o=-1 j=[60FBBFFF-4F153300] amb=[XXXXXXXX-XXXXXXXX] pc=1 peer_name=<UNKNOWN PEER NAME> session_id=Tue_09082026_213228_023624@x64@unknown_pc_user@B0_A1_25_FC_EC_00_F935 flags=6
client level=info t=590250 ev=retail site=39 text=networking:session:membership:dump: [posse:620B1CB1:E766DC21] update_number: 9, leader_peer_index: # 0, host_peer_index: # 0
client level=info t=590250 ev=retail site=40 text=networking:session:membership:dump:   peers valid: 0x1, non-dormant: 0x1, changed: 0xffffffff, removed: 0x0; players valid: 0x1, changed: 0xffffffff, removed: 0x0
client level=info t=590250 ev=retail site=41 text=networking:session:membership:dump:   peer # 0 a=[steamid:76561198776753861#27585bd9a5ee2ad1] s=              _ready o=-1 j=[60FBBFFF-4F153300] amb=[XXXXXXXX-XXXXXXXX] pc=1 peer_name=<UNKNOWN PEER NAME> session_id=Tue_09082026_213228_023624@x64@unknown_pc_user@B0_A1_25_FC_EC_00_F935 flags=7
client level=info t=590250 ev=retail site=44 text=networking:session:process-pending-joins: [posse:620B1CB1:E766DC21] marking all peers in join [60FBBFFF-4F153300] as established
client level=info t=590250 ev=retail site=39 text=networking:session:membership:dump: [posse:620B1CB1:E766DC21] update_number: 11, leader_peer_index: # 0, host_peer_index: # 0
client level=info t=590250 ev=retail site=40 text=networking:session:membership:dump:   peers valid: 0x1, non-dormant: 0x1, changed: 0x1, removed: 0x0; players valid: 0x1, changed: 0x0, removed: 0x0
client level=info t=590250 ev=retail site=41 text=networking:session:membership:dump:   peer # 0 a=[steamid:76561198776753861#27585bd9a5ee2ad1] s=        _established o=-1 j=[XXXXXXXX-XXXXXXXX] amb=[XXXXXXXX-XXXXXXXX] pc=1 peer_name=<UNKNOWN PEER NAME> session_id=Tue_09082026_213228_023624@x64@unknown_pc_user@B0_A1_25_FC_EC_00_F935 flags=7
client level=info t=590250 ev=retail site=56 text=world_controller:state:activity_session_creation: Activity session 'posse:620B1CB1:E766DC21' successfully created, trying to move on.
client level=info t=590250 ev=retail site=57 text=world_controller:state_manager: State 'setup:matchmaking' requested for reason 'unavailable', but we can't: 'active outbound FT join [IN-PROGRESS]'.
client level=info t=590250 ev=retail site=18 text=world_controller:retail_datamine: Total time spent: [801] ms in world controller state: [30] name: [setup:activity_session_creation]
client level=info t=590250 ev=retail site=3 text=world_controller:state_manager: Entering state 'setup:matchmaking' for reason 'unavailable'.
client level=info t=590250 ev=retail site=18 text=world_controller:retail_datamine: Total time spent: [0] ms in world controller state: [31] name: [setup:matchmaking]
client level=info t=590250 ev=retail site=58 text=world_controller:retail_datamine: Timed operation Matchmaking, took: [0 seconds]
client level=info t=590250 ev=retail site=3 text=world_controller:state_manager: Entering state 'setup:activity_host_setup' for reason 'unavailable'.
client level=info t=590266 ev=retail site=59 text=networking:activity_client:messaging_interface:bap: AH IP resolution successful: 'proxy -> 127.0.0.1:30974'.
server level=info t=590281 ev=transport stage=accept result=ok conn=2
server level=warn t=590297 ev=bap svc=25 stage=plaintext result=shape_accepted conn=2 len=36 b0=0A b1=20 b34=10 b35=02
client level=info t=590313 ev=retail site=60 text=world_controller:activity_manager: Connected 'PRIVATE CURRENT' activity client.
client level=info t=590313 ev=retail site=61 text=world_controller:activity_manager: 'PRIVATE CURRENT' activity client requesting activity host startup [activity: 0x0009 (HASH(0xec70749b))(type: HASH(0xd07bb2d7))(grognok: planet_x_freeroam)(destination: HASH(0x0790b877))(nonce: 9EAAEE1E-B9CC6CE7) for reason 'ENUM(0)'(override: planet_x_freeroam)][reservation count 1]
server level=warn t=590313 ev=mission_script stage=attach result=activity_join_pending session=11433003384888623114
client level=info t=590328 ev=retail site=62 text=networking:activity_client:receive_message_from_host: [AC PRIVATE CURRENT CON-Y EST-N AH->0 MEM-0] received startup response from AH [id 9EAA3001:0020000A][session ]
client level=info t=590328 ev=retail site=63 text=networking:activity_client: [AC PRIVATE CURRENT CON-Y EST-N AH->0 MEM-0] Sent join request: [AH 9EAA3001:0020000A][nonce -1436166992] identity:[account -7013740688821976832][character -7013740688821976831][machine B0:A1:25:FC:EC:00:F935][player B2:95:94:7D:F8:F9:AC:BB] [global resources 0x6c] (part 1/2)
client level=info t=590328 ev=retail site=64 text=networking:activity_client: [AC PRIVATE CURRENT CON-Y EST-N AH->0 MEM-0] Properties [session Tue_09082026_213228_023624@x64@76561198776753861@B0_A1_25_FC_EC_00_F935][FAH --------:--------][GAH --------:--------][FTID 0x1788a6453d3d3112] (part 2/2)
client level=info t=590328 ev=retail site=65 text=world_controller:activity_manager: 'PRIVATE CURRENT' activity client sent join request to AH 9EAA3001:0020000A, host=Tue_09082026_213228_023624@x64@unknown_pc_user@B0_A1_25_FC_EC_00_F935
server level=info t=590391 ev=gameplay stage=activityhost result=retired session=0x9EAA300100200006 generation=5 state=freed
server level=info t=590391 ev=gameplay stage=activityhost result=allocated session=0x9EAA30010020000B group=0xAC3B28D12188B0FC generation=9 port=30984 held=5
server level=info t=590391 ev=gameplay stage=advertise result=ok region=24 region_source=arrival ambassador_slot=1
server level=warn t=590406 ev=activity stage=roster result=no_epoch soid=0x9EAA30010020000A public=0 dest= groups=0 top=0 sub=0 subkeys=0 objects=0 bytes=0 state=0 auth=0 authstate=-1 authfirst=-1:-1:0x0:0x0 authlast=-1:-1:0x0:0x0 sceneempty=0 engageempty=0 keygroup=0x0 grant=-1 region=0 slice=0 spawn=0x0 join=0x9EAA300100100101 player=0x0 pending_region=-1 current_region=-1 client_bubble=-1 held=-1 entered=0 selected=0 hash=0x0000000000000000 force=0x00
client level=info t=590406 ev=retail site=66 text=networking:activity_client:receive_message_from_host: [AC PRIVATE CURRENT CON-Y EST-N AH->0 MEM-0] Received join result from AH '9EAA3001:0020000A' [nonce -1436166992][result 0][session id ][replication epoch 0].
client level=info t=590406 ev=retail site=67 text=networking:activity_client:activity_host_changed: instance=PRIVATE CURRENT, ah-sid=, zombie-instance-nonce=0
client level=info t=590406 ev=probe stage=msg12 result=received client=0x1AB48347478 slot=0 label=PRIVATE CURRENT member=0x35F900ECFC25A1B0 status=0x00FE->0x01FE flag=1
client level=info t=590406 ev=probe stage=bind client=0x1AB48347478 established=0x9EAA30010020000A slotrec=0x1AB2F7BD9A0 roster=0x1ABECD851C0 receipt=0
client level=info t=590406 ev=probe stage=hosttail client=0x1AB48347478 b=00000000000000000000000000000000000000000000000000000000000000000000000000000000FFFFFFFF00000000
client level=info t=590406 ev=probe stage=grant client=0x1AB48347478 status=0x01FE pending=7936 dirty=0 receipt=0
server level=info t=590406 ev=mission_script stage=open result=no_script session=11433003384888623114 activity_row=10
server level=warn t=590406 ev=mission_script stage=attach result=no_script session=11433003384888623114 activity_row=10
server level=warn t=590406 ev=mission_script stage=attach result=no_activity_link session=11433003384888623115
server level=info t=590406 ev=gameplay stage=activityhost result=retired session=0x9EAA300100200003 generation=2 state=freed
server level=info t=590406 ev=gameplay stage=activityhost result=retired session=0x9EAA300100200004 generation=3 state=freed
server level=info t=590406 ev=gameplay stage=activityhost result=retired session=0x9EAA300100200005 generation=4 state=freed
server level=info t=590406 ev=gameplay stage=activityhost result=retired session=0x9EAA300100200007 generation=6 state=freed
server level=info t=590406 ev=gameplay stage=activityhost result=retired session=0x9EAA300100200008 generation=7 state=freed
server level=info t=590406 ev=gameplay stage=activityhost result=retired session=0x9EAA300100200009 generation=8 state=freed
server level=info t=590406 ev=gameplay stage=activityhost result=allocated session=0x9EAA30010020000C group=0x4166B2753084D2E4 generation=10 port=30978 held=2
server level=info t=590406 ev=gameplay stage=activityhost result=allocated session=0x9EAA30010020000D group=0x50A28C493650F24C generation=11 port=30980 held=3
server level=info t=590406 ev=gameplay stage=activityhost result=allocated session=0x9EAA30010020000E group=0x5EFEDE9D3C3C9394 generation=12 port=30982 held=4
server level=info t=590406 ev=gameplay stage=activityhost result=allocated session=0x9EAA30010020000F group=0xBA777B2527575044 generation=13 port=30986 held=6
server level=info t=590406 ev=gameplay stage=activityhost result=allocated session=0x9EAA300100200010 group=0x89B3B5792D2371AC generation=14 port=30988 held=7
server level=info t=590422 ev=gameplay stage=activityhost result=allocated session=0x9EAA300100200011 group=0x97CF874D128F6EF4 generation=15 port=30990 held=8
server level=info t=590422 ev=gameplay stage=activityhost result=allocated session=0x9EAA300100200012 group=0xE50BD181185B0E5C generation=16 port=30992 held=9
client level=info t=590422 ev=retail site=68 text=world_controller:state:activity_setup: 'NOJIP' flow, waiting. posse_peers_not_ready_sanitized=0, posse_peers_not_ready=0
client level=info t=590453 ev=probe stage=msg12 result=received client=0x1AB48347478 slot=0 label=PRIVATE CURRENT member=0x35F900ECFC25A1B0 status=0x01FE->0x01FE flag=1
client level=info t=590453 ev=probe stage=bind client=0x1AB48347478 established=0x9EAA30010020000A slotrec=0x1AB2F7BD9A0 roster=0x1ABECD851C0 receipt=0
client level=info t=590469 ev=probe stage=msg12 result=received client=0x1AB48347478 slot=0 label=PRIVATE CURRENT member=0x35F900ECFC25A1B0 status=0x01FE->0x01FE flag=1
client level=info t=590469 ev=probe stage=bind client=0x1AB48347478 established=0x9EAA30010020000A slotrec=0x1AB2F7BD9A0 roster=0x1ABECD851C0 receipt=0
server level=warn t=590469 ev=mission_script stage=attach result=no_activity_link session=11433003384888623116
server level=warn t=590469 ev=mission_script stage=attach result=no_activity_link session=11433003384888623117
server level=warn t=590469 ev=mission_script stage=attach result=no_activity_link session=11433003384888623118
server level=warn t=590469 ev=mission_script stage=attach result=no_activity_link session=11433003384888623119
server level=warn t=590469 ev=mission_script stage=attach result=no_activity_link session=11433003384888623120
server level=warn t=590469 ev=mission_script stage=attach result=no_activity_link session=11433003384888623121
server level=warn t=590469 ev=mission_script stage=attach result=no_activity_link session=11433003384888623122
server level=info t=590500 ev=ws701 stage=profile_setup result=complete
server level=info t=590656 ev=activity stage=writeback result=ok world_state=1
client level=info t=591250 ev=retail site=18 text=world_controller:retail_datamine: Total time spent: [1001] ms in world controller state: [32] name: [setup:activity_host_setup]
client level=info t=591250 ev=retail site=3 text=world_controller:state_manager: Entering state 'setup:prologue_intro_loading' for reason 'unavailable'.
client level=info t=591250 ev=retail site=69 text=world_controller:task_manager: Started   task 'ENUM(0)'.
client level=info t=591328 ev=probe stage=msg12 result=received client=0x1AB48347478 slot=0 label=PRIVATE CURRENT member=0x35F900ECFC25A1B0 status=0x01FE->0x01FE flag=1
client level=info t=591328 ev=probe stage=bind client=0x1AB48347478 established=0x9EAA30010020000A slotrec=0x1AB2F7BD9A0 roster=0x1ABECD851C0 receipt=0
client level=info t=591688 ev=nettick stage=sample latch=1 callbacks=71517
client level=info t=592078 ev=retail site=70 text=world_controller:task_manager: Completed task 'ENUM(0)' after '829ms'.
client level=info t=592078 ev=retail site=69 text=world_controller:task_manager: Started   task 'ENUM(1)'.
client level=info t=592094 ev=retail site=70 text=world_controller:task_manager: Completed task 'ENUM(1)' after '7ms'.
client level=info t=592094 ev=retail site=18 text=world_controller:retail_datamine: Total time spent: [836] ms in world controller state: [33] name: [setup:prologue_intro_loading]
client level=info t=592094 ev=retail site=3 text=world_controller:state_manager: Entering state 'setup:orbit_outro' for reason 'unavailable'.
client level=info t=592406 ev=probe stage=hosttail client=0x1AB48347478 b=00000000000000000000000000000000000000000000000000000000000000000000000000000000FFFFFFFF00000000
client level=info t=592406 ev=probe stage=grant client=0x1AB48347478 status=0x01FE pending=7936 dirty=0 receipt=0
client level=info t=593375 ev=probe stage=msg12 result=received client=0x1AB48347478 slot=0 label=PRIVATE CURRENT member=0x35F900ECFC25A1B0 status=0x01FE->0x01FE flag=1
client level=info t=593375 ev=probe stage=bind client=0x1AB48347478 established=0x9EAA30010020000A slotrec=0x1AB2F7BD9A0 roster=0x1ABECD851C0 receipt=0
client level=info t=593688 ev=nettick stage=sample latch=1 callbacks=72277
client level=info t=594406 ev=probe stage=hosttail client=0x1AB48347478 b=00000000000000000000000000000000000000000000000000000000000000000000000000000000FFFFFFFF00000000
client level=info t=594406 ev=probe stage=grant client=0x1AB48347478 status=0x01FE pending=7936 dirty=0 receipt=0
client level=info t=595688 ev=nettick stage=sample latch=1 callbacks=73065
client level=info t=596406 ev=probe stage=hosttail client=0x1AB48347478 b=00000000000000000000000000000000000000000000000000000000000000000000000000000000FFFFFFFF00000000
client level=info t=596406 ev=probe stage=grant client=0x1AB48347478 status=0x01FE pending=7936 dirty=0 receipt=0
client level=info t=597688 ev=nettick stage=sample latch=1 callbacks=73889
client level=info t=598406 ev=probe stage=hosttail client=0x1AB48347478 b=00000000000000000000000000000000000000000000000000000000000000000000000000000000FFFFFFFF00000000
client level=info t=598406 ev=probe stage=grant client=0x1AB48347478 status=0x01FE pending=7936 dirty=0 receipt=0
client level=info t=599688 ev=nettick stage=sample latch=1 callbacks=74610
client level=info t=600406 ev=probe stage=hosttail client=0x1AB48347478 b=00000000000000000000000000000000000000000000000000000000000000000000000000000000FFFFFFFF00000000
client level=info t=600406 ev=probe stage=grant client=0x1AB48347478 status=0x01FE pending=7936 dirty=0 receipt=0
client level=info t=601688 ev=nettick stage=sample latch=1 callbacks=75364
client level=info t=602016 ev=retail site=73 text=networking:update: *** it has been 327 milliseconds since the last network update (longest expected: '500')
client level=info t=602406 ev=probe stage=hosttail client=0x1AB48347478 b=00000000000000000000000000000000000000000000000000000000000000000000000000000000FFFFFFFF00000000
client level=info t=602406 ev=probe stage=grant client=0x1AB48347478 status=0x01FE pending=7936 dirty=0 receipt=0
client level=info t=602906 ev=retail site=97 text=networking:stream_manager:retail: Local peer network quality = 1.000000/1.0, worst_axis = -1
client level=info t=603688 ev=nettick stage=sample latch=1 callbacks=76072
client level=info t=604406 ev=probe stage=hosttail client=0x1AB48347478 b=00000000000000000000000000000000000000000000000000000000000000000000000000000000FFFFFFFF00000000
client level=info t=604406 ev=probe stage=grant client=0x1AB48347478 status=0x01FE pending=7936 dirty=0 receipt=0
client level=info t=605688 ev=nettick stage=sample latch=1 callbacks=76869
client level=info t=606406 ev=probe stage=hosttail client=0x1AB48347478 b=00000000000000000000000000000000000000000000000000000000000000000000000000000000FFFFFFFF00000000
client level=info t=606406 ev=probe stage=grant client=0x1AB48347478 status=0x01FE pending=7936 dirty=0 receipt=0
client level=info t=607688 ev=nettick stage=sample latch=1 callbacks=77623
client level=info t=608406 ev=probe stage=hosttail client=0x1AB48347478 b=00000000000000000000000000000000000000000000000000000000000000000000000000000000FFFFFFFF00000000
client level=info t=608406 ev=probe stage=grant client=0x1AB48347478 status=0x01FE pending=7936 dirty=0 receipt=0
client level=info t=609688 ev=nettick stage=sample latch=1 callbacks=78386
client level=info t=610406 ev=probe stage=hosttail client=0x1AB48347478 b=00000000000000000000000000000000000000000000000000000000000000000000000000000000FFFFFFFF00000000
client level=info t=610406 ev=probe stage=grant client=0x1AB48347478 status=0x01FE pending=7936 dirty=0 receipt=0
client level=info t=611688 ev=nettick stage=sample latch=1 callbacks=79132
client level=info t=612406 ev=probe stage=hosttail client=0x1AB48347478 b=00000000000000000000000000000000000000000000000000000000000000000000000000000000FFFFFFFF00000000
client level=info t=612406 ev=probe stage=grant client=0x1AB48347478 status=0x01FE pending=7936 dirty=0 receipt=0
client level=info t=613688 ev=nettick stage=sample latch=1 callbacks=79896
client level=info t=614406 ev=probe stage=hosttail client=0x1AB48347478 b=00000000000000000000000000000000000000000000000000000000000000000000000000000000FFFFFFFF00000000
client level=info t=614406 ev=probe stage=grant client=0x1AB48347478 status=0x01FE pending=7936 dirty=0 receipt=0
client level=info t=615688 ev=nettick stage=sample latch=1 callbacks=80696
client level=info t=616406 ev=probe stage=hosttail client=0x1AB48347478 b=00000000000000000000000000000000000000000000000000000000000000000000000000000000FFFFFFFF00000000
client level=info t=616406 ev=probe stage=grant client=0x1AB48347478 status=0x01FE pending=7936 dirty=0 receipt=0
client level=info t=617688 ev=nettick stage=sample latch=1 callbacks=81435
client level=info t=618406 ev=probe stage=hosttail client=0x1AB48347478 b=00000000000000000000000000000000000000000000000000000000000000000000000000000000FFFFFFFF00000000
client level=info t=618406 ev=probe stage=grant client=0x1AB48347478 status=0x01FE pending=7936 dirty=0 receipt=0
client level=info t=619688 ev=nettick stage=sample latch=1 callbacks=82214
client level=info t=620406 ev=probe stage=hosttail client=0x1AB48347478 b=00000000000000000000000000000000000000000000000000000000000000000000000000000000FFFFFFFF00000000
client level=info t=620406 ev=probe stage=grant client=0x1AB48347478 status=0x01FE pending=7936 dirty=0 receipt=0
server level=info t=620859 ev=ws701 stage=profile_setup result=complete
client level=info t=621688 ev=nettick stage=sample latch=1 callbacks=82963
client level=info t=622391 ev=retail site=18 text=world_controller:retail_datamine: Total time spent: [30307] ms in world controller state: [34] name: [setup:orbit_outro]
client level=info t=622391 ev=retail site=3 text=world_controller:state_manager: Entering state 'setup:activity_world_transition' for reason 'unavailable'.
client level=info t=622391 ev=retail site=71 text=world_controller:task_manager: Started   task 'ENUM(0)'.
client level=info t=622391 ev=retail site=71 text=world_controller:task_manager: Started   task 'ENUM(1)'.
client level=info t=622391 ev=retail site=72 text=world_controller:task_manager: Completed task 'ENUM(1)' after '0ms'.
client level=info t=622656 ev=bootflow stage=owner_slot result=forced was=0 now=1
client level=info t=622875 ev=retail site=24 text=world_controller: successfully changed world to: planet_x_freeroam
client level=info t=622891 ev=retail site=73 text=networking:update: *** it has been 487 milliseconds since the last network update (longest expected: '500')
client level=info t=622891 ev=retail site=72 text=world_controller:task_manager: Completed task 'ENUM(0)' after '487ms'.
client level=info t=622891 ev=retail site=18 text=world_controller:retail_datamine: Total time spent: [487] ms in world controller state: [35] name: [setup:activity_world_transition]
client level=info t=622891 ev=retail site=3 text=world_controller:state_manager: Entering state 'activity:initial_slice_set_loading' for reason 'unavailable'.
client level=info t=622891 ev=retail site=74 text=world_controller:task_manager: Started   task 'ENUM(0)'.
client level=info t=622891 ev=retail site=74 text=world_controller:task_manager: Started   task 'ENUM(1)'.
client level=info t=622891 ev=retail site=74 text=world_controller:task_manager: Started   task 'ENUM(4)'.
client level=info t=622891 ev=probe stage=hosttail client=0x1AB48347478 b=00000000000000000000000000000000000000000000000000000000000000000000000000000000FFFFFFFF00000000
client level=info t=622891 ev=probe stage=grant client=0x1AB48347478 status=0x01FE pending=7936 dirty=1 receipt=1
client level=info t=622891 ev=retail site=75 text=world_controller:task_manager: Completed task 'ENUM(1)' after '5ms'.
client level=info t=622891 ev=retail site=45 text=world_controller:slice_set_transition_manager: Mode changed from 'disabled' to 'initial_slice_set_precaching'.
client level=info t=622891 ev=retail site=74 text=world_controller:task_manager: Started   task 'ENUM(2)'.
client level=info t=622891 ev=retail site=74 text=world_controller:task_manager: Started   task 'ENUM(3)'.
client level=info t=622891 ev=retail site=75 text=world_controller:task_manager: Completed task 'ENUM(4)' after '5ms'.
client level=info t=622891 ev=retail site=74 text=world_controller:task_manager: Started   task 'ENUM(6)'.
client level=info t=622891 ev=retail site=74 text=world_controller:task_manager: Started   task 'ENUM(7)'.
client level=info t=622891 ev=bootflow stage=region result=public slice_set=24
client level=info t=622891 ev=retail site=47 text=world_controller:slice_set_transition_manager: Starting a new transition of type 'transitioning:initial_slice_set' to 'PUB24.24 (HASH: 0xfaa78fcb)'; token advanced to 001
client level=info t=622906 ev=retail site=76 text=world_controller:slice_set_transition_manager: Starting citizen join for region 'PUB24.24 (HASH: 0xfaa78fcb)' to session id: 'FCB08821:D1283BAC', AH ID: '9EAA3001:0020000B'. Ambassador is activity peer '1'.
client level=info t=622906 ev=retail site=75 text=world_controller:task_manager: Completed task 'ENUM(0)' after '10ms'.
client level=info t=622906 ev=retail site=74 text=world_controller:task_manager: Started   task 'ENUM(5)'.
client level=info t=622906 ev=retail site=77 text=networking:session:join-remote: [group_target:00:00:00:00:00:00:00:00] attempting join local users to remote session class=system-link-demonware, type=group, join_type=citizen, silo_id=23553, content_revision=2
client level=info t=622906 ev=retail site=78 text=networking:session:join: remote join to id FCB08821:D1283BAC, online session                      7764493897030610152, join type citizen
client level=info t=622906 ev=retail site=79 text=networking:session:join: remote join to key '00000000:00000000:00000000:00000000'
client level=info t=622906 ev=retail site=80 text=networking:session:join: remote join to host-address 127.0.0.1:30984:127.0.0.1:30984
client level=info t=622906 ev=retail site=81 text=networking:session:join: our address 127.0.0.1:3097:127.0.0.1:3097
client level=info t=622906 ev=retail site=36 text=networking:session: [group_target:00000000:00000000] session state is changing from 'none' to 'peer-creating'.
client level=info t=622906 ev=retail site=36 text=networking:session: [group_target:FCB08821:D1283BAC] session state is changing from 'peer-creating' to 'peer-joining'.
server level=info t=623141 ev=activity stage=writeback result=ok world_state=1
server level=info t=623156 ev=gameplay stage=traversal result=reply from=0x7F000001:3097
server level=info t=623156 ev=gameplay stage=traversal result=reply from=0x7F000001:3097
server level=info t=623547 ev=ws701 stage=profile_setup result=complete
client level=info t=623688 ev=nettick stage=sample latch=1 callbacks=83588
client level=info t=623891 ev=retail site=75 text=world_controller:task_manager: Completed task 'ENUM(5)' after '994ms'.
server level=info t=623938 ev=activity stage=writeback result=ok world_state=1
client level=info t=625063 ev=retail site=113 text=networking:bap:investment_bap_manager:drought: BAP DESC: BAP  OUT PRIMARY _connected[1.0.0.127:30974]-> 1.5s avg/s [rx 0.0p  0.0kb][tx 1.3p 38.2kb][tx block  0.0/q-rem  0.0/s-rem  0.0] IP: 1.0.0.127:30974
client level=info t=625063 ev=retail site=114 text=networking:bap:investment_bap_manager:drought: SOCKET INFO: BAP  OUT PRIMARY no socket stats available
client level=info t=625063 ev=retail site=115 text=networking:bap:investment_bap_manager:drought: SEND/RECV INFO: BAP  OUT PRIMARY [sent 157 messages/212161 bytes/last 2157 ms ago][received 157 messages/98042 bytes/last 0 ms ago]
client level=info t=625063 ev=retail site=113 text=networking:bap:investment_bap_manager:drought: BAP DESC: BAP      OUT FAH _connected[127.0.0.1:30974]-> 1.5s avg/s [rx 0.7p  1.2kb][tx 4.0p 25.1kb][tx block  0.0/q-rem  0.0/s-rem  0.0] IP: 127.0.0.1:30974
client level=info t=625063 ev=retail site=114 text=networking:bap:investment_bap_manager:drought: SOCKET INFO: BAP      OUT FAH no socket stats available
client level=info t=625063 ev=retail site=115 text=networking:bap:investment_bap_manager:drought: SEND/RECV INFO: BAP      OUT FAH [sent 50 messages/23631 bytes/last 1768 ms ago][received 33 messages/31668 bytes/last 5665 ms ago]
client level=info t=625063 ev=retail site=73 text=networking:update: *** it has been 1169 milliseconds since the last network update (longest expected: '500')
server level=info t=625094 ev=gameplay stage=advertise result=ok region=24 region_source=reported ambassador_slot=1
client level=info t=625141 ev=probe stage=msg12 result=received client=0x1AB48347478 slot=0 label=PRIVATE CURRENT member=0x35F900ECFC25A1B0 status=0x01FE->0x01FE flag=1
client level=info t=625141 ev=probe stage=bind client=0x1AB48347478 established=0x9EAA30010020000A slotrec=0x1AB2F7BD9A0 roster=0x1ABECD851C0 receipt=1
client level=info t=625141 ev=probe stage=msg12 result=received client=0x1AB48347478 slot=0 label=PRIVATE CURRENT member=0x35F900ECFC25A1B0 status=0x01FE->0x01FE flag=1
client level=info t=625141 ev=probe stage=bind client=0x1AB48347478 established=0x9EAA30010020000A slotrec=0x1AB2F7BD9A0 roster=0x1ABECD851C0 receipt=1
client level=info t=625141 ev=probe stage=hosttail client=0x1AB48347478 b=00000000000000000000000000000000000000000000000000000000000000000000000000000000FFFFFFFF00000000
client level=info t=625141 ev=probe stage=grant client=0x1AB48347478 status=0x01FE pending=0 dirty=0 receipt=1
server level=info t=625141 ev=gameplay stage=dtls result=ok step=init_ack peer_tag=0xA46D local_tag=0xADDD
server level=info t=625141 ev=gameplay stage=dtls result=ok step=init_ack peer_tag=0xA46D local_tag=0x5C2C
server level=warn t=625172 ev=gameplay stage=dtls result=drop reason=cookie_mismatch
client level=info t=625688 ev=nettick stage=sample latch=1 callbacks=83931
server level=warn t=626141 ev=gameplay stage=dtls result=drop reason=cookie_mismatch
client level=info t=627141 ev=probe stage=hosttail client=0x1AB48347478 b=00000000000000000000000000000000000000000000000000000000000000000000000000000000FFFFFFFF00000000
client level=info t=627141 ev=probe stage=grant client=0x1AB48347478 status=0x01FE pending=0 dirty=0 receipt=1
server level=warn t=627172 ev=gameplay stage=dtls result=drop reason=cookie_mismatch
client level=info t=627688 ev=nettick stage=sample latch=1 callbacks=84690
client level=info t=627766 ev=retail site=75 text=world_controller:task_manager: Completed task 'ENUM(6)' after '4873ms'.
client level=info t=627906 ev=retail site=89 text=world_controller:state:activity:initial_slice_set_loading: Timeout entering the prologue-filler (given 5000ms).
client level=info t=627906 ev=retail site=74 text=world_controller:task_manager: Started   task 'ENUM(9)'.
server level=warn t=628172 ev=gameplay stage=dtls result=drop reason=cookie_mismatch
client level=info t=628906 ev=retail site=116 text=networking:channel_manager: 127.0.0.1:30984:127.0.0.1:30984#<UNKNOWN PEER NAME> [relay] starting the nat relay to connect to '127.0.0.1:30984:127.0.0.1:30984', time in state: '0'ms.
client level=info t=629141 ev=probe stage=hosttail client=0x1AB48347478 b=00000000000000000000000000000000000000000000000000000000000000000000000000000000FFFFFFFF00000000
client level=info t=629141 ev=probe stage=grant client=0x1AB48347478 status=0x01FE pending=0 dirty=0 receipt=1
server level=warn t=629172 ev=gameplay stage=dtls result=drop reason=cookie_mismatch
client level=info t=629688 ev=nettick stage=sample latch=1 callbacks=85413
server level=warn t=630156 ev=gameplay stage=dtls result=drop reason=cookie_mismatch
client level=info t=631141 ev=probe stage=hosttail client=0x1AB48347478 b=00000000000000000000000000000000000000000000000000000000000000000000000000000000FFFFFFFF00000000
client level=info t=631141 ev=probe stage=grant client=0x1AB48347478 status=0x01FE pending=0 dirty=0 receipt=1
client level=info t=631688 ev=nettick stage=sample latch=1 callbacks=86125
client level=info t=633141 ev=probe stage=hosttail client=0x1AB48347478 b=00000000000000000000000000000000000000000000000000000000000000000000000000000000FFFFFFFF00000000
client level=info t=633141 ev=probe stage=grant client=0x1AB48347478 status=0x01FE pending=0 dirty=0 receipt=1
client level=info t=633688 ev=nettick stage=sample latch=1 callbacks=86846
client level=info t=635141 ev=probe stage=hosttail client=0x1AB48347478 b=00000000000000000000000000000000000000000000000000000000000000000000000000000000FFFFFFFF00000000
client level=info t=635141 ev=probe stage=grant client=0x1AB48347478 status=0x01FE pending=0 dirty=0 receipt=1
client level=info t=635688 ev=nettick stage=sample latch=1 callbacks=87586
client level=info t=637141 ev=probe stage=hosttail client=0x1AB48347478 b=00000000000000000000000000000000000000000000000000000000000000000000000000000000FFFFFFFF00000000
client level=info t=637141 ev=probe stage=grant client=0x1AB48347478 status=0x01FE pending=0 dirty=0 receipt=1
client level=info t=637688 ev=nettick stage=sample latch=1 callbacks=88328
client level=info t=639141 ev=probe stage=hosttail client=0x1AB48347478 b=00000000000000000000000000000000000000000000000000000000000000000000000000000000FFFFFFFF00000000
client level=info t=639141 ev=probe stage=grant client=0x1AB48347478 status=0x01FE pending=0 dirty=0 receipt=1
client level=info t=639688 ev=nettick stage=sample latch=1 callbacks=89046
client level=info t=641141 ev=probe stage=hosttail client=0x1AB48347478 b=00000000000000000000000000000000000000000000000000000000000000000000000000000000FFFFFFFF00000000
client level=info t=641141 ev=probe stage=grant client=0x1AB48347478 status=0x01FE pending=0 dirty=0 receipt=1
client level=info t=641688 ev=nettick stage=sample latch=1 callbacks=89797
client level=info t=641906 ev=retail site=117 text=networking:session:join: [group_target:FCB08821:D1283BAC] peer join timed out waiting for secure connection to become established (19003 > 19000 msec, 19003 msec since join), aborting join
client level=info t=641906 ev=retail site=100 text=networking:session:handoff: [group_target:FCB08821:D1283BAC] leaving session 'gracefully' (state peer-joining)
client level=info t=641906 ev=retail site=36 text=networking:session: [group_target:FCB08821:D1283BAC] session state is changing from 'peer-joining' to 'peer-join-abort'.
client level=info t=641922 ev=retail site=103 text=networking:session: [group_target:FCB08821:D1283BAC] disconnecting 'group' session (state peer-join-abort / policy waiting-for-establishment)
client level=info t=641922 ev=retail site=118 text=networking:channel_manager: channel '127.0.0.1:30984:127.0.0.1:30984#<UNKNOWN PEER NAME>' ('#0'): '127.0.0.1:30984:127.0.0.1:30984' failed to connect and is now dead, state transitioning from securing2 to waiting1 to wait for 10000 ms
client level=info t=641922 ev=retail site=119 text=networking:logic:join: [E4B07413-5AF6A464] Abandoning active join via [group_target:00:00:00:00:00:00:00:00]
client level=info t=641922 ev=retail site=76 text=world_controller:slice_set_transition_manager: Starting citizen join for region 'PUB24.24 (HASH: 0xfaa78fcb)' to session id: 'FCB08821:D1283BAC', AH ID: '9EAA3001:0020000B'. Ambassador is activity peer '1'.
client level=info t=641922 ev=retail site=77 text=networking:session:join-remote: [group_target:00:00:00:00:00:00:00:00] attempting join local users to remote session class=system-link-demonware, type=group, join_type=citizen, silo_id=23553, content_revision=2
client level=info t=641922 ev=retail site=78 text=networking:session:join: remote join to id FCB08821:D1283BAC, online session                      7764493897030610152, join type citizen
client level=info t=641922 ev=retail site=79 text=networking:session:join: remote join to key '00000000:00000000:00000000:00000000'
client level=info t=641922 ev=retail site=80 text=networking:session:join: remote join to host-address 127.0.0.1:30984:127.0.0.1:30984
client level=info t=641922 ev=retail site=81 text=networking:session:join: our address 127.0.0.1:3097:127.0.0.1:3097
client level=info t=641922 ev=retail site=36 text=networking:session: [group_target:00000000:00000000] session state is changing from 'none' to 'peer-creating'.
client level=info t=641938 ev=retail site=36 text=networking:session: [group_target:FCB08821:D1283BAC] session state is changing from 'peer-creating' to 'peer-joining'.
server level=info t=641953 ev=gameplay stage=traversal result=reply from=0x7F000001:3097
server level=info t=641953 ev=gameplay stage=traversal result=reply from=0x7F000001:3097
server level=info t=641969 ev=gameplay stage=dtls result=ok step=init_ack peer_tag=0x9571 local_tag=0xC9AD
server level=info t=641984 ev=gameplay stage=dtls result=ok step=cookie_ack peer_tag=0x9571
server level=info t=642000 ev=gameplay stage=dtls result=ok step=auth digest=4
server level=info t=642000 ev=gameplay stage=connect result=ok peer=3097 local=0x00000002 remote=0x00000004 rebuilt=0
server level=info t=642000 ev=gameplay stage=establish result=queued local=0x00000002 remote=0x00000004
server level=info t=642000 ev=gameplay stage=link result=bound session=0xAC3B28D12188B0FC peer=3097 local=0x00000002
server level=info t=642000 ev=gameplay stage=membership result=built revision=5 members=2 players=0 profile=0 bytes=298 hash=0x0910F82C
server level=info t=642000 ev=gameplay stage=parameters result=queued released=0x00000001 names=world-controller-goal-data
server level=info t=642000 ev=gameplay stage=join result=admit build=86657..86657 exe=5 session=0xAC3B28D12188B0FC host=0x18ABE512DF74B2E5 join=0xBCCFF37B8715DE70 machine=0x35F900ECFC25A1B0 peers=1 membership=queued parameters=queued
client level=info t=642000 ev=retail site=39 text=networking:session:membership:dump: [group_target:FCB08821:D1283BAC] update_number: 5, leader_peer_index: # 0, host_peer_index: # 0
client level=info t=642000 ev=retail site=40 text=networking:session:membership:dump:   peers valid: 0x3, non-dormant: 0x3, changed: 0x3, removed: 0x0; players valid: 0x0, changed: 0x0, removed: 0x0
client level=info t=642000 ev=retail site=41 text=networking:session:membership:dump:   peer # 0 a=[127.0.0.1:30984:127.0.0.1:30984] s=              _ready o= 0 j=[BCCFF37B-8715DE70] amb=[XXXXXXXX-XXXXXXXX] pc=0 peer_name=<UNKNOWN PEER NAME> session_id= flags=0
client level=info t=642000 ev=retail site=41 text=networking:session:membership:dump:   peer # 1 a=[127.0.0.1:3097:127.0.0.1:3097] s=              _ready o=-1 j=[BCCFF37B-8715DE70] amb=[XXXXXXXX-XXXXXXXX] pc=0 peer_name=<UNKNOWN PEER NAME> session_id= flags=0
client level=info t=642000 ev=retail site=82 text=networking:session:join: [group_target:FCB08821:D1283BAC] peer join successful, secure connection in 52msec, initial updates in 16msec
client level=info t=642000 ev=retail site=36 text=networking:session: [group_target:FCB08821:D1283BAC] session state is changing from 'peer-joining' to 'peer-established'.
client level=info t=642000 ev=retail site=83 text=world_controller:slice_set_transition_manager: Updating public bubble reservation peer request for 'group_target:FCB08821:D1283BAC' to '0' slots.
client level=info t=642000 ev=retail site=84 text=networking:session:join: [group_target:FCB08821:D1283BAC] Queuing join-complete for join 'BCCFF37B-8715DE70'.
client level=info t=642000 ev=retail site=85 text=networking:session:join: group_target:FCB08821:D1283BAC sending initial join-complete for join BCCFF37B-8715DE70 to the host
server level=info t=642016 ev=gameplay stage=message result=ok id=8 peerstage=5
server level=info t=642016 ev=gameplay stage=message result=ok id=26 peerstage=5
server level=info t=642016 ev=gameplay stage=establish result=ok session=0xAC3B28D12188B0FC
server level=info t=642016 ev=gameplay stage=message result=ok id=26 peerstage=5
server level=info t=642016 ev=gameplay stage=establish result=ok session=0xAC3B28D12188B0FC
server level=info t=642016 ev=gameplay stage=message result=ok id=31 peerstage=5
server level=info t=642016 ev=gameplay stage=properties result=read session=0xAC3B28D12188B0FC method=0
server level=info t=642016 ev=gameplay stage=message result=ok id=34 peerstage=5
server level=info t=642016 ev=gameplay stage=membership result=built revision=6 members=2 players=1 profile=1 bytes=349 hash=0xA4517D25
server level=info t=642016 ev=gameplay stage=player result=added session=0xAC3B28D12188B0FC player=0xBBACF9F87D9495B2 seq=20 kind=0 acct=0x9EAA300100100100 character=0x9EAA300100100101
server level=info t=642016 ev=gameplay stage=message result=ok id=39 peerstage=5
server level=info t=642016 ev=gameplay stage=parameters result=request mask=0x00200000 mode=0 names=public-session-reservations
server level=info t=642016 ev=gameplay stage=parameters result=ambiguous walked=0x00000000 stopped=21 tail=8039
server level=info t=642016 ev=gameplay stage=parameters result=answered carried=0x00200000 names=public-session-reservations
server level=info t=642016 ev=gameplay stage=message result=ok id=12 peerstage=5
server level=info t=642016 ev=gameplay stage=activityhost result=queued host=0x9EAA30010020000B address=0x7F000001 port=30974 names=activity-host,current-activity,previous-activity
server level=info t=642016 ev=gameplay stage=membership result=built revision=7 members=2 players=1 profile=1 bytes=349 hash=0x4D260C92
server level=info t=642016 ev=gameplay stage=sendqueue result=cleared packet=1 base=1 entries=0
client level=info t=642016 ev=retail site=39 text=networking:session:membership:dump: [group_target:FCB08821:D1283BAC] update_number: 6, leader_peer_index: # 0, host_peer_index: # 0
client level=info t=642016 ev=retail site=40 text=networking:session:membership:dump:   peers valid: 0x3, non-dormant: 0x3, changed: 0x2, removed: 0x0; players valid: 0x1, changed: 0x0, removed: 0x0
client level=info t=642016 ev=retail site=41 text=networking:session:membership:dump:   peer # 1 a=[127.0.0.1:3097:127.0.0.1:3097] s=              _ready o=-1 j=[BCCFF37B-8715DE70] amb=[XXXXXXXX-XXXXXXXX] pc=1 peer_name=<UNKNOWN PEER NAME> session_id= flags=0
server level=info t=642047 ev=gameplay stage=sendqueue result=cleared packet=2 base=2 entries=0
server level=info t=642109 ev=gameplay stage=message result=ok id=37 peerstage=5
server level=info t=642109 ev=gameplay stage=player result=properties session=0xAC3B28D12188B0FC seq=20 kind=0
server level=info t=642219 ev=gameplay stage=message result=ok id=12 peerstage=5
server level=info t=642219 ev=gameplay stage=membership result=built revision=8 members=2 players=1 profile=1 bytes=349 hash=0x6051565D
server level=info t=642219 ev=gameplay stage=join result=completed session=0xAC3B28D12188B0FC machine=0xBCCFF37B8715DE70 update=0
client level=info t=642219 ev=retail site=39 text=networking:session:membership:dump: [group_target:FCB08821:D1283BAC] update_number: 8, leader_peer_index: # 0, host_peer_index: # 0
client level=info t=642219 ev=retail site=40 text=networking:session:membership:dump:   peers valid: 0x3, non-dormant: 0x3, changed: 0x3, removed: 0x0; players valid: 0x1, changed: 0x0, removed: 0x0
client level=info t=642219 ev=retail site=41 text=networking:session:membership:dump:   peer # 0 a=[127.0.0.1:30984:127.0.0.1:30984] s=        _established o= 0 j=[BCCFF37B-8715DE70] amb=[XXXXXXXX-XXXXXXXX] pc=0 peer_name=<UNKNOWN PEER NAME> session_id= flags=0
client level=info t=642219 ev=retail site=41 text=networking:session:membership:dump:   peer # 1 a=[127.0.0.1:3097:127.0.0.1:3097] s=        _established o=-1 j=[BCCFF37B-8715DE70] amb=[XXXXXXXX-XXXXXXXX] pc=1 peer_name=<UNKNOWN PEER NAME> session_id= flags=0
client level=info t=642219 ev=retail site=86 text=networking:session:join: group_target:FCB08821:D1283BAC join-complete for join BCCFF37B-8715DE70 to the host was received
client level=info t=642234 ev=retail site=87 text=world_controller:activity_manager: As PEER,  the 'PUBLIC TARGET' session is established, moving on. Host=
client level=info t=642250 ev=retail site=59 text=networking:activity_client:messaging_interface:bap: AH IP resolution successful: '9EAA3001:0020000B -> 127.0.0.1:30974'.
server level=info t=642266 ev=transport stage=accept result=ok conn=3
server level=warn t=642297 ev=bap svc=25 stage=plaintext result=shape_accepted conn=3 len=47 b0=0A b1=20 b34=10 b35=03
client level=info t=642297 ev=retail site=60 text=world_controller:activity_manager: Connected 'PUBLIC TARGET' activity client.
client level=info t=642297 ev=retail site=88 text=world_controller:activity_manager: 'PUBLIC TARGET' As PEER, skipping activity host startup request.
client level=info t=642297 ev=retail site=63 text=networking:activity_client: [AC PUBLIC TARGET CON-Y EST-N AH->0 MEM-0] Sent join request: [AH 9EAA3001:0020000B][nonce -1992483149] identity:[account -7013740688821976832][character -7013740688821976831][machine B0:A1:25:FC:EC:00:F935][player B2:95:94:7D:F8:F9:AC:BB] [global resources 0x6c] (part 1/2)
client level=info t=642297 ev=retail site=64 text=networking:activity_client: [AC PUBLIC TARGET CON-Y EST-N AH->0 MEM-0] Properties [session Tue_09082026_213228_023624@x64@76561198776753861@B0_A1_25_FC_EC_00_F935][FAH --------:--------][GAH --------:--------][FTID 0x0000000000000000] (part 2/2)
client level=info t=642297 ev=retail site=65 text=world_controller:activity_manager: 'PUBLIC TARGET' activity client sent join request to AH 9EAA3001:0020000B, host=
server level=warn t=642313 ev=activity stage=roster result=no_epoch soid=0x9EAA30010020000B public=1 dest= groups=0 top=0 sub=0 subkeys=0 objects=0 bytes=0 state=0 auth=0 authstate=-1 authfirst=-1:-1:0x0:0x0 authlast=-1:-1:0x0:0x0 sceneempty=0 engageempty=0 keygroup=0x0 grant=-1 region=0 slice=0 spawn=0x0 join=0x9EAA300100100101 player=0x0 pending_region=-1 current_region=-1 client_bubble=-1 held=-1 entered=0 selected=0 hash=0x0000000000000000 force=0x00
client level=info t=642313 ev=retail site=66 text=networking:activity_client:receive_message_from_host: [AC PUBLIC TARGET CON-Y EST-N AH->0 MEM-0] Received join result from AH '9EAA3001:0020000B' [nonce -1992483149][result 0][session id ][replication epoch 0].
client level=info t=642313 ev=retail site=67 text=networking:activity_client:activity_host_changed: instance=PUBLIC TARGET, ah-sid=, zombie-instance-nonce=0
client level=info t=642313 ev=probe stage=msg12 result=received client=0x1AB482DF980 slot=3 label=PUBLIC TARGET member=0x35F900ECFC25A1B0 status=0x00F8->0x01F8 flag=1
client level=info t=642313 ev=probe stage=bind client=0x1AB482DF980 established=0x9EAA30010020000B slotrec=0x1AB2F7BDC70 roster=0x1ABECD6BC80 receipt=0
client level=info t=642313 ev=probe stage=hosttail client=0x1AB482DF980 b=00000000000000000000000000000000000000000000000000000000000000000000000000000000FFFFFFFF00000000
client level=info t=642313 ev=probe stage=grant client=0x1AB482DF980 status=0x01F8 pending=7936 dirty=0 receipt=0
server level=info t=642313 ev=mission_script stage=open result=no_script session=11433003384888623115 activity_row=10
server level=warn t=642313 ev=mission_script stage=attach result=no_script session=11433003384888623115 activity_row=10
server level=info t=642453 ev=gameplay stage=sendqueue result=cleared packet=6 base=6 entries=0
client level=info t=643141 ev=probe stage=hosttail client=0x1AB48347478 b=00000000000000000000000000000000000000000000000000000000000000000000000000000000FFFFFFFF00000000
client level=info t=643141 ev=probe stage=grant client=0x1AB48347478 status=0x01FE pending=0 dirty=0 receipt=1
server level=info t=643281 ev=activity stage=mission_seed result=adopted region=24 occurrences=114 groups=9 unreplicated=101 incomplete=45 scenes=18
client level=info t=643688 ev=nettick stage=sample latch=1 callbacks=90551
client level=info t=644313 ev=probe stage=hosttail client=0x1AB482DF980 b=00000000000000000000000000000000000000000000000000000000000000000000000000000000FFFFFFFF00000000
client level=info t=644313 ev=probe stage=grant client=0x1AB482DF980 status=0x01F8 pending=0 dirty=0 receipt=1
client level=info t=645141 ev=probe stage=hosttail client=0x1AB48347478 b=00000000000000000000000000000000000000000000000000000000000000000000000000000000FFFFFFFF00000000
client level=info t=645141 ev=probe stage=grant client=0x1AB48347478 status=0x01FE pending=0 dirty=0 receipt=1
client level=info t=645688 ev=nettick stage=sample latch=1 callbacks=91344
client level=info t=646313 ev=probe stage=hosttail client=0x1AB482DF980 b=00000000000000000000000000000000000000000000000000000000000000000000000000000000FFFFFFFF00000000
client level=info t=646313 ev=probe stage=grant client=0x1AB482DF980 status=0x01F8 pending=0 dirty=0 receipt=1
server level=info t=647016 ev=gameplay stage=message result=ok id=31 peerstage=5
server level=info t=647016 ev=gameplay stage=properties result=read session=0xAC3B28D12188B0FC method=0
client level=info t=647141 ev=probe stage=hosttail client=0x1AB48347478 b=00000000000000000000000000000000000000000000000000000000000000000000000000000000FFFFFFFF00000000
client level=info t=647141 ev=probe stage=grant client=0x1AB48347478 status=0x01FE pending=0 dirty=0 receipt=1
client level=info t=647688 ev=nettick stage=sample latch=1 callbacks=91909
client level=info t=648313 ev=probe stage=hosttail client=0x1AB482DF980 b=00000000000000000000000000000000000000000000000000000000000000000000000000000000FFFFFFFF00000000
client level=info t=648313 ev=probe stage=grant client=0x1AB482DF980 status=0x01F8 pending=0 dirty=0 receipt=1
client level=info t=648734 ev=retail site=75 text=world_controller:task_manager: Completed task 'ENUM(2)' after '25844ms'.
client level=info t=649141 ev=probe stage=hosttail client=0x1AB48347478 b=00000000000000000000000000000000000000000000000000000000000000000000000000000000FFFFFFFF00000000
client level=info t=649141 ev=probe stage=grant client=0x1AB48347478 status=0x01FE pending=0 dirty=0 receipt=1
client level=info t=649453 ev=retail site=75 text=world_controller:task_manager: Completed task 'ENUM(3)' after '26551ms'.
client level=info t=649453 ev=retail site=45 text=world_controller:slice_set_transition_manager: Mode changed from 'initial_slice_set_precaching' to 'initial_slice_set_instantion'.
client level=info t=649453 ev=retail site=74 text=world_controller:task_manager: Started   task 'ENUM(8)'.
client level=info t=649453 ev=retail site=67 text=networking:activity_client:activity_host_changed: instance=PUBLIC TARGET, ah-sid=, zombie-instance-nonce=0
client level=info t=649453 ev=retail site=67 text=networking:activity_client:activity_host_changed: instance=PUBLIC CURRENT, ah-sid=, zombie-instance-nonce=0
client level=info t=649469 ev=retail site=75 text=world_controller:task_manager: Completed task 'ENUM(8)' after '13ms'.
client level=info t=649469 ev=retail site=48 text=world_controller:slice_set_transition_manager: Stopping transition of type 'transitioning:initial_slice_set' due to completed
client level=info t=649500 ev=probe stage=msg12 result=received client=0x1AB48347478 slot=0 label=PRIVATE CURRENT member=0x35F900ECFC25A1B0 status=0x01FE->0x01FE flag=1
client level=info t=649500 ev=probe stage=bind client=0x1AB48347478 established=0x9EAA30010020000A slotrec=0x1AB2F7BD9A0 roster=0x1ABECD851C0 receipt=1
client level=info t=649516 ev=retail site=75 text=world_controller:task_manager: Completed task 'ENUM(9)' after '21614ms'.
client level=info t=649516 ev=retail site=74 text=world_controller:task_manager: Started   task 'ENUM(10)'.
client level=info t=649531 ev=probe stage=msg12 result=received client=0x1AB48347478 slot=0 label=PRIVATE CURRENT member=0x35F900ECFC25A1B0 status=0x01FE->0x01FE flag=1
client level=info t=649531 ev=probe stage=bind client=0x1AB48347478 established=0x9EAA30010020000A slotrec=0x1AB2F7BD9A0 roster=0x1ABECD851C0 receipt=1
server level=info t=649547 ev=gameplay stage=message result=ok id=37 peerstage=5
server level=info t=649547 ev=gameplay stage=player result=properties session=0xAC3B28D12188B0FC seq=21 kind=0
server level=info t=649563 ev=queuez stage=translate result=paired kind=zero_handle identity=0x0000000000000000 soid=0x9EAA30010020000B
server level=info t=649594 ev=queuez stage=social_roster result=ok soid=0x9EAA300100100100 objects=2 bytes=176 emblem=1273 hash=0x71B4CC1A
client level=info t=649688 ev=nettick stage=sample latch=1 callbacks=92554
client level=info t=650313 ev=probe stage=hosttail client=0x1AB482DF980 b=00000000000000000000000000000000000000000000000000000000000000000000000000000000FFFFFFFF00000000
client level=info t=650313 ev=probe stage=grant client=0x1AB482DF980 status=0x01F8 pending=0 dirty=0 receipt=1
client level=info t=651141 ev=probe stage=hosttail client=0x1AB48347478 b=00000000000000000000000000000000000000000000000000000000000000000000000000000000FFFFFFFF00000000
client level=info t=651141 ev=probe stage=grant client=0x1AB48347478 status=0x01FE pending=0 dirty=0 receipt=1
client level=info t=651234 ev=retail site=75 text=world_controller:task_manager: Completed task 'ENUM(10)' after '1713ms'.
client level=info t=651234 ev=retail site=18 text=world_controller:retail_datamine: Total time spent: [28345] ms in world controller state: [36] name: [activity:initial_slice_set_loading]
client level=info t=651234 ev=retail site=3 text=world_controller:state_manager: Entering state 'activity:physics_join' for reason 'unavailable'.
client level=info t=651234 ev=retail site=90 text=world_controller:task_manager: Started   task 'ENUM(0)'.
client level=info t=651688 ev=nettick stage=sample latch=1 callbacks=93109
server level=info t=652016 ev=gameplay stage=message result=ok id=31 peerstage=5
server level=info t=652016 ev=gameplay stage=properties result=read session=0xAC3B28D12188B0FC method=0
client level=info t=652313 ev=probe stage=hosttail client=0x1AB482DF980 b=00000000000000000000000000000000000000000000000000000000000000000000000000000000FFFFFFFF00000000
client level=info t=652313 ev=probe stage=grant client=0x1AB482DF980 status=0x01F8 pending=0 dirty=0 receipt=1
client level=info t=653141 ev=probe stage=hosttail client=0x1AB48347478 b=00000000000000000000000000000000000000000000000000000000000000000000000000000000FFFFFFFF00000000
client level=info t=653141 ev=probe stage=grant client=0x1AB48347478 status=0x01FE pending=0 dirty=0 receipt=1
client level=info t=653688 ev=nettick stage=sample latch=1 callbacks=93655
server level=info t=654125 ev=ws701 stage=profile_setup result=complete
client level=info t=654313 ev=probe stage=hosttail client=0x1AB482DF980 b=00000000000000000000000000000000000000000000000000000000000000000000000000000000FFFFFFFF00000000
client level=info t=654313 ev=probe stage=grant client=0x1AB482DF980 status=0x01F8 pending=0 dirty=0 receipt=1
client level=info t=655141 ev=probe stage=hosttail client=0x1AB48347478 b=00000000000000000000000000000000000000000000000000000000000000000000000000000000FFFFFFFF00000000
client level=info t=655141 ev=probe stage=grant client=0x1AB48347478 status=0x01FE pending=0 dirty=0 receipt=1
server level=info t=655313 ev=activity stage=writeback result=ok world_state=1
server level=info t=655328 ev=gameplay stage=message result=ok id=37 peerstage=5
server level=info t=655328 ev=gameplay stage=player result=properties session=0xAC3B28D12188B0FC seq=22 kind=0
client level=info t=655688 ev=nettick stage=sample latch=1 callbacks=94129
client level=info t=656313 ev=probe stage=hosttail client=0x1AB482DF980 b=00000000000000000000000000000000000000000000000000000000000000000000000000000000FFFFFFFF00000000
client level=info t=656313 ev=probe stage=grant client=0x1AB482DF980 status=0x01F8 pending=0 dirty=0 receipt=1
client level=info t=657141 ev=probe stage=hosttail client=0x1AB48347478 b=00000000000000000000000000000000000000000000000000000000000000000000000000000000FFFFFFFF00000000
client level=info t=657141 ev=probe stage=grant client=0x1AB48347478 status=0x01FE pending=0 dirty=0 receipt=1
client level=info t=657234 ev=retail site=92 text=world_controller:task_manager: Completed task 'ENUM(0)' after '6011ms'.
client level=info t=657234 ev=retail site=18 text=world_controller:retail_datamine: Total time spent: [6011] ms in world controller state: [37] name: [activity:physics_join]
client level=info t=657234 ev=retail site=3 text=world_controller:state_manager: Entering state 'activity:in_world' for reason 'unavailable'.
client level=info t=657234 ev=retail site=93 text=world_controller:state:in_world: Starting activity '0x0009 (HASH(0xec70749b))(type: HASH(0xd07bb2d7))(grognok: planet_x_freeroam)(destination: HASH(0x0790b877))(nonce: 9EAAEE1E-B9CC6CE7) for reason 'ENUM(0)'(override: planet_x_freeroam)'.
client level=info t=657234 ev=retail site=12 text=world_controller:retail_datamine: Timed operation: [ENUM(17)], took: [67789 ms], average: [49823.500000 ms], min: [31858.000000], max: [67789.000000], count: [2]
server level=info t=657266 ev=gameplay stage=message result=ok id=31 peerstage=5
server level=info t=657266 ev=gameplay stage=properties result=read session=0xAC3B28D12188B0FC method=0
client level=info t=657313 ev=retail site=45 text=world_controller:slice_set_transition_manager: Mode changed from 'initial_slice_set_instantion' to 'fully_enabled'.
client level=info t=657688 ev=nettick stage=sample latch=1 callbacks=94710
client level=info t=658313 ev=probe stage=hosttail client=0x1AB482DF980 b=00000000000000000000000000000000000000000000000000000000000000000000000000000000FFFFFFFF00000000
client level=info t=658313 ev=probe stage=grant client=0x1AB482DF980 status=0x01F8 pending=0 dirty=0 receipt=1
server level=info t=658594 ev=ws701 stage=profile_setup result=complete
client level=info t=659141 ev=probe stage=hosttail client=0x1AB48347478 b=00000000000000000000000000000000000000000000000000000000000000000000000000000000FFFFFFFF00000000
client level=info t=659141 ev=probe stage=grant client=0x1AB48347478 status=0x01FE pending=0 dirty=0 receipt=1
server level=info t=659672 ev=activity stage=writeback result=ok world_state=0
client level=info t=659688 ev=nettick stage=sample latch=1 callbacks=95262
client level=info t=661375 ev=retail site=73 text=networking:update: *** it has been 1686 milliseconds since the last network update (longest expected: '500')
client level=info t=661375 ev=probe stage=hosttail client=0x1AB48347478 b=00000000000000000000000000000000000000000000000000000000000000000000000000000000FFFFFFFF00000000
client level=info t=661375 ev=probe stage=grant client=0x1AB48347478 status=0x01FE pending=0 dirty=0 receipt=1
client level=info t=661375 ev=probe stage=hosttail client=0x1AB482DF980 b=00000000000000000000000000000000000000000000000000000000000000000000000000000000FFFFFFFF00000000
client level=info t=661375 ev=probe stage=grant client=0x1AB482DF980 status=0x01F8 pending=0 dirty=0 receipt=1
client level=info t=661688 ev=nettick stage=sample latch=1 callbacks=95350
client level=info t=662297 ev=retail site=91 text=networking:bandwidth: min_channels: 0 max channels: 1 max bps: 5712 avg cong bps: -1 low cong bps: -1 hi cong bps: -1 lat avg: -1 lat hi avg: 0 lat avg var: -1 pct loss: 0.00 pct loss hi avg: [0.00].
client level=info t=662906 ev=retail site=94 text=networking:channel:packet_loss_stats: [127.0.0.1:30984:127.0.0.1:30984#<UNKNOWN PEER NAME>] Incoming packet read result summary - 78 ok, 0 discard, 0 discard-expected, 0 corrupt
client level=info t=662906 ev=retail site=95 text=networking:channel:packet_loss_stats: [127.0.0.1:30984:127.0.0.1:30984#<UNKNOWN PEER NAME>] Outgoing packet delivery summary - 88 delivered, 0 of those out-of-order, 0 lost - highest loss fraction seen 0.000
client level=info t=662906 ev=retail site=96 text=networking:stream_manager:retail: # 0 rx 3.5/rxbps 1.9kb tx 3.5/txbps 1.9kb cx20.0pkts/33.0cxkbps lat=  0avg,  -1cg to=9999 aloc45.0kb max513.0kbps, loss=0.00pct loss dev 2.00pct rel=N, name=             <UNKNOWN PEER NAME>
client level=info t=662906 ev=retail site=97 text=networking:stream_manager:retail: Local peer network quality = 1.000000/1.0, worst_axis = -1
client level=info t=663375 ev=probe stage=hosttail client=0x1AB48347478 b=00000000000000000000000000000000000000000000000000000000000000000000000000000000FFFFFFFF00000000
client level=info t=663375 ev=probe stage=grant client=0x1AB48347478 status=0x01FE pending=0 dirty=0 receipt=1
client level=info t=663375 ev=probe stage=hosttail client=0x1AB482DF980 b=00000000000000000000000000000000000000000000000000000000000000000000000000000000FFFFFFFF00000000
client level=info t=663375 ev=probe stage=grant client=0x1AB482DF980 status=0x01F8 pending=0 dirty=0 receipt=1
client level=info t=663688 ev=nettick stage=sample latch=1 callbacks=95890
client level=info t=665375 ev=probe stage=hosttail client=0x1AB48347478 b=00000000000000000000000000000000000000000000000000000000000000000000000000000000FFFFFFFF00000000
client level=info t=665375 ev=probe stage=grant client=0x1AB48347478 status=0x01FE pending=0 dirty=0 receipt=1
client level=info t=665375 ev=probe stage=hosttail client=0x1AB482DF980 b=00000000000000000000000000000000000000000000000000000000000000000000000000000000FFFFFFFF00000000
client level=info t=665375 ev=probe stage=grant client=0x1AB482DF980 status=0x01F8 pending=0 dirty=0 receipt=1
client level=info t=665688 ev=nettick stage=sample latch=1 callbacks=96452
client level=info t=667375 ev=probe stage=hosttail client=0x1AB48347478 b=00000000000000000000000000000000000000000000000000000000000000000000000000000000FFFFFFFF00000000
client level=info t=667375 ev=probe stage=grant client=0x1AB48347478 status=0x01FE pending=0 dirty=0 receipt=1
client level=info t=667375 ev=probe stage=hosttail client=0x1AB482DF980 b=00000000000000000000000000000000000000000000000000000000000000000000000000000000FFFFFFFF00000000
client level=info t=667375 ev=probe stage=grant client=0x1AB482DF980 status=0x01F8 pending=0 dirty=0 receipt=1
client level=info t=667688 ev=nettick stage=sample latch=1 callbacks=96948
client level=info t=668578 ev=retail site=10 text=application_state: Suspend state changed from [active] to [partial]
client level=info t=669375 ev=probe stage=hosttail client=0x1AB48347478 b=00000000000000000000000000000000000000000000000000000000000000000000000000000000FFFFFFFF00000000
client level=info t=669375 ev=probe stage=grant client=0x1AB48347478 status=0x01FE pending=0 dirty=0 receipt=1
client level=info t=669375 ev=probe stage=hosttail client=0x1AB482DF980 b=00000000000000000000000000000000000000000000000000000000000000000000000000000000FFFFFFFF00000000
client level=info t=669375 ev=probe stage=grant client=0x1AB482DF980 status=0x01F8 pending=0 dirty=0 receipt=1
client level=info t=669688 ev=nettick stage=sample latch=1 callbacks=97200
client level=info t=671375 ev=probe stage=hosttail client=0x1AB48347478 b=00000000000000000000000000000000000000000000000000000000000000000000000000000000FFFFFFFF00000000
client level=info t=671391 ev=probe stage=grant client=0x1AB48347478 status=0x01FE pending=0 dirty=0 receipt=1
client level=info t=671391 ev=probe stage=hosttail client=0x1AB482DF980 b=00000000000000000000000000000000000000000000000000000000000000000000000000000000FFFFFFFF00000000
client level=info t=671391 ev=probe stage=grant client=0x1AB482DF980 status=0x01F8 pending=0 dirty=0 receipt=1
client level=info t=671688 ev=nettick stage=sample latch=1 callbacks=97260
client level=info t=673391 ev=probe stage=hosttail client=0x1AB48347478 b=00000000000000000000000000000000000000000000000000000000000000000000000000000000FFFFFFFF00000000
client level=info t=673391 ev=probe stage=grant client=0x1AB48347478 status=0x01FE pending=0 dirty=0 receipt=1
client level=info t=673391 ev=retail site=10 text=application_state: Suspend state changed from [partial] to [active]
client level=info t=673688 ev=nettick stage=sample latch=1 callbacks=97350
client level=info t=675391 ev=probe stage=hosttail client=0x1AB48347478 b=00000000000000000000000000000000000000000000000000000000000000000000000000000000FFFFFFFF00000000
client level=info t=675391 ev=probe stage=grant client=0x1AB48347478 status=0x01FE pending=0 dirty=0 receipt=1
client level=info t=675656 ev=retail site=10 text=application_state: Suspend state changed from [active] to [partial]
client level=info t=675688 ev=nettick stage=sample latch=1 callbacks=97780
client level=info t=677391 ev=probe stage=hosttail client=0x1AB48347478 b=00000000000000000000000000000000000000000000000000000000000000000000000000000000FFFFFFFF00000000
client level=info t=677391 ev=probe stage=grant client=0x1AB48347478 status=0x01FE pending=0 dirty=0 receipt=1
client level=info t=677688 ev=nettick stage=sample latch=1 callbacks=97840
client level=info t=679391 ev=probe stage=hosttail client=0x1AB48347478 b=00000000000000000000000000000000000000000000000000000000000000000000000000000000FFFFFFFF00000000
client level=info t=679391 ev=probe stage=grant client=0x1AB48347478 status=0x01FE pending=0 dirty=0 receipt=1
client level=info t=679688 ev=nettick stage=sample latch=1 callbacks=97900
client level=info t=681688 ev=nettick stage=sample latch=1 callbacks=97960
client level=info t=683688 ev=nettick stage=sample latch=1 callbacks=98020
client level=info t=685703 ev=nettick stage=sample latch=1 callbacks=98080
client level=info t=687703 ev=nettick stage=sample latch=1 callbacks=98140
client level=info t=689703 ev=nettick stage=sample latch=1 callbacks=98200
server level=info t=690188 ev=ws701 stage=profile_setup result=complete
server level=info t=690344 ev=activity stage=writeback result=ok world_state=0
client level=info t=691703 ev=nettick stage=sample latch=1 callbacks=98260
client level=info t=693703 ev=nettick stage=sample latch=1 callbacks=98320
client level=info t=695719 ev=nettick stage=sample latch=1 callbacks=98380
client level=info t=697719 ev=nettick stage=sample latch=1 callbacks=98440
client level=info t=699719 ev=nettick stage=sample latch=1 callbacks=98500
client level=info t=701625 ev=retail site=10 text=application_state: Suspend state changed from [partial] to [active]
client level=info t=701719 ev=nettick stage=sample latch=1 callbacks=98567
client level=info t=703719 ev=nettick stage=sample latch=1 callbacks=99045
server level=info t=704594 ev=gameplay stage=message result=ok id=37 peerstage=5
server level=info t=704594 ev=gameplay stage=player result=properties session=0xAC3B28D12188B0FC seq=23 kind=0
client level=info t=705719 ev=nettick stage=sample latch=1 callbacks=99511
client level=info t=707719 ev=nettick stage=sample latch=1 callbacks=99957
client level=info t=709719 ev=nettick stage=sample latch=1 callbacks=100419
client level=info t=709969 ev=retail site=98 text=world_controller:state_manager: The host appears to be launching a different game, sploiking back out through orbit to sync up.
client level=info t=709969 ev=retail site=99 text=world_controller:state_manager: Prerequisite 'ENUM(30)' failed for reason 'unavailable' [context: ], proceeding to cleanup state.
client level=info t=709984 ev=retail site=18 text=world_controller:retail_datamine: Total time spent: [52739] ms in world controller state: [38] name: [activity:in_world]
client level=info t=709984 ev=retail site=45 text=world_controller:slice_set_transition_manager: Mode changed from 'fully_enabled' to 'disabled'.
client level=info t=709984 ev=retail site=3 text=world_controller:state_manager: Entering state 'cleanup' for reason 'unavailable'.
client level=info t=709984 ev=retail site=33 text=world_controller:state:cleanup: Requested task mask: '0x00e0010cb0fbdf3d'
client level=info t=709984 ev=retail site=34 text=world_controller:task_manager: Started   task 'ENUM(0)'.
client level=info t=709984 ev=retail site=35 text=world_controller:task_manager: Completed task 'ENUM(0)' after '0ms'.
client level=info t=709984 ev=retail site=34 text=world_controller:task_manager: Started   task 'ENUM(2)'.
client level=info t=709984 ev=retail site=35 text=world_controller:task_manager: Completed task 'ENUM(2)' after '0ms'.
client level=info t=709984 ev=retail site=34 text=world_controller:task_manager: Started   task 'ENUM(3)'.
client level=info t=709984 ev=retail site=35 text=world_controller:task_manager: Completed task 'ENUM(3)' after '0ms'.
client level=info t=709984 ev=retail site=34 text=world_controller:task_manager: Started   task 'ENUM(4)'.
client level=info t=709984 ev=retail site=34 text=world_controller:task_manager: Started   task 'ENUM(5)'.
client level=info t=709984 ev=retail site=35 text=world_controller:task_manager: Completed task 'ENUM(5)' after '0ms'.
client level=info t=709984 ev=retail site=34 text=world_controller:task_manager: Started   task 'ENUM(8)'.
client level=info t=709984 ev=retail site=35 text=world_controller:task_manager: Completed task 'ENUM(8)' after '0ms'.
client level=info t=709984 ev=retail site=34 text=world_controller:task_manager: Started   task 'ENUM(9)'.
client level=info t=709984 ev=retail site=35 text=world_controller:task_manager: Completed task 'ENUM(9)' after '0ms'.
client level=info t=709984 ev=retail site=34 text=world_controller:task_manager: Started   task 'ENUM(10)'.
client level=info t=709984 ev=retail site=35 text=world_controller:task_manager: Completed task 'ENUM(10)' after '0ms'.
client level=info t=709984 ev=retail site=100 text=networking:session:handoff: [posse:620B1CB1:E766DC21] leaving session 'gracefully' (state host-established)
client level=info t=709984 ev=retail site=101 text=networking:session:protocol: [posse:620B1CB1:E766DC21] host-handoff (leaving), target peer '-1', nobody else in session, leaving immediately
client level=info t=709984 ev=retail site=100 text=networking:session:handoff: [posse:620B1CB1:E766DC21] leaving session 'immediately' (state host-established)
client level=info t=709984 ev=retail site=36 text=networking:session: [posse:620B1CB1:E766DC21] session state is changing from 'host-established' to 'host-disband'.
client level=info t=709984 ev=retail site=34 text=world_controller:task_manager: Started   task 'ENUM(11)'.
client level=info t=709984 ev=retail site=34 text=world_controller:task_manager: Started   task 'ENUM(12)'.
client level=info t=709984 ev=retail site=35 text=world_controller:task_manager: Completed task 'ENUM(12)' after '0ms'.
client level=info t=709984 ev=retail site=34 text=world_controller:task_manager: Started   task 'ENUM(14)'.
client level=info t=709984 ev=retail site=35 text=world_controller:task_manager: Completed task 'ENUM(14)' after '0ms'.
client level=info t=709984 ev=retail site=100 text=networking:session:handoff: [group:FCB08821:D1283BAC] leaving session 'gracefully' (state peer-established)
client level=info t=709984 ev=retail site=36 text=networking:session: [group:FCB08821:D1283BAC] session state is changing from 'peer-established' to 'peer-leaving'.
client level=info t=709984 ev=retail site=34 text=world_controller:task_manager: Started   task 'ENUM(15)'.
client level=info t=709984 ev=retail site=34 text=world_controller:task_manager: Started   task 'ENUM(16)'.
client level=info t=709984 ev=retail site=35 text=world_controller:task_manager: Completed task 'ENUM(16)' after '0ms'.
client level=info t=709984 ev=retail site=34 text=world_controller:task_manager: Started   task 'ENUM(17)'.
client level=info t=709984 ev=retail site=34 text=world_controller:task_manager: Started   task 'ENUM(19)'.
client level=info t=709984 ev=retail site=34 text=world_controller:task_manager: Started   task 'ENUM(20)'.
client level=info t=709984 ev=retail site=35 text=world_controller:task_manager: Completed task 'ENUM(20)' after '0ms'.
client level=info t=709984 ev=retail site=34 text=world_controller:task_manager: Started   task 'ENUM(21)'.
client level=info t=709984 ev=retail site=34 text=world_controller:task_manager: Started   task 'ENUM(28)'.
client level=info t=709984 ev=retail site=34 text=world_controller:task_manager: Started   task 'ENUM(31)'.
client level=info t=709984 ev=retail site=35 text=world_controller:task_manager: Completed task 'ENUM(31)' after '0ms'.
client level=info t=709984 ev=retail site=34 text=world_controller:task_manager: Started   task 'ENUM(54)'.
client level=info t=709984 ev=retail site=35 text=world_controller:task_manager: Completed task 'ENUM(54)' after '0ms'.
client level=info t=709984 ev=retail site=34 text=world_controller:task_manager: Started   task 'ENUM(55)'.
client level=info t=709984 ev=retail site=38 text=world_controller:state:cleanup: After 1ms, status: '2', tasks active: '0x00800000102a8810', pending: '0x0020010c20c00000', requested: '0x00e0010cb0fbdf3d'
client level=info t=709984 ev=retail site=102 text=networking:session: [posse:620B1CB1:E766DC21] idle-host-disband disconnecting the session.
client level=info t=709984 ev=retail site=103 text=networking:session: [posse:620B1CB1:E766DC21] disconnecting 'posse' session (state host-disband / policy allowed)
client level=info t=709984 ev=retail site=104 text=networking:session:handoff: [group:FCB08821:D1283BAC] sending peer leave request (leave_session)
client level=info t=710000 ev=retail site=35 text=world_controller:task_manager: Completed task 'ENUM(11)' after '14ms'.
client level=info t=710000 ev=retail site=35 text=world_controller:task_manager: Completed task 'ENUM(17)' after '14ms'.
client level=info t=710000 ev=retail site=35 text=world_controller:task_manager: Completed task 'ENUM(19)' after '14ms'.
client level=info t=710000 ev=retail site=34 text=world_controller:task_manager: Started   task 'ENUM(23)'.
client level=info t=710000 ev=retail site=35 text=world_controller:task_manager: Completed task 'ENUM(28)' after '14ms'.
server level=info t=710000 ev=gameplay stage=message result=ok id=15 peerstage=5
server level=info t=710000 ev=gameplay stage=leave result=acknowledged session=0xAC3B28D12188B0FC
client level=info t=710000 ev=retail site=103 text=networking:session: [group:FCB08821:D1283BAC] disconnecting 'group' session (state peer-leaving / policy allowed)
client level=info t=710000 ev=retail site=100 text=networking:session:handoff: [group:FCB08821:D1283BAC] leaving session 'immediately' (state peer-leaving)
server level=info t=710016 squad_entity_retirement stage=capture_source bubble=3 accepted=0 selected=0 slots=-
server level=info t=710016 ev=activity stage=peer_leave result=read peer=0x35F900ECFC25A1B0
server level=info t=710016 squad_entity_retirement stage=capture_source bubble=3 accepted=0 selected=0 slots=-
server level=info t=710031 ev=activity stage=peer_leave result=read peer=0x35F900ECFC25A1B0
client level=info t=710141 ev=retail site=24 text=world_controller: successfully changed world to:
client level=info t=710141 ev=retail site=35 text=world_controller:task_manager: Completed task 'ENUM(4)' after '162ms'.
client level=info t=710141 ev=retail site=35 text=world_controller:task_manager: Completed task 'ENUM(15)' after '161ms'.
client level=info t=710141 ev=retail site=35 text=world_controller:task_manager: Completed task 'ENUM(21)' after '161ms'.
client level=info t=710141 ev=retail site=34 text=world_controller:task_manager: Started   task 'ENUM(22)'.
client level=info t=710141 ev=retail site=37 text=world_controller:retail_datamine: About to attempt retail log upload. We have '289' events, dropped '0' from THIS session due to upload cap, and have '120' unique event IDs.
client level=info t=710141 ev=retail site=34 text=world_controller:task_manager: Started   task 'ENUM(29)'.
client level=info t=710141 ev=retail site=35 text=world_controller:task_manager: Completed task 'ENUM(29)' after '0ms'.
client level=info t=710141 ev=retail site=34 text=world_controller:task_manager: Started   task 'ENUM(34)'.
client level=info t=710141 ev=retail site=35 text=world_controller:task_manager: Completed task 'ENUM(34)' after '0ms'.
client level=info t=710141 ev=retail site=34 text=world_controller:task_manager: Started   task 'ENUM(53)'.
client level=info t=710141 ev=retail site=35 text=world_controller:task_manager: Completed task 'ENUM(55)' after '162ms'.
client level=info t=710141 ev=retail site=67 text=networking:activity_client:activity_host_changed: instance=PRIVATE CURRENT, ah-sid=, zombie-instance-nonce=0
client level=info t=710141 ev=retail site=107 text=networking:server:bap: [BAP ID  1 desc:OUT FAH - _connected] Killing.
client level=info t=710141 ev=retail site=108 text=networking:server:bap: [BAP ID  1 desc:OUT FAH - _connected] Last status before fatal error was '_connected[127.0.0.1:30974]-> 1.5s avg/s [rx 0.7p  1.2kb][tx 1.3p  0.7kb][tx block  0.0/q-rem  0.0/s-rem  0.0]'.
client level=info t=710141 ev=retail site=109 text=networking:server:bap: [BAP ID  1 desc:OUT FAH - _connected] Socket stats before fatal error: no socket stats available
client level=info t=710141 ev=retail site=110 text=networking:server:bap: [BAP ID  1 desc:OUT FAH - _connected] Fatal error '_connection_failure_suicide' raised.
client level=info t=710141 ev=retail site=111 text=networking:server:bap: [BAP ID  1 desc:OUT FAH - _dead] Stopping.
client level=info t=710141 ev=retail site=112 text=networking:investment:bap_message_queue: [BAP ID  1 desc:OUT FAH] Stopping...
client level=info t=710141 ev=retail site=67 text=networking:activity_client:activity_host_changed: instance=PUBLIC CURRENT, ah-sid=, zombie-instance-nonce=0
client level=info t=710141 ev=retail site=107 text=networking:server:bap: [BAP ID  2 desc:OUT GAH0 - _connected] Killing.
client level=info t=710141 ev=retail site=108 text=networking:server:bap: [BAP ID  2 desc:OUT GAH0 - _connected] Last status before fatal error was '_connected[127.0.0.1:30974]-> 1.5s avg/s [rx 0.7p  1.2kb][tx 1.3p  0.7kb][tx block  0.0/q-rem  0.0/s-rem  0.0]'.
client level=info t=710141 ev=retail site=109 text=networking:server:bap: [BAP ID  2 desc:OUT GAH0 - _connected] Socket stats before fatal error: no socket stats available
client level=info t=710141 ev=retail site=110 text=networking:server:bap: [BAP ID  2 desc:OUT GAH0 - _connected] Fatal error '_connection_failure_suicide' raised.
client level=info t=710141 ev=retail site=111 text=networking:server:bap: [BAP ID  2 desc:OUT GAH0 - _dead] Stopping.
client level=info t=710141 ev=retail site=112 text=networking:investment:bap_message_queue: [BAP ID  2 desc:OUT GAH0] Stopping...
client level=info t=710141 ev=retail site=94 text=networking:channel:packet_loss_stats: [127.0.0.1:30984:127.0.0.1:30984#<UNKNOWN PEER NAME>] Incoming packet read result summary - 193 ok, 0 discard, 0 discard-expected, 0 corrupt
client level=info t=710141 ev=retail site=95 text=networking:channel:packet_loss_stats: [127.0.0.1:30984:127.0.0.1:30984#<UNKNOWN PEER NAME>] Outgoing packet delivery summary - 193 delivered, 0 of those out-of-order, 0 lost - highest loss fraction seen 0.000
client level=info t=710141 ev=retail site=105 text=networking:channel: channel 127.0.0.1:30984:127.0.0.1:30984#<UNKNOWN PEER NAME>(id '4') (ra: ''0.23.31.192:3097'') state change connected -> closed
client level=info t=710141 ev=retail site=106 text=networking:channel_manager: channel '127.0.0.1:30984:127.0.0.1:30984#<UNKNOWN PEER NAME>' (0): channel closed (reason=channel-manager-owners-released) because '127.0.0.1:30984:127.0.0.1:30984' can't be reached, resetting security
client level=info t=710141 ev=retail site=35 text=world_controller:task_manager: Completed task 'ENUM(23)' after '152ms'.
server level=info t=710141 ev=mission_script stage=close result=stale_generation session=11433003384888623114 activity_row=10
server level=info t=710141 ev=mission_script stage=close result=stale_generation session=11433003384888623115 activity_row=10
server level=warn t=710141 ev=mission_script stage=attach result=no_activity_link session=11433003384888623114
server level=warn t=710141 ev=mission_script stage=attach result=no_activity_link session=11433003384888623115
server level=info t=710141 ev=gameplay stage=peer result=closed reason=10
client level=info t=710469 ev=retail site=35 text=world_controller:task_manager: Completed task 'ENUM(22)' after '327ms'.
client level=info t=710469 ev=retail site=34 text=world_controller:task_manager: Started   task 'ENUM(35)'.
client level=info t=710469 ev=retail site=34 text=world_controller:task_manager: Started   task 'ENUM(40)'.
client level=info t=710469 ev=retail site=35 text=world_controller:task_manager: Completed task 'ENUM(40)' after '0ms'.
client level=info t=710547 ev=retail site=35 text=world_controller:task_manager: Completed task 'ENUM(53)' after '409ms'.
client level=info t=710828 ev=retail site=24 text=world_controller: successfully changed world to: orbit_d2
client level=info t=710828 ev=retail site=35 text=world_controller:task_manager: Completed task 'ENUM(35)' after '363ms'.
client level=info t=710828 ev=retail site=18 text=world_controller:retail_datamine: Total time spent: [852] ms in world controller state: [28] name: [cleanup]
client level=info t=710828 ev=retail site=3 text=world_controller:state_manager: Entering state 'setup:orbit' for reason 'unavailable'.
client level=info t=710828 ev=retail site=45 text=world_controller:slice_set_transition_manager: Mode changed from 'disabled' to 'fully_enabled'.
client level=info t=710828 ev=retail site=12 text=world_controller:retail_datamine: Timed operation: [ENUM(16)], took: [853 ms], average: [1419.000000 ms], min: [853.000000], max: [1985.000000], count: [2]
client level=info t=710828 ev=retail site=46 text=world_controller:slice_set_transition_manager: Failed to find the Orbit slice-set name for destination 'HASH(0x13a023bc)', so we're falling back to a new character (Orbit destination 'HASH(0x59ad083e)', slice-set 'HASH(0x841b4ef7)').
client level=info t=710828 ev=retail site=47 text=world_controller:slice_set_transition_manager: Starting a new transition of type 'transitioning:orbit' to 'PRV24.24 (HASH: 0x841b4ef7)'; token advanced to 001
server level=info t=710875 ev=ws701 stage=profile_setup result=complete
server level=info t=710922 ev=activity stage=writeback result=ok world_state=1
client level=info t=711156 ev=retail site=48 text=world_controller:slice_set_transition_manager: Stopping transition of type 'transitioning:orbit' due to completed
client level=info t=711375 ev=retail site=18 text=world_controller:retail_datamine: Total time spent: [544] ms in world controller state: [29] name: [setup:orbit]
client level=info t=711375 ev=retail site=45 text=world_controller:slice_set_transition_manager: Mode changed from 'fully_enabled' to 'disabled'.
client level=info t=711375 ev=retail site=49 text=networking:online:matchmaking: Active matchmaking interface type: 0
client level=info t=711375 ev=retail site=3 text=world_controller:state_manager: Entering state 'setup:activity_session_creation' for reason 'unavailable'.
client level=info t=711375 ev=retail site=50 text=world_controller:task_manager: Started   task 'ENUM(0)'.
client level=info t=711375 ev=retail site=50 text=world_controller:task_manager: Started   task 'ENUM(4)'.
client level=info t=711375 ev=retail site=51 text=world_controller:task_manager: Completed task 'ENUM(4)' after '0ms'.
client level=info t=711375 ev=retail site=52 text=world_controller:state:activity_session_creation: Waiting for session peer properties to be in the expected state (no AH ids). FT [EXPECTED], POSSE [WAITING]
client level=info t=711375 ev=retail site=50 text=world_controller:task_manager: Started   task 'ENUM(5)'.
client level=info t=711391 ev=retail site=49 text=networking:online:matchmaking: Active matchmaking interface type: 0
client level=info t=711391 ev=retail site=51 text=world_controller:task_manager: Completed task 'ENUM(0)' after '16ms'.
client level=info t=711391 ev=retail site=50 text=world_controller:task_manager: Started   task 'ENUM(1)'.
server level=info t=711391 ev=bap svc=42 stage=configuration result=ok activity_hash=0xF858B379 type_hash=0xD07BB2D7 activity=10 name=fleet_freeroam current_activity_policy=0 changed=0
client level=info t=711406 ev=retail site=51 text=world_controller:task_manager: Completed task 'ENUM(1)' after '14ms'.
client level=info t=711406 ev=retail site=50 text=world_controller:task_manager: Started   task 'ENUM(2)'.
client level=info t=711719 ev=nettick stage=sample latch=1 callbacks=100900
server level=info t=711797 ev=ws701 stage=profile_setup result=complete
server level=info t=711813 ev=activity stage=writeback result=ok world_state=1
client level=info t=712172 ev=retail site=39 text=networking:session:membership:dump: [posse:00000000:00000000] update_number: 2, leader_peer_index: # 0, host_peer_index: # 0
client level=info t=712172 ev=retail site=40 text=networking:session:membership:dump:   peers valid: 0x1, non-dormant: 0x1, changed: 0x1, removed: 0x0; players valid: 0x1, changed: 0x0, removed: 0x0
client level=info t=712172 ev=retail site=41 text=networking:session:membership:dump:   peer # 0 a=[steamid:76561198776753861#27585bd9a5ee2ad1] s=          _connected o=-1 j=[XXXXXXXX-XXXXXXXX] amb=[XXXXXXXX-XXXXXXXX] pc=1 peer_name=<UNKNOWN PEER NAME> session_id=Tue_09082026_213228_023624@x64@unknown_pc_user@B0_A1_25_FC_EC_00_F935 flags=6
client level=info t=712172 ev=retail site=36 text=networking:session: [posse:00000000:00000000] session state is changing from 'none' to 'host-established'.
client level=info t=712172 ev=retail site=53 text=networking:session:create: join-driven session creation (local and remote peers) assigned a promordial join nonce of B6EA5C9D-DCDEB66E
client level=info t=712172 ev=retail site=39 text=networking:session:membership:dump: [posse:00000000:00000000] update_number: 5, leader_peer_index: # 0, host_peer_index: # 0
client level=info t=712172 ev=retail site=40 text=networking:session:membership:dump:   peers valid: 0x1, non-dormant: 0x1, changed: 0x1, removed: 0x0; players valid: 0x1, changed: 0x0, removed: 0x0
client level=info t=712172 ev=retail site=41 text=networking:session:membership:dump:   peer # 0 a=[steamid:76561198776753861#27585bd9a5ee2ad1] s=            _joining o=-1 j=[B6EA5C9D-DCDEB66E] amb=[XXXXXXXX-XXXXXXXX] pc=1 peer_name=<UNKNOWN PEER NAME> session_id=Tue_09082026_213228_023624@x64@unknown_pc_user@B0_A1_25_FC_EC_00_F935 flags=6
client level=info t=712172 ev=retail site=50 text=world_controller:task_manager: Started   task 'ENUM(3)'.
client level=info t=712172 ev=retail site=51 text=world_controller:task_manager: Completed task 'ENUM(3)' after '0ms'.
client level=info t=712172 ev=retail site=51 text=world_controller:task_manager: Completed task 'ENUM(5)' after '793ms'.
client level=info t=712172 ev=retail site=54 text=world_controller:session_manager: PRIVATE session [posse:00000000:00000000] unable to get session keys.
client level=info t=712172 ev=retail site=51 text=world_controller:task_manager: Completed task 'ENUM(2)' after '768ms'.
client level=info t=712172 ev=retail site=55 text=world_controller:state:activity_session_creation: As HOST, peers done: skill read: , config refresh: 0, reputation read: 0
client level=info t=712172 ev=retail site=42 text=networking:session:process-pending-joins: [posse:528B2913:C9C7500B] marking all peers in join [B6EA5C9D-DCDEB66E] as joined
client level=info t=712172 ev=retail site=39 text=networking:session:membership:dump: [posse:528B2913:C9C7500B] update_number: 7, leader_peer_index: # 0, host_peer_index: # 0
client level=info t=712172 ev=retail site=40 text=networking:session:membership:dump:   peers valid: 0x1, non-dormant: 0x1, changed: 0x1, removed: 0x0; players valid: 0x1, changed: 0x0, removed: 0x0
client level=info t=712172 ev=retail site=41 text=networking:session:membership:dump:   peer # 0 a=[steamid:76561198776753861#27585bd9a5ee2ad1] s=            _waiting o=-1 j=[B6EA5C9D-DCDEB66E] amb=[XXXXXXXX-XXXXXXXX] pc=1 peer_name=<UNKNOWN PEER NAME> session_id=Tue_09082026_213228_023624@x64@unknown_pc_user@B0_A1_25_FC_EC_00_F935 flags=6
client level=info t=712172 ev=retail site=43 text=networking:session:process-pending-joins: [posse:528B2913:C9C7500B] marking all peers in join [B6EA5C9D-DCDEB66E] as ready, [12] ms since peer [0] created, [712256] since join was queued
client level=info t=712172 ev=retail site=39 text=networking:session:membership:dump: [posse:528B2913:C9C7500B] update_number: 8, leader_peer_index: # 0, host_peer_index: # 0
client level=info t=712172 ev=retail site=40 text=networking:session:membership:dump:   peers valid: 0x1, non-dormant: 0x1, changed: 0x1, removed: 0x0; players valid: 0x1, changed: 0x0, removed: 0x0
client level=info t=712172 ev=retail site=41 text=networking:session:membership:dump:   peer # 0 a=[steamid:76561198776753861#27585bd9a5ee2ad1] s=              _ready o=-1 j=[B6EA5C9D-DCDEB66E] amb=[XXXXXXXX-XXXXXXXX] pc=1 peer_name=<UNKNOWN PEER NAME> session_id=Tue_09082026_213228_023624@x64@unknown_pc_user@B0_A1_25_FC_EC_00_F935 flags=6
client level=info t=712188 ev=retail site=39 text=networking:session:membership:dump: [posse:528B2913:C9C7500B] update_number: 9, leader_peer_index: # 0, host_peer_index: # 0
client level=info t=712188 ev=retail site=40 text=networking:session:membership:dump:   peers valid: 0x1, non-dormant: 0x1, changed: 0xffffffff, removed: 0x0; players valid: 0x1, changed: 0xffffffff, removed: 0x0
client level=info t=712188 ev=retail site=41 text=networking:session:membership:dump:   peer # 0 a=[steamid:76561198776753861#27585bd9a5ee2ad1] s=              _ready o=-1 j=[B6EA5C9D-DCDEB66E] amb=[XXXXXXXX-XXXXXXXX] pc=1 peer_name=<UNKNOWN PEER NAME> session_id=Tue_09082026_213228_023624@x64@unknown_pc_user@B0_A1_25_FC_EC_00_F935 flags=7
client level=info t=712188 ev=retail site=44 text=networking:session:process-pending-joins: [posse:528B2913:C9C7500B] marking all peers in join [B6EA5C9D-DCDEB66E] as established
client level=info t=712188 ev=retail site=39 text=networking:session:membership:dump: [posse:528B2913:C9C7500B] update_number: 11, leader_peer_index: # 0, host_peer_index: # 0
client level=info t=712188 ev=retail site=40 text=networking:session:membership:dump:   peers valid: 0x1, non-dormant: 0x1, changed: 0x1, removed: 0x0; players valid: 0x1, changed: 0x0, removed: 0x0
client level=info t=712188 ev=retail site=41 text=networking:session:membership:dump:   peer # 0 a=[steamid:76561198776753861#27585bd9a5ee2ad1] s=        _established o=-1 j=[XXXXXXXX-XXXXXXXX] amb=[XXXXXXXX-XXXXXXXX] pc=1 peer_name=<UNKNOWN PEER NAME> session_id=Tue_09082026_213228_023624@x64@unknown_pc_user@B0_A1_25_FC_EC_00_F935 flags=7
client level=info t=712188 ev=retail site=56 text=world_controller:state:activity_session_creation: Activity session 'posse:528B2913:C9C7500B' successfully created, trying to move on.
client level=info t=712188 ev=retail site=57 text=world_controller:state_manager: State 'setup:matchmaking' requested for reason 'unavailable', but we can't: 'active outbound FT join [IN-PROGRESS]'.
client level=info t=712188 ev=retail site=18 text=world_controller:retail_datamine: Total time spent: [815] ms in world controller state: [30] name: [setup:activity_session_creation]
client level=info t=712188 ev=retail site=3 text=world_controller:state_manager: Entering state 'setup:matchmaking' for reason 'unavailable'.
client level=info t=712188 ev=retail site=18 text=world_controller:retail_datamine: Total time spent: [1] ms in world controller state: [31] name: [setup:matchmaking]
client level=info t=712188 ev=retail site=58 text=world_controller:retail_datamine: Timed operation Matchmaking, took: [0 seconds]
client level=info t=712188 ev=retail site=3 text=world_controller:state_manager: Entering state 'setup:activity_host_setup' for reason 'unavailable'.
client level=info t=712203 ev=retail site=59 text=networking:activity_client:messaging_interface:bap: AH IP resolution successful: 'proxy -> 127.0.0.1:30974'.
server level=info t=712219 ev=transport stage=accept result=ok conn=2
server level=warn t=712234 ev=bap svc=25 stage=plaintext result=shape_accepted conn=2 len=36 b0=0A b1=20 b34=10 b35=02
client level=info t=712250 ev=retail site=60 text=world_controller:activity_manager: Connected 'PRIVATE CURRENT' activity client.
client level=info t=712250 ev=retail site=61 text=world_controller:activity_manager: 'PRIVATE CURRENT' activity client requesting activity host startup [activity: 0x000a (HASH(0xf858b379))(type: HASH(0xd07bb2d7))(grognok: fleet_freeroam)(destination: HASH(0x8e6191bd))(nonce: C8501FE3-046CC2C5) for reason 'ENUM(0)'(override: fleet_freeroam)][reservation count 1].
server level=warn t=712250 ev=mission_script stage=attach result=activity_join_pending session=11433003384888623123
client level=info t=712266 ev=retail site=62 text=networking:activity_client:receive_message_from_host: [AC PRIVATE CURRENT CON-Y EST-N AH->0 MEM-0] received startup response from AH [id 9EAA3001:00200013][session ]
client level=info t=712266 ev=retail site=63 text=networking:activity_client: [AC PRIVATE CURRENT CON-Y EST-N AH->0 MEM-0] Sent join request: [AH 9EAA3001:00200013][nonce -1100014663] identity:[account -7013740688821976832][character -7013740688821976831][machine B0:A1:25:FC:EC:00:F935][player B2:95:94:7D:F8:F9:AC:BB] [global resources 0x6c] (part 1/2)
client level=info t=712266 ev=retail site=64 text=networking:activity_client: [AC PRIVATE CURRENT CON-Y EST-N AH->0 MEM-0] Properties [session Tue_09082026_213228_023624@x64@76561198776753861@B0_A1_25_FC_EC_00_F935][FAH --------:--------][GAH --------:--------][FTID 0x1788a6453d3d3112] (part 2/2)
client level=info t=712266 ev=retail site=65 text=world_controller:activity_manager: 'PRIVATE CURRENT' activity client sent join request to AH 9EAA3001:00200013, host=Tue_09082026_213228_023624@x64@unknown_pc_user@B0_A1_25_FC_EC_00_F935
server level=info t=712328 ev=gameplay stage=activityhost result=retired session=0x9EAA30010020000E generation=12 state=freed
server level=info t=712328 ev=gameplay stage=activityhost result=allocated session=0x9EAA300100200014 group=0x5EFEDE9D3C3C9394 generation=17 port=30982 held=4
server level=info t=712344 ev=gameplay stage=advertise result=ok region=16 region_source=arrival ambassador_slot=1
server level=warn t=712359 ev=activity stage=roster result=no_epoch soid=0x9EAA300100200013 public=0 dest= groups=0 top=0 sub=0 subkeys=0 objects=0 bytes=0 state=0 auth=0 authstate=-1 authfirst=-1:-1:0x0:0x0 authlast=-1:-1:0x0:0x0 sceneempty=0 engageempty=0 keygroup=0x0 grant=-1 region=0 slice=0 spawn=0x0 join=0x9EAA300100100101 player=0x0 pending_region=-1 current_region=-1 client_bubble=-1 held=-1 entered=0 selected=0 hash=0x0000000000000000 force=0x00
client level=info t=712359 ev=retail site=66 text=networking:activity_client:receive_message_from_host: [AC PRIVATE CURRENT CON-Y EST-N AH->0 MEM-0] Received join result from AH '9EAA3001:00200013' [nonce -1100014663][result 0][session id ][replication epoch 0].
client level=info t=712359 ev=retail site=67 text=networking:activity_client:activity_host_changed: instance=PRIVATE CURRENT, ah-sid=, zombie-instance-nonce=0
client level=info t=712359 ev=probe stage=msg12 result=received client=0x1AB482DF980 slot=0 label=PRIVATE CURRENT member=0x35F900ECFC25A1B0 status=0x00FE->0x01FE flag=1
client level=info t=712359 ev=probe stage=bind client=0x1AB482DF980 established=0x9EAA300100200013 slotrec=0x1AB2F7BD9A0 roster=0x1ABECD6BC80 receipt=0
server level=info t=712359 ev=mission_script stage=open result=no_script session=11433003384888623123 activity_row=11
server level=warn t=712359 ev=mission_script stage=attach result=no_script session=11433003384888623123 activity_row=11
server level=warn t=712359 ev=mission_script stage=attach result=no_activity_link session=11433003384888623124
client level=info t=712359 ev=probe stage=hosttail client=0x1AB482DF980 b=00000000000000000000000000000000000000000000000000000000000000000000000000000000FFFFFFFF00000000
client level=info t=712359 ev=probe stage=grant client=0x1AB482DF980 status=0x01FE pending=7936 dirty=0 receipt=0
server level=info t=712359 ev=gameplay stage=activityhost result=retired session=0x9EAA30010020000C generation=10 state=freed
server level=info t=712359 ev=gameplay stage=activityhost result=retired session=0x9EAA30010020000D generation=11 state=freed
server level=info t=712359 ev=gameplay stage=activityhost result=retired session=0x9EAA30010020000B generation=9 state=freed
server level=info t=712359 ev=gameplay stage=activityhost result=retired session=0x9EAA30010020000F generation=13 state=freed
server level=info t=712359 ev=gameplay stage=activityhost result=retired session=0x9EAA300100200010 generation=14 state=freed
server level=info t=712359 ev=gameplay stage=activityhost result=retired session=0x9EAA300100200011 generation=15 state=freed
server level=info t=712359 ev=gameplay stage=activityhost result=retired session=0x9EAA300100200012 generation=16 state=freed
server level=info t=712359 ev=gameplay stage=activityhost result=allocated session=0x9EAA300100200015 group=0x4166B2753084D2E4 generation=18 port=30978 held=2
server level=info t=712359 ev=gameplay stage=activityhost result=allocated session=0x9EAA300100200016 group=0x50A28C493650F24C generation=19 port=30980 held=3
server level=info t=712359 ev=gameplay stage=activityhost result=allocated session=0x9EAA300100200017 group=0xAC3B28D12188B0FC generation=20 port=30984 held=5
server level=info t=712359 ev=gameplay stage=activityhost result=allocated session=0x9EAA300100200018 group=0xBA777B2527575044 generation=21 port=30986 held=6
server level=info t=712359 ev=gameplay stage=activityhost result=allocated session=0x9EAA300100200019 group=0x89B3B5792D2371AC generation=22 port=30988 held=7
server level=info t=712359 ev=gameplay stage=activityhost result=allocated session=0x9EAA30010020001A group=0x97CF874D128F6EF4 generation=23 port=30990 held=8
server level=info t=712359 ev=gameplay stage=activityhost result=allocated session=0x9EAA30010020001B group=0xE50BD181185B0E5C generation=24 port=30992 held=9
client level=info t=712359 ev=retail site=68 text=world_controller:state:activity_setup: 'NOJIP' flow, waiting. posse_peers_not_ready_sanitized=0, posse_peers_not_ready=0
client level=info t=712406 ev=probe stage=msg12 result=received client=0x1AB482DF980 slot=0 label=PRIVATE CURRENT member=0x35F900ECFC25A1B0 status=0x01FE->0x01FE flag=1
client level=info t=712406 ev=probe stage=bind client=0x1AB482DF980 established=0x9EAA300100200013 slotrec=0x1AB2F7BD9A0 roster=0x1ABECD6BC80 receipt=0
client level=info t=712422 ev=probe stage=msg12 result=received client=0x1AB482DF980 slot=0 label=PRIVATE CURRENT member=0x35F900ECFC25A1B0 status=0x01FE->0x01FE flag=1
client level=info t=712422 ev=probe stage=bind client=0x1AB482DF980 established=0x9EAA300100200013 slotrec=0x1AB2F7BD9A0 roster=0x1ABECD6BC80 receipt=0
server level=warn t=712422 ev=mission_script stage=attach result=no_activity_link session=11433003384888623130
server level=warn t=712422 ev=mission_script stage=attach result=no_activity_link session=11433003384888623131
server level=warn t=712422 ev=mission_script stage=attach result=no_activity_link session=11433003384888623129
server level=warn t=712422 ev=mission_script stage=attach result=no_activity_link session=11433003384888623125
server level=warn t=712422 ev=mission_script stage=attach result=no_activity_link session=11433003384888623126
server level=warn t=712422 ev=mission_script stage=attach result=no_activity_link session=11433003384888623127
server level=warn t=712422 ev=mission_script stage=attach result=no_activity_link session=11433003384888623128
client level=info t=713188 ev=retail site=18 text=world_controller:retail_datamine: Total time spent: [997] ms in world controller state: [32] name: [setup:activity_host_setup]
client level=info t=713188 ev=retail site=3 text=world_controller:state_manager: Entering state 'setup:prologue_intro_loading' for reason 'unavailable'.
client level=info t=713188 ev=retail site=69 text=world_controller:task_manager: Started   task 'ENUM(0)'.
client level=info t=713266 ev=probe stage=msg12 result=received client=0x1AB482DF980 slot=0 label=PRIVATE CURRENT member=0x35F900ECFC25A1B0 status=0x01FE->0x01FE flag=1
client level=info t=713266 ev=probe stage=bind client=0x1AB482DF980 established=0x9EAA300100200013 slotrec=0x1AB2F7BD9A0 roster=0x1ABECD6BC80 receipt=0
client level=info t=713344 ev=retail site=70 text=world_controller:task_manager: Completed task 'ENUM(0)' after '161ms'.
client level=info t=713344 ev=retail site=69 text=world_controller:task_manager: Started   task 'ENUM(1)'.
client level=info t=713359 ev=retail site=70 text=world_controller:task_manager: Completed task 'ENUM(1)' after '7ms'.
client level=info t=713359 ev=retail site=18 text=world_controller:retail_datamine: Total time spent: [168] ms in world controller state: [33] name: [setup:prologue_intro_loading]
client level=info t=713359 ev=retail site=3 text=world_controller:state_manager: Entering state 'setup:orbit_outro' for reason 'unavailable'.
client level=info t=713719 ev=nettick stage=sample latch=1 callbacks=101701
client level=info t=713984 ev=retail site=10 text=application_state: Suspend state changed from [active] to [partial]
client level=info t=714391 ev=probe stage=hosttail client=0x1AB482DF980 b=00000000000000000000000000000000000000000000000000000000000000000000000000000000FFFFFFFF00000000
client level=info t=714391 ev=probe stage=grant client=0x1AB482DF980 status=0x01FE pending=7936 dirty=0 receipt=0
client level=info t=715359 ev=probe stage=msg12 result=received client=0x1AB482DF980 slot=0 label=PRIVATE CURRENT member=0x35F900ECFC25A1B0 status=0x01FE->0x01FE flag=1
client level=info t=715359 ev=probe stage=bind client=0x1AB482DF980 established=0x9EAA300100200013 slotrec=0x1AB2F7BD9A0 roster=0x1ABECD6BC80 receipt=0
client level=info t=715719 ev=nettick stage=sample latch=1 callbacks=101864
client level=info t=716172 ev=retail site=10 text=application_state: Suspend state changed from [partial] to [active]
client level=info t=716391 ev=probe stage=hosttail client=0x1AB482DF980 b=00000000000000000000000000000000000000000000000000000000000000000000000000000000FFFFFFFF00000000
client level=info t=716391 ev=probe stage=grant client=0x1AB482DF980 status=0x01FE pending=7936 dirty=0 receipt=0
client level=info t=717719 ev=nettick stage=sample latch=1 callbacks=102488
client level=info t=718391 ev=probe stage=hosttail client=0x1AB482DF980 b=00000000000000000000000000000000000000000000000000000000000000000000000000000000FFFFFFFF00000000
client level=info t=718391 ev=probe stage=grant client=0x1AB482DF980 status=0x01FE pending=7936 dirty=0 receipt=0
client level=info t=719719 ev=nettick stage=sample latch=1 callbacks=103374
client level=info t=720391 ev=probe stage=hosttail client=0x1AB482DF980 b=00000000000000000000000000000000000000000000000000000000000000000000000000000000FFFFFFFF00000000
client level=info t=720391 ev=probe stage=grant client=0x1AB482DF980 status=0x01FE pending=7936 dirty=0 receipt=0
client level=info t=721719 ev=nettick stage=sample latch=1 callbacks=104172
client level=info t=722391 ev=probe stage=hosttail client=0x1AB482DF980 b=00000000000000000000000000000000000000000000000000000000000000000000000000000000FFFFFFFF00000000
client level=info t=722391 ev=probe stage=grant client=0x1AB482DF980 status=0x01FE pending=7936 dirty=0 receipt=0
client level=info t=722906 ev=retail site=97 text=networking:stream_manager:retail: Local peer network quality = 1.000000/1.0, worst_axis = -1
client level=info t=723719 ev=nettick stage=sample latch=1 callbacks=104934
client level=info t=724391 ev=probe stage=hosttail client=0x1AB482DF980 b=00000000000000000000000000000000000000000000000000000000000000000000000000000000FFFFFFFF00000000
client level=info t=724391 ev=probe stage=grant client=0x1AB482DF980 status=0x01FE pending=7936 dirty=0 receipt=0
client level=info t=725719 ev=nettick stage=sample latch=1 callbacks=105705
client level=info t=726391 ev=probe stage=hosttail client=0x1AB482DF980 b=00000000000000000000000000000000000000000000000000000000000000000000000000000000FFFFFFFF00000000
client level=info t=726391 ev=probe stage=grant client=0x1AB482DF980 status=0x01FE pending=7936 dirty=0 receipt=0
client level=info t=727719 ev=nettick stage=sample latch=1 callbacks=106469
client level=info t=728391 ev=probe stage=hosttail client=0x1AB482DF980 b=00000000000000000000000000000000000000000000000000000000000000000000000000000000FFFFFFFF00000000
client level=info t=728391 ev=probe stage=grant client=0x1AB482DF980 status=0x01FE pending=7936 dirty=0 receipt=0
client level=info t=729719 ev=nettick stage=sample latch=1 callbacks=107240
client level=info t=730391 ev=probe stage=hosttail client=0x1AB482DF980 b=00000000000000000000000000000000000000000000000000000000000000000000000000000000FFFFFFFF00000000
client level=info t=730391 ev=probe stage=grant client=0x1AB482DF980 status=0x01FE pending=7936 dirty=0 receipt=0
client level=info t=731719 ev=nettick stage=sample latch=1 callbacks=108008
client level=info t=732391 ev=probe stage=hosttail client=0x1AB482DF980 b=00000000000000000000000000000000000000000000000000000000000000000000000000000000FFFFFFFF00000000
client level=info t=732391 ev=probe stage=grant client=0x1AB482DF980 status=0x01FE pending=7936 dirty=0 receipt=0
client level=info t=733719 ev=nettick stage=sample latch=1 callbacks=108770
client level=info t=734391 ev=probe stage=hosttail client=0x1AB482DF980 b=00000000000000000000000000000000000000000000000000000000000000000000000000000000FFFFFFFF00000000
client level=info t=734391 ev=probe stage=grant client=0x1AB482DF980 status=0x01FE pending=7936 dirty=0 receipt=0
client level=info t=735719 ev=nettick stage=sample latch=1 callbacks=109537
client level=info t=736391 ev=probe stage=hosttail client=0x1AB482DF980 b=00000000000000000000000000000000000000000000000000000000000000000000000000000000FFFFFFFF00000000
client level=info t=736391 ev=probe stage=grant client=0x1AB482DF980 status=0x01FE pending=7936 dirty=0 receipt=0
client level=info t=737719 ev=nettick stage=sample latch=1 callbacks=110272
client level=info t=738391 ev=probe stage=hosttail client=0x1AB482DF980 b=00000000000000000000000000000000000000000000000000000000000000000000000000000000FFFFFFFF00000000
client level=info t=738391 ev=probe stage=grant client=0x1AB482DF980 status=0x01FE pending=7936 dirty=0 receipt=0
client level=info t=739719 ev=nettick stage=sample latch=1 callbacks=111022
client level=info t=740391 ev=probe stage=hosttail client=0x1AB482DF980 b=00000000000000000000000000000000000000000000000000000000000000000000000000000000FFFFFFFF00000000
client level=info t=740391 ev=probe stage=grant client=0x1AB482DF980 status=0x01FE pending=7936 dirty=0 receipt=0
client level=info t=741531 ev=retail site=10 text=application_state: Suspend state changed from [active] to [partial]
client level=info t=741734 ev=nettick stage=sample latch=1 callbacks=111730
server level=info t=742078 ev=ws701 stage=profile_setup result=complete
server level=info t=742109 ev=activity stage=writeback result=ok world_state=1
client level=info t=742406 ev=probe stage=hosttail client=0x1AB482DF980 b=00000000000000000000000000000000000000000000000000000000000000000000000000000000FFFFFFFF00000000
client level=info t=742406 ev=probe stage=grant client=0x1AB482DF980 status=0x01FE pending=7936 dirty=0 receipt=0
client level=info t=743563 ev=retail site=18 text=world_controller:retail_datamine: Total time spent: [30214] ms in world controller state: [34] name: [setup:orbit_outro]
client level=info t=743563 ev=retail site=3 text=world_controller:state_manager: Entering state 'setup:activity_world_transition' for reason 'unavailable'.
client level=info t=743563 ev=retail site=71 text=world_controller:task_manager: Started   task 'ENUM(0)'.
client level=info t=743563 ev=retail site=71 text=world_controller:task_manager: Started   task 'ENUM(1)'.
client level=info t=743563 ev=retail site=72 text=world_controller:task_manager: Completed task 'ENUM(1)' after '0ms'.
client level=info t=743813 ev=bootflow stage=owner_slot result=forced was=0 now=1
client level=info t=743813 ev=retail site=24 text=world_controller: successfully changed world to: fleet_freeroam
client level=info t=743813 ev=retail site=73 text=networking:update: *** it has been 242 milliseconds since the last network update (longest expected: '500')
client level=info t=743813 ev=retail site=72 text=world_controller:task_manager: Completed task 'ENUM(0)' after '243ms'.
client level=info t=743813 ev=retail site=18 text=world_controller:retail_datamine: Total time spent: [243] ms in world controller state: [35] name: [setup:activity_world_transition]
client level=info t=743813 ev=retail site=3 text=world_controller:state_manager: Entering state 'activity:initial_slice_set_loading' for reason 'unavailable'.
client level=info t=743828 ev=retail site=74 text=world_controller:task_manager: Started   task 'ENUM(0)'.
client level=info t=743828 ev=retail site=74 text=world_controller:task_manager: Started   task 'ENUM(1)'.
client level=info t=743828 ev=retail site=74 text=world_controller:task_manager: Started   task 'ENUM(4)'.
client level=info t=743828 ev=nettick stage=sample latch=1 callbacks=111786
client level=info t=743875 ev=retail site=75 text=world_controller:task_manager: Completed task 'ENUM(1)' after '56ms'.
client level=info t=743875 ev=retail site=45 text=world_controller:slice_set_transition_manager: Mode changed from 'disabled' to 'initial_slice_set_precaching'.
client level=info t=743875 ev=retail site=74 text=world_controller:task_manager: Started   task 'ENUM(2)'.
client level=info t=743875 ev=retail site=74 text=world_controller:task_manager: Started   task 'ENUM(3)'.
client level=info t=743875 ev=retail site=75 text=world_controller:task_manager: Completed task 'ENUM(4)' after '56ms'.
client level=info t=743875 ev=retail site=74 text=world_controller:task_manager: Started   task 'ENUM(6)'.
client level=info t=743875 ev=retail site=74 text=world_controller:task_manager: Started   task 'ENUM(7)'.
client level=info t=743875 ev=bootflow stage=region result=public slice_set=16
client level=info t=743875 ev=retail site=47 text=world_controller:slice_set_transition_manager: Starting a new transition of type 'transitioning:initial_slice_set' to 'PUB16.16 (HASH: 0x4cf9b596)'; token advanced to 001
client level=info t=743875 ev=retail site=76 text=world_controller:slice_set_transition_manager: Starting citizen join for region 'PUB16.16 (HASH: 0x4cf9b596)' to session id: '94933C3C:9DDEFE5E', AH ID: '9EAA3001:00200014'. Ambassador is activity peer '1'.
client level=info t=743906 ev=retail site=75 text=world_controller:task_manager: Completed task 'ENUM(0)' after '90ms'.
client level=info t=743906 ev=retail site=74 text=world_controller:task_manager: Started   task 'ENUM(5)'.
client level=info t=743906 ev=retail site=77 text=networking:session:join-remote: [group_target:00:00:00:00:00:00:00:00] attempting join local users to remote session class=system-link-demonware, type=group, join_type=citizen, silo_id=23553, content_revision=2
client level=info t=743906 ev=retail site=78 text=networking:session:join: remote join to id 94933C3C:9DDEFE5E, online session                     11026201961157791616, join type citizen
client level=info t=743906 ev=retail site=79 text=networking:session:join: remote join to key '00000000:00000000:00000000:00000000'
client level=info t=743906 ev=retail site=80 text=networking:session:join: remote join to host-address 127.0.0.1:30982:127.0.0.1:30982
client level=info t=743906 ev=retail site=81 text=networking:session:join: our address 127.0.0.1:3097:127.0.0.1:3097
client level=info t=743906 ev=retail site=36 text=networking:session: [group_target:00000000:00000000] session state is changing from 'none' to 'peer-creating'.
server level=info t=743922 ev=gameplay stage=advertise result=ok region=16 region_source=reported ambassador_slot=1
client level=info t=743984 ev=retail site=36 text=networking:session: [group_target:94933C3C:9DDEFE5E] session state is changing from 'peer-creating' to 'peer-joining'.
server level=info t=743984 ev=ws701 stage=profile_setup result=complete
server level=info t=744000 ev=activity stage=writeback result=ok world_state=1
client level=info t=744016 ev=probe stage=msg12 result=received client=0x1AB482DF980 slot=0 label=PRIVATE CURRENT member=0x35F900ECFC25A1B0 status=0x01FE->0x01FE flag=1
client level=info t=744016 ev=probe stage=bind client=0x1AB482DF980 established=0x9EAA300100200013 slotrec=0x1AB2F7BD9A0 roster=0x1ABECD6BC80 receipt=1
client level=info t=744016 ev=probe stage=msg12 result=received client=0x1AB482DF980 slot=0 label=PRIVATE CURRENT member=0x35F900ECFC25A1B0 status=0x01FE->0x01FE flag=1
client level=info t=744016 ev=probe stage=bind client=0x1AB482DF980 established=0x9EAA300100200013 slotrec=0x1AB2F7BD9A0 roster=0x1ABECD6BC80 receipt=1
server level=info t=744031 ev=gameplay stage=traversal result=reply from=0x7F000001:3097
server level=info t=744031 ev=gameplay stage=traversal result=reply from=0x7F000001:3097
server level=info t=744047 ev=gameplay stage=dtls result=ok step=init_ack peer_tag=0x1131 local_tag=0xDCD0
server level=info t=744094 ev=gameplay stage=dtls result=ok step=cookie_ack peer_tag=0x1131
server level=info t=744141 ev=gameplay stage=dtls result=ok step=auth digest=4
server level=info t=744141 ev=gameplay stage=connect result=ok peer=3097 local=0x00000003 remote=0x00000008 rebuilt=0
server level=info t=744141 ev=gameplay stage=establish result=queued local=0x00000003 remote=0x00000008
server level=info t=744188 ev=gameplay stage=link result=bound session=0x5EFEDE9D3C3C9394 peer=3097 local=0x00000003
server level=info t=744188 ev=gameplay stage=membership result=built revision=9 members=2 players=0 profile=0 bytes=296 hash=0xA55A702E
server level=info t=744188 ev=gameplay stage=parameters result=queued released=0x00000001 names=world-controller-goal-data
server level=info t=744188 ev=gameplay stage=join result=admit build=86657..86657 exe=5 session=0x5EFEDE9D3C3C9394 host=0x18ABE512DF74B2E5 join=0x55DF852E88936C5B machine=0x35F900ECFC25A1B0 peers=1 membership=queued parameters=queued
client level=info t=744219 ev=retail site=39 text=networking:session:membership:dump: [group_target:94933C3C:9DDEFE5E] update_number: 9, leader_peer_index: # 0, host_peer_index: # 0
client level=info t=744219 ev=retail site=40 text=networking:session:membership:dump:   peers valid: 0x3, non-dormant: 0x3, changed: 0x3, removed: 0x0; players valid: 0x0, changed: 0x0, removed: 0x0
client level=info t=744219 ev=retail site=41 text=networking:session:membership:dump:   peer # 0 a=[127.0.0.1:30982:127.0.0.1:30982] s=              _ready o= 0 j=[55DF852E-88936C5B] amb=[XXXXXXXX-XXXXXXXX] pc=0 peer_name=<UNKNOWN PEER NAME> session_id= flags=0
client level=info t=744219 ev=retail site=41 text=networking:session:membership:dump:   peer # 1 a=[127.0.0.1:3097:127.0.0.1:3097] s=              _ready o=-1 j=[55DF852E-88936C5B] amb=[XXXXXXXX-XXXXXXXX] pc=0 peer_name=<UNKNOWN PEER NAME> session_id= flags=0
client level=info t=744250 ev=retail site=82 text=networking:session:join: [group_target:94933C3C:9DDEFE5E] peer join successful, secure connection in 200msec, initial updates in 67msec
client level=info t=744250 ev=retail site=36 text=networking:session: [group_target:94933C3C:9DDEFE5E] session state is changing from 'peer-joining' to 'peer-established'.
client level=info t=744281 ev=retail site=83 text=world_controller:slice_set_transition_manager: Updating public bubble reservation peer request for 'group_target:94933C3C:9DDEFE5E' to '0' slots.
client level=info t=744313 ev=retail site=84 text=networking:session:join: [group_target:94933C3C:9DDEFE5E] Queuing join-complete for join '55DF852E-88936C5B'.
client level=info t=744313 ev=retail site=85 text=networking:session:join: group_target:94933C3C:9DDEFE5E sending initial join-complete for join 55DF852E-88936C5B to the host
server level=info t=744328 ev=gameplay stage=message result=ok id=8 peerstage=5
server level=info t=744328 ev=gameplay stage=message result=ok id=26 peerstage=5
server level=info t=744328 ev=gameplay stage=establish result=ok session=0x5EFEDE9D3C3C9394
server level=info t=744328 ev=gameplay stage=message result=ok id=26 peerstage=5
server level=info t=744328 ev=gameplay stage=establish result=ok session=0x5EFEDE9D3C3C9394
server level=info t=744328 ev=gameplay stage=message result=ok id=31 peerstage=5
server level=info t=744328 ev=gameplay stage=properties result=read session=0x5EFEDE9D3C3C9394 method=0
server level=info t=744328 ev=gameplay stage=message result=ok id=34 peerstage=5
server level=info t=744328 ev=gameplay stage=membership result=built revision=10 members=2 players=1 profile=1 bytes=347 hash=0xB217ED85
server level=info t=744328 ev=gameplay stage=player result=added session=0x5EFEDE9D3C3C9394 player=0xBBACF9F87D9495B2 seq=26 kind=0 acct=0x9EAA300100100100 character=0x9EAA300100100101
server level=info t=744328 ev=gameplay stage=message result=ok id=39 peerstage=5
server level=info t=744328 ev=gameplay stage=parameters result=request mask=0x00200000 mode=0 names=public-session-reservations
server level=info t=744328 ev=gameplay stage=parameters result=ambiguous walked=0x00000000 stopped=21 tail=8039
server level=info t=744328 ev=gameplay stage=parameters result=answered carried=0x00200000 names=public-session-reservations
server level=info t=744328 ev=gameplay stage=message result=ok id=12 peerstage=5
server level=info t=744328 ev=gameplay stage=activityhost result=queued host=0x9EAA300100200014 address=0x7F000001 port=30974 names=activity-host,current-activity,previous-activity
server level=info t=744328 ev=gameplay stage=membership result=built revision=11 members=2 players=1 profile=1 bytes=347 hash=0x3366A236
server level=info t=744328 ev=gameplay stage=sendqueue result=cleared packet=2 base=2 entries=0
client level=info t=744344 ev=retail site=39 text=networking:session:membership:dump: [group_target:94933C3C:9DDEFE5E] update_number: 10, leader_peer_index: # 0, host_peer_index: # 0
client level=info t=744344 ev=retail site=40 text=networking:session:membership:dump:   peers valid: 0x3, non-dormant: 0x3, changed: 0x2, removed: 0x0; players valid: 0x1, changed: 0x0, removed: 0x0
client level=info t=744344 ev=retail site=41 text=networking:session:membership:dump:   peer # 1 a=[127.0.0.1:3097:127.0.0.1:3097] s=              _ready o=-1 j=[55DF852E-88936C5B] amb=[XXXXXXXX-XXXXXXXX] pc=1 peer_name=<UNKNOWN PEER NAME> session_id= flags=0
client level=info t=744406 ev=probe stage=hosttail client=0x1AB482DF980 b=00000000000000000000000000000000000000000000000000000000000000000000000000000000FFFFFFFF00000000
client level=info t=744406 ev=probe stage=grant client=0x1AB482DF980 status=0x01FE pending=0 dirty=0 receipt=1
server level=info t=744422 ev=gameplay stage=message result=ok id=37 peerstage=5
server level=info t=744422 ev=gameplay stage=player result=properties session=0x5EFEDE9D3C3C9394 seq=26 kind=0
server level=info t=744422 ev=gameplay stage=sendqueue result=cleared packet=3 base=3 entries=0
server level=info t=744531 ev=gameplay stage=message result=ok id=12 peerstage=5
server level=info t=744531 ev=gameplay stage=membership result=built revision=12 members=2 players=1 profile=1 bytes=347 hash=0x21CA04C5
server level=info t=744531 ev=gameplay stage=join result=completed session=0x5EFEDE9D3C3C9394 machine=0x55DF852E88936C5B update=0
client level=info t=744547 ev=retail site=39 text=networking:session:membership:dump: [group_target:94933C3C:9DDEFE5E] update_number: 12, leader_peer_index: # 0, host_peer_index: # 0
client level=info t=744547 ev=retail site=40 text=networking:session:membership:dump:   peers valid: 0x3, non-dormant: 0x3, changed: 0x3, removed: 0x0; players valid: 0x1, changed: 0x0, removed: 0x0
client level=info t=744547 ev=retail site=41 text=networking:session:membership:dump:   peer # 0 a=[127.0.0.1:30982:127.0.0.1:30982] s=        _established o= 0 j=[55DF852E-88936C5B] amb=[XXXXXXXX-XXXXXXXX] pc=0 peer_name=<UNKNOWN PEER NAME> session_id= flags=0
client level=info t=744547 ev=retail site=41 text=networking:session:membership:dump:   peer # 1 a=[127.0.0.1:3097:127.0.0.1:3097] s=        _established o=-1 j=[55DF852E-88936C5B] amb=[XXXXXXXX-XXXXXXXX] pc=1 peer_name=<UNKNOWN PEER NAME> session_id= flags=0
client level=info t=744578 ev=retail site=86 text=networking:session:join: group_target:94933C3C:9DDEFE5E join-complete for join 55DF852E-88936C5B to the host was received
client level=info t=744719 ev=retail site=87 text=world_controller:activity_manager: As PEER,  the 'PUBLIC TARGET' session is established, moving on. Host=
client level=info t=744781 ev=retail site=59 text=networking:activity_client:messaging_interface:bap: AH IP resolution successful: '9EAA3001:00200014 -> 127.0.0.1:30974'.
server level=info t=744781 ev=gameplay stage=sendqueue result=cleared packet=5 base=5 entries=0
server level=info t=744828 ev=transport stage=accept result=ok conn=3
client level=info t=744906 ev=retail site=75 text=world_controller:task_manager: Completed task 'ENUM(5)' after '1001ms'.
server level=warn t=744953 ev=bap svc=25 stage=plaintext result=shape_accepted conn=3 len=47 b0=0A b1=20 b34=10 b35=03
client level=info t=745016 ev=retail site=60 text=world_controller:activity_manager: Connected 'PUBLIC TARGET' activity client.
client level=info t=745016 ev=retail site=88 text=world_controller:activity_manager: 'PUBLIC TARGET' As PEER, skipping activity host startup request.
client level=info t=745016 ev=retail site=63 text=networking:activity_client: [AC PUBLIC TARGET CON-Y EST-N AH->0 MEM-0] Sent join request: [AH 9EAA3001:00200014][nonce -885738475] identity:[account -7013740688821976832][character -7013740688821976831][machine B0:A1:25:FC:EC:00:F935][player B2:95:94:7D:F8:F9:AC:BB] [global resources 0x6c] (part 1/2)
client level=info t=745016 ev=retail site=64 text=networking:activity_client: [AC PUBLIC TARGET CON-Y EST-N AH->0 MEM-0] Properties [session Tue_09082026_213228_023624@x64@76561198776753861@B0_A1_25_FC_EC_00_F935][FAH --------:--------][GAH --------:--------][FTID 0x0000000000000000] (part 2/2)
client level=info t=745016 ev=retail site=65 text=world_controller:activity_manager: 'PUBLIC TARGET' activity client sent join request to AH 9EAA3001:00200014, host=
server level=warn t=745031 ev=activity stage=roster result=no_epoch soid=0x9EAA300100200014 public=1 dest= groups=0 top=0 sub=0 subkeys=0 objects=0 bytes=0 state=0 auth=0 authstate=-1 authfirst=-1:-1:0x0:0x0 authlast=-1:-1:0x0:0x0 sceneempty=0 engageempty=0 keygroup=0x0 grant=-1 region=0 slice=0 spawn=0x0 join=0x9EAA300100100101 player=0x0 pending_region=-1 current_region=-1 client_bubble=-1 held=-1 entered=0 selected=0 hash=0x0000000000000000 force=0x00
server level=info t=745031 ev=mission_script stage=open result=no_script session=11433003384888623124 activity_row=11
server level=warn t=745031 ev=mission_script stage=attach result=no_script session=11433003384888623124 activity_row=11
client level=info t=745078 ev=retail site=10 text=application_state: Suspend state changed from [partial] to [active]
client level=info t=745078 ev=retail site=66 text=networking:activity_client:receive_message_from_host: [AC PUBLIC TARGET CON-Y EST-N AH->0 MEM-0] Received join result from AH '9EAA3001:00200014' [nonce -885738475][result 0][session id ][replication epoch 0].
client level=info t=745078 ev=retail site=67 text=networking:activity_client:activity_host_changed: instance=PUBLIC TARGET, ah-sid=, zombie-instance-nonce=0
client level=info t=745078 ev=probe stage=msg12 result=received client=0x1AB48347478 slot=3 label=PUBLIC TARGET member=0x35F900ECFC25A1B0 status=0x00F8->0x01F8 flag=1
client level=info t=745078 ev=probe stage=bind client=0x1AB48347478 established=0x9EAA300100200014 slotrec=0x1AB2F7BDF40 roster=0x1ABECD851C0 receipt=0
client level=info t=745078 ev=probe stage=hosttail client=0x1AB48347478 b=00000000000000000000000000000000000000000000000000000000000000000000000000000000FFFFFFFF00000000
client level=info t=745078 ev=probe stage=grant client=0x1AB48347478 status=0x01F8 pending=7936 dirty=0 receipt=0
client level=info t=745344 ev=retail site=75 text=world_controller:task_manager: Completed task 'ENUM(6)' after '1468ms'.
client level=info t=745828 ev=nettick stage=sample latch=1 callbacks=112026
server level=info t=745828 ev=activity stage=mission_seed result=adopted region=16 occurrences=85 groups=10 unreplicated=70 incomplete=44 scenes=16
client level=info t=745984 ev=retail site=10 text=application_state: Suspend state changed from [active] to [partial]
client level=info t=746422 ev=probe stage=hosttail client=0x1AB482DF980 b=00000000000000000000000000000000000000000000000000000000000000000000000000000000FFFFFFFF00000000
client level=info t=746422 ev=probe stage=grant client=0x1AB482DF980 status=0x01FE pending=0 dirty=0 receipt=1
client level=info t=747094 ev=probe stage=hosttail client=0x1AB48347478 b=00000000000000000000000000000000000000000000000000000000000000000000000000000000FFFFFFFF00000000
client level=info t=747094 ev=probe stage=grant client=0x1AB48347478 status=0x01F8 pending=0 dirty=0 receipt=1
client level=info t=747828 ev=nettick stage=sample latch=1 callbacks=112138
client level=info t=748422 ev=probe stage=hosttail client=0x1AB482DF980 b=00000000000000000000000000000000000000000000000000000000000000000000000000000000FFFFFFFF00000000
client level=info t=748422 ev=probe stage=grant client=0x1AB482DF980 status=0x01FE pending=0 dirty=0 receipt=1
client level=info t=748891 ev=retail site=89 text=world_controller:state:activity:initial_slice_set_loading: Timeout entering the prologue-filler (given 5000ms).
client level=info t=748922 ev=retail site=74 text=world_controller:task_manager: Started   task 'ENUM(9)'.
client level=info t=749094 ev=probe stage=hosttail client=0x1AB48347478 b=00000000000000000000000000000000000000000000000000000000000000000000000000000000FFFFFFFF00000000
client level=info t=749094 ev=probe stage=grant client=0x1AB48347478 status=0x01F8 pending=0 dirty=0 receipt=1
server level=info t=749297 ev=gameplay stage=message result=ok id=31 peerstage=5
server level=info t=749297 ev=gameplay stage=properties result=read session=0x5EFEDE9D3C3C9394 method=0
client level=info t=749391 ev=retail site=75 text=world_controller:task_manager: Completed task 'ENUM(2)' after '5514ms'.
client level=info t=749656 ev=retail site=75 text=world_controller:task_manager: Completed task 'ENUM(3)' after '5781ms'.
client level=info t=749656 ev=retail site=45 text=world_controller:slice_set_transition_manager: Mode changed from 'initial_slice_set_precaching' to 'initial_slice_set_instantion'.
client level=info t=749656 ev=retail site=74 text=world_controller:task_manager: Started   task 'ENUM(8)'.
client level=info t=749656 ev=retail site=67 text=networking:activity_client:activity_host_changed: instance=PUBLIC TARGET, ah-sid=, zombie-instance-nonce=0
client level=info t=749656 ev=retail site=67 text=networking:activity_client:activity_host_changed: instance=PUBLIC CURRENT, ah-sid=, zombie-instance-nonce=0
client level=info t=749688 ev=retail site=75 text=world_controller:task_manager: Completed task 'ENUM(8)' after '33ms'.
client level=info t=749688 ev=retail site=48 text=world_controller:slice_set_transition_manager: Stopping transition of type 'transitioning:initial_slice_set' due to completed
client level=info t=749766 ev=probe stage=msg12 result=received client=0x1AB482DF980 slot=0 label=PRIVATE CURRENT member=0x35F900ECFC25A1B0 status=0x01FE->0x01FE flag=1
client level=info t=749766 ev=probe stage=bind client=0x1AB482DF980 established=0x9EAA300100200013 slotrec=0x1AB2F7BD9A0 roster=0x1ABECD6BC80 receipt=1
client level=info t=749797 ev=probe stage=msg12 result=received client=0x1AB482DF980 slot=0 label=PRIVATE CURRENT member=0x35F900ECFC25A1B0 status=0x01FE->0x01FE flag=1
client level=info t=749797 ev=probe stage=bind client=0x1AB482DF980 established=0x9EAA300100200013 slotrec=0x1AB2F7BD9A0 roster=0x1ABECD6BC80 receipt=1
server level=info t=749813 ev=queuez stage=translate result=paired kind=zero_handle identity=0x0000000000000000 soid=0x9EAA300100200014
client level=info t=749828 ev=nettick stage=sample latch=1 callbacks=112198
client level=info t=749859 ev=retail site=75 text=world_controller:task_manager: Completed task 'ENUM(9)' after '935ms'.
client level=info t=749859 ev=retail site=74 text=world_controller:task_manager: Started   task 'ENUM(10)'.
server level=info t=750000 ev=queuez stage=social_roster result=ok soid=0x9EAA300100100100 objects=2 bytes=176 emblem=1273 hash=0x71B4CC1A
client level=info t=750422 ev=probe stage=hosttail client=0x1AB482DF980 b=00000000000000000000000000000000000000000000000000000000000000000000000000000000FFFFFFFF00000000
client level=info t=750422 ev=probe stage=grant client=0x1AB482DF980 status=0x01FE pending=0 dirty=0 receipt=1
client level=info t=751094 ev=probe stage=hosttail client=0x1AB48347478 b=00000000000000000000000000000000000000000000000000000000000000000000000000000000FFFFFFFF00000000
client level=info t=751094 ev=probe stage=grant client=0x1AB48347478 status=0x01F8 pending=0 dirty=0 receipt=1
client level=info t=751172 ev=retail site=10 text=application_state: Suspend state changed from [partial] to [active]
client level=info t=751469 ev=retail site=75 text=world_controller:task_manager: Completed task 'ENUM(10)' after '1604ms'.
client level=info t=751469 ev=retail site=18 text=world_controller:retail_datamine: Total time spent: [7652] ms in world controller state: [36] name: [activity:initial_slice_set_loading]
client level=info t=751469 ev=retail site=3 text=world_controller:state_manager: Entering state 'activity:physics_join' for reason 'unavailable'.
client level=info t=751469 ev=retail site=90 text=world_controller:task_manager: Started   task 'ENUM(0)'.
client level=info t=751828 ev=nettick stage=sample latch=1 callbacks=112340
client level=info t=752422 ev=probe stage=hosttail client=0x1AB482DF980 b=00000000000000000000000000000000000000000000000000000000000000000000000000000000FFFFFFFF00000000
client level=info t=752422 ev=probe stage=grant client=0x1AB482DF980 status=0x01FE pending=0 dirty=0 receipt=1
server level=info t=752469 ev=gameplay stage=message result=ok id=37 peerstage=5
server level=info t=752469 ev=gameplay stage=player result=properties session=0x5EFEDE9D3C3C9394 seq=27 kind=0
client level=info t=753094 ev=probe stage=hosttail client=0x1AB48347478 b=00000000000000000000000000000000000000000000000000000000000000000000000000000000FFFFFFFF00000000
client level=info t=753094 ev=probe stage=grant client=0x1AB48347478 status=0x01F8 pending=0 dirty=0 receipt=1
client level=info t=753828 ev=nettick stage=sample latch=1 callbacks=112775
server level=info t=754313 ev=gameplay stage=message result=ok id=31 peerstage=5
server level=info t=754313 ev=gameplay stage=properties result=read session=0x5EFEDE9D3C3C9394 method=0
client level=info t=754422 ev=probe stage=hosttail client=0x1AB482DF980 b=00000000000000000000000000000000000000000000000000000000000000000000000000000000FFFFFFFF00000000
client level=info t=754422 ev=probe stage=grant client=0x1AB482DF980 status=0x01FE pending=0 dirty=0 receipt=1
client level=info t=755094 ev=probe stage=hosttail client=0x1AB48347478 b=00000000000000000000000000000000000000000000000000000000000000000000000000000000FFFFFFFF00000000
client level=info t=755094 ev=probe stage=grant client=0x1AB48347478 status=0x01F8 pending=0 dirty=0 receipt=1
client level=info t=755828 ev=nettick stage=sample latch=1 callbacks=113332
client level=info t=756422 ev=probe stage=hosttail client=0x1AB482DF980 b=00000000000000000000000000000000000000000000000000000000000000000000000000000000FFFFFFFF00000000
client level=info t=756422 ev=probe stage=grant client=0x1AB482DF980 status=0x01FE pending=0 dirty=0 receipt=1
client level=info t=757094 ev=probe stage=hosttail client=0x1AB48347478 b=00000000000000000000000000000000000000000000000000000000000000000000000000000000FFFFFFFF00000000
client level=info t=757094 ev=probe stage=grant client=0x1AB48347478 status=0x01F8 pending=0 dirty=0 receipt=1
server level=info t=757469 ev=gameplay stage=message result=ok id=37 peerstage=5
server level=info t=757469 ev=gameplay stage=player result=properties session=0x5EFEDE9D3C3C9394 seq=28 kind=0
client level=info t=757469 ev=retail site=92 text=world_controller:task_manager: Completed task 'ENUM(0)' after '6011ms'.
client level=info t=757469 ev=retail site=18 text=world_controller:retail_datamine: Total time spent: [6011] ms in world controller state: [37] name: [activity:physics_join]
client level=info t=757469 ev=retail site=3 text=world_controller:state_manager: Entering state 'activity:in_world' for reason 'unavailable'.
client level=info t=757469 ev=retail site=93 text=world_controller:state:in_world: Starting activity '0x000a (HASH(0xf858b379))(type: HASH(0xd07bb2d7))(grognok: fleet_freeroam)(destination: HASH(0x8e6191bd))(nonce: C8501FE3-046CC2C5) for reason 'ENUM(0)'(override: fleet_freeroam)'.
client level=info t=757469 ev=retail site=12 text=world_controller:retail_datamine: Timed operation: [ENUM(17)], took: [46101 ms], average: [48582.667969 ms], min: [31858.000000], max: [67789.000000], count: [3]
client level=info t=757531 ev=retail site=45 text=world_controller:slice_set_transition_manager: Mode changed from 'initial_slice_set_instantion' to 'fully_enabled'.
client level=info t=757828 ev=nettick stage=sample latch=1 callbacks=113879
client level=info t=758422 ev=probe stage=hosttail client=0x1AB482DF980 b=00000000000000000000000000000000000000000000000000000000000000000000000000000000FFFFFFFF00000000
client level=info t=758422 ev=probe stage=grant client=0x1AB482DF980 status=0x01FE pending=0 dirty=0 receipt=1
server level=info t=758516 ev=ws701 stage=profile_setup result=complete
server level=info t=758563 ev=activity stage=writeback result=ok world_state=8
client level=info t=759094 ev=probe stage=hosttail client=0x1AB48347478 b=00000000000000000000000000000000000000000000000000000000000000000000000000000000FFFFFFFF00000000
client level=info t=759094 ev=probe stage=grant client=0x1AB48347478 status=0x01F8 pending=0 dirty=0 receipt=1
server level=info t=759313 ev=gameplay stage=message result=ok id=31 peerstage=5
server level=info t=759313 ev=gameplay stage=properties result=read session=0x5EFEDE9D3C3C9394 method=0
client level=info t=759828 ev=nettick stage=sample latch=1 callbacks=114388
client level=info t=760422 ev=probe stage=hosttail client=0x1AB482DF980 b=00000000000000000000000000000000000000000000000000000000000000000000000000000000FFFFFFFF00000000
client level=info t=760422 ev=probe stage=grant client=0x1AB482DF980 status=0x01FE pending=0 dirty=0 receipt=1
client level=info t=761094 ev=probe stage=hosttail client=0x1AB48347478 b=00000000000000000000000000000000000000000000000000000000000000000000000000000000FFFFFFFF00000000
client level=info t=761094 ev=probe stage=grant client=0x1AB48347478 status=0x01F8 pending=0 dirty=0 receipt=1
client level=info t=761828 ev=nettick stage=sample latch=1 callbacks=114615
client level=info t=762422 ev=probe stage=hosttail client=0x1AB482DF980 b=00000000000000000000000000000000000000000000000000000000000000000000000000000000FFFFFFFF00000000
client level=info t=762422 ev=probe stage=grant client=0x1AB482DF980 status=0x01FE pending=0 dirty=0 receipt=1
client level=info t=763094 ev=probe stage=hosttail client=0x1AB48347478 b=00000000000000000000000000000000000000000000000000000000000000000000000000000000FFFFFFFF00000000
client level=info t=763094 ev=probe stage=grant client=0x1AB48347478 status=0x01F8 pending=0 dirty=0 receipt=1
client level=info t=763828 ev=nettick stage=sample latch=1 callbacks=114874
client level=info t=764328 ev=retail site=10 text=application_state: Suspend state changed from [active] to [partial]
client level=info t=764422 ev=probe stage=hosttail client=0x1AB482DF980 b=00000000000000000000000000000000000000000000000000000000000000000000000000000000FFFFFFFF00000000
client level=info t=764422 ev=probe stage=grant client=0x1AB482DF980 status=0x01FE pending=0 dirty=0 receipt=1
client level=info t=765125 ev=probe stage=hosttail client=0x1AB48347478 b=00000000000000000000000000000000000000000000000000000000000000000000000000000000FFFFFFFF00000000
client level=info t=765125 ev=probe stage=grant client=0x1AB48347478 status=0x01F8 pending=0 dirty=0 receipt=1
client level=info t=765859 ev=nettick stage=sample latch=1 callbacks=114985
client level=info t=766422 ev=probe stage=hosttail client=0x1AB482DF980 b=00000000000000000000000000000000000000000000000000000000000000000000000000000000FFFFFFFF00000000
client level=info t=766422 ev=probe stage=grant client=0x1AB482DF980 status=0x01FE pending=0 dirty=0 receipt=1
client level=info t=767125 ev=probe stage=hosttail client=0x1AB48347478 b=00000000000000000000000000000000000000000000000000000000000000000000000000000000FFFFFFFF00000000
client level=info t=767125 ev=probe stage=grant client=0x1AB48347478 status=0x01F8 pending=0 dirty=0 receipt=1
client level=info t=767859 ev=nettick stage=sample latch=1 callbacks=115045
client level=info t=768422 ev=probe stage=hosttail client=0x1AB482DF980 b=00000000000000000000000000000000000000000000000000000000000000000000000000000000FFFFFFFF00000000
client level=info t=768422 ev=probe stage=grant client=0x1AB482DF980 status=0x01FE pending=0 dirty=0 receipt=1
client level=info t=769125 ev=probe stage=hosttail client=0x1AB48347478 b=00000000000000000000000000000000000000000000000000000000000000000000000000000000FFFFFFFF00000000
client level=info t=769125 ev=probe stage=grant client=0x1AB48347478 status=0x01F8 pending=0 dirty=0 receipt=1
client level=info t=769859 ev=nettick stage=sample latch=1 callbacks=115105
client level=info t=770422 ev=probe stage=hosttail client=0x1AB482DF980 b=00000000000000000000000000000000000000000000000000000000000000000000000000000000FFFFFFFF00000000
client level=info t=770422 ev=probe stage=grant client=0x1AB482DF980 status=0x01FE pending=0 dirty=0 receipt=1
client level=info t=771125 ev=probe stage=hosttail client=0x1AB48347478 b=00000000000000000000000000000000000000000000000000000000000000000000000000000000FFFFFFFF00000000
client level=info t=771125 ev=probe stage=grant client=0x1AB48347478 status=0x01F8 pending=0 dirty=0 receipt=1
client level=info t=771859 ev=nettick stage=sample latch=1 callbacks=115165
client level=info t=772422 ev=probe stage=hosttail client=0x1AB482DF980 b=00000000000000000000000000000000000000000000000000000000000000000000000000000000FFFFFFFF00000000
client level=info t=772422 ev=probe stage=grant client=0x1AB482DF980 status=0x01FE pending=0 dirty=0 receipt=1
client level=info t=773125 ev=probe stage=hosttail client=0x1AB48347478 b=00000000000000000000000000000000000000000000000000000000000000000000000000000000FFFFFFFF00000000
client level=info t=773125 ev=probe stage=grant client=0x1AB48347478 status=0x01F8 pending=0 dirty=0 receipt=1
client level=info t=773859 ev=nettick stage=sample latch=1 callbacks=115225
client level=info t=774438 ev=probe stage=hosttail client=0x1AB482DF980 b=00000000000000000000000000000000000000000000000000000000000000000000000000000000FFFFFFFF00000000
client level=info t=774438 ev=probe stage=grant client=0x1AB482DF980 status=0x01FE pending=0 dirty=0 receipt=1
client level=info t=775859 ev=nettick stage=sample latch=1 callbacks=115285
client level=info t=776438 ev=probe stage=hosttail client=0x1AB482DF980 b=00000000000000000000000000000000000000000000000000000000000000000000000000000000FFFFFFFF00000000
client level=info t=776438 ev=probe stage=grant client=0x1AB482DF980 status=0x01FE pending=0 dirty=0 receipt=1
client level=info t=777875 ev=nettick stage=sample latch=1 callbacks=115345
client level=info t=778438 ev=probe stage=hosttail client=0x1AB482DF980 b=00000000000000000000000000000000000000000000000000000000000000000000000000000000FFFFFFFF00000000
client level=info t=778438 ev=probe stage=grant client=0x1AB482DF980 status=0x01FE pending=0 dirty=0 receipt=1
client level=info t=779875 ev=nettick stage=sample latch=1 callbacks=115405
client level=info t=781875 ev=nettick stage=sample latch=1 callbacks=115465
client level=info t=782313 ev=retail site=91 text=networking:bandwidth: min_channels: 0 max channels: 1 max bps: 5144 avg cong bps: -1 low cong bps: -1 hi cong bps: -1 lat avg: -1 lat hi avg: 0 lat avg var: -1 pct loss: 0.00 pct loss hi avg: [0.00].
client level=info t=782906 ev=retail site=94 text=networking:channel:packet_loss_stats: [127.0.0.1:30982:127.0.0.1:30982#<UNKNOWN PEER NAME>] Incoming packet read result summary - 162 ok, 0 discard, 0 discard-expected, 0 corrupt
client level=info t=782906 ev=retail site=95 text=networking:channel:packet_loss_stats: [127.0.0.1:30982:127.0.0.1:30982#<UNKNOWN PEER NAME>] Outgoing packet delivery summary - 159 delivered, 0 of those out-of-order, 0 lost - highest loss fraction seen 0.000
client level=info t=782906 ev=retail site=96 text=networking:stream_manager:retail: # 0 rx 4.0/rxbps 2.2kb tx 4.0/txbps 2.2kb cx20.0pkts/33.0cxkbps lat=  0avg,  -1cg to=9999 aloc45.0kb max513.0kbps, loss=0.00pct loss dev 2.00pct rel=N, name=             <UNKNOWN PEER NAME>
client level=info t=782906 ev=retail site=97 text=networking:stream_manager:retail: Local peer network quality = 1.000000/1.0, worst_axis = -1
client level=info t=783875 ev=nettick stage=sample latch=1 callbacks=115525
client level=info t=785875 ev=nettick stage=sample latch=1 callbacks=115585
client level=info t=787891 ev=nettick stage=sample latch=1 callbacks=115645
server level=info t=788734 ev=ws701 stage=profile_setup result=complete
server level=info t=788781 ev=activity stage=writeback result=ok world_state=8
client level=info t=789891 ev=nettick stage=sample latch=1 callbacks=115705
client level=info t=791891 ev=nettick stage=sample latch=1 callbacks=115765
client level=info t=793891 ev=nettick stage=sample latch=1 callbacks=115825
client level=info t=795891 ev=nettick stage=sample latch=1 callbacks=115885
client level=info t=797906 ev=nettick stage=sample latch=1 callbacks=115945
client level=info t=799906 ev=nettick stage=sample latch=1 callbacks=116005
client level=info t=801906 ev=nettick stage=sample latch=1 callbacks=116065
client level=info t=803906 ev=nettick stage=sample latch=1 callbacks=116125
client level=info t=805906 ev=nettick stage=sample latch=1 callbacks=116185
client level=info t=807922 ev=nettick stage=sample latch=1 callbacks=116245
client level=info t=809922 ev=nettick stage=sample latch=1 callbacks=116305
client level=info t=811922 ev=nettick stage=sample latch=1 callbacks=116365
client level=info t=813922 ev=nettick stage=sample latch=1 callbacks=116425
client level=info t=815922 ev=nettick stage=sample latch=1 callbacks=116485
client level=info t=817938 ev=nettick stage=sample latch=1 callbacks=116545
server level=info t=818766 ev=ws701 stage=profile_setup result=complete
server level=info t=818781 ev=activity stage=writeback result=ok world_state=8
client level=info t=819938 ev=nettick stage=sample latch=1 callbacks=116605
client level=info t=821938 ev=nettick stage=sample latch=1 callbacks=116665
client level=info t=823938 ev=nettick stage=sample latch=1 callbacks=116725
client level=info t=825938 ev=nettick stage=sample latch=1 callbacks=116785
client level=info t=827953 ev=nettick stage=sample latch=1 callbacks=116845
client level=info t=829953 ev=nettick stage=sample latch=1 callbacks=116905
client level=info t=831953 ev=nettick stage=sample latch=1 callbacks=116965
client level=info t=833953 ev=nettick stage=sample latch=1 callbacks=117025
client level=info t=835953 ev=nettick stage=sample latch=1 callbacks=117085
client level=info t=837969 ev=nettick stage=sample latch=1 callbacks=117145
client level=info t=839969 ev=nettick stage=sample latch=1 callbacks=117205
client level=info t=841969 ev=nettick stage=sample latch=1 callbacks=117265
client level=info t=842328 ev=retail site=91 text=networking:bandwidth: min_channels: 1 max channels: 1 max bps: 2556 avg cong bps: -1 low cong bps: -1 hi cong bps: -1 lat avg: -1 lat hi avg: 0 lat avg var: -1 pct loss: 0.00 pct loss hi avg: [0.00].
client level=info t=842938 ev=retail site=94 text=networking:channel:packet_loss_stats: [127.0.0.1:30982:127.0.0.1:30982#<UNKNOWN PEER NAME>] Incoming packet read result summary - 240 ok, 0 discard, 0 discard-expected, 0 corrupt
client level=info t=842938 ev=retail site=95 text=networking:channel:packet_loss_stats: [127.0.0.1:30982:127.0.0.1:30982#<UNKNOWN PEER NAME>] Outgoing packet delivery summary - 240 delivered, 0 of those out-of-order, 0 lost - highest loss fraction seen 0.000
client level=info t=842938 ev=retail site=96 text=networking:stream_manager:retail: # 0 rx 4.0/rxbps 2.2kb tx 3.5/txbps 1.9kb cx20.0pkts/33.0cxkbps lat=  0avg,  -1cg to=9999 aloc45.0kb max513.0kbps, loss=0.00pct loss dev 2.00pct rel=N, name=             <UNKNOWN PEER NAME>
client level=info t=842938 ev=retail site=97 text=networking:stream_manager:retail: Local peer network quality = 1.000000/1.0, worst_axis = -1
client level=info t=843969 ev=nettick stage=sample latch=1 callbacks=117325
client level=info t=845969 ev=nettick stage=sample latch=1 callbacks=117385
client level=info t=847969 ev=nettick stage=sample latch=1 callbacks=117445
server level=info t=848828 ev=ws701 stage=profile_setup result=complete
server level=info t=848828 ev=activity stage=writeback result=ok world_state=8
client level=info t=849984 ev=nettick stage=sample latch=1 callbacks=117505
client level=info t=851984 ev=nettick stage=sample latch=1 callbacks=117565
client level=info t=853984 ev=nettick stage=sample latch=1 callbacks=117625
client level=info t=855984 ev=nettick stage=sample latch=1 callbacks=117685
client level=info t=858000 ev=nettick stage=sample latch=1 callbacks=117745
client level=info t=860000 ev=nettick stage=sample latch=1 callbacks=117805
client level=info t=862000 ev=nettick stage=sample latch=1 callbacks=117865
client level=info t=864000 ev=nettick stage=sample latch=1 callbacks=117925
client level=info t=866000 ev=nettick stage=sample latch=1 callbacks=117985
client level=info t=868016 ev=nettick stage=sample latch=1 callbacks=118045
client level=info t=870016 ev=nettick stage=sample latch=1 callbacks=118105
client level=info t=872016 ev=nettick stage=sample latch=1 callbacks=118165
client level=info t=874016 ev=nettick stage=sample latch=1 callbacks=118225
client level=info t=876016 ev=nettick stage=sample latch=1 callbacks=118285
client level=info t=878031 ev=nettick stage=sample latch=1 callbacks=118345
server level=info t=878875 ev=ws701 stage=profile_setup result=complete
server level=info t=878875 ev=activity stage=writeback result=ok world_state=8
