server level=info t=532 ev=mission_script stage=initialize result=enabled session=0 activity_row=0
server level=info t=532 ev=transport stage=listen result=ok port=30974
server level=info t=532 ev=gameplay stage=endpoint result=ok mode=embedded port=30976 ports=16 of=16
client level=info t=610 ev=package_trust stage=attach result=ok mode=package_integrity_bypass
client level=info t=625 ev=bootflow_texture stage=attach count=18 result=ok
client level=info t=625 ev=steam_init result=ok
client level=info t=625 ev=hook stage=install group=egress count=31 result=ok
client level=info t=2641 ev=graphics stage=probe result=ok driver=hardware level=0xB000
client level=info t=2735 ev=cursor stage=install result=ok
client level=info t=2735 ev=polled_input stage=install result=ok
client level=info t=2735 ev=activate stage=graphics result=ok
client level=info t=2735 ev=activate stage=platform result=ok
client level=info t=2750 ev=renderer stage=init result=ok
client level=info t=3032 ev=bootstrap stage=token result=ok
client level=info t=3063 ev=investment stage=family5_commit result=ok
client level=info t=3063 ev=investment stage=install result=ok
client level=info t=3063 ev=activate stage=game_network result=ok
client level=info t=3063 ev=activate stage=package_keys result=ok
client level=info t=3063 ev=retail stage=install result=ok
client level=info t=3063 ev=assert stage=install result=ok
client level=info t=3094 ev=probe stage=hitch result=installed
client level=info t=3094 ev=probe stage=stall result=installed
client level=info t=3110 ev=probe stage=sense result=installed
client level=info t=3157 ev=async_io_guard stage=patch result=ok mode=cached_manager_owner
client level=info t=3157 ev=config_getter stage=install result=ok
client level=info t=3219 ev=bootflow stage=character_select result=ok
client level=info t=3219 ev=bootflow stage=slice_set result=ok
client level=info t=3219 ev=bootflow stage=composition result=ok
client level=info t=3219 ev=bootflow stage=orbit_handoff result=ok
client level=info t=3219 ev=bootflow stage=owner_slot result=ok
client level=info t=3219 ev=bootflow stage=region result=ok
client level=info t=3235 ev=bootflow stage=world_step result=ok
client level=info t=3250 ev=bootflow stage=current_slice result=ok
client level=info t=3282 ev=teleport stage=install result=ok
client level=info t=3313 ev=noclip stage=install result=ok
client level=info t=3344 ev=infinite_ammo stage=install result=ok
client level=info t=3344 ev=inactivity stage=install result=ok
client level=info t=3360 ev=queuez stage=notification result=ok
client level=info t=3375 ev=bitmap stage=ref_guard result=ok
client level=info t=3375 ev=probe stage=msg12 result=installed
client level=info t=3547 ev=probe stage=cine result=installed
client level=info t=3594 ev=probe stage=cine6 result=installed
client level=info t=3782 ev=world_objects stage=install result=ok
client level=info t=3782 ev=activate stage=main result=ok
client level=info t=3797 ev=nettick stage=resolve result=ok latch=0x00007FF686230827
client level=info t=3797 ev=nettick stage=sample latch=1 callbacks=4
server level=info t=3797 ev=core stage=pump result=server_thread
client level=info t=3828 ev=pkg stage=abilities result=ok rows=12
client level=info t=3828 ev=build_data stage=items result=ok rows=15424
client level=info t=3844 ev=build_data stage=domains named=1 items=1 details=1 buckets=1 sockets=1 abilities=1 progressions=1 scenarios=1
client level=info t=3953 ev=inactivity stage=release result=noop
client level=info t=4985 ev=retail site=5 text=networking:stun: Created stun endpoint, advancing to DNS discovery
client level=info t=5000 ev=retail site=6 text=networking:stun: Using lookup type: [0]
client level=info t=5016 ev=retail site=6 text=networking:stun: Using lookup type: [0]
client level=info t=5032 ev=retail site=6 text=networking:stun: Using lookup type: [0]
client level=info t=5047 ev=retail site=6 text=networking:stun: Using lookup type: [0]
client level=info t=5063 ev=retail site=6 text=networking:stun: Using lookup type: [0]
client level=info t=5078 ev=retail site=6 text=networking:stun: Using lookup type: [0]
client level=info t=5094 ev=retail site=6 text=networking:stun: Using lookup type: [0]
client level=info t=5094 ev=retail site=6 text=networking:stun: Using lookup type: [0]
client level=info t=5110 ev=retail site=6 text=networking:stun: Using lookup type: [0]
client level=info t=5125 ev=retail site=6 text=networking:stun: Using lookup type: [0]
client level=info t=5141 ev=retail site=6 text=networking:stun: Using lookup type: [0]
client level=info t=5157 ev=retail site=6 text=networking:stun: Using lookup type: [0]
client level=info t=5172 ev=retail site=6 text=networking:stun: Using lookup type: [0]
client level=info t=5188 ev=retail site=6 text=networking:stun: Using lookup type: [0]
client level=info t=5203 ev=retail site=6 text=networking:stun: Using lookup type: [0]
client level=info t=5219 ev=retail site=6 text=networking:stun: Using lookup type: [0]
client level=info t=5219 ev=retail site=6 text=networking:stun: Using lookup type: [0]
client level=info t=5235 ev=retail site=6 text=networking:stun: Using lookup type: [0]
client level=info t=5235 ev=retail site=7 text=networking:stun: Selected stun server: [0] ip address: [127.0.0.1:3074] valid stun server count: [1]
client level=info t=5266 ev=retail site=8 text=networking:stun: client external ip address: [127.0.0.1:3097]
client level=info t=5297 ev=retail site=9 text=networking:stun: Reporting NAT type [1] and address [127.0.0.1:3097].
client level=info t=5797 ev=nettick stage=sample latch=1 callbacks=246
client level=info t=7797 ev=nettick stage=sample latch=1 callbacks=534
client level=info t=9797 ev=nettick stage=sample latch=1 callbacks=822
client level=info t=10828 ev=retail site=3 text=world_controller:state_manager: Entering state 'bootflow:start' for reason 'unavailable'.
client level=info t=11797 ev=nettick stage=sample latch=1 callbacks=1110
client level=info t=13797 ev=nettick stage=sample latch=1 callbacks=1398
client level=info t=15797 ev=nettick stage=sample latch=1 callbacks=1686
client level=info t=17797 ev=nettick stage=sample latch=1 callbacks=1969
client level=info t=19797 ev=nettick stage=sample latch=1 callbacks=2257
client level=info t=21797 ev=nettick stage=sample latch=1 callbacks=2545
client level=info t=23797 ev=nettick stage=sample latch=1 callbacks=2823
client level=info t=25797 ev=nettick stage=sample latch=1 callbacks=3111
client level=info t=27797 ev=nettick stage=sample latch=1 callbacks=3394
client level=info t=29797 ev=nettick stage=sample latch=1 callbacks=3682
client level=info t=31797 ev=nettick stage=sample latch=1 callbacks=3970
client level=info t=33797 ev=nettick stage=sample latch=1 callbacks=4248
client level=info t=35797 ev=nettick stage=sample latch=1 callbacks=4535
client level=info t=37797 ev=nettick stage=sample latch=1 callbacks=4823
client level=info t=39797 ev=nettick stage=sample latch=1 callbacks=5106
client level=info t=41797 ev=nettick stage=sample latch=1 callbacks=5394
client level=info t=43797 ev=nettick stage=sample latch=1 callbacks=5682
client level=info t=45797 ev=nettick stage=sample latch=1 callbacks=5959
client level=info t=47797 ev=nettick stage=sample latch=1 callbacks=6246
client level=info t=49797 ev=nettick stage=sample latch=1 callbacks=6527
client level=info t=51797 ev=nettick stage=sample latch=1 callbacks=6816
client level=info t=53797 ev=nettick stage=sample latch=1 callbacks=7104
client level=info t=55797 ev=nettick stage=sample latch=1 callbacks=7380
client level=info t=57797 ev=nettick stage=sample latch=1 callbacks=7666
client level=info t=59797 ev=nettick stage=sample latch=1 callbacks=7955
client level=info t=61797 ev=nettick stage=sample latch=1 callbacks=8238
client level=info t=63797 ev=nettick stage=sample latch=1 callbacks=8526
client level=info t=65797 ev=nettick stage=sample latch=1 callbacks=8814
client level=info t=67797 ev=nettick stage=sample latch=1 callbacks=9092
client level=info t=69797 ev=nettick stage=sample latch=1 callbacks=9380
client level=info t=71797 ev=nettick stage=sample latch=1 callbacks=9668
client level=info t=73797 ev=nettick stage=sample latch=1 callbacks=9945
client level=info t=75797 ev=nettick stage=sample latch=1 callbacks=10233
client level=info t=77797 ev=nettick stage=sample latch=1 callbacks=10517
client level=info t=79797 ev=nettick stage=sample latch=1 callbacks=10805
client level=info t=81797 ev=nettick stage=sample latch=1 callbacks=11093
client level=info t=83797 ev=nettick stage=sample latch=1 callbacks=11371
client level=info t=85797 ev=nettick stage=sample latch=1 callbacks=11658
client level=info t=87797 ev=nettick stage=sample latch=1 callbacks=11946
client level=info t=89797 ev=nettick stage=sample latch=1 callbacks=12229
client level=info t=91797 ev=nettick stage=sample latch=1 callbacks=12517
client level=info t=93797 ev=nettick stage=sample latch=1 callbacks=12805
client level=info t=95797 ev=nettick stage=sample latch=1 callbacks=13083
client level=info t=97797 ev=nettick stage=sample latch=1 callbacks=13371
client level=info t=99797 ev=nettick stage=sample latch=1 callbacks=13659
client level=info t=101797 ev=nettick stage=sample latch=1 callbacks=13942
client level=info t=103797 ev=nettick stage=sample latch=1 callbacks=14231
client level=info t=105797 ev=nettick stage=sample latch=1 callbacks=14518
client level=info t=107797 ev=nettick stage=sample latch=1 callbacks=14796
client level=info t=109797 ev=nettick stage=sample latch=1 callbacks=15085
client level=info t=111797 ev=nettick stage=sample latch=1 callbacks=15368
client level=info t=113797 ev=nettick stage=sample latch=1 callbacks=15656
client level=info t=115797 ev=nettick stage=sample latch=1 callbacks=15944
client level=info t=117797 ev=nettick stage=sample latch=1 callbacks=16222
client level=info t=119797 ev=nettick stage=sample latch=1 callbacks=16510
client level=info t=121797 ev=nettick stage=sample latch=1 callbacks=16794
client level=info t=123797 ev=nettick stage=sample latch=1 callbacks=17081
client level=info t=125797 ev=nettick stage=sample latch=1 callbacks=17369
client level=info t=127797 ev=nettick stage=sample latch=1 callbacks=17647
client level=info t=129797 ev=nettick stage=sample latch=1 callbacks=17935
client level=info t=131797 ev=nettick stage=sample latch=1 callbacks=18216
client level=info t=133797 ev=nettick stage=sample latch=1 callbacks=18497
client level=info t=135797 ev=nettick stage=sample latch=1 callbacks=18785
client level=info t=137797 ev=nettick stage=sample latch=1 callbacks=19073
client level=info t=139797 ev=nettick stage=sample latch=1 callbacks=19361
client level=info t=141797 ev=nettick stage=sample latch=1 callbacks=19623
client level=info t=143797 ev=nettick stage=sample latch=1 callbacks=19896
client level=info t=144782 ev=retail site=10 text=networking:link: Endpoint traffic is now: [disabled].
client level=info t=144782 ev=retail site=0 text=networking:UPnP: Resetting UPnP client.
client level=info t=144782 ev=retail site=3 text=world_controller:state_manager: Entering state 'bootflow:platform_signin' for reason 'unavailable'.
client level=info t=144782 ev=retail site=11 text=world_controller:retail_datamine: Timed operation: [ENUM(4)], took: [0 ms], average: [0.000000 ms], min: [0.000000], max: [0.000000], count: [1]
client level=info t=144782 ev=retail site=12 text=networking:logic:session: local user 0 set platform account id=unknown platform account id, live=1, online=1, free=0, user_content=1, friend_content=1
client level=info t=144782 ev=retail site=11 text=world_controller:retail_datamine: Timed operation: [ENUM(5)], took: [0 ms], average: [0.000000 ms], min: [0.000000], max: [0.000000], count: [1]
client level=info t=144782 ev=retail site=3 text=world_controller:state_manager: Entering state 'bootflow:platform_account_warnings' for reason 'unavailable'.
client level=info t=144782 ev=retail site=3 text=world_controller:state_manager: Entering state 'bootflow:enumerate_content_rights' for reason 'unavailable'.
client level=info t=144797 ev=retail site=3 text=world_controller:state_manager: Entering state 'bootflow:account_signin' for reason 'unavailable'.
server level=info t=144860 ev=http method=post route=signon result=ok
client level=info t=144860 ev=retail site=13 text=networking:signon:client: Server environment: live
client level=info t=144860 ev=retail site=14 text=networking:stun: Client external address from signon: [127.0.0.1:0].
client level=info t=144875 ev=retail site=15 text=world_controller:state:bootflow_account_signin_handler: Demonware lobby connection not desired, continuing without Demonware lobby connection.
client level=info t=144875 ev=retail site=11 text=world_controller:retail_datamine: Timed operation: [ENUM(8)], took: [69 ms], average: [69.000000 ms], min: [69.000000], max: [69.000000], count: [1]
client level=info t=144875 ev=retail site=16 text=networking:stun: Using STUN discovered address and NAT type.
client level=info t=144875 ev=retail site=17 text=world_controller:retail_datamine: Total time spent: [75] ms in world controller state: [7] name: [bootflow:account_signin]
client level=info t=144875 ev=retail site=3 text=world_controller:state_manager: Entering state 'bootflow:content_check' for reason 'unavailable'.
client level=info t=144875 ev=content_config stage=get route=manifest bytes=105232 result=ok
client level=info t=145047 ev=retail site=17 text=world_controller:retail_datamine: Total time spent: [166] ms in world controller state: [16] name: [bootflow:content_check]
client level=info t=145047 ev=retail site=3 text=world_controller:state_manager: Entering state 'bootflow:package_registration' for reason 'unavailable'.
client level=info t=145797 ev=nettick stage=sample latch=1 callbacks=20183
client level=info t=147657 ev=retail site=17 text=world_controller:retail_datamine: Total time spent: [2612] ms in world controller state: [21] name: [bootflow:package_registration]
client level=info t=147657 ev=retail site=3 text=world_controller:state_manager: Entering state 'bootflow:bap_signin' for reason 'unavailable'.
client level=info t=147657 ev=retail site=18 text=world_controller:task_manager: Started   task 'ENUM(0)'.
client level=info t=147657 ev=retail site=18 text=world_controller:task_manager: Started   task 'ENUM(1)'.
client level=info t=147657 ev=retail site=18 text=world_controller:task_manager: Started   task 'ENUM(2)'.
client level=info t=147657 ev=retail site=18 text=world_controller:task_manager: Started   task 'ENUM(3)'.
client level=info t=147657 ev=retail site=19 text=world_controller:task_manager: Completed task 'ENUM(3)' after '0ms'.
client level=info t=147657 ev=retail site=18 text=world_controller:task_manager: Started   task 'ENUM(4)'.
client level=info t=147657 ev=retail site=19 text=world_controller:task_manager: Completed task 'ENUM(4)' after '0ms'.
client level=info t=147657 ev=retail site=20 text=networking:server:bap: primary BAP server IP address: 1.0.0.127, port: 30974
server level=info t=147657 ev=transport stage=accept result=ok conn=1
client level=info t=147750 ev=retail site=19 text=world_controller:task_manager: Completed task 'ENUM(0)' after '95ms'.
client level=info t=147750 ev=retail site=11 text=world_controller:retail_datamine: Timed operation: [ENUM(13)], took: [95 ms], average: [95.000000 ms], min: [95.000000], max: [95.000000], count: [1]
client level=info t=147797 ev=nettick stage=sample latch=1 callbacks=20468
client level=info t=148157 ev=retail site=19 text=world_controller:task_manager: Completed task 'ENUM(1)' after '499ms'.
client level=info t=148157 ev=retail site=18 text=world_controller:task_manager: Started   task 'ENUM(14)'.
client level=info t=148172 ev=retail site=19 text=world_controller:task_manager: Completed task 'ENUM(14)' after '12ms'.
client level=info t=149797 ev=nettick stage=sample latch=1 callbacks=20752
client level=info t=151797 ev=nettick stage=sample latch=1 callbacks=21039
client level=info t=152782 ev=retail site=19 text=world_controller:task_manager: Completed task 'ENUM(2)' after '5124ms'.
client level=info t=152782 ev=retail site=18 text=world_controller:task_manager: Started   task 'ENUM(5)'.
client level=info t=152797 ev=retail site=19 text=world_controller:task_manager: Completed task 'ENUM(5)' after '11ms'.
client level=info t=152797 ev=retail site=18 text=world_controller:task_manager: Started   task 'ENUM(6)'.
client level=info t=152797 ev=retail site=18 text=world_controller:task_manager: Started   task 'ENUM(7)'.
client level=info t=152938 ev=retail site=19 text=world_controller:task_manager: Completed task 'ENUM(6)' after '144ms'.
client level=info t=152938 ev=retail site=11 text=world_controller:retail_datamine: Timed operation: [ENUM(11)], took: [157 ms], average: [157.000000 ms], min: [157.000000], max: [157.000000], count: [1]
client level=info t=153016 ev=retail site=19 text=world_controller:task_manager: Completed task 'ENUM(7)' after '228ms'.
client level=info t=153016 ev=retail site=18 text=world_controller:task_manager: Started   task 'ENUM(8)'.
client level=info t=153016 ev=retail site=19 text=world_controller:task_manager: Completed task 'ENUM(8)' after '0ms'.
client level=info t=153016 ev=retail site=18 text=world_controller:task_manager: Started   task 'ENUM(9)'.
client level=info t=153219 ev=retail site=19 text=world_controller:task_manager: Completed task 'ENUM(9)' after '198ms'.
client level=info t=153219 ev=retail site=18 text=world_controller:task_manager: Started   task 'ENUM(10)'.
client level=info t=153219 ev=retail site=18 text=world_controller:task_manager: Started   task 'ENUM(15)'.
client level=info t=153532 ev=retail site=19 text=world_controller:task_manager: Completed task 'ENUM(10)' after '317ms'.
client level=info t=153532 ev=retail site=18 text=world_controller:task_manager: Started   task 'ENUM(13)'.
client level=info t=153672 ev=retail site=19 text=world_controller:task_manager: Completed task 'ENUM(13)' after '135ms'.
client level=info t=153672 ev=retail site=11 text=world_controller:retail_datamine: Timed operation: [ENUM(12)], took: [650 ms], average: [650.000000 ms], min: [650.000000], max: [650.000000], count: [1]
client level=info t=153797 ev=nettick stage=sample latch=1 callbacks=21305
client level=info t=153844 ev=retail site=19 text=world_controller:task_manager: Completed task 'ENUM(15)' after '629ms'.
client level=info t=153844 ev=retail site=18 text=world_controller:task_manager: Started   task 'ENUM(16)'.
client level=info t=153844 ev=retail site=18 text=world_controller:task_manager: Started   task 'ENUM(17)'.
client level=info t=153844 ev=retail site=18 text=world_controller:task_manager: Started   task 'ENUM(18)'.
client level=info t=153844 ev=retail site=19 text=world_controller:task_manager: Completed task 'ENUM(18)' after '0ms'.
client level=info t=153891 ev=retail site=19 text=world_controller:task_manager: Completed task 'ENUM(16)' after '48ms'.
client level=info t=155344 ev=retail site=19 text=world_controller:task_manager: Completed task 'ENUM(17)' after '1498ms'.
client level=info t=155344 ev=retail site=17 text=world_controller:retail_datamine: Total time spent: [7692] ms in world controller state: [22] name: [bootflow:bap_signin]
client level=info t=155344 ev=retail site=3 text=world_controller:state_manager: Entering state 'bootflow:investment_signin' for reason 'unavailable'.
client level=info t=155344 ev=retail site=21 text=world_controller:task_manager: Started   task 'ENUM(0)'.
client level=info t=155344 ev=retail site=21 text=world_controller:task_manager: Started   task 'ENUM(1)'.
client level=info t=155344 ev=retail site=22 text=world_controller:task_manager: Completed task 'ENUM(1)' after '0ms'.
client level=info t=155344 ev=retail site=21 text=world_controller:task_manager: Started   task 'ENUM(2)'.
client level=info t=155344 ev=retail site=21 text=world_controller:task_manager: Started   task 'ENUM(6)'.
client level=info t=155391 ev=retail site=22 text=world_controller:task_manager: Completed task 'ENUM(6)' after '50ms'.
client level=info t=155797 ev=nettick stage=sample latch=1 callbacks=21592
client level=info t=156375 ev=retail site=22 text=world_controller:task_manager: Completed task 'ENUM(2)' after '1029ms'.
client level=info t=156375 ev=retail site=21 text=world_controller:task_manager: Started   task 'ENUM(4)'.
client level=info t=156375 ev=retail site=21 text=world_controller:task_manager: Started   task 'ENUM(5)'.
client level=info t=156375 ev=retail site=22 text=world_controller:task_manager: Completed task 'ENUM(5)' after '0ms'.
client level=info t=156610 ev=retail site=23 text=world_controller: successfully changed world to: ambient_bootstrap
client level=info t=156610 ev=retail site=22 text=world_controller:task_manager: Completed task 'ENUM(4)' after '235ms'.
client level=info t=156688 ev=lore_visibility result=applied conditions=24
client level=info t=156688 ev=retail site=24 text=content_table_patching: patch contents have been cleared
client level=warn t=156766 ev=queuez stage=notification result=skipped reason=null_payload
client level=info t=156782 ev=retail site=25 text=networking:investment:push:queuez: failed to process update for [family_type ENUM(0), family_root_soid 0x9EAA300100100100, version 0, flags 0x01, object_count 2]
client level=info t=156797 ev=retail site=22 text=world_controller:task_manager: Completed task 'ENUM(0)' after '1446ms'.
client level=info t=156797 ev=retail site=26 text=networking:link: Starting port collsion resolution for endpoint type: [2], using port: [2003], max attempts: [100], max upnp attempts: [6]
client level=info t=156797 ev=retail site=27 text=networking:port_collision_resolver: Starting port collision resolution for endpoint type: [2] port: [2003].
client level=info t=156797 ev=retail site=21 text=world_controller:task_manager: Started   task 'ENUM(7)'.
client level=info t=156797 ev=retail site=22 text=world_controller:task_manager: Completed task 'ENUM(7)' after '0ms'.
client level=info t=156797 ev=retail site=17 text=world_controller:retail_datamine: Total time spent: [1446] ms in world controller state: [23] name: [bootflow:investment_signin]
client level=info t=156797 ev=retail site=3 text=world_controller:state_manager: Entering state 'bootflow:prepare_for_orbit' for reason 'unavailable'.
client level=info t=156797 ev=retail site=28 text=networking:UPnP: Started UPnP client for port: [2003].
client level=info t=157266 ev=retail site=25 text=networking:investment:push:queuez: failed to process update for [family_type ENUM(0), family_root_soid 0x9EAA300100100100, version 0, flags 0x01, object_count 2]
client level=info t=157797 ev=nettick stage=sample latch=1 callbacks=21978
client level=info t=159797 ev=nettick stage=sample latch=1 callbacks=22515
client level=info t=160266 ev=retail site=23 text=world_controller: successfully changed world to: orbit_d2
client level=info t=160438 ev=retail site=29 text=world_controller:state:prepare_for_orbit: Waiting for bubble host port collision resolution.
client level=info t=161797 ev=nettick stage=sample latch=1 callbacks=23018
client level=info t=162813 ev=retail site=30 text=networking:UPnP: Client completed with status: [2], port: [2003].
client level=info t=162813 ev=retail site=31 text=networking:port_collision_resolver: Unsuccessful UPnP reservation, UPnP client state: [2], endpoint type: [2] port: [2003].
client level=info t=162813 ev=retail site=0 text=networking:UPnP: Resetting UPnP client.
client level=info t=162813 ev=retail site=32 text=networking:link: Swapping out endpoint type: [2] with collision resolved endpoint using port: [2003]
client level=info t=162828 ev=retail site=17 text=world_controller:retail_datamine: Total time spent: [6033] ms in world controller state: [25] name: [bootflow:prepare_for_orbit]
client level=info t=162828 ev=retail site=10 text=networking:link: Endpoint traffic is now: [enabled].
client level=info t=162828 ev=retail site=3 text=world_controller:state_manager: Entering state 'bootflow:rejoin_activity' for reason 'unavailable'.
client level=info t=162828 ev=retail site=17 text=world_controller:retail_datamine: Total time spent: [0] ms in world controller state: [26] name: [bootflow:rejoin_activity]
client level=info t=162828 ev=retail site=3 text=world_controller:state_manager: Entering state 'character:signin' for reason 'unavailable'.
client level=info t=162828 ev=bootflow stage=character_select result=held
client level=info t=163797 ev=nettick stage=sample latch=1 callbacks=23534
client level=info t=165797 ev=nettick stage=sample latch=1 callbacks=23887
client level=info t=167797 ev=nettick stage=sample latch=1 callbacks=24245
client level=info t=169797 ev=nettick stage=sample latch=1 callbacks=24593
client level=info t=170297 ev=retail site=25 text=networking:investment:push:queuez: failed to process update for [family_type ENUM(0), family_root_soid 0x9EAA300100100100, version 1, flags 0x01, object_count 3]
client level=info t=170328 ev=retail site=17 text=world_controller:retail_datamine: Total time spent: [7511] ms in world controller state: [27] name: [character:signin]
client level=info t=170328 ev=retail site=11 text=world_controller:retail_datamine: Timed operation: [ENUM(15)], took: [7510 ms], average: [7510.000000 ms], min: [7510.000000], max: [7510.000000], count: [1]
client level=info t=170328 ev=retail site=3 text=world_controller:state_manager: Entering state 'cleanup' for reason 'unavailable'.
client level=info t=170328 ev=retail site=33 text=world_controller:state:cleanup: Requested task mask: '0x00e0010c30fbdf3c'
client level=info t=170328 ev=retail site=34 text=world_controller:task_manager: Started   task 'ENUM(2)'.
client level=info t=170328 ev=retail site=35 text=world_controller:task_manager: Completed task 'ENUM(2)' after '0ms'.
client level=info t=170328 ev=retail site=34 text=world_controller:task_manager: Started   task 'ENUM(3)'.
client level=info t=170328 ev=retail site=35 text=world_controller:task_manager: Completed task 'ENUM(3)' after '0ms'.
client level=info t=170328 ev=retail site=34 text=world_controller:task_manager: Started   task 'ENUM(4)'.
client level=info t=170328 ev=retail site=35 text=world_controller:task_manager: Completed task 'ENUM(4)' after '0ms'.
client level=info t=170328 ev=retail site=34 text=world_controller:task_manager: Started   task 'ENUM(5)'.
client level=info t=170328 ev=retail site=35 text=world_controller:task_manager: Completed task 'ENUM(5)' after '0ms'.
client level=info t=170328 ev=retail site=34 text=world_controller:task_manager: Started   task 'ENUM(8)'.
client level=info t=170328 ev=retail site=36 text=networking:session: [fireteam:00000000:00000000] session state is changing from 'none' to 'host-established'.
client level=info t=170328 ev=retail site=34 text=world_controller:task_manager: Started   task 'ENUM(10)'.
client level=info t=170328 ev=retail site=35 text=world_controller:task_manager: Completed task 'ENUM(10)' after '0ms'.
client level=info t=170328 ev=retail site=34 text=world_controller:task_manager: Started   task 'ENUM(11)'.
client level=info t=170328 ev=retail site=35 text=world_controller:task_manager: Completed task 'ENUM(11)' after '0ms'.
client level=info t=170328 ev=retail site=34 text=world_controller:task_manager: Started   task 'ENUM(12)'.
client level=info t=170328 ev=retail site=35 text=world_controller:task_manager: Completed task 'ENUM(12)' after '0ms'.
client level=info t=170328 ev=retail site=34 text=world_controller:task_manager: Started   task 'ENUM(14)'.
client level=info t=170328 ev=retail site=35 text=world_controller:task_manager: Completed task 'ENUM(14)' after '0ms'.
client level=info t=170328 ev=retail site=34 text=world_controller:task_manager: Started   task 'ENUM(15)'.
client level=info t=170328 ev=retail site=35 text=world_controller:task_manager: Completed task 'ENUM(15)' after '0ms'.
client level=info t=170328 ev=retail site=34 text=world_controller:task_manager: Started   task 'ENUM(16)'.
client level=info t=170328 ev=retail site=35 text=world_controller:task_manager: Completed task 'ENUM(16)' after '0ms'.
client level=info t=170328 ev=retail site=34 text=world_controller:task_manager: Started   task 'ENUM(17)'.
client level=info t=170328 ev=retail site=34 text=world_controller:task_manager: Started   task 'ENUM(19)'.
client level=info t=170328 ev=retail site=34 text=world_controller:task_manager: Started   task 'ENUM(20)'.
client level=info t=170328 ev=retail site=35 text=world_controller:task_manager: Completed task 'ENUM(20)' after '0ms'.
client level=info t=170328 ev=retail site=34 text=world_controller:task_manager: Started   task 'ENUM(21)'.
client level=info t=170328 ev=retail site=34 text=world_controller:task_manager: Started   task 'ENUM(28)'.
client level=info t=170328 ev=retail site=37 text=world_controller:retail_datamine: About to attempt retail log upload. We have '157' events, dropped '0' from THIS session due to upload cap, and have '38' unique event IDs.
client level=info t=170328 ev=retail site=34 text=world_controller:task_manager: Started   task 'ENUM(29)'.
client level=info t=170328 ev=retail site=35 text=world_controller:task_manager: Completed task 'ENUM(29)' after '0ms'.
client level=info t=170328 ev=retail site=34 text=world_controller:task_manager: Started   task 'ENUM(34)'.
client level=info t=170328 ev=retail site=35 text=world_controller:task_manager: Completed task 'ENUM(34)' after '0ms'.
client level=info t=170328 ev=retail site=34 text=world_controller:task_manager: Started   task 'ENUM(54)'.
client level=info t=170328 ev=retail site=35 text=world_controller:task_manager: Completed task 'ENUM(54)' after '0ms'.
client level=info t=170328 ev=retail site=34 text=world_controller:task_manager: Started   task 'ENUM(55)'.
client level=info t=170328 ev=retail site=38 text=world_controller:state:cleanup: After 0ms, status: '2', tasks active: '0x00800000102a0100', pending: '0x0020010800c00200', requested: '0x00e0010c30fbdf3c'
client level=info t=170328 ev=retail site=39 text=networking:session:membership:dump: [fireteam:00000000:00000000] update_number: 7, leader_peer_index: # 0, host_peer_index: # 0
client level=info t=170328 ev=retail site=40 text=networking:session:membership:dump:   peers valid: 0x1, non-dormant: 0x1, changed: 0x1, removed: 0x0; players valid: 0x1, changed: 0x0, removed: 0x0
client level=info t=170328 ev=retail site=41 text=networking:session:membership:dump:   peer # 0 a=[steamid:76561198776753861#7681dde098a1c0b5] s=            _joining o=-1 j=[82767143-E01AE5E4] amb=[XXXXXXXX-XXXXXXXX] pc=1 peer_name=<UNKNOWN PEER NAME> session_id= flags=0
client level=info t=170469 ev=retail site=23 text=world_controller: successfully changed world to:
client level=info t=170469 ev=retail site=35 text=world_controller:task_manager: Completed task 'ENUM(19)' after '134ms'.
client level=info t=170469 ev=retail site=35 text=world_controller:task_manager: Completed task 'ENUM(21)' after '134ms'.
client level=info t=170469 ev=retail site=34 text=world_controller:task_manager: Started   task 'ENUM(22)'.
client level=info t=170469 ev=retail site=34 text=world_controller:task_manager: Started   task 'ENUM(23)'.
client level=info t=170469 ev=retail site=35 text=world_controller:task_manager: Completed task 'ENUM(23)' after '0ms'.
client level=info t=170469 ev=retail site=35 text=world_controller:task_manager: Completed task 'ENUM(28)' after '134ms'.
client level=info t=170469 ev=retail site=34 text=world_controller:task_manager: Started   task 'ENUM(53)'.
client level=info t=170469 ev=retail site=35 text=world_controller:task_manager: Completed task 'ENUM(17)' after '136ms'.
client level=info t=170469 ev=retail site=35 text=world_controller:task_manager: Completed task 'ENUM(55)' after '137ms'.
client level=info t=170469 ev=retail site=42 text=networking:session:process-pending-joins: [fireteam:D1285921:7BB36152] marking all peers in join [82767143-E01AE5E4] as joined
client level=info t=170469 ev=retail site=39 text=networking:session:membership:dump: [fireteam:D1285921:7BB36152] update_number: 11, leader_peer_index: # 0, host_peer_index: # 0
client level=info t=170469 ev=retail site=40 text=networking:session:membership:dump:   peers valid: 0x1, non-dormant: 0x1, changed: 0x1, removed: 0x0; players valid: 0x1, changed: 0x0, removed: 0x0
client level=info t=170469 ev=retail site=41 text=networking:session:membership:dump:   peer # 0 a=[steamid:76561198776753861#7681dde098a1c0b5] s=            _waiting o=-1 j=[82767143-E01AE5E4] amb=[XXXXXXXX-XXXXXXXX] pc=1 peer_name=<UNKNOWN PEER NAME> session_id= flags=0
client level=info t=170469 ev=retail site=43 text=networking:session:process-pending-joins: [fireteam:D1285921:7BB36152] marking all peers in join [82767143-E01AE5E4] as ready, [140] ms since peer [0] created, [170538] since join was queued
client level=info t=170469 ev=retail site=39 text=networking:session:membership:dump: [fireteam:D1285921:7BB36152] update_number: 12, leader_peer_index: # 0, host_peer_index: # 0
client level=info t=170469 ev=retail site=40 text=networking:session:membership:dump:   peers valid: 0x1, non-dormant: 0x1, changed: 0x1, removed: 0x0; players valid: 0x1, changed: 0x0, removed: 0x0
client level=info t=170469 ev=retail site=41 text=networking:session:membership:dump:   peer # 0 a=[steamid:76561198776753861#7681dde098a1c0b5] s=              _ready o=-1 j=[82767143-E01AE5E4] amb=[XXXXXXXX-XXXXXXXX] pc=1 peer_name=<UNKNOWN PEER NAME> session_id= flags=0
client level=info t=170469 ev=retail site=44 text=networking:session:process-pending-joins: [fireteam:D1285921:7BB36152] marking all peers in join [82767143-E01AE5E4] as established
client level=info t=170469 ev=retail site=39 text=networking:session:membership:dump: [fireteam:D1285921:7BB36152] update_number: 14, leader_peer_index: # 0, host_peer_index: # 0
client level=info t=170469 ev=retail site=40 text=networking:session:membership:dump:   peers valid: 0x1, non-dormant: 0x1, changed: 0x1, removed: 0x0; players valid: 0x1, changed: 0x0, removed: 0x0
client level=info t=170469 ev=retail site=41 text=networking:session:membership:dump:   peer # 0 a=[steamid:76561198776753861#7681dde098a1c0b5] s=        _established o=-1 j=[XXXXXXXX-XXXXXXXX] amb=[XXXXXXXX-XXXXXXXX] pc=1 peer_name=<UNKNOWN PEER NAME> session_id= flags=0
client level=info t=170469 ev=retail site=35 text=world_controller:task_manager: Completed task 'ENUM(8)' after '142ms'.
client level=info t=170469 ev=retail site=34 text=world_controller:task_manager: Started   task 'ENUM(9)'.
client level=info t=170469 ev=retail site=35 text=world_controller:task_manager: Completed task 'ENUM(9)' after '0ms'.
client level=info t=170485 ev=retail site=39 text=networking:session:membership:dump: [fireteam:D1285921:7BB36152] update_number: 16, leader_peer_index: # 0, host_peer_index: # 0
client level=info t=170485 ev=retail site=40 text=networking:session:membership:dump:   peers valid: 0x1, non-dormant: 0x1, changed: 0xffffffff, removed: 0x0; players valid: 0x1, changed: 0xffffffff, removed: 0x0
client level=info t=170485 ev=retail site=41 text=networking:session:membership:dump:   peer # 0 a=[steamid:76561198776753861#7681dde098a1c0b5] s=        _established o=-1 j=[XXXXXXXX-XXXXXXXX] amb=[XXXXXXXX-XXXXXXXX] pc=1 peer_name=<UNKNOWN PEER NAME> session_id=Wed_09092026_140650_002784@x64@unknown_pc_user@B0_A1_25_FC_EC_00_F935 flags=0
client level=info t=170563 ev=retail site=35 text=world_controller:task_manager: Completed task 'ENUM(22)' after '101ms'.
client level=info t=170578 ev=retail site=34 text=world_controller:task_manager: Started   task 'ENUM(35)'.
client level=info t=170578 ev=retail site=34 text=world_controller:task_manager: Started   task 'ENUM(40)'.
client level=info t=170578 ev=retail site=35 text=world_controller:task_manager: Completed task 'ENUM(40)' after '0ms'.
client level=info t=170797 ev=retail site=23 text=world_controller: successfully changed world to: orbit_d2
client level=info t=170797 ev=retail site=35 text=world_controller:task_manager: Completed task 'ENUM(35)' after '222ms'.
server level=info t=170813 ev=queuez stage=translate result=paired kind=account identity=0x0110000130AA9EC5 soid=0x9EAA300100100100
server level=info t=170828 ev=ws701 stage=profile_setup result=complete
server level=info t=170844 ev=activity stage=writeback result=ok world_state=0
server level=info t=170860 ev=queuez stage=social_roster result=ok soid=0x9EAA300100100100 objects=2 bytes=176 emblem=1272 hash=0x71B4CC1B
client level=info t=171438 ev=retail site=35 text=world_controller:task_manager: Completed task 'ENUM(53)' after '969ms'.
client level=info t=171438 ev=retail site=17 text=world_controller:retail_datamine: Total time spent: [1103] ms in world controller state: [28] name: [cleanup]
client level=info t=171438 ev=retail site=3 text=world_controller:state_manager: Entering state 'setup:orbit' for reason 'unavailable'.
client level=info t=171438 ev=retail site=45 text=world_controller:slice_set_transition_manager: Mode changed from 'disabled' to 'fully_enabled'.
client level=info t=171438 ev=retail site=11 text=world_controller:retail_datamine: Timed operation: [ENUM(14)], took: [26653 ms], average: [26653.000000 ms], min: [26653.000000], max: [26653.000000], count: [1]
client level=info t=171438 ev=retail site=46 text=world_controller:slice_set_transition_manager: Failed to find the Orbit slice-set name for destination 'HASH(0x13a023bc)', so we're falling back to a new character (Orbit destination 'HASH(0x59ad083e)', slice-set 'HASH(0x841b4ef7)').
client level=info t=171438 ev=retail site=47 text=world_controller:slice_set_transition_manager: Starting a new transition of type 'transitioning:orbit' to 'PRV24.24 (HASH: 0x841b4ef7)'; token advanced to 001
client level=info t=171750 ev=bootflow stage=orbit_handoff result=native
client level=info t=171750 ev=retail site=48 text=world_controller:slice_set_transition_manager: Stopping transition of type 'transitioning:orbit' due to completed
server level=info t=171750 ev=ws701 stage=profile_setup result=complete
server level=info t=171766 ev=activity stage=writeback result=ok world_state=0
client level=info t=171797 ev=nettick stage=sample latch=1 callbacks=25020
client level=info t=173797 ev=nettick stage=sample latch=1 callbacks=25395
client level=info t=175797 ev=nettick stage=sample latch=1 callbacks=25763
client level=info t=177797 ev=nettick stage=sample latch=1 callbacks=26134
client level=info t=179797 ev=nettick stage=sample latch=1 callbacks=26503
client level=info t=181797 ev=nettick stage=sample latch=1 callbacks=26872
client level=info t=183797 ev=nettick stage=sample latch=1 callbacks=27336
client level=info t=185797 ev=nettick stage=sample latch=1 callbacks=27838
client level=info t=187797 ev=nettick stage=sample latch=1 callbacks=28277
client level=info t=189797 ev=nettick stage=sample latch=1 callbacks=28699
client level=info t=191797 ev=nettick stage=sample latch=1 callbacks=29094
client level=info t=193797 ev=nettick stage=sample latch=1 callbacks=29497
client level=info t=194625 ev=retail site=17 text=world_controller:retail_datamine: Total time spent: [23186] ms in world controller state: [29] name: [setup:orbit]
client level=info t=194625 ev=retail site=45 text=world_controller:slice_set_transition_manager: Mode changed from 'fully_enabled' to 'disabled'.
client level=info t=194625 ev=retail site=49 text=networking:online:matchmaking: Active matchmaking interface type: 0
client level=info t=194625 ev=retail site=3 text=world_controller:state_manager: Entering state 'setup:activity_session_creation' for reason 'unavailable'.
client level=info t=194625 ev=retail site=50 text=world_controller:task_manager: Started   task 'ENUM(0)'.
client level=info t=194625 ev=retail site=50 text=world_controller:task_manager: Started   task 'ENUM(4)'.
client level=info t=194625 ev=retail site=51 text=world_controller:task_manager: Completed task 'ENUM(4)' after '0ms'.
client level=info t=194625 ev=retail site=52 text=world_controller:state:activity_session_creation: Waiting for session peer properties to be in the expected state (no AH ids). FT [EXPECTED], POSSE [WAITING]
client level=info t=194625 ev=retail site=50 text=world_controller:task_manager: Started   task 'ENUM(5)'.
client level=info t=194657 ev=retail site=49 text=networking:online:matchmaking: Active matchmaking interface type: 0
client level=info t=194657 ev=retail site=51 text=world_controller:task_manager: Completed task 'ENUM(0)' after '34ms'.
client level=info t=194657 ev=retail site=50 text=world_controller:task_manager: Started   task 'ENUM(1)'.
server level=info t=194672 ev=bap svc=42 stage=configuration result=ok activity_hash=0xEC70749B type_hash=0xD07BB2D7 activity=9 name=planet_x_freeroam current_activity_policy=0 changed=0
client level=info t=194688 ev=retail site=51 text=world_controller:task_manager: Completed task 'ENUM(1)' after '29ms'.
client level=info t=194688 ev=retail site=50 text=world_controller:task_manager: Started   task 'ENUM(2)'.
client level=info t=195641 ev=retail site=39 text=networking:session:membership:dump: [posse:00000000:00000000] update_number: 2, leader_peer_index: # 0, host_peer_index: # 0
client level=info t=195641 ev=retail site=40 text=networking:session:membership:dump:   peers valid: 0x1, non-dormant: 0x1, changed: 0x1, removed: 0x0; players valid: 0x1, changed: 0x0, removed: 0x0
client level=info t=195641 ev=retail site=41 text=networking:session:membership:dump:   peer # 0 a=[steamid:76561198776753861#7681dde098a1c0b5] s=          _connected o=-1 j=[XXXXXXXX-XXXXXXXX] amb=[XXXXXXXX-XXXXXXXX] pc=1 peer_name=<UNKNOWN PEER NAME> session_id=Wed_09092026_140650_002784@x64@unknown_pc_user@B0_A1_25_FC_EC_00_F935 flags=6
client level=info t=195641 ev=retail site=36 text=networking:session: [posse:00000000:00000000] session state is changing from 'none' to 'host-established'.
client level=info t=195641 ev=retail site=53 text=networking:session:create: join-driven session creation (local and remote peers) assigned a promordial join nonce of 5925025C-6936D700
client level=info t=195641 ev=retail site=39 text=networking:session:membership:dump: [posse:00000000:00000000] update_number: 5, leader_peer_index: # 0, host_peer_index: # 0
client level=info t=195641 ev=retail site=40 text=networking:session:membership:dump:   peers valid: 0x1, non-dormant: 0x1, changed: 0x1, removed: 0x0; players valid: 0x1, changed: 0x0, removed: 0x0
client level=info t=195641 ev=retail site=41 text=networking:session:membership:dump:   peer # 0 a=[steamid:76561198776753861#7681dde098a1c0b5] s=            _joining o=-1 j=[5925025C-6936D700] amb=[XXXXXXXX-XXXXXXXX] pc=1 peer_name=<UNKNOWN PEER NAME> session_id=Wed_09092026_140650_002784@x64@unknown_pc_user@B0_A1_25_FC_EC_00_F935 flags=6
client level=info t=195641 ev=retail site=50 text=world_controller:task_manager: Started   task 'ENUM(3)'.
client level=info t=195641 ev=retail site=51 text=world_controller:task_manager: Completed task 'ENUM(3)' after '0ms'.
client level=info t=195641 ev=retail site=51 text=world_controller:task_manager: Completed task 'ENUM(5)' after '1024ms'.
client level=info t=195641 ev=retail site=54 text=world_controller:session_manager: PRIVATE session [posse:00000000:00000000] unable to get session keys.
client level=info t=195657 ev=retail site=51 text=world_controller:task_manager: Completed task 'ENUM(2)' after '968ms'.
client level=info t=195657 ev=retail site=55 text=world_controller:state:activity_session_creation: As HOST, peers done: skill read: , config refresh: 0, reputation read: 0
client level=info t=195672 ev=retail site=42 text=networking:session:process-pending-joins: [posse:FC45969D:68F8D09E] marking all peers in join [5925025C-6936D700] as joined
client level=info t=195672 ev=retail site=39 text=networking:session:membership:dump: [posse:FC45969D:68F8D09E] update_number: 8, leader_peer_index: # 0, host_peer_index: # 0
client level=info t=195672 ev=retail site=40 text=networking:session:membership:dump:   peers valid: 0x1, non-dormant: 0x1, changed: 0x1, removed: 0x0; players valid: 0x1, changed: 0x0, removed: 0x0
client level=info t=195672 ev=retail site=41 text=networking:session:membership:dump:   peer # 0 a=[steamid:76561198776753861#7681dde098a1c0b5] s=            _waiting o=-1 j=[5925025C-6936D700] amb=[XXXXXXXX-XXXXXXXX] pc=1 peer_name=<UNKNOWN PEER NAME> session_id=Wed_09092026_140650_002784@x64@unknown_pc_user@B0_A1_25_FC_EC_00_F935 flags=6
client level=info t=195672 ev=retail site=43 text=networking:session:process-pending-joins: [posse:FC45969D:68F8D09E] marking all peers in join [5925025C-6936D700] as ready, [26] ms since peer [0] created, [195729] since join was queued
client level=info t=195672 ev=retail site=39 text=networking:session:membership:dump: [posse:FC45969D:68F8D09E] update_number: 9, leader_peer_index: # 0, host_peer_index: # 0
client level=info t=195672 ev=retail site=40 text=networking:session:membership:dump:   peers valid: 0x1, non-dormant: 0x1, changed: 0x1, removed: 0x0; players valid: 0x1, changed: 0x0, removed: 0x0
client level=info t=195672 ev=retail site=41 text=networking:session:membership:dump:   peer # 0 a=[steamid:76561198776753861#7681dde098a1c0b5] s=              _ready o=-1 j=[5925025C-6936D700] amb=[XXXXXXXX-XXXXXXXX] pc=1 peer_name=<UNKNOWN PEER NAME> session_id=Wed_09092026_140650_002784@x64@unknown_pc_user@B0_A1_25_FC_EC_00_F935 flags=6
server level=info t=195672 ev=ws701 stage=profile_setup result=complete
server level=info t=195672 ev=activity stage=writeback result=ok world_state=1
client level=info t=195672 ev=retail site=39 text=networking:session:membership:dump: [posse:FC45969D:68F8D09E] update_number: 10, leader_peer_index: # 0, host_peer_index: # 0
client level=info t=195672 ev=retail site=40 text=networking:session:membership:dump:   peers valid: 0x1, non-dormant: 0x1, changed: 0xffffffff, removed: 0x0; players valid: 0x1, changed: 0xffffffff, removed: 0x0
client level=info t=195672 ev=retail site=41 text=networking:session:membership:dump:   peer # 0 a=[steamid:76561198776753861#7681dde098a1c0b5] s=              _ready o=-1 j=[5925025C-6936D700] amb=[XXXXXXXX-XXXXXXXX] pc=1 peer_name=<UNKNOWN PEER NAME> session_id=Wed_09092026_140650_002784@x64@unknown_pc_user@B0_A1_25_FC_EC_00_F935 flags=7
client level=info t=195688 ev=retail site=44 text=networking:session:process-pending-joins: [posse:FC45969D:68F8D09E] marking all peers in join [5925025C-6936D700] as established
client level=info t=195688 ev=retail site=39 text=networking:session:membership:dump: [posse:FC45969D:68F8D09E] update_number: 12, leader_peer_index: # 0, host_peer_index: # 0
client level=info t=195688 ev=retail site=40 text=networking:session:membership:dump:   peers valid: 0x1, non-dormant: 0x1, changed: 0x1, removed: 0x0; players valid: 0x1, changed: 0x0, removed: 0x0
client level=info t=195688 ev=retail site=41 text=networking:session:membership:dump:   peer # 0 a=[steamid:76561198776753861#7681dde098a1c0b5] s=        _established o=-1 j=[XXXXXXXX-XXXXXXXX] amb=[XXXXXXXX-XXXXXXXX] pc=1 peer_name=<UNKNOWN PEER NAME> session_id=Wed_09092026_140650_002784@x64@unknown_pc_user@B0_A1_25_FC_EC_00_F935 flags=7
client level=info t=195688 ev=retail site=56 text=world_controller:state:activity_session_creation: Activity session 'posse:FC45969D:68F8D09E' successfully created, trying to move on.
client level=info t=195688 ev=retail site=57 text=world_controller:state_manager: State 'setup:matchmaking' requested for reason 'unavailable', but we can't: 'active outbound FT join [IN-PROGRESS]'.
client level=info t=195703 ev=retail site=17 text=world_controller:retail_datamine: Total time spent: [1074] ms in world controller state: [30] name: [setup:activity_session_creation]
client level=info t=195703 ev=retail site=3 text=world_controller:state_manager: Entering state 'setup:matchmaking' for reason 'unavailable'.
client level=info t=195703 ev=retail site=17 text=world_controller:retail_datamine: Total time spent: [0] ms in world controller state: [31] name: [setup:matchmaking]
client level=info t=195703 ev=retail site=58 text=world_controller:retail_datamine: Timed operation Matchmaking, took: [0 seconds]
client level=info t=195703 ev=retail site=3 text=world_controller:state_manager: Entering state 'setup:activity_host_setup' for reason 'unavailable'.
client level=info t=195719 ev=retail site=59 text=networking:activity_client:messaging_interface:bap: AH IP resolution successful: 'proxy -> 127.0.0.1:30974'.
server level=info t=195750 ev=transport stage=accept result=ok conn=2
server level=warn t=195766 ev=bap svc=25 stage=plaintext result=shape_accepted conn=2 len=36 b0=0A b1=20 b34=10 b35=02
client level=info t=195782 ev=retail site=60 text=world_controller:activity_manager: Connected 'PRIVATE CURRENT' activity client.
client level=info t=195782 ev=retail site=61 text=world_controller:activity_manager: 'PRIVATE CURRENT' activity client requesting activity host startup [activity: 0x0009 (HASH(0xec70749b))(type: HASH(0xd07bb2d7))(grognok: planet_x_freeroam)(destination: HASH(0x0790b877))(nonce: 685402EB-99D35DA4) for reason 'ENUM(0)'(override: planet_x_freeroam)][reservation count 1]
server level=warn t=195782 ev=mission_script stage=attach result=activity_join_pending session=11433003384888623105
client level=info t=195797 ev=retail site=62 text=networking:activity_client:receive_message_from_host: [AC PRIVATE CURRENT CON-Y EST-N AH->0 MEM-0] received startup response from AH [id 9EAA3001:00200001][session ]
client level=info t=195797 ev=nettick stage=sample latch=1 callbacks=29826
client level=info t=195797 ev=retail site=63 text=networking:activity_client: [AC PRIVATE CURRENT CON-Y EST-N AH->0 MEM-0] Sent join request: [AH 9EAA3001:00200001][nonce -1407003495] identity:[account -7013740688821976832][character -7013740688821976830][machine B0:A1:25:FC:EC:00:F935][player 2F:3B:ED:3A:75:57:FE:A6] [global resources 0x6c] (part 1/2)
client level=info t=195797 ev=retail site=64 text=networking:activity_client: [AC PRIVATE CURRENT CON-Y EST-N AH->0 MEM-0] Properties [session Wed_09092026_140650_002784@x64@76561198776753861@B0_A1_25_FC_EC_00_F935][FAH --------:--------][GAH --------:--------][FTID 0x2ebf059d5116c891] (part 2/2)
client level=info t=195797 ev=retail site=65 text=world_controller:activity_manager: 'PRIVATE CURRENT' activity client sent join request to AH 9EAA3001:00200001, host=Wed_09092026_140650_002784@x64@unknown_pc_user@B0_A1_25_FC_EC_00_F935
server level=info t=195875 ev=gameplay stage=activityhost result=allocated session=0x9EAA300100200002 group=0xBE9A66548B65CC3E generation=1 port=30976 held=1
server level=info t=195875 ev=gameplay stage=advertise result=ok region=104 region_source=arrival ambassador_slot=1
server level=warn t=195875 ev=activity stage=roster result=no_epoch soid=0x9EAA300100200001 public=0 dest= groups=0 top=0 sub=0 subkeys=0 objects=0 bytes=0 state=0 auth=0 authstate=-1 authfirst=-1:-1:0x0:0x0 authlast=-1:-1:0x0:0x0 sceneempty=0 engageempty=0 keygroup=0x0 grant=-1 region=0 slice=0 spawn=0x0 join=0x9EAA300100100102 player=0x0 pending_region=-1 current_region=-1 client_bubble=-1 held=-1 entered=0 selected=0 hash=0x0000000000000000 force=0x00
server level=info t=195891 ev=mission_script stage=open result=no_script session=11433003384888623105 activity_row=10
server level=warn t=195891 ev=mission_script stage=attach result=no_script session=11433003384888623105 activity_row=10
server level=warn t=195891 ev=mission_script stage=attach result=no_activity_link session=11433003384888623106
server level=info t=195891 ev=gameplay stage=activityhost result=allocated session=0x9EAA300100200003 group=0xC46DF2F8C1A354B6 generation=2 port=30978 held=2
server level=info t=195891 ev=gameplay stage=activityhost result=allocated session=0x9EAA300100200004 group=0xD5A9CCC4C777741E generation=3 port=30980 held=3
server level=info t=195891 ev=gameplay stage=activityhost result=allocated session=0x9EAA300100200005 group=0xDBF59E10CD1B15C6 generation=4 port=30982 held=4
server level=info t=195891 ev=gameplay stage=activityhost result=allocated session=0x9EAA300100200006 group=0x2930685CD0AF36AE generation=5 port=30984 held=5
server level=info t=195891 ev=gameplay stage=activityhost result=allocated session=0x9EAA300100200007 group=0x3F7C3BA8D670D616 generation=6 port=30986 held=6
server level=info t=195891 ev=gameplay stage=activityhost result=allocated session=0x9EAA300100200008 group=0x0CB8F5F4DC04F7FE generation=7 port=30988 held=7
server level=info t=195891 ev=gameplay stage=activityhost result=allocated session=0x9EAA300100200009 group=0x12C4C7C0E3A8E8A6 generation=8 port=30990 held=8
client level=info t=195891 ev=retail site=66 text=networking:activity_client:receive_message_from_host: [AC PRIVATE CURRENT CON-Y EST-N AH->0 MEM-0] Received join result from AH '9EAA3001:00200001' [nonce -1407003495][result 0][session id ][replication epoch 0].
client level=info t=195891 ev=retail site=67 text=networking:activity_client:activity_host_changed: instance=PRIVATE CURRENT, ah-sid=, zombie-instance-nonce=0
client level=info t=195891 ev=probe stage=msg12 result=received client=0x26B1BE1F980 slot=0 label=PRIVATE CURRENT member=0x35F900ECFC25A1B0 status=0x00FE->0x01FE flag=1
client level=info t=195891 ev=probe stage=bind client=0x26B1BE1F980 established=0x9EAA300100200001 slotrec=0x26B032FD9A0 roster=0x26BCF78BC80 receipt=0
client level=info t=195891 ev=probe stage=hosttail client=0x26B1BE1F980 b=00000000000000000000000000000000000000000000000000000000000000000000000000000000FFFFFFFF00000000
client level=info t=195891 ev=probe stage=grant client=0x26B1BE1F980 status=0x01FE pending=7936 dirty=0 receipt=0
client level=info t=195907 ev=retail site=68 text=world_controller:state:activity_setup: 'NOJIP' flow, waiting. posse_peers_not_ready_sanitized=0, posse_peers_not_ready=0
client level=info t=195922 ev=probe stage=msg12 result=received client=0x26B1BE1F980 slot=0 label=PRIVATE CURRENT member=0x35F900ECFC25A1B0 status=0x01FE->0x01FE flag=1
client level=info t=195922 ev=probe stage=bind client=0x26B1BE1F980 established=0x9EAA300100200001 slotrec=0x26B032FD9A0 roster=0x26BCF78BC80 receipt=0
server level=warn t=195922 ev=mission_script stage=attach result=no_activity_link session=11433003384888623107
server level=warn t=195922 ev=mission_script stage=attach result=no_activity_link session=11433003384888623108
server level=warn t=195922 ev=mission_script stage=attach result=no_activity_link session=11433003384888623109
server level=warn t=195922 ev=mission_script stage=attach result=no_activity_link session=11433003384888623110
server level=warn t=195922 ev=mission_script stage=attach result=no_activity_link session=11433003384888623111
server level=warn t=195922 ev=mission_script stage=attach result=no_activity_link session=11433003384888623112
server level=warn t=195922 ev=mission_script stage=attach result=no_activity_link session=11433003384888623113
client level=info t=195953 ev=probe stage=msg12 result=received client=0x26B1BE1F980 slot=0 label=PRIVATE CURRENT member=0x35F900ECFC25A1B0 status=0x01FE->0x01FE flag=1
client level=info t=195953 ev=probe stage=bind client=0x26B1BE1F980 established=0x9EAA300100200001 slotrec=0x26B032FD9A0 roster=0x26BCF78BC80 receipt=0
client level=info t=196688 ev=retail site=17 text=world_controller:retail_datamine: Total time spent: [992] ms in world controller state: [32] name: [setup:activity_host_setup]
client level=info t=196688 ev=retail site=3 text=world_controller:state_manager: Entering state 'setup:prologue_intro_loading' for reason 'unavailable'.
client level=info t=196688 ev=retail site=69 text=world_controller:task_manager: Started   task 'ENUM(0)'.
client level=info t=196766 ev=bubbleauth stage=decode result=ok
client level=info t=196766 ev=bubbleauth stage=force result=ok
client level=info t=196797 ev=probe stage=msg12 result=received client=0x26B1BE1F980 slot=0 label=PRIVATE CURRENT member=0x35F900ECFC25A1B0 status=0x01FE->0x01FE flag=1
client level=info t=196797 ev=probe stage=bind client=0x26B1BE1F980 established=0x9EAA300100200001 slotrec=0x26B032FD9A0 roster=0x26BCF78BC80 receipt=0
client level=info t=196875 ev=retail site=70 text=world_controller:task_manager: Completed task 'ENUM(0)' after '183ms'.
client level=info t=196875 ev=retail site=69 text=world_controller:task_manager: Started   task 'ENUM(1)'.
client level=info t=196891 ev=retail site=70 text=world_controller:task_manager: Completed task 'ENUM(1)' after '19ms'.
client level=info t=196891 ev=retail site=17 text=world_controller:retail_datamine: Total time spent: [202] ms in world controller state: [33] name: [setup:prologue_intro_loading]
client level=info t=196891 ev=retail site=3 text=world_controller:state_manager: Entering state 'setup:orbit_outro' for reason 'unavailable'.
client level=info t=197797 ev=nettick stage=sample latch=1 callbacks=30128
client level=info t=197891 ev=probe stage=hosttail client=0x26B1BE1F980 b=00000000000000000000000000000000000000000000000000000000000000000000000000000000FFFFFFFF00000000
client level=info t=197891 ev=probe stage=grant client=0x26B1BE1F980 status=0x01FE pending=7936 dirty=0 receipt=0
client level=info t=198828 ev=probe stage=msg12 result=received client=0x26B1BE1F980 slot=0 label=PRIVATE CURRENT member=0x35F900ECFC25A1B0 status=0x01FE->0x01FE flag=1
client level=info t=198828 ev=probe stage=bind client=0x26B1BE1F980 established=0x9EAA300100200001 slotrec=0x26B032FD9A0 roster=0x26BCF78BC80 receipt=0
client level=info t=199797 ev=nettick stage=sample latch=1 callbacks=30393
client level=info t=199891 ev=probe stage=hosttail client=0x26B1BE1F980 b=00000000000000000000000000000000000000000000000000000000000000000000000000000000FFFFFFFF00000000
client level=info t=199891 ev=probe stage=grant client=0x26B1BE1F980 status=0x01FE pending=7936 dirty=0 receipt=0
server level=info t=201735 ev=queuez stage=social_roster result=ok soid=0x9EAA300100100100 objects=2 bytes=176 emblem=1272 hash=0x71B4CC1B
client level=info t=201797 ev=nettick stage=sample latch=1 callbacks=30618
client level=info t=201891 ev=probe stage=hosttail client=0x26B1BE1F980 b=00000000000000000000000000000000000000000000000000000000000000000000000000000000FFFFFFFF00000000
client level=info t=201891 ev=probe stage=grant client=0x26B1BE1F980 status=0x01FE pending=7936 dirty=0 receipt=0
client level=info t=203547 ev=retail site=17 text=world_controller:retail_datamine: Total time spent: [6651] ms in world controller state: [34] name: [setup:orbit_outro]
client level=info t=203547 ev=retail site=3 text=world_controller:state_manager: Entering state 'setup:activity_world_transition' for reason 'unavailable'.
client level=info t=203547 ev=retail site=71 text=world_controller:task_manager: Started   task 'ENUM(0)'.
client level=info t=203547 ev=retail site=71 text=world_controller:task_manager: Started   task 'ENUM(1)'.
client level=info t=203547 ev=retail site=72 text=world_controller:task_manager: Completed task 'ENUM(1)' after '0ms'.
client level=info t=203813 ev=bootflow stage=owner_slot result=forced was=0 now=1
client level=info t=203813 ev=retail site=23 text=world_controller: successfully changed world to: planet_x_freeroam
client level=info t=203813 ev=retail site=73 text=networking:update: *** it has been 270 milliseconds since the last network update (longest expected: '500')
client level=info t=203813 ev=retail site=72 text=world_controller:task_manager: Completed task 'ENUM(0)' after '269ms'.
client level=info t=203813 ev=retail site=17 text=world_controller:retail_datamine: Total time spent: [269] ms in world controller state: [35] name: [setup:activity_world_transition]
client level=info t=203813 ev=retail site=3 text=world_controller:state_manager: Entering state 'activity:initial_slice_set_loading' for reason 'unavailable'.
client level=info t=203828 ev=retail site=74 text=world_controller:task_manager: Started   task 'ENUM(0)'.
client level=info t=203828 ev=retail site=74 text=world_controller:task_manager: Started   task 'ENUM(1)'.
client level=info t=203828 ev=retail site=74 text=world_controller:task_manager: Started   task 'ENUM(4)'.
client level=info t=203828 ev=nettick stage=sample latch=1 callbacks=30817
client level=info t=203828 ev=retail site=75 text=world_controller:task_manager: Completed task 'ENUM(1)' after '10ms'.
client level=info t=203828 ev=retail site=45 text=world_controller:slice_set_transition_manager: Mode changed from 'disabled' to 'initial_slice_set_precaching'.
client level=info t=203828 ev=retail site=74 text=world_controller:task_manager: Started   task 'ENUM(2)'.
client level=info t=203828 ev=retail site=74 text=world_controller:task_manager: Started   task 'ENUM(3)'.
client level=info t=203828 ev=retail site=75 text=world_controller:task_manager: Completed task 'ENUM(4)' after '11ms'.
client level=info t=203828 ev=retail site=74 text=world_controller:task_manager: Started   task 'ENUM(6)'.
client level=info t=203828 ev=retail site=74 text=world_controller:task_manager: Started   task 'ENUM(7)'.
client level=info t=203828 ev=bootflow stage=region result=forced slice_set=104
client level=info t=203828 ev=retail site=47 text=world_controller:slice_set_transition_manager: Starting a new transition of type 'transitioning:initial_slice_set' to 'PRV104.1 (HASH: 0x65771c73)'; token advanced to 001
server level=info t=203844 ev=gameplay stage=receive result=ok from=0x7F000001:2003 bytes=295 b0=0x00
server level=info t=203844 ev=gameplay stage=response result=ok wordb=1 signon=0
client level=info t=203844 ev=retail site=75 text=world_controller:task_manager: Completed task 'ENUM(0)' after '18ms'.
client level=info t=203844 ev=retail site=74 text=world_controller:task_manager: Started   task 'ENUM(5)'.
server level=info t=203860 ev=ws701 stage=profile_setup result=complete
server level=info t=203860 ev=activity stage=writeback result=ok world_state=1
server level=info t=203875 ev=gameplay stage=advertise result=ok region=104 region_source=reported ambassador_slot=1
client level=info t=203891 ev=probe stage=hosttail client=0x26B1BE1F980 b=00000000000000000000000000000000000000000000000000000000000000000000000000000000FFFFFFFF00000000
client level=info t=203891 ev=probe stage=grant client=0x26B1BE1F980 status=0x01FE pending=0 dirty=0 receipt=1
client level=info t=203907 ev=probe stage=msg12 result=received client=0x26B1BE1F980 slot=0 label=PRIVATE CURRENT member=0x35F900ECFC25A1B0 status=0x01FE->0x01FE flag=1
client level=info t=203907 ev=probe stage=bind client=0x26B1BE1F980 established=0x9EAA300100200001 slotrec=0x26B032FD9A0 roster=0x26BCF78BC80 receipt=1
client level=info t=203907 ev=probe stage=msg12 result=received client=0x26B1BE1F980 slot=0 label=PRIVATE CURRENT member=0x35F900ECFC25A1B0 status=0x01FE->0x01FE flag=1
client level=info t=203907 ev=probe stage=bind client=0x26B1BE1F980 established=0x9EAA300100200001 slotrec=0x26B032FD9A0 roster=0x26BCF78BC80 receipt=1
server level=info t=203907 ev=gameplay stage=receive result=ok from=0x7F000001:2003 bytes=128 b0=0x00
server level=info t=203907 ev=gameplay stage=connect result=ok peer=2003 local=0x00000001 remote=0x00000000 rebuilt=0
server level=info t=203907 ev=gameplay stage=establish result=queued local=0x00000001 remote=0x00000000
client level=info t=204610 ev=retail site=75 text=world_controller:task_manager: Completed task 'ENUM(6)' after '770ms'.
client level=info t=204828 ev=retail site=75 text=world_controller:task_manager: Completed task 'ENUM(5)' after '995ms'.
server level=info t=204922 ev=gameplay stage=receive result=ok from=0x7F000001:2003 bytes=51 b0=0x00
server level=info t=204938 ev=gameplay stage=message result=ok id=8 peerstage=5
server level=info t=204938 ev=gameplay stage=sendqueue result=cleared packet=1 base=5 entries=0
server level=info t=204969 ev=gameplay stage=receive result=ok from=0x7F000001:2003 bytes=1166 b0=0x00
server level=info t=204969 ev=gameplay stage=message result=ok id=40 peerstage=5
server level=info t=204969 ev=gameplay stage=view result=queued remote=1 local=1 token=0x9EAA300100200001 list=0
server level=info t=205016 ev=gameplay stage=receive result=ok from=0x7F000001:2003 bytes=190 b0=0x00
server level=info t=205016 ev=gameplay stage=message result=ok id=40 peerstage=5
server level=info t=205016 ev=gameplay stage=view result=queued remote=2 local=2 token=0x9EAA300100200001 list=15
server level=info t=205016 ev=gameplay stage=sendqueue result=cleared packet=7 base=7 entries=0
server level=info t=205063 ev=gameplay stage=receive result=ok from=0x7F000001:2003 bytes=198 b0=0x00
server level=info t=205063 ev=gameplay stage=message result=ok id=40 peerstage=5
server level=info t=205063 ev=gameplay stage=view result=queued remote=3 local=3 token=0x9EAA300100200001 list=0
server level=info t=205063 ev=gameplay stage=message result=ok id=40 peerstage=5
server level=info t=205063 ev=gameplay stage=view result=queued remote=4 local=4 token=0x9EAA300100200001 list=0
server level=info t=205063 ev=gameplay stage=sendqueue result=cleared packet=8 base=8 entries=0
server level=info t=205125 ev=gameplay stage=receive result=ok from=0x7F000001:2003 bytes=174 b0=0x00
server level=info t=205125 ev=gameplay stage=message result=ok id=40 peerstage=5
server level=warn t=205125 ev=gameplay stage=view result=refused remote=5 local=0 token=0x9EAA300100200001 list=0
server level=info t=205188 ev=gameplay stage=receive result=ok from=0x7F000001:2003 bytes=190 b0=0x00
server level=info t=205188 ev=gameplay stage=sendqueue result=cleared packet=9 base=9 entries=0
server level=info t=205235 ev=gameplay stage=receive result=ok from=0x7F000001:2003 bytes=174 b0=0x00
server level=info t=205282 ev=gameplay stage=receive result=ok from=0x7F000001:2003 bytes=174 b0=0x00
server level=info t=205328 ev=gameplay stage=receive result=ok from=0x7F000001:2003 bytes=174 b0=0x00
server level=info t=205391 ev=gameplay stage=receive result=ok from=0x7F000001:2003 bytes=174 b0=0x00
server level=info t=205438 ev=gameplay stage=receive result=ok from=0x7F000001:2003 bytes=174 b0=0x00
server level=info t=205485 ev=gameplay stage=receive result=ok from=0x7F000001:2003 bytes=190 b0=0x00
server level=info t=205532 ev=gameplay stage=receive result=ok from=0x7F000001:2003 bytes=182 b0=0x00
server level=info t=205594 ev=gameplay stage=receive result=ok from=0x7F000001:2003 bytes=190 b0=0x00
server level=info t=205641 ev=gameplay stage=receive result=ok from=0x7F000001:2003 bytes=190 b0=0x00
server level=info t=205703 ev=gameplay stage=receive result=ok from=0x7F000001:2003 bytes=198 b0=0x00
server level=info t=205750 ev=gameplay stage=receive result=ok from=0x7F000001:2003 bytes=182 b0=0x00
server level=info t=205797 ev=gameplay stage=receive result=ok from=0x7F000001:2003 bytes=182 b0=0x00
client level=info t=205828 ev=nettick stage=sample latch=1 callbacks=31205
server level=info t=205844 ev=gameplay stage=receive result=ok from=0x7F000001:2003 bytes=190 b0=0x00
client level=info t=205891 ev=probe stage=hosttail client=0x26B1BE1F980 b=00000000000000000000000000000000000000000000000000000000000000000000000000000000FFFFFFFF00000000
client level=info t=205891 ev=probe stage=grant client=0x26B1BE1F980 status=0x01FE pending=0 dirty=0 receipt=1
server level=info t=205907 ev=gameplay stage=receive result=ok from=0x7F000001:2003 bytes=190 b0=0x00
server level=info t=205969 ev=gameplay stage=receive result=ok from=0x7F000001:2003 bytes=182 b0=0x00
server level=info t=206016 ev=gameplay stage=receive result=ok from=0x7F000001:2003 bytes=182 b0=0x00
server level=info t=206063 ev=gameplay stage=receive result=ok from=0x7F000001:2003 bytes=182 b0=0x00
server level=info t=206110 ev=gameplay stage=receive result=ok from=0x7F000001:2003 bytes=182 b0=0x00
server level=info t=206172 ev=gameplay stage=receive result=ok from=0x7F000001:2003 bytes=174 b0=0x00
server level=info t=206219 ev=gameplay stage=receive result=ok from=0x7F000001:2003 bytes=174 b0=0x00
server level=info t=206282 ev=gameplay stage=receive result=ok from=0x7F000001:2003 bytes=174 b0=0x00
server level=info t=206328 ev=gameplay stage=receive result=ok from=0x7F000001:2003 bytes=190 b0=0x00
server level=info t=206375 ev=gameplay stage=receive result=ok from=0x7F000001:2003 bytes=198 b0=0x00
server level=info t=206438 ev=gameplay stage=receive result=ok from=0x7F000001:2003 bytes=190 b0=0x00
server level=info t=206485 ev=gameplay stage=receive result=ok from=0x7F000001:2003 bytes=198 b0=0x00
server level=info t=206547 ev=gameplay stage=receive result=ok from=0x7F000001:2003 bytes=174 b0=0x00
server level=info t=206594 ev=gameplay stage=receive result=ok from=0x7F000001:2003 bytes=222 b0=0x00
server level=info t=206657 ev=gameplay stage=receive result=ok from=0x7F000001:2003 bytes=230 b0=0x00
server level=info t=206703 ev=gameplay stage=receive result=ok from=0x7F000001:2003 bytes=190 b0=0x00
server level=info t=206703 ev=gameplay stage=message result=ok id=4 peerstage=5
server level=info t=206766 ev=gameplay stage=receive result=ok from=0x7F000001:2003 bytes=174 b0=0x00
server level=info t=206828 ev=gameplay stage=receive result=ok from=0x7F000001:2003 bytes=198 b0=0x00
server level=info t=206875 ev=gameplay stage=receive result=ok from=0x7F000001:2003 bytes=174 b0=0x00
server level=info t=206922 ev=gameplay stage=receive result=ok from=0x7F000001:2003 bytes=190 b0=0x00
server level=info t=206985 ev=gameplay stage=receive result=ok from=0x7F000001:2003 bytes=174 b0=0x00
server level=info t=207032 ev=gameplay stage=receive result=ok from=0x7F000001:2003 bytes=198 b0=0x00
server level=info t=207110 ev=gameplay stage=receive result=ok from=0x7F000001:2003 bytes=278 b0=0x00
server level=info t=207157 ev=gameplay stage=receive result=ok from=0x7F000001:2003 bytes=190 b0=0x00
server level=info t=207219 ev=gameplay stage=receive result=ok from=0x7F000001:2003 bytes=190 b0=0x00
server level=info t=207266 ev=gameplay stage=receive result=ok from=0x7F000001:2003 bytes=174 b0=0x00
server level=info t=207328 ev=gameplay stage=receive result=ok from=0x7F000001:2003 bytes=174 b0=0x00
server level=info t=207375 ev=gameplay stage=receive result=ok from=0x7F000001:2003 bytes=190 b0=0x00
server level=info t=207422 ev=gameplay stage=receive result=ok from=0x7F000001:2003 bytes=174 b0=0x00
server level=info t=207485 ev=gameplay stage=receive result=ok from=0x7F000001:2003 bytes=190 b0=0x00
server level=info t=207532 ev=gameplay stage=receive result=ok from=0x7F000001:2003 bytes=198 b0=0x00
server level=info t=207610 ev=gameplay stage=receive result=ok from=0x7F000001:2003 bytes=294 b0=0x00
server level=info t=207672 ev=gameplay stage=receive result=ok from=0x7F000001:2003 bytes=182 b0=0x00
server level=info t=207703 ev=gameplay stage=receive result=ok from=0x7F000001:2003 bytes=190 b0=0x00
server level=info t=207766 ev=gameplay stage=receive result=ok from=0x7F000001:2003 bytes=174 b0=0x00
server level=info t=207828 ev=gameplay stage=receive result=ok from=0x7F000001:2003 bytes=182 b0=0x00
client level=info t=207828 ev=nettick stage=sample latch=1 callbacks=31561
server level=info t=207860 ev=gameplay stage=receive result=ok from=0x7F000001:2003 bytes=174 b0=0x00
client level=info t=207891 ev=probe stage=hosttail client=0x26B1BE1F980 b=00000000000000000000000000000000000000000000000000000000000000000000000000000000FFFFFFFF00000000
client level=info t=207891 ev=probe stage=grant client=0x26B1BE1F980 status=0x01FE pending=0 dirty=0 receipt=1
server level=info t=207922 ev=gameplay stage=receive result=ok from=0x7F000001:2003 bytes=190 b0=0x00
server level=info t=208016 ev=gameplay stage=receive result=ok from=0x7F000001:2003 bytes=342 b0=0x00
server level=info t=208078 ev=gameplay stage=receive result=ok from=0x7F000001:2003 bytes=214 b0=0x00
server level=info t=208125 ev=gameplay stage=receive result=ok from=0x7F000001:2003 bytes=198 b0=0x00
server level=info t=208203 ev=gameplay stage=receive result=ok from=0x7F000001:2003 bytes=318 b0=0x00
server level=info t=208266 ev=gameplay stage=receive result=ok from=0x7F000001:2003 bytes=190 b0=0x00
server level=info t=208516 ev=gameplay stage=message result=ok id=4 peerstage=5
client level=info t=208844 ev=retail site=76 text=world_controller:state:activity:initial_slice_set_loading: Timeout entering the prologue-filler (given 5000ms).
client level=info t=208844 ev=retail site=74 text=world_controller:task_manager: Started   task 'ENUM(9)'.
client level=info t=209063 ev=retail site=75 text=world_controller:task_manager: Completed task 'ENUM(2)' after '5232ms'.
client level=info t=209313 ev=retail site=75 text=world_controller:task_manager: Completed task 'ENUM(3)' after '5485ms'.
client level=info t=209313 ev=retail site=45 text=world_controller:slice_set_transition_manager: Mode changed from 'initial_slice_set_precaching' to 'initial_slice_set_instantion'.
client level=info t=209313 ev=retail site=74 text=world_controller:task_manager: Started   task 'ENUM(8)'.
client level=info t=209344 ev=retail site=75 text=world_controller:task_manager: Completed task 'ENUM(8)' after '21ms'.
client level=info t=209344 ev=retail site=48 text=world_controller:slice_set_transition_manager: Stopping transition of type 'transitioning:initial_slice_set' due to completed
client level=info t=209375 ev=probe stage=msg12 result=received client=0x26B1BE1F980 slot=0 label=PRIVATE CURRENT member=0x35F900ECFC25A1B0 status=0x01FE->0x01FE flag=1
client level=info t=209375 ev=probe stage=bind client=0x26B1BE1F980 established=0x9EAA300100200001 slotrec=0x26B032FD9A0 roster=0x26BCF78BC80 receipt=1
client level=info t=209391 ev=retail site=75 text=world_controller:task_manager: Completed task 'ENUM(9)' after '547ms'.
client level=info t=209391 ev=retail site=74 text=world_controller:task_manager: Started   task 'ENUM(10)'.
client level=info t=209407 ev=probe stage=msg12 result=received client=0x26B1BE1F980 slot=0 label=PRIVATE CURRENT member=0x35F900ECFC25A1B0 status=0x01FE->0x01FE flag=1
client level=info t=209422 ev=probe stage=bind client=0x26B1BE1F980 established=0x9EAA300100200001 slotrec=0x26B032FD9A0 roster=0x26BCF78BC80 receipt=1
client level=info t=209828 ev=nettick stage=sample latch=1 callbacks=31919
client level=info t=209891 ev=probe stage=hosttail client=0x26B1BE1F980 b=00000000000000000000000000000000000000000000000000000000000000000000000000000000FFFFFFFF00000000
client level=info t=209891 ev=probe stage=grant client=0x26B1BE1F980 status=0x01FE pending=0 dirty=0 receipt=1
server level=info t=210235 ev=queuez stage=social_roster result=ok soid=0x9EAA300100100100 objects=2 bytes=176 emblem=1272 hash=0x71B4CC1B
client level=info t=211125 ev=retail site=75 text=world_controller:task_manager: Completed task 'ENUM(10)' after '1729ms'.
client level=info t=211125 ev=retail site=17 text=world_controller:retail_datamine: Total time spent: [7308] ms in world controller state: [36] name: [activity:initial_slice_set_loading]
client level=info t=211125 ev=retail site=3 text=world_controller:state_manager: Entering state 'activity:physics_join' for reason 'unavailable'.
client level=info t=211125 ev=retail site=77 text=world_controller:task_manager: Started   task 'ENUM(0)'.
server level=info t=211422 ev=gameplay stage=message result=ok id=4 peerstage=5
client level=info t=211828 ev=nettick stage=sample latch=1 callbacks=32170
client level=info t=211891 ev=probe stage=hosttail client=0x26B1BE1F980 b=00000000000000000000000000000000000000000000000000000000000000000000000000000000FFFFFFFF00000000
client level=info t=211891 ev=probe stage=grant client=0x26B1BE1F980 status=0x01FE pending=0 dirty=0 receipt=1
client level=info t=213828 ev=nettick stage=sample latch=1 callbacks=32392
client level=info t=213891 ev=probe stage=hosttail client=0x26B1BE1F980 b=00000000000000000000000000000000000000000000000000000000000000000000000000000000FFFFFFFF00000000
client level=info t=213891 ev=probe stage=grant client=0x26B1BE1F980 status=0x01FE pending=0 dirty=0 receipt=1
server level=info t=214328 ev=queuez stage=social_roster result=ok soid=0x9EAA300100100100 objects=2 bytes=176 emblem=1272 hash=0x71B4CC1B
server level=info t=214547 ev=gameplay stage=message result=ok id=4 peerstage=5
client level=info t=215828 ev=nettick stage=sample latch=1 callbacks=32617
client level=info t=215891 ev=probe stage=hosttail client=0x26B1BE1F980 b=00000000000000000000000000000000000000000000000000000000000000000000000000000000FFFFFFFF00000000
client level=info t=215891 ev=probe stage=grant client=0x26B1BE1F980 status=0x01FE pending=0 dirty=0 receipt=1
client level=info t=217141 ev=retail site=78 text=world_controller:task_manager: Completed task 'ENUM(0)' after '6025ms'.
client level=info t=217141 ev=retail site=17 text=world_controller:retail_datamine: Total time spent: [6025] ms in world controller state: [37] name: [activity:physics_join]
client level=info t=217141 ev=retail site=3 text=world_controller:state_manager: Entering state 'activity:in_world' for reason 'unavailable'.
client level=info t=217141 ev=retail site=79 text=world_controller:state:in_world: Starting activity '0x0009 (HASH(0xec70749b))(type: HASH(0xd07bb2d7))(grognok: planet_x_freeroam)(destination: HASH(0x0790b877))(nonce: 685402EB-99D35DA4) for reason 'ENUM(0)'(override: planet_x_freeroam)'.
client level=info t=217141 ev=retail site=11 text=world_controller:retail_datamine: Timed operation: [ENUM(17)], took: [22521 ms], average: [22521.000000 ms], min: [22521.000000], max: [22521.000000], count: [1]
client level=info t=217235 ev=retail site=45 text=world_controller:slice_set_transition_manager: Mode changed from 'initial_slice_set_instantion' to 'fully_enabled'.
server level=info t=217657 ev=gameplay stage=message result=ok id=4 peerstage=5
client level=info t=217828 ev=nettick stage=sample latch=1 callbacks=32850
client level=info t=217891 ev=probe stage=hosttail client=0x26B1BE1F980 b=00000000000000000000000000000000000000000000000000000000000000000000000000000000FFFFFFFF00000000
client level=info t=217891 ev=probe stage=grant client=0x26B1BE1F980 status=0x01FE pending=0 dirty=0 receipt=1
server level=info t=218203 ev=ws701 stage=profile_setup result=complete
server level=info t=218203 ev=activity stage=writeback result=ok world_state=8
client level=info t=219828 ev=nettick stage=sample latch=1 callbacks=33077
client level=info t=219891 ev=probe stage=hosttail client=0x26B1BE1F980 b=00000000000000000000000000000000000000000000000000000000000000000000000000000000FFFFFFFF00000000
client level=info t=219891 ev=probe stage=grant client=0x26B1BE1F980 status=0x01FE pending=0 dirty=0 receipt=1
server level=info t=220860 ev=gameplay stage=message result=ok id=4 peerstage=5
client level=info t=221828 ev=nettick stage=sample latch=1 callbacks=33259
client level=info t=221891 ev=probe stage=hosttail client=0x26B1BE1F980 b=00000000000000000000000000000000000000000000000000000000000000000000000000000000FFFFFFFF00000000
client level=info t=221891 ev=probe stage=grant client=0x26B1BE1F980 status=0x01FE pending=0 dirty=0 receipt=1
client level=info t=223828 ev=nettick stage=sample latch=1 callbacks=33447
client level=info t=223891 ev=probe stage=hosttail client=0x26B1BE1F980 b=00000000000000000000000000000000000000000000000000000000000000000000000000000000FFFFFFFF00000000
client level=info t=223891 ev=probe stage=grant client=0x26B1BE1F980 status=0x01FE pending=0 dirty=0 receipt=1
server level=info t=223969 ev=gameplay stage=message result=ok id=4 peerstage=5
client level=warn t=225047 ev=vr.probe state on=1 yaw=0.0 height=0.00 fov=0.0
client level=warn t=225047 ev=vr.probe block player=0 addr=0x26B03265810
client level=warn t=225063 ev=vr.xr load path=C:\Program Files\Meta Horizon\Support\oculus-runtime\.\LibOVRRTImpl64_1.dll
client level=warn t=225063 ev=vr.xr unhook module=kernelbase.dll export=LoadLibraryExW result=ok bytes=2
client level=warn t=225063 ev=vr.xr unhook module=kernel32.dll export=GetProcAddress result=ok bytes=2
client level=warn t=225063 ev=vr.xr ldr_notify callback=destiny2.exe+0x3AB4B0 foreign=1
client level=warn t=225063 ev=vr.xr ldr_notify result=ok seen=1 neutralised=1
client level=warn t=225078 ev=vr.xr load result=ok interface=1 runtime_api=1.1.61
client level=warn t=225235 ev=vr.xr views count=2 eye=1824x1968 runtime=Oculus
client level=warn t=225453 ev=vr.xr bindings profile=/interaction_profiles/oculus/touch_controller count=16 result=0
client level=warn t=225453 ev=vr.xr bindings profile=/interaction_profiles/khr/simple_controller count=7 result=0
client level=warn t=225453 ev=vr.xr actions result=ok spaces=1 palm_spaces=1
client level=warn t=225453 ev=vr.xr init result=ok runtime=Oculus
client level=warn t=225453 ev=vr.xr session state=running
client level=warn t=225469 ev=vr.xr submit layers=0 result=0 fov=1.4242 aspect=1.7778
client level=info t=225485 ev=retail site=73 text=networking:update: *** it has been 418 milliseconds since the last network update (longest expected: '500')
client level=warn t=225485 ev=vr.weapon install result=ok getter=0x12D22C0 ptr=0x12D50F0 xform=0xD5D7F0
client level=warn t=225485 ev=vr.weapon rule path=getter targets=D5D832 source=hand rvas=1 all=0 rules=1
client level=warn t=225485 ev=vr.weapon defaults applied=1 anchor=palm pivot=-0.3300,-0.0915,0.1090
client level=warn t=225485 ev=vr.xr submit layers=0 result=0 fov=1.4242 aspect=1.7778
client level=warn t=225500 ev=vr.xr submit layers=0 result=0 fov=1.4242 aspect=1.7778
client level=warn t=225516 ev=vr.xr submit layers=0 result=0 fov=1.4242 aspect=1.7778
client level=warn t=225516 ev=vr.xr submit layers=0 result=0 fov=1.4242 aspect=1.7778
client level=warn t=225532 ev=vr.xr submit layers=0 result=0 fov=1.4242 aspect=1.7778
client level=warn t=225563 ev=vr.xr submit layers=0 result=0 fov=1.4242 aspect=1.7778
client level=warn t=225578 ev=vr.xr submit layers=0 result=0 fov=1.4242 aspect=1.7778
client level=warn t=225594 ev=vr.xr submit layers=0 result=0 fov=1.4242 aspect=1.7778
client level=warn t=225610 ev=vr.xr submit layers=0 result=0 fov=1.4242 aspect=1.7778
client level=warn t=225625 ev=vr.xr submit layers=0 result=0 fov=1.4242 aspect=1.7778
client level=warn t=225641 ev=vr.xr submit layers=0 result=0 fov=1.4242 aspect=1.7778
client level=warn t=225657 ev=vr.xr submit layers=0 result=0 fov=1.4242 aspect=1.7778
client level=warn t=225672 ev=vr.xr submit layers=0 result=0 fov=1.4242 aspect=1.7778
client level=warn t=225688 ev=vr.xr submit layers=0 result=0 fov=1.4242 aspect=1.7778
client level=warn t=225703 ev=vr.xr submit layers=0 result=0 fov=1.4242 aspect=1.7778
client level=warn t=225719 ev=vr.xr submit layers=0 result=0 fov=1.4242 aspect=1.7778
client level=warn t=225735 ev=vr.xr submit layers=0 result=0 fov=1.4242 aspect=1.7778
client level=warn t=225750 ev=vr.xr submit layers=0 result=0 fov=1.4242 aspect=1.7778
client level=warn t=225766 ev=vr.xr submit layers=0 result=0 fov=1.4242 aspect=1.7778
client level=warn t=225782 ev=vr.xr submit layers=0 result=0 fov=1.4242 aspect=1.7778
client level=warn t=225797 ev=vr.xr submit layers=0 result=0 fov=1.4242 aspect=1.7778
client level=warn t=225813 ev=vr.xr submit layers=0 result=0 fov=1.4242 aspect=1.7778
client level=warn t=225828 ev=vr.xr submit layers=0 result=0 fov=1.4242 aspect=1.7778
client level=info t=225828 ev=nettick stage=sample latch=1 callbacks=33581
client level=warn t=225844 ev=vr.xr submit layers=0 result=0 fov=1.4242 aspect=1.7778
client level=warn t=225860 ev=vr.xr submit layers=0 result=0 fov=1.4242 aspect=1.7778
client level=warn t=225875 ev=vr.xr submit layers=0 result=0 fov=1.4242 aspect=1.7778
client level=warn t=225891 ev=vr.xr submit layers=0 result=0 fov=1.4242 aspect=1.7778
client level=info t=225891 ev=probe stage=hosttail client=0x26B1BE1F980 b=00000000000000000000000000000000000000000000000000000000000000000000000000000000FFFFFFFF00000000
client level=info t=225891 ev=probe stage=grant client=0x26B1BE1F980 status=0x01FE pending=0 dirty=0 receipt=1
client level=warn t=225891 ev=vr.xr submit layers=0 result=0 fov=1.4242 aspect=1.7778
client level=warn t=225907 ev=vr.xr submit layers=0 result=0 fov=1.4242 aspect=1.7778
client level=warn t=225922 ev=vr.xr submit layers=0 result=0 fov=1.4242 aspect=1.7778
client level=warn t=225938 ev=vr.xr submit layers=0 result=0 fov=1.4242 aspect=1.7778
client level=warn t=225953 ev=vr.xr submit layers=0 result=0 fov=1.4242 aspect=1.7778
client level=warn t=225985 ev=vr.xr submit layers=0 result=0 fov=1.4242 aspect=1.7778
client level=warn t=226000 ev=vr.xr submit layers=0 result=0 fov=1.4242 aspect=1.7778
client level=warn t=226016 ev=vr.xr submit layers=0 result=0 fov=1.4242 aspect=1.7778
client level=warn t=226016 ev=vr.xr submit layers=0 result=0 fov=1.4242 aspect=1.7778
client level=warn t=226032 ev=vr.xr submit layers=0 result=0 fov=1.4242 aspect=1.7778
client level=warn t=226047 ev=vr.xr submit layers=0 result=0 fov=1.4242 aspect=1.7778
client level=warn t=226063 ev=vr.xr submit layers=0 result=0 fov=1.4242 aspect=1.7778
client level=warn t=226078 ev=vr.xr submit layers=0 result=0 fov=1.4242 aspect=1.7778
client level=warn t=226094 ev=vr.xr submit layers=0 result=0 fov=1.4242 aspect=1.7778
client level=warn t=226125 ev=vr.xr submit layers=0 result=0 fov=1.4242 aspect=1.7778
client level=warn t=226141 ev=vr.xr submit layers=0 result=0 fov=1.4242 aspect=1.7778
client level=warn t=226141 ev=vr.xr submit layers=0 result=0 fov=1.4242 aspect=1.7778
client level=warn t=226157 ev=vr.xr submit layers=0 result=0 fov=1.4242 aspect=1.7778
client level=warn t=226172 ev=vr.xr submit layers=0 result=0 fov=1.4242 aspect=1.7778
client level=warn t=226188 ev=vr.xr submit layers=0 result=0 fov=1.4242 aspect=1.7778
client level=warn t=226203 ev=vr.xr submit layers=0 result=0 fov=1.4242 aspect=1.7778
client level=warn t=226219 ev=vr.xr submit layers=0 result=0 fov=1.4242 aspect=1.7778
client level=warn t=226235 ev=vr.xr submit layers=0 result=0 fov=1.4242 aspect=1.7778
client level=warn t=226250 ev=vr.xr submit layers=0 result=0 fov=1.4242 aspect=1.7778
client level=warn t=226266 ev=vr.xr eyes index=0 pos=-0.0043,0.0287,-0.1024 quat=0.06882,-0.21736,0.02119,0.97343 fov_lrud=-0.9425,0.6981,0.7679,-0.9599
client level=warn t=226266 ev=vr.xr eyes index=1 pos=0.0517,0.0294,-0.0760 quat=0.06882,-0.21736,0.02119,0.97343 fov_lrud=-0.6981,0.9425,0.7679,-0.9599
client level=warn t=226266 ev=vr.xr recentre x=0.024 y=0.029 z=-0.089
client level=warn t=226266 ev=vr.xr recentre_yaw room=-0.4385
client level=warn t=226282 ev=vr.xr swapchain result=ok size=1920x1080 source_format=28 format=29 direct=1 images=3
server level=info t=227266 ev=gameplay stage=message result=ok id=4 peerstage=5
client level=warn t=227282 ev=vr.xr hand yaw=0.4717 r_valid=1 r_stale=0 r_fwd=0.978,0.186,-0.092 r_up=-0.099,0.807,0.582 r_off=0.446,-0.328,-0.370 r_palm=0.356,-0.370,-0.378 l_valid=1 l_fwd=0.884,0.461,-0.079 l_off=0.447,0.033,-0.370 h_off=0.004,-0.030,-0.032
client level=info t=227828 ev=nettick stage=sample latch=1 callbacks=33702
client level=info t=227891 ev=probe stage=hosttail client=0x26B1BE1F980 b=00000000000000000000000000000000000000000000000000000000000000000000000000000000FFFFFFFF00000000
client level=info t=227891 ev=probe stage=grant client=0x26B1BE1F980 status=0x01FE pending=0 dirty=0 receipt=1
client level=warn t=228110 ev=vr.weapon callers path=getter D5D832:160 B363FA:480 B3598D:160
client level=warn t=228110 ev=vr.weapon callers path=ptr D98F49:800 DB8CB6:160 12B0A09:160 16E8861:160 D8F242:160 12B2284:181 D2F672:181 D8B348:160 D8B9B5:160 D7FB5C:45 D8492B:45 D7FF2C:9
client level=warn t=228110 ev=vr.weapon callers path=xform D5896F:160
client level=warn t=228125 ev=vr.probe pose in_pos=560.15,-69.61,137.34 in_fwd=0.968,-0.249,0.000 in_fov=1.4242 out_pos=560.15,-69.68,137.31 out_fwd=0.937,-0.247,-0.246 out_fov=1.8850
client level=warn t=228266 ev=vr.xr hand yaw=0.4717 r_valid=1 r_stale=0 r_fwd=0.925,0.377,0.055 r_up=0.266,-0.742,0.615 r_off=0.462,-0.184,-0.234 r_palm=0.366,-0.198,-0.258 l_valid=1 l_fwd=0.957,0.277,-0.083 l_off=0.460,0.017,-0.371 h_off=-0.003,-0.073,-0.030
client level=warn t=228391 ev=vr.body anchor=0.0331 head_yaw=-0.2659 body_yaw=-0.2623 error=0.0200 counts_per_rad=579 servo=1
client level=warn t=228391 ev=vr.pad stats injected=0 held=0 mouse=167,0 move=0.00,0.00 turn=0.00,0.00 trig=0.00,0.00 buttons=0x0
client level=warn t=229250 ev=vr.xr hand yaw=0.5272 r_valid=1 r_stale=0 r_fwd=0.980,0.115,0.165 r_up=-0.169,0.029,0.985 r_off=0.441,-0.120,-0.271 r_palm=0.353,-0.131,-0.317 l_valid=1 l_fwd=0.937,-0.325,0.127 l_off=0.358,0.085,-0.311 h_off=-0.002,-0.018,-0.031
client level=warn t=229250 ev=vr.xr pose fwd=0.961,0.021,-0.276 off=-0.002,-0.018,-0.031 fov=1.8850 aspect=0.964
client level=info t=229828 ev=nettick stage=sample latch=1 callbacks=33825
client level=info t=229891 ev=probe stage=hosttail client=0x26B1BE1F980 b=00000000000000000000000000000000000000000000000000000000000000000000000000000000FFFFFFFF00000000
client level=info t=229891 ev=probe stage=grant client=0x26B1BE1F980 status=0x01FE pending=0 dirty=0 receipt=1
client level=warn t=230219 ev=vr.xr hand yaw=1.1198 r_valid=1 r_stale=0 r_fwd=0.693,0.717,-0.070 r_up=-0.004,0.101,0.995 r_off=0.434,0.224,-0.246 r_palm=0.368,0.153,-0.270 l_valid=1 l_fwd=0.927,0.363,0.093 l_off=0.232,0.290,-0.296 h_off=-0.001,-0.027,-0.022
server level=info t=230375 ev=gameplay stage=message result=ok id=4 peerstage=5
client level=warn t=231032 ev=vr.weapon callers path=getter D5D832:180 B363FA:540 B3598D:180 B40A78:2
client level=warn t=231032 ev=vr.weapon callers path=ptr D98F49:900 DB8CB6:180 12B0A09:180 16E8861:180 D8F242:180 12B2284:204 D2F672:204 D8B348:180 D8B9B5:180 D7FB5C:60 D8492B:60 D7FF2C:12 F4276C:2 CE3C40:1
client level=warn t=231032 ev=vr.weapon callers path=xform D5896F:180
client level=warn t=231047 ev=vr.probe pose in_pos=561.15,-69.15,137.35 in_fwd=0.874,0.487,0.000 in_fov=1.4242 out_pos=561.16,-69.19,137.32 out_fwd=0.838,0.443,-0.318 out_fov=1.8850
client level=warn t=231188 ev=vr.xr hand yaw=1.1198 r_valid=1 r_stale=0 r_fwd=0.205,0.562,0.801 r_up=-0.893,0.443,-0.082 r_off=0.395,0.201,-0.171 r_palm=0.402,0.134,-0.244 l_valid=1 l_fwd=0.874,0.484,0.024 l_off=0.238,0.305,-0.320 h_off=0.013,-0.050,-0.023
client level=warn t=231188 ev=vr.xr submit layers=1 result=0 fov=1.8850 aspect=0.9638
client level=warn t=231313 ev=vr.body anchor=0.6812 head_yaw=-0.1775 body_yaw=0.4893 error=0.0151 counts_per_rad=579 servo=1
client level=warn t=231313 ev=vr.pad stats injected=4 held=0 mouse=-267,0 move=0.00,0.00 turn=0.00,0.00 trig=0.00,0.00 buttons=0x0
client level=info t=231828 ev=nettick stage=sample latch=1 callbacks=33949
client level=info t=231891 ev=probe stage=hosttail client=0x26B1BE1F980 b=00000000000000000000000000000000000000000000000000000000000000000000000000000000FFFFFFFF00000000
client level=info t=231891 ev=probe stage=grant client=0x26B1BE1F980 status=0x01FE pending=0 dirty=0 receipt=1
client level=warn t=232157 ev=vr.xr hand yaw=1.1198 r_valid=1 r_stale=0 r_fwd=0.906,0.408,0.112 r_up=-0.077,-0.099,0.992 r_off=0.529,0.151,-0.022 r_palm=0.445,0.116,-0.063 l_valid=1 l_fwd=0.864,0.503,0.020 l_off=0.237,0.303,-0.319 h_off=-0.090,-0.095,0.021
client level=warn t=232157 ev=vr.xr pose fwd=0.941,0.327,0.089 off=-0.090,-0.095,0.021 fov=1.8850 aspect=0.964
client level=warn t=233125 ev=vr.xr hand yaw=1.1198 r_valid=1 r_stale=0 r_fwd=0.674,0.726,0.136 r_up=-0.190,-0.008,0.982 r_off=0.395,0.279,-0.091 r_palm=0.336,0.211,-0.134 l_valid=1 l_fwd=0.765,0.630,-0.134 l_off=0.237,0.306,-0.336 h_off=-0.140,-0.031,-0.002
server level=info t=233485 ev=gameplay stage=message result=ok id=4 peerstage=5
client level=info t=233828 ev=nettick stage=sample latch=1 callbacks=34072
client level=info t=233891 ev=probe stage=hosttail client=0x26B1BE1F980 b=00000000000000000000000000000000000000000000000000000000000000000000000000000000FFFFFFFF00000000
client level=info t=233891 ev=probe stage=grant client=0x26B1BE1F980 status=0x01FE pending=0 dirty=0 receipt=1
client level=warn t=233938 ev=vr.weapon callers path=getter D5D832:180 B363FA:540 B3598D:180 B40A78:0
client level=warn t=233938 ev=vr.weapon callers path=ptr D98F49:900 DB8CB6:180 12B0A09:180 16E8861:180 D8F242:180 12B2284:203 D2F672:203 D8B348:180 D8B9B5:180 D7FB5C:60 D8492B:58 D7FF2C:11 F4276C:3 CE3C40:0
client level=warn t=233938 ev=vr.weapon callers path=xform D5896F:180
client level=warn t=233953 ev=vr.probe pose in_pos=560.95,-69.06,137.36 in_fwd=-0.918,0.397,0.000 in_fov=1.4242 out_pos=560.96,-69.18,137.35 out_fwd=-0.906,0.383,0.180 out_fov=1.8850
client level=warn t=234094 ev=vr.xr hand yaw=1.6651 r_valid=1 r_stale=0 r_fwd=-0.741,0.626,0.242 r_up=0.172,-0.172,0.970 r_off=-0.260,0.302,-0.144 r_palm=-0.195,0.247,-0.196 l_valid=1 l_fwd=-0.086,0.996,0.001 l_off=-0.291,0.015,-0.247 h_off=0.028,-0.075,-0.026
client level=warn t=234219 ev=vr.body anchor=1.4744 head_yaw=0.9731 body_yaw=2.4936 error=-0.0475 counts_per_rad=578 servo=1
client level=warn t=234219 ev=vr.pad stats injected=5 held=1 mouse=-1415,0 move=-0.03,1.00 turn=-0.95,0.31 trig=0.00,0.00 buttons=0x0
client level=warn t=235063 ev=vr.xr hand yaw=2.1220 r_valid=1 r_stale=0 r_fwd=-0.629,0.624,0.464 r_up=0.588,-0.009,0.809 r_off=-0.286,0.295,-0.107 r_palm=-0.243,0.236,-0.175 l_valid=1 l_fwd=0.031,0.970,-0.241 l_off=-0.150,0.002,-0.345 h_off=0.039,0.012,0.012
client level=warn t=235063 ev=vr.xr pose fwd=-0.859,0.472,0.198 off=0.039,0.012,0.012 fov=1.8850 aspect=0.964
client level=info t=235828 ev=nettick stage=sample latch=1 callbacks=34197
client level=info t=235891 ev=probe stage=hosttail client=0x26B1BE1F980 b=00000000000000000000000000000000000000000000000000000000000000000000000000000000FFFFFFFF00000000
client level=info t=235891 ev=probe stage=grant client=0x26B1BE1F980 status=0x01FE pending=0 dirty=0 receipt=1
client level=warn t=236016 ev=vr.xr hand yaw=2.1220 r_valid=1 r_stale=0 r_fwd=-0.818,0.480,0.317 r_up=0.267,-0.171,0.948 r_off=-0.397,0.293,0.119 r_palm=-0.328,0.253,0.060 l_valid=1 l_fwd=0.186,0.857,-0.481 l_off=-0.043,-0.002,-0.215 h_off=0.087,-0.021,0.044
client level=warn t=236016 ev=vr.xr submit layers=1 result=0 fov=1.8850 aspect=0.9638
server level=info t=236578 ev=gameplay stage=message result=ok id=4 peerstage=5
client level=warn t=236813 ev=vr.weapon callers path=getter D5D832:180 B363FA:540 B3598D:180 B40A78:4
client level=warn t=236813 ev=vr.weapon callers path=ptr D98F49:900 DB8CB6:180 12B0A09:180 16E8861:180 D8F242:180 12B2284:204 D2F672:204 D8B348:180 D8B9B5:180 D7FB5C:58 D8492B:57 D7FF2C:12 F4276C:3 CE3C40:2
client level=warn t=236813 ev=vr.weapon callers path=xform D5896F:180
client level=warn t=236828 ev=vr.probe pose in_pos=557.92,-65.58,137.35 in_fwd=-0.773,0.635,0.021 in_fov=1.4242 out_pos=558.04,-65.64,137.39 out_fwd=-0.736,0.610,0.293 out_fov=1.8850
client level=warn t=236953 ev=vr.xr hand yaw=2.1220 r_valid=1 r_stale=0 r_fwd=-0.867,0.432,0.250 r_up=0.170,-0.217,0.961 r_off=-0.388,0.255,0.125 r_palm=-0.311,0.220,0.072 l_valid=1 l_fwd=-0.310,0.851,0.424 l_off=-0.080,-0.093,-0.116 h_off=0.120,-0.065,0.044
client level=warn t=237094 ev=vr.body anchor=1.6835 head_yaw=0.7566 body_yaw=2.4469 error=-0.0081 counts_per_rad=579 servo=1
client level=warn t=237094 ev=vr.pad stats injected=12 held=0 mouse=-1397,0 move=0.00,0.00 turn=0.00,0.00 trig=0.00,1.00 buttons=0x0
client level=info t=237828 ev=nettick stage=sample latch=1 callbacks=34322
client level=info t=237891 ev=probe stage=hosttail client=0x26B1BE1F980 b=00000000000000000000000000000000000000000000000000000000000000000000000000000000FFFFFFFF00000000
client level=info t=237891 ev=probe stage=grant client=0x26B1BE1F980 status=0x01FE pending=0 dirty=0 receipt=1
client level=warn t=237922 ev=vr.xr hand yaw=2.1220 r_valid=1 r_stale=0 r_fwd=-0.791,0.473,0.388 r_up=-0.045,-0.678,0.734 r_off=-0.371,0.295,0.095 r_palm=-0.295,0.270,0.036 l_valid=1 l_fwd=-0.190,0.826,0.530 l_off=-0.071,-0.091,-0.121 h_off=0.119,-0.061,0.037
client level=warn t=237922 ev=vr.xr pose fwd=-0.727,0.655,0.208 off=0.119,-0.061,0.037 fov=1.8850 aspect=0.964
client level=warn t=238875 ev=vr.xr hand yaw=2.1220 r_valid=1 r_stale=0 r_fwd=-0.852,0.449,0.268 r_up=0.291,-0.019,0.956 r_off=-0.355,0.298,0.101 r_palm=-0.283,0.256,0.046 l_valid=1 l_fwd=-0.190,0.829,0.526 l_off=-0.072,-0.091,-0.122 h_off=0.105,-0.067,0.019
server level=info t=239672 ev=gameplay stage=message result=ok id=4 peerstage=5
client level=warn t=239688 ev=vr.weapon callers path=getter D5D832:180 B363FA:540 B3598D:180 B40A78:6
client level=warn t=239688 ev=vr.weapon callers path=ptr D98F49:900 DB8CB6:180 12B0A09:180 16E8861:180 D8F242:180 12B2284:206 D2F672:206 D8B348:180 D8B9B5:180 D7FB5C:57 D8492B:58 D7FF2C:11 F4276C:3 CE3C40:3
client level=warn t=239688 ev=vr.weapon callers path=xform D5896F:180
client level=warn t=239688 ev=vr.probe pose in_pos=557.85,-65.52,137.35 in_fwd=-0.839,0.544,0.000 in_fov=1.4242 out_pos=557.96,-65.58,137.37 out_fwd=-0.820,0.571,0.042 out_fov=1.8850
client level=info t=239828 ev=nettick stage=sample latch=1 callbacks=34448
client level=warn t=239828 ev=vr.xr hand yaw=2.1220 r_valid=1 r_stale=0 r_fwd=-0.831,0.477,0.287 r_up=0.315,-0.022,0.949 r_off=-0.352,0.305,0.105 r_palm=-0.283,0.261,0.049 l_valid=1 l_fwd=-0.280,0.826,0.489 l_off=-0.082,-0.090,-0.123 h_off=0.112,-0.061,0.029
client level=warn t=239953 ev=vr.body anchor=1.6835 head_yaw=0.7875 body_yaw=2.4720 error=0.0023 counts_per_rad=708 servo=1
client level=warn t=239953 ev=vr.pad stats injected=25 held=0 mouse=-1414,0 move=0.00,0.00 turn=0.00,0.00 trig=0.00,0.00 buttons=0x0
client level=info t=239969 ev=retail site=80 text=networking:bandwidth: min_channels: 0 max channels: 1 max bps: 39072 avg cong bps: -1 low cong bps: -1 hi cong bps: -1 lat avg: -1 lat hi avg: 0 lat avg var: -1 pct loss: 0.00 pct loss hi avg: [0.00].
client level=info t=239969 ev=retail site=81 text=networking:bandwidth: machine [3E:CC:65:8B:54:66:9ABE] longest reception gap [491ms] longest ack gap [491ms] pct loss [0.00] disc count [0] sps [10] rps [10] bh: [y].
client level=warn t=240766 ev=vr.xr hand yaw=2.1220 r_valid=1 r_stale=0 r_fwd=-0.697,0.364,0.618 r_up=0.311,-0.623,0.717 r_off=-0.340,0.288,0.114 r_palm=-0.283,0.272,0.034 l_valid=1 l_fwd=-0.308,0.832,0.463 l_off=-0.085,-0.088,-0.126 h_off=0.120,-0.062,0.037
client level=warn t=240766 ev=vr.xr pose fwd=-0.755,0.621,0.211 off=0.120,-0.062,0.037 fov=1.8850 aspect=0.964
client level=warn t=240766 ev=vr.xr submit layers=1 result=0 fov=1.8850 aspect=0.9638
client level=info t=241203 ev=retail site=82 text=networking:channel:packet_loss_stats: [dir:127.0.0.1(id=0):30976#bh64] Incoming packet read result summary - 8 ok, 0 discard, 388 discard-expected, 0 corrupt
client level=info t=241203 ev=retail site=83 text=networking:channel:packet_loss_stats: [dir:127.0.0.1(id=0):30976#bh64] Outgoing packet delivery summary - 391 delivered, 0 of those out-of-order, 0 lost - highest loss fraction seen 0.000
client level=info t=241203 ev=retail site=84 text=networking:stream_manager:retail: # 0 rx10.0/rxbps 5.8kb tx10.0/txbps32.9kb cx15.0pkts/33.0cxkbps lat=  0avg,  -1cg to=9999 aloc45.0kb max513.0kbps, loss=0.00pct loss dev 2.00pct rel=N, name=                            bh64
client level=info t=241203 ev=retail site=85 text=networking:stream_manager:retail: Local peer network quality = 1.000000/1.0, worst_axis = -1
client level=warn t=241735 ev=vr.xr hand yaw=2.1220 r_valid=1 r_stale=0 r_fwd=-0.818,0.256,0.515 r_up=0.127,-0.794,0.595 r_off=-0.406,0.211,0.130 r_palm=-0.332,0.211,0.063 l_valid=1 l_fwd=-0.312,0.787,0.532 l_off=-0.085,-0.093,-0.113 h_off=0.095,-0.094,0.027
client level=info t=241828 ev=nettick stage=sample latch=1 callbacks=34574
client level=warn t=242563 ev=vr.weapon callers path=getter D5D832:180 B363FA:540 B3598D:180 B40A78:0
client level=warn t=242563 ev=vr.weapon callers path=ptr D98F49:900 DB8CB6:180 12B0A09:180 16E8861:180 D8F242:180 12B2284:205 D2F672:203 D8B348:180 D8B9B5:180 D7FB5C:55 D8492B:57 D7FF2C:12 F4276C:4 CE3C40:80
client level=warn t=242563 ev=vr.weapon callers path=xform D5896F:180
client level=warn t=242578 ev=vr.probe pose in_pos=557.85,-65.52,137.35 in_fwd=-0.704,0.710,0.000 in_fov=1.4242 out_pos=557.93,-65.56,137.35 out_fwd=-0.679,0.693,-0.242 out_fov=1.8850
client level=warn t=242719 ev=vr.xr hand yaw=2.1220 r_valid=1 r_stale=0 r_fwd=-0.879,0.305,0.368 r_up=0.407,0.076,0.910 r_off=-0.376,0.271,0.109 r_palm=-0.305,0.240,0.047 l_valid=1 l_fwd=-0.324,0.795,0.513 l_off=-0.092,-0.090,-0.120 h_off=0.085,-0.042,0.006
server level=info t=242782 ev=gameplay stage=message result=ok id=4 peerstage=5
client level=warn t=242860 ev=vr.body anchor=1.6835 head_yaw=0.6697 body_yaw=2.3519 error=0.0023 counts_per_rad=579 servo=1
client level=warn t=242860 ev=vr.pad stats injected=27 held=0 mouse=-1342,0 move=0.00,0.00 turn=0.00,0.00 trig=0.00,0.00 buttons=0x0
client level=warn t=243703 ev=vr.xr hand yaw=2.1220 r_valid=1 r_stale=0 r_fwd=-0.757,0.611,0.232 r_up=0.339,0.063,0.939 r_off=-0.359,0.331,-0.066 r_palm=-0.297,0.271,-0.116 l_valid=1 l_fwd=-0.325,0.796,0.511 l_off=-0.092,-0.088,-0.123 h_off=0.112,-0.028,0.022
client level=warn t=243703 ev=vr.xr pose fwd=-0.694,0.720,-0.003 off=0.112,-0.028,0.022 fov=1.8850 aspect=0.964
client level=info t=243828 ev=nettick stage=sample latch=1 callbacks=34696
client level=warn t=244657 ev=vr.xr hand yaw=2.1220 r_valid=1 r_stale=0 r_fwd=-0.886,0.330,0.327 r_up=0.450,0.437,0.779 r_off=-0.340,0.348,-0.037 r_palm=-0.270,0.304,-0.091 l_valid=1 l_fwd=-0.322,0.801,0.504 l_off=-0.092,-0.089,-0.125 h_off=0.110,-0.034,0.024
client level=warn t=245469 ev=vr.weapon callers path=getter D5D832:180 B363FA:540 B3598D:180 B40A78:0
client level=warn t=245469 ev=vr.weapon callers path=ptr D98F49:900 DB8CB6:180 12B0A09:180 16E8861:180 D8F242:180 12B2284:189 D2F672:189 D8B348:180 D8B9B5:180 D7FB5C:60 D8492B:60 D7FF2C:12 F4276C:3 CE3C40:180
client level=warn t=245469 ev=vr.weapon callers path=xform D5896F:180
client level=warn t=245469 ev=vr.probe pose in_pos=557.85,-65.53,137.19 in_fwd=-0.707,0.708,0.000 in_fov=1.4242 out_pos=557.96,-65.57,137.21 out_fwd=-0.713,0.701,-0.020 out_fov=1.8850
client level=warn t=245610 ev=vr.xr hand yaw=2.1220 r_valid=1 r_stale=0 r_fwd=-0.843,0.380,0.380 r_up=0.531,0.476,0.701 r_off=-0.325,0.369,-0.029 r_palm=-0.261,0.319,-0.086 l_valid=1 l_fwd=-0.321,0.804,0.501 l_off=-0.091,-0.088,-0.126 h_off=0.105,-0.035,0.020
client level=warn t=245610 ev=vr.xr submit layers=1 result=0 fov=1.8850 aspect=0.9638
client level=warn t=245735 ev=vr.body anchor=1.6835 head_yaw=0.6754 body_yaw=2.3553 error=0.0032 counts_per_rad=578 servo=1
client level=warn t=245735 ev=vr.pad stats injected=41 held=0 mouse=-1344,0 move=0.00,0.00 turn=0.00,0.00 trig=0.00,0.00 buttons=0x0
client level=info t=245828 ev=nettick stage=sample latch=1 callbacks=34822
server level=info t=245875 ev=gameplay stage=message result=ok id=4 peerstage=5
client level=warn t=246563 ev=vr.xr hand yaw=2.1220 r_valid=1 r_stale=0 r_fwd=-0.833,0.372,0.410 r_up=0.489,0.147,0.860 r_off=-0.330,0.346,-0.028 r_palm=-0.265,0.306,-0.093 l_valid=1 l_fwd=-0.320,0.803,0.503 l_off=-0.091,-0.088,-0.126 h_off=0.106,-0.036,0.022
client level=warn t=246563 ev=vr.xr pose fwd=-0.706,0.708,-0.008 off=0.106,-0.036,0.022 fov=1.8850 aspect=0.964
client level=warn t=247516 ev=vr.xr hand yaw=2.1220 r_valid=1 r_stale=0 r_fwd=-0.846,0.340,0.410 r_up=0.443,0.020,0.896 r_off=-0.333,0.332,-0.033 r_palm=-0.266,0.299,-0.099 l_valid=1 l_fwd=-0.322,0.803,0.502 l_off=-0.091,-0.088,-0.126 h_off=0.105,-0.036,0.021
client level=info t=247828 ev=nettick stage=sample latch=1 callbacks=34948
client level=warn t=248313 ev=vr.weapon callers path=getter D5D832:180 B363FA:540 B3598D:180 B40A78:2
client level=warn t=248313 ev=vr.weapon callers path=ptr D98F49:900 DB8CB6:180 12B0A09:180 16E8861:180 D8F242:180 12B2284:204 D2F672:203 D8B348:180 D8B9B5:180 D7FB5C:55 D8492B:55 D7FF2C:11 F4276C:4 CE3C40:126
client level=warn t=248313 ev=vr.weapon callers path=xform D5896F:180
client level=warn t=248313 ev=vr.probe pose in_pos=557.85,-65.53,136.73 in_fwd=-0.714,0.700,0.000 in_fov=1.4242 out_pos=557.97,-65.57,136.76 out_fwd=-0.708,0.684,0.174 out_fov=1.8850
client level=warn t=248453 ev=vr.xr hand yaw=2.1220 r_valid=1 r_stale=0 r_fwd=-0.706,0.283,0.649 r_up=0.598,-0.252,0.761 r_off=-0.312,0.274,0.006 r_palm=-0.263,0.255,-0.079 l_valid=1 l_fwd=-0.291,0.798,0.527 l_off=-0.087,-0.088,-0.126 h_off=0.122,-0.049,0.042
client level=warn t=248578 ev=vr.body anchor=1.6835 head_yaw=0.7695 body_yaw=2.4365 error=0.0114 counts_per_rad=584 servo=1
client level=warn t=248578 ev=vr.pad stats injected=45 held=0 mouse=-1393,0 move=0.00,0.00 turn=0.00,0.00 trig=0.00,0.00 buttons=0x0
server level=info t=248672 ev=ws701 stage=profile_setup result=complete
server level=info t=248672 ev=activity stage=writeback result=ok world_state=8
server level=info t=248985 ev=gameplay stage=message result=ok id=4 peerstage=5
client level=warn t=249391 ev=vr.xr hand yaw=2.1220 r_valid=1 r_stale=0 r_fwd=-0.841,0.240,0.484 r_up=0.540,0.399,0.741 r_off=-0.312,0.276,0.004 r_palm=-0.248,0.241,-0.064 l_valid=1 l_fwd=-0.441,0.713,0.545 l_off=-0.106,-0.103,-0.107 h_off=0.115,-0.049,0.037
client level=warn t=249391 ev=vr.xr pose fwd=-0.757,0.627,0.184 off=0.115,-0.049,0.037 fov=1.8850 aspect=0.964
client level=info t=249828 ev=nettick stage=sample latch=1 callbacks=35075
client level=warn t=250344 ev=vr.xr hand yaw=2.1220 r_valid=1 r_stale=0 r_fwd=-0.665,0.388,0.638 r_up=0.654,-0.111,0.749 r_off=-0.297,0.280,0.137 r_palm=-0.253,0.246,0.054 l_valid=1 l_fwd=-0.329,0.609,0.721 l_off=-0.097,-0.118,-0.090 h_off=0.120,-0.055,0.040
client level=warn t=250344 ev=vr.xr submit layers=1 result=0 fov=1.8850 aspect=0.9638
client level=warn t=251157 ev=vr.weapon callers path=getter D5D832:180 B363FA:540 B3598D:180 B40A78:0
client level=warn t=251157 ev=vr.weapon callers path=ptr D98F49:900 DB8CB6:180 12B0A09:180 16E8861:180 D8F242:180 12B2284:203 D2F672:203 D8B348:180 D8B9B5:180 D7FB5C:55 D8492B:52 D7FF2C:11 F4276C:3 CE3C40:0
client level=warn t=251157 ev=vr.weapon callers path=xform D5896F:180
client level=warn t=251157 ev=vr.probe pose in_pos=557.85,-65.53,136.73 in_fwd=-0.660,0.751,0.000 in_fov=1.4242 out_pos=557.97,-65.58,136.76 out_fwd=-0.653,0.740,0.159 out_fov=1.8850
client level=warn t=251297 ev=vr.xr hand yaw=2.1220 r_valid=1 r_stale=0 r_fwd=-0.790,0.462,0.403 r_up=0.384,-0.138,0.913 r_off=-0.323,0.325,0.093 r_palm=-0.259,0.285,0.028 l_valid=1 l_fwd=-0.054,0.844,0.533 l_off=-0.074,-0.055,-0.106 h_off=0.120,-0.035,0.034
client level=warn t=251422 ev=vr.body anchor=1.6835 head_yaw=0.6281 body_yaw=2.3104 error=0.0019 counts_per_rad=579 servo=1
client level=warn t=251422 ev=vr.pad stats injected=49 held=0 mouse=-1318,0 move=0.00,0.00 turn=0.00,0.00 trig=0.00,0.00 buttons=0x0
client level=info t=251828 ev=nettick stage=sample latch=1 callbacks=35202
server level=info t=252078 ev=gameplay stage=message result=ok id=4 peerstage=5
client level=warn t=252250 ev=vr.xr hand yaw=2.1220 r_valid=1 r_stale=0 r_fwd=-0.584,0.110,0.804 r_up=-0.523,-0.808,-0.269 r_off=-0.170,0.316,-0.031 r_palm=-0.099,0.330,-0.100 l_valid=1 l_fwd=0.156,0.984,-0.086 l_off=-0.110,0.161,-0.566 h_off=0.013,-0.057,0.013
client level=warn t=252250 ev=vr.xr pose fwd=-0.267,0.959,0.096 off=0.013,-0.057,0.013 fov=1.8850 aspect=0.964
client level=warn t=253203 ev=vr.xr hand yaw=2.1220 r_valid=1 r_stale=0 r_fwd=-0.311,0.653,0.691 r_up=-0.806,-0.566,0.172 r_off=0.146,0.484,0.072 r_palm=0.200,0.439,0.001 l_valid=1 l_fwd=-0.068,0.997,-0.048 l_off=-0.148,0.179,-0.584 h_off=0.029,-0.101,0.020
client level=info t=253828 ev=nettick stage=sample latch=1 callbacks=35327
client level=warn t=254016 ev=vr.weapon callers path=getter D5D832:180 B363FA:540 B3598D:180 B40A78:8
client level=warn t=254016 ev=vr.weapon callers path=ptr D98F49:900 DB8CB6:180 12B0A09:180 16E8861:180 D8F242:180 12B2284:206 D2F672:206 D8B348:180 D8B9B5:180 D7FB5C:60 D8492B:46 D7FF2C:11 F4276C:3 CE3C40:4
client level=warn t=254016 ev=vr.weapon callers path=xform D5896F:180
client level=warn t=254032 ev=vr.probe pose in_pos=557.85,-65.53,136.75 in_fwd=0.162,0.987,0.004 in_fov=1.4242 out_pos=557.90,-65.59,136.75 out_fwd=0.148,0.988,0.053 out_fov=1.8850
client level=warn t=254188 ev=vr.xr hand yaw=2.1220 r_valid=1 r_stale=0 r_fwd=-0.094,0.986,0.137 r_up=0.323,-0.100,0.941 r_off=0.084,0.539,-0.070 r_palm=0.083,0.448,-0.111 l_valid=1 l_fwd=-0.201,0.976,-0.090 l_off=-0.166,0.171,-0.597 h_off=0.057,-0.053,-0.002
client level=warn t=254313 ev=vr.body anchor=1.6835 head_yaw=-0.2022 body_yaw=1.4585 error=0.0174 counts_per_rad=579 servo=1
client level=warn t=254313 ev=vr.pad stats injected=50 held=0 mouse=-828,0 move=0.00,0.00 turn=0.00,0.00 trig=0.00,1.00 buttons=0x0
client level=warn t=255157 ev=vr.xr hand yaw=2.1220 r_valid=1 r_stale=0 r_fwd=-0.836,0.512,0.196 r_up=0.202,-0.044,0.978 r_off=-0.321,0.366,-0.021 r_palm=-0.248,0.318,-0.069 l_valid=1 l_fwd=-0.595,0.708,-0.381 l_off=-0.226,0.101,-0.596 h_off=0.149,-0.049,0.030
client level=warn t=255157 ev=vr.xr pose fwd=-0.593,0.789,0.160 off=0.149,-0.049,0.030 fov=1.8850 aspect=0.964
client level=warn t=255157 ev=vr.xr submit layers=1 result=0 fov=1.8850 aspect=0.9638
server level=info t=255172 ev=gameplay stage=message result=ok id=4 peerstage=5
client level=info t=255828 ev=nettick stage=sample latch=1 callbacks=35450
client level=warn t=256110 ev=vr.xr hand yaw=2.1220 r_valid=1 r_stale=0 r_fwd=-0.757,0.621,0.203 r_up=0.142,-0.146,0.979 r_off=-0.393,0.352,-0.053 r_palm=-0.326,0.297,-0.101 l_valid=1 l_fwd=-0.634,0.661,-0.402 l_off=-0.268,0.054,-0.587 h_off=0.109,-0.023,0.035
client level=warn t=256922 ev=vr.weapon callers path=getter D5D832:180 B363FA:540 B3598D:180 B40A78:43
client level=warn t=256922 ev=vr.weapon callers path=ptr D98F49:900 DB8CB6:180 12B0A09:180 16E8861:180 D8F242:180 12B2284:225 D2F672:225 D8B348:180 D8B9B5:180 D7FB5C:58 D8492B:46 D7FF2C:12 F4276C:3 CE3C40:22
client level=warn t=256922 ev=vr.weapon callers path=xform D5896F:180
client level=warn t=256938 ev=vr.probe pose in_pos=557.85,-65.53,136.74 in_fwd=-0.126,0.992,0.003 in_fov=1.4242 out_pos=557.71,-65.57,136.78 out_fwd=-0.084,0.976,0.201 out_fov=1.8850
client level=warn t=257078 ev=vr.xr hand yaw=2.1220 r_valid=1 r_stale=0 r_fwd=-0.769,0.595,0.234 r_up=0.207,-0.115,0.972 r_off=-0.572,0.293,-0.103 r_palm=-0.505,0.240,-0.154 l_valid=1 l_fwd=-0.723,0.547,-0.423 l_off=-0.426,0.024,-0.659 h_off=-0.142,-0.048,0.046
client level=warn t=257203 ev=vr.body anchor=1.6835 head_yaw=0.2964 body_yaw=1.9458 error=0.0220 counts_per_rad=579 servo=1
client level=warn t=257203 ev=vr.pad stats injected=50 held=0 mouse=-1111,0 move=0.00,0.00 turn=0.00,0.00 trig=0.00,1.00 buttons=0x0
client level=info t=257828 ev=nettick stage=sample latch=1 callbacks=35575
client level=warn t=258032 ev=vr.xr hand yaw=2.1220 r_valid=1 r_stale=0 r_fwd=-0.932,-0.204,0.299 r_up=-0.016,0.849,0.529 r_off=-0.391,0.132,-0.137 r_palm=-0.302,0.126,-0.182 l_valid=1 l_fwd=-0.917,0.341,-0.205 l_off=-0.279,-0.017,-0.538 h_off=0.094,-0.004,-0.004
client level=warn t=258032 ev=vr.xr pose fwd=-0.984,0.034,-0.174 off=0.094,-0.004,-0.004 fov=1.8850 aspect=0.964
server level=info t=258266 ev=gameplay stage=message result=ok id=4 peerstage=5
client level=warn t=259000 ev=vr.xr hand yaw=2.1220 r_valid=1 r_stale=0 r_fwd=-0.805,-0.452,0.385 r_up=0.574,-0.424,0.701 r_off=-0.398,-0.090,-0.228 r_palm=-0.338,-0.035,-0.285 l_valid=1 l_fwd=-0.985,0.121,-0.119 l_off=-0.265,-0.079,-0.543 h_off=0.043,-0.002,-0.000
client level=warn t=259813 ev=vr.weapon callers path=getter D5D832:180 B363FA:540 B3598D:180 B40A78:13
client level=warn t=259813 ev=vr.weapon callers path=ptr D98F49:900 DB8CB6:180 12B0A09:180 16E8861:180 D8F242:180 12B2284:208 D2F672:208 D8B348:180 D8B9B5:180 D7FB5C:57 D8492B:51 D7FF2C:12 F4276C:3 CE3C40:6
client level=warn t=259813 ev=vr.weapon callers path=xform D5896F:180
client level=warn t=259828 ev=vr.probe pose in_pos=557.85,-65.53,136.57 in_fwd=-0.995,-0.095,0.000 in_fov=1.4242 out_pos=557.82,-65.55,136.54 out_fwd=-0.875,-0.121,-0.469 out_fov=1.8850
client level=info t=259828 ev=nettick stage=sample latch=1 callbacks=35700
client level=warn t=259969 ev=vr.xr hand yaw=2.1220 r_valid=1 r_stale=0 r_fwd=-0.936,-0.330,0.120 r_up=0.186,-0.177,0.966 r_off=-0.417,-0.060,-0.314 r_palm=-0.333,-0.023,-0.355 l_valid=1 l_fwd=-0.970,0.106,-0.217 l_off=-0.298,-0.080,-0.571 h_off=-0.032,-0.015,-0.038
client level=warn t=259969 ev=vr.xr submit layers=1 result=0 fov=1.8850 aspect=0.9638
client level=warn t=260094 ev=vr.body anchor=1.6835 head_yaw=1.5806 body_yaw=-2.9706 error=-0.0363 counts_per_rad=579 servo=1
client level=warn t=260094 ev=vr.pad stats injected=57 held=2 mouse=-1891,0 move=-0.89,0.46 turn=0.00,0.00 trig=0.00,0.00 buttons=0x0
client level=warn t=260938 ev=vr.xr hand yaw=2.1220 r_valid=1 r_stale=0 r_fwd=-0.942,0.055,-0.331 r_up=-0.335,-0.083,0.939 r_off=-0.359,0.087,-0.500 r_palm=-0.259,0.084,-0.497 l_valid=1 l_fwd=-0.965,0.146,-0.218 l_off=-0.299,-0.074,-0.571 h_off=-0.031,0.039,-0.094
client level=warn t=260938 ev=vr.xr pose fwd=-0.621,0.242,-0.746 off=-0.031,0.039,-0.094 fov=1.8850 aspect=0.964
server level=info t=261391 ev=gameplay stage=message result=ok id=4 peerstage=5
client level=info t=261828 ev=nettick stage=sample latch=1 callbacks=35822
client level=warn t=261938 ev=vr.xr hand yaw=2.1220 r_valid=1 r_stale=0 r_fwd=-0.953,0.278,-0.122 r_up=-0.259,-0.533,0.805 r_off=-0.346,0.119,-0.563 r_palm=-0.248,0.108,-0.575 l_valid=1 l_fwd=-0.963,0.164,-0.214 l_off=-0.302,-0.072,-0.571 h_off=-0.043,0.048,-0.076
client level=warn t=262735 ev=vr.weapon callers path=getter D5D832:180 B363FA:540 B3598D:180 B40A78:0
client level=warn t=262735 ev=vr.weapon callers path=ptr D98F49:900 DB8CB6:180 12B0A09:180 16E8861:180 D8F242:180 12B2284:203 D2F672:203 D8B348:180 D8B9B5:180 D7FB5C:60 D8492B:48 D7FF2C:12 F4276C:3 CE3C40:0
client level=warn t=262735 ev=vr.weapon callers path=xform D5896F:180
client level=warn t=262735 ev=vr.probe pose in_pos=557.60,-65.89,136.67 in_fwd=-0.936,0.352,0.000 in_fov=1.4242 out_pos=557.57,-65.87,136.67 out_fwd=-0.939,0.341,-0.038 out_fov=1.8850
client level=warn t=262875 ev=vr.xr hand yaw=2.1220 r_valid=1 r_stale=0 r_fwd=-0.959,0.215,-0.185 r_up=-0.246,-0.304,0.921 r_off=-0.341,0.112,-0.559 r_palm=-0.242,0.100,-0.569 l_valid=1 l_fwd=-0.968,0.163,-0.190 l_off=-0.304,-0.071,-0.567 h_off=-0.013,0.016,0.036
client level=warn t=263016 ev=vr.body anchor=1.6835 head_yaw=0.9034 body_yaw=2.6231 error=-0.0333 counts_per_rad=579 servo=1
client level=warn t=263016 ev=vr.pad stats injected=59 held=0 mouse=-1493,0 move=0.00,0.00 turn=0.00,0.00 trig=0.00,0.00 buttons=0x0
client level=info t=263828 ev=nettick stage=sample latch=1 callbacks=35948
client level=warn t=263828 ev=vr.xr hand yaw=2.3215 r_valid=1 r_stale=0 r_fwd=-0.954,-0.193,-0.231 r_up=-0.210,-0.125,0.970 r_off=-0.356,-0.013,-0.529 r_palm=-0.259,0.009,-0.536 l_valid=1 l_fwd=-0.984,-0.062,-0.166 l_off=-0.268,-0.127,-0.560 h_off=0.022,-0.041,0.015
client level=warn t=263828 ev=vr.xr pose fwd=-0.659,-0.751,0.037 off=0.022,-0.041,0.015 fov=1.8850 aspect=0.964
server level=info t=264485 ev=gameplay stage=message result=ok id=4 peerstage=5
client level=warn t=264813 ev=vr.xr hand yaw=-2.5123 r_valid=1 r_stale=0 r_fwd=0.196,-0.916,-0.349 r_up=0.190,-0.314,0.930 r_off=-0.001,-0.341,-0.547 r_palm=-0.025,-0.245,-0.542 l_valid=1 l_fwd=-0.191,-0.967,-0.169 l_off=0.091,-0.283,-0.561 h_off=0.050,-0.020,-0.017
client level=warn t=264813 ev=vr.xr submit layers=1 result=0 fov=1.8850 aspect=0.9638
client level=warn t=265641 ev=vr.weapon callers path=getter D5D832:180 B363FA:540 B3598D:180 B40A78:0
client level=warn t=265641 ev=vr.weapon callers path=ptr D98F49:900 DB8CB6:180 12B0A09:180 16E8861:180 D8F242:180 12B2284:203 D2F672:203 D8B348:180 D8B9B5:180 D7FB5C:65 D8492B:51 D7FF2C:12 F4276C:3 CE3C40:0
client level=warn t=265641 ev=vr.weapon callers path=xform D5896F:180
client level=warn t=265657 ev=vr.probe pose in_pos=559.15,-68.10,137.14 in_fwd=0.298,-0.955,0.000 in_fov=1.4242 out_pos=559.17,-68.13,137.12 out_fwd=0.273,-0.900,-0.340 out_fov=1.8850
client level=warn t=265813 ev=vr.xr hand yaw=-2.5123 r_valid=1 r_stale=0 r_fwd=0.219,-0.947,-0.235 r_up=0.286,-0.168,0.943 r_off=0.011,-0.352,-0.514 r_palm=-0.018,-0.257,-0.520 l_valid=1 l_fwd=-0.232,-0.968,-0.096 l_off=0.086,-0.280,-0.552 h_off=0.027,-0.031,-0.026
client level=info t=265828 ev=nettick stage=sample latch=1 callbacks=36070
client level=warn t=265938 ev=vr.body anchor=-2.7818 head_yaw=1.6893 body_yaw=-1.2012 error=0.0808 counts_per_rad=579 servo=1
client level=warn t=265938 ev=vr.pad stats injected=67 held=2 mouse=-2938,0 move=-0.59,0.81 turn=-1.00,-0.10 trig=0.00,0.00 buttons=0x0
client level=warn t=266813 ev=vr.xr hand yaw=-1.6097 r_valid=1 r_stale=0 r_fwd=0.819,-0.427,-0.382 r_up=0.398,-0.056,0.916 r_off=0.259,-0.221,-0.562 r_palm=0.170,-0.179,-0.553 l_valid=1 l_fwd=0.654,-0.751,-0.087 l_off=0.278,-0.108,-0.554 h_off=0.063,-0.023,-0.042
client level=warn t=266813 ev=vr.xr pose fwd=0.786,-0.406,-0.466 off=0.063,-0.023,-0.042 fov=1.8850 aspect=0.964
server level=info t=267578 ev=gameplay stage=message result=ok id=4 peerstage=5
client level=info t=267844 ev=nettick stage=sample latch=1 callbacks=36188
client level=warn t=267844 ev=vr.xr hand yaw=-1.2054 r_valid=1 r_stale=0 r_fwd=0.475,0.120,-0.872 r_up=0.879,-0.113,0.463 r_off=0.256,-0.102,-0.653 r_palm=0.185,-0.110,-0.584 l_valid=1 l_fwd=0.871,-0.466,-0.155 l_off=0.302,0.008,-0.563 h_off=0.080,-0.020,-0.119
client level=warn t=268750 ev=vr.weapon callers path=getter D5D832:180 B363FA:540 B3598D:180 B40A78:0
client level=warn t=268750 ev=vr.weapon callers path=ptr D98F49:900 DB8CB6:180 12B0A09:180 16E8861:180 D8F242:180 12B2284:240 D2F672:240 D8B348:180 D8B9B5:180 D7FB5C:60 D8492B:49 D7FF2C:13 F4276C:3 CE3C40:0
client level=warn t=268750 ev=vr.weapon callers path=xform D5896F:180
client level=warn t=268750 ev=vr.probe pose in_pos=566.85,-71.22,118.28 in_fwd=0.997,-0.071,0.001 in_fov=1.4242 out_pos=566.95,-71.16,118.14 out_fwd=0.474,-0.023,-0.880 out_fov=1.8850
client level=warn t=268907 ev=vr.xr hand yaw=-0.8605 r_valid=1 r_stale=0 r_fwd=0.671,0.145,-0.727 r_up=0.624,0.420,0.659 r_off=0.264,-0.030,-0.649 r_palm=0.181,-0.057,-0.600 l_valid=1 l_fwd=0.990,-0.066,-0.122 l_off=0.303,0.119,-0.569 h_off=0.092,0.055,-0.135
client level=warn t=269047 ev=vr.body anchor=-1.2990 head_yaw=1.3397 body_yaw=-0.0091 error=0.0437 counts_per_rad=956 servo=1
client level=warn t=269047 ev=vr.pad stats injected=76 held=0 mouse=-3649,0 move=0.00,0.00 turn=0.00,0.00 trig=0.00,0.00 buttons=0x0
client level=info t=269844 ev=nettick stage=sample latch=1 callbacks=36306
client level=warn t=269891 ev=vr.xr hand yaw=-0.8605 r_valid=1 r_stale=0 r_fwd=0.853,0.119,-0.509 r_up=0.494,0.131,0.859 r_off=0.271,-0.033,-0.570 r_palm=0.175,-0.048,-0.547 l_valid=1 l_fwd=0.963,-0.005,-0.270 l_off=0.308,0.104,-0.587 h_off=0.030,0.022,-0.101
client level=warn t=269891 ev=vr.xr pose fwd=0.655,-0.035,-0.754 off=0.030,0.022,-0.101 fov=1.8850 aspect=0.964
client level=warn t=269891 ev=vr.xr submit layers=1 result=0 fov=1.8850 aspect=0.9638
server level=info t=270688 ev=gameplay stage=message result=ok id=4 peerstage=5
client level=warn t=270875 ev=vr.xr hand yaw=-0.8605 r_valid=1 r_stale=0 r_fwd=0.679,0.568,-0.465 r_up=0.471,0.150,0.869 r_off=0.230,0.088,-0.507 r_palm=0.151,0.029,-0.488 l_valid=1 l_fwd=0.940,0.284,-0.189 l_off=0.221,0.169,-0.535 h_off=-0.092,0.046,-0.139
client level=warn t=271703 ev=vr.weapon callers path=getter D5D832:11 B363FA:540 B3598D:180 B40A78:0
client level=warn t=271703 ev=vr.weapon callers path=ptr D98F49:1745 DB8CB6:180 12B0A09:11 16E8861:180 D8F242:11 12B2284:54 D2F672:51 D8B348:1025 D8B9B5:1025 D7FB5C:60 D8492B:16 D7FF2C:13 F4276C:1 CE3C40:0 129198E:170 B3CF7D:77 B35BEE:169
client level=warn t=271703 ev=vr.weapon callers path=xform D5896F:11
client level=warn t=271719 ev=vr.probe pose in_pos=570.92,-66.09,95.83 in_fwd=0.776,-0.059,-0.628 in_fov=1.2566 out_pos=570.92,-66.12,95.75 out_fwd=0.791,-0.057,-0.609 out_fov=1.8850
client level=info t=271844 ev=nettick stage=sample latch=1 callbacks=36428
client level=warn t=271844 ev=vr.xr hand yaw=-0.8605 r_valid=1 r_stale=0 r_fwd=0.982,0.174,-0.069 r_up=0.044,0.145,0.988 r_off=0.281,-0.006,-0.428 r_palm=0.187,-0.027,-0.452 l_valid=1 l_fwd=0.984,-0.039,-0.175 l_off=0.301,0.105,-0.574 h_off=0.011,-0.011,-0.057
client level=warn t=271969 ev=vr.body anchor=-1.2990 head_yaw=1.2705 body_yaw=-0.0351 error=0.0039 counts_per_rad=211 servo=1
client level=warn t=271969 ev=vr.pad stats injected=78 held=0 mouse=-2920,0 move=0.00,0.00 turn=0.00,0.00 trig=0.00,0.00 buttons=0x0
client level=warn t=272797 ev=vr.xr hand yaw=-0.8605 r_valid=1 r_stale=0 r_fwd=0.923,0.212,0.320 r_up=-0.377,0.665,0.645 r_off=0.180,-0.070,-0.299 r_palm=0.104,-0.110,-0.349 l_valid=1 l_fwd=-0.378,-0.290,0.879 l_off=-0.016,0.059,-0.041 h_off=-0.000,-0.010,-0.015
client level=warn t=272797 ev=vr.xr pose fwd=0.922,-0.340,-0.185 off=-0.000,-0.010,-0.015 fov=1.8850 aspect=0.964
server level=info t=273782 ev=gameplay stage=message result=ok id=4 peerstage=5
client level=warn t=273797 ev=vr.xr hand yaw=-0.8605 r_valid=1 r_stale=0 r_fwd=0.955,-0.216,-0.203 r_up=0.292,0.800,0.524 r_off=0.143,-0.302,-0.374 r_palm=0.044,-0.305,-0.370 l_valid=1 l_fwd=-0.622,-0.602,0.502 l_off=-0.009,0.087,-0.033 h_off=-0.015,0.039,0.041
client level=info t=273844 ev=nettick stage=sample latch=1 callbacks=36551
client level=warn t=274594 ev=vr.weapon callers path=getter D5D832:0 B363FA:540 B3598D:180 B40A78:0
client level=warn t=274594 ev=vr.weapon callers path=ptr D98F49:1800 DB8CB6:180 12B0A09:0 16E8861:180 D8F242:0 12B2284:0 D2F672:0 D8B348:1080 D8B9B5:1080 D7FB5C:48 D8492B:12 D7FF2C:12 F4276C:0 CE3C40:0 129198E:180 B3CF7D:0 B35BEE:180
client level=warn t=274594 ev=vr.weapon callers path=xform D5896F:0
client level=warn t=274610 ev=vr.probe pose in_pos=572.29,-61.17,34.96 in_fwd=0.996,0.055,0.063 in_fov=1.2566 out_pos=572.59,-61.08,34.93 out_fwd=0.996,0.062,0.063 out_fov=1.8850
client level=warn t=274750 ev=vr.xr hand yaw=-0.8605 r_valid=1 r_stale=0 r_fwd=0.955,-0.216,-0.202 r_up=0.292,0.801,0.523 r_off=0.144,-0.304,-0.377 r_palm=0.044,-0.308,-0.374 l_valid=1 l_fwd=-0.248,-0.799,0.548 l_off=0.333,0.188,-0.157 h_off=0.337,0.107,-0.057
client level=warn t=274750 ev=vr.xr submit layers=1 result=0 fov=1.8850 aspect=0.9638
client level=warn t=274860 ev=vr.body anchor=-1.2990 head_yaw=1.4180 body_yaw=0.1048 error=0.0071 counts_per_rad=211 servo=1
client level=warn t=274860 ev=vr.pad stats injected=78 held=0 mouse=-2923,0 move=0.00,0.00 turn=0.00,0.00 trig=0.00,0.00 buttons=0x0
client level=warn t=275657 ev=vr.xr hand yaw=-0.8605 r_valid=1 r_stale=0 r_fwd=0.955,-0.216,-0.202 r_up=0.292,0.801,0.523 r_off=0.144,-0.304,-0.377 r_palm=0.044,-0.308,-0.374 l_valid=1 l_fwd=-0.263,-0.776,0.573 l_off=0.342,0.190,-0.167 h_off=0.362,0.120,-0.074
client level=warn t=275657 ev=vr.xr pose fwd=0.994,0.084,0.070 off=0.362,0.120,-0.074 fov=1.8850 aspect=0.964
client level=info t=275844 ev=nettick stage=sample latch=1 callbacks=36680
client level=warn t=276672 ev=vr.xr hand yaw=-0.8605 r_valid=1 r_stale=0 r_fwd=0.955,-0.215,-0.203 r_up=0.291,0.801,0.523 r_off=0.144,-0.305,-0.377 r_palm=0.044,-0.308,-0.373 l_valid=1 l_fwd=0.498,-0.122,0.859 l_off=0.186,0.073,-0.156 h_off=0.008,0.044,-0.005
server level=info t=276891 ev=gameplay stage=message result=ok id=4 peerstage=5
client level=warn t=277547 ev=vr.weapon callers path=getter D5D832:2 B363FA:540 B3598D:180 B40A78:0
client level=warn t=277547 ev=vr.weapon callers path=ptr D98F49:1294 DB8CB6:180 12B0A09:101 16E8861:180 D8F242:101 12B2284:116 D2F672:116 D8B348:576 D8B9B5:576 D7FB5C:50 D8492B:16 D7FF2C:11 F4276C:1 CE3C40:0 129198E:78 B3CF7D:0 B35BEE:177 1292634:15
client level=warn t=277547 ev=vr.weapon callers path=xform D5896F:2
client level=warn t=277563 ev=vr.probe pose in_pos=560.15,-69.61,137.34 in_fwd=0.785,-0.620,0.000 in_fov=1.4242 out_pos=560.10,-69.61,137.33 out_fwd=0.782,-0.589,-0.204 out_fov=1.8850
client level=warn t=277703 ev=vr.xr hand yaw=-0.8605 r_valid=1 r_stale=0 r_fwd=0.930,-0.367,0.035 r_up=-0.006,0.079,0.997 r_off=0.132,-0.297,-0.264 r_palm=0.043,-0.265,-0.297 l_valid=1 l_fwd=0.904,-0.427,-0.040 l_off=0.250,-0.026,-0.321 h_off=-0.025,0.004,-0.005
client level=warn t=277844 ev=vr.body anchor=-1.2990 head_yaw=0.7232 body_yaw=-0.5976 error=0.0176 counts_per_rad=572 servo=1
client level=warn t=277844 ev=vr.pad stats injected=78 held=0 mouse=-2561,0 move=0.00,0.00 turn=0.00,0.00 trig=0.00,0.00 buttons=0x0
client level=info t=277844 ev=nettick stage=sample latch=1 callbacks=36797
client level=warn t=278703 ev=vr.xr hand yaw=0.2449 r_valid=1 r_stale=0 r_fwd=0.408,0.818,0.407 r_up=-0.110,-0.398,0.911 r_off=0.224,0.097,-0.187 r_palm=0.189,0.031,-0.253 l_valid=1 l_fwd=0.675,0.405,0.617 l_off=0.093,0.142,-0.236 h_off=-0.042,-0.030,0.005
client level=warn t=278703 ev=vr.xr pose fwd=0.643,0.753,-0.141 off=-0.042,-0.030,0.005 fov=1.8850 aspect=0.964
server level=info t=278735 ev=ws701 stage=profile_setup result=complete
server level=info t=278750 ev=activity stage=writeback result=ok world_state=8
client level=warn t=279688 ev=vr.xr hand yaw=0.8566 r_valid=1 r_stale=0 r_fwd=0.016,0.978,0.207 r_up=-0.021,-0.207,0.978 r_off=0.117,0.407,-0.112 r_palm=0.116,0.320,-0.161 l_valid=1 l_fwd=0.180,0.834,0.521 l_off=-0.034,0.202,-0.241 h_off=0.004,-0.080,0.018
client level=warn t=279703 ev=vr.xr submit layers=1 result=0 fov=1.8850 aspect=0.9638
client level=info t=279844 ev=nettick stage=sample latch=1 callbacks=36918
server level=info t=279985 ev=gameplay stage=message result=ok id=4 peerstage=5
client level=warn t=280516 ev=vr.weapon callers path=getter D5D832:180 B363FA:540 B3598D:180 B40A78:0
client level=warn t=280516 ev=vr.weapon callers path=ptr D98F49:900 DB8CB6:180 12B0A09:180 16E8861:180 D8F242:180 12B2284:203 D2F672:203 D8B348:180 D8B9B5:180 D7FB5C:56 D8492B:49 D7FF2C:12 F4276C:3 CE3C40:0 129198E:0 B3CF7D:0 B35BEE:0 1292634:0
client level=warn t=280516 ev=vr.weapon callers path=xform D5896F:180
client level=warn t=280532 ev=vr.probe pose in_pos=560.00,-68.49,137.13 in_fwd=-0.104,0.995,0.000 in_fov=1.4242 out_pos=560.04,-68.55,137.14 out_fwd=-0.158,0.983,-0.096 out_fov=1.8850
client level=warn t=280672 ev=vr.xr hand yaw=1.2840 r_valid=1 r_stale=0 r_fwd=-0.280,0.878,0.388 r_up=-0.352,-0.470,0.809 r_off=-0.088,0.439,-0.027 r_palm=-0.051,0.370,-0.088 l_valid=1 l_fwd=0.057,0.831,0.554 l_off=-0.092,0.160,-0.228 h_off=0.044,-0.070,0.013
client level=warn t=280813 ev=vr.body anchor=0.8455 head_yaw=0.9007 body_yaw=1.7213 error=0.0176 counts_per_rad=579 servo=1
client level=warn t=280813 ev=vr.pad stats injected=85 held=1 mouse=-3903,0 move=-0.38,0.93 turn=0.00,0.00 trig=0.00,0.00 buttons=0x0
client level=warn t=281672 ev=vr.xr hand yaw=1.2840 r_valid=1 r_stale=0 r_fwd=-0.351,0.622,0.700 r_up=-0.549,-0.742,0.384 r_off=-0.197,0.441,0.082 r_palm=-0.147,0.404,0.004 l_valid=1 l_fwd=-0.072,0.790,0.609 l_off=-0.145,0.147,-0.203 h_off=0.033,-0.074,0.042
client level=warn t=281672 ev=vr.xr pose fwd=-0.381,0.898,0.221 off=0.033,-0.074,0.042 fov=1.8850 aspect=0.964
client level=info t=281844 ev=nettick stage=sample latch=1 callbacks=37039
client level=warn t=282657 ev=vr.xr hand yaw=2.1471 r_valid=1 r_stale=0 r_fwd=-0.986,0.160,0.051 r_up=-0.054,-0.587,0.808 r_off=-0.383,0.218,-0.102 r_palm=-0.288,0.220,-0.131 l_valid=1 l_fwd=-0.798,0.352,0.489 l_off=-0.294,-0.048,-0.226 h_off=-0.005,-0.015,-0.060
server level=info t=283094 ev=gameplay stage=message result=ok id=4 peerstage=5
client level=warn t=283516 ev=vr.weapon callers path=getter D5D832:180 B363FA:540 B3598D:180 B40A78:180
client level=warn t=283516 ev=vr.weapon callers path=ptr D98F49:900 DB8CB6:180 12B0A09:180 16E8861:180 D8F242:180 12B2284:169 D2F672:169 D8B348:180 D8B9B5:180 D7FB5C:51 D8492B:50 D7FF2C:10 F4276C:4 CE3C40:0 129198E:0 B3CF7D:0 B35BEE:0 1292634:0
client level=warn t=283516 ev=vr.weapon callers path=xform D5896F:180
client level=warn t=283532 ev=vr.probe pose in_pos=544.24,-60.36,143.62 in_fwd=0.434,0.901,0.000 in_fov=1.4242 out_pos=544.32,-60.33,143.54 out_fwd=0.427,0.625,-0.653 out_fov=1.8850
client level=warn t=283672 ev=vr.xr hand yaw=1.8602 r_valid=1 r_stale=0 r_fwd=0.389,0.908,0.155 r_up=-0.184,-0.088,0.979 r_off=0.409,0.138,-0.168 r_palm=0.378,0.054,-0.212 l_valid=1 l_fwd=0.321,0.876,0.359 l_off=-0.097,0.100,-0.286 h_off=0.080,-0.010,-0.064
client level=warn t=283797 ev=vr.body anchor=1.3778 head_yaw=-0.6780 body_yaw=0.6620 error=0.0305 counts_per_rad=579 servo=1
client level=warn t=283797 ev=vr.pad stats injected=92 held=1 mouse=-3293,0 move=-0.23,0.97 turn=0.05,-0.24 trig=0.00,0.00 buttons=0x0
client level=info t=283844 ev=nettick stage=sample latch=1 callbacks=37159
client level=warn t=284688 ev=vr.xr hand yaw=1.8164 r_valid=1 r_stale=0 r_fwd=0.282,0.119,-0.952 r_up=0.649,0.707,0.281 r_off=0.449,-0.124,-0.765 r_palm=0.403,-0.156,-0.683 l_valid=1 l_fwd=0.972,0.233,-0.009 l_off=0.156,0.089,-0.430 h_off=0.190,0.009,-0.179
client level=warn t=284688 ev=vr.xr pose fwd=0.433,0.134,-0.891 off=0.190,0.009,-0.179 fov=1.8850 aspect=0.964
client level=warn t=284688 ev=vr.xr submit layers=1 result=0 fov=1.8850 aspect=0.9638
client level=warn t=285688 ev=vr.xr hand yaw=2.5719 r_valid=1 r_stale=0 r_fwd=-0.481,-0.048,-0.875 r_up=-0.656,0.682,0.323 r_off=-0.108,0.139,-0.646 r_palm=-0.043,0.123,-0.572 l_valid=1 l_fwd=-0.423,0.876,-0.232 l_off=-0.231,-0.018,-0.496 h_off=-0.070,0.047,-0.183
client level=info t=285844 ev=nettick stage=sample latch=1 callbacks=37278
server level=info t=286188 ev=gameplay stage=message result=ok id=4 peerstage=5
client level=warn t=286547 ev=vr.weapon callers path=getter D5D832:180 B363FA:540 B3598D:180 B40A78:0
client level=warn t=286547 ev=vr.weapon callers path=ptr D98F49:900 DB8CB6:180 12B0A09:180 16E8861:180 D8F242:180 12B2284:24 D2F672:24 D8B348:180 D8B9B5:180 D7FB5C:46 D8492B:46 D7FF2C:9 F4276C:3 CE3C40:0 129198E:0 B3CF7D:0 B35BEE:0 1292634:0
client level=warn t=286547 ev=vr.weapon callers path=xform D5896F:180
client level=warn t=286563 ev=vr.probe pose in_pos=534.88,-50.08,63.06 in_fwd=0.306,0.952,0.000 in_fov=1.4242 out_pos=534.93,-49.97,62.88 out_fwd=0.170,0.449,-0.877 out_fov=1.8850
client level=warn t=286703 ev=vr.xr hand yaw=2.5719 r_valid=1 r_stale=0 r_fwd=0.224,0.410,-0.884 r_up=-0.267,0.898,0.349 r_off=0.397,0.255,-0.732 r_palm=0.384,0.189,-0.659 l_valid=1 l_fwd=0.519,0.848,-0.108 l_off=0.005,0.189,-0.453 h_off=0.078,0.119,-0.170
client level=warn t=286844 ev=vr.body anchor=2.1333 head_yaw=-0.9665 body_yaw=1.1787 error=-0.0139 counts_per_rad=579 servo=1
client level=warn t=286844 ev=vr.pad stats injected=99 held=2 mouse=-3584,0 move=-0.38,0.93 turn=0.00,0.00 trig=0.00,0.00 buttons=0x0
client level=warn t=287735 ev=vr.xr hand yaw=2.5719 r_valid=1 r_stale=0 r_fwd=0.095,0.388,-0.917 r_up=-0.528,0.800,0.284 r_off=0.317,0.210,-0.757 r_palm=0.324,0.149,-0.678 l_valid=1 l_fwd=0.126,0.991,-0.044 l_off=-0.070,0.139,-0.467 h_off=0.067,0.097,-0.146
client level=warn t=287735 ev=vr.xr pose fwd=0.103,0.577,-0.810 off=0.067,0.097,-0.146 fov=1.8850 aspect=0.964
client level=info t=287844 ev=nettick stage=sample latch=1 callbacks=37394
client level=warn t=288719 ev=vr.xr hand yaw=1.8067 r_valid=1 r_stale=0 r_fwd=-0.431,0.836,0.340 r_up=0.181,-0.289,0.940 r_off=0.042,0.112,-0.176 r_palm=0.078,0.042,-0.237 l_valid=1 l_fwd=0.479,0.771,0.420 l_off=-0.064,0.109,-0.308 h_off=-0.018,-0.052,-0.010
server level=info t=289297 ev=gameplay stage=message result=ok id=4 peerstage=5
client level=warn t=289547 ev=vr.weapon callers path=getter D5D832:180 B363FA:540 B3598D:180 B40A78:41
client level=warn t=289547 ev=vr.weapon callers path=ptr D98F49:900 DB8CB6:180 12B0A09:180 16E8861:180 D8F242:180 12B2284:44 D2F672:42 D8B348:180 D8B9B5:180 D7FB5C:43 D8492B:54 D7FF2C:11 F4276C:4 CE3C40:0 129198E:0 B3CF7D:77 B35BEE:0 1292634:0
client level=warn t=289547 ev=vr.weapon callers path=xform D5896F:180
client level=warn t=289563 ev=vr.probe pose in_pos=530.35,-47.45,25.29 in_fwd=-0.513,0.858,0.000 in_fov=1.4242 out_pos=530.27,-47.57,25.29 out_fwd=-0.491,0.871,0.030 out_fov=1.8850
client level=warn t=289703 ev=vr.xr hand yaw=1.8067 r_valid=1 r_stale=0 r_fwd=-0.653,0.754,0.065 r_up=-0.433,-0.443,0.785 r_off=-0.160,0.303,-0.073 r_palm=-0.085,0.245,-0.103 l_valid=1 l_fwd=0.269,0.776,0.571 l_off=-0.138,0.110,-0.269 h_off=-0.062,-0.093,0.001
client level=warn t=289703 ev=vr.xr submit layers=1 result=0 fov=1.8850 aspect=0.9638
client level=warn t=289844 ev=vr.body anchor=1.2918 head_yaw=-0.0670 body_yaw=1.5242 error=-0.2184 counts_per_rad=579 servo=1
client level=warn t=289844 ev=vr.pad stats injected=110 held=0 mouse=-3752,0 move=0.00,0.00 turn=0.67,-0.74 trig=0.00,0.00 buttons=0x0
client level=info t=289844 ev=nettick stage=sample latch=1 callbacks=37517
client level=warn t=290688 ev=vr.xr hand yaw=1.1579 r_valid=1 r_stale=0 r_fwd=0.951,-0.209,0.226 r_up=-0.190,0.182,0.965 r_off=0.574,-0.349,-0.001 r_palm=0.489,-0.335,-0.051 l_valid=1 l_fwd=0.903,-0.253,0.348 l_off=0.060,0.022,-0.345 h_off=-0.010,-0.117,0.016
client level=warn t=290688 ev=vr.xr pose fwd=0.883,-0.465,0.056 off=-0.010,-0.117,0.016 fov=1.8850 aspect=0.964
client level=warn t=291672 ev=vr.xr hand yaw=1.1579 r_valid=1 r_stale=0 r_fwd=0.964,-0.144,0.224 r_up=-0.196,0.186,0.963 r_off=0.675,-0.310,-0.128 r_palm=0.590,-0.302,-0.178 l_valid=1 l_fwd=0.976,-0.156,0.155 l_off=0.094,0.021,-0.359 h_off=0.075,-0.139,0.015
client level=info t=291844 ev=nettick stage=sample latch=1 callbacks=37639
server level=info t=292391 ev=gameplay stage=message result=ok id=4 peerstage=5
client level=warn t=292516 ev=vr.weapon callers path=getter D5D832:180 B363FA:540 B3598D:180 B40A78:0
client level=warn t=292516 ev=vr.weapon callers path=ptr D98F49:900 DB8CB6:180 12B0A09:180 16E8861:180 D8F242:180 12B2284:23 D2F672:23 D8B348:180 D8B9B5:180 D7FB5C:48 D8492B:60 D7FF2C:12 F4276C:4 CE3C40:0 129198E:0 B3CF7D:0 B35BEE:0 1292634:0
client level=warn t=292516 ev=vr.weapon callers path=xform D5896F:180
client level=warn t=292532 ev=vr.probe pose in_pos=544.32,-51.49,28.04 in_fwd=0.995,-0.102,0.000 in_fov=1.4531 out_pos=544.30,-51.60,28.07 out_fwd=0.988,-0.090,0.127 out_fov=1.8850
client level=warn t=292672 ev=vr.xr hand yaw=1.1579 r_valid=1 r_stale=0 r_fwd=0.919,-0.056,0.391 r_up=-0.294,0.567,0.770 r_off=0.630,-0.176,-0.033 r_palm=0.552,-0.187,-0.093 l_valid=1 l_fwd=0.943,-0.010,0.332 l_off=0.024,0.041,-0.345 h_off=-0.024,-0.109,0.030
client level=warn t=292797 ev=vr.body anchor=0.7193 head_yaw=-0.7757 body_yaw=-0.0708 error=0.0117 counts_per_rad=579 servo=1
client level=warn t=292797 ev=vr.pad stats injected=115 held=2 mouse=-2865,0 move=-0.45,0.89 turn=0.00,0.00 trig=0.00,0.00 buttons=0x0
client level=warn t=293657 ev=vr.xr hand yaw=1.1579 r_valid=1 r_stale=0 r_fwd=0.911,0.085,0.404 r_up=-0.257,0.884,0.392 r_off=0.639,-0.142,-0.091 r_palm=0.560,-0.176,-0.141 l_valid=1 l_fwd=0.934,0.035,0.357 l_off=0.021,0.054,-0.338 h_off=-0.032,-0.068,0.027
client level=warn t=293657 ev=vr.xr pose fwd=0.881,0.456,0.124 off=-0.032,-0.068,0.027 fov=1.8850 aspect=0.964
client level=info t=293844 ev=nettick stage=sample latch=1 callbacks=37760
client level=warn t=294672 ev=vr.xr hand yaw=1.1579 r_valid=1 r_stale=0 r_fwd=0.940,0.185,0.288 r_up=-0.212,-0.346,0.914 r_off=0.701,-0.241,-0.081 r_palm=0.618,-0.248,-0.135 l_valid=1 l_fwd=0.905,0.157,0.396 l_off=0.027,0.092,-0.187 h_off=0.144,-0.216,-0.005
client level=warn t=294672 ev=vr.xr submit layers=1 result=0 fov=1.8850 aspect=0.9638
server level=info t=295500 ev=gameplay stage=message result=ok id=4 peerstage=5
client level=warn t=295516 ev=vr.weapon callers path=getter D5D832:180 B363FA:540 B3598D:180 B40A78:27
client level=warn t=295516 ev=vr.weapon callers path=ptr D98F49:900 DB8CB6:180 12B0A09:180 16E8861:180 D8F242:180 12B2284:35 D2F672:35 D8B348:180 D8B9B5:180 D7FB5C:49 D8492B:61 D7FF2C:12 F4276C:4 CE3C40:0 129198E:0 B3CF7D:0 B35BEE:0 1292634:0
client level=warn t=295516 ev=vr.weapon callers path=xform D5896F:180
client level=warn t=295532 ev=vr.probe pose in_pos=566.13,-46.75,31.97 in_fwd=0.988,-0.153,0.000 in_fov=1.5231 out_pos=566.16,-46.79,31.93 out_fwd=0.905,-0.197,-0.377 out_fov=1.8850
client level=warn t=295672 ev=vr.xr hand yaw=1.1579 r_valid=1 r_stale=0 r_fwd=0.604,-0.262,-0.752 r_up=0.776,0.405,0.483 r_off=0.471,-0.313,-0.485 r_palm=0.390,-0.300,-0.428 l_valid=1 l_fwd=0.758,-0.025,0.651 l_off=0.001,0.086,-0.289 h_off=-0.006,-0.024,-0.065
client level=warn t=295797 ev=vr.body anchor=0.7193 head_yaw=-1.2265 body_yaw=-0.5226 error=0.0137 counts_per_rad=578 servo=1
client level=warn t=295797 ev=vr.pad stats injected=120 held=1 mouse=-2603,0 move=-0.38,0.92 turn=0.00,0.00 trig=0.00,0.00 buttons=0x0
client level=info t=295844 ev=nettick stage=sample latch=1 callbacks=37879
client level=warn t=296688 ev=vr.xr hand yaw=1.1579 r_valid=1 r_stale=0 r_fwd=0.959,-0.219,-0.179 r_up=0.262,0.926,0.272 r_off=0.563,-0.324,-0.335 r_palm=0.464,-0.331,-0.326 l_valid=1 l_fwd=0.785,0.023,0.619 l_off=0.003,0.101,-0.284 h_off=-0.019,-0.061,-0.019
client level=warn t=296688 ev=vr.xr pose fwd=0.942,-0.237,-0.236 off=-0.019,-0.061,-0.019 fov=1.8850 aspect=0.964
client level=warn t=297688 ev=vr.xr hand yaw=1.1579 r_valid=1 r_stale=0 r_fwd=0.673,-0.282,-0.684 r_up=0.666,-0.170,0.726 r_off=0.521,-0.474,-0.490 r_palm=0.437,-0.442,-0.447 l_valid=1 l_fwd=0.870,-0.152,0.470 l_off=0.074,0.049,-0.296 h_off=0.065,-0.132,-0.044
client level=info t=297844 ev=nettick stage=sample latch=1 callbacks=37998
client level=warn t=298547 ev=vr.weapon callers path=getter D5D832:180 B363FA:540 B3598D:180 B40A78:216
client level=warn t=298547 ev=vr.weapon callers path=ptr D98F49:900 DB8CB6:180 12B0A09:180 16E8861:180 D8F242:180 12B2284:132 D2F672:132 D8B348:180 D8B9B5:180 D7FB5C:40 D8492B:52 D7FF2C:10 F4276C:3 CE3C40:1 129198E:0 B3CF7D:0 B35BEE:0 1292634:0
client level=warn t=298547 ev=vr.weapon callers path=xform D5896F:180
client level=warn t=298563 ev=vr.probe pose in_pos=590.77,-46.61,32.27 in_fwd=0.839,-0.543,0.003 in_fov=1.4242 out_pos=590.79,-46.66,32.21 out_fwd=0.788,-0.539,-0.296 out_fov=1.8850
server level=info t=298594 ev=gameplay stage=message result=ok id=4 peerstage=5
client level=warn t=298719 ev=vr.xr hand yaw=1.1579 r_valid=1 r_stale=0 r_fwd=0.569,-0.715,-0.405 r_up=0.808,0.576,0.119 r_off=0.433,-0.499,-0.498 r_palm=0.355,-0.448,-0.463 l_valid=1 l_fwd=0.843,-0.023,0.538 l_off=0.027,0.084,-0.346 h_off=0.013,-0.026,-0.060
client level=warn t=298860 ev=vr.body anchor=0.7193 head_yaw=-1.4512 body_yaw=-0.7111 error=-0.0181 counts_per_rad=578 servo=1
client level=warn t=298860 ev=vr.pad stats injected=129 held=2 mouse=-2482,0 move=-0.71,0.70 turn=0.00,0.00 trig=0.00,0.00 buttons=0x0
client level=warn t=299735 ev=vr.xr hand yaw=1.1579 r_valid=1 r_stale=0 r_fwd=0.967,0.240,-0.085 r_up=0.164,-0.332,0.929 r_off=0.495,-0.249,-0.271 r_palm=0.398,-0.262,-0.291 l_valid=1 l_fwd=0.813,-0.074,0.577 l_off=0.005,0.063,-0.280 h_off=-0.016,-0.088,0.012
client level=warn t=299735 ev=vr.xr pose fwd=0.999,-0.035,0.004 off=-0.016,-0.088,0.012 fov=1.8850 aspect=0.964
client level=warn t=299735 ev=vr.xr submit layers=1 result=0 fov=1.8850 aspect=0.9638
client level=info t=299844 ev=nettick stage=sample latch=1 callbacks=38115
client level=info t=299985 ev=retail site=80 text=networking:bandwidth: min_channels: 1 max channels: 1 max bps: 36224 avg cong bps: -1 low cong bps: -1 hi cong bps: -1 lat avg: -1 lat hi avg: 0 lat avg var: -1 pct loss: 0.00 pct loss hi avg: [0.00].
client level=info t=299985 ev=retail site=81 text=networking:bandwidth: machine [3E:CC:65:8B:54:66:9ABE] longest reception gap [139ms] longest ack gap [139ms] pct loss [0.00] disc count [0] sps [10] rps [10] bh: [y].
client level=warn t=300766 ev=vr.xr hand yaw=1.1579 r_valid=1 r_stale=0 r_fwd=0.482,-0.872,-0.088 r_up=0.287,0.062,0.956 r_off=0.381,-0.756,-0.094 r_palm=0.327,-0.675,-0.114 l_valid=1 l_fwd=0.775,-0.321,0.544 l_off=0.061,0.002,-0.298 h_off=-0.013,-0.141,0.009
client level=info t=301219 ev=retail site=82 text=networking:channel:packet_loss_stats: [dir:127.0.0.1(id=0):30976#bh64] Incoming packet read result summary - 0 ok, 0 discard, 600 discard-expected, 0 corrupt
client level=info t=301219 ev=retail site=83 text=networking:channel:packet_loss_stats: [dir:127.0.0.1(id=0):30976#bh64] Outgoing packet delivery summary - 600 delivered, 0 of those out-of-order, 0 lost - highest loss fraction seen 0.000
client level=info t=301219 ev=retail site=84 text=networking:stream_manager:retail: # 0 rx10.0/rxbps 5.8kb tx10.0/txbps32.7kb cx15.0pkts/33.0cxkbps lat=  0avg,  -1cg to=9999 aloc45.0kb max513.0kbps, loss=0.00pct loss dev 2.00pct rel=N, name=                            bh64
client level=info t=301219 ev=retail site=85 text=networking:stream_manager:retail: Local peer network quality = 1.000000/1.0, worst_axis = -1
client level=warn t=301610 ev=vr.weapon callers path=getter D5D832:180 B363FA:540 B3598D:180 B40A78:8
client level=warn t=301610 ev=vr.weapon callers path=ptr D98F49:900 DB8CB6:180 12B0A09:180 16E8861:180 D8F242:180 12B2284:30 D2F672:30 D8B348:180 D8B9B5:180 D7FB5C:48 D8492B:60 D7FF2C:12 F4276C:3 CE3C40:4 129198E:0 B3CF7D:0 B35BEE:0 1292634:0
client level=warn t=301610 ev=vr.weapon callers path=xform D5896F:180
client level=warn t=301625 ev=vr.probe pose in_pos=605.28,-53.79,26.59 in_fwd=0.557,-0.830,0.025 in_fov=1.4242 out_pos=605.31,-53.86,26.59 out_fwd=0.558,-0.818,0.135 out_fov=1.8850
server level=info t=301703 ev=gameplay stage=message result=ok id=4 peerstage=5
client level=warn t=301766 ev=vr.xr hand yaw=1.1579 r_valid=1 r_stale=0 r_fwd=0.488,-0.871,-0.053 r_up=0.359,0.144,0.922 r_off=0.338,-0.736,-0.034 r_palm=0.281,-0.658,-0.056 l_valid=1 l_fwd=0.847,-0.262,0.463 l_off=0.088,0.041,-0.339 h_off=0.028,-0.065,-0.001
client level=info t=301844 ev=nettick stage=sample latch=1 callbacks=38233
client level=warn t=301891 ev=vr.body anchor=0.7193 head_yaw=-1.6725 body_yaw=-0.9645 error=0.0105 counts_per_rad=763 servo=1
client level=warn t=301891 ev=vr.pad stats injected=142 held=1 mouse=-2333,0 move=-0.97,0.26 turn=0.00,0.00 trig=0.00,0.00 buttons=0x0
client level=info t=302188 ev=bootflow stage=region result=forced slice_set=64
client level=info t=302188 ev=retail site=47 text=world_controller:slice_set_transition_manager: Starting a new transition of type 'transitioning:normal_z_leg' to 'PRV64.64 (HASH: 0xdd27234f)'; token advanced to 002
server level=info t=302250 ev=gameplay stage=activityhost result=allocated session=0x9EAA30010020000A group=0x764F6358EF00A9F6 generation=9 port=30992 held=9
server level=warn t=302266 ev=mission_script stage=attach result=no_activity_link session=11433003384888623114
client level=warn t=302828 ev=vr.xr hand yaw=1.1579 r_valid=1 r_stale=0 r_fwd=0.753,-0.336,0.566 r_up=-0.452,0.361,0.815 r_off=0.419,-0.448,-0.038 r_palm=0.361,-0.427,-0.116 l_valid=1 l_fwd=0.960,-0.152,0.236 l_off=0.056,0.047,-0.326 h_off=0.030,-0.082,0.019
client level=warn t=302828 ev=vr.xr pose fwd=0.996,-0.053,0.065 off=0.030,-0.082,0.019 fov=1.8850 aspect=0.964
client level=info t=303844 ev=nettick stage=sample latch=1 callbacks=38343
client level=warn t=303938 ev=vr.xr hand yaw=1.1579 r_valid=1 r_stale=0 r_fwd=0.573,0.200,0.795 r_up=-0.786,-0.142,0.602 r_off=0.432,-0.064,0.156 r_palm=0.401,-0.079,0.062 l_valid=1 l_fwd=0.899,0.128,0.418 l_off=0.002,0.041,-0.284 h_off=-0.053,-0.131,0.050
server level=info t=304282 ev=gameplay stage=advertise result=ok region=64 region_source=reported ambassador_slot=1
client level=info t=304313 ev=probe stage=msg12 result=received client=0x26B1BE1F980 slot=0 label=PRIVATE CURRENT member=0x35F900ECFC25A1B0 status=0x01FE->0x01FE flag=1
client level=info t=304313 ev=probe stage=bind client=0x26B1BE1F980 established=0x9EAA300100200001 slotrec=0x26B032FD9A0 roster=0x26BCF78BC80 receipt=1
client level=info t=304313 ev=probe stage=hosttail client=0x26B1BE1F980 b=00000000000000000000000000000000000000000000000000000000000000000000000000000000FFFFFFFF00000000
client level=info t=304313 ev=probe stage=grant client=0x26B1BE1F980 status=0x01FE pending=0 dirty=0 receipt=1
client level=info t=304313 ev=retail site=82 text=networking:channel:packet_loss_stats: [dir:127.0.0.1(id=0):30976#bh64] Incoming packet read result summary - 0 ok, 0 discard, 29 discard-expected, 0 corrupt
client level=info t=304313 ev=retail site=83 text=networking:channel:packet_loss_stats: [dir:127.0.0.1(id=0):30976#bh64] Outgoing packet delivery summary - 29 delivered, 0 of those out-of-order, 0 lost - highest loss fraction seen 0.000
client level=info t=304313 ev=retail site=86 text=networking:channel: channel dir:127.0.0.1(id=0):30976#bh64(id '0') (ra: ''dir:127.0.0.1(id=0):30976'') state change connected -> closed
client level=info t=304313 ev=retail site=87 text=networking:channel_manager: channel 'dir:127.0.0.1(id=0):30976#bh64' (0): channel closed (reason=channel-manager-owners-released) because 'dir:127.0.0.1(id=0):30976' can't be reached, resetting security
server level=info t=304313 ev=gameplay stage=peer result=closed reason=10
server level=info t=304313 ev=gameplay stage=response result=ok wordb=2 signon=0
server level=info t=304344 ev=gameplay stage=connect result=ok peer=2003 local=0x00000002 remote=0x00000004 rebuilt=0
server level=info t=304344 ev=gameplay stage=establish result=queued local=0x00000002 remote=0x00000004
client level=warn t=304766 ev=vr.weapon callers path=getter D5D832:180 B363FA:540 B3598D:180 B40A78:6
client level=warn t=304766 ev=vr.weapon callers path=ptr D98F49:900 DB8CB6:180 12B0A09:180 16E8861:180 D8F242:180 12B2284:29 D2F672:29 D8B348:180 D8B9B5:180 D7FB5C:28 D8492B:36 D7FF2C:7 F4276C:1 CE3C40:4 129198E:0 B3CF7D:0 B35BEE:0 1292634:0
client level=warn t=304766 ev=vr.weapon callers path=xform D5896F:180
client level=warn t=304766 ev=vr.probe pose in_pos=610.10,-54.85,25.64 in_fwd=0.999,-0.017,0.027 in_fov=1.4242 out_pos=609.91,-55.00,25.70 out_fwd=0.578,-0.007,0.816 out_fov=1.8850
client level=warn t=304922 ev=vr.xr hand yaw=1.1579 r_valid=1 r_stale=0 r_fwd=0.089,-0.200,0.976 r_up=-0.212,0.953,0.215 r_off=0.336,-0.186,0.453 r_palm=0.334,-0.195,0.354 l_valid=1 l_fwd=0.850,0.187,0.492 l_off=-0.022,0.051,-0.284 h_off=-0.184,-0.150,0.055
client level=warn t=304922 ev=vr.xr submit layers=1 result=0 fov=1.8850 aspect=0.9638
client level=warn t=305047 ev=vr.body anchor=0.7193 head_yaw=-0.8075 body_yaw=-0.0792 error=-0.0074 counts_per_rad=589 servo=1
client level=warn t=305047 ev=vr.pad stats injected=153 held=0 mouse=-2840,0 move=0.00,0.00 turn=0.00,0.00 trig=0.00,1.00 buttons=0x0
server level=info t=305375 ev=gameplay stage=message result=ok id=8 peerstage=5
server level=info t=305375 ev=gameplay stage=sendqueue result=cleared packet=1 base=4 entries=0
server level=info t=305438 ev=gameplay stage=message result=ok id=40 peerstage=5
server level=info t=305438 ev=gameplay stage=view result=queued remote=1 local=1 token=0x9EAA300100200001 list=0
server level=info t=305500 ev=gameplay stage=message result=ok id=40 peerstage=5
server level=info t=305500 ev=gameplay stage=view result=queued remote=2 local=2 token=0x9EAA300100200001 list=15
server level=info t=305500 ev=gameplay stage=sendqueue result=cleared packet=7 base=7 entries=0
server level=info t=305563 ev=gameplay stage=message result=ok id=40 peerstage=5
server level=info t=305563 ev=gameplay stage=view result=queued remote=3 local=3 token=0x9EAA300100200001 list=0
server level=info t=305563 ev=gameplay stage=message result=ok id=40 peerstage=5
server level=info t=305563 ev=gameplay stage=view result=queued remote=4 local=4 token=0x9EAA300100200001 list=0
server level=info t=305563 ev=gameplay stage=sendqueue result=cleared packet=8 base=8 entries=0
server level=info t=305625 ev=gameplay stage=message result=ok id=40 peerstage=5
server level=warn t=305641 ev=gameplay stage=view result=refused remote=5 local=0 token=0x9EAA300100200001 list=0
server level=info t=305641 ev=gameplay stage=sendqueue result=cleared packet=9 base=9 entries=0
client level=info t=305844 ev=nettick stage=sample latch=1 callbacks=38465
client level=warn t=305907 ev=vr.xr hand yaw=1.1579 r_valid=1 r_stale=0 r_fwd=0.016,0.177,0.984 r_up=0.369,0.914,-0.171 r_off=0.527,-0.350,0.125 r_palm=0.514,-0.394,0.037 l_valid=1 l_fwd=0.874,0.196,0.444 l_off=-0.016,0.051,-0.293 h_off=-0.056,-0.169,0.021
client level=warn t=305907 ev=vr.xr pose fwd=0.924,-0.380,0.035 off=-0.056,-0.169,0.021 fov=1.8850 aspect=0.964
client level=info t=306313 ev=probe stage=hosttail client=0x26B1BE1F980 b=00000000000000000000000000000000000000000000000000000000000000000000000000000000FFFFFFFF00000000
client level=info t=306313 ev=probe stage=grant client=0x26B1BE1F980 status=0x01FE pending=0 dirty=0 receipt=1
client level=warn t=306891 ev=vr.xr hand yaw=1.1579 r_valid=1 r_stale=0 r_fwd=0.854,0.287,0.435 r_up=-0.293,-0.425,0.856 r_off=0.444,-0.146,0.046 r_palm=0.371,-0.161,-0.021 l_valid=1 l_fwd=0.696,-0.079,0.713 l_off=-0.017,0.032,-0.154 h_off=-0.034,-0.156,0.021
server level=info t=307469 ev=gameplay stage=message result=ok id=4 peerstage=5
client level=warn t=307719 ev=vr.weapon callers path=getter D5D832:180 B363FA:540 B3598D:180 B40A78:8
client level=warn t=307719 ev=vr.weapon callers path=ptr D98F49:900 DB8CB6:180 12B0A09:180 16E8861:180 D8F242:180 12B2284:26 D2F672:26 D8B348:180 D8B9B5:180 D7FB5C:51 D8492B:61 D7FF2C:13 F4276C:0 CE3C40:3 129198E:0 B3CF7D:0 B35BEE:0 1292634:0
client level=warn t=307719 ev=vr.weapon callers path=xform D5896F:180
client level=warn t=307735 ev=vr.probe pose in_pos=610.05,-54.90,25.64 in_fwd=0.751,0.656,0.071 in_fov=1.4242 out_pos=609.97,-55.02,25.68 out_fwd=0.741,0.659,0.131 out_fov=1.8850
client level=info t=307860 ev=nettick stage=sample latch=1 callbacks=38587
client level=warn t=307875 ev=vr.xr hand yaw=1.1579 r_valid=1 r_stale=0 r_fwd=0.609,0.632,0.479 r_up=-0.261,-0.410,0.874 r_off=0.276,0.260,0.140 r_palm=0.226,0.212,0.068 l_valid=1 l_fwd=0.350,0.675,0.649 l_off=0.151,0.291,0.149 h_off=-0.076,-0.119,0.029
client level=warn t=308000 ev=vr.body anchor=0.7193 head_yaw=0.0161 body_yaw=0.7519 error=-0.0116 counts_per_rad=586 servo=1
client level=warn t=308000 ev=vr.pad stats injected=162 held=0 mouse=-3314,0 move=0.00,0.00 turn=0.00,0.00 trig=0.00,0.00 buttons=0x0
client level=info t=308313 ev=probe stage=hosttail client=0x26B1BE1F980 b=00000000000000000000000000000000000000000000000000000000000000000000000000000000FFFFFFFF00000000
client level=info t=308313 ev=probe stage=grant client=0x26B1BE1F980 status=0x01FE pending=0 dirty=0 receipt=1
server level=info t=308750 ev=ws701 stage=profile_setup result=complete
server level=info t=308766 ev=activity stage=writeback result=ok world_state=8
client level=warn t=308860 ev=vr.xr hand yaw=1.1579 r_valid=1 r_stale=0 r_fwd=0.039,0.581,0.813 r_up=-0.124,-0.805,0.581 r_off=0.065,0.216,0.126 r_palm=0.065,0.185,0.032 l_valid=1 l_fwd=0.014,0.591,0.807 l_off=0.070,0.295,0.110 h_off=-0.067,-0.103,0.028
client level=warn t=308860 ev=vr.xr pose fwd=0.498,0.863,0.082 off=-0.067,-0.103,0.028 fov=1.8850 aspect=0.964
client level=warn t=309844 ev=vr.xr hand yaw=1.1579 r_valid=1 r_stale=0 r_fwd=0.540,0.822,0.184 r_up=0.153,-0.311,0.938 r_off=0.265,0.024,-0.229 r_palm=0.209,-0.045,-0.275 l_valid=1 l_fwd=0.918,0.257,0.302 l_off=0.028,0.073,-0.317 h_off=-0.050,-0.044,-0.003
client level=warn t=309844 ev=vr.xr submit layers=1 result=0 fov=1.8850 aspect=0.9638
client level=info t=309860 ev=nettick stage=sample latch=1 callbacks=38710
server level=info t=310016 ev=gameplay stage=message result=ok id=4 peerstage=5
client level=info t=310313 ev=probe stage=hosttail client=0x26B1BE1F980 b=00000000000000000000000000000000000000000000000000000000000000000000000000000000FFFFFFFF00000000
client level=info t=310313 ev=probe stage=grant client=0x26B1BE1F980 status=0x01FE pending=0 dirty=0 receipt=1
client level=warn t=310672 ev=vr.weapon callers path=getter D5D832:180 B363FA:540 B3598D:180 B40A78:2
client level=warn t=310672 ev=vr.weapon callers path=ptr D98F49:900 DB8CB6:180 12B0A09:180 16E8861:180 D8F242:180 12B2284:26 D2F672:24 D8B348:180 D8B9B5:180 D7FB5C:45 D8492B:58 D7FF2C:11 F4276C:0 CE3C40:1 129198E:0 B3CF7D:0 B35BEE:0 1292634:0
client level=warn t=310672 ev=vr.weapon callers path=xform D5896F:180
client level=warn t=310688 ev=vr.probe pose in_pos=615.52,-51.26,25.50 in_fwd=0.962,0.272,0.000 in_fov=1.4242 out_pos=615.51,-51.36,25.50 out_fwd=0.931,0.239,-0.277 out_fov=1.8850
client level=warn t=310828 ev=vr.xr hand yaw=1.1579 r_valid=1 r_stale=0 r_fwd=0.246,0.919,-0.307 r_up=0.776,0.003,0.630 r_off=0.275,0.063,-0.289 r_palm=0.228,-0.025,-0.279 l_valid=1 l_fwd=0.884,0.350,0.309 l_off=0.022,0.094,-0.303 h_off=-0.010,-0.102,-0.009
client level=warn t=310969 ev=vr.body anchor=0.7193 head_yaw=-0.3576 body_yaw=0.2738 error=0.0511 counts_per_rad=579 servo=1
client level=warn t=310969 ev=vr.pad stats injected=168 held=2 mouse=-3048,0 move=-0.37,0.93 turn=0.00,0.00 trig=0.00,0.00 buttons=0x0
client level=warn t=311844 ev=vr.xr hand yaw=1.2380 r_valid=1 r_stale=0 r_fwd=0.506,0.848,0.159 r_up=-0.469,0.116,0.876 r_off=0.310,0.336,-0.088 r_palm=0.276,0.252,-0.129 l_valid=1 l_fwd=0.702,0.487,0.520 l_off=-0.031,0.132,-0.230 h_off=-0.062,-0.054,0.006
client level=warn t=311844 ev=vr.xr pose fwd=0.450,0.880,-0.154 off=-0.062,-0.054,0.006 fov=1.8850 aspect=0.964
client level=info t=311860 ev=nettick stage=sample latch=1 callbacks=38829
client level=info t=312313 ev=probe stage=hosttail client=0x26B1BE1F980 b=00000000000000000000000000000000000000000000000000000000000000000000000000000000FFFFFFFF00000000
client level=info t=312313 ev=probe stage=grant client=0x26B1BE1F980 status=0x01FE pending=0 dirty=0 receipt=1
client level=warn t=312844 ev=vr.xr hand yaw=1.6159 r_valid=1 r_stale=0 r_fwd=0.294,0.954,0.063 r_up=-0.398,0.062,0.915 r_off=0.211,0.420,-0.143 r_palm=0.195,0.327,-0.176 l_valid=1 l_fwd=0.603,0.661,0.447 l_off=-0.062,0.104,-0.240 h_off=0.002,-0.088,0.008
server level=info t=313141 ev=gameplay stage=message result=ok id=4 peerstage=5
client level=warn t=313688 ev=vr.weapon callers path=getter D5D832:180 B363FA:540 B3598D:180 B40A78:0
client level=warn t=313688 ev=vr.weapon callers path=ptr D98F49:900 DB8CB6:180 12B0A09:180 16E8861:180 D8F242:180 12B2284:26 D2F672:24 D8B348:180 D8B9B5:180 D7FB5C:44 D8492B:52 D7FF2C:11 F4276C:1 CE3C40:0 129198E:0 B3CF7D:0 B35BEE:0 1292634:0
client level=warn t=313688 ev=vr.weapon callers path=xform D5896F:180
client level=warn t=313688 ev=vr.probe pose in_pos=621.68,-33.80,20.86 in_fwd=0.409,0.913,0.000 in_fov=1.4505 out_pos=621.67,-33.88,20.87 out_fwd=0.403,0.903,-0.148 out_fov=1.8850
client level=warn t=313828 ev=vr.xr hand yaw=1.6159 r_valid=1 r_stale=0 r_fwd=0.081,0.971,-0.226 r_up=-0.864,0.182,0.469 r_off=0.183,0.395,-0.213 r_palm=0.201,0.297,-0.206 l_valid=1 l_fwd=0.610,0.646,0.459 l_off=-0.063,0.100,-0.242 h_off=-0.012,-0.082,0.008
client level=info t=313860 ev=nettick stage=sample latch=1 callbacks=38950
client level=warn t=313969 ev=vr.body anchor=1.1773 head_yaw=-0.0101 body_yaw=1.1564 error=0.0097 counts_per_rad=578 servo=1
client level=warn t=313969 ev=vr.pad stats injected=173 held=1 mouse=-3549,0 move=-0.97,0.22 turn=0.00,0.00 trig=0.00,0.00 buttons=0x0
client level=info t=314313 ev=probe stage=hosttail client=0x26B1BE1F980 b=00000000000000000000000000000000000000000000000000000000000000000000000000000000FFFFFFFF00000000
client level=info t=314313 ev=probe stage=grant client=0x26B1BE1F980 status=0x01FE pending=0 dirty=0 receipt=1
server level=info t=314328 ev=gameplay stage=association result=timeout
client level=warn t=314797 ev=vr.xr hand yaw=1.6159 r_valid=1 r_stale=0 r_fwd=0.096,0.991,-0.089 r_up=-0.132,0.102,0.986 r_off=0.212,0.396,-0.173 r_palm=0.207,0.299,-0.194 l_valid=1 l_fwd=0.540,0.668,0.512 l_off=-0.063,0.100,-0.241 h_off=-0.016,-0.073,0.000
client level=warn t=314797 ev=vr.xr pose fwd=0.364,0.907,-0.213 off=-0.016,-0.073,0.000 fov=1.8850 aspect=0.964
client level=warn t=314797 ev=vr.xr submit layers=1 result=0 fov=1.8850 aspect=0.9638
client level=warn t=315782 ev=vr.xr hand yaw=1.6159 r_valid=1 r_stale=0 r_fwd=0.348,0.933,-0.092 r_up=0.116,0.054,0.992 r_off=0.284,0.408,-0.132 r_palm=0.247,0.318,-0.153 l_valid=1 l_fwd=0.634,0.582,0.508 l_off=-0.055,0.087,-0.243 h_off=0.014,-0.091,0.002
client level=info t=315860 ev=nettick stage=sample latch=1 callbacks=39073
server level=info t=316250 ev=gameplay stage=message result=ok id=4 peerstage=5
client level=info t=316313 ev=probe stage=hosttail client=0x26B1BE1F980 b=00000000000000000000000000000000000000000000000000000000000000000000000000000000FFFFFFFF00000000
client level=info t=316313 ev=probe stage=grant client=0x26B1BE1F980 status=0x01FE pending=0 dirty=0 receipt=1
client level=warn t=316610 ev=vr.weapon callers path=getter D5D832:180 B363FA:540 B3598D:180 B40A78:64
client level=warn t=316610 ev=vr.weapon callers path=ptr D98F49:900 DB8CB6:180 12B0A09:180 16E8861:180 D8F242:180 12B2284:49 D2F672:49 D8B348:180 D8B9B5:180 D7FB5C:45 D8492B:55 D7FF2C:12 F4276C:2 CE3C40:0 129198E:0 B3CF7D:0 B35BEE:0 1292634:0
client level=warn t=316610 ev=vr.weapon callers path=xform D5896F:180
client level=warn t=316625 ev=vr.probe pose in_pos=622.00,-19.64,23.94 in_fwd=0.746,0.666,0.000 in_fov=1.4554 out_pos=622.02,-19.75,23.95 out_fwd=0.757,0.639,-0.132 out_fov=1.8850
client level=warn t=316766 ev=vr.xr hand yaw=1.6159 r_valid=1 r_stale=0 r_fwd=0.346,0.928,-0.136 r_up=0.350,0.006,0.937 r_off=0.361,0.380,-0.125 r_palm=0.318,0.291,-0.140 l_valid=1 l_fwd=0.623,0.587,0.517 l_off=-0.055,0.087,-0.241 h_off=0.025,-0.109,0.010
client level=warn t=316907 ev=vr.body anchor=1.1773 head_yaw=-0.5060 body_yaw=0.6713 error=0.0003 counts_per_rad=575 servo=1
client level=warn t=316907 ev=vr.pad stats injected=187 held=2 mouse=-3268,0 move=-0.60,0.80 turn=0.00,0.00 trig=0.00,0.00 buttons=0x0
client level=warn t=317750 ev=vr.xr hand yaw=1.6159 r_valid=1 r_stale=0 r_fwd=0.438,0.844,-0.310 r_up=0.269,0.206,0.941 r_off=0.403,0.351,-0.226 r_palm=0.353,0.264,-0.225 l_valid=1 l_fwd=0.627,0.594,0.503 l_off=-0.056,0.088,-0.243 h_off=0.027,-0.084,-0.011
client level=warn t=317750 ev=vr.xr pose fwd=0.646,0.702,-0.300 off=0.027,-0.084,-0.011 fov=1.8850 aspect=0.964
client level=info t=317860 ev=nettick stage=sample latch=1 callbacks=39195
client level=info t=318313 ev=probe stage=hosttail client=0x26B1BE1F980 b=00000000000000000000000000000000000000000000000000000000000000000000000000000000FFFFFFFF00000000
client level=info t=318313 ev=probe stage=grant client=0x26B1BE1F980 status=0x01FE pending=0 dirty=0 receipt=1
client level=warn t=318735 ev=vr.xr hand yaw=1.6159 r_valid=1 r_stale=0 r_fwd=0.285,0.928,-0.239 r_up=0.085,0.224,0.971 r_off=0.351,0.351,-0.243 r_palm=0.322,0.256,-0.249 l_valid=1 l_fwd=0.636,0.595,0.491 l_off=-0.052,0.088,-0.245 h_off=0.019,-0.069,-0.018
server level=info t=319375 ev=gameplay stage=message result=ok id=4 peerstage=5
client level=warn t=319610 ev=vr.weapon callers path=getter D5D832:180 B363FA:540 B3598D:180 B40A78:180
client level=warn t=319610 ev=vr.weapon callers path=ptr D98F49:900 DB8CB6:180 12B0A09:180 16E8861:180 D8F242:180 12B2284:111 D2F672:111 D8B348:180 D8B9B5:180 D7FB5C:51 D8492B:52 D7FF2C:13 F4276C:1 CE3C40:0 129198E:0 B3CF7D:0 B35BEE:0 1292634:0
client level=warn t=319610 ev=vr.weapon callers path=xform D5896F:180
client level=warn t=319610 ev=vr.probe pose in_pos=631.70,2.29,23.56 in_fwd=0.651,0.759,0.000 in_fov=1.5231 out_pos=631.73,2.21,23.54 out_fwd=0.617,0.700,-0.360 out_fov=1.8850
client level=warn t=319766 ev=vr.xr hand yaw=1.6159 r_valid=1 r_stale=0 r_fwd=0.147,0.938,-0.315 r_up=0.075,0.307,0.949 r_off=0.356,0.307,-0.262 r_palm=0.340,0.209,-0.260 l_valid=1 l_fwd=0.636,0.591,0.496 l_off=-0.048,0.086,-0.245 h_off=0.036,-0.077,-0.018
client level=warn t=319766 ev=vr.xr submit layers=1 result=0 fov=1.8850 aspect=0.9638
client level=info t=319860 ev=nettick stage=sample latch=1 callbacks=39314
client level=warn t=319907 ev=vr.body anchor=1.1773 head_yaw=-0.3887 body_yaw=0.8111 error=-0.0179 counts_per_rad=579 servo=1
client level=warn t=319907 ev=vr.pad stats injected=193 held=2 mouse=-3346,0 move=-0.86,0.51 turn=0.00,0.00 trig=0.00,0.00 buttons=0x0
client level=info t=320313 ev=probe stage=hosttail client=0x26B1BE1F980 b=00000000000000000000000000000000000000000000000000000000000000000000000000000000FFFFFFFF00000000
client level=info t=320313 ev=probe stage=grant client=0x26B1BE1F980 status=0x01FE pending=0 dirty=0 receipt=1
client level=warn t=320766 ev=vr.xr hand yaw=1.6159 r_valid=1 r_stale=0 r_fwd=0.901,-0.184,0.394 r_up=-0.432,-0.279,0.858 r_off=0.617,-0.040,-0.037 r_palm=0.545,-0.014,-0.100 l_valid=1 l_fwd=0.669,0.510,0.542 l_off=-0.033,0.081,-0.258 h_off=0.036,-0.122,0.014
client level=warn t=320766 ev=vr.xr pose fwd=0.972,0.234,-0.010 off=0.036,-0.122,0.014 fov=1.8850 aspect=0.964
client level=info t=321297 ev=retail site=48 text=world_controller:slice_set_transition_manager: Stopping transition of type 'transitioning:normal_z_leg' due to preempted
client level=info t=321297 ev=retail site=47 text=world_controller:slice_set_transition_manager: Starting a new transition of type 'transitioning:normal_z_leg' to 'PRV112.1 (HASH: 0x4b75f80b)'; token advanced to 003
server level=info t=321328 ev=gameplay stage=activityhost result=allocated session=0x9EAA30010020000B group=0x5A5A8B41BEE928A3 generation=10 port=30994 held=10
server level=warn t=321360 ev=mission_script stage=attach result=no_activity_link session=11433003384888623115
client level=warn t=321813 ev=vr.xr hand yaw=1.3743 r_valid=1 r_stale=0 r_fwd=0.985,-0.171,0.018 r_up=-0.042,-0.137,0.990 r_off=0.658,-0.309,-0.152 r_palm=0.566,-0.289,-0.183 l_valid=1 l_fwd=0.829,0.175,0.531 l_off=0.037,0.061,-0.256 h_off=0.043,-0.133,0.011
client level=info t=321875 ev=nettick stage=sample latch=1 callbacks=39431
client level=info t=322313 ev=probe stage=hosttail client=0x26B1BE1F980 b=00000000000000000000000000000000000000000000000000000000000000000000000000000000FFFFFFFF00000000
client level=info t=322313 ev=probe stage=grant client=0x26B1BE1F980 status=0x01FE pending=0 dirty=0 receipt=1
server level=info t=322453 ev=gameplay stage=message result=ok id=4 peerstage=5
client level=warn t=322657 ev=vr.weapon callers path=getter D5D832:180 B363FA:540 B3598D:180 B40A78:0
client level=warn t=322657 ev=vr.weapon callers path=ptr D98F49:900 DB8CB6:180 12B0A09:180 16E8861:180 D8F242:180 12B2284:25 D2F672:25 D8B348:180 D8B9B5:180 D7FB5C:40 D8492B:40 D7FF2C:10 F4276C:0 CE3C40:0 129198E:0 B3CF7D:0 B35BEE:0 1292634:0
client level=warn t=322657 ev=vr.weapon callers path=xform D5896F:180
client level=warn t=322672 ev=vr.probe pose in_pos=649.39,7.46,18.62 in_fwd=0.998,-0.063,0.000 in_fov=1.4242 out_pos=649.41,7.32,18.63 out_fwd=0.997,-0.073,-0.012 out_fov=1.8850
client level=warn t=322813 ev=vr.xr hand yaw=1.3743 r_valid=1 r_stale=0 r_fwd=0.988,0.033,0.152 r_up=-0.145,0.551,0.822 r_off=0.671,-0.126,-0.034 r_palm=0.582,-0.145,-0.073 l_valid=1 l_fwd=0.774,0.282,0.568 l_off=-0.005,0.072,-0.251 h_off=0.014,-0.143,0.016
client level=warn t=322938 ev=vr.body anchor=0.9358 head_yaw=-0.9519 body_yaw=-0.0374 error=0.0175 counts_per_rad=579 servo=1
client level=warn t=322938 ev=vr.pad stats injected=198 held=1 mouse=-2861,0 move=-0.35,0.94 turn=0.00,0.00 trig=0.00,0.00 buttons=0x0
client level=info t=323391 ev=probe stage=msg12 result=received client=0x26B1BE1F980 slot=0 label=PRIVATE CURRENT member=0x35F900ECFC25A1B0 status=0x01FE->0x01FE flag=1
client level=info t=323391 ev=probe stage=bind client=0x26B1BE1F980 established=0x9EAA300100200001 slotrec=0x26B032FD9A0 roster=0x26BCF78BC80 receipt=1
client level=info t=323391 ev=retail site=82 text=networking:channel:packet_loss_stats: [dir:127.0.0.1(id=0):30992#bh64] Incoming packet read result summary - 8 ok, 0 discard, 196 discard-expected, 0 corrupt
client level=info t=323391 ev=retail site=83 text=networking:channel:packet_loss_stats: [dir:127.0.0.1(id=0):30992#bh64] Outgoing packet delivery summary - 199 delivered, 0 of those out-of-order, 0 lost - highest loss fraction seen 0.000
client level=info t=323391 ev=retail site=86 text=networking:channel: channel dir:127.0.0.1(id=0):30992#bh64(id '4') (ra: ''dir:127.0.0.1(id=0):30992'') state change connected -> closed
client level=info t=323391 ev=retail site=87 text=networking:channel_manager: channel 'dir:127.0.0.1(id=0):30992#bh64' (1): channel closed (reason=channel-manager-owners-released) because 'dir:127.0.0.1(id=0):30992' can't be reached, resetting security
server level=info t=323391 ev=gameplay stage=peer result=closed reason=10
server level=info t=323391 ev=gameplay stage=response result=ok wordb=3 signon=0
client level=info t=323407 ev=retail site=88 text=world_controller:slice_set_transition_manager: Region 'PRV112.1 (HASH: 0x4b75f80b)' -- PAH assigned ambassadorship to us.
server level=info t=323438 ev=gameplay stage=connect result=ok peer=2003 local=0x00000003 remote=0x00000008 rebuilt=0
server level=info t=323438 ev=gameplay stage=establish result=queued local=0x00000003 remote=0x00000008
client level=warn t=323797 ev=vr.xr hand yaw=1.3743 r_valid=1 r_stale=0 r_fwd=0.515,0.795,0.321 r_up=-0.856,0.491,0.159 r_off=0.440,0.208,-0.056 r_palm=0.417,0.117,-0.091 l_valid=1 l_fwd=0.720,0.370,0.587 l_off=-0.024,0.079,-0.217 h_off=0.014,-0.106,0.020
client level=warn t=323797 ev=vr.xr pose fwd=0.721,0.692,0.008 off=0.014,-0.106,0.020 fov=1.8850 aspect=0.964
client level=info t=323891 ev=nettick stage=sample latch=1 callbacks=39554
client level=info t=324313 ev=probe stage=hosttail client=0x26B1BE1F980 b=00000000000000000000000000000000000000000000000000000000000000000000000000000000FFFFFFFF00000000
client level=info t=324313 ev=probe stage=grant client=0x26B1BE1F980 status=0x01FE pending=0 dirty=0 receipt=1
server level=info t=324453 ev=gameplay stage=message result=ok id=8 peerstage=5
server level=info t=324453 ev=gameplay stage=sendqueue result=cleared packet=1 base=5 entries=0
server level=info t=324532 ev=gameplay stage=message result=ok id=40 peerstage=5
server level=info t=324532 ev=gameplay stage=view result=queued remote=1 local=1 token=0x9EAA300100200001 list=0
server level=info t=324610 ev=gameplay stage=message result=ok id=40 peerstage=5
server level=info t=324610 ev=gameplay stage=view result=queued remote=2 local=2 token=0x9EAA300100200001 list=15
server level=info t=324610 ev=gameplay stage=sendqueue result=cleared packet=7 base=7 entries=0
server level=info t=324672 ev=gameplay stage=message result=ok id=40 peerstage=5
server level=info t=324672 ev=gameplay stage=view result=queued remote=3 local=3 token=0x9EAA300100200001 list=0
server level=info t=324672 ev=gameplay stage=message result=ok id=40 peerstage=5
server level=info t=324672 ev=gameplay stage=view result=queued remote=4 local=4 token=0x9EAA300100200001 list=0
server level=info t=324672 ev=gameplay stage=sendqueue result=cleared packet=8 base=8 entries=0
client level=warn t=324766 ev=vr.xr hand yaw=1.8504 r_valid=1 r_stale=0 r_fwd=0.038,0.926,0.375 r_up=-0.911,-0.122,0.395 r_off=0.282,0.377,-0.060 r_palm=0.305,0.292,-0.107 l_valid=1 l_fwd=0.510,0.581,0.634 l_off=-0.048,0.048,-0.206 h_off=0.088,-0.103,0.021
client level=warn t=324766 ev=vr.xr submit layers=1 result=0 fov=1.8850 aspect=0.9638
client level=warn t=325578 ev=vr.weapon callers path=getter D5D832:180 B363FA:540 B3598D:180 B40A78:0
client level=warn t=325578 ev=vr.weapon callers path=ptr D98F49:900 DB8CB6:180 12B0A09:180 16E8861:180 D8F242:180 12B2284:23 D2F672:23 D8B348:180 D8B9B5:180 D7FB5C:52 D8492B:52 D7FF2C:13 F4276C:0 CE3C40:0 129198E:0 B3CF7D:0 B35BEE:0 1292634:0
client level=warn t=325578 ev=vr.weapon callers path=xform D5896F:180
client level=warn t=325594 ev=vr.probe pose in_pos=660.77,16.07,19.57 in_fwd=0.346,0.938,0.000 in_fov=1.4242 out_pos=660.81,15.97,19.60 out_fwd=0.342,0.938,0.054 out_fov=1.8850
client level=warn t=325719 ev=vr.xr hand yaw=1.8548 r_valid=1 r_stale=0 r_fwd=0.182,0.972,0.151 r_up=-0.106,-0.133,0.985 r_off=0.142,0.476,-0.023 r_palm=0.128,0.388,-0.067 l_valid=1 l_fwd=0.476,0.634,0.609 l_off=-0.071,0.054,-0.218 h_off=0.030,-0.099,0.024
client level=warn t=325860 ev=vr.body anchor=1.4163 head_yaw=-0.1725 body_yaw=1.2343 error=0.0096 counts_per_rad=579 servo=1
client level=warn t=325860 ev=vr.pad stats injected=203 held=2 mouse=-3594,0 move=-0.76,0.65 turn=0.00,0.00 trig=0.00,0.00 buttons=0x0
client level=info t=325891 ev=nettick stage=sample latch=1 callbacks=39678
client level=info t=326313 ev=probe stage=hosttail client=0x26B1BE1F980 b=00000000000000000000000000000000000000000000000000000000000000000000000000000000FFFFFFFF00000000
client level=info t=326313 ev=probe stage=grant client=0x26B1BE1F980 status=0x01FE pending=0 dirty=0 receipt=1
client level=warn t=326703 ev=vr.xr hand yaw=1.8548 r_valid=1 r_stale=0 r_fwd=0.259,0.960,0.110 r_up=0.001,-0.114,0.993 r_off=0.116,0.509,-0.030 r_palm=0.092,0.421,-0.071 l_valid=1 l_fwd=0.461,0.642,0.613 l_off=-0.081,0.055,-0.233 h_off=0.018,-0.077,0.024
client level=warn t=326703 ev=vr.xr pose fwd=0.333,0.940,0.069 off=0.018,-0.077,0.024 fov=1.8850 aspect=0.964
client level=warn t=327688 ev=vr.xr hand yaw=1.8548 r_valid=1 r_stale=0 r_fwd=0.181,0.982,0.047 r_up=0.034,-0.054,0.998 r_off=0.143,0.501,-0.065 r_palm=0.125,0.409,-0.100 l_valid=1 l_fwd=0.520,0.656,0.547 l_off=-0.058,0.057,-0.222 h_off=0.070,-0.085,0.016
client level=info t=327891 ev=nettick stage=sample latch=1 callbacks=39801
client level=info t=328313 ev=probe stage=hosttail client=0x26B1BE1F980 b=00000000000000000000000000000000000000000000000000000000000000000000000000000000FFFFFFFF00000000
client level=info t=328313 ev=probe stage=grant client=0x26B1BE1F980 status=0x01FE pending=0 dirty=0 receipt=1
client level=warn t=328500 ev=vr.weapon callers path=getter D5D832:180 B363FA:540 B3598D:180 B40A78:6
client level=warn t=328500 ev=vr.weapon callers path=ptr D98F49:900 DB8CB6:180 12B0A09:180 16E8861:180 D8F242:180 12B2284:26 D2F672:26 D8B348:180 D8B9B5:180 D7FB5C:48 D8492B:45 D7FF2C:11 F4276C:0 CE3C40:3 129198E:0 B3CF7D:0 B35BEE:0 1292634:0
client level=warn t=328500 ev=vr.weapon callers path=xform D5896F:180
client level=warn t=328516 ev=vr.probe pose in_pos=661.66,29.96,21.17 in_fwd=0.358,0.934,0.001 in_fov=1.4242 out_pos=661.73,29.88,21.18 out_fwd=0.364,0.929,-0.068 out_fov=1.8850
client level=warn t=328641 ev=vr.xr hand yaw=1.8548 r_valid=1 r_stale=0 r_fwd=0.150,0.988,0.030 r_up=0.157,-0.054,0.986 r_off=0.183,0.492,-0.082 r_palm=0.164,0.400,-0.115 l_valid=1 l_fwd=0.523,0.645,0.557 l_off=-0.052,0.056,-0.226 h_off=0.069,-0.075,0.010
client level=warn t=328782 ev=vr.body anchor=1.4163 head_yaw=-0.2271 body_yaw=1.1982 error=-0.0087 counts_per_rad=578 servo=1
client level=warn t=328782 ev=vr.pad stats injected=214 held=1 mouse=-3572,0 move=-0.39,0.92 turn=0.00,0.00 trig=0.00,0.00 buttons=0x0
client level=warn t=329610 ev=vr.xr hand yaw=1.8548 r_valid=1 r_stale=0 r_fwd=0.137,0.975,0.173 r_up=-0.456,-0.093,0.885 r_off=0.195,0.468,-0.089 r_palm=0.196,0.378,-0.132 l_valid=1 l_fwd=0.509,0.658,0.555 l_off=-0.058,0.060,-0.234 h_off=0.049,-0.067,0.009
client level=warn t=329610 ev=vr.xr pose fwd=0.399,0.913,-0.085 off=0.049,-0.067,0.009 fov=1.8850 aspect=0.964
client level=warn t=329610 ev=vr.xr submit layers=1 result=0 fov=1.8850 aspect=0.9638
client level=info t=329891 ev=nettick stage=sample latch=1 callbacks=39926
client level=info t=330313 ev=probe stage=hosttail client=0x26B1BE1F980 b=00000000000000000000000000000000000000000000000000000000000000000000000000000000FFFFFFFF00000000
client level=info t=330313 ev=probe stage=grant client=0x26B1BE1F980 status=0x01FE pending=0 dirty=0 receipt=1
client level=warn t=330563 ev=vr.xr hand yaw=1.8548 r_valid=1 r_stale=0 r_fwd=0.855,0.519,-0.007 r_up=-0.454,0.755,0.473 r_off=0.558,0.249,-0.114 r_palm=0.490,0.177,-0.128 l_valid=1 l_fwd=0.481,0.582,0.656 l_off=-0.095,0.071,-0.285 h_off=-0.056,-0.029,-0.015
client level=warn t=331375 ev=vr.weapon callers path=getter D5D832:180 B363FA:540 B3598D:180 B40A78:0
client level=warn t=331375 ev=vr.weapon callers path=ptr D98F49:900 DB8CB6:180 12B0A09:180 16E8861:180 D8F242:180 12B2284:22 D2F672:22 D8B348:180 D8B9B5:180 D7FB5C:48 D8492B:47 D7FF2C:12 F4276C:0 CE3C40:0 129198E:0 B3CF7D:0 B35BEE:0 1292634:0
client level=warn t=331375 ev=vr.weapon callers path=xform D5896F:180
client level=warn t=331391 ev=vr.probe pose in_pos=663.84,44.98,20.75 in_fwd=0.507,0.862,0.001 in_fov=1.4242 out_pos=663.83,44.98,20.72 out_fwd=0.403,0.857,-0.323 out_fov=1.8850
client level=warn t=331516 ev=vr.xr hand yaw=1.8548 r_valid=1 r_stale=0 r_fwd=-0.247,0.935,0.253 r_up=-0.937,-0.298,0.185 r_off=0.247,0.212,-0.322 r_palm=0.298,0.132,-0.351 l_valid=1 l_fwd=0.432,0.776,0.459 l_off=-0.091,0.103,-0.272 h_off=0.038,0.004,-0.031
client level=warn t=331641 ev=vr.body anchor=1.4163 head_yaw=-0.3357 body_yaw=1.1326 error=-0.0407 counts_per_rad=579 servo=1
client level=warn t=331641 ev=vr.pad stats injected=217 held=0 mouse=-3526,0 move=0.00,0.00 turn=0.00,0.00 trig=0.00,0.00 buttons=0x0
client level=info t=331891 ev=nettick stage=sample latch=1 callbacks=40052
client level=info t=332313 ev=probe stage=hosttail client=0x26B1BE1F980 b=00000000000000000000000000000000000000000000000000000000000000000000000000000000FFFFFFFF00000000
client level=info t=332313 ev=probe stage=grant client=0x26B1BE1F980 status=0x01FE pending=0 dirty=0 receipt=1
client level=warn t=332469 ev=vr.xr hand yaw=1.8548 r_valid=1 r_stale=0 r_fwd=-0.115,0.969,0.218 r_up=-0.893,-0.197,0.404 r_off=0.282,0.377,-0.347 r_palm=0.320,0.291,-0.380 l_valid=1 l_fwd=0.472,0.752,0.461 l_off=-0.054,0.080,-0.258 h_off=0.117,-0.019,-0.051
client level=warn t=332469 ev=vr.xr pose fwd=0.517,0.682,-0.516 off=0.117,-0.019,-0.051 fov=1.8850 aspect=0.964
client level=info t=332500 ev=retail site=89 text=networking:channel_manager:connect: channel 'dir:127.0.0.1(id=0):30994#bh64' (0) closing (local 8) due to timeout:
client level=info t=332500 ev=retail site=90 text=networking:channel_manager:connect:   time since activity 859<active-send-timeout(2000), time since inactivity 8014>drop-min-active-time(8000), time since receive 7883>recv-timeout(4000))
client level=info t=332500 ev=retail site=82 text=networking:channel:packet_loss_stats: [dir:127.0.0.1(id=0):30994#bh64] Incoming packet read result summary - 8 ok, 0 discard, 0 discard-expected, 0 corrupt
client level=info t=332500 ev=retail site=83 text=networking:channel:packet_loss_stats: [dir:127.0.0.1(id=0):30994#bh64] Outgoing packet delivery summary - 3 delivered, 0 of those out-of-order, 0 lost - highest loss fraction seen 0.000
client level=info t=332500 ev=retail site=86 text=networking:channel: channel dir:127.0.0.1(id=0):30994#bh64(id '8') (ra: ''dir:127.0.0.1(id=0):30994'') state change connected -> closed
client level=info t=332500 ev=retail site=87 text=networking:channel_manager: channel 'dir:127.0.0.1(id=0):30994#bh64' (0): channel closed (reason=channel-manager-connected-timeout) because 'dir:127.0.0.1(id=0):30994' can't be reached, resetting security
server level=info t=332516 ev=gameplay stage=peer result=closed reason=12
server level=info t=332516 ev=gameplay stage=connect result=ok peer=2003 local=0x00000004 remote=0x0000000D rebuilt=0
server level=info t=332516 ev=gameplay stage=establish result=queued local=0x00000004 remote=0x0000000D
server level=info t=333407 ev=gameplay stage=association result=timeout
client level=warn t=333422 ev=vr.xr hand yaw=1.8548 r_valid=1 r_stale=0 r_fwd=-0.176,0.981,-0.082 r_up=-0.810,-0.097,0.578 r_off=0.272,0.396,-0.369 r_palm=0.313,0.306,-0.379 l_valid=1 l_fwd=-0.781,0.593,0.194 l_off=-0.188,0.116,-0.368 h_off=-0.202,0.004,-0.041
server level=info t=333547 ev=gameplay stage=message result=ok id=8 peerstage=5
server level=info t=333547 ev=gameplay stage=sendqueue result=cleared packet=1 base=5 entries=0
server level=info t=333625 ev=gameplay stage=message result=ok id=40 peerstage=5
server level=info t=333625 ev=gameplay stage=view result=queued remote=1 local=1 token=0x9EAA300100200001 list=0
server level=info t=333688 ev=gameplay stage=message result=ok id=40 peerstage=5
server level=info t=333688 ev=gameplay stage=view result=queued remote=2 local=2 token=0x9EAA300100200001 list=15
server level=info t=333688 ev=gameplay stage=sendqueue result=cleared packet=7 base=7 entries=0
server level=info t=333766 ev=gameplay stage=message result=ok id=40 peerstage=5
server level=info t=333766 ev=gameplay stage=view result=queued remote=3 local=3 token=0x9EAA300100200001 list=0
server level=info t=333766 ev=gameplay stage=message result=ok id=40 peerstage=5
server level=info t=333766 ev=gameplay stage=view result=queued remote=4 local=4 token=0x9EAA300100200001 list=0
server level=info t=333766 ev=gameplay stage=sendqueue result=cleared packet=8 base=8 entries=0
client level=info t=333891 ev=nettick stage=sample latch=1 callbacks=40177
client level=warn t=334250 ev=vr.weapon callers path=getter D5D832:180 B363FA:540 B3598D:180 B40A78:0
client level=warn t=334250 ev=vr.weapon callers path=ptr D98F49:900 DB8CB6:180 12B0A09:180 16E8861:180 D8F242:180 12B2284:23 D2F672:23 D8B348:180 D8B9B5:180 D7FB5C:52 D8492B:56 D7FF2C:14 F4276C:0 CE3C40:0 129198E:0 B3CF7D:0 B35BEE:0 1292634:0
client level=warn t=334250 ev=vr.weapon callers path=xform D5896F:180
client level=warn t=334250 ev=vr.probe pose in_pos=663.84,44.98,20.79 in_fwd=-0.881,0.474,0.001 in_fov=1.4242 out_pos=663.44,45.01,20.67 out_fwd=-0.706,0.412,-0.576 out_fov=1.8850
client level=info t=334313 ev=probe stage=hosttail client=0x26B1BE1F980 b=00000000000000000000000000000000000000000000000000000000000000000000000000000000FFFFFFFF00000000
client level=info t=334313 ev=probe stage=grant client=0x26B1BE1F980 status=0x01FE pending=0 dirty=0 receipt=1
client level=warn t=334391 ev=vr.xr hand yaw=1.8548 r_valid=1 r_stale=0 r_fwd=-0.176,0.981,-0.082 r_up=-0.810,-0.097,0.578 r_off=0.272,0.396,-0.369 r_palm=0.313,0.306,-0.379 l_valid=1 l_fwd=-0.999,-0.041,-0.027 l_off=-0.367,0.063,-0.396 h_off=-0.393,-0.000,-0.054
client level=warn t=334391 ev=vr.xr submit layers=1 result=0 fov=1.8850 aspect=0.9638
client level=warn t=334532 ev=vr.body anchor=1.4163 head_yaw=1.5061 body_yaw=2.8725 error=0.0561 counts_per_rad=579 servo=1
client level=warn t=334532 ev=vr.pad stats injected=217 held=0 mouse=-4552,0 move=0.00,0.00 turn=0.00,0.00 trig=0.00,0.00 buttons=0x0
client level=warn t=335344 ev=vr.xr hand yaw=1.8548 r_valid=1 r_stale=0 r_fwd=-0.176,0.981,-0.082 r_up=-0.810,-0.097,0.578 r_off=0.272,0.396,-0.369 r_palm=0.313,0.306,-0.379 l_valid=1 l_fwd=0.266,-0.263,0.928 l_off=-0.318,0.040,0.050 h_off=-0.363,-0.064,-0.018
client level=warn t=335344 ev=vr.xr pose fwd=-0.970,0.236,0.053 off=-0.363,-0.064,-0.018 fov=1.8850 aspect=0.964
client level=info t=335891 ev=nettick stage=sample latch=1 callbacks=40303
client level=warn t=336297 ev=vr.xr hand yaw=1.8548 r_valid=1 r_stale=0 r_fwd=-0.176,0.981,-0.082 r_up=-0.810,-0.097,0.578 r_off=0.272,0.396,-0.369 r_palm=0.313,0.306,-0.379 l_valid=1 l_fwd=-0.924,-0.125,0.362 l_off=-0.575,0.113,-0.089 h_off=-0.398,0.008,-0.063
client level=info t=336313 ev=probe stage=hosttail client=0x26B1BE1F980 b=00000000000000000000000000000000000000000000000000000000000000000000000000000000FFFFFFFF00000000
client level=info t=336313 ev=probe stage=grant client=0x26B1BE1F980 status=0x01FE pending=0 dirty=0 receipt=1
client level=warn t=337094 ev=vr.weapon callers path=getter D5D832:180 B363FA:540 B3598D:180 B40A78:0
client level=warn t=337094 ev=vr.weapon callers path=ptr D98F49:900 DB8CB6:180 12B0A09:180 16E8861:180 D8F242:180 12B2284:22 D2F672:22 D8B348:180 D8B9B5:180 D7FB5C:56 D8492B:55 D7FF2C:13 F4276C:0 CE3C40:0 129198E:0 B3CF7D:0 B35BEE:0 1292634:0
client level=warn t=337094 ev=vr.weapon callers path=xform D5896F:180
client level=warn t=337110 ev=vr.probe pose in_pos=663.84,44.98,20.80 in_fwd=-0.282,0.959,0.001 in_fov=1.4242 out_pos=663.53,45.03,20.69 out_fwd=-0.166,0.732,-0.661 out_fov=1.8850
client level=warn t=337250 ev=vr.xr hand yaw=1.8548 r_valid=1 r_stale=0 r_fwd=-0.176,0.981,-0.082 r_up=-0.810,-0.097,0.578 r_off=0.272,0.396,-0.369 r_palm=0.313,0.306,-0.379 l_valid=1 l_fwd=-0.880,0.471,0.056 l_off=-0.415,0.285,-0.325 h_off=-0.315,0.048,-0.116
client level=warn t=337375 ev=vr.body anchor=1.4163 head_yaw=0.5559 body_yaw=1.9516 error=0.0182 counts_per_rad=579 servo=1
client level=warn t=337375 ev=vr.pad stats injected=217 held=0 mouse=-4011,0 move=0.00,0.00 turn=0.00,0.00 trig=0.00,0.00 buttons=0x0
client level=info t=337891 ev=nettick stage=sample latch=1 callbacks=40428
client level=warn t=338203 ev=vr.xr hand yaw=1.8548 r_valid=1 r_stale=0 r_fwd=-0.176,0.981,-0.082 r_up=-0.810,-0.097,0.578 r_off=0.272,0.396,-0.369 r_palm=0.313,0.306,-0.379 l_valid=1 l_fwd=-0.891,0.454,0.033 l_off=-0.421,0.283,-0.329 h_off=-0.327,0.049,-0.122
client level=warn t=338203 ev=vr.xr pose fwd=-0.294,0.606,-0.739 off=-0.327,0.049,-0.122 fov=1.8850 aspect=0.964
client level=info t=338313 ev=probe stage=hosttail client=0x26B1BE1F980 b=00000000000000000000000000000000000000000000000000000000000000000000000000000000FFFFFFFF00000000
client level=info t=338313 ev=probe stage=grant client=0x26B1BE1F980 status=0x01FE pending=0 dirty=0 receipt=1
server level=info t=338813 ev=ws701 stage=profile_setup result=complete
server level=info t=338813 ev=activity stage=writeback result=ok world_state=8
client level=warn t=339172 ev=vr.xr hand yaw=1.8548 r_valid=1 r_stale=0 r_fwd=-0.176,0.981,-0.082 r_up=-0.810,-0.097,0.578 r_off=0.272,0.396,-0.369 r_palm=0.313,0.306,-0.379 l_valid=1 l_fwd=0.442,0.568,-0.694 l_off=0.045,0.110,-0.427 h_off=0.074,-0.021,-0.038
client level=warn t=339172 ev=vr.xr submit layers=1 result=0 fov=1.8850 aspect=0.9638
client level=info t=339891 ev=nettick stage=sample latch=1 callbacks=40554
client level=warn t=339969 ev=vr.weapon callers path=getter D5D832:180 B363FA:540 B3598D:180 B40A78:0
client level=warn t=339969 ev=vr.weapon callers path=ptr D98F49:900 DB8CB6:180 12B0A09:180 16E8861:180 D8F242:180 12B2284:23 D2F672:23 D8B348:180 D8B9B5:180 D7FB5C:48 D8492B:48 D7FF2C:12 F4276C:0 CE3C40:0 129198E:0 B3CF7D:0 B35BEE:0 1292634:0
client level=warn t=339969 ev=vr.weapon callers path=xform D5896F:180
client level=warn t=339969 ev=vr.probe pose in_pos=663.84,44.98,20.80 in_fwd=0.817,0.576,0.001 in_fov=1.4242 out_pos=663.93,44.96,20.74 out_fwd=0.706,0.491,-0.510 out_fov=1.8850
client level=warn t=340125 ev=vr.xr hand yaw=1.8548 r_valid=1 r_stale=0 r_fwd=-0.176,0.981,-0.082 r_up=-0.811,-0.097,0.577 r_off=0.272,0.396,-0.370 r_palm=0.313,0.305,-0.379 l_valid=1 l_fwd=0.417,0.897,-0.145 l_off=-0.036,0.141,-0.372 h_off=0.075,-0.004,-0.045
client level=warn t=340250 ev=vr.body anchor=1.4163 head_yaw=-0.6029 body_yaw=0.7715 error=0.0267 counts_per_rad=579 servo=1
client level=warn t=340250 ev=vr.pad stats injected=217 held=0 mouse=-3330,0 move=0.00,0.00 turn=0.00,0.00 trig=0.00,0.00 buttons=0x0
client level=info t=340313 ev=probe stage=hosttail client=0x26B1BE1F980 b=00000000000000000000000000000000000000000000000000000000000000000000000000000000FFFFFFFF00000000
client level=info t=340313 ev=probe stage=grant client=0x26B1BE1F980 status=0x01FE pending=0 dirty=0 receipt=1
client level=warn t=341078 ev=vr.xr hand yaw=1.8548 r_valid=1 r_stale=0 r_fwd=0.248,0.948,0.200 r_up=0.105,-0.231,0.967 r_off=0.373,0.375,-0.162 r_palm=0.346,0.291,-0.210 l_valid=1 l_fwd=0.383,0.915,0.129 l_off=-0.054,0.123,-0.346 h_off=0.035,-0.026,-0.028
client level=warn t=341078 ev=vr.xr pose fwd=0.693,0.631,-0.347 off=0.035,-0.026,-0.028 fov=1.8850 aspect=0.964
client level=info t=341594 ev=retail site=89 text=networking:channel_manager:connect: channel 'dir:127.0.0.1(id=0):30994#bh64' (0) closing (local 13) due to timeout:
client level=info t=341594 ev=retail site=90 text=networking:channel_manager:connect:   time since activity 845<active-send-timeout(2000), time since inactivity 8014>drop-min-active-time(8000), time since receive 7886>recv-timeout(4000))
client level=info t=341594 ev=retail site=82 text=networking:channel:packet_loss_stats: [dir:127.0.0.1(id=0):30994#bh64] Incoming packet read result summary - 8 ok, 0 discard, 0 discard-expected, 0 corrupt
client level=info t=341594 ev=retail site=83 text=networking:channel:packet_loss_stats: [dir:127.0.0.1(id=0):30994#bh64] Outgoing packet delivery summary - 3 delivered, 0 of those out-of-order, 0 lost - highest loss fraction seen 0.000
client level=info t=341594 ev=retail site=86 text=networking:channel: channel dir:127.0.0.1(id=0):30994#bh64(id '13') (ra: ''dir:127.0.0.1(id=0):30994'') state change connected -> closed
client level=info t=341594 ev=retail site=87 text=networking:channel_manager: channel 'dir:127.0.0.1(id=0):30994#bh64' (0): channel closed (reason=channel-manager-connected-timeout) because 'dir:127.0.0.1(id=0):30994' can't be reached, resetting security
server level=info t=341594 ev=gameplay stage=peer result=closed reason=12
server level=info t=341610 ev=gameplay stage=connect result=ok peer=2003 local=0x00000005 remote=0x00000012 rebuilt=0
server level=info t=341610 ev=gameplay stage=establish result=queued local=0x00000005 remote=0x00000012
client level=info t=341891 ev=nettick stage=sample latch=1 callbacks=40678
client level=warn t=342047 ev=vr.xr hand yaw=1.8548 r_valid=1 r_stale=0 r_fwd=0.753,0.634,0.177 r_up=-0.305,0.098,0.947 r_off=0.508,0.341,-0.147 r_palm=0.446,0.277,-0.192 l_valid=1 l_fwd=0.449,0.770,0.453 l_off=-0.067,0.091,-0.292 h_off=0.020,-0.100,0.009
client level=info t=342313 ev=probe stage=hosttail client=0x26B1BE1F980 b=00000000000000000000000000000000000000000000000000000000000000000000000000000000FFFFFFFF00000000
client level=info t=342313 ev=probe stage=grant client=0x26B1BE1F980 status=0x01FE pending=0 dirty=0 receipt=1
server level=info t=342641 ev=gameplay stage=message result=ok id=8 peerstage=5
server level=info t=342641 ev=gameplay stage=sendqueue result=cleared packet=1 base=5 entries=0
server level=info t=342719 ev=gameplay stage=message result=ok id=40 peerstage=5
server level=info t=342719 ev=gameplay stage=view result=queued remote=1 local=1 token=0x9EAA300100200001 list=0
server level=info t=342782 ev=gameplay stage=message result=ok id=40 peerstage=5
server level=info t=342782 ev=gameplay stage=view result=queued remote=2 local=2 token=0x9EAA300100200001 list=15
server level=info t=342782 ev=gameplay stage=sendqueue result=cleared packet=7 base=7 entries=0
server level=info t=342844 ev=gameplay stage=message result=ok id=40 peerstage=5
server level=info t=342844 ev=gameplay stage=view result=queued remote=3 local=3 token=0x9EAA300100200001 list=0
server level=info t=342844 ev=gameplay stage=message result=ok id=40 peerstage=5
server level=info t=342844 ev=gameplay stage=view result=queued remote=4 local=4 token=0x9EAA300100200001 list=0
server level=info t=342844 ev=gameplay stage=sendqueue result=cleared packet=8 base=8 entries=0
client level=warn t=342860 ev=vr.weapon callers path=getter D5D832:180 B363FA:540 B3598D:180 B40A78:0
client level=warn t=342860 ev=vr.weapon callers path=ptr D98F49:900 DB8CB6:180 12B0A09:180 16E8861:180 D8F242:180 12B2284:23 D2F672:23 D8B348:180 D8B9B5:180 D7FB5C:48 D8492B:48 D7FF2C:12 F4276C:1 CE3C40:0 129198E:0 B3CF7D:0 B35BEE:0 1292634:0
client level=warn t=342860 ev=vr.weapon callers path=xform D5896F:180
client level=warn t=342875 ev=vr.probe pose in_pos=664.09,53.71,18.09 in_fwd=0.770,0.638,0.000 in_fov=1.4290 out_pos=664.11,53.60,18.10 out_fwd=0.761,0.648,-0.020 out_fov=1.8850
client level=warn t=343016 ev=vr.xr hand yaw=1.8548 r_valid=1 r_stale=0 r_fwd=0.905,0.410,0.110 r_up=-0.044,-0.167,0.985 r_off=0.505,0.349,-0.069 r_palm=0.421,0.315,-0.109 l_valid=1 l_fwd=0.491,0.748,0.445 l_off=-0.066,0.081,-0.287 h_off=0.013,-0.099,0.010
client level=warn t=343141 ev=vr.body anchor=1.4163 head_yaw=-0.6848 body_yaw=0.7264 error=0.0063 counts_per_rad=579 servo=1
client level=warn t=343141 ev=vr.pad stats injected=222 held=1 mouse=-3299,0 move=-0.32,-0.17 turn=0.00,0.00 trig=0.00,0.00 buttons=0x0
client level=info t=343891 ev=nettick stage=sample latch=1 callbacks=40797
client level=warn t=344094 ev=vr.xr hand yaw=1.8548 r_valid=1 r_stale=0 r_fwd=0.858,0.512,0.038 r_up=0.025,-0.115,0.993 r_off=0.511,0.344,-0.071 r_palm=0.429,0.299,-0.104 l_valid=1 l_fwd=0.473,0.761,0.445 l_off=-0.076,0.081,-0.295 h_off=0.011,-0.097,0.008
client level=warn t=344094 ev=vr.xr pose fwd=0.801,0.599,0.002 off=0.011,-0.097,0.008 fov=1.8850 aspect=0.964
client level=warn t=344094 ev=vr.xr submit layers=1 result=0 fov=1.8850 aspect=0.9638
client level=info t=344313 ev=probe stage=hosttail client=0x26B1BE1F980 b=00000000000000000000000000000000000000000000000000000000000000000000000000000000FFFFFFFF00000000
client level=info t=344313 ev=probe stage=grant client=0x26B1BE1F980 status=0x01FE pending=0 dirty=0 receipt=1
client level=warn t=345094 ev=vr.xr hand yaw=1.8548 r_valid=1 r_stale=0 r_fwd=0.732,0.681,-0.014 r_up=0.155,-0.147,0.977 r_off=0.542,0.313,-0.090 r_palm=0.468,0.253,-0.118 l_valid=1 l_fwd=0.416,0.786,0.458 l_off=-0.084,0.087,-0.298 h_off=0.014,-0.087,0.007
client level=info t=345891 ev=nettick stage=sample latch=1 callbacks=40919
client level=warn t=345891 ev=vr.weapon callers path=getter D5D832:180 B363FA:540 B3598D:180 B40A78:0
client level=warn t=345891 ev=vr.weapon callers path=ptr D98F49:877 DB8CB6:180 12B0A09:180 16E8861:180 D8F242:180 12B2284:23 D2F672:23 D8B348:180 D8B9B5:180 D7FB5C:52 D8492B:53 D7FF2C:14 F4276C:0 CE3C40:0 129198E:0 B3CF7D:0 B35BEE:0 1292634:0
client level=warn t=345891 ev=vr.weapon callers path=xform D5896F:180
client level=warn t=345907 ev=vr.probe pose in_pos=662.76,63.76,18.00 in_fwd=0.817,0.576,0.001 in_fov=0.9959 out_pos=662.78,63.67,18.00 out_fwd=0.819,0.572,0.035 out_fov=1.8850
client level=warn t=346032 ev=vr.xr hand yaw=1.8548 r_valid=1 r_stale=0 r_fwd=0.796,0.588,0.142 r_up=-0.111,-0.090,0.990 r_off=0.592,0.192,0.010 r_palm=0.519,0.138,-0.033 l_valid=1 l_fwd=0.419,0.779,0.466 l_off=-0.086,0.087,-0.306 h_off=0.013,-0.095,0.010
client level=warn t=346157 ev=vr.body anchor=1.4163 head_yaw=-0.8251 body_yaw=0.6018 error=-0.0098 counts_per_rad=823 servo=1
client level=warn t=346157 ev=vr.pad stats injected=227 held=0 mouse=-3215,0 move=0.00,0.00 turn=0.00,0.00 trig=1.00,0.00 buttons=0x0
client level=info t=346313 ev=probe stage=hosttail client=0x26B1BE1F980 b=00000000000000000000000000000000000000000000000000000000000000000000000000000000FFFFFFFF00000000
client level=info t=346313 ev=probe stage=grant client=0x26B1BE1F980 status=0x01FE pending=0 dirty=0 receipt=1
client level=warn t=347000 ev=vr.xr hand yaw=1.8548 r_valid=1 r_stale=0 r_fwd=0.911,0.208,0.355 r_up=-0.280,-0.318,0.906 r_off=0.693,-0.003,0.048 r_palm=0.615,-0.013,-0.013 l_valid=1 l_fwd=0.370,0.819,0.438 l_off=-0.097,0.093,-0.306 h_off=0.017,-0.126,0.021
client level=warn t=347000 ev=vr.xr pose fwd=0.933,0.311,0.179 off=0.017,-0.126,0.021 fov=1.8850 aspect=0.964
client level=info t=347891 ev=nettick stage=sample latch=1 callbacks=41045
client level=warn t=347953 ev=vr.xr hand yaw=1.8548 r_valid=1 r_stale=0 r_fwd=0.927,0.335,0.167 r_up=-0.101,-0.206,0.973 r_off=0.713,0.030,-0.097 r_palm=0.628,0.005,-0.142 l_valid=1 l_fwd=0.376,0.824,0.423 l_off=-0.092,0.090,-0.306 h_off=0.025,-0.131,0.024
client level=info t=348313 ev=probe stage=hosttail client=0x26B1BE1F980 b=00000000000000000000000000000000000000000000000000000000000000000000000000000000FFFFFFFF00000000
client level=info t=348313 ev=probe stage=grant client=0x26B1BE1F980 status=0x01FE pending=0 dirty=0 receipt=1
client level=warn t=348782 ev=vr.weapon callers path=getter D5D832:180 B363FA:540 B3598D:180 B40A78:2
client level=warn t=348782 ev=vr.weapon callers path=ptr D98F49:876 DB8CB6:180 12B0A09:180 16E8861:180 D8F242:180 12B2284:24 D2F672:24 D8B348:180 D8B9B5:180 D7FB5C:48 D8492B:45 D7FF2C:11 F4276C:0 CE3C40:28 129198E:0 B3CF7D:0 B35BEE:0 1292634:0
client level=warn t=348782 ev=vr.weapon callers path=xform D5896F:180
client level=warn t=348797 ev=vr.probe pose in_pos=670.12,75.86,17.76 in_fwd=0.953,0.303,0.016 in_fov=1.4242 out_pos=670.16,75.73,17.78 out_fwd=0.952,0.292,0.091 out_fov=1.8850
client level=warn t=348938 ev=vr.xr hand yaw=1.8548 r_valid=1 r_stale=0 r_fwd=0.954,0.079,0.288 r_up=-0.266,-0.213,0.940 r_off=0.715,-0.023,-0.064 r_palm=0.632,-0.024,-0.120 l_valid=1 l_fwd=0.382,0.836,0.395 l_off=-0.084,0.091,-0.313 h_off=0.037,-0.130,0.026
client level=warn t=348938 ev=vr.xr submit layers=1 result=0 fov=1.8850 aspect=0.9638
client level=warn t=349063 ev=vr.body anchor=1.4163 head_yaw=-1.2998 body_yaw=0.1731 error=-0.0459 counts_per_rad=579 servo=1
client level=warn t=349063 ev=vr.pad stats injected=232 held=1 mouse=-2949,0 move=-0.19,0.98 turn=0.00,0.00 trig=0.00,0.00 buttons=0x0
client level=info t=349891 ev=nettick stage=sample latch=1 callbacks=41168
client level=warn t=349907 ev=vr.xr hand yaw=1.8548 r_valid=1 r_stale=0 r_fwd=0.934,0.338,0.120 r_up=-0.046,-0.219,0.975 r_off=0.696,0.024,-0.122 r_palm=0.609,-0.001,-0.163 l_valid=1 l_fwd=0.355,0.874,0.333 l_off=-0.085,0.096,-0.330 h_off=0.054,-0.116,0.017
client level=warn t=349907 ev=vr.xr pose fwd=0.972,0.182,0.150 off=0.054,-0.116,0.017 fov=1.8850 aspect=0.964
client level=info t=350313 ev=probe stage=hosttail client=0x26B1BE1F980 b=00000000000000000000000000000000000000000000000000000000000000000000000000000000FFFFFFFF00000000
client level=info t=350313 ev=probe stage=grant client=0x26B1BE1F980 status=0x01FE pending=0 dirty=0 receipt=1
client level=info t=350688 ev=retail site=89 text=networking:channel_manager:connect: channel 'dir:127.0.0.1(id=0):30994#bh64' (0) closing (local 18) due to timeout:
client level=info t=350688 ev=retail site=90 text=networking:channel_manager:connect:   time since activity 962<active-send-timeout(2000), time since inactivity 8015>drop-min-active-time(8000), time since receive 7888>recv-timeout(4000))
client level=info t=350688 ev=retail site=82 text=networking:channel:packet_loss_stats: [dir:127.0.0.1(id=0):30994#bh64] Incoming packet read result summary - 8 ok, 0 discard, 0 discard-expected, 0 corrupt
client level=info t=350688 ev=retail site=83 text=networking:channel:packet_loss_stats: [dir:127.0.0.1(id=0):30994#bh64] Outgoing packet delivery summary - 3 delivered, 0 of those out-of-order, 0 lost - highest loss fraction seen 0.000
client level=info t=350688 ev=retail site=86 text=networking:channel: channel dir:127.0.0.1(id=0):30994#bh64(id '18') (ra: ''dir:127.0.0.1(id=0):30994'') state change connected -> closed
client level=info t=350688 ev=retail site=87 text=networking:channel_manager: channel 'dir:127.0.0.1(id=0):30994#bh64' (0): channel closed (reason=channel-manager-connected-timeout) because 'dir:127.0.0.1(id=0):30994' can't be reached, resetting security
server level=info t=350688 ev=gameplay stage=peer result=closed reason=12
server level=info t=350703 ev=gameplay stage=connect result=ok peer=2003 local=0x00000006 remote=0x00000017 rebuilt=0
server level=info t=350703 ev=gameplay stage=establish result=queued local=0x00000006 remote=0x00000017
client level=warn t=350860 ev=vr.xr hand yaw=1.8548 r_valid=1 r_stale=0 r_fwd=0.999,-0.033,-0.008 r_up=-0.016,-0.656,0.755 r_off=0.730,0.019,-0.076 r_palm=0.635,0.042,-0.097 l_valid=1 l_fwd=0.354,0.815,0.458 l_off=-0.085,0.086,-0.296 h_off=0.084,-0.126,0.009
client level=warn t=351672 ev=vr.weapon callers path=getter D5D832:180 B363FA:540 B3598D:180 B40A78:2
client level=warn t=351672 ev=vr.weapon callers path=ptr D98F49:900 DB8CB6:180 12B0A09:180 16E8861:180 D8F242:180 12B2284:25 D2F672:25 D8B348:180 D8B9B5:180 D7FB5C:44 D8492B:47 D7FF2C:12 F4276C:1 CE3C40:11 129198E:0 B3CF7D:0 B35BEE:0 1292634:0
client level=warn t=351672 ev=vr.weapon callers path=xform D5896F:180
client level=warn t=351672 ev=vr.probe pose in_pos=688.04,81.89,20.09 in_fwd=0.942,0.334,0.033 in_fov=1.4705 out_pos=688.15,81.77,20.10 out_fwd=0.931,0.361,-0.057 out_fov=1.8850
server level=info t=351719 ev=gameplay stage=message result=ok id=8 peerstage=5
server level=info t=351719 ev=gameplay stage=sendqueue result=cleared packet=1 base=4 entries=0
server level=info t=351782 ev=gameplay stage=message result=ok id=40 peerstage=5
server level=info t=351782 ev=gameplay stage=view result=queued remote=1 local=1 token=0x9EAA300100200001 list=0
client level=warn t=351813 ev=vr.xr hand yaw=1.8548 r_valid=1 r_stale=0 r_fwd=0.948,0.192,0.255 r_up=-0.221,-0.181,0.958 r_off=0.749,-0.080,-0.165 r_palm=0.666,-0.093,-0.218 l_valid=1 l_fwd=0.490,0.717,0.495 l_off=-0.040,0.078,-0.281 h_off=0.115,-0.097,0.005
server level=info t=351844 ev=gameplay stage=message result=ok id=40 peerstage=5
server level=info t=351844 ev=gameplay stage=view result=queued remote=2 local=2 token=0x9EAA300100200001 list=15
server level=info t=351844 ev=gameplay stage=sendqueue result=cleared packet=7 base=7 entries=0
client level=info t=351891 ev=nettick stage=sample latch=1 callbacks=41293
server level=info t=351922 ev=gameplay stage=message result=ok id=40 peerstage=5
server level=info t=351922 ev=gameplay stage=view result=queued remote=3 local=3 token=0x9EAA300100200001 list=0
server level=info t=351922 ev=gameplay stage=message result=ok id=40 peerstage=5
server level=info t=351922 ev=gameplay stage=view result=queued remote=4 local=4 token=0x9EAA300100200001 list=0
server level=info t=351922 ev=gameplay stage=sendqueue result=cleared packet=8 base=8 entries=0
client level=warn t=351938 ev=vr.body anchor=1.4163 head_yaw=-0.7696 body_yaw=0.5930 error=0.0314 counts_per_rad=579 servo=1
client level=warn t=351938 ev=vr.pad stats injected=242 held=1 mouse=-3202,0 move=0.24,0.97 turn=0.00,0.00 trig=0.00,0.00 buttons=0x0
client level=info t=352313 ev=probe stage=hosttail client=0x26B1BE1F980 b=00000000000000000000000000000000000000000000000000000000000000000000000000000000FFFFFFFF00000000
client level=info t=352313 ev=probe stage=grant client=0x26B1BE1F980 status=0x01FE pending=0 dirty=0 receipt=1
client level=warn t=352782 ev=vr.xr hand yaw=1.5368 r_valid=1 r_stale=0 r_fwd=0.760,0.609,0.228 r_up=-0.055,-0.289,0.956 r_off=0.420,0.277,-0.022 r_palm=0.349,0.228,-0.072 l_valid=1 l_fwd=0.601,0.531,0.597 l_off=-0.050,0.090,-0.255 h_off=-0.012,-0.081,0.011
client level=warn t=352782 ev=vr.xr pose fwd=0.524,0.849,-0.069 off=-0.012,-0.081,0.011 fov=1.8850 aspect=0.964
client level=warn t=353735 ev=vr.xr hand yaw=1.5368 r_valid=1 r_stale=0 r_fwd=0.859,0.509,0.059 r_up=0.125,-0.320,0.939 r_off=0.462,0.321,-0.065 r_palm=0.377,0.283,-0.099 l_valid=1 l_fwd=0.604,0.472,0.643 l_off=-0.038,0.081,-0.237 h_off=0.008,-0.108,0.013
client level=warn t=353735 ev=vr.xr submit layers=1 result=0 fov=1.8850 aspect=0.9638
server level=info t=353766 squad_entity_retirement stage=capture_source bubble=13 accepted=0 selected=0 slots=-
client level=info t=353813 ev=probe stage=msg12 result=received client=0x26B1BE1F980 slot=0 label=PRIVATE CURRENT member=0x35F900ECFC25A1B0 status=0x01FE->0x01FE flag=1
client level=info t=353813 ev=probe stage=bind client=0x26B1BE1F980 established=0x9EAA300100200001 slotrec=0x26B032FD9A0 roster=0x26BCF78BC80 receipt=1
client level=info t=353813 ev=probe stage=hosttail client=0x26B1BE1F980 b=00000000000000000000000000000000000000000000000000000000000000000000000000000000FFFFFFFF00000000
client level=info t=353813 ev=probe stage=grant client=0x26B1BE1F980 status=0x01FE pending=54 dirty=0 receipt=1
server level=info t=353828 ev=gameplay stage=advertise result=ok region=104 region_source=reported ambassador_slot=1
client level=info t=353860 ev=probe stage=msg12 result=received client=0x26B1BE1F980 slot=0 label=PRIVATE CURRENT member=0x35F900ECFC25A1B0 status=0x01FE->0x01FE flag=1
client level=info t=353860 ev=probe stage=bind client=0x26B1BE1F980 established=0x9EAA300100200001 slotrec=0x26B032FD9A0 roster=0x26BCF78BC80 receipt=1
client level=info t=353860 ev=probe stage=msg12 result=received client=0x26B1BE1F980 slot=0 label=PRIVATE CURRENT member=0x35F900ECFC25A1B0 status=0x01FE->0x01FE flag=1
client level=info t=353860 ev=probe stage=bind client=0x26B1BE1F980 established=0x9EAA300100200001 slotrec=0x26B032FD9A0 roster=0x26BCF78BC80 receipt=1
client level=info t=353860 ev=retail site=82 text=networking:channel:packet_loss_stats: [dir:127.0.0.1(id=0):30994#bh64] Incoming packet read result summary - 8 ok, 0 discard, 0 discard-expected, 0 corrupt
client level=info t=353860 ev=retail site=83 text=networking:channel:packet_loss_stats: [dir:127.0.0.1(id=0):30994#bh64] Outgoing packet delivery summary - 3 delivered, 0 of those out-of-order, 0 lost - highest loss fraction seen 0.000
client level=info t=353860 ev=retail site=86 text=networking:channel: channel dir:127.0.0.1(id=0):30994#bh64(id '23') (ra: ''dir:127.0.0.1(id=0):30994'') state change connected -> closed
client level=info t=353860 ev=retail site=87 text=networking:channel_manager: channel 'dir:127.0.0.1(id=0):30994#bh64' (0): channel closed (reason=channel-manager-owners-released) because 'dir:127.0.0.1(id=0):30994' can't be reached, resetting security
server level=info t=353875 ev=gameplay stage=response result=ok wordb=4 signon=0
server level=info t=353875 ev=gameplay stage=peer result=closed reason=10
client level=info t=353875 ev=retail site=91 text=world_controller:slice_set_transition_manager: Region 'PRV104.1 (HASH: 0x65771c73)' -- PAH broke protocol and revoked ambassadorship from us without waiting for acknowledgement.
client level=info t=353891 ev=nettick stage=sample latch=1 callbacks=41418
server level=info t=353907 ev=gameplay stage=connect result=ok peer=2003 local=0x00000007 remote=0x00000018 rebuilt=0
server level=info t=353907 ev=gameplay stage=establish result=queued local=0x00000007 remote=0x00000018
client level=warn t=354547 ev=vr.weapon callers path=getter D5D832:180 B363FA:540 B3598D:180 B40A78:0
client level=warn t=354547 ev=vr.weapon callers path=ptr D98F49:900 DB8CB6:180 12B0A09:180 16E8861:189 D8F242:180 12B2284:22 D2F672:22 D8B348:180 D8B9B5:180 D7FB5C:46 D8492B:52 D7FF2C:13 F4276C:0 CE3C40:0 129198E:0 B3CF7D:0 B35BEE:0 1292634:0
client level=warn t=354547 ev=vr.weapon callers path=xform D5896F:180
client level=warn t=354563 ev=vr.probe pose in_pos=703.72,97.78,20.19 in_fwd=0.548,0.836,0.033 in_fov=1.5231 out_pos=703.72,97.68,20.20 out_fwd=0.511,0.859,-0.013 out_fov=1.8850
client level=warn t=354688 ev=vr.xr hand yaw=1.5368 r_valid=1 r_stale=0 r_fwd=0.468,0.692,0.549 r_up=-0.775,0.024,0.631 r_off=0.321,0.387,-0.073 r_palm=0.299,0.321,-0.144 l_valid=1 l_fwd=0.643,0.468,0.607 l_off=-0.041,0.087,-0.225 h_off=0.009,-0.079,0.012
client level=warn t=354828 ev=vr.body anchor=1.0983 head_yaw=0.5636 body_yaw=1.5295 error=0.0826 counts_per_rad=579 servo=1
client level=warn t=354828 ev=vr.pad stats injected=244 held=1 mouse=-3754,0 move=-0.10,1.00 turn=0.00,0.00 trig=0.00,0.00 buttons=0x0
server level=info t=354938 ev=gameplay stage=message result=ok id=8 peerstage=5
server level=info t=354938 ev=gameplay stage=sendqueue result=cleared packet=1 base=4 entries=0
server level=info t=355000 ev=gameplay stage=message result=ok id=40 peerstage=5
server level=info t=355000 ev=gameplay stage=view result=queued remote=1 local=1 token=0x9EAA300100200001 list=0
server level=info t=355032 ev=gameplay stage=message result=ok id=40 peerstage=5
server level=info t=355032 ev=gameplay stage=view result=queued remote=2 local=2 token=0x9EAA300100200001 list=15
server level=info t=355032 ev=gameplay stage=sendqueue result=cleared packet=7 base=7 entries=0
server level=info t=355110 ev=gameplay stage=message result=ok id=40 peerstage=5
server level=info t=355110 ev=gameplay stage=view result=queued remote=3 local=3 token=0x9EAA300100200001 list=0
server level=info t=355110 ev=gameplay stage=message result=ok id=40 peerstage=5
server level=info t=355110 ev=gameplay stage=view result=queued remote=4 local=4 token=0x9EAA300100200001 list=0
server level=info t=355110 ev=gameplay stage=sendqueue result=cleared packet=8 base=8 entries=0
client level=warn t=355672 ev=vr.xr hand yaw=1.5368 r_valid=1 r_stale=0 r_fwd=-0.204,0.970,0.135 r_up=0.253,-0.081,0.964 r_off=-0.060,0.379,-0.085 r_palm=-0.048,0.289,-0.127 l_valid=1 l_fwd=0.671,0.508,0.540 l_off=0.046,0.030,-0.135 h_off=0.165,-0.091,-0.028
client level=warn t=355672 ev=vr.xr pose fwd=-0.429,0.897,-0.111 off=0.165,-0.091,-0.028 fov=1.8850 aspect=0.964
client level=info t=355813 ev=probe stage=hosttail client=0x26B1BE1F980 b=00000000000000000000000000000000000000000000000000000000000000000000000000000000FFFFFFFF00000000
client level=info t=355813 ev=probe stage=grant client=0x26B1BE1F980 status=0x01FE pending=0 dirty=0 receipt=1
client level=info t=355891 ev=nettick stage=sample latch=1 callbacks=41543
client level=warn t=356625 ev=vr.xr hand yaw=1.5368 r_valid=1 r_stale=0 r_fwd=-0.371,0.925,0.087 r_up=-0.556,-0.296,0.777 r_off=-0.299,0.436,-0.128 r_palm=-0.247,0.357,-0.160 l_valid=1 l_fwd=0.604,0.419,0.678 l_off=-0.157,0.088,-0.221 h_off=-0.152,-0.029,0.021
client level=warn t=357438 ev=vr.weapon callers path=getter D5D832:180 B363FA:540 B3598D:180 B40A78:0
client level=warn t=357438 ev=vr.weapon callers path=ptr D98F49:900 DB8CB6:180 12B0A09:180 16E8861:180 D8F242:180 12B2284:23 D2F672:23 D8B348:180 D8B9B5:180 D7FB5C:26 D8492B:52 D7FF2C:13 F4276C:1 CE3C40:0 129198E:0 B3CF7D:0 B35BEE:0 1292634:0
client level=warn t=357438 ev=vr.weapon callers path=xform D5896F:180
client level=warn t=357438 ev=vr.probe pose in_pos=696.64,113.19,17.89 in_fwd=0.102,0.994,0.033 in_fov=1.4267 out_pos=696.47,113.17,17.90 out_fwd=0.097,0.994,0.050 out_fov=1.8850
client level=warn t=357578 ev=vr.xr hand yaw=1.5368 r_valid=1 r_stale=0 r_fwd=-0.362,0.912,0.195 r_up=-0.694,-0.403,0.596 r_off=-0.143,0.402,-0.061 r_palm=-0.088,0.327,-0.098 l_valid=1 l_fwd=0.484,0.511,0.710 l_off=-0.118,0.114,-0.249 h_off=-0.172,-0.019,0.006
client level=warn t=357703 ev=vr.body anchor=1.0983 head_yaw=0.6806 body_yaw=1.6817 error=0.0798 counts_per_rad=578 servo=1
client level=warn t=357703 ev=vr.pad stats injected=252 held=1 mouse=-3842,0 move=-0.99,0.11 turn=0.00,0.00 trig=0.00,0.00 buttons=0x0
client level=info t=357813 ev=probe stage=hosttail client=0x26B1BE1F980 b=00000000000000000000000000000000000000000000000000000000000000000000000000000000FFFFFFFF00000000
client level=info t=357813 ev=probe stage=grant client=0x26B1BE1F980 status=0x01FE pending=0 dirty=0 receipt=1
client level=info t=357891 ev=nettick stage=sample latch=1 callbacks=41668
client level=warn t=358532 ev=vr.xr hand yaw=1.5368 r_valid=1 r_stale=0 r_fwd=-0.521,0.806,0.280 r_up=0.799,0.346,0.492 r_off=-0.062,0.343,-0.177 r_palm=-0.037,0.256,-0.219 l_valid=1 l_fwd=0.691,0.238,0.682 l_off=-0.022,0.039,-0.154 h_off=0.045,-0.062,-0.007
client level=warn t=358532 ev=vr.xr pose fwd=-0.096,0.983,-0.154 off=0.045,-0.062,-0.007 fov=1.8850 aspect=0.964
client level=warn t=358532 ev=vr.xr submit layers=1 result=0 fov=1.8850 aspect=0.9638
client level=warn t=359469 ev=vr.xr hand yaw=1.5368 r_valid=1 r_stale=0 r_fwd=-0.216,0.945,0.245 r_up=-0.358,-0.311,0.880 r_off=0.019,0.307,-0.160 r_palm=0.050,0.227,-0.209 l_valid=1 l_fwd=0.596,0.463,0.656 l_off=-0.029,0.085,-0.219 h_off=-0.018,-0.024,0.002
client level=info t=359813 ev=probe stage=hosttail client=0x26B1BE1F980 b=00000000000000000000000000000000000000000000000000000000000000000000000000000000FFFFFFFF00000000
client level=info t=359813 ev=probe stage=grant client=0x26B1BE1F980 status=0x01FE pending=0 dirty=0 receipt=1
client level=info t=359891 ev=nettick stage=sample latch=1 callbacks=41795
client level=info t=359985 ev=retail site=80 text=networking:bandwidth: min_channels: 0 max channels: 1 max bps: 84896 avg cong bps: -1 low cong bps: -1 hi cong bps: -1 lat avg: -1 lat hi avg: 0 lat avg var: -1 pct loss: 0.00 pct loss hi avg: [0.00].
client level=info t=359985 ev=retail site=81 text=networking:bandwidth: machine [3E:CC:65:8B:54:66:9ABE] longest reception gap [-1ms] longest ack gap [-1ms] pct loss [0.00] disc count [0] sps [8] rps [0] bh: [y].
client level=warn t=360266 ev=vr.weapon callers path=getter D5D832:180 B363FA:540 B3598D:180 B40A78:0
client level=warn t=360266 ev=vr.weapon callers path=ptr D98F49:900 DB8CB6:180 12B0A09:180 16E8861:180 D8F242:180 12B2284:22 D2F672:22 D8B348:180 D8B9B5:180 D7FB5C:28 D8492B:56 D7FF2C:14 F4276C:0 CE3C40:0 129198E:0 B3CF7D:0 B35BEE:0 1292634:0
client level=warn t=360266 ev=vr.weapon callers path=xform D5896F:180
client level=warn t=360282 ev=vr.probe pose in_pos=689.90,118.95,18.00 in_fwd=0.596,0.802,0.033 in_fov=1.4242 out_pos=689.59,119.04,17.92 out_fwd=0.587,0.789,0.181 out_fov=1.8850
client level=warn t=360422 ev=vr.xr hand yaw=1.5368 r_valid=1 r_stale=0 r_fwd=0.190,0.974,0.127 r_up=-0.981,0.192,-0.005 r_off=-0.020,0.541,-0.035 r_palm=-0.009,0.443,-0.047 l_valid=1 l_fwd=0.391,0.498,0.774 l_off=-0.123,0.130,-0.364 h_off=-0.334,0.102,-0.088
client level=warn t=360547 ev=vr.body anchor=1.0983 head_yaw=-0.1170 body_yaw=0.9616 error=0.0158 counts_per_rad=646 servo=1
client level=warn t=360547 ev=vr.pad stats injected=263 held=0 mouse=-3411,0 move=0.00,0.00 turn=0.00,0.00 trig=0.00,0.00 buttons=0x0
client level=info t=361219 ev=retail site=82 text=networking:channel:packet_loss_stats: [dir:127.0.0.1(id=0):30976#bh64] Incoming packet read result summary - 8 ok, 0 discard, 0 discard-expected, 0 corrupt
client level=info t=361219 ev=retail site=83 text=networking:channel:packet_loss_stats: [dir:127.0.0.1(id=0):30976#bh64] Outgoing packet delivery summary - 3 delivered, 0 of those out-of-order, 0 lost - highest loss fraction seen 0.000
client level=info t=361219 ev=retail site=84 text=networking:stream_manager:retail: # 1 rx 0.0/rxbps 0.0kb tx 1.5/txbps17.8kb cx15.0pkts/33.0cxkbps lat=  0avg,  -1cg to=9999 aloc45.0kb max513.0kbps, loss=0.00pct loss dev 2.00pct rel=N, name=                            bh64
client level=info t=361219 ev=retail site=85 text=networking:stream_manager:retail: Local peer network quality = 1.000000/1.0, worst_axis = -1
client level=warn t=361360 ev=vr.xr hand yaw=1.5368 r_valid=1 r_stale=0 r_fwd=0.066,0.994,0.083 r_up=-0.832,0.009,0.555 r_off=0.135,0.350,-0.083 r_palm=0.154,0.256,-0.107 l_valid=1 l_fwd=0.744,0.362,0.562 l_off=-0.020,0.087,-0.351 h_off=-0.130,0.014,-0.003
client level=warn t=361360 ev=vr.xr pose fwd=0.600,0.798,0.054 off=-0.130,0.014,-0.003 fov=1.8850 aspect=0.964
client level=info t=361813 ev=probe stage=hosttail client=0x26B1BE1F980 b=00000000000000000000000000000000000000000000000000000000000000000000000000000000FFFFFFFF00000000
client level=info t=361813 ev=probe stage=grant client=0x26B1BE1F980 status=0x01FE pending=0 dirty=0 receipt=1
client level=info t=361891 ev=nettick stage=sample latch=1 callbacks=41921
client level=warn t=362328 ev=vr.xr hand yaw=1.5368 r_valid=1 r_stale=0 r_fwd=0.076,0.978,0.195 r_up=-0.357,-0.156,0.921 r_off=0.164,0.275,-0.104 r_palm=0.168,0.186,-0.151 l_valid=1 l_fwd=0.797,0.294,0.527 l_off=-0.009,0.064,-0.333 h_off=-0.109,-0.023,0.015
client level=info t=362953 ev=retail site=89 text=networking:channel_manager:connect: channel 'dir:127.0.0.1(id=0):30976#bh64' (1) closing (local 24) due to timeout:
client level=info t=362953 ev=retail site=90 text=networking:channel_manager:connect:   time since activity 938<active-send-timeout(2000), time since inactivity 8004>drop-min-active-time(8000), time since receive 7907>recv-timeout(4000))
client level=info t=362953 ev=retail site=82 text=networking:channel:packet_loss_stats: [dir:127.0.0.1(id=0):30976#bh64] Incoming packet read result summary - 0 ok, 0 discard, 0 discard-expected, 0 corrupt
client level=info t=362953 ev=retail site=83 text=networking:channel:packet_loss_stats: [dir:127.0.0.1(id=0):30976#bh64] Outgoing packet delivery summary - 0 delivered, 0 of those out-of-order, 0 lost - highest loss fraction seen 0.000
client level=info t=362953 ev=retail site=86 text=networking:channel: channel dir:127.0.0.1(id=0):30976#bh64(id '24') (ra: ''dir:127.0.0.1(id=0):30976'') state change connected -> closed
client level=info t=362953 ev=retail site=87 text=networking:channel_manager: channel 'dir:127.0.0.1(id=0):30976#bh64' (1): channel closed (reason=channel-manager-connected-timeout) because 'dir:127.0.0.1(id=0):30976' can't be reached, resetting security
server level=info t=362969 ev=gameplay stage=peer result=closed reason=12
server level=info t=362969 ev=gameplay stage=connect result=ok peer=2003 local=0x00000008 remote=0x0000001D rebuilt=0
server level=info t=362969 ev=gameplay stage=establish result=queued local=0x00000008 remote=0x0000001D
client level=warn t=363141 ev=vr.weapon callers path=getter D5D832:180 B363FA:540 B3598D:180 B40A78:4
client level=warn t=363141 ev=vr.weapon callers path=ptr D98F49:900 DB8CB6:180 12B0A09:180 16E8861:180 D8F242:180 12B2284:27 D2F672:27 D8B348:180 D8B9B5:180 D7FB5C:28 D8492B:56 D7FF2C:14 F4276C:0 CE3C40:14 129198E:0 B3CF7D:0 B35BEE:0 1292634:0
client level=warn t=363141 ev=vr.weapon callers path=xform D5896F:180
client level=warn t=363157 ev=vr.probe pose in_pos=687.41,122.64,18.00 in_fwd=0.768,0.637,0.061 in_fov=1.4242 out_pos=687.43,122.52,18.02 out_fwd=0.764,0.645,-0.013 out_fov=1.8850
client level=warn t=363297 ev=vr.xr hand yaw=1.5368 r_valid=1 r_stale=0 r_fwd=0.528,0.844,0.098 r_up=-0.078,-0.066,0.995 r_off=0.409,0.365,-0.052 r_palm=0.361,0.287,-0.091 l_valid=1 l_fwd=0.783,0.274,0.559 l_off=0.012,0.025,-0.251 h_off=0.021,-0.129,0.024
client level=warn t=363297 ev=vr.xr submit layers=1 result=0 fov=1.8850 aspect=0.9638
client level=warn t=363422 ev=vr.body anchor=1.0983 head_yaw=-0.4093 body_yaw=0.6955 error=-0.0097 counts_per_rad=580 servo=1
client level=warn t=363422 ev=vr.pad stats injected=270 held=1 mouse=-3248,0 move=0.25,0.97 turn=0.00,0.00 trig=0.00,0.00 buttons=0x0
client level=info t=363813 ev=probe stage=hosttail client=0x26B1BE1F980 b=00000000000000000000000000000000000000000000000000000000000000000000000000000000FFFFFFFF00000000
client level=info t=363813 ev=probe stage=grant client=0x26B1BE1F980 status=0x01FE pending=0 dirty=0 receipt=1
client level=info t=363891 ev=nettick stage=sample latch=1 callbacks=42046
server level=info t=363891 ev=gameplay stage=association result=timeout
server level=info t=364000 ev=gameplay stage=message result=ok id=8 peerstage=5
server level=info t=364016 ev=gameplay stage=sendqueue result=cleared packet=1 base=4 entries=0
server level=info t=364078 ev=gameplay stage=message result=ok id=40 peerstage=5
server level=info t=364078 ev=gameplay stage=view result=queued remote=1 local=1 token=0x9EAA300100200001 list=0
server level=info t=364157 ev=gameplay stage=message result=ok id=40 peerstage=5
server level=info t=364157 ev=gameplay stage=view result=queued remote=2 local=2 token=0x9EAA300100200001 list=15
server level=info t=364157 ev=gameplay stage=sendqueue result=cleared packet=7 base=7 entries=0
server level=info t=364203 ev=gameplay stage=message result=ok id=40 peerstage=5
server level=info t=364203 ev=gameplay stage=view result=queued remote=3 local=3 token=0x9EAA300100200001 list=0
server level=info t=364203 ev=gameplay stage=message result=ok id=40 peerstage=5
server level=info t=364203 ev=gameplay stage=view result=queued remote=4 local=4 token=0x9EAA300100200001 list=0
server level=info t=364203 ev=gameplay stage=sendqueue result=cleared packet=8 base=8 entries=0
client level=warn t=364235 ev=vr.xr hand yaw=1.5368 r_valid=1 r_stale=0 r_fwd=0.590,0.805,0.053 r_up=-0.119,0.022,0.993 r_off=0.397,0.303,-0.141 r_palm=0.344,0.226,-0.176 l_valid=1 l_fwd=0.792,0.400,0.462 l_off=0.036,0.043,-0.270 h_off=0.058,-0.116,0.011
client level=warn t=364235 ev=vr.xr pose fwd=0.694,0.715,-0.088 off=0.058,-0.116,0.011 fov=1.8850 aspect=0.964
client level=warn t=365203 ev=vr.xr hand yaw=1.5368 r_valid=1 r_stale=0 r_fwd=0.419,0.821,0.388 r_up=-0.353,-0.246,0.903 r_off=0.367,0.381,-0.034 r_palm=0.338,0.311,-0.098 l_valid=1 l_fwd=0.753,0.426,0.501 l_off=0.021,0.052,-0.266 h_off=0.041,-0.109,0.015
client level=info t=365813 ev=probe stage=hosttail client=0x26B1BE1F980 b=00000000000000000000000000000000000000000000000000000000000000000000000000000000FFFFFFFF00000000
client level=info t=365813 ev=probe stage=grant client=0x26B1BE1F980 status=0x01FE pending=0 dirty=0 receipt=1
client level=info t=365891 ev=nettick stage=sample latch=1 callbacks=42171
client level=warn t=366016 ev=vr.weapon callers path=getter D5D832:180 B363FA:540 B3598D:180 B40A78:2
client level=warn t=366016 ev=vr.weapon callers path=ptr D98F49:900 DB8CB6:180 12B0A09:180 16E8861:180 D8F242:180 12B2284:27 D2F672:24 D8B348:180 D8B9B5:180 D7FB5C:27 D8492B:52 D7FF2C:13 F4276C:0 CE3C40:21 129198E:0 B3CF7D:0 B35BEE:0 1292634:0
client level=warn t=366016 ev=vr.weapon callers path=xform D5896F:180
client level=warn t=366032 ev=vr.probe pose in_pos=696.22,133.73,18.34 in_fwd=0.869,0.488,0.076 in_fov=1.4242 out_pos=696.24,133.61,18.36 out_fwd=0.875,0.483,0.044 out_fov=1.8850
client level=warn t=366157 ev=vr.xr hand yaw=1.5368 r_valid=1 r_stale=0 r_fwd=0.081,0.979,0.188 r_up=0.736,-0.186,0.651 r_off=0.408,0.365,-0.057 r_palm=0.378,0.278,-0.094 l_valid=1 l_fwd=0.715,0.413,0.565 l_off=0.004,0.049,-0.270 h_off=0.019,-0.127,0.020
client level=warn t=366282 ev=vr.body anchor=1.0983 head_yaw=-0.5770 body_yaw=0.5119 error=0.0090 counts_per_rad=579 servo=1
client level=warn t=366282 ev=vr.pad stats injected=275 held=0 mouse=-3142,0 move=0.00,0.00 turn=0.00,0.00 trig=0.00,0.00 buttons=0x0
client level=warn t=367094 ev=vr.xr hand yaw=1.5368 r_valid=1 r_stale=0 r_fwd=0.523,0.788,0.327 r_up=-0.739,0.228,0.634 r_off=0.402,0.383,-0.062 r_palm=0.374,0.301,-0.112 l_valid=1 l_fwd=0.751,0.395,0.529 l_off=0.008,0.046,-0.276 h_off=0.004,-0.106,0.019
client level=warn t=367094 ev=vr.xr pose fwd=0.756,0.654,0.031 off=0.004,-0.106,0.019 fov=1.8850 aspect=0.964
client level=info t=367813 ev=probe stage=hosttail client=0x26B1BE1F980 b=00000000000000000000000000000000000000000000000000000000000000000000000000000000FFFFFFFF00000000
client level=info t=367813 ev=probe stage=grant client=0x26B1BE1F980 status=0x01FE pending=0 dirty=0 receipt=1
client level=info t=367891 ev=nettick stage=sample latch=1 callbacks=42299
client level=warn t=368047 ev=vr.xr hand yaw=1.5368 r_valid=1 r_stale=0 r_fwd=0.405,0.914,-0.019 r_up=-0.075,0.054,0.996 r_off=0.385,0.395,-0.083 r_palm=0.349,0.307,-0.111 l_valid=1 l_fwd=0.732,0.429,0.529 l_off=0.005,0.051,-0.278 h_off=0.016,-0.094,0.015
client level=warn t=368047 ev=vr.xr submit layers=1 result=0 fov=1.8850 aspect=0.9638
server level=info t=368813 ev=ws701 stage=profile_setup result=complete
server level=info t=368828 ev=activity stage=writeback result=ok world_state=8
client level=warn t=368828 ev=vr.weapon callers path=getter D5D832:180 B363FA:540 B3598D:180 B40A78:66
client level=warn t=368844 ev=vr.weapon callers path=ptr D98F49:900 DB8CB6:180 12B0A09:180 16E8861:180 D8F242:180 12B2284:51 D2F672:50 D8B348:180 D8B9B5:180 D7FB5C:27 D8492B:56 D7FF2C:14 F4276C:2 CE3C40:0 129198E:0 B3CF7D:0 B35BEE:0 1292634:0
client level=warn t=368844 ev=vr.weapon callers path=xform D5896F:180
client level=warn t=368844 ev=vr.probe pose in_pos=701.87,146.33,22.30 in_fwd=0.813,0.577,0.076 in_fov=1.4242 out_pos=701.89,146.24,22.32 out_fwd=0.823,0.568,0.029 out_fov=1.8850
client level=warn t=368985 ev=vr.xr hand yaw=1.5368 r_valid=1 r_stale=0 r_fwd=0.438,0.899,-0.002 r_up=-0.033,0.019,0.999 r_off=0.426,0.375,-0.103 r_palm=0.385,0.289,-0.133 l_valid=1 l_fwd=0.746,0.429,0.509 l_off=0.010,0.050,-0.281 h_off=0.022,-0.090,0.016
client level=warn t=369125 ev=vr.body anchor=1.0983 head_yaw=-0.5538 body_yaw=0.5655 error=-0.0144 counts_per_rad=576 servo=1
client level=warn t=369125 ev=vr.pad stats injected=284 held=1 mouse=-3171,0 move=-0.95,0.32 turn=0.00,0.00 trig=0.00,0.00 buttons=0x0
client level=info t=369813 ev=probe stage=hosttail client=0x26B1BE1F980 b=00000000000000000000000000000000000000000000000000000000000000000000000000000000FFFFFFFF00000000
client level=info t=369813 ev=probe stage=grant client=0x26B1BE1F980 status=0x01FE pending=0 dirty=0 receipt=1
client level=info t=369891 ev=nettick stage=sample latch=1 callbacks=42425
client level=warn t=369938 ev=vr.xr hand yaw=1.5368 r_valid=1 r_stale=0 r_fwd=0.752,0.659,0.015 r_up=0.056,-0.086,0.995 r_off=0.570,0.218,-0.131 r_palm=0.496,0.158,-0.163 l_valid=1 l_fwd=0.747,0.442,0.497 l_off=0.011,0.053,-0.283 h_off=0.047,-0.107,0.006
client level=warn t=369938 ev=vr.xr pose fwd=0.936,0.343,-0.071 off=0.047,-0.107,0.006 fov=1.8850 aspect=0.964
client level=info t=370703 ev=retail site=48 text=world_controller:slice_set_transition_manager: Stopping transition of type 'transitioning:normal_z_leg' due to completed
client level=info t=370766 ev=probe stage=msg12 result=received client=0x26B1BE1F980 slot=0 label=PRIVATE CURRENT member=0x35F900ECFC25A1B0 status=0x01FE->0x01FE flag=1
client level=info t=370766 ev=probe stage=bind client=0x26B1BE1F980 established=0x9EAA300100200001 slotrec=0x26B032FD9A0 roster=0x26BCF78BC80 receipt=1
client level=info t=370766 ev=retail site=82 text=networking:channel:packet_loss_stats: [dir:127.0.0.1(id=0):30976#bh64] Incoming packet read result summary - 8 ok, 0 discard, 0 discard-expected, 0 corrupt
client level=info t=370766 ev=retail site=83 text=networking:channel:packet_loss_stats: [dir:127.0.0.1(id=0):30976#bh64] Outgoing packet delivery summary - 3 delivered, 0 of those out-of-order, 0 lost - highest loss fraction seen 0.000
client level=info t=370766 ev=retail site=86 text=networking:channel: channel dir:127.0.0.1(id=0):30976#bh64(id '29') (ra: ''dir:127.0.0.1(id=0):30976'') state change connected -> closed
client level=info t=370766 ev=retail site=87 text=networking:channel_manager: channel 'dir:127.0.0.1(id=0):30976#bh64' (1): channel closed (reason=channel-manager-owners-released) because 'dir:127.0.0.1(id=0):30976' can't be reached, resetting security
server level=info t=370782 ev=gameplay stage=peer result=closed reason=10
server level=info t=370782 ev=gameplay stage=response result=ok wordb=5 signon=0
server level=info t=370813 ev=gameplay stage=connect result=ok peer=2003 local=0x00000009 remote=0x00000020 rebuilt=0
server level=info t=370813 ev=gameplay stage=establish result=queued local=0x00000009 remote=0x00000020
client level=warn t=370922 ev=vr.xr hand yaw=1.5368 r_valid=1 r_stale=0 r_fwd=0.501,0.793,-0.346 r_up=0.062,0.366,0.929 r_off=0.483,0.175,-0.256 r_palm=0.433,0.089,-0.251 l_valid=1 l_fwd=0.744,0.435,0.507 l_off=0.009,0.053,-0.279 h_off=0.041,-0.084,-0.022
client level=warn t=371719 ev=vr.weapon callers path=getter D5D832:180 B363FA:540 B3598D:180 B40A78:282
client level=warn t=371719 ev=vr.weapon callers path=ptr D98F49:900 DB8CB6:180 12B0A09:180 16E8861:180 D8F242:180 12B2284:160 D2F672:160 D8B348:180 D8B9B5:180 D7FB5C:32 D8492B:60 D7FF2C:15 F4276C:1 CE3C40:0 129198E:0 B3CF7D:0 B35BEE:0 1292634:0
client level=warn t=371719 ev=vr.weapon callers path=xform D5896F:180
client level=warn t=371735 ev=vr.probe pose in_pos=707.28,165.53,24.66 in_fwd=0.961,0.266,0.077 in_fov=1.4242 out_pos=707.32,165.40,24.68 out_fwd=0.971,0.240,0.014 out_fov=1.8850
client level=info t=371813 ev=probe stage=hosttail client=0x26B1BE1F980 b=00000000000000000000000000000000000000000000000000000000000000000000000000000000FFFFFFFF00000000
client level=info t=371813 ev=probe stage=grant client=0x26B1BE1F980 status=0x01FE pending=0 dirty=0 receipt=1
server level=info t=371813 ev=gameplay stage=message result=ok id=8 peerstage=5
server level=info t=371813 ev=gameplay stage=sendqueue result=cleared packet=1 base=5 entries=0
client level=warn t=371860 ev=vr.xr hand yaw=1.5368 r_valid=1 r_stale=0 r_fwd=0.990,-0.039,0.135 r_up=-0.140,-0.256,0.956 r_off=0.672,-0.043,-0.085 r_palm=0.582,-0.032,-0.126 l_valid=1 l_fwd=0.757,0.410,0.509 l_off=0.021,0.039,-0.294 h_off=0.034,-0.129,0.018
client level=info t=371891 ev=nettick stage=sample latch=1 callbacks=42550
server level=info t=371891 ev=gameplay stage=message result=ok id=40 peerstage=5
server level=info t=371891 ev=gameplay stage=view result=queued remote=1 local=1 token=0x9EAA300100200001 list=0
server level=info t=371969 ev=gameplay stage=message result=ok id=40 peerstage=5
server level=info t=371969 ev=gameplay stage=view result=queued remote=2 local=2 token=0x9EAA300100200001 list=15
server level=info t=371969 ev=gameplay stage=sendqueue result=cleared packet=7 base=7 entries=0
client level=warn t=372000 ev=vr.body anchor=1.0983 head_yaw=-1.0158 body_yaw=0.1214 error=-0.0336 counts_per_rad=580 servo=1
client level=warn t=372000 ev=vr.pad stats injected=290 held=0 mouse=-2910,0 move=0.00,0.00 turn=0.00,0.00 trig=0.00,0.00 buttons=0x0
server level=info t=372047 ev=gameplay stage=message result=ok id=40 peerstage=5
server level=info t=372047 ev=gameplay stage=view result=queued remote=3 local=3 token=0x9EAA300100200001 list=0
server level=info t=372047 ev=gameplay stage=message result=ok id=40 peerstage=5
server level=info t=372047 ev=gameplay stage=view result=queued remote=4 local=4 token=0x9EAA300100200001 list=0
server level=info t=372047 ev=gameplay stage=sendqueue result=cleared packet=8 base=8 entries=0
client level=warn t=372828 ev=vr.xr hand yaw=1.5368 r_valid=1 r_stale=0 r_fwd=0.993,0.099,-0.067 r_up=0.080,-0.134,0.988 r_off=0.657,-0.077,-0.089 r_palm=0.560,-0.083,-0.112 l_valid=1 l_fwd=0.787,0.400,0.469 l_off=0.015,0.050,-0.317 h_off=-0.016,-0.101,0.006
client level=warn t=372828 ev=vr.xr pose fwd=0.995,0.081,0.050 off=-0.016,-0.101,0.006 fov=1.8850 aspect=0.964
client level=warn t=372828 ev=vr.xr submit layers=1 result=0 fov=1.8850 aspect=0.9638
client level=warn t=373782 ev=vr.xr hand yaw=1.5368 r_valid=1 r_stale=0 r_fwd=0.990,-0.002,0.142 r_up=-0.142,0.001,0.990 r_off=0.656,-0.051,-0.077 r_palm=0.567,-0.050,-0.121 l_valid=1 l_fwd=0.770,0.404,0.495 l_off=0.012,0.048,-0.316 h_off=-0.002,-0.098,0.006
client level=info t=373813 ev=probe stage=hosttail client=0x26B1BE1F980 b=00000000000000000000000000000000000000000000000000000000000000000000000000000000FFFFFFFF00000000
client level=info t=373813 ev=probe stage=grant client=0x26B1BE1F980 status=0x01FE pending=0 dirty=0 receipt=1
client level=info t=373891 ev=nettick stage=sample latch=1 callbacks=42675
client level=warn t=374594 ev=vr.weapon callers path=getter D5D832:180 B363FA:540 B3598D:180 B40A78:86
client level=warn t=374594 ev=vr.weapon callers path=ptr D98F49:900 DB8CB6:180 12B0A09:180 16E8861:180 D8F242:180 12B2284:67 D2F672:67 D8B348:180 D8B9B5:180 D7FB5C:30 D8492B:61 D7FF2C:15 F4276C:0 CE3C40:0 129198E:0 B3CF7D:0 B35BEE:0 1292634:0
client level=warn t=374594 ev=vr.weapon callers path=xform D5896F:180
client level=warn t=374594 ev=vr.probe pose in_pos=719.33,177.54,23.07 in_fwd=0.997,0.031,0.076 in_fov=1.4242 out_pos=719.33,177.43,23.09 out_fwd=0.977,0.019,0.214 out_fov=1.8850
client level=warn t=374750 ev=vr.xr hand yaw=1.5368 r_valid=1 r_stale=0 r_fwd=0.931,-0.176,0.319 r_up=-0.351,-0.203,0.914 r_off=0.675,-0.164,-0.009 r_palm=0.597,-0.141,-0.067 l_valid=1 l_fwd=0.795,0.406,0.451 l_off=0.030,0.048,-0.319 h_off=0.013,-0.115,0.029
client level=warn t=374875 ev=vr.body anchor=1.0983 head_yaw=-1.1305 body_yaw=-0.0205 error=-0.0101 counts_per_rad=579 servo=1
client level=warn t=374875 ev=vr.pad stats injected=293 held=1 mouse=-2832,0 move=0.08,1.00 turn=0.00,0.00 trig=0.00,0.00 buttons=0x0
client level=warn t=375688 ev=vr.xr hand yaw=1.5368 r_valid=1 r_stale=0 r_fwd=0.930,0.367,-0.028 r_up=0.173,-0.367,0.914 r_off=0.561,-0.103,-0.201 r_palm=0.468,-0.127,-0.225 l_valid=1 l_fwd=0.812,0.417,0.409 l_off=0.030,0.052,-0.322 h_off=0.038,-0.130,0.021
client level=warn t=375688 ev=vr.xr pose fwd=0.987,-0.089,0.135 off=0.038,-0.130,0.021 fov=1.8850 aspect=0.964
client level=info t=375813 ev=probe stage=hosttail client=0x26B1BE1F980 b=00000000000000000000000000000000000000000000000000000000000000000000000000000000FFFFFFFF00000000
client level=info t=375813 ev=probe stage=grant client=0x26B1BE1F980 status=0x01FE pending=0 dirty=0 receipt=1
client level=info t=375891 ev=nettick stage=sample latch=1 callbacks=42801
client level=warn t=376657 ev=vr.xr hand yaw=1.5368 r_valid=1 r_stale=0 r_fwd=0.935,0.252,0.249 r_up=-0.055,-0.591,0.805 r_off=0.633,-0.081,-0.122 r_palm=0.545,-0.087,-0.169 l_valid=1 l_fwd=0.806,0.443,0.391 l_off=0.033,0.047,-0.321 h_off=0.080,-0.125,-0.002
client level=warn t=377438 ev=vr.weapon callers path=getter D5D832:180 B363FA:540 B3598D:180 B40A78:2
client level=warn t=377438 ev=vr.weapon callers path=ptr D98F49:900 DB8CB6:180 12B0A09:180 16E8861:180 D8F242:180 12B2284:24 D2F672:24 D8B348:180 D8B9B5:180 D7FB5C:26 D8492B:55 D7FF2C:14 F4276C:0 CE3C40:52 129198E:0 B3CF7D:0 B35BEE:0 1292634:0
client level=warn t=377438 ev=vr.weapon callers path=xform D5896F:180
client level=warn t=377453 ev=vr.probe pose in_pos=737.75,176.18,20.91 in_fwd=0.989,0.114,0.090 in_fov=1.4242 out_pos=737.81,176.06,20.92 out_fwd=0.992,0.124,0.022 out_fov=1.8850
client level=warn t=377594 ev=vr.xr hand yaw=1.5368 r_valid=1 r_stale=0 r_fwd=0.690,0.273,0.670 r_up=-0.696,0.502,0.512 r_off=0.580,-0.013,-0.092 r_palm=0.535,-0.054,-0.172 l_valid=1 l_fwd=0.733,0.633,0.249 l_off=0.019,0.062,-0.340 h_off=0.042,-0.114,0.014
client level=warn t=377594 ev=vr.xr submit layers=1 result=0 fov=1.8850 aspect=0.9638
client level=warn t=377719 ev=vr.body anchor=1.0983 head_yaw=-0.9288 body_yaw=0.1600 error=0.0084 counts_per_rad=579 servo=1
client level=warn t=377719 ev=vr.pad stats injected=298 held=0 mouse=-2934,0 move=0.00,0.00 turn=0.00,0.00 trig=0.00,0.00 buttons=0x0
client level=info t=377813 ev=probe stage=hosttail client=0x26B1BE1F980 b=00000000000000000000000000000000000000000000000000000000000000000000000000000000FFFFFFFF00000000
client level=info t=377813 ev=probe stage=grant client=0x26B1BE1F980 status=0x01FE pending=0 dirty=0 receipt=1
client level=info t=377891 ev=nettick stage=sample latch=1 callbacks=42928
client level=warn t=378532 ev=vr.xr hand yaw=1.5368 r_valid=1 r_stale=0 r_fwd=0.936,-0.019,0.352 r_up=-0.351,-0.125,0.928 r_off=0.663,-0.076,0.002 r_palm=0.585,-0.070,-0.059 l_valid=1 l_fwd=0.765,0.541,0.348 l_off=0.016,0.053,-0.338 h_off=0.026,-0.123,0.014
client level=warn t=378532 ev=vr.xr pose fwd=0.991,0.123,0.051 off=0.026,-0.123,0.014 fov=1.8850 aspect=0.964
client level=warn t=379485 ev=vr.xr hand yaw=1.5368 r_valid=1 r_stale=0 r_fwd=0.978,-0.085,0.190 r_up=-0.204,-0.216,0.955 r_off=0.688,-0.101,-0.047 r_palm=0.601,-0.087,-0.094 l_valid=1 l_fwd=0.750,0.552,0.365 l_off=0.011,0.060,-0.331 h_off=0.031,-0.130,0.015
client level=info t=379813 ev=probe stage=hosttail client=0x26B1BE1F980 b=00000000000000000000000000000000000000000000000000000000000000000000000000000000FFFFFFFF00000000
client level=info t=379813 ev=probe stage=grant client=0x26B1BE1F980 status=0x01FE pending=0 dirty=0 receipt=1
client level=info t=379844 ev=retail site=89 text=networking:channel_manager:connect: channel 'dir:127.0.0.1(id=0):30994#bh64' (0) closing (local 32) due to timeout:
client level=info t=379844 ev=retail site=90 text=networking:channel_manager:connect:   time since activity 884<active-send-timeout(2000), time since inactivity 8000>drop-min-active-time(8000), time since receive 7870>recv-timeout(4000))
client level=info t=379844 ev=retail site=82 text=networking:channel:packet_loss_stats: [dir:127.0.0.1(id=0):30994#bh64] Incoming packet read result summary - 8 ok, 0 discard, 0 discard-expected, 0 corrupt
client level=info t=379844 ev=retail site=83 text=networking:channel:packet_loss_stats: [dir:127.0.0.1(id=0):30994#bh64] Outgoing packet delivery summary - 3 delivered, 0 of those out-of-order, 0 lost - highest loss fraction seen 0.000
client level=info t=379844 ev=retail site=86 text=networking:channel: channel dir:127.0.0.1(id=0):30994#bh64(id '32') (ra: ''dir:127.0.0.1(id=0):30994'') state change connected -> closed
client level=info t=379844 ev=retail site=87 text=networking:channel_manager: channel 'dir:127.0.0.1(id=0):30994#bh64' (0): channel closed (reason=channel-manager-connected-timeout) because 'dir:127.0.0.1(id=0):30994' can't be reached, resetting security
server level=info t=379844 ev=gameplay stage=peer result=closed reason=12
server level=info t=379875 ev=gameplay stage=connect result=ok peer=2003 local=0x0000000A remote=0x00000025 rebuilt=0
server level=info t=379875 ev=gameplay stage=establish result=queued local=0x0000000A remote=0x00000025
client level=info t=379891 ev=nettick stage=sample latch=1 callbacks=43055
client level=warn t=380282 ev=vr.weapon callers path=getter D5D832:180 B363FA:540 B3598D:180 B40A78:168
client level=warn t=380282 ev=vr.weapon callers path=ptr D98F49:900 DB8CB6:180 12B0A09:180 16E8861:180 D8F242:180 12B2284:101 D2F672:101 D8B348:180 D8B9B5:180 D7FB5C:27 D8492B:61 D7FF2C:13 F4276C:1 CE3C40:0 129198E:0 B3CF7D:0 B35BEE:0 1292634:0
client level=warn t=380282 ev=vr.weapon callers path=xform D5896F:180
client level=warn t=380297 ev=vr.probe pose in_pos=747.60,183.10,29.67 in_fwd=0.988,-0.123,0.089 in_fov=1.4242 out_pos=747.68,182.94,29.65 out_fwd=0.963,-0.159,-0.216 out_fov=1.8850
client level=warn t=380422 ev=vr.xr hand yaw=1.5368 r_valid=1 r_stale=0 r_fwd=0.868,-0.412,-0.277 r_up=0.214,-0.192,0.958 r_off=0.655,-0.486,-0.314 r_palm=0.566,-0.441,-0.317 l_valid=1 l_fwd=0.872,0.372,0.318 l_off=0.074,0.053,-0.321 h_off=0.116,-0.161,-0.027
client level=warn t=380547 ev=vr.body anchor=1.0983 head_yaw=-1.4290 body_yaw=-0.2894 error=-0.0328 counts_per_rad=579 servo=1
client level=warn t=380547 ev=vr.pad stats injected=309 held=1 mouse=-2668,0 move=-0.11,0.99 turn=0.00,0.00 trig=0.00,0.00 buttons=0x0
server level=info t=380782 ev=gameplay stage=association result=timeout
server level=info t=380891 ev=gameplay stage=message result=ok id=8 peerstage=5
server level=info t=380891 ev=gameplay stage=sendqueue result=cleared packet=1 base=4 entries=0
server level=info t=380938 ev=gameplay stage=message result=ok id=40 peerstage=5
server level=info t=380938 ev=gameplay stage=view result=queued remote=1 local=1 token=0x9EAA300100200001 list=0
server level=info t=381016 ev=gameplay stage=message result=ok id=40 peerstage=5
server level=info t=381016 ev=gameplay stage=view result=queued remote=2 local=2 token=0x9EAA300100200001 list=15
server level=info t=381016 ev=gameplay stage=sendqueue result=cleared packet=7 base=7 entries=0
server level=info t=381063 ev=gameplay stage=message result=ok id=40 peerstage=5
server level=info t=381063 ev=gameplay stage=view result=queued remote=3 local=3 token=0x9EAA300100200001 list=0
server level=info t=381078 ev=gameplay stage=message result=ok id=40 peerstage=5
server level=info t=381078 ev=gameplay stage=view result=queued remote=4 local=4 token=0x9EAA300100200001 list=0
server level=info t=381078 ev=gameplay stage=sendqueue result=cleared packet=8 base=8 entries=0
client level=warn t=381391 ev=vr.xr hand yaw=1.5368 r_valid=1 r_stale=0 r_fwd=0.905,-0.425,-0.034 r_up=0.074,0.079,0.994 r_off=0.697,-0.517,-0.364 r_palm=0.609,-0.479,-0.390 l_valid=1 l_fwd=0.950,0.234,0.209 l_off=0.150,0.036,-0.327 h_off=0.201,-0.175,-0.025
client level=warn t=381391 ev=vr.xr pose fwd=0.909,-0.366,-0.199 off=0.201,-0.175,-0.025 fov=1.8850 aspect=0.964
client level=info t=381813 ev=probe stage=hosttail client=0x26B1BE1F980 b=00000000000000000000000000000000000000000000000000000000000000000000000000000000FFFFFFFF00000000
client level=info t=381813 ev=probe stage=grant client=0x26B1BE1F980 status=0x01FE pending=0 dirty=0 receipt=1
client level=info t=381891 ev=nettick stage=sample latch=1 callbacks=43179
client level=warn t=382360 ev=vr.xr hand yaw=1.5368 r_valid=1 r_stale=0 r_fwd=0.683,-0.212,-0.699 r_up=0.656,-0.244,0.715 r_off=0.669,-0.494,-0.484 r_palm=0.585,-0.467,-0.439 l_valid=1 l_fwd=0.946,0.254,0.200 l_off=0.142,0.039,-0.327 h_off=0.196,-0.170,-0.043
client level=warn t=382360 ev=vr.xr submit layers=1 result=0 fov=1.8850 aspect=0.9638
client level=warn t=383172 ev=vr.weapon callers path=getter D5D832:180 B363FA:540 B3598D:180 B40A78:352
client level=warn t=383172 ev=vr.weapon callers path=ptr D98F49:900 DB8CB6:180 12B0A09:180 16E8861:180 D8F242:180 12B2284:200 D2F672:200 D8B348:180 D8B9B5:180 D7FB5C:25 D8492B:60 D7FF2C:12 F4276C:0 CE3C40:3 129198E:0 B3CF7D:0 B35BEE:0 1292634:0
client level=warn t=383172 ev=vr.weapon callers path=xform D5896F:180
client level=warn t=383188 ev=vr.probe pose in_pos=761.20,179.51,28.48 in_fwd=0.962,-0.252,0.101 in_fov=1.4242 out_pos=761.39,179.38,28.42 out_fwd=0.885,-0.146,-0.442 out_fov=1.8850
client level=warn t=383328 ev=vr.xr hand yaw=1.5368 r_valid=1 r_stale=0 r_fwd=0.892,-0.349,-0.287 r_up=0.310,0.011,0.951 r_off=0.623,-0.446,-0.505 r_palm=0.529,-0.413,-0.506 l_valid=1 l_fwd=0.924,0.320,0.210 l_off=0.127,0.050,-0.330 h_off=0.180,-0.114,-0.022
client level=warn t=383469 ev=vr.body anchor=1.0983 head_yaw=-1.0702 body_yaw=0.0142 error=0.0110 counts_per_rad=582 servo=1
client level=warn t=383469 ev=vr.pad stats injected=318 held=2 mouse=-2849,0 move=-0.86,-0.51 turn=0.00,0.00 trig=0.00,0.00 buttons=0x0
client level=info t=383813 ev=probe stage=hosttail client=0x26B1BE1F980 b=00000000000000000000000000000000000000000000000000000000000000000000000000000000FFFFFFFF00000000
client level=info t=383813 ev=probe stage=grant client=0x26B1BE1F980 status=0x01FE pending=0 dirty=0 receipt=1
client level=info t=383891 ev=nettick stage=sample latch=1 callbacks=43302
client level=warn t=384297 ev=vr.xr hand yaw=1.1343 r_valid=1 r_stale=0 r_fwd=0.546,-0.798,-0.253 r_up=0.222,-0.153,0.963 r_off=0.368,-0.684,-0.467 r_palm=0.309,-0.604,-0.472 l_valid=1 l_fwd=0.954,0.020,0.299 l_off=0.105,0.029,-0.335 h_off=0.039,-0.148,-0.008
client level=warn t=384297 ev=vr.xr pose fwd=0.782,-0.616,-0.096 off=0.039,-0.148,-0.008 fov=1.8850 aspect=0.964
client level=warn t=385266 ev=vr.xr hand yaw=0.3877 r_valid=1 r_stale=0 r_fwd=0.846,0.108,-0.522 r_up=0.528,-0.028,0.849 r_off=-0.008,-0.334,-0.574 r_palm=-0.104,-0.343,-0.550 l_valid=1 l_fwd=0.817,-0.533,0.221 l_off=0.088,-0.028,-0.353 h_off=0.008,-0.078,-0.024
client level=info t=385828 ev=probe stage=hosttail client=0x26B1BE1F980 b=00000000000000000000000000000000000000000000000000000000000000000000000000000000FFFFFFFF00000000
client level=info t=385828 ev=probe stage=grant client=0x26B1BE1F980 status=0x01FE pending=0 dirty=0 receipt=1
client level=info t=385891 ev=nettick stage=sample latch=1 callbacks=43427
client level=warn t=386078 ev=vr.weapon callers path=getter D5D832:180 B363FA:540 B3598D:180 B40A78:0
client level=warn t=386078 ev=vr.weapon callers path=ptr D98F49:900 DB8CB6:180 12B0A09:180 16E8861:180 D8F242:180 12B2284:23 D2F672:23 D8B348:180 D8B9B5:180 D7FB5C:26 D8492B:66 D7FF2C:13 F4276C:0 CE3C40:0 129198E:0 B3CF7D:0 B35BEE:0 1292634:0
client level=warn t=386078 ev=vr.weapon callers path=xform D5896F:180
client level=warn t=386094 ev=vr.probe pose in_pos=762.89,180.97,26.93 in_fwd=0.716,-0.692,0.090 in_fov=1.4242 out_pos=762.78,181.03,26.97 out_fwd=0.651,-0.653,0.387 out_fov=1.8850
client level=warn t=386235 ev=vr.xr hand yaw=-0.2997 r_valid=1 r_stale=0 r_fwd=0.613,-0.280,0.739 r_up=-0.622,0.406,0.670 r_off=0.197,-0.255,0.179 r_palm=0.157,-0.240,0.089 l_valid=1 l_fwd=0.505,-0.754,0.419 l_off=0.085,0.001,-0.302 h_off=-0.113,0.073,0.045
client level=warn t=386360 ev=vr.body anchor=-0.8288 head_yaw=-0.1021 body_yaw=-0.9018 error=-0.0200 counts_per_rad=579 servo=1
client level=warn t=386360 ev=vr.pad stats injected=320 held=0 mouse=-2317,0 move=0.00,0.00 turn=0.63,-0.78 trig=0.00,0.00 buttons=0x0
client level=warn t=387188 ev=vr.xr hand yaw=-1.0245 r_valid=1 r_stale=0 r_fwd=0.222,-0.939,0.264 r_up=0.419,0.337,0.843 r_off=-0.244,-0.146,-0.283 r_palm=-0.278,-0.067,-0.334 l_valid=1 l_fwd=-0.118,-0.931,0.344 l_off=0.070,-0.061,-0.329 h_off=-0.095,0.061,-0.015
client level=warn t=387188 ev=vr.xr pose fwd=-0.629,-0.739,-0.241 off=-0.095,0.061,-0.015 fov=1.8850 aspect=0.964
client level=warn t=387188 ev=vr.xr submit layers=1 result=0 fov=1.8850 aspect=0.9638
client level=info t=387828 ev=probe stage=hosttail client=0x26B1BE1F980 b=00000000000000000000000000000000000000000000000000000000000000000000000000000000FFFFFFFF00000000
client level=info t=387828 ev=probe stage=grant client=0x26B1BE1F980 status=0x01FE pending=0 dirty=0 receipt=1
client level=info t=387891 ev=nettick stage=sample latch=1 callbacks=43553
client level=warn t=388157 ev=vr.xr hand yaw=-1.3183 r_valid=1 r_stale=0 r_fwd=-0.327,-0.905,-0.273 r_up=0.260,-0.364,0.894 r_off=-0.229,-0.317,-0.574 r_palm=-0.206,-0.220,-0.575 l_valid=1 l_fwd=-0.420,-0.850,0.318 l_off=0.045,-0.071,-0.336 h_off=-0.033,0.032,-0.043
client level=info t=388922 ev=retail site=89 text=networking:channel_manager:connect: channel 'dir:127.0.0.1(id=0):30994#bh64' (0) closing (local 37) due to timeout:
client level=info t=388922 ev=retail site=90 text=networking:channel_manager:connect:   time since activity 921<active-send-timeout(2000), time since inactivity 8008>drop-min-active-time(8000), time since receive 7901>recv-timeout(4000))
client level=info t=388922 ev=retail site=82 text=networking:channel:packet_loss_stats: [dir:127.0.0.1(id=0):30994#bh64] Incoming packet read result summary - 8 ok, 0 discard, 0 discard-expected, 0 corrupt
client level=info t=388922 ev=retail site=83 text=networking:channel:packet_loss_stats: [dir:127.0.0.1(id=0):30994#bh64] Outgoing packet delivery summary - 3 delivered, 0 of those out-of-order, 0 lost - highest loss fraction seen 0.000
client level=info t=388922 ev=retail site=86 text=networking:channel: channel dir:127.0.0.1(id=0):30994#bh64(id '37') (ra: ''dir:127.0.0.1(id=0):30994'') state change connected -> closed
client level=info t=388922 ev=retail site=87 text=networking:channel_manager: channel 'dir:127.0.0.1(id=0):30994#bh64' (0): channel closed (reason=channel-manager-connected-timeout) because 'dir:127.0.0.1(id=0):30994' can't be reached, resetting security
server level=info t=388922 ev=gameplay stage=peer result=closed reason=12
server level=info t=388938 ev=gameplay stage=connect result=ok peer=2003 local=0x0000000B remote=0x0000002A rebuilt=0
server level=info t=388938 ev=gameplay stage=establish result=queued local=0x0000000B remote=0x0000002A
client level=warn t=388953 ev=vr.weapon callers path=getter D5D832:180 B363FA:540 B3598D:180 B40A78:0
client level=warn t=388953 ev=vr.weapon callers path=ptr D98F49:900 DB8CB6:180 12B0A09:180 16E8861:180 D8F242:180 12B2284:23 D2F672:23 D8B348:180 D8B9B5:180 D7FB5C:22 D8492B:57 D7FF2C:11 F4276C:0 CE3C40:0 129198E:0 B3CF7D:0 B35BEE:0 1292634:0
client level=warn t=388953 ev=vr.weapon callers path=xform D5896F:180
client level=warn t=388953 ev=vr.probe pose in_pos=762.89,180.97,26.93 in_fwd=-0.524,-0.847,0.090 in_fov=1.4242 out_pos=762.80,180.92,26.87 out_fwd=-0.485,-0.749,-0.452 out_fov=1.8850
client level=warn t=389094 ev=vr.xr hand yaw=-1.3183 r_valid=1 r_stale=0 r_fwd=-0.202,-0.972,-0.118 r_up=-0.299,-0.054,0.953 r_off=-0.285,-0.180,-0.235 r_palm=-0.257,-0.086,-0.253 l_valid=1 l_fwd=-0.693,-0.721,-0.004 l_off=0.005,-0.100,-0.417 h_off=-0.063,-0.066,-0.038
client level=warn t=389235 ev=vr.body anchor=-1.7569 head_yaw=-0.4397 body_yaw=-2.2202 error=0.0156 counts_per_rad=579 servo=1
client level=warn t=389235 ev=vr.pad stats injected=320 held=0 mouse=-1557,0 move=0.00,0.00 turn=0.00,0.00 trig=0.00,0.00 buttons=0x0
client level=info t=389828 ev=probe stage=hosttail client=0x26B1BE1F980 b=00000000000000000000000000000000000000000000000000000000000000000000000000000000FFFFFFFF00000000
client level=info t=389828 ev=probe stage=grant client=0x26B1BE1F980 status=0x01FE pending=0 dirty=0 receipt=1
client level=info t=389891 ev=nettick stage=sample latch=1 callbacks=43676
server level=info t=389953 ev=gameplay stage=message result=ok id=8 peerstage=5
server level=info t=389953 ev=gameplay stage=sendqueue result=cleared packet=1 base=4 entries=0
server level=info t=390016 ev=gameplay stage=message result=ok id=40 peerstage=5
server level=info t=390016 ev=gameplay stage=view result=queued remote=1 local=1 token=0x9EAA300100200001 list=0
client level=warn t=390094 ev=vr.xr hand yaw=-1.3183 r_valid=1 r_stale=0 r_fwd=-0.367,-0.891,-0.266 r_up=-0.070,-0.259,0.963 r_off=-0.265,-0.405,-0.203 r_palm=-0.228,-0.313,-0.207 l_valid=1 l_fwd=-0.543,-0.806,0.235 l_off=0.050,-0.047,-0.353 h_off=-0.011,0.124,0.000
client level=warn t=390094 ev=vr.xr pose fwd=-0.526,-0.821,-0.222 off=-0.011,0.124,0.000 fov=1.8850 aspect=0.964
server level=info t=390094 ev=gameplay stage=message result=ok id=40 peerstage=5
server level=info t=390094 ev=gameplay stage=view result=queued remote=2 local=2 token=0x9EAA300100200001 list=15
server level=info t=390094 ev=gameplay stage=sendqueue result=cleared packet=7 base=7 entries=0
server level=info t=390157 ev=gameplay stage=message result=ok id=40 peerstage=5
server level=info t=390157 ev=gameplay stage=view result=queued remote=3 local=3 token=0x9EAA300100200001 list=0
server level=info t=390157 ev=gameplay stage=message result=ok id=40 peerstage=5
server level=info t=390157 ev=gameplay stage=view result=queued remote=4 local=4 token=0x9EAA300100200001 list=0
server level=info t=390157 ev=gameplay stage=sendqueue result=cleared packet=8 base=8 entries=0
client level=warn t=391047 ev=vr.xr hand yaw=-1.3183 r_valid=1 r_stale=0 r_fwd=-0.319,-0.874,-0.367 r_up=-0.123,-0.346,0.930 r_off=-0.253,-0.405,-0.238 r_palm=-0.219,-0.311,-0.231 l_valid=1 l_fwd=-0.543,-0.813,0.211 l_off=0.051,-0.046,-0.360 h_off=0.013,0.103,-0.007
client level=info t=391828 ev=probe stage=hosttail client=0x26B1BE1F980 b=00000000000000000000000000000000000000000000000000000000000000000000000000000000FFFFFFFF00000000
client level=info t=391828 ev=probe stage=grant client=0x26B1BE1F980 status=0x01FE pending=0 dirty=0 receipt=1
client level=warn t=391860 ev=vr.weapon callers path=getter D5D832:180 B363FA:540 B3598D:180 B40A78:2
client level=warn t=391860 ev=vr.weapon callers path=ptr D98F49:900 DB8CB6:180 12B0A09:180 16E8861:180 D8F242:180 12B2284:25 D2F672:25 D8B348:180 D8B9B5:180 D7FB5C:26 D8492B:66 D7FF2C:13 F4276C:0 CE3C40:2 129198E:0 B3CF7D:0 B35BEE:0 1292634:0
client level=warn t=391860 ev=vr.weapon callers path=xform D5896F:180
client level=warn t=391875 ev=vr.probe pose in_pos=762.89,180.97,26.93 in_fwd=-0.378,-0.921,0.098 in_fov=1.4242 out_pos=762.89,181.08,26.93 out_fwd=-0.374,-0.888,-0.266 out_fov=1.8850
client level=info t=391891 ev=nettick stage=sample latch=1 callbacks=43801
client level=warn t=392016 ev=vr.xr hand yaw=-1.3183 r_valid=1 r_stale=0 r_fwd=-0.357,-0.856,-0.375 r_up=-0.156,-0.341,0.927 r_off=-0.264,-0.402,-0.239 r_palm=-0.225,-0.311,-0.231 l_valid=1 l_fwd=-0.540,-0.814,0.216 l_off=0.050,-0.046,-0.360 h_off=0.007,0.107,-0.004
client level=warn t=392016 ev=vr.xr submit layers=1 result=0 fov=1.8850 aspect=0.9638
client level=warn t=392141 ev=vr.body anchor=-1.7569 head_yaw=-0.2147 body_yaw=-1.9614 error=-0.0099 counts_per_rad=590 servo=1
client level=warn t=392141 ev=vr.pad stats injected=324 held=0 mouse=-1705,0 move=0.00,0.00 turn=0.00,0.00 trig=0.00,0.00 buttons=0x0
client level=warn t=392985 ev=vr.xr hand yaw=-1.3183 r_valid=1 r_stale=0 r_fwd=-0.367,-0.876,-0.312 r_up=-0.045,-0.319,0.947 r_off=-0.257,-0.401,-0.227 r_palm=-0.221,-0.308,-0.226 l_valid=1 l_fwd=-0.539,-0.814,0.218 l_off=0.050,-0.044,-0.361 h_off=0.006,0.109,-0.000
client level=warn t=392985 ev=vr.xr pose fwd=-0.400,-0.886,-0.233 off=0.006,0.109,-0.000 fov=1.8850 aspect=0.964
client level=info t=393828 ev=probe stage=hosttail client=0x26B1BE1F980 b=00000000000000000000000000000000000000000000000000000000000000000000000000000000FFFFFFFF00000000
client level=info t=393828 ev=probe stage=grant client=0x26B1BE1F980 status=0x01FE pending=0 dirty=0 receipt=1
client level=info t=393891 ev=nettick stage=sample latch=1 callbacks=43924
client level=warn t=393969 ev=vr.xr hand yaw=-1.3183 r_valid=1 r_stale=0 r_fwd=-0.295,-0.955,0.018 r_up=0.144,-0.026,0.989 r_off=-0.246,-0.377,-0.173 r_palm=-0.222,-0.286,-0.204 l_valid=1 l_fwd=-0.544,-0.806,0.231 l_off=0.049,-0.040,-0.362 h_off=0.010,0.112,0.005
client level=warn t=394797 ev=vr.weapon callers path=getter D5D832:180 B363FA:540 B3598D:180 B40A78:4
client level=warn t=394797 ev=vr.weapon callers path=ptr D98F49:900 DB8CB6:180 12B0A09:180 16E8861:180 D8F242:180 12B2284:25 D2F672:25 D8B348:180 D8B9B5:180 D7FB5C:28 D8492B:71 D7FF2C:15 F4276C:0 CE3C40:1 129198E:0 B3CF7D:0 B35BEE:0 1292634:0
client level=warn t=394797 ev=vr.weapon callers path=xform D5896F:180
client level=warn t=394813 ev=vr.probe pose in_pos=762.89,180.97,26.91 in_fwd=-0.191,-0.977,0.090 in_fov=1.4242 out_pos=762.89,181.07,26.93 out_fwd=-0.117,-0.991,-0.063 out_fov=1.8850
client level=warn t=394953 ev=vr.xr hand yaw=-1.3183 r_valid=1 r_stale=0 r_fwd=0.338,-0.776,0.533 r_up=0.683,0.592,0.428 r_off=0.079,-0.295,-0.076 r_palm=0.026,-0.239,-0.140 l_valid=1 l_fwd=-0.648,-0.695,0.312 l_off=0.008,-0.039,-0.320 h_off=0.001,0.110,0.024
client level=warn t=395078 ev=vr.body anchor=-1.7569 head_yaw=0.4501 body_yaw=-1.3425 error=0.0296 counts_per_rad=579 servo=1
client level=warn t=395078 ev=vr.pad stats injected=333 held=3 mouse=-2064,0 move=-0.93,0.36 turn=0.00,0.00 trig=0.00,0.00 buttons=0x10
client level=info t=395828 ev=probe stage=hosttail client=0x26B1BE1F980 b=00000000000000000000000000000000000000000000000000000000000000000000000000000000FFFFFFFF00000000
client level=info t=395828 ev=probe stage=grant client=0x26B1BE1F980 status=0x01FE pending=0 dirty=0 receipt=1
client level=info t=395891 ev=nettick stage=sample latch=1 callbacks=44047
client level=warn t=395907 ev=vr.xr hand yaw=-1.1110 r_valid=1 r_stale=0 r_fwd=0.610,-0.726,0.318 r_up=0.296,0.580,0.759 r_off=0.176,-0.293,-0.133 r_palm=0.110,-0.242,-0.186 l_valid=1 l_fwd=-0.352,-0.882,0.314 l_off=0.029,-0.046,-0.314 h_off=-0.004,0.122,0.028
client level=warn t=395907 ev=vr.xr pose fwd=0.659,-0.748,0.082 off=-0.004,0.122,0.028 fov=1.8850 aspect=0.964
client level=warn t=396875 ev=vr.xr hand yaw=-0.1426 r_valid=1 r_stale=0 r_fwd=0.974,-0.016,-0.225 r_up=0.200,-0.401,0.894 r_off=0.372,-0.081,-0.167 r_palm=0.274,-0.068,-0.173 l_valid=1 l_fwd=0.536,-0.793,0.291 l_off=0.063,0.006,-0.319 h_off=-0.093,0.026,0.003
client level=warn t=396875 ev=vr.xr submit layers=1 result=0 fov=1.8850 aspect=0.9638
client level=warn t=397672 ev=vr.weapon callers path=getter D5D832:180 B363FA:540 B3598D:180 B40A78:262
client level=warn t=397672 ev=vr.weapon callers path=ptr D98F49:900 DB8CB6:180 12B0A09:180 16E8861:180 D8F242:180 12B2284:148 D2F672:148 D8B348:180 D8B9B5:180 D7FB5C:22 D8492B:55 D7FF2C:11 F4276C:2 CE3C40:0 129198E:0 B3CF7D:0 B35BEE:0 1292634:0
client level=warn t=397672 ev=vr.weapon callers path=xform D5896F:180
client level=warn t=397688 ev=vr.probe pose in_pos=781.41,170.63,34.97 in_fwd=0.924,-0.372,0.090 in_fov=1.5223 out_pos=781.30,170.65,34.99 out_fwd=0.923,-0.382,-0.047 out_fov=1.8850
client level=warn t=397828 ev=vr.xr hand yaw=-0.1426 r_valid=1 r_stale=0 r_fwd=0.969,-0.172,-0.179 r_up=0.171,-0.060,0.983 r_off=0.402,-0.202,-0.135 r_palm=0.305,-0.184,-0.147 l_valid=1 l_fwd=0.534,-0.755,0.381 l_off=0.054,0.008,-0.313 h_off=-0.113,0.016,0.019
client level=info t=397828 ev=probe stage=hosttail client=0x26B1BE1F980 b=00000000000000000000000000000000000000000000000000000000000000000000000000000000FFFFFFFF00000000
client level=info t=397828 ev=probe stage=grant client=0x26B1BE1F980 status=0x01FE pending=0 dirty=0 receipt=1
client level=info t=397891 ev=nettick stage=sample latch=1 callbacks=44172
client level=warn t=397953 ev=vr.body anchor=-0.5811 head_yaw=0.1605 body_yaw=-0.4095 error=-0.0096 counts_per_rad=593 servo=1
client level=warn t=397953 ev=vr.pad stats injected=341 held=0 mouse=-2599,0 move=0.00,0.00 turn=0.00,0.00 trig=0.00,0.00 buttons=0x0
client level=info t=398000 ev=retail site=89 text=networking:channel_manager:connect: channel 'dir:127.0.0.1(id=0):30994#bh64' (0) closing (local 42) due to timeout:
client level=info t=398000 ev=retail site=90 text=networking:channel_manager:connect:   time since activity 998<active-send-timeout(2000), time since inactivity 8014>drop-min-active-time(8000), time since receive 7903>recv-timeout(4000))
client level=info t=398000 ev=retail site=82 text=networking:channel:packet_loss_stats: [dir:127.0.0.1(id=0):30994#bh64] Incoming packet read result summary - 8 ok, 0 discard, 0 discard-expected, 0 corrupt
client level=info t=398000 ev=retail site=83 text=networking:channel:packet_loss_stats: [dir:127.0.0.1(id=0):30994#bh64] Outgoing packet delivery summary - 3 delivered, 0 of those out-of-order, 0 lost - highest loss fraction seen 0.000
client level=info t=398000 ev=retail site=86 text=networking:channel: channel dir:127.0.0.1(id=0):30994#bh64(id '42') (ra: ''dir:127.0.0.1(id=0):30994'') state change connected -> closed
client level=info t=398000 ev=retail site=87 text=networking:channel_manager: channel 'dir:127.0.0.1(id=0):30994#bh64' (0): channel closed (reason=channel-manager-connected-timeout) because 'dir:127.0.0.1(id=0):30994' can't be reached, resetting security
server level=info t=398000 ev=gameplay stage=peer result=closed reason=12
server level=info t=398032 ev=gameplay stage=connect result=ok peer=2003 local=0x0000000C remote=0x0000002F rebuilt=0
server level=info t=398032 ev=gameplay stage=establish result=queued local=0x0000000C remote=0x0000002F
client level=warn t=398782 ev=vr.xr hand yaw=-0.1426 r_valid=1 r_stale=0 r_fwd=0.952,0.124,-0.279 r_up=0.284,-0.022,0.959 r_off=0.432,-0.013,-0.125 r_palm=0.333,-0.024,-0.128 l_valid=1 l_fwd=0.422,-0.814,0.399 l_off=0.034,-0.004,-0.303 h_off=-0.132,0.033,0.032
client level=warn t=398782 ev=vr.xr pose fwd=0.971,-0.190,0.147 off=-0.132,0.033,0.032 fov=1.8850 aspect=0.964
server level=info t=398875 ev=ws701 stage=profile_setup result=complete
server level=info t=398875 ev=activity stage=writeback result=ok world_state=8
server level=info t=399047 ev=gameplay stage=message result=ok id=8 peerstage=5
server level=info t=399047 ev=gameplay stage=sendqueue result=cleared packet=1 base=4 entries=0
server level=info t=399110 ev=gameplay stage=message result=ok id=40 peerstage=5
server level=info t=399110 ev=gameplay stage=view result=queued remote=1 local=1 token=0x9EAA300100200001 list=0
server level=info t=399172 ev=gameplay stage=message result=ok id=40 peerstage=5
server level=info t=399172 ev=gameplay stage=view result=queued remote=2 local=2 token=0x9EAA300100200001 list=15
server level=info t=399172 ev=gameplay stage=sendqueue result=cleared packet=7 base=7 entries=0
server level=info t=399250 ev=gameplay stage=message result=ok id=40 peerstage=5
server level=info t=399250 ev=gameplay stage=view result=queued remote=3 local=3 token=0x9EAA300100200001 list=0
server level=info t=399250 ev=gameplay stage=message result=ok id=40 peerstage=5
server level=info t=399250 ev=gameplay stage=view result=queued remote=4 local=4 token=0x9EAA300100200001 list=0
server level=info t=399250 ev=gameplay stage=sendqueue result=cleared packet=8 base=8 entries=0
client level=warn t=399750 ev=vr.xr hand yaw=-0.1426 r_valid=1 r_stale=0 r_fwd=0.116,-0.896,0.429 r_up=-0.391,0.356,0.849 r_off=-0.173,-0.587,-0.017 r_palm=-0.172,-0.512,-0.083 l_valid=1 l_fwd=0.322,-0.883,0.343 l_off=0.010,-0.033,-0.351 h_off=-0.143,-0.019,0.005
client level=info t=399828 ev=probe stage=hosttail client=0x26B1BE1F980 b=00000000000000000000000000000000000000000000000000000000000000000000000000000000FFFFFFFF00000000
client level=info t=399828 ev=probe stage=grant client=0x26B1BE1F980 status=0x01FE pending=0 dirty=0 receipt=1
client level=info t=399891 ev=nettick stage=sample latch=1 callbacks=44297
client level=warn t=400563 ev=vr.weapon callers path=getter D5D832:180 B363FA:540 B3598D:180 B40A78:254
client level=warn t=400563 ev=vr.weapon callers path=ptr D98F49:900 DB8CB6:180 12B0A09:180 16E8861:180 D8F242:180 12B2284:151 D2F672:151 D8B348:180 D8B9B5:180 D7FB5C:28 D8492B:70 D7FF2C:14 F4276C:0 CE3C40:1 129198E:0 B3CF7D:0 B35BEE:0 1292634:0
client level=warn t=400563 ev=vr.weapon callers path=xform D5896F:180
client level=warn t=400578 ev=vr.probe pose in_pos=791.80,165.71,28.15 in_fwd=-0.495,-0.864,0.090 in_fov=1.4242 out_pos=791.63,165.74,28.15 out_fwd=-0.532,-0.834,-0.147 out_fov=1.8850
client level=warn t=400719 ev=vr.xr hand yaw=-0.8613 r_valid=1 r_stale=0 r_fwd=-0.724,-0.670,0.164 r_up=-0.121,0.358,0.926 r_off=-0.686,-0.236,-0.157 r_palm=-0.614,-0.183,-0.200 l_valid=1 l_fwd=-0.302,-0.899,0.318 l_off=-0.005,-0.040,-0.353 h_off=-0.149,0.077,0.001
client level=warn t=400844 ev=vr.body anchor=-1.5111 head_yaw=-1.0913 body_yaw=-2.5112 error=-0.0690 counts_per_rad=578 servo=1
client level=warn t=400844 ev=vr.pad stats injected=345 held=2 mouse=-1366,0 move=0.22,0.97 turn=0.89,-0.45 trig=0.00,0.00 buttons=0x0
client level=warn t=401688 ev=vr.xr hand yaw=-1.8619 r_valid=1 r_stale=0 r_fwd=-0.543,-0.801,0.254 r_up=0.830,-0.465,0.309 r_off=-0.375,0.036,-0.299 r_palm=-0.348,0.126,-0.332 l_valid=1 l_fwd=-0.728,-0.686,0.017 l_off=-0.036,-0.094,-0.351 h_off=-0.027,0.097,-0.016
client level=warn t=401688 ev=vr.xr pose fwd=-0.869,-0.380,-0.317 off=-0.027,0.097,-0.016 fov=1.8850 aspect=0.964
client level=warn t=401688 ev=vr.xr submit layers=1 result=0 fov=1.8850 aspect=0.9638
client level=info t=401891 ev=nettick stage=sample latch=1 callbacks=44421
client level=warn t=402657 ev=vr.xr hand yaw=-1.8619 r_valid=1 r_stale=0 r_fwd=-0.325,-0.918,0.226 r_up=0.909,-0.237,0.343 r_off=-0.423,-0.161,-0.348 r_palm=-0.419,-0.066,-0.380 l_valid=1 l_fwd=-0.720,-0.677,0.152 l_off=-0.066,-0.078,-0.334 h_off=-0.086,0.091,-0.032
client level=warn t=403469 ev=vr.weapon callers path=getter D5D832:180 B363FA:540 B3598D:180 B40A78:0
client level=warn t=403469 ev=vr.weapon callers path=ptr D98F49:900 DB8CB6:180 12B0A09:180 16E8861:180 D8F242:180 12B2284:24 D2F672:24 D8B348:180 D8B9B5:180 D7FB5C:26 D8492B:64 D7FF2C:12 F4276C:0 CE3C40:0 129198E:0 B3CF7D:0 B35BEE:0 1292634:0
client level=warn t=403469 ev=vr.weapon callers path=xform D5896F:180
client level=warn t=403485 ev=vr.probe pose in_pos=785.98,164.66,26.29 in_fwd=-0.900,-0.426,0.090 in_fov=1.4242 out_pos=785.94,164.74,26.24 out_fwd=-0.777,-0.322,-0.540 out_fov=1.8850
client level=warn t=403625 ev=vr.xr hand yaw=-1.8619 r_valid=1 r_stale=0 r_fwd=-0.553,-0.829,0.079 r_up=0.754,-0.458,0.470 r_off=-0.468,-0.163,-0.360 r_palm=-0.438,-0.070,-0.382 l_valid=1 l_fwd=-0.710,-0.644,0.285 l_off=-0.023,-0.072,-0.339 h_off=-0.047,0.101,-0.070
client level=warn t=403750 ev=vr.body anchor=-2.3005 head_yaw=-0.7131 body_yaw=-2.9790 error=-0.0326 counts_per_rad=579 servo=1
client level=warn t=403750 ev=vr.pad stats injected=347 held=0 mouse=-1102,0 move=0.00,0.00 turn=0.00,0.00 trig=0.00,0.00 buttons=0x0
client level=info t=403891 ev=nettick stage=sample latch=1 callbacks=44545
client level=warn t=404594 ev=vr.xr hand yaw=-1.8619 r_valid=1 r_stale=0 r_fwd=-0.430,-0.842,0.327 r_up=-0.055,0.386,0.921 r_off=-0.485,-0.107,-0.288 r_palm=-0.443,-0.039,-0.347 l_valid=1 l_fwd=-0.743,-0.614,0.267 l_off=-0.023,-0.067,-0.338 h_off=-0.044,0.112,-0.044
client level=warn t=404594 ev=vr.xr pose fwd=-0.833,-0.262,-0.487 off=-0.044,0.112,-0.044 fov=1.8850 aspect=0.964
client level=warn t=405532 ev=vr.xr hand yaw=-1.8619 r_valid=1 r_stale=0 r_fwd=-0.452,-0.826,0.337 r_up=-0.702,0.563,0.437 r_off=-0.531,-0.084,-0.298 r_palm=-0.467,-0.022,-0.343 l_valid=1 l_fwd=-0.754,-0.602,0.264 l_off=-0.023,-0.064,-0.339 h_off=-0.029,0.119,-0.008
client level=info t=405907 ev=nettick stage=sample latch=1 callbacks=44671
client level=warn t=406344 ev=vr.weapon callers path=getter D5D832:180 B363FA:540 B3598D:180 B40A78:0
client level=warn t=406344 ev=vr.weapon callers path=ptr D98F49:900 DB8CB6:180 12B0A09:180 16E8861:180 D8F242:180 12B2284:22 D2F672:22 D8B348:180 D8B9B5:180 D7FB5C:26 D8492B:65 D7FF2C:13 F4276C:0 CE3C40:0 129198E:0 B3CF7D:0 B35BEE:0 1292634:0
client level=warn t=406344 ev=vr.weapon callers path=xform D5896F:180
client level=warn t=406360 ev=vr.probe pose in_pos=785.98,164.66,26.30 in_fwd=-0.996,-0.019,0.090 in_fov=1.4242 out_pos=786.00,164.80,26.32 out_fwd=-0.992,-0.002,0.126 out_fov=1.8850
client level=warn t=406500 ev=vr.xr hand yaw=-1.8619 r_valid=1 r_stale=0 r_fwd=-0.821,0.050,0.569 r_up=0.445,-0.568,0.692 r_off=-0.606,0.170,0.028 r_palm=-0.542,0.183,-0.047 l_valid=1 l_fwd=-0.791,-0.517,0.328 l_off=-0.017,-0.053,-0.344 h_off=0.034,0.148,0.033
client level=warn t=406500 ev=vr.xr submit layers=1 result=0 fov=1.8850 aspect=0.9638
client level=warn t=406625 ev=vr.body anchor=-2.3005 head_yaw=-0.9045 body_yaw=3.0934 error=-0.0126 counts_per_rad=579 servo=1
client level=warn t=406625 ev=vr.pad stats injected=347 held=0 mouse=-984,0 move=0.00,0.00 turn=0.00,0.00 trig=0.00,0.00 buttons=0x0
client level=info t=407078 ev=retail site=89 text=networking:channel_manager:connect: channel 'dir:127.0.0.1(id=0):30994#bh64' (0) closing (local 47) due to timeout:
client level=info t=407078 ev=retail site=90 text=networking:channel_manager:connect:   time since activity 950<active-send-timeout(2000), time since inactivity 8000>drop-min-active-time(8000), time since receive 7888>recv-timeout(4000))
client level=info t=407078 ev=retail site=82 text=networking:channel:packet_loss_stats: [dir:127.0.0.1(id=0):30994#bh64] Incoming packet read result summary - 8 ok, 0 discard, 0 discard-expected, 0 corrupt
client level=info t=407078 ev=retail site=83 text=networking:channel:packet_loss_stats: [dir:127.0.0.1(id=0):30994#bh64] Outgoing packet delivery summary - 3 delivered, 0 of those out-of-order, 0 lost - highest loss fraction seen 0.000
client level=info t=407078 ev=retail site=86 text=networking:channel: channel dir:127.0.0.1(id=0):30994#bh64(id '47') (ra: ''dir:127.0.0.1(id=0):30994'') state change connected -> closed
client level=info t=407078 ev=retail site=87 text=networking:channel_manager: channel 'dir:127.0.0.1(id=0):30994#bh64' (0): channel closed (reason=channel-manager-connected-timeout) because 'dir:127.0.0.1(id=0):30994' can't be reached, resetting security
server level=info t=407078 ev=gameplay stage=peer result=closed reason=12
server level=info t=407094 ev=gameplay stage=connect result=ok peer=2003 local=0x0000000D remote=0x00000030 rebuilt=0
server level=info t=407094 ev=gameplay stage=establish result=queued local=0x0000000D remote=0x00000030
client level=warn t=407438 ev=vr.xr hand yaw=-1.8619 r_valid=1 r_stale=0 r_fwd=-0.908,-0.225,0.353 r_up=0.375,-0.063,0.925 r_off=-0.611,0.211,0.043 r_palm=-0.536,0.234,-0.019 l_valid=1 l_fwd=-0.787,-0.511,0.346 l_off=-0.014,-0.056,-0.342 h_off=0.035,0.166,0.031
client level=warn t=407438 ev=vr.xr pose fwd=-0.976,0.123,0.178 off=0.035,0.166,0.031 fov=1.8850 aspect=0.964
client level=info t=407907 ev=nettick stage=sample latch=1 callbacks=44798
server level=info t=408125 ev=gameplay stage=message result=ok id=8 peerstage=5
server level=info t=408125 ev=gameplay stage=sendqueue result=cleared packet=1 base=5 entries=0
server level=info t=408203 ev=gameplay stage=message result=ok id=40 peerstage=5
server level=info t=408203 ev=gameplay stage=view result=queued remote=1 local=1 token=0x9EAA300100200001 list=0
server level=info t=408266 ev=gameplay stage=message result=ok id=40 peerstage=5
server level=info t=408266 ev=gameplay stage=view result=queued remote=2 local=2 token=0x9EAA300100200001 list=15
server level=info t=408266 ev=gameplay stage=sendqueue result=cleared packet=7 base=7 entries=0
server level=info t=408328 ev=gameplay stage=message result=ok id=40 peerstage=5
server level=info t=408328 ev=gameplay stage=view result=queued remote=3 local=3 token=0x9EAA300100200001 list=0
server level=info t=408328 ev=gameplay stage=message result=ok id=40 peerstage=5
server level=info t=408328 ev=gameplay stage=view result=queued remote=4 local=4 token=0x9EAA300100200001 list=0
server level=info t=408328 ev=gameplay stage=sendqueue result=cleared packet=8 base=8 entries=0
client level=warn t=408391 ev=vr.xr hand yaw=-1.8619 r_valid=1 r_stale=0 r_fwd=-0.628,-0.659,0.414 r_up=0.707,-0.261,0.657 r_off=-0.480,0.118,0.007 r_palm=-0.441,0.189,-0.052 l_valid=1 l_fwd=-0.783,-0.524,0.336 l_off=-0.010,-0.059,-0.344 h_off=0.024,0.151,0.022
client level=warn t=409203 ev=vr.weapon callers path=getter D5D832:180 B363FA:540 B3598D:180 B40A78:0
client level=warn t=409203 ev=vr.weapon callers path=ptr D98F49:900 DB8CB6:180 12B0A09:180 16E8861:180 D8F242:180 12B2284:23 D2F672:23 D8B348:180 D8B9B5:180 D7FB5C:28 D8492B:71 D7FF2C:15 F4276C:0 CE3C40:0 129198E:0 B3CF7D:0 B35BEE:0 1292634:0
client level=warn t=409203 ev=vr.weapon callers path=xform D5896F:180
client level=warn t=409203 ev=vr.probe pose in_pos=785.98,164.66,26.30 in_fwd=-0.995,-0.047,0.090 in_fov=1.4242 out_pos=785.97,164.81,26.30 out_fwd=-0.994,-0.038,-0.106 out_fov=1.8850
client level=warn t=409344 ev=vr.xr hand yaw=-1.8619 r_valid=1 r_stale=0 r_fwd=-0.242,-0.721,0.649 r_up=0.469,-0.673,-0.572 r_off=-0.346,0.092,-0.083 r_palm=-0.337,0.181,-0.128 l_valid=1 l_fwd=-0.798,-0.515,0.314 l_off=-0.011,-0.054,-0.342 h_off=-0.012,0.155,0.004
client level=warn t=409469 ev=vr.body anchor=-2.3005 head_yaw=-0.7948 body_yaw=-3.0947 error=-0.0016 counts_per_rad=579 servo=1
client level=warn t=409469 ev=vr.pad stats injected=347 held=0 mouse=-1041,0 move=0.00,0.00 turn=0.00,0.00 trig=0.00,0.00 buttons=0x0
client level=info t=409907 ev=nettick stage=sample latch=1 callbacks=44924
client level=warn t=410282 ev=vr.xr hand yaw=-1.8619 r_valid=1 r_stale=0 r_fwd=-0.202,-0.738,0.643 r_up=0.638,-0.597,-0.486 r_off=-0.312,0.084,-0.085 r_palm=-0.312,0.172,-0.132 l_valid=1 l_fwd=-0.796,-0.510,0.325 l_off=-0.010,-0.052,-0.340 h_off=-0.008,0.152,0.004
client level=warn t=410282 ev=vr.xr pose fwd=-0.991,-0.067,-0.116 off=-0.008,0.152,0.004 fov=1.8850 aspect=0.964
client level=warn t=411266 ev=vr.xr hand yaw=-1.8619 r_valid=1 r_stale=0 r_fwd=-0.073,-0.620,0.781 r_up=0.710,-0.582,-0.396 r_off=-0.309,0.102,-0.091 r_palm=-0.324,0.179,-0.153 l_valid=1 l_fwd=-0.791,-0.512,0.336 l_off=-0.010,-0.051,-0.341 h_off=0.049,0.118,0.045
client level=warn t=411266 ev=vr.xr submit layers=1 result=0 fov=1.8850 aspect=0.9638
client level=info t=411907 ev=nettick stage=sample latch=1 callbacks=45050
client level=warn t=412063 ev=vr.weapon callers path=getter D5D832:180 B363FA:540 B3598D:180 B40A78:0
client level=warn t=412063 ev=vr.weapon callers path=ptr D98F49:900 DB8CB6:180 12B0A09:180 16E8861:180 D8F242:180 12B2284:22 D2F672:22 D8B348:180 D8B9B5:180 D7FB5C:30 D8492B:75 D7FF2C:15 F4276C:0 CE3C40:0 129198E:0 B3CF7D:0 B35BEE:0 1292634:0
client level=warn t=412063 ev=vr.weapon callers path=xform D5896F:180
client level=warn t=412063 ev=vr.probe pose in_pos=785.98,164.66,26.30 in_fwd=-0.992,-0.090,0.090 in_fov=1.4242 out_pos=786.01,164.80,26.33 out_fwd=-0.983,-0.093,0.157 out_fov=1.8850
client level=warn t=412203 ev=vr.xr hand yaw=-1.8619 r_valid=1 r_stale=0 r_fwd=-0.231,-0.430,0.873 r_up=0.513,0.709,0.484 r_off=-0.320,0.125,-0.066 r_palm=-0.314,0.145,-0.163 l_valid=1 l_fwd=-0.781,-0.514,0.355 l_off=-0.011,-0.054,-0.339 h_off=0.034,0.140,0.035
client level=warn t=412328 ev=vr.body anchor=-2.3005 head_yaw=-0.7517 body_yaw=-3.0377 error=-0.0119 counts_per_rad=579 servo=1
client level=warn t=412328 ev=vr.pad stats injected=347 held=0 mouse=-1072,0 move=0.00,0.00 turn=0.00,0.00 trig=0.00,0.00 buttons=0x0
client level=warn t=413157 ev=vr.xr hand yaw=-1.8619 r_valid=1 r_stale=0 r_fwd=0.437,-0.578,0.689 r_up=-0.358,0.591,0.723 r_off=-0.342,0.238,-0.129 r_palm=-0.373,0.276,-0.216 l_valid=1 l_fwd=-0.775,-0.525,0.353 l_off=-0.007,-0.058,-0.342 h_off=0.046,0.144,0.040
client level=warn t=413157 ev=vr.xr pose fwd=-0.962,-0.027,0.270 off=0.046,0.144,0.040 fov=1.8850 aspect=0.964
client level=info t=413907 ev=nettick stage=sample latch=1 callbacks=45177
client level=warn t=414078 ev=vr.xr hand yaw=-1.8619 r_valid=1 r_stale=0 r_fwd=0.181,-0.850,0.495 r_up=-0.347,0.416,0.841 r_off=-0.429,0.291,-0.120 r_palm=-0.436,0.359,-0.192 l_valid=1 l_fwd=-0.776,-0.534,0.336 l_off=-0.005,-0.061,-0.345 h_off=0.000,0.147,-0.007
client level=warn t=414875 ev=vr.weapon callers path=getter D5D832:180 B363FA:540 B3598D:180 B40A78:0
client level=warn t=414875 ev=vr.weapon callers path=ptr D98F49:900 DB8CB6:180 12B0A09:180 16E8861:180 D8F242:180 12B2284:23 D2F672:23 D8B348:180 D8B9B5:180 D7FB5C:30 D8492B:72 D7FF2C:14 F4276C:0 CE3C40:0 129198E:0 B3CF7D:0 B35BEE:0 1292634:0
client level=warn t=414875 ev=vr.weapon callers path=xform D5896F:180
client level=warn t=414875 ev=vr.probe pose in_pos=785.98,164.66,26.30 in_fwd=-0.995,0.034,0.090 in_fov=1.4242 out_pos=785.98,164.80,26.30 out_fwd=-0.986,0.032,-0.163 out_fov=1.8850
client level=warn t=415016 ev=vr.xr hand yaw=-1.8619 r_valid=1 r_stale=0 r_fwd=-0.895,0.133,0.425 r_up=0.348,-0.387,0.854 r_off=-0.576,0.279,-0.161 r_palm=-0.501,0.278,-0.227 l_valid=1 l_fwd=-0.781,-0.526,0.338 l_off=-0.006,-0.059,-0.343 h_off=0.002,0.145,0.000
client level=warn t=415141 ev=vr.body anchor=-2.3005 head_yaw=-0.8748 body_yaw=3.1107 error=-0.0008 counts_per_rad=579 servo=1
client level=warn t=415141 ev=vr.pad stats injected=347 held=0 mouse=-996,0 move=0.00,0.00 turn=0.00,0.00 trig=0.00,0.00 buttons=0x0
client level=info t=415907 ev=nettick stage=sample latch=1 callbacks=45305
client level=warn t=415953 ev=vr.xr hand yaw=-1.8619 r_valid=1 r_stale=0 r_fwd=-0.704,-0.707,0.072 r_up=-0.227,0.320,0.920 r_off=-0.528,0.047,-0.097 r_palm=-0.455,0.104,-0.131 l_valid=1 l_fwd=-0.766,-0.542,0.347 l_off=-0.001,-0.066,-0.340 h_off=0.009,0.133,0.006
client level=warn t=415953 ev=vr.xr pose fwd=-0.983,-0.146,-0.116 off=0.009,0.133,0.006 fov=1.8850 aspect=0.964
client level=warn t=415953 ev=vr.xr submit layers=1 result=0 fov=1.8850 aspect=0.9638
client level=info t=416157 ev=retail site=89 text=networking:channel_manager:connect: channel 'dir:127.0.0.1(id=0):30994#bh64' (0) closing (local 48) due to timeout:
client level=info t=416157 ev=retail site=90 text=networking:channel_manager:connect:   time since activity 943<active-send-timeout(2000), time since inactivity 8008>drop-min-active-time(8000), time since receive 7879>recv-timeout(4000))
client level=info t=416157 ev=retail site=82 text=networking:channel:packet_loss_stats: [dir:127.0.0.1(id=0):30994#bh64] Incoming packet read result summary - 8 ok, 0 discard, 0 discard-expected, 0 corrupt
client level=info t=416157 ev=retail site=83 text=networking:channel:packet_loss_stats: [dir:127.0.0.1(id=0):30994#bh64] Outgoing packet delivery summary - 3 delivered, 0 of those out-of-order, 0 lost - highest loss fraction seen 0.000
client level=info t=416157 ev=retail site=86 text=networking:channel: channel dir:127.0.0.1(id=0):30994#bh64(id '48') (ra: ''dir:127.0.0.1(id=0):30994'') state change connected -> closed
client level=info t=416157 ev=retail site=87 text=networking:channel_manager: channel 'dir:127.0.0.1(id=0):30994#bh64' (0): channel closed (reason=channel-manager-connected-timeout) because 'dir:127.0.0.1(id=0):30994' can't be reached, resetting security
server level=info t=416157 ev=gameplay stage=peer result=closed reason=12
server level=info t=416188 ev=gameplay stage=connect result=ok peer=2003 local=0x0000000E remote=0x00000035 rebuilt=0
server level=info t=416188 ev=gameplay stage=establish result=queued local=0x0000000E remote=0x00000035
client level=warn t=416922 ev=vr.xr hand yaw=-1.8619 r_valid=1 r_stale=0 r_fwd=-0.913,-0.401,-0.079 r_up=-0.056,-0.071,0.996 r_off=-0.590,-0.136,-0.111 r_palm=-0.501,-0.096,-0.134 l_valid=1 l_fwd=-0.770,-0.538,0.343 l_off=-0.002,-0.064,-0.338 h_off=0.016,0.122,0.006
server level=info t=417203 ev=gameplay stage=message result=ok id=8 peerstage=5
server level=info t=417203 ev=gameplay stage=sendqueue result=cleared packet=1 base=4 entries=0
server level=info t=417282 ev=gameplay stage=message result=ok id=40 peerstage=5
server level=info t=417282 ev=gameplay stage=view result=queued remote=1 local=1 token=0x9EAA300100200001 list=0
server level=info t=417360 ev=gameplay stage=message result=ok id=40 peerstage=5
server level=info t=417360 ev=gameplay stage=view result=queued remote=2 local=2 token=0x9EAA300100200001 list=15
server level=info t=417360 ev=gameplay stage=sendqueue result=cleared packet=7 base=7 entries=0
server level=info t=417407 ev=gameplay stage=message result=ok id=40 peerstage=5
server level=info t=417407 ev=gameplay stage=view result=queued remote=3 local=3 token=0x9EAA300100200001 list=0
server level=info t=417407 ev=gameplay stage=message result=ok id=40 peerstage=5
server level=info t=417407 ev=gameplay stage=view result=queued remote=4 local=4 token=0x9EAA300100200001 list=0
server level=info t=417422 ev=gameplay stage=sendqueue result=cleared packet=8 base=8 entries=0
client level=warn t=417750 ev=vr.weapon callers path=getter D5D832:180 B363FA:540 B3598D:180 B40A78:2
client level=warn t=417750 ev=vr.weapon callers path=ptr D98F49:900 DB8CB6:180 12B0A09:180 16E8861:180 D8F242:180 12B2284:23 D2F672:23 D8B348:180 D8B9B5:180 D7FB5C:28 D8492B:73 D7FF2C:15 F4276C:0 CE3C40:1 129198E:0 B3CF7D:0 B35BEE:0 1292634:0
client level=warn t=417750 ev=vr.weapon callers path=xform D5896F:180
client level=warn t=417750 ev=vr.probe pose in_pos=785.98,164.66,26.30 in_fwd=-0.952,-0.284,0.115 in_fov=1.4242 out_pos=786.00,164.78,26.31 out_fwd=-0.953,-0.289,-0.095 out_fov=1.8850
client level=warn t=417891 ev=vr.xr hand yaw=-1.8619 r_valid=1 r_stale=0 r_fwd=-0.965,-0.252,0.078 r_up=0.171,-0.372,0.912 r_off=-0.602,-0.117,-0.112 r_palm=-0.516,-0.082,-0.147 l_valid=1 l_fwd=-0.773,-0.538,0.338 l_off=-0.001,-0.064,-0.340 h_off=0.018,0.125,0.010
client level=info t=417907 ev=nettick stage=sample latch=1 callbacks=45429
client level=warn t=418032 ev=vr.body anchor=-2.3005 head_yaw=-0.5702 body_yaw=-2.8618 error=-0.0082 counts_per_rad=697 servo=1
client level=warn t=418032 ev=vr.pad stats injected=349 held=0 mouse=-1171,0 move=0.00,0.00 turn=0.00,0.00 trig=0.00,0.00 buttons=0x0
client level=warn t=418860 ev=vr.xr hand yaw=-1.8619 r_valid=1 r_stale=0 r_fwd=-0.952,-0.294,0.087 r_up=0.176,-0.290,0.941 r_off=-0.618,-0.095,-0.119 r_palm=-0.533,-0.059,-0.155 l_valid=1 l_fwd=-0.776,-0.534,0.336 l_off=-0.004,-0.062,-0.342 h_off=0.023,0.116,0.012
client level=warn t=418860 ev=vr.xr pose fwd=-0.915,-0.397,-0.068 off=0.023,0.116,0.012 fov=1.8850 aspect=0.964
client level=warn t=419813 ev=vr.xr hand yaw=-1.8619 r_valid=1 r_stale=0 r_fwd=-0.948,-0.311,0.074 r_up=0.169,-0.292,0.941 r_off=-0.619,-0.093,-0.126 r_palm=-0.534,-0.055,-0.161 l_valid=1 l_fwd=-0.777,-0.534,0.334 l_off=-0.004,-0.061,-0.342 h_off=0.024,0.113,0.013
client level=info t=419907 ev=nettick stage=sample latch=1 callbacks=45554
client level=info t=420000 ev=retail site=80 text=networking:bandwidth: min_channels: 0 max channels: 1 max bps: 79104 avg cong bps: -1 low cong bps: -1 hi cong bps: -1 lat avg: -1 lat hi avg: 0 lat avg var: -1 pct loss: 0.00 pct loss hi avg: [0.00].
client level=info t=420000 ev=retail site=81 text=networking:bandwidth: machine [A3:28:E9:BE:41:8B:5A5A] longest reception gap [67ms] longest ack gap [82ms] pct loss [0.00] disc count [0] sps [16] rps [0] bh: [y].
client level=warn t=420610 ev=vr.weapon callers path=getter D5D832:180 B363FA:540 B3598D:180 B40A78:4
client level=warn t=420610 ev=vr.weapon callers path=ptr D98F49:900 DB8CB6:180 12B0A09:180 16E8861:180 D8F242:180 12B2284:25 D2F672:25 D8B348:180 D8B9B5:180 D7FB5C:30 D8492B:74 D7FF2C:14 F4276C:0 CE3C40:2 129198E:0 B3CF7D:0 B35BEE:0 1292634:0
client level=warn t=420610 ev=vr.weapon callers path=xform D5896F:180
client level=warn t=420625 ev=vr.probe pose in_pos=785.98,164.66,26.30 in_fwd=-0.891,-0.439,0.113 in_fov=1.4242 out_pos=786.01,164.77,26.31 out_fwd=-0.896,-0.441,-0.043 out_fov=1.8850
client level=warn t=420766 ev=vr.xr hand yaw=-1.8619 r_valid=1 r_stale=0 r_fwd=-0.861,-0.502,-0.074 r_up=-0.027,-0.100,0.995 r_off=-0.597,-0.128,-0.130 r_palm=-0.514,-0.077,-0.153 l_valid=1 l_fwd=-0.778,-0.533,0.333 l_off=-0.004,-0.062,-0.342 h_off=0.025,0.113,0.014
client level=warn t=420766 ev=vr.xr submit layers=1 result=0 fov=1.8850 aspect=0.9638
client level=warn t=420875 ev=vr.body anchor=-2.3005 head_yaw=-0.3846 body_yaw=-2.6836 error=-0.0015 counts_per_rad=579 servo=1
client level=warn t=420875 ev=vr.pad stats injected=353 held=0 mouse=-1275,0 move=0.00,0.00 turn=0.00,0.00 trig=0.00,0.00 buttons=0x0
client level=info t=421219 ev=retail site=82 text=networking:channel:packet_loss_stats: [dir:127.0.0.1(id=0):30994#bh64] Incoming packet read result summary - 8 ok, 0 discard, 0 discard-expected, 0 corrupt
client level=info t=421219 ev=retail site=83 text=networking:channel:packet_loss_stats: [dir:127.0.0.1(id=0):30994#bh64] Outgoing packet delivery summary - 3 delivered, 0 of those out-of-order, 0 lost - highest loss fraction seen 0.000
client level=info t=421219 ev=retail site=84 text=networking:stream_manager:retail: # 0 rx 0.0/rxbps 0.0kb tx16.0/txbps56.6kb cx15.0pkts/33.0cxkbps lat=  0avg,  -1cg to=9999 aloc45.0kb max513.0kbps, loss=0.00pct loss dev 2.00pct rel=N, name=                            bh64
client level=info t=421219 ev=retail site=85 text=networking:stream_manager:retail: Local peer network quality = 1.000000/1.0, worst_axis = -1
client level=warn t=421688 ev=vr.xr hand yaw=-1.8619 r_valid=1 r_stale=0 r_fwd=-0.585,-0.775,0.241 r_up=-0.565,0.602,0.564 r_off=-0.575,-0.103,-0.086 r_palm=-0.503,-0.048,-0.125 l_valid=1 l_fwd=-0.776,-0.531,0.340 l_off=-0.004,-0.062,-0.341 h_off=0.026,0.122,0.015
client level=warn t=421688 ev=vr.xr pose fwd=-0.932,-0.361,-0.037 off=0.026,0.122,0.015 fov=1.8850 aspect=0.964
client level=info t=421907 ev=nettick stage=sample latch=1 callbacks=45682
client level=warn t=422672 ev=vr.xr hand yaw=-1.8619 r_valid=1 r_stale=0 r_fwd=-0.853,0.113,0.510 r_up=0.391,-0.507,0.768 r_off=-0.630,0.259,-0.018 r_palm=-0.560,0.263,-0.090 l_valid=1 l_fwd=-0.787,-0.513,0.344 l_off=-0.009,-0.053,-0.344 h_off=0.021,0.174,0.021
client level=warn t=423485 ev=vr.weapon callers path=getter D5D832:180 B363FA:540 B3598D:180 B40A78:6
client level=warn t=423485 ev=vr.weapon callers path=ptr D98F49:900 DB8CB6:180 12B0A09:180 16E8861:180 D8F242:180 12B2284:26 D2F672:26 D8B348:180 D8B9B5:180 D7FB5C:28 D8492B:71 D7FF2C:15 F4276C:0 CE3C40:3 129198E:0 B3CF7D:0 B35BEE:0 1292634:0
client level=warn t=423485 ev=vr.weapon callers path=xform D5896F:180
client level=warn t=423500 ev=vr.probe pose in_pos=785.98,164.66,26.30 in_fwd=-0.987,0.082,0.139 in_fov=1.4242 out_pos=786.00,164.83,26.31 out_fwd=-0.997,0.075,0.032 out_fov=1.8850
client level=warn t=423657 ev=vr.xr hand yaw=-1.8619 r_valid=1 r_stale=0 r_fwd=-0.988,-0.108,0.114 r_up=0.100,0.124,0.987 r_off=-0.657,0.226,-0.079 r_palm=-0.566,0.233,-0.120 l_valid=1 l_fwd=-0.784,-0.518,0.342 l_off=-0.006,-0.056,-0.344 h_off=0.017,0.171,0.018
client level=warn t=423782 ev=vr.body anchor=-2.3005 head_yaw=-0.9227 body_yaw=3.0584 error=0.0014 counts_per_rad=595 servo=1
client level=warn t=423782 ev=vr.pad stats injected=367 held=0 mouse=-963,0 move=0.00,0.00 turn=0.00,0.00 trig=0.00,0.00 buttons=0x0
client level=info t=423907 ev=nettick stage=sample latch=1 callbacks=45805
client level=warn t=424594 ev=vr.xr hand yaw=-1.8619 r_valid=1 r_stale=0 r_fwd=-0.934,0.036,0.355 r_up=0.234,-0.689,0.686 r_off=-0.651,0.220,-0.093 r_palm=-0.570,0.237,-0.147 l_valid=1 l_fwd=-0.787,-0.519,0.335 l_off=-0.006,-0.055,-0.346 h_off=0.010,0.168,0.014
client level=warn t=424594 ev=vr.xr pose fwd=-0.996,0.083,-0.017 off=0.010,0.168,0.014 fov=1.8850 aspect=0.964
client level=info t=425235 ev=retail site=89 text=networking:channel_manager:connect: channel 'dir:127.0.0.1(id=0):30994#bh64' (0) closing (local 53) due to timeout:
client level=info t=425235 ev=retail site=90 text=networking:channel_manager:connect:   time since activity 973<active-send-timeout(2000), time since inactivity 8011>drop-min-active-time(8000), time since receive 7881>recv-timeout(4000))
client level=info t=425235 ev=retail site=82 text=networking:channel:packet_loss_stats: [dir:127.0.0.1(id=0):30994#bh64] Incoming packet read result summary - 0 ok, 0 discard, 0 discard-expected, 0 corrupt
client level=info t=425235 ev=retail site=83 text=networking:channel:packet_loss_stats: [dir:127.0.0.1(id=0):30994#bh64] Outgoing packet delivery summary - 0 delivered, 0 of those out-of-order, 0 lost - highest loss fraction seen 0.000
client level=info t=425235 ev=retail site=86 text=networking:channel: channel dir:127.0.0.1(id=0):30994#bh64(id '53') (ra: ''dir:127.0.0.1(id=0):30994'') state change connected -> closed
client level=info t=425235 ev=retail site=87 text=networking:channel_manager: channel 'dir:127.0.0.1(id=0):30994#bh64' (0): channel closed (reason=channel-manager-connected-timeout) because 'dir:127.0.0.1(id=0):30994' can't be reached, resetting security
server level=info t=425250 ev=gameplay stage=peer result=closed reason=12
server level=info t=425266 ev=gameplay stage=connect result=ok peer=2003 local=0x0000000F remote=0x0000003A rebuilt=0
server level=info t=425266 ev=gameplay stage=establish result=queued local=0x0000000F remote=0x0000003A
client level=warn t=425532 ev=vr.xr hand yaw=-1.8619 r_valid=1 r_stale=0 r_fwd=-0.688,0.012,0.726 r_up=0.057,-0.996,0.071 r_off=-0.648,0.240,-0.079 r_palm=-0.585,0.269,-0.150 l_valid=1 l_fwd=-0.787,-0.520,0.334 l_off=-0.006,-0.056,-0.347 h_off=0.006,0.166,0.009
client level=warn t=425532 ev=vr.xr submit layers=1 result=0 fov=1.8850 aspect=0.9638
client level=info t=425907 ev=nettick stage=sample latch=1 callbacks=45933
server level=info t=426297 ev=gameplay stage=message result=ok id=8 peerstage=5
server level=info t=426297 ev=gameplay stage=sendqueue result=cleared packet=1 base=5 entries=0
client level=warn t=426313 ev=vr.weapon callers path=getter D5D832:180 B363FA:540 B3598D:180 B40A78:0
client level=warn t=426313 ev=vr.weapon callers path=ptr D98F49:900 DB8CB6:180 12B0A09:180 16E8861:180 D8F242:180 12B2284:26 D2F672:23 D8B348:180 D8B9B5:180 D7FB5C:29 D8492B:70 D7FF2C:14 F4276C:0 CE3C40:0 129198E:0 B3CF7D:0 B35BEE:0 1292634:0
client level=warn t=426313 ev=vr.weapon callers path=xform D5896F:180
client level=warn t=426328 ev=vr.probe pose in_pos=785.98,164.65,26.30 in_fwd=-0.994,0.062,0.090 in_fov=1.4242 out_pos=785.98,164.82,26.31 out_fwd=-0.996,0.069,-0.065 out_fov=1.8850
server level=info t=426360 ev=gameplay stage=message result=ok id=40 peerstage=5
server level=info t=426360 ev=gameplay stage=view result=queued remote=1 local=1 token=0x9EAA300100200001 list=0
server level=info t=426438 ev=gameplay stage=message result=ok id=40 peerstage=5
server level=info t=426438 ev=gameplay stage=view result=queued remote=2 local=2 token=0x9EAA300100200001 list=15
server level=info t=426438 ev=gameplay stage=sendqueue result=cleared packet=7 base=7 entries=0
client level=warn t=426453 ev=vr.xr hand yaw=-1.8619 r_valid=1 r_stale=0 r_fwd=-0.722,-0.027,0.692 r_up=0.085,-0.995,0.051 r_off=-0.651,0.231,-0.081 r_palm=-0.585,0.263,-0.148 l_valid=1 l_fwd=-0.786,-0.520,0.334 l_off=-0.006,-0.057,-0.346 h_off=0.006,0.166,0.010
server level=info t=426500 ev=gameplay stage=message result=ok id=40 peerstage=5
server level=info t=426500 ev=gameplay stage=view result=queued remote=3 local=3 token=0x9EAA300100200001 list=0
server level=info t=426500 ev=gameplay stage=message result=ok id=40 peerstage=5
server level=info t=426500 ev=gameplay stage=view result=queued remote=4 local=4 token=0x9EAA300100200001 list=0
server level=info t=426500 ev=gameplay stage=sendqueue result=cleared packet=8 base=8 entries=0
client level=warn t=426578 ev=vr.body anchor=-2.3005 head_yaw=-0.9090 body_yaw=3.0792 error=-0.0046 counts_per_rad=587 servo=1
client level=warn t=426578 ev=vr.pad stats injected=367 held=0 mouse=-975,0 move=0.00,0.00 turn=0.00,0.00 trig=0.00,0.00 buttons=0x0
client level=warn t=427391 ev=vr.xr hand yaw=-1.8619 r_valid=1 r_stale=0 r_fwd=-0.829,-0.184,0.529 r_up=0.344,-0.912,0.223 r_off=-0.637,0.184,-0.090 r_palm=-0.568,0.229,-0.147 l_valid=1 l_fwd=-0.785,-0.523,0.332 l_off=-0.006,-0.058,-0.346 h_off=0.004,0.167,0.008
client level=warn t=427391 ev=vr.xr pose fwd=-0.994,0.076,-0.078 off=0.004,0.167,0.008 fov=1.8850 aspect=0.964
client level=info t=427907 ev=nettick stage=sample latch=1 callbacks=46062
client level=warn t=428313 ev=vr.xr hand yaw=-1.8619 r_valid=1 r_stale=0 r_fwd=-0.103,-0.749,0.655 r_up=-0.025,-0.656,-0.754 r_off=-0.571,0.120,-0.093 r_palm=-0.561,0.211,-0.132 l_valid=1 l_fwd=-0.785,-0.524,0.331 l_off=-0.004,-0.057,-0.346 h_off=0.004,0.167,0.009
server level=info t=428922 ev=ws701 stage=profile_setup result=complete
server level=info t=428922 ev=activity stage=writeback result=ok world_state=8
client level=warn t=429125 ev=vr.weapon callers path=getter D5D832:180 B363FA:540 B3598D:180 B40A78:0
client level=warn t=429125 ev=vr.weapon callers path=ptr D98F49:900 DB8CB6:180 12B0A09:180 16E8861:180 D8F242:180 12B2284:23 D2F672:22 D8B348:180 D8B9B5:180 D7FB5C:25 D8492B:65 D7FF2C:12 F4276C:0 CE3C40:0 129198E:0 B3CF7D:0 B35BEE:0 1292634:0
client level=warn t=429125 ev=vr.weapon callers path=xform D5896F:180
client level=warn t=429141 ev=vr.probe pose in_pos=785.98,164.66,26.30 in_fwd=-0.960,0.266,0.090 in_fov=1.4242 out_pos=785.98,164.84,26.30 out_fwd=-0.956,0.274,-0.102 out_fov=1.8850
client level=warn t=429282 ev=vr.xr hand yaw=-1.8619 r_valid=1 r_stale=0 r_fwd=0.460,-0.887,-0.043 r_up=0.021,0.059,-0.998 r_off=-0.520,0.081,-0.074 r_palm=-0.564,0.163,-0.040 l_valid=1 l_fwd=-0.800,-0.513,0.312 l_off=-0.011,-0.052,-0.348 h_off=0.012,0.189,0.020
client level=warn t=429407 ev=vr.body anchor=-2.3005 head_yaw=-1.0866 body_yaw=2.8838 error=0.0119 counts_per_rad=579 servo=1
client level=warn t=429407 ev=vr.pad stats injected=367 held=0 mouse=-864,0 move=0.00,0.00 turn=0.00,0.00 trig=0.00,0.00 buttons=0x0
client level=info t=429907 ev=nettick stage=sample latch=1 callbacks=46188
client level=warn t=430219 ev=vr.xr hand yaw=-1.8619 r_valid=1 r_stale=0 r_fwd=-0.943,-0.276,-0.188 r_up=-0.308,0.500,0.810 r_off=-0.634,0.169,-0.023 r_palm=-0.535,0.180,-0.029 l_valid=1 l_fwd=-0.775,-0.536,0.336 l_off=-0.004,-0.060,-0.350 h_off=0.030,0.161,0.017
client level=warn t=430219 ev=vr.xr pose fwd=-0.995,0.099,0.015 off=0.030,0.161,0.017 fov=1.8850 aspect=0.964
client level=warn t=430219 ev=vr.xr submit layers=1 result=0 fov=1.8850 aspect=0.9638
client level=warn t=431172 ev=vr.xr hand yaw=-1.8619 r_valid=1 r_stale=0 r_fwd=-0.899,-0.412,0.147 r_up=-0.239,0.744,0.624 r_off=-0.580,0.296,-0.231 r_palm=-0.487,0.313,-0.264 l_valid=1 l_fwd=-0.903,-0.389,0.181 l_off=-0.039,-0.019,-0.362 h_off=-0.085,0.187,-0.064
client level=info t=431907 ev=nettick stage=sample latch=1 callbacks=46314
client level=warn t=431985 ev=vr.weapon callers path=getter D5D832:180 B363FA:540 B3598D:180 B40A78:0
client level=warn t=431985 ev=vr.weapon callers path=ptr D98F49:900 DB8CB6:180 12B0A09:180 16E8861:180 D8F242:180 12B2284:23 D2F672:23 D8B348:180 D8B9B5:180 D7FB5C:30 D8492B:70 D7FF2C:15 F4276C:0 CE3C40:0 129198E:0 B3CF7D:0 B35BEE:0 1292634:0
client level=warn t=431985 ev=vr.weapon callers path=xform D5896F:180
client level=warn t=431985 ev=vr.probe pose in_pos=785.98,164.66,26.30 in_fwd=-0.995,-0.034,0.090 in_fov=1.4242 out_pos=785.87,164.77,26.24 out_fwd=-0.859,-0.068,-0.507 out_fov=1.8850
client level=warn t=432125 ev=vr.xr hand yaw=-1.8619 r_valid=1 r_stale=0 r_fwd=-0.569,-0.769,0.289 r_up=0.818,-0.498,0.287 r_off=-0.426,-0.042,-0.303 r_palm=-0.396,0.046,-0.340 l_valid=1 l_fwd=-0.657,-0.743,0.127 l_off=-0.034,-0.072,-0.366 h_off=-0.082,0.083,-0.047
client level=warn t=432250 ev=vr.body anchor=-2.3005 head_yaw=-0.5848 body_yaw=-2.9156 error=0.0192 counts_per_rad=579 servo=1
client level=warn t=432250 ev=vr.pad stats injected=367 held=0 mouse=-1145,0 move=0.00,0.00 turn=0.00,0.00 trig=0.00,0.00 buttons=0x0
client level=warn t=433078 ev=vr.xr hand yaw=-1.8619 r_valid=1 r_stale=0 r_fwd=-0.657,-0.744,-0.123 r_up=0.579,-0.602,0.549 r_off=-0.447,-0.130,-0.373 r_palm=-0.402,-0.041,-0.377 l_valid=1 l_fwd=-0.286,-0.913,0.292 l_off=0.072,-0.150,-0.322 h_off=0.159,-0.042,-0.025
client level=warn t=433078 ev=vr.xr pose fwd=0.376,-0.884,-0.279 off=0.159,-0.042,-0.025 fov=1.8850 aspect=0.964
client level=info t=433907 ev=nettick stage=sample latch=1 callbacks=46439
client level=warn t=434047 ev=vr.xr hand yaw=-1.8619 r_valid=1 r_stale=0 r_fwd=-0.650,-0.752,-0.108 r_up=0.591,-0.590,0.551 r_off=-0.444,-0.128,-0.370 r_palm=-0.400,-0.039,-0.377 l_valid=1 l_fwd=0.175,-0.887,0.428 l_off=0.007,-0.244,-0.274 h_off=0.116,-0.052,-0.019
client level=info t=434328 ev=retail site=89 text=networking:channel_manager:connect: channel 'dir:127.0.0.1(id=0):30994#bh64' (0) closing (local 58) due to timeout:
client level=info t=434328 ev=retail site=90 text=networking:channel_manager:connect:   time since activity 883<active-send-timeout(2000), time since inactivity 8005>drop-min-active-time(8000), time since receive 7883>recv-timeout(4000))
client level=info t=434328 ev=retail site=82 text=networking:channel:packet_loss_stats: [dir:127.0.0.1(id=0):30994#bh64] Incoming packet read result summary - 8 ok, 0 discard, 0 discard-expected, 0 corrupt
client level=info t=434328 ev=retail site=83 text=networking:channel:packet_loss_stats: [dir:127.0.0.1(id=0):30994#bh64] Outgoing packet delivery summary - 3 delivered, 0 of those out-of-order, 0 lost - highest loss fraction seen 0.000
client level=info t=434328 ev=retail site=86 text=networking:channel: channel dir:127.0.0.1(id=0):30994#bh64(id '58') (ra: ''dir:127.0.0.1(id=0):30994'') state change connected -> closed
client level=info t=434328 ev=retail site=87 text=networking:channel_manager: channel 'dir:127.0.0.1(id=0):30994#bh64' (0): channel closed (reason=channel-manager-connected-timeout) because 'dir:127.0.0.1(id=0):30994' can't be reached, resetting security
server level=info t=434328 ev=gameplay stage=peer result=closed reason=12
server level=info t=434344 ev=gameplay stage=connect result=ok peer=2003 local=0x00000010 remote=0x0000003F rebuilt=0
server level=info t=434344 ev=gameplay stage=establish result=queued local=0x00000010 remote=0x0000003F
client level=warn t=434922 ev=vr.weapon callers path=getter D5D832:180 B363FA:540 B3598D:180 B40A78:0
client level=warn t=434922 ev=vr.weapon callers path=ptr D98F49:900 DB8CB6:180 12B0A09:180 16E8861:180 D8F242:180 12B2284:23 D2F672:23 D8B348:180 D8B9B5:180 D7FB5C:28 D8492B:75 D7FF2C:14 F4276C:0 CE3C40:0 129198E:0 B3CF7D:0 B35BEE:0 1292634:0
client level=warn t=434922 ev=vr.weapon callers path=xform D5896F:180
client level=warn t=434938 ev=vr.probe pose in_pos=785.98,164.66,26.30 in_fwd=0.380,-0.921,0.090 in_fov=1.4242 out_pos=786.22,164.58,26.31 out_fwd=0.425,-0.904,0.042 out_fov=1.8850
client level=warn t=435078 ev=vr.xr hand yaw=-1.8619 r_valid=1 r_stale=0 r_fwd=-0.650,-0.752,-0.108 r_up=0.591,-0.590,0.551 r_off=-0.443,-0.129,-0.371 r_palm=-0.399,-0.040,-0.377 l_valid=1 l_fwd=-0.010,-0.895,-0.445 l_off=-0.086,-0.384,-0.399 h_off=0.252,-0.086,0.018
client level=warn t=435078 ev=vr.xr submit layers=1 result=0 fov=1.8850 aspect=0.9638
client level=warn t=435203 ev=vr.body anchor=-2.3005 head_yaw=1.2674 body_yaw=-1.0305 error=0.0020 counts_per_rad=579 servo=1
client level=warn t=435203 ev=vr.pad stats injected=367 held=0 mouse=-2233,0 move=0.00,0.00 turn=0.00,0.00 trig=0.00,0.00 buttons=0x0
server level=info t=435375 ev=gameplay stage=message result=ok id=8 peerstage=5
server level=info t=435375 ev=gameplay stage=sendqueue result=cleared packet=1 base=5 entries=0
server level=info t=435453 ev=gameplay stage=message result=ok id=40 peerstage=5
server level=info t=435453 ev=gameplay stage=view result=queued remote=1 local=1 token=0x9EAA300100200001 list=0
server level=info t=435516 ev=gameplay stage=message result=ok id=40 peerstage=5
server level=info t=435516 ev=gameplay stage=view result=queued remote=2 local=2 token=0x9EAA300100200001 list=15
server level=info t=435516 ev=gameplay stage=sendqueue result=cleared packet=7 base=7 entries=0
server level=info t=435578 ev=gameplay stage=message result=ok id=40 peerstage=5
server level=info t=435578 ev=gameplay stage=view result=queued remote=3 local=3 token=0x9EAA300100200001 list=0
server level=info t=435578 ev=gameplay stage=message result=ok id=40 peerstage=5
server level=info t=435578 ev=gameplay stage=view result=queued remote=4 local=4 token=0x9EAA300100200001 list=0
server level=info t=435578 ev=gameplay stage=sendqueue result=cleared packet=8 base=8 entries=0
client level=info t=435907 ev=nettick stage=sample latch=1 callbacks=46561
client level=warn t=436032 ev=vr.xr hand yaw=-1.8619 r_valid=1 r_stale=0 r_fwd=-0.650,-0.752,-0.108 r_up=0.591,-0.590,0.550 r_off=-0.443,-0.128,-0.371 r_palm=-0.399,-0.039,-0.377 l_valid=1 l_fwd=-0.072,-0.855,-0.513 l_off=-0.100,-0.388,-0.413 h_off=0.392,-0.321,-0.136
client level=warn t=436032 ev=vr.xr pose fwd=0.303,-0.947,-0.112 off=0.392,-0.321,-0.136 fov=1.8850 aspect=0.964
client level=warn t=436516 ev=vr.probe state on=0 yaw=0.0 height=0.00 fov=0.0
client level=warn t=436766 ev=vr.camera toggle=off xr=shutdown reason=hand_headset_back
client level=info t=436766 ev=retail site=73 text=networking:update: *** it has been 240 milliseconds since the last network update (longest expected: '500')
client level=warn t=437297 ev=vr.weapon callers path=getter D5D832:180 B363FA:540 B3598D:180 B40A78:0
client level=warn t=437297 ev=vr.weapon callers path=ptr D98F49:900 DB8CB6:180 12B0A09:180 16E8861:180 D8F242:180 12B2284:18 D2F672:18 D8B348:180 D8B9B5:180 D7FB5C:28 D8492B:65 D7FF2C:14 F4276C:0 CE3C40:0 129198E:0 B3CF7D:0 B35BEE:0 1292634:0
client level=warn t=437297 ev=vr.weapon callers path=xform D5896F:180
client level=info t=437907 ev=nettick stage=sample latch=1 callbacks=46749
client level=warn t=438860 ev=vr.weapon callers path=getter D5D832:180 B363FA:540 B3598D:180 B40A78:0
client level=warn t=438860 ev=vr.weapon callers path=ptr D98F49:900 DB8CB6:180 12B0A09:180 16E8861:180 D8F242:180 12B2284:14 D2F672:14 D8B348:180 D8B9B5:180 D7FB5C:24 D8492B:65 D7FF2C:13 F4276C:0 CE3C40:0 129198E:0 B3CF7D:0 B35BEE:0 1292634:0
client level=warn t=438860 ev=vr.weapon callers path=xform D5896F:180
client level=info t=439907 ev=nettick stage=sample latch=1 callbacks=46976
client level=warn t=440453 ev=vr.weapon callers path=getter D5D832:180 B363FA:540 B3598D:180 B40A78:0
client level=warn t=440453 ev=vr.weapon callers path=ptr D98F49:900 DB8CB6:180 12B0A09:180 16E8861:180 D8F242:180 12B2284:14 D2F672:14 D8B348:180 D8B9B5:180 D7FB5C:27 D8492B:65 D7FF2C:13 F4276C:0 CE3C40:0 129198E:0 B3CF7D:0 B35BEE:0 1292634:0
client level=warn t=440453 ev=vr.weapon callers path=xform D5896F:180
client level=info t=441907 ev=nettick stage=sample latch=1 callbacks=47201
client level=warn t=442078 ev=vr.weapon callers path=getter D5D832:180 B363FA:540 B3598D:180 B40A78:0
client level=warn t=442078 ev=vr.weapon callers path=ptr D98F49:900 DB8CB6:180 12B0A09:78 16E8861:180 D8F242:180 12B2284:14 D2F672:14 D8B348:180 D8B9B5:180 D7FB5C:25 D8492B:61 D7FF2C:12 F4276C:0 CE3C40:0 129198E:0 B3CF7D:0 B35BEE:0 1292634:0
client level=warn t=442078 ev=vr.weapon callers path=xform D5896F:180
client level=info t=443407 ev=retail site=89 text=networking:channel_manager:connect: channel 'dir:127.0.0.1(id=0):30994#bh64' (0) closing (local 63) due to timeout:
client level=info t=443407 ev=retail site=90 text=networking:channel_manager:connect:   time since activity 155<active-send-timeout(2000), time since inactivity 8001>drop-min-active-time(8000), time since receive 7875>recv-timeout(4000))
client level=info t=443407 ev=retail site=82 text=networking:channel:packet_loss_stats: [dir:127.0.0.1(id=0):30994#bh64] Incoming packet read result summary - 8 ok, 0 discard, 0 discard-expected, 0 corrupt
client level=info t=443407 ev=retail site=83 text=networking:channel:packet_loss_stats: [dir:127.0.0.1(id=0):30994#bh64] Outgoing packet delivery summary - 3 delivered, 0 of those out-of-order, 0 lost - highest loss fraction seen 0.000
client level=info t=443407 ev=retail site=86 text=networking:channel: channel dir:127.0.0.1(id=0):30994#bh64(id '63') (ra: ''dir:127.0.0.1(id=0):30994'') state change connected -> closed
client level=info t=443407 ev=retail site=87 text=networking:channel_manager: channel 'dir:127.0.0.1(id=0):30994#bh64' (0): channel closed (reason=channel-manager-connected-timeout) because 'dir:127.0.0.1(id=0):30994' can't be reached, resetting security
server level=info t=443422 ev=gameplay stage=peer result=closed reason=12
server level=info t=443422 ev=gameplay stage=connect result=ok peer=2003 local=0x00000011 remote=0x00000040 rebuilt=0
server level=info t=443422 ev=gameplay stage=establish result=queued local=0x00000011 remote=0x00000040
client level=warn t=443594 ev=vr.weapon callers path=getter D5D832:180 B363FA:540 B3598D:180 B40A78:0
client level=warn t=443594 ev=vr.weapon callers path=ptr D98F49:900 DB8CB6:180 12B0A09:0 16E8861:180 D8F242:180 12B2284:14 D2F672:14 D8B348:180 D8B9B5:180 D7FB5C:18 D8492B:45 D7FF2C:9 F4276C:0 CE3C40:0 129198E:0 B3CF7D:0 B35BEE:62 1292634:0
client level=warn t=443594 ev=vr.weapon callers path=xform D5896F:180
client level=info t=443907 ev=nettick stage=sample latch=1 callbacks=47440
server level=info t=444422 ev=gameplay stage=message result=ok id=8 peerstage=5
server level=info t=444422 ev=gameplay stage=sendqueue result=cleared packet=1 base=5 entries=0
server level=info t=444453 ev=gameplay stage=message result=ok id=40 peerstage=5
server level=info t=444453 ev=gameplay stage=view result=queued remote=1 local=1 token=0x9EAA300100200001 list=0
server level=info t=444532 ev=gameplay stage=message result=ok id=40 peerstage=5
server level=info t=444532 ev=gameplay stage=view result=queued remote=2 local=2 token=0x9EAA300100200001 list=15
server level=info t=444532 ev=gameplay stage=sendqueue result=cleared packet=7 base=7 entries=0
server level=info t=444578 ev=gameplay stage=message result=ok id=40 peerstage=5
server level=info t=444578 ev=gameplay stage=view result=queued remote=3 local=3 token=0x9EAA300100200001 list=0
server level=info t=444578 ev=gameplay stage=message result=ok id=40 peerstage=5
server level=info t=444578 ev=gameplay stage=view result=queued remote=4 local=4 token=0x9EAA300100200001 list=0
server level=info t=444578 ev=gameplay stage=sendqueue result=cleared packet=8 base=8 entries=0
client level=warn t=444907 ev=vr.weapon callers path=getter D5D832:180 B363FA:540 B3598D:180 B40A78:0
client level=warn t=444907 ev=vr.weapon callers path=ptr D98F49:900 DB8CB6:180 12B0A09:0 16E8861:180 D8F242:180 12B2284:12 D2F672:12 D8B348:180 D8B9B5:180 D7FB5C:20 D8492B:54 D7FF2C:11 F4276C:0 CE3C40:0 129198E:0 B3CF7D:0 B35BEE:29 1292634:0
client level=warn t=444907 ev=vr.weapon callers path=xform D5896F:180
client level=info t=445907 ev=nettick stage=sample latch=1 callbacks=47639
client level=warn t=446594 ev=vr.weapon callers path=getter D5D832:180 B363FA:540 B3598D:180 B40A78:0
client level=warn t=446594 ev=vr.weapon callers path=ptr D98F49:900 DB8CB6:180 12B0A09:0 16E8861:180 D8F242:180 12B2284:14 D2F672:14 D8B348:180 D8B9B5:180 D7FB5C:26 D8492B:64 D7FF2C:12 F4276C:0 CE3C40:0 129198E:0 B3CF7D:0 B35BEE:0 1292634:0
client level=warn t=446594 ev=vr.weapon callers path=xform D5896F:180
client level=warn t=447610 ev=vr.weapon callers path=getter D5D832:180 B363FA:540 B3598D:180 B40A78:0
client level=warn t=447610 ev=vr.weapon callers path=ptr D98F49:900 DB8CB6:180 12B0A09:0 16E8861:180 D8F242:180 12B2284:9 D2F672:9 D8B348:180 D8B9B5:180 D7FB5C:22 D8492B:56 D7FF2C:11 F4276C:0 CE3C40:0 129198E:0 B3CF7D:0 B35BEE:0 1292634:0
client level=warn t=447610 ev=vr.weapon callers path=xform D5896F:180
client level=info t=447907 ev=nettick stage=sample latch=1 callbacks=47991
client level=warn t=448625 ev=vr.weapon callers path=getter D5D832:180 B363FA:540 B3598D:180 B40A78:0
client level=warn t=448625 ev=vr.weapon callers path=ptr D98F49:900 DB8CB6:180 12B0A09:0 16E8861:180 D8F242:180 12B2284:9 D2F672:9 D8B348:180 D8B9B5:180 D7FB5C:24 D8492B:59 D7FF2C:12 F4276C:0 CE3C40:0 129198E:0 B3CF7D:0 B35BEE:0 1292634:0
client level=warn t=448625 ev=vr.weapon callers path=xform D5896F:180
client level=warn t=449625 ev=vr.weapon callers path=getter D5D832:180 B363FA:540 B3598D:180 B40A78:0
client level=warn t=449625 ev=vr.weapon callers path=ptr D98F49:900 DB8CB6:180 12B0A09:0 16E8861:180 D8F242:180 12B2284:9 D2F672:9 D8B348:180 D8B9B5:180 D7FB5C:24 D8492B:60 D7FF2C:12 F4276C:0 CE3C40:0 129198E:0 B3CF7D:0 B35BEE:0 1292634:0
client level=warn t=449625 ev=vr.weapon callers path=xform D5896F:180
client level=info t=449907 ev=nettick stage=sample latch=1 callbacks=48348
client level=warn t=450641 ev=vr.weapon callers path=getter D5D832:180 B363FA:540 B3598D:180 B40A78:0
client level=warn t=450641 ev=vr.weapon callers path=ptr D98F49:900 DB8CB6:180 12B0A09:0 16E8861:180 D8F242:180 12B2284:10 D2F672:10 D8B348:180 D8B9B5:180 D7FB5C:24 D8492B:59 D7FF2C:12 F4276C:0 CE3C40:0 129198E:0 B3CF7D:0 B35BEE:0 1292634:0
client level=warn t=450641 ev=vr.weapon callers path=xform D5896F:180
client level=warn t=451641 ev=vr.weapon callers path=getter D5D832:180 B363FA:540 B3598D:180 B40A78:0
client level=warn t=451641 ev=vr.weapon callers path=ptr D98F49:900 DB8CB6:180 12B0A09:0 16E8861:180 D8F242:180 12B2284:9 D2F672:9 D8B348:180 D8B9B5:180 D7FB5C:24 D8492B:58 D7FF2C:12 F4276C:0 CE3C40:0 129198E:0 B3CF7D:0 B35BEE:0 1292634:0
client level=warn t=451641 ev=vr.weapon callers path=xform D5896F:180
client level=info t=451907 ev=nettick stage=sample latch=1 callbacks=48706
client level=info t=452438 ev=retail site=89 text=networking:channel_manager:connect: channel 'dir:127.0.0.1(id=0):30994#bh64' (0) closing (local 64) due to timeout:
client level=info t=452438 ev=retail site=90 text=networking:channel_manager:connect:   time since activity 289<active-send-timeout(2000), time since inactivity 8005>drop-min-active-time(8000), time since receive 7916>recv-timeout(4000))
client level=info t=452438 ev=retail site=82 text=networking:channel:packet_loss_stats: [dir:127.0.0.1(id=0):30994#bh64] Incoming packet read result summary - 8 ok, 0 discard, 0 discard-expected, 0 corrupt
client level=info t=452438 ev=retail site=83 text=networking:channel:packet_loss_stats: [dir:127.0.0.1(id=0):30994#bh64] Outgoing packet delivery summary - 3 delivered, 0 of those out-of-order, 0 lost - highest loss fraction seen 0.000
client level=info t=452453 ev=retail site=86 text=networking:channel: channel dir:127.0.0.1(id=0):30994#bh64(id '64') (ra: ''dir:127.0.0.1(id=0):30994'') state change connected -> closed
client level=info t=452453 ev=retail site=87 text=networking:channel_manager: channel 'dir:127.0.0.1(id=0):30994#bh64' (0): channel closed (reason=channel-manager-connected-timeout) because 'dir:127.0.0.1(id=0):30994' can't be reached, resetting security
server level=info t=452453 ev=gameplay stage=peer result=closed reason=12
server level=info t=452453 ev=gameplay stage=connect result=ok peer=2003 local=0x00000012 remote=0x00000045 rebuilt=0
server level=info t=452453 ev=gameplay stage=establish result=queued local=0x00000012 remote=0x00000045
client level=warn t=452641 ev=vr.weapon callers path=getter D5D832:180 B363FA:540 B3598D:180 B40A78:0
client level=warn t=452641 ev=vr.weapon callers path=ptr D98F49:900 DB8CB6:180 12B0A09:0 16E8861:180 D8F242:180 12B2284:9 D2F672:9 D8B348:180 D8B9B5:180 D7FB5C:23 D8492B:59 D7FF2C:12 F4276C:0 CE3C40:0 129198E:0 B3CF7D:0 B35BEE:0 1292634:0
client level=warn t=452641 ev=vr.weapon callers path=xform D5896F:180
server level=info t=453469 ev=gameplay stage=message result=ok id=8 peerstage=5
server level=info t=453469 ev=gameplay stage=sendqueue result=cleared packet=1 base=4 entries=0
server level=info t=453500 ev=gameplay stage=message result=ok id=40 peerstage=5
server level=info t=453500 ev=gameplay stage=view result=queued remote=1 local=1 token=0x9EAA300100200001 list=0
server level=info t=453547 ev=gameplay stage=message result=ok id=40 peerstage=5
server level=info t=453547 ev=gameplay stage=view result=queued remote=2 local=2 token=0x9EAA300100200001 list=15
server level=info t=453547 ev=gameplay stage=sendqueue result=cleared packet=7 base=7 entries=0
server level=info t=453610 ev=gameplay stage=message result=ok id=40 peerstage=5
server level=info t=453610 ev=gameplay stage=view result=queued remote=3 local=3 token=0x9EAA300100200001 list=0
server level=info t=453610 ev=gameplay stage=message result=ok id=40 peerstage=5
server level=info t=453610 ev=gameplay stage=view result=queued remote=4 local=4 token=0x9EAA300100200001 list=0
server level=info t=453610 ev=gameplay stage=sendqueue result=cleared packet=8 base=8 entries=0
client level=warn t=453657 ev=vr.weapon callers path=getter D5D832:180 B363FA:540 B3598D:180 B40A78:0
client level=warn t=453657 ev=vr.weapon callers path=ptr D98F49:900 DB8CB6:180 12B0A09:0 16E8861:180 D8F242:180 12B2284:10 D2F672:10 D8B348:180 D8B9B5:180 D7FB5C:24 D8492B:60 D7FF2C:12 F4276C:0 CE3C40:0 129198E:0 B3CF7D:0 B35BEE:0 1292634:0
client level=warn t=453657 ev=vr.weapon callers path=xform D5896F:180
client level=info t=453907 ev=nettick stage=sample latch=1 callbacks=49064
client level=warn t=454657 ev=vr.weapon callers path=getter D5D832:180 B363FA:540 B3598D:180 B40A78:0
client level=warn t=454657 ev=vr.weapon callers path=ptr D98F49:900 DB8CB6:180 12B0A09:0 16E8861:180 D8F242:180 12B2284:9 D2F672:9 D8B348:180 D8B9B5:180 D7FB5C:24 D8492B:60 D7FF2C:12 F4276C:1 CE3C40:0 129198E:0 B3CF7D:0 B35BEE:0 1292634:0
client level=warn t=454657 ev=vr.weapon callers path=xform D5896F:180
client level=warn t=455672 ev=vr.weapon callers path=getter D5D832:180 B363FA:540 B3598D:180 B40A78:0
client level=warn t=455672 ev=vr.weapon callers path=ptr D98F49:900 DB8CB6:180 12B0A09:0 16E8861:180 D8F242:180 12B2284:9 D2F672:9 D8B348:180 D8B9B5:180 D7FB5C:23 D8492B:60 D7FF2C:12 F4276C:1 CE3C40:0 129198E:0 B3CF7D:0 B35BEE:0 1292634:0
client level=warn t=455672 ev=vr.weapon callers path=xform D5896F:180
client level=info t=455907 ev=nettick stage=sample latch=1 callbacks=49412
client level=warn t=456891 ev=vr.weapon callers path=getter D5D832:180 B363FA:540 B3598D:180 B40A78:0
client level=warn t=456891 ev=vr.weapon callers path=ptr D98F49:900 DB8CB6:180 12B0A09:0 16E8861:180 D8F242:180 12B2284:11 D2F672:11 D8B348:180 D8B9B5:180 D7FB5C:18 D8492B:40 D7FF2C:8 F4276C:1 CE3C40:0 129198E:0 B3CF7D:0 B35BEE:0 1292634:0
client level=warn t=456891 ev=vr.weapon callers path=xform D5896F:180
client level=info t=457907 ev=nettick stage=sample latch=1 callbacks=49720
client level=warn t=458016 ev=vr.weapon callers path=getter D5D832:180 B363FA:540 B3598D:180 B40A78:0
client level=warn t=458016 ev=vr.weapon callers path=ptr D98F49:900 DB8CB6:180 12B0A09:0 16E8861:180 D8F242:180 12B2284:11 D2F672:11 D8B348:180 D8B9B5:180 D7FB5C:21 D8492B:55 D7FF2C:11 F4276C:2 CE3C40:0 129198E:0 B3CF7D:0 B35BEE:0 1292634:0
client level=warn t=458016 ev=vr.weapon callers path=xform D5896F:180
server level=info t=459094 ev=ws701 stage=profile_setup result=complete
server level=info t=459110 ev=activity stage=writeback result=ok world_state=8
client level=warn t=459141 ev=vr.weapon callers path=getter D5D832:180 B363FA:540 B3598D:180 B40A78:0
client level=warn t=459141 ev=vr.weapon callers path=ptr D98F49:900 DB8CB6:180 12B0A09:0 16E8861:180 D8F242:180 12B2284:10 D2F672:10 D8B348:180 D8B9B5:180 D7FB5C:25 D8492B:60 D7FF2C:12 F4276C:1 CE3C40:0 129198E:0 B3CF7D:0 B35BEE:0 1292634:0
client level=warn t=459141 ev=vr.weapon callers path=xform D5896F:180
client level=info t=459907 ev=nettick stage=sample latch=1 callbacks=50042
client level=warn t=460250 ev=vr.weapon callers path=getter D5D832:180 B363FA:540 B3598D:180 B40A78:0
client level=warn t=460250 ev=vr.weapon callers path=ptr D98F49:900 DB8CB6:180 12B0A09:0 16E8861:180 D8F242:180 12B2284:10 D2F672:10 D8B348:180 D8B9B5:180 D7FB5C:24 D8492B:60 D7FF2C:12 F4276C:1 CE3C40:0 129198E:0 B3CF7D:0 B35BEE:0 1292634:0
client level=warn t=460250 ev=vr.weapon callers path=xform D5896F:180
client level=warn t=461360 ev=vr.weapon callers path=getter D5D832:180 B363FA:540 B3598D:180 B40A78:0
client level=warn t=461360 ev=vr.weapon callers path=ptr D98F49:900 DB8CB6:180 12B0A09:0 16E8861:180 D8F242:180 12B2284:10 D2F672:10 D8B348:180 D8B9B5:180 D7FB5C:24 D8492B:60 D7FF2C:12 F4276C:1 CE3C40:0 129198E:0 B3CF7D:0 B35BEE:0 1292634:0
client level=warn t=461360 ev=vr.weapon callers path=xform D5896F:180
client level=info t=461485 ev=retail site=89 text=networking:channel_manager:connect: channel 'dir:127.0.0.1(id=0):30994#bh64' (0) closing (local 69) due to timeout:
client level=info t=461485 ev=retail site=90 text=networking:channel_manager:connect:   time since activity 449<active-send-timeout(2000), time since inactivity 8004>drop-min-active-time(8000), time since receive 7925>recv-timeout(4000))
client level=info t=461485 ev=retail site=82 text=networking:channel:packet_loss_stats: [dir:127.0.0.1(id=0):30994#bh64] Incoming packet read result summary - 8 ok, 0 discard, 0 discard-expected, 0 corrupt
client level=info t=461485 ev=retail site=83 text=networking:channel:packet_loss_stats: [dir:127.0.0.1(id=0):30994#bh64] Outgoing packet delivery summary - 3 delivered, 0 of those out-of-order, 0 lost - highest loss fraction seen 0.000
client level=info t=461485 ev=retail site=86 text=networking:channel: channel dir:127.0.0.1(id=0):30994#bh64(id '69') (ra: ''dir:127.0.0.1(id=0):30994'') state change connected -> closed
client level=info t=461485 ev=retail site=87 text=networking:channel_manager: channel 'dir:127.0.0.1(id=0):30994#bh64' (0): channel closed (reason=channel-manager-connected-timeout) because 'dir:127.0.0.1(id=0):30994' can't be reached, resetting security
server level=info t=461500 ev=gameplay stage=peer result=closed reason=12
server level=info t=461500 ev=gameplay stage=connect result=ok peer=2003 local=0x00000013 remote=0x0000004A rebuilt=0
server level=info t=461500 ev=gameplay stage=establish result=queued local=0x00000013 remote=0x0000004A
client level=info t=461907 ev=nettick stage=sample latch=1 callbacks=50367
client level=warn t=462500 ev=vr.weapon callers path=getter D5D832:180 B363FA:540 B3598D:180 B40A78:0
client level=warn t=462500 ev=vr.weapon callers path=ptr D98F49:900 DB8CB6:180 12B0A09:0 16E8861:180 D8F242:180 12B2284:10 D2F672:10 D8B348:180 D8B9B5:180 D7FB5C:23 D8492B:60 D7FF2C:12 F4276C:1 CE3C40:0 129198E:0 B3CF7D:0 B35BEE:0 1292634:0
client level=warn t=462500 ev=vr.weapon callers path=xform D5896F:180
server level=info t=462516 ev=gameplay stage=message result=ok id=8 peerstage=5
server level=info t=462516 ev=gameplay stage=sendqueue result=cleared packet=1 base=5 entries=0
server level=info t=462547 ev=gameplay stage=message result=ok id=40 peerstage=5
server level=info t=462547 ev=gameplay stage=view result=queued remote=1 local=1 token=0x9EAA300100200001 list=0
server level=info t=462594 ev=gameplay stage=message result=ok id=40 peerstage=5
server level=info t=462594 ev=gameplay stage=view result=queued remote=2 local=2 token=0x9EAA300100200001 list=15
server level=info t=462594 ev=gameplay stage=sendqueue result=cleared packet=7 base=7 entries=0
server level=info t=462641 ev=gameplay stage=message result=ok id=40 peerstage=5
server level=info t=462641 ev=gameplay stage=view result=queued remote=3 local=3 token=0x9EAA300100200001 list=0
server level=info t=462641 ev=gameplay stage=message result=ok id=40 peerstage=5
server level=info t=462641 ev=gameplay stage=view result=queued remote=4 local=4 token=0x9EAA300100200001 list=0
server level=info t=462641 ev=gameplay stage=sendqueue result=cleared packet=8 base=8 entries=0
client level=warn t=463594 ev=vr.weapon callers path=getter D5D832:180 B363FA:540 B3598D:180 B40A78:0
client level=warn t=463594 ev=vr.weapon callers path=ptr D98F49:900 DB8CB6:180 12B0A09:0 16E8861:180 D8F242:180 12B2284:10 D2F672:10 D8B348:180 D8B9B5:180 D7FB5C:24 D8492B:60 D7FF2C:12 F4276C:1 CE3C40:0 129198E:0 B3CF7D:0 B35BEE:0 1292634:0
client level=warn t=463594 ev=vr.weapon callers path=xform D5896F:180
client level=info t=463907 ev=nettick stage=sample latch=1 callbacks=50689
client level=warn t=464703 ev=vr.weapon callers path=getter D5D832:180 B363FA:540 B3598D:180 B40A78:0
client level=warn t=464703 ev=vr.weapon callers path=ptr D98F49:900 DB8CB6:180 12B0A09:0 16E8861:180 D8F242:180 12B2284:11 D2F672:11 D8B348:180 D8B9B5:180 D7FB5C:23 D8492B:57 D7FF2C:11 F4276C:1 CE3C40:0 129198E:0 B3CF7D:0 B35BEE:0 1292634:0
client level=warn t=464703 ev=vr.weapon callers path=xform D5896F:180
client level=warn t=465797 ev=vr.weapon callers path=getter D5D832:180 B363FA:540 B3598D:180 B40A78:0
client level=warn t=465797 ev=vr.weapon callers path=ptr D98F49:900 DB8CB6:180 12B0A09:0 16E8861:180 D8F242:180 12B2284:10 D2F672:10 D8B348:180 D8B9B5:180 D7FB5C:18 D8492B:48 D7FF2C:10 F4276C:1 CE3C40:0 129198E:0 B3CF7D:0 B35BEE:0 1292634:0
client level=warn t=465797 ev=vr.weapon callers path=xform D5896F:180
client level=info t=465907 ev=nettick stage=sample latch=1 callbacks=51017
client level=warn t=466813 ev=vr.weapon callers path=getter D5D832:180 B363FA:540 B3598D:180 B40A78:0
client level=warn t=466813 ev=vr.weapon callers path=ptr D98F49:900 DB8CB6:180 12B0A09:0 16E8861:180 D8F242:180 12B2284:9 D2F672:9 D8B348:180 D8B9B5:180 D7FB5C:23 D8492B:55 D7FF2C:11 F4276C:1 CE3C40:0 129198E:0 B3CF7D:0 B35BEE:0 1292634:0
client level=warn t=466813 ev=vr.weapon callers path=xform D5896F:180
client level=info t=467907 ev=nettick stage=sample latch=1 callbacks=51358
client level=warn t=467907 ev=vr.weapon callers path=getter D5D832:180 B363FA:540 B3598D:180 B40A78:0
client level=warn t=467907 ev=vr.weapon callers path=ptr D98F49:900 DB8CB6:180 12B0A09:0 16E8861:180 D8F242:180 12B2284:10 D2F672:10 D8B348:180 D8B9B5:180 D7FB5C:23 D8492B:60 D7FF2C:12 F4276C:2 CE3C40:0 129198E:0 B3CF7D:0 B35BEE:0 1292634:0
client level=warn t=467907 ev=vr.weapon callers path=xform D5896F:180
client level=warn t=469047 ev=vr.weapon callers path=getter D5D832:180 B363FA:540 B3598D:180 B40A78:0
client level=warn t=469047 ev=vr.weapon callers path=ptr D98F49:900 DB8CB6:180 12B0A09:0 16E8861:180 D8F242:180 12B2284:10 D2F672:10 D8B348:180 D8B9B5:180 D7FB5C:24 D8492B:60 D7FF2C:12 F4276C:1 CE3C40:0 129198E:0 B3CF7D:0 B35BEE:0 1292634:0
client level=warn t=469047 ev=vr.weapon callers path=xform D5896F:180
client level=info t=469907 ev=nettick stage=sample latch=1 callbacks=51682
client level=warn t=470125 ev=vr.weapon callers path=getter D5D832:180 B363FA:540 B3598D:180 B40A78:0
client level=warn t=470125 ev=vr.weapon callers path=ptr D98F49:900 DB8CB6:180 12B0A09:0 16E8861:180 D8F242:180 12B2284:10 D2F672:10 D8B348:180 D8B9B5:180 D7FB5C:24 D8492B:60 D7FF2C:12 F4276C:1 CE3C40:0 129198E:0 B3CF7D:0 B35BEE:0 1292634:0
client level=warn t=470125 ev=vr.weapon callers path=xform D5896F:180
client level=info t=470532 ev=retail site=89 text=networking:channel_manager:connect: channel 'dir:127.0.0.1(id=0):30994#bh64' (0) closing (local 74) due to timeout:
client level=info t=470532 ev=retail site=90 text=networking:channel_manager:connect:   time since activity 530<active-send-timeout(2000), time since inactivity 8003>drop-min-active-time(8000), time since receive 7922>recv-timeout(4000))
client level=info t=470532 ev=retail site=82 text=networking:channel:packet_loss_stats: [dir:127.0.0.1(id=0):30994#bh64] Incoming packet read result summary - 8 ok, 0 discard, 0 discard-expected, 0 corrupt
client level=info t=470532 ev=retail site=83 text=networking:channel:packet_loss_stats: [dir:127.0.0.1(id=0):30994#bh64] Outgoing packet delivery summary - 3 delivered, 0 of those out-of-order, 0 lost - highest loss fraction seen 0.000
client level=info t=470532 ev=retail site=86 text=networking:channel: channel dir:127.0.0.1(id=0):30994#bh64(id '74') (ra: ''dir:127.0.0.1(id=0):30994'') state change connected -> closed
client level=info t=470532 ev=retail site=87 text=networking:channel_manager: channel 'dir:127.0.0.1(id=0):30994#bh64' (0): channel closed (reason=channel-manager-connected-timeout) because 'dir:127.0.0.1(id=0):30994' can't be reached, resetting security
server level=info t=470547 ev=gameplay stage=peer result=closed reason=12
server level=info t=470547 ev=gameplay stage=connect result=ok peer=2003 local=0x00000014 remote=0x0000004F rebuilt=0
server level=info t=470547 ev=gameplay stage=establish result=queued local=0x00000014 remote=0x0000004F
client level=warn t=471219 ev=vr.weapon callers path=getter D5D832:180 B363FA:540 B3598D:180 B40A78:0
client level=warn t=471235 ev=vr.weapon callers path=ptr D98F49:900 DB8CB6:180 12B0A09:0 16E8861:180 D8F242:180 12B2284:10 D2F672:10 D8B348:180 D8B9B5:180 D7FB5C:24 D8492B:60 D7FF2C:12 F4276C:1 CE3C40:0 129198E:0 B3CF7D:0 B35BEE:0 1292634:0
client level=warn t=471235 ev=vr.weapon callers path=xform D5896F:180
client level=info t=471516 ev=retail site=92 text=world_controller:state_manager: The host appears to be launching a different game, sploiking back out through orbit to sync up.
client level=info t=471516 ev=retail site=93 text=world_controller:state_manager: Prerequisite 'ENUM(30)' failed for reason 'unavailable' [context: ], proceeding to cleanup state.
client level=info t=471532 ev=retail site=17 text=world_controller:retail_datamine: Total time spent: [254384] ms in world controller state: [38] name: [activity:in_world]
client level=info t=471532 ev=retail site=45 text=world_controller:slice_set_transition_manager: Mode changed from 'fully_enabled' to 'disabled'.
client level=info t=471532 ev=retail site=3 text=world_controller:state_manager: Entering state 'cleanup' for reason 'unavailable'.
client level=info t=471532 ev=retail site=33 text=world_controller:state:cleanup: Requested task mask: '0x00e0010cb0fbdf3d'
client level=info t=471532 ev=retail site=34 text=world_controller:task_manager: Started   task 'ENUM(0)'.
client level=info t=471532 ev=retail site=35 text=world_controller:task_manager: Completed task 'ENUM(0)' after '0ms'.
client level=info t=471532 ev=retail site=34 text=world_controller:task_manager: Started   task 'ENUM(2)'.
client level=info t=471532 ev=retail site=35 text=world_controller:task_manager: Completed task 'ENUM(2)' after '0ms'.
client level=info t=471532 ev=retail site=34 text=world_controller:task_manager: Started   task 'ENUM(3)'.
client level=info t=471532 ev=retail site=35 text=world_controller:task_manager: Completed task 'ENUM(3)' after '0ms'.
client level=info t=471532 ev=retail site=34 text=world_controller:task_manager: Started   task 'ENUM(4)'.
client level=info t=471532 ev=retail site=34 text=world_controller:task_manager: Started   task 'ENUM(5)'.
client level=info t=471532 ev=retail site=35 text=world_controller:task_manager: Completed task 'ENUM(5)' after '0ms'.
client level=info t=471532 ev=retail site=34 text=world_controller:task_manager: Started   task 'ENUM(8)'.
client level=info t=471532 ev=retail site=35 text=world_controller:task_manager: Completed task 'ENUM(8)' after '0ms'.
client level=info t=471532 ev=retail site=34 text=world_controller:task_manager: Started   task 'ENUM(9)'.
client level=info t=471532 ev=retail site=35 text=world_controller:task_manager: Completed task 'ENUM(9)' after '0ms'.
client level=info t=471532 ev=retail site=34 text=world_controller:task_manager: Started   task 'ENUM(10)'.
client level=info t=471532 ev=retail site=35 text=world_controller:task_manager: Completed task 'ENUM(10)' after '0ms'.
client level=info t=471532 ev=retail site=94 text=networking:session:handoff: [posse:FC45969D:68F8D09E] leaving session 'gracefully' (state host-established)
client level=info t=471532 ev=retail site=95 text=networking:session:protocol: [posse:FC45969D:68F8D09E] host-handoff (leaving), target peer '-1', nobody else in session, leaving immediately
client level=info t=471532 ev=retail site=94 text=networking:session:handoff: [posse:FC45969D:68F8D09E] leaving session 'immediately' (state host-established)
client level=info t=471532 ev=retail site=36 text=networking:session: [posse:FC45969D:68F8D09E] session state is changing from 'host-established' to 'host-disband'.
client level=info t=471532 ev=retail site=34 text=world_controller:task_manager: Started   task 'ENUM(11)'.
client level=info t=471532 ev=retail site=34 text=world_controller:task_manager: Started   task 'ENUM(12)'.
client level=info t=471532 ev=retail site=35 text=world_controller:task_manager: Completed task 'ENUM(12)' after '0ms'.
client level=info t=471532 ev=retail site=34 text=world_controller:task_manager: Started   task 'ENUM(14)'.
client level=info t=471532 ev=retail site=35 text=world_controller:task_manager: Completed task 'ENUM(14)' after '0ms'.
client level=info t=471532 ev=retail site=34 text=world_controller:task_manager: Started   task 'ENUM(15)'.
client level=info t=471532 ev=retail site=35 text=world_controller:task_manager: Completed task 'ENUM(15)' after '0ms'.
client level=info t=471532 ev=retail site=34 text=world_controller:task_manager: Started   task 'ENUM(16)'.
client level=info t=471532 ev=retail site=35 text=world_controller:task_manager: Completed task 'ENUM(16)' after '0ms'.
client level=info t=471532 ev=retail site=34 text=world_controller:task_manager: Started   task 'ENUM(17)'.
client level=info t=471532 ev=retail site=34 text=world_controller:task_manager: Started   task 'ENUM(19)'.
client level=info t=471532 ev=retail site=34 text=world_controller:task_manager: Started   task 'ENUM(20)'.
client level=info t=471532 ev=retail site=35 text=world_controller:task_manager: Completed task 'ENUM(20)' after '0ms'.
client level=info t=471532 ev=retail site=34 text=world_controller:task_manager: Started   task 'ENUM(21)'.
client level=info t=471532 ev=retail site=34 text=world_controller:task_manager: Started   task 'ENUM(28)'.
client level=info t=471532 ev=retail site=34 text=world_controller:task_manager: Started   task 'ENUM(31)'.
client level=info t=471532 ev=retail site=35 text=world_controller:task_manager: Completed task 'ENUM(31)' after '0ms'.
client level=info t=471532 ev=retail site=34 text=world_controller:task_manager: Started   task 'ENUM(54)'.
client level=info t=471532 ev=retail site=35 text=world_controller:task_manager: Completed task 'ENUM(54)' after '0ms'.
client level=info t=471532 ev=retail site=34 text=world_controller:task_manager: Started   task 'ENUM(55)'.
client level=info t=471532 ev=retail site=38 text=world_controller:state:cleanup: After 0ms, status: '2', tasks active: '0x00800000102a0810', pending: '0x0020010c20c00000', requested: '0x00e0010cb0fbdf3d'
client level=info t=471532 ev=retail site=96 text=networking:session: [posse:FC45969D:68F8D09E] idle-host-disband disconnecting the session.
client level=info t=471532 ev=retail site=97 text=networking:session: [posse:FC45969D:68F8D09E] disconnecting 'posse' session (state host-disband / policy allowed)
client level=info t=471547 ev=retail site=35 text=world_controller:task_manager: Completed task 'ENUM(11)' after '12ms'.
client level=info t=471547 ev=retail site=35 text=world_controller:task_manager: Completed task 'ENUM(17)' after '12ms'.
client level=info t=471547 ev=retail site=35 text=world_controller:task_manager: Completed task 'ENUM(19)' after '12ms'.
client level=info t=471547 ev=retail site=34 text=world_controller:task_manager: Started   task 'ENUM(23)'.
client level=info t=471547 ev=retail site=35 text=world_controller:task_manager: Completed task 'ENUM(28)' after '13ms'.
client level=info t=471547 ev=retail site=37 text=world_controller:retail_datamine: About to attempt retail log upload. We have '358' events, dropped '0' from THIS session due to upload cap, and have '98' unique event IDs.
client level=info t=471547 ev=retail site=34 text=world_controller:task_manager: Started   task 'ENUM(29)'.
client level=info t=471547 ev=retail site=35 text=world_controller:task_manager: Completed task 'ENUM(29)' after '0ms'.
client level=info t=471547 ev=retail site=34 text=world_controller:task_manager: Started   task 'ENUM(34)'.
client level=info t=471547 ev=retail site=35 text=world_controller:task_manager: Completed task 'ENUM(34)' after '0ms'.
client level=info t=471547 ev=retail site=35 text=world_controller:task_manager: Completed task 'ENUM(4)' after '19ms'.
server level=info t=471547 squad_entity_retirement stage=capture_source bubble=14 accepted=0 selected=0 slots=-
server level=info t=471563 ev=activity stage=peer_leave result=read peer=0x35F900ECFC25A1B0
server level=info t=471578 ev=gameplay stage=message result=ok id=8 peerstage=5
server level=info t=471578 ev=gameplay stage=sendqueue result=cleared packet=1 base=4 entries=0
client level=info t=471703 ev=retail site=23 text=world_controller: successfully changed world to:
client level=info t=471703 ev=retail site=35 text=world_controller:task_manager: Completed task 'ENUM(21)' after '179ms'.
client level=info t=471703 ev=retail site=34 text=world_controller:task_manager: Started   task 'ENUM(22)'.
client level=info t=471703 ev=retail site=34 text=world_controller:task_manager: Started   task 'ENUM(53)'.
client level=info t=471703 ev=retail site=35 text=world_controller:task_manager: Completed task 'ENUM(55)' after '180ms'.
client level=info t=471703 ev=retail site=67 text=networking:activity_client:activity_host_changed: instance=PRIVATE CURRENT, ah-sid=, zombie-instance-nonce=0
client level=info t=471703 ev=retail site=98 text=networking:server:bap: [BAP ID  1 desc:OUT FAH - _connected] Killing.
client level=info t=471703 ev=retail site=99 text=networking:server:bap: [BAP ID  1 desc:OUT FAH - _connected] Last status before fatal error was '_connected[127.0.0.1:30974]-> 1.5s avg/s [rx 0.7p  1.2kb][tx 0.7p  0.3kb][tx block  0.0/q-rem  0.0/s-rem  0.0]'.
client level=info t=471703 ev=retail site=100 text=networking:server:bap: [BAP ID  1 desc:OUT FAH - _connected] Socket stats before fatal error: no socket stats available
client level=info t=471703 ev=retail site=101 text=networking:server:bap: [BAP ID  1 desc:OUT FAH - _connected] Fatal error '_connection_failure_suicide' raised.
client level=info t=471703 ev=retail site=102 text=networking:server:bap: [BAP ID  1 desc:OUT FAH - _dead] Stopping.
client level=info t=471703 ev=retail site=103 text=networking:investment:bap_message_queue: [BAP ID  1 desc:OUT FAH] Stopping...
client level=info t=471703 ev=retail site=104 text=networking:investment:bap_message_queue: [BAP ID  1 desc:OUT FAH] Investment message request failed (id: 334)
client level=info t=471703 ev=retail site=105 text=networking:server:bap: [BAP ID  1 desc:OUT FAH - _dead] Consumer 1/1 raising fatal error '2'.
client level=info t=471703 ev=retail site=106 text=networking:server:bap: [BAP ID  1 desc:OUT FAH - _dead] Notified of fatal error '_connection_failure_consumer_failure' while already dead!
client level=info t=471703 ev=retail site=82 text=networking:channel:packet_loss_stats: [dir:127.0.0.1(id=0):30994#bh64] Incoming packet read result summary - 4 ok, 0 discard, 0 discard-expected, 0 corrupt
client level=info t=471703 ev=retail site=83 text=networking:channel:packet_loss_stats: [dir:127.0.0.1(id=0):30994#bh64] Outgoing packet delivery summary - 0 delivered, 0 of those out-of-order, 0 lost - highest loss fraction seen 0.000
client level=info t=471703 ev=retail site=87 text=networking:channel_manager: channel 'dir:127.0.0.1(id=0):30994#bh64' (0): channel closed (reason=channel-manager-owners-released) because 'dir:127.0.0.1(id=0):30994' can't be reached, resetting security
client level=info t=471719 ev=retail site=35 text=world_controller:task_manager: Completed task 'ENUM(23)' after '171ms'.
server level=info t=471719 ev=mission_script stage=close result=stale_generation session=11433003384888623105 activity_row=10
server level=warn t=471719 ev=mission_script stage=attach result=no_activity_link session=11433003384888623105
server level=info t=471719 ev=gameplay stage=peer result=closed reason=10
client level=info t=471907 ev=nettick stage=sample latch=1 callbacks=51992
client level=info t=472266 ev=retail site=35 text=world_controller:task_manager: Completed task 'ENUM(22)' after '561ms'.
client level=info t=472266 ev=retail site=34 text=world_controller:task_manager: Started   task 'ENUM(35)'.
client level=info t=472266 ev=retail site=34 text=world_controller:task_manager: Started   task 'ENUM(40)'.
client level=info t=472266 ev=retail site=35 text=world_controller:task_manager: Completed task 'ENUM(40)' after '1ms'.
client level=info t=472328 ev=retail site=35 text=world_controller:task_manager: Completed task 'ENUM(53)' after '625ms'.
client level=info t=472625 ev=retail site=23 text=world_controller: successfully changed world to: orbit_d2
client level=info t=472625 ev=retail site=35 text=world_controller:task_manager: Completed task 'ENUM(35)' after '361ms'.
client level=info t=472625 ev=retail site=17 text=world_controller:retail_datamine: Total time spent: [1101] ms in world controller state: [28] name: [cleanup]
client level=info t=472625 ev=retail site=3 text=world_controller:state_manager: Entering state 'setup:orbit' for reason 'unavailable'.
client level=info t=472625 ev=retail site=45 text=world_controller:slice_set_transition_manager: Mode changed from 'disabled' to 'fully_enabled'.
client level=info t=472625 ev=retail site=11 text=world_controller:retail_datamine: Timed operation: [ENUM(16)], took: [1101 ms], average: [1101.000000 ms], min: [1101.000000], max: [1101.000000], count: [1]
client level=info t=472625 ev=retail site=46 text=world_controller:slice_set_transition_manager: Failed to find the Orbit slice-set name for destination 'HASH(0x13a023bc)', so we're falling back to a new character (Orbit destination 'HASH(0x59ad083e)', slice-set 'HASH(0x841b4ef7)').
client level=info t=472625 ev=retail site=47 text=world_controller:slice_set_transition_manager: Starting a new transition of type 'transitioning:orbit' to 'PRV24.24 (HASH: 0x841b4ef7)'; token advanced to 001
server level=info t=472657 ev=ws701 stage=profile_setup result=complete
server level=info t=472672 ev=activity stage=writeback result=ok world_state=1
client level=info t=473016 ev=retail site=48 text=world_controller:slice_set_transition_manager: Stopping transition of type 'transitioning:orbit' due to completed
client level=info t=473297 ev=retail site=17 text=world_controller:retail_datamine: Total time spent: [666] ms in world controller state: [29] name: [setup:orbit]
client level=info t=473297 ev=retail site=45 text=world_controller:slice_set_transition_manager: Mode changed from 'fully_enabled' to 'disabled'.
client level=info t=473297 ev=retail site=49 text=networking:online:matchmaking: Active matchmaking interface type: 0
client level=info t=473297 ev=retail site=3 text=world_controller:state_manager: Entering state 'setup:activity_session_creation' for reason 'unavailable'.
client level=info t=473297 ev=retail site=50 text=world_controller:task_manager: Started   task 'ENUM(0)'.
client level=info t=473297 ev=retail site=50 text=world_controller:task_manager: Started   task 'ENUM(4)'.
client level=info t=473297 ev=retail site=51 text=world_controller:task_manager: Completed task 'ENUM(4)' after '0ms'.
client level=info t=473297 ev=retail site=52 text=world_controller:state:activity_session_creation: Waiting for session peer properties to be in the expected state (no AH ids). FT [EXPECTED], POSSE [WAITING]
client level=info t=473297 ev=retail site=50 text=world_controller:task_manager: Started   task 'ENUM(5)'.
client level=info t=473344 ev=retail site=49 text=networking:online:matchmaking: Active matchmaking interface type: 0
client level=info t=473344 ev=retail site=51 text=world_controller:task_manager: Completed task 'ENUM(0)' after '42ms'.
client level=info t=473344 ev=retail site=50 text=world_controller:task_manager: Started   task 'ENUM(1)'.
server level=info t=473344 ev=bap svc=42 stage=configuration result=ok activity_hash=0x38F926B2 type_hash=0x648999F4 activity=281 name=mission_ember current_activity_policy=0 changed=0
client level=info t=473360 ev=retail site=51 text=world_controller:task_manager: Completed task 'ENUM(1)' after '24ms'.
client level=info t=473360 ev=retail site=50 text=world_controller:task_manager: Started   task 'ENUM(2)'.
server level=info t=473625 ev=ws701 stage=profile_setup result=complete
server level=info t=473625 ev=activity stage=writeback result=ok world_state=1
client level=info t=473907 ev=nettick stage=sample latch=1 callbacks=52307
client level=warn t=473907 ev=vr.weapon callers path=getter D5D832:50 B363FA:1224 B3598D:408 B40A78:81
client level=warn t=473907 ev=vr.weapon callers path=ptr D98F49:768 DB8CB6:180 12B0A09:0 16E8861:64 D8F242:49 12B2284:3 D2F672:3 D8B348:49 D8B9B5:49 D7FB5C:29 D8492B:38 D7FF2C:26 F4276C:0 CE3C40:0 129198E:0 B3CF7D:0 B35BEE:359 1292634:0 12911A0:1 12911B5:1
client level=warn t=473907 ev=vr.weapon callers path=xform D5896F:50
client level=info t=474047 ev=retail site=39 text=networking:session:membership:dump: [posse:00000000:00000000] update_number: 2, leader_peer_index: # 0, host_peer_index: # 0
client level=info t=474047 ev=retail site=40 text=networking:session:membership:dump:   peers valid: 0x1, non-dormant: 0x1, changed: 0x1, removed: 0x0; players valid: 0x1, changed: 0x0, removed: 0x0
client level=info t=474047 ev=retail site=41 text=networking:session:membership:dump:   peer # 0 a=[steamid:76561198776753861#7681dde098a1c0b5] s=          _connected o=-1 j=[XXXXXXXX-XXXXXXXX] amb=[XXXXXXXX-XXXXXXXX] pc=1 peer_name=<UNKNOWN PEER NAME> session_id=Wed_09092026_140650_002784@x64@unknown_pc_user@B0_A1_25_FC_EC_00_F935 flags=6
client level=info t=474047 ev=retail site=36 text=networking:session: [posse:00000000:00000000] session state is changing from 'none' to 'host-established'.
client level=info t=474047 ev=retail site=53 text=networking:session:create: join-driven session creation (local and remote peers) assigned a promordial join nonce of 75BA4099-989D1B9B
client level=info t=474047 ev=retail site=39 text=networking:session:membership:dump: [posse:00000000:00000000] update_number: 5, leader_peer_index: # 0, host_peer_index: # 0
client level=info t=474047 ev=retail site=40 text=networking:session:membership:dump:   peers valid: 0x1, non-dormant: 0x1, changed: 0x1, removed: 0x0; players valid: 0x1, changed: 0x0, removed: 0x0
client level=info t=474047 ev=retail site=41 text=networking:session:membership:dump:   peer # 0 a=[steamid:76561198776753861#7681dde098a1c0b5] s=            _joining o=-1 j=[75BA4099-989D1B9B] amb=[XXXXXXXX-XXXXXXXX] pc=1 peer_name=<UNKNOWN PEER NAME> session_id=Wed_09092026_140650_002784@x64@unknown_pc_user@B0_A1_25_FC_EC_00_F935 flags=6
client level=info t=474047 ev=retail site=50 text=world_controller:task_manager: Started   task 'ENUM(3)'.
client level=info t=474047 ev=retail site=51 text=world_controller:task_manager: Completed task 'ENUM(3)' after '0ms'.
client level=info t=474047 ev=retail site=51 text=world_controller:task_manager: Completed task 'ENUM(5)' after '752ms'.
client level=info t=474047 ev=retail site=54 text=world_controller:session_manager: PRIVATE session [posse:00000000:00000000] unable to get session keys.
client level=info t=474063 ev=retail site=51 text=world_controller:task_manager: Completed task 'ENUM(2)' after '704ms'.
client level=info t=474063 ev=retail site=55 text=world_controller:state:activity_session_creation: As HOST, peers done: skill read: , config refresh: 0, reputation read: 0
client level=info t=474078 ev=retail site=42 text=networking:session:process-pending-joins: [posse:66F54964:1E617FB8] marking all peers in join [75BA4099-989D1B9B] as joined
client level=info t=474078 ev=retail site=39 text=networking:session:membership:dump: [posse:66F54964:1E617FB8] update_number: 7, leader_peer_index: # 0, host_peer_index: # 0
client level=info t=474078 ev=retail site=40 text=networking:session:membership:dump:   peers valid: 0x1, non-dormant: 0x1, changed: 0x1, removed: 0x0; players valid: 0x1, changed: 0x0, removed: 0x0
client level=info t=474078 ev=retail site=41 text=networking:session:membership:dump:   peer # 0 a=[steamid:76561198776753861#7681dde098a1c0b5] s=            _waiting o=-1 j=[75BA4099-989D1B9B] amb=[XXXXXXXX-XXXXXXXX] pc=1 peer_name=<UNKNOWN PEER NAME> session_id=Wed_09092026_140650_002784@x64@unknown_pc_user@B0_A1_25_FC_EC_00_F935 flags=6
client level=info t=474078 ev=retail site=43 text=networking:session:process-pending-joins: [posse:66F54964:1E617FB8] marking all peers in join [75BA4099-989D1B9B] as ready, [25] ms since peer [0] created, [474135] since join was queued
client level=info t=474078 ev=retail site=39 text=networking:session:membership:dump: [posse:66F54964:1E617FB8] update_number: 8, leader_peer_index: # 0, host_peer_index: # 0
client level=info t=474078 ev=retail site=40 text=networking:session:membership:dump:   peers valid: 0x1, non-dormant: 0x1, changed: 0x1, removed: 0x0; players valid: 0x1, changed: 0x0, removed: 0x0
client level=info t=474078 ev=retail site=41 text=networking:session:membership:dump:   peer # 0 a=[steamid:76561198776753861#7681dde098a1c0b5] s=              _ready o=-1 j=[75BA4099-989D1B9B] amb=[XXXXXXXX-XXXXXXXX] pc=1 peer_name=<UNKNOWN PEER NAME> session_id=Wed_09092026_140650_002784@x64@unknown_pc_user@B0_A1_25_FC_EC_00_F935 flags=6
client level=info t=474094 ev=retail site=39 text=networking:session:membership:dump: [posse:66F54964:1E617FB8] update_number: 9, leader_peer_index: # 0, host_peer_index: # 0
client level=info t=474094 ev=retail site=40 text=networking:session:membership:dump:   peers valid: 0x1, non-dormant: 0x1, changed: 0xffffffff, removed: 0x0; players valid: 0x1, changed: 0xffffffff, removed: 0x0
client level=info t=474094 ev=retail site=41 text=networking:session:membership:dump:   peer # 0 a=[steamid:76561198776753861#7681dde098a1c0b5] s=              _ready o=-1 j=[75BA4099-989D1B9B] amb=[XXXXXXXX-XXXXXXXX] pc=1 peer_name=<UNKNOWN PEER NAME> session_id=Wed_09092026_140650_002784@x64@unknown_pc_user@B0_A1_25_FC_EC_00_F935 flags=7
client level=info t=474094 ev=retail site=44 text=networking:session:process-pending-joins: [posse:66F54964:1E617FB8] marking all peers in join [75BA4099-989D1B9B] as established
client level=info t=474094 ev=retail site=39 text=networking:session:membership:dump: [posse:66F54964:1E617FB8] update_number: 11, leader_peer_index: # 0, host_peer_index: # 0
client level=info t=474094 ev=retail site=40 text=networking:session:membership:dump:   peers valid: 0x1, non-dormant: 0x1, changed: 0x1, removed: 0x0; players valid: 0x1, changed: 0x0, removed: 0x0
client level=info t=474094 ev=retail site=41 text=networking:session:membership:dump:   peer # 0 a=[steamid:76561198776753861#7681dde098a1c0b5] s=        _established o=-1 j=[XXXXXXXX-XXXXXXXX] amb=[XXXXXXXX-XXXXXXXX] pc=1 peer_name=<UNKNOWN PEER NAME> session_id=Wed_09092026_140650_002784@x64@unknown_pc_user@B0_A1_25_FC_EC_00_F935 flags=7
client level=info t=474094 ev=retail site=56 text=world_controller:state:activity_session_creation: Activity session 'posse:66F54964:1E617FB8' successfully created, trying to move on.
client level=info t=474094 ev=retail site=57 text=world_controller:state_manager: State 'setup:matchmaking' requested for reason 'unavailable', but we can't: 'active outbound FT join [IN-PROGRESS]'.
client level=info t=474110 ev=retail site=17 text=world_controller:retail_datamine: Total time spent: [807] ms in world controller state: [30] name: [setup:activity_session_creation]
client level=info t=474110 ev=retail site=3 text=world_controller:state_manager: Entering state 'setup:matchmaking' for reason 'unavailable'.
client level=info t=474110 ev=retail site=17 text=world_controller:retail_datamine: Total time spent: [0] ms in world controller state: [31] name: [setup:matchmaking]
client level=info t=474110 ev=retail site=58 text=world_controller:retail_datamine: Timed operation Matchmaking, took: [0 seconds]
client level=info t=474110 ev=retail site=3 text=world_controller:state_manager: Entering state 'setup:activity_host_setup' for reason 'unavailable'.
client level=info t=474141 ev=retail site=59 text=networking:activity_client:messaging_interface:bap: AH IP resolution successful: 'proxy -> 127.0.0.1:30974'.
server level=info t=474157 ev=transport stage=accept result=ok conn=2
server level=warn t=474188 ev=bap svc=25 stage=plaintext result=shape_accepted conn=2 len=36 b0=0A b1=20 b34=10 b35=02
client level=info t=474203 ev=retail site=60 text=world_controller:activity_manager: Connected 'PRIVATE CURRENT' activity client.
client level=info t=474203 ev=retail site=61 text=world_controller:activity_manager: 'PRIVATE CURRENT' activity client requesting activity host startup [activity: 0x0119 (HASH(0x38f926b2))(type: HASH(0x648999f4))(grognok: mission_ember)(destination: HASH(0xf80c8b5f))(nonce: 8E405AD7-0F5EB9A5) for reason 'ENUM(0)'(override: mission_ember)][reservation count 1].
server level=warn t=474219 ev=mission_script stage=attach result=activity_join_pending session=11433003384888623116
client level=info t=474219 ev=retail site=62 text=networking:activity_client:receive_message_from_host: [AC PRIVATE CURRENT CON-Y EST-N AH->0 MEM-0] received startup response from AH [id 9EAA3001:0020000C][session ]
client level=info t=474219 ev=retail site=63 text=networking:activity_client: [AC PRIVATE CURRENT CON-Y EST-N AH->0 MEM-0] Sent join request: [AH 9EAA3001:0020000C][nonce -2034611155] identity:[account -7013740688821976832][character -7013740688821976830][machine B0:A1:25:FC:EC:00:F935][player 2F:3B:ED:3A:75:57:FE:A6] [global resources 0x6c] (part 1/2)
client level=info t=474219 ev=retail site=64 text=networking:activity_client: [AC PRIVATE CURRENT CON-Y EST-N AH->0 MEM-0] Properties [session Wed_09092026_140650_002784@x64@76561198776753861@B0_A1_25_FC_EC_00_F935][FAH --------:--------][GAH --------:--------][FTID 0x2ebf059d5116c891] (part 2/2)
client level=info t=474219 ev=retail site=65 text=world_controller:activity_manager: 'PRIVATE CURRENT' activity client sent join request to AH 9EAA3001:0020000C, host=Wed_09092026_140650_002784@x64@unknown_pc_user@B0_A1_25_FC_EC_00_F935
server level=info t=474235 ev=gameplay stage=activityhost result=retired session=0x9EAA30010020000B generation=10 state=freed
server level=info t=474235 ev=gameplay stage=activityhost result=allocated session=0x9EAA30010020000D group=0x5A5A8B41BEE928A3 generation=11 port=30994 held=10
server level=warn t=474250 ev=activity stage=roster result=no_epoch soid=0x9EAA30010020000C public=0 dest= groups=0 top=0 sub=0 subkeys=0 objects=0 bytes=0 state=0 auth=0 authstate=-1 authfirst=-1:-1:0x0:0x0 authlast=-1:-1:0x0:0x0 sceneempty=0 engageempty=0 keygroup=0x0 grant=-1 region=0 slice=0 spawn=0x0 join=0x9EAA300100100102 player=0x0 pending_region=-1 current_region=-1 client_bubble=-1 held=-1 entered=0 selected=0 hash=0x0000000000000000 force=0x00
server level=info t=474266 ev=mission_script stage=open result=no_script session=11433003384888623116 activity_row=282
server level=warn t=474266 ev=mission_script stage=attach result=no_script session=11433003384888623116 activity_row=282
server level=warn t=474266 ev=mission_script stage=attach result=no_activity_link session=11433003384888623117
client level=info t=474266 ev=retail site=66 text=networking:activity_client:receive_message_from_host: [AC PRIVATE CURRENT CON-Y EST-N AH->0 MEM-0] Received join result from AH '9EAA3001:0020000C' [nonce -2034611155][result 0][session id ][replication epoch 0].
client level=info t=474266 ev=retail site=67 text=networking:activity_client:activity_host_changed: instance=PRIVATE CURRENT, ah-sid=, zombie-instance-nonce=0
client level=info t=474266 ev=probe stage=msg12 result=received client=0x26B1BE1F980 slot=0 label=PRIVATE CURRENT member=0x35F900ECFC25A1B0 status=0x00FE->0x01FE flag=1
client level=info t=474266 ev=probe stage=bind client=0x26B1BE1F980 established=0x9EAA30010020000C slotrec=0x26B032FD9A0 roster=0x26BCF78BC80 receipt=0
client level=info t=474266 ev=probe stage=hosttail client=0x26B1BE1F980 b=00000000000000000000000000000000000000000000000000000000000000000000000000000000FFFFFFFF00000000
client level=info t=474266 ev=probe stage=grant client=0x26B1BE1F980 status=0x01FE pending=7936 dirty=0 receipt=0
client level=info t=474282 ev=retail site=68 text=world_controller:state:activity_setup: 'NOJIP' flow, waiting. posse_peers_not_ready_sanitized=0, posse_peers_not_ready=0
client level=info t=474297 ev=probe stage=msg12 result=received client=0x26B1BE1F980 slot=0 label=PRIVATE CURRENT member=0x35F900ECFC25A1B0 status=0x01FE->0x01FE flag=1
client level=info t=474297 ev=probe stage=bind client=0x26B1BE1F980 established=0x9EAA30010020000C slotrec=0x26B032FD9A0 roster=0x26BCF78BC80 receipt=0
client level=info t=474313 ev=probe stage=msg12 result=received client=0x26B1BE1F980 slot=0 label=PRIVATE CURRENT member=0x35F900ECFC25A1B0 status=0x01FE->0x01FE flag=1
client level=info t=474313 ev=probe stage=bind client=0x26B1BE1F980 established=0x9EAA30010020000C slotrec=0x26B032FD9A0 roster=0x26BCF78BC80 receipt=0
client level=info t=475110 ev=retail site=17 text=world_controller:retail_datamine: Total time spent: [1005] ms in world controller state: [32] name: [setup:activity_host_setup]
client level=info t=475110 ev=retail site=3 text=world_controller:state_manager: Entering state 'setup:prologue_intro_loading' for reason 'unavailable'.
client level=info t=475110 ev=retail site=69 text=world_controller:task_manager: Started   task 'ENUM(0)'.
client level=warn t=475125 ev=vr.weapon callers path=getter D5D832:0 B363FA:540 B3598D:180 B40A78:0
client level=warn t=475125 ev=vr.weapon callers path=ptr D98F49:720 DB8CB6:180 12B0A09:0 16E8861:126 D8F242:0 12B2284:0 D2F672:0 D8B348:0 D8B9B5:0 D7FB5C:22 D8492B:22 D7FF2C:22 F4276C:0 CE3C40:0 129198E:0 B3CF7D:0 B35BEE:180 1292634:0 12911A0:0 12911B5:0
client level=warn t=475125 ev=vr.weapon callers path=xform D5896F:0
client level=info t=475157 ev=retail site=70 text=world_controller:task_manager: Completed task 'ENUM(0)' after '48ms'.
client level=info t=475157 ev=retail site=69 text=world_controller:task_manager: Started   task 'ENUM(1)'.
server level=info t=475172 ev=activity stage=mission_seed result=adopted region=49 occurrences=5 groups=0 unreplicated=2 incomplete=2 scenes=0
client level=info t=475219 ev=retail site=70 text=world_controller:task_manager: Completed task 'ENUM(1)' after '55ms'.
client level=info t=475219 ev=retail site=17 text=world_controller:retail_datamine: Total time spent: [104] ms in world controller state: [33] name: [setup:prologue_intro_loading]
client level=info t=475219 ev=retail site=3 text=world_controller:state_manager: Entering state 'setup:orbit_outro' for reason 'unavailable'.
client level=info t=475235 ev=probe stage=msg12 result=received client=0x26B1BE1F980 slot=0 label=PRIVATE CURRENT member=0x35F900ECFC25A1B0 status=0x01FE->0x01FE flag=1
client level=info t=475235 ev=probe stage=bind client=0x26B1BE1F980 established=0x9EAA30010020000C slotrec=0x26B032FD9A0 roster=0x26BCF78BC80 receipt=0
client level=info t=475907 ev=nettick stage=sample latch=1 callbacks=52601
client level=info t=476313 ev=probe stage=hosttail client=0x26B1BE1F980 b=00000000000000000000000000000000000000000000000000000000000000000000000000000000FFFFFFFF00000000
client level=info t=476313 ev=probe stage=grant client=0x26B1BE1F980 status=0x01FE pending=7936 dirty=0 receipt=0
client level=warn t=476797 ev=vr.weapon callers path=getter D5D832:0 B363FA:540 B3598D:180 B40A78:0
client level=warn t=476797 ev=vr.weapon callers path=ptr D98F49:720 DB8CB6:180 12B0A09:0 16E8861:180 D8F242:0 12B2284:0 D2F672:0 D8B348:0 D8B9B5:0 D7FB5C:21 D8492B:21 D7FF2C:21 F4276C:0 CE3C40:0 129198E:0 B3CF7D:0 B35BEE:180 1292634:0 12911A0:0 12911B5:0
client level=warn t=476797 ev=vr.weapon callers path=xform D5896F:0
client level=info t=477297 ev=probe stage=msg12 result=received client=0x26B1BE1F980 slot=0 label=PRIVATE CURRENT member=0x35F900ECFC25A1B0 status=0x01FE->0x01FE flag=1
client level=info t=477297 ev=probe stage=bind client=0x26B1BE1F980 established=0x9EAA30010020000C slotrec=0x26B032FD9A0 roster=0x26BCF78BC80 receipt=0
client level=info t=477907 ev=nettick stage=sample latch=1 callbacks=52793
client level=warn t=478282 ev=vr.weapon callers path=getter D5D832:0 B363FA:540 B3598D:180 B40A78:0
client level=warn t=478282 ev=vr.weapon callers path=ptr D98F49:720 DB8CB6:180 12B0A09:0 16E8861:180 D8F242:0 12B2284:0 D2F672:0 D8B348:0 D8B9B5:0 D7FB5C:23 D8492B:23 D7FF2C:23 F4276C:0 CE3C40:0 129198E:0 B3CF7D:0 B35BEE:180 1292634:0 12911A0:0 12911B5:0
client level=warn t=478282 ev=vr.weapon callers path=xform D5896F:0
client level=info t=478313 ev=probe stage=hosttail client=0x26B1BE1F980 b=00000000000000000000000000000000000000000000000000000000000000000000000000000000FFFFFFFF00000000
client level=info t=478313 ev=probe stage=grant client=0x26B1BE1F980 status=0x01FE pending=7936 dirty=0 receipt=0
client level=info t=479907 ev=nettick stage=sample latch=1 callbacks=53003
client level=warn t=480203 ev=vr.weapon callers path=getter D5D832:0 B363FA:540 B3598D:180 B40A78:0
client level=warn t=480203 ev=vr.weapon callers path=ptr D98F49:720 DB8CB6:180 12B0A09:0 16E8861:180 D8F242:0 12B2284:0 D2F672:0 D8B348:0 D8B9B5:0 D7FB5C:24 D8492B:24 D7FF2C:24 F4276C:0 CE3C40:0 129198E:0 B3CF7D:0 B35BEE:180 1292634:0 12911A0:0 12911B5:0
client level=warn t=480203 ev=vr.weapon callers path=xform D5896F:0
client level=info t=480313 ev=probe stage=hosttail client=0x26B1BE1F980 b=00000000000000000000000000000000000000000000000000000000000000000000000000000000FFFFFFFF00000000
client level=info t=480313 ev=probe stage=grant client=0x26B1BE1F980 status=0x01FE pending=7936 dirty=0 receipt=0
client level=info t=481219 ev=retail site=85 text=networking:stream_manager:retail: Local peer network quality = 1.000000/1.0, worst_axis = -1
client level=warn t=481469 ev=vr.weapon callers path=getter D5D832:0 B363FA:540 B3598D:180 B40A78:0
client level=warn t=481469 ev=vr.weapon callers path=ptr D98F49:720 DB8CB6:180 12B0A09:0 16E8861:180 D8F242:0 12B2284:0 D2F672:0 D8B348:0 D8B9B5:0 D7FB5C:25 D8492B:24 D7FF2C:24 F4276C:0 CE3C40:0 129198E:0 B3CF7D:0 B35BEE:180 1292634:0 12911A0:0 12911B5:0
client level=warn t=481469 ev=vr.weapon callers path=xform D5896F:0
server level=info t=481735 ev=gameplay stage=association result=timeout
client level=info t=481907 ev=nettick stage=sample latch=1 callbacks=53269
client level=info t=482328 ev=probe stage=hosttail client=0x26B1BE1F980 b=00000000000000000000000000000000000000000000000000000000000000000000000000000000FFFFFFFF00000000
client level=info t=482328 ev=probe stage=grant client=0x26B1BE1F980 status=0x01FE pending=7936 dirty=0 receipt=0
client level=warn t=483391 ev=vr.weapon callers path=getter D5D832:0 B363FA:540 B3598D:180 B40A78:0
client level=warn t=483391 ev=vr.weapon callers path=ptr D98F49:720 DB8CB6:180 12B0A09:0 16E8861:180 D8F242:0 12B2284:0 D2F672:0 D8B348:0 D8B9B5:0 D7FB5C:25 D8492B:26 D7FF2C:25 F4276C:0 CE3C40:0 129198E:0 B3CF7D:0 B35BEE:180 1292634:0 12911A0:0 12911B5:0
client level=warn t=483391 ev=vr.weapon callers path=xform D5896F:0
client level=info t=483907 ev=nettick stage=sample latch=1 callbacks=53470
client level=info t=484328 ev=probe stage=hosttail client=0x26B1BE1F980 b=00000000000000000000000000000000000000000000000000000000000000000000000000000000FFFFFFFF00000000
client level=info t=484328 ev=probe stage=grant client=0x26B1BE1F980 status=0x01FE pending=7936 dirty=0 receipt=0
client level=warn t=484328 ev=vr.weapon callers path=getter D5D832:0 B363FA:540 B3598D:180 B40A78:0
client level=warn t=484328 ev=vr.weapon callers path=ptr D98F49:720 DB8CB6:180 12B0A09:0 16E8861:180 D8F242:0 12B2284:0 D2F672:0 D8B348:0 D8B9B5:0 D7FB5C:19 D8492B:19 D7FF2C:20 F4276C:0 CE3C40:0 129198E:0 B3CF7D:0 B35BEE:180 1292634:0 12911A0:0 12911B5:0
client level=warn t=484328 ev=vr.weapon callers path=xform D5896F:0
client level=warn t=485032 ev=vr.weapon callers path=getter D5D832:0 B363FA:540 B3598D:180 B40A78:0
client level=warn t=485032 ev=vr.weapon callers path=ptr D98F49:720 DB8CB6:180 12B0A09:0 16E8861:180 D8F242:0 12B2284:0 D2F672:0 D8B348:0 D8B9B5:0 D7FB5C:20 D8492B:20 D7FF2C:20 F4276C:0 CE3C40:0 129198E:0 B3CF7D:0 B35BEE:180 1292634:0 12911A0:0 12911B5:0
client level=warn t=485032 ev=vr.weapon callers path=xform D5896F:0
client level=warn t=485828 ev=vr.weapon callers path=getter D5D832:0 B363FA:540 B3598D:180 B40A78:0
client level=warn t=485828 ev=vr.weapon callers path=ptr D98F49:720 DB8CB6:180 12B0A09:0 16E8861:180 D8F242:0 12B2284:0 D2F672:0 D8B348:0 D8B9B5:0 D7FB5C:18 D8492B:18 D7FF2C:18 F4276C:0 CE3C40:0 129198E:0 B3CF7D:0 B35BEE:180 1292634:0 12911A0:0 12911B5:0
client level=warn t=485828 ev=vr.weapon callers path=xform D5896F:0
client level=info t=485907 ev=nettick stage=sample latch=1 callbacks=53935
client level=info t=486328 ev=probe stage=hosttail client=0x26B1BE1F980 b=00000000000000000000000000000000000000000000000000000000000000000000000000000000FFFFFFFF00000000
client level=info t=486328 ev=probe stage=grant client=0x26B1BE1F980 status=0x01FE pending=7936 dirty=0 receipt=0
client level=warn t=486922 ev=vr.weapon callers path=getter D5D832:0 B363FA:540 B3598D:180 B40A78:0
client level=warn t=486922 ev=vr.weapon callers path=ptr D98F49:720 DB8CB6:180 12B0A09:0 16E8861:180 D8F242:0 12B2284:0 D2F672:0 D8B348:0 D8B9B5:0 D7FB5C:19 D8492B:19 D7FF2C:19 F4276C:0 CE3C40:0 129198E:0 B3CF7D:0 B35BEE:180 1292634:0 12911A0:0 12911B5:0
client level=warn t=486922 ev=vr.weapon callers path=xform D5896F:0
client level=warn t=487610 ev=vr.weapon callers path=getter D5D832:0 B363FA:540 B3598D:180 B40A78:0
client level=warn t=487610 ev=vr.weapon callers path=ptr D98F49:720 DB8CB6:180 12B0A09:0 16E8861:180 D8F242:0 12B2284:0 D2F672:0 D8B348:0 D8B9B5:0 D7FB5C:18 D8492B:18 D7FF2C:18 F4276C:0 CE3C40:0 129198E:0 B3CF7D:0 B35BEE:180 1292634:0 12911A0:0 12911B5:0
client level=warn t=487610 ev=vr.weapon callers path=xform D5896F:0
client level=info t=487907 ev=nettick stage=sample latch=1 callbacks=54361
client level=warn t=488313 ev=vr.weapon callers path=getter D5D832:0 B363FA:540 B3598D:180 B40A78:0
client level=warn t=488313 ev=vr.weapon callers path=ptr D98F49:720 DB8CB6:180 12B0A09:0 16E8861:180 D8F242:0 12B2284:0 D2F672:0 D8B348:0 D8B9B5:0 D7FB5C:18 D8492B:18 D7FF2C:18 F4276C:0 CE3C40:0 129198E:0 B3CF7D:0 B35BEE:180 1292634:0 12911A0:0 12911B5:0
client level=warn t=488313 ev=vr.weapon callers path=xform D5896F:0
client level=info t=488328 ev=probe stage=hosttail client=0x26B1BE1F980 b=00000000000000000000000000000000000000000000000000000000000000000000000000000000FFFFFFFF00000000
client level=info t=488328 ev=probe stage=grant client=0x26B1BE1F980 status=0x01FE pending=7936 dirty=0 receipt=0
client level=warn t=489532 ev=vr.weapon callers path=getter D5D832:0 B363FA:540 B3598D:180 B40A78:0
client level=warn t=489532 ev=vr.weapon callers path=ptr D98F49:720 DB8CB6:180 12B0A09:0 16E8861:180 D8F242:0 12B2284:0 D2F672:0 D8B348:0 D8B9B5:0 D7FB5C:21 D8492B:21 D7FF2C:21 F4276C:0 CE3C40:0 129198E:0 B3CF7D:0 B35BEE:180 1292634:0 12911A0:0 12911B5:0
client level=warn t=489532 ev=vr.weapon callers path=xform D5896F:0
client level=info t=489907 ev=nettick stage=sample latch=1 callbacks=54743
client level=warn t=490235 ev=vr.weapon callers path=getter D5D832:0 B363FA:540 B3598D:180 B40A78:0
client level=warn t=490235 ev=vr.weapon callers path=ptr D98F49:720 DB8CB6:180 12B0A09:0 16E8861:180 D8F242:0 12B2284:0 D2F672:0 D8B348:0 D8B9B5:0 D7FB5C:18 D8492B:18 D7FF2C:18 F4276C:0 CE3C40:0 129198E:0 B3CF7D:0 B35BEE:180 1292634:0 12911A0:0 12911B5:0
client level=warn t=490235 ev=vr.weapon callers path=xform D5896F:0
client level=info t=490328 ev=probe stage=hosttail client=0x26B1BE1F980 b=00000000000000000000000000000000000000000000000000000000000000000000000000000000FFFFFFFF00000000
client level=info t=490328 ev=probe stage=grant client=0x26B1BE1F980 status=0x01FE pending=7936 dirty=0 receipt=0
client level=warn t=490938 ev=vr.weapon callers path=getter D5D832:0 B363FA:540 B3598D:180 B40A78:0
client level=warn t=490938 ev=vr.weapon callers path=ptr D98F49:720 DB8CB6:180 12B0A09:0 16E8861:180 D8F242:0 12B2284:0 D2F672:0 D8B348:0 D8B9B5:0 D7FB5C:16 D8492B:16 D7FF2C:16 F4276C:0 CE3C40:0 129198E:0 B3CF7D:0 B35BEE:180 1292634:0 12911A0:0 12911B5:0
client level=warn t=490938 ev=vr.weapon callers path=xform D5896F:0
client level=info t=491907 ev=nettick stage=sample latch=1 callbacks=55185
client level=warn t=491922 ev=vr.weapon callers path=getter D5D832:0 B363FA:540 B3598D:180 B40A78:0
client level=warn t=491922 ev=vr.weapon callers path=ptr D98F49:720 DB8CB6:180 12B0A09:0 16E8861:180 D8F242:0 12B2284:0 D2F672:0 D8B348:0 D8B9B5:0 D7FB5C:20 D8492B:20 D7FF2C:20 F4276C:0 CE3C40:0 129198E:0 B3CF7D:0 B35BEE:180 1292634:0 12911A0:0 12911B5:0
client level=warn t=491922 ev=vr.weapon callers path=xform D5896F:0
client level=info t=492328 ev=probe stage=hosttail client=0x26B1BE1F980 b=00000000000000000000000000000000000000000000000000000000000000000000000000000000FFFFFFFF00000000
client level=info t=492328 ev=probe stage=grant client=0x26B1BE1F980 status=0x01FE pending=7936 dirty=0 receipt=0
client level=warn t=492828 ev=vr.weapon callers path=getter D5D832:0 B363FA:540 B3598D:180 B40A78:0
client level=warn t=492828 ev=vr.weapon callers path=ptr D98F49:720 DB8CB6:180 12B0A09:0 16E8861:180 D8F242:0 12B2284:0 D2F672:0 D8B348:0 D8B9B5:0 D7FB5C:20 D8492B:20 D7FF2C:20 F4276C:0 CE3C40:0 129198E:0 B3CF7D:0 B35BEE:180 1292634:0 12911A0:0 12911B5:0
client level=warn t=492828 ev=vr.weapon callers path=xform D5896F:0
client level=info t=493907 ev=nettick stage=sample latch=1 callbacks=55490
client level=warn t=494235 ev=vr.weapon callers path=getter D5D832:0 B363FA:540 B3598D:180 B40A78:0
client level=warn t=494235 ev=vr.weapon callers path=ptr D98F49:720 DB8CB6:180 12B0A09:0 16E8861:180 D8F242:0 12B2284:0 D2F672:0 D8B348:0 D8B9B5:0 D7FB5C:23 D8492B:23 D7FF2C:23 F4276C:0 CE3C40:0 129198E:0 B3CF7D:0 B35BEE:180 1292634:0 12911A0:0 12911B5:0
client level=warn t=494235 ev=vr.weapon callers path=xform D5896F:0
client level=info t=494328 ev=probe stage=hosttail client=0x26B1BE1F980 b=00000000000000000000000000000000000000000000000000000000000000000000000000000000FFFFFFFF00000000
client level=info t=494328 ev=probe stage=grant client=0x26B1BE1F980 status=0x01FE pending=7936 dirty=0 receipt=0
client level=warn t=495625 ev=vr.weapon callers path=getter D5D832:0 B363FA:540 B3598D:180 B40A78:0
client level=warn t=495625 ev=vr.weapon callers path=ptr D98F49:720 DB8CB6:180 12B0A09:0 16E8861:180 D8F242:0 12B2284:0 D2F672:0 D8B348:0 D8B9B5:0 D7FB5C:23 D8492B:23 D7FF2C:22 F4276C:0 CE3C40:0 129198E:0 B3CF7D:0 B35BEE:180 1292634:0 12911A0:0 12911B5:0
client level=warn t=495625 ev=vr.weapon callers path=xform D5896F:0
client level=info t=495907 ev=nettick stage=sample latch=1 callbacks=55764
client level=info t=496328 ev=probe stage=hosttail client=0x26B1BE1F980 b=00000000000000000000000000000000000000000000000000000000000000000000000000000000FFFFFFFF00000000
client level=info t=496328 ev=probe stage=grant client=0x26B1BE1F980 status=0x01FE pending=7936 dirty=0 receipt=0
client level=warn t=496922 ev=vr.weapon callers path=getter D5D832:0 B363FA:540 B3598D:180 B40A78:0
client level=warn t=496922 ev=vr.weapon callers path=ptr D98F49:720 DB8CB6:180 12B0A09:0 16E8861:180 D8F242:0 12B2284:0 D2F672:0 D8B348:0 D8B9B5:0 D7FB5C:24 D8492B:24 D7FF2C:25 F4276C:0 CE3C40:0 129198E:0 B3CF7D:0 B35BEE:180 1292634:0 12911A0:0 12911B5:0
client level=warn t=496922 ev=vr.weapon callers path=xform D5896F:0
client level=info t=497922 ev=nettick stage=sample latch=1 callbacks=55973
client level=info t=498328 ev=probe stage=hosttail client=0x26B1BE1F980 b=00000000000000000000000000000000000000000000000000000000000000000000000000000000FFFFFFFF00000000
client level=info t=498328 ev=probe stage=grant client=0x26B1BE1F980 status=0x01FE pending=7936 dirty=0 receipt=0
client level=warn t=498828 ev=vr.weapon callers path=getter D5D832:0 B363FA:540 B3598D:180 B40A78:0
client level=warn t=498828 ev=vr.weapon callers path=ptr D98F49:720 DB8CB6:180 12B0A09:0 16E8861:180 D8F242:0 12B2284:0 D2F672:0 D8B348:0 D8B9B5:0 D7FB5C:27 D8492B:26 D7FF2C:26 F4276C:0 CE3C40:0 129198E:0 B3CF7D:0 B35BEE:180 1292634:0 12911A0:0 12911B5:0
client level=warn t=498828 ev=vr.weapon callers path=xform D5896F:0
client level=info t=499922 ev=nettick stage=sample latch=1 callbacks=56239
client level=warn t=500125 ev=vr.weapon callers path=getter D5D832:0 B363FA:540 B3598D:180 B40A78:0
client level=warn t=500125 ev=vr.weapon callers path=ptr D98F49:720 DB8CB6:180 12B0A09:0 16E8861:180 D8F242:0 12B2284:0 D2F672:0 D8B348:0 D8B9B5:0 D7FB5C:22 D8492B:23 D7FF2C:23 F4276C:0 CE3C40:0 129198E:0 B3CF7D:0 B35BEE:180 1292634:0 12911A0:0 12911B5:0
client level=warn t=500125 ev=vr.weapon callers path=xform D5896F:0
client level=info t=500344 ev=probe stage=hosttail client=0x26B1BE1F980 b=00000000000000000000000000000000000000000000000000000000000000000000000000000000FFFFFFFF00000000
client level=info t=500344 ev=probe stage=grant client=0x26B1BE1F980 status=0x01FE pending=7936 dirty=0 receipt=0
client level=info t=501922 ev=nettick stage=sample latch=1 callbacks=56426
client level=warn t=502063 ev=vr.weapon callers path=getter D5D832:0 B363FA:540 B3598D:180 B40A78:0
client level=warn t=502063 ev=vr.weapon callers path=ptr D98F49:720 DB8CB6:180 12B0A09:0 16E8861:180 D8F242:0 12B2284:0 D2F672:0 D8B348:0 D8B9B5:0 D7FB5C:26 D8492B:25 D7FF2C:25 F4276C:0 CE3C40:0 129198E:0 B3CF7D:0 B35BEE:180 1292634:0 12911A0:0 12911B5:0
client level=warn t=502063 ev=vr.weapon callers path=xform D5896F:0
client level=info t=502344 ev=probe stage=hosttail client=0x26B1BE1F980 b=00000000000000000000000000000000000000000000000000000000000000000000000000000000FFFFFFFF00000000
client level=info t=502344 ev=probe stage=grant client=0x26B1BE1F980 status=0x01FE pending=7936 dirty=0 receipt=0
server level=info t=503672 ev=ws701 stage=profile_setup result=complete
server level=info t=503672 ev=activity stage=writeback result=ok world_state=1
client level=info t=503922 ev=nettick stage=sample latch=1 callbacks=56619
client level=warn t=503985 ev=vr.weapon callers path=getter D5D832:0 B363FA:540 B3598D:180 B40A78:0
client level=warn t=503985 ev=vr.weapon callers path=ptr D98F49:720 DB8CB6:180 12B0A09:0 16E8861:180 D8F242:0 12B2284:0 D2F672:0 D8B348:0 D8B9B5:0 D7FB5C:23 D8492B:24 D7FF2C:24 F4276C:0 CE3C40:0 129198E:0 B3CF7D:0 B35BEE:180 1292634:0 12911A0:0 12911B5:0
client level=warn t=503985 ev=vr.weapon callers path=xform D5896F:0
client level=info t=504344 ev=probe stage=hosttail client=0x26B1BE1F980 b=00000000000000000000000000000000000000000000000000000000000000000000000000000000FFFFFFFF00000000
client level=info t=504344 ev=probe stage=grant client=0x26B1BE1F980 status=0x01FE pending=7936 dirty=0 receipt=0
client level=info t=505219 ev=retail site=17 text=world_controller:retail_datamine: Total time spent: [30009] ms in world controller state: [34] name: [setup:orbit_outro]
client level=info t=505219 ev=retail site=3 text=world_controller:state_manager: Entering state 'setup:activity_world_transition' for reason 'unavailable'.
client level=info t=505219 ev=retail site=71 text=world_controller:task_manager: Started   task 'ENUM(0)'.
client level=info t=505219 ev=retail site=71 text=world_controller:task_manager: Started   task 'ENUM(1)'.
client level=info t=505219 ev=retail site=72 text=world_controller:task_manager: Completed task 'ENUM(1)' after '1ms'.
client level=info t=505485 ev=bootflow stage=owner_slot result=forced was=0 now=1
client level=info t=505485 ev=retail site=23 text=world_controller: successfully changed world to: mission_ember
client level=info t=505485 ev=retail site=73 text=networking:update: *** it has been 271 milliseconds since the last network update (longest expected: '500')
client level=info t=505485 ev=retail site=72 text=world_controller:task_manager: Completed task 'ENUM(0)' after '271ms'.
client level=info t=505485 ev=retail site=17 text=world_controller:retail_datamine: Total time spent: [271] ms in world controller state: [35] name: [setup:activity_world_transition]
client level=info t=505485 ev=retail site=3 text=world_controller:state_manager: Entering state 'activity:initial_slice_set_loading' for reason 'unavailable'.
client level=info t=505500 ev=retail site=74 text=world_controller:task_manager: Started   task 'ENUM(0)'.
client level=info t=505500 ev=retail site=74 text=world_controller:task_manager: Started   task 'ENUM(1)'.
client level=info t=505500 ev=retail site=74 text=world_controller:task_manager: Started   task 'ENUM(4)'.
client level=info t=505500 ev=retail site=75 text=world_controller:task_manager: Completed task 'ENUM(1)' after '5ms'.
client level=info t=505500 ev=retail site=45 text=world_controller:slice_set_transition_manager: Mode changed from 'disabled' to 'initial_slice_set_precaching'.
client level=info t=505500 ev=retail site=74 text=world_controller:task_manager: Started   task 'ENUM(2)'.
client level=info t=505500 ev=retail site=74 text=world_controller:task_manager: Started   task 'ENUM(3)'.
client level=info t=505500 ev=retail site=75 text=world_controller:task_manager: Completed task 'ENUM(4)' after '5ms'.
client level=info t=505500 ev=retail site=74 text=world_controller:task_manager: Started   task 'ENUM(6)'.
client level=info t=505500 ev=retail site=74 text=world_controller:task_manager: Started   task 'ENUM(7)'.
client level=info t=505500 ev=retail site=47 text=world_controller:slice_set_transition_manager: Starting a new transition of type 'transitioning:initial_slice_set' to 'PRV49.49 (HASH: 0x31a52d4c)'; token advanced to 001
client level=info t=505500 ev=retail site=88 text=world_controller:slice_set_transition_manager: Region 'PRV49.49 (HASH: 0x31a52d4c)' -- PAH assigned ambassadorship to us.
client level=info t=505516 ev=retail site=75 text=world_controller:task_manager: Completed task 'ENUM(0)' after '9ms'.
client level=info t=505516 ev=retail site=74 text=world_controller:task_manager: Started   task 'ENUM(5)'.
server level=info t=505516 ev=gameplay stage=response result=ok wordb=6 signon=0
server level=info t=505532 ev=ws701 stage=profile_setup result=complete
server level=info t=505532 ev=activity stage=writeback result=ok world_state=1
client level=warn t=505578 ev=vr.weapon callers path=getter D5D832:0 B363FA:543 B3598D:181 B40A78:3
client level=warn t=505578 ev=vr.weapon callers path=ptr D98F49:719 DB8CB6:180 12B0A09:0 16E8861:184 D8F242:0 12B2284:0 D2F672:0 D8B348:0 D8B9B5:0 D7FB5C:22 D8492B:22 D7FF2C:22 F4276C:0 CE3C40:0 129198E:0 B3CF7D:0 B35BEE:181 1292634:0 12911A0:1 12911B5:1
client level=warn t=505578 ev=vr.weapon callers path=xform D5896F:0
server level=info t=505594 ev=gameplay stage=connect result=ok peer=2003 local=0x00000015 remote=0x00000050 rebuilt=0
server level=info t=505594 ev=gameplay stage=establish result=queued local=0x00000015 remote=0x00000050
client level=info t=505594 ev=probe stage=msg12 result=received client=0x26B1BE1F980 slot=0 label=PRIVATE CURRENT member=0x35F900ECFC25A1B0 status=0x01FE->0x01FE flag=1
client level=info t=505594 ev=probe stage=bind client=0x26B1BE1F980 established=0x9EAA30010020000C slotrec=0x26B032FD9A0 roster=0x26BCF78BC80 receipt=1
client level=info t=505594 ev=probe stage=msg12 result=received client=0x26B1BE1F980 slot=0 label=PRIVATE CURRENT member=0x35F900ECFC25A1B0 status=0x01FE->0x01FE flag=1
client level=info t=505594 ev=probe stage=bind client=0x26B1BE1F980 established=0x9EAA30010020000C slotrec=0x26B032FD9A0 roster=0x26BCF78BC80 receipt=1
client level=info t=505922 ev=nettick stage=sample latch=1 callbacks=56866
client level=info t=505922 ev=retail site=75 text=world_controller:task_manager: Completed task 'ENUM(6)' after '413ms'.
client level=info t=506219 ev=retail site=75 text=world_controller:task_manager: Completed task 'ENUM(5)' after '715ms'.
client level=info t=506344 ev=probe stage=hosttail client=0x26B1BE1F980 b=00000000000000000000000000000000000000000000000000000000000000000000000000000000FFFFFFFF00000000
client level=info t=506344 ev=probe stage=grant client=0x26B1BE1F980 status=0x01FE pending=0 dirty=0 receipt=1
server level=info t=506610 ev=gameplay stage=message result=ok id=8 peerstage=5
server level=info t=506610 ev=gameplay stage=sendqueue result=cleared packet=1 base=5 entries=0
client level=warn t=506641 ev=vr.weapon callers path=getter D5D832:0 B363FA:540 B3598D:180 B40A78:0
client level=warn t=506641 ev=vr.weapon callers path=ptr D98F49:720 DB8CB6:180 12B0A09:0 16E8861:180 D8F242:0 12B2284:0 D2F672:0 D8B348:0 D8B9B5:0 D7FB5C:0 D8492B:0 D7FF2C:0 F4276C:0 CE3C40:0 129198E:0 B3CF7D:0 B35BEE:180 1292634:0 12911A0:0 12911B5:0
client level=warn t=506641 ev=vr.weapon callers path=xform D5896F:0
server level=info t=506657 ev=gameplay stage=message result=ok id=40 peerstage=5
server level=info t=506657 ev=gameplay stage=view result=queued remote=1 local=1 token=0x9EAA30010020000C list=0
server level=info t=506703 ev=gameplay stage=message result=ok id=40 peerstage=5
server level=info t=506703 ev=gameplay stage=view result=queued remote=2 local=2 token=0x9EAA30010020000C list=15
server level=info t=506703 ev=gameplay stage=sendqueue result=cleared packet=7 base=7 entries=0
server level=info t=506766 ev=gameplay stage=message result=ok id=40 peerstage=5
server level=info t=506766 ev=gameplay stage=view result=queued remote=3 local=3 token=0x9EAA30010020000C list=0
server level=info t=506766 ev=gameplay stage=message result=ok id=40 peerstage=5
server level=info t=506766 ev=gameplay stage=view result=queued remote=4 local=4 token=0x9EAA30010020000C list=0
server level=info t=506766 ev=gameplay stage=sendqueue result=cleared packet=8 base=8 entries=0
client level=info t=507719 ev=retail site=75 text=world_controller:task_manager: Completed task 'ENUM(2)' after '2219ms'.
client level=warn t=507735 ev=vr.weapon callers path=getter D5D832:0 B363FA:540 B3598D:180 B40A78:0
client level=warn t=507735 ev=vr.weapon callers path=ptr D98F49:720 DB8CB6:180 12B0A09:0 16E8861:180 D8F242:0 12B2284:0 D2F672:0 D8B348:0 D8B9B5:0 D7FB5C:0 D8492B:0 D7FF2C:0 F4276C:0 CE3C40:0 129198E:0 B3CF7D:0 B35BEE:180 1292634:0 12911A0:0 12911B5:0
client level=warn t=507735 ev=vr.weapon callers path=xform D5896F:0
client level=info t=507922 ev=nettick stage=sample latch=1 callbacks=57200
client level=info t=508063 ev=retail site=75 text=world_controller:task_manager: Completed task 'ENUM(3)' after '2552ms'.
client level=info t=508063 ev=retail site=45 text=world_controller:slice_set_transition_manager: Mode changed from 'initial_slice_set_precaching' to 'initial_slice_set_instantion'.
client level=info t=508063 ev=retail site=74 text=world_controller:task_manager: Started   task 'ENUM(8)'.
client level=info t=508078 ev=retail site=75 text=world_controller:task_manager: Completed task 'ENUM(8)' after '17ms'.
client level=info t=508078 ev=retail site=48 text=world_controller:slice_set_transition_manager: Stopping transition of type 'transitioning:initial_slice_set' due to completed
client level=info t=508125 ev=probe stage=msg12 result=received client=0x26B1BE1F980 slot=0 label=PRIVATE CURRENT member=0x35F900ECFC25A1B0 status=0x01FE->0x01FE flag=1
client level=info t=508125 ev=probe stage=bind client=0x26B1BE1F980 established=0x9EAA30010020000C slotrec=0x26B032FD9A0 roster=0x26BCF78BC80 receipt=1
client level=info t=508157 ev=probe stage=msg12 result=received client=0x26B1BE1F980 slot=0 label=PRIVATE CURRENT member=0x35F900ECFC25A1B0 status=0x01FE->0x01FE flag=1
client level=info t=508157 ev=probe stage=bind client=0x26B1BE1F980 established=0x9EAA30010020000C slotrec=0x26B032FD9A0 roster=0x26BCF78BC80 receipt=1
client level=info t=508344 ev=probe stage=hosttail client=0x26B1BE1F980 b=00000000000000000000000000000000000000000000000000000000000000000000000000000000FFFFFFFF00000000
client level=info t=508344 ev=probe stage=grant client=0x26B1BE1F980 status=0x01FE pending=0 dirty=0 receipt=1
client level=warn t=508797 ev=vr.weapon callers path=getter D5D832:0 B363FA:540 B3598D:180 B40A78:0
client level=warn t=508797 ev=vr.weapon callers path=ptr D98F49:720 DB8CB6:180 12B0A09:0 16E8861:186 D8F242:0 12B2284:0 D2F672:0 D8B348:0 D8B9B5:0 D7FB5C:29 D8492B:7 D7FF2C:7 F4276C:0 CE3C40:0 129198E:0 B3CF7D:0 B35BEE:180 1292634:0 12911A0:0 12911B5:0
client level=warn t=508797 ev=vr.weapon callers path=xform D5896F:0
client level=warn t=509875 ev=vr.weapon callers path=getter D5D832:0 B363FA:540 B3598D:180 B40A78:0
client level=warn t=509875 ev=vr.weapon callers path=ptr D98F49:720 DB8CB6:180 12B0A09:0 16E8861:180 D8F242:0 12B2284:0 D2F672:0 D8B348:0 D8B9B5:0 D7FB5C:60 D8492B:12 D7FF2C:12 F4276C:0 CE3C40:0 129198E:0 B3CF7D:0 B35BEE:180 1292634:0 12911A0:0 12911B5:0
client level=warn t=509875 ev=vr.weapon callers path=xform D5896F:0
client level=info t=509922 ev=nettick stage=sample latch=1 callbacks=57535
client level=info t=510344 ev=probe stage=hosttail client=0x26B1BE1F980 b=00000000000000000000000000000000000000000000000000000000000000000000000000000000FFFFFFFF00000000
client level=info t=510344 ev=probe stage=grant client=0x26B1BE1F980 status=0x01FE pending=0 dirty=0 receipt=1
client level=info t=510516 ev=retail site=76 text=world_controller:state:activity:initial_slice_set_loading: Timeout entering the prologue-filler (given 5000ms).
client level=info t=510516 ev=retail site=74 text=world_controller:task_manager: Started   task 'ENUM(9)'.
client level=info t=510516 ev=retail site=75 text=world_controller:task_manager: Completed task 'ENUM(9)' after '0ms'.
client level=info t=510516 ev=retail site=74 text=world_controller:task_manager: Started   task 'ENUM(10)'.
client level=info t=510516 ev=retail site=75 text=world_controller:task_manager: Completed task 'ENUM(10)' after '0ms'.
client level=info t=510516 ev=retail site=17 text=world_controller:retail_datamine: Total time spent: [5025] ms in world controller state: [36] name: [activity:initial_slice_set_loading]
client level=info t=510516 ev=retail site=3 text=world_controller:state_manager: Entering state 'activity:physics_join' for reason 'unavailable'.
client level=info t=510516 ev=retail site=77 text=world_controller:task_manager: Started   task 'ENUM(0)'.
client level=warn t=510953 ev=vr.weapon callers path=getter D5D832:0 B363FA:540 B3598D:180 B40A78:0
client level=warn t=510953 ev=vr.weapon callers path=ptr D98F49:720 DB8CB6:180 12B0A09:0 16E8861:180 D8F242:0 12B2284:0 D2F672:0 D8B348:0 D8B9B5:0 D7FB5C:65 D8492B:12 D7FF2C:12 F4276C:0 CE3C40:0 129198E:0 B3CF7D:0 B35BEE:180 1292634:0 12911A0:0 12911B5:0
client level=warn t=510953 ev=vr.weapon callers path=xform D5896F:0
client level=info t=511922 ev=nettick stage=sample latch=1 callbacks=57871
client level=warn t=512016 ev=vr.weapon callers path=getter D5D832:0 B363FA:540 B3598D:180 B40A78:0
client level=warn t=512016 ev=vr.weapon callers path=ptr D98F49:720 DB8CB6:180 12B0A09:0 16E8861:180 D8F242:0 12B2284:0 D2F672:0 D8B348:0 D8B9B5:0 D7FB5C:55 D8492B:12 D7FF2C:12 F4276C:0 CE3C40:0 129198E:0 B3CF7D:0 B35BEE:180 1292634:0 12911A0:0 12911B5:0
client level=warn t=512016 ev=vr.weapon callers path=xform D5896F:0
client level=info t=512344 ev=probe stage=hosttail client=0x26B1BE1F980 b=00000000000000000000000000000000000000000000000000000000000000000000000000000000FFFFFFFF00000000
client level=info t=512344 ev=probe stage=grant client=0x26B1BE1F980 status=0x01FE pending=0 dirty=0 receipt=1
client level=warn t=513047 ev=vr.weapon callers path=getter D5D832:0 B363FA:540 B3598D:180 B40A78:0
client level=warn t=513047 ev=vr.weapon callers path=ptr D98F49:720 DB8CB6:180 12B0A09:0 16E8861:180 D8F242:0 12B2284:0 D2F672:0 D8B348:0 D8B9B5:0 D7FB5C:65 D8492B:12 D7FF2C:12 F4276C:0 CE3C40:0 129198E:0 B3CF7D:0 B35BEE:180 1292634:0 12911A0:0 12911B5:0
client level=warn t=513047 ev=vr.weapon callers path=xform D5896F:0
client level=info t=513922 ev=nettick stage=sample latch=1 callbacks=58213
client level=warn t=514125 ev=vr.weapon callers path=getter D5D832:0 B363FA:540 B3598D:180 B40A78:0
client level=warn t=514125 ev=vr.weapon callers path=ptr D98F49:720 DB8CB6:180 12B0A09:0 16E8861:180 D8F242:0 12B2284:0 D2F672:0 D8B348:0 D8B9B5:0 D7FB5C:65 D8492B:13 D7FF2C:13 F4276C:0 CE3C40:0 129198E:0 B3CF7D:0 B35BEE:180 1292634:0 12911A0:0 12911B5:0
client level=warn t=514125 ev=vr.weapon callers path=xform D5896F:0
client level=info t=514344 ev=probe stage=hosttail client=0x26B1BE1F980 b=00000000000000000000000000000000000000000000000000000000000000000000000000000000FFFFFFFF00000000
client level=info t=514344 ev=probe stage=grant client=0x26B1BE1F980 status=0x01FE pending=0 dirty=0 receipt=1
client level=info t=514625 ev=retail site=89 text=networking:channel_manager:connect: channel 'dir:127.0.0.1(id=0):30994#bh64' (0) closing (local 80) due to timeout:
client level=info t=514625 ev=retail site=90 text=networking:channel_manager:connect:   time since activity 619<active-send-timeout(2000), time since inactivity 8003>drop-min-active-time(8000), time since receive 7912>recv-timeout(4000))
client level=info t=514625 ev=retail site=82 text=networking:channel:packet_loss_stats: [dir:127.0.0.1(id=0):30994#bh64] Incoming packet read result summary - 8 ok, 0 discard, 0 discard-expected, 0 corrupt
client level=info t=514625 ev=retail site=83 text=networking:channel:packet_loss_stats: [dir:127.0.0.1(id=0):30994#bh64] Outgoing packet delivery summary - 3 delivered, 0 of those out-of-order, 0 lost - highest loss fraction seen 0.000
client level=info t=514625 ev=retail site=86 text=networking:channel: channel dir:127.0.0.1(id=0):30994#bh64(id '80') (ra: ''dir:127.0.0.1(id=0):30994'') state change connected -> closed
client level=info t=514625 ev=retail site=87 text=networking:channel_manager: channel 'dir:127.0.0.1(id=0):30994#bh64' (0): channel closed (reason=channel-manager-connected-timeout) because 'dir:127.0.0.1(id=0):30994' can't be reached, resetting security
server level=info t=514641 ev=gameplay stage=peer result=closed reason=12
server level=info t=514641 ev=gameplay stage=connect result=ok peer=2003 local=0x00000016 remote=0x00000055 rebuilt=0
server level=info t=514641 ev=gameplay stage=establish result=queued local=0x00000016 remote=0x00000055
client level=warn t=515125 ev=vr.weapon callers path=getter D5D832:0 B363FA:540 B3598D:180 B40A78:0
client level=warn t=515125 ev=vr.weapon callers path=ptr D98F49:720 DB8CB6:180 12B0A09:0 16E8861:180 D8F242:0 12B2284:0 D2F672:0 D8B348:0 D8B9B5:0 D7FB5C:65 D8492B:14 D7FF2C:14 F4276C:0 CE3C40:0 129198E:0 B3CF7D:0 B35BEE:180 1292634:0 12911A0:0 12911B5:0
client level=warn t=515125 ev=vr.weapon callers path=xform D5896F:0
server level=info t=515657 ev=gameplay stage=message result=ok id=8 peerstage=5
server level=info t=515657 ev=gameplay stage=sendqueue result=cleared packet=1 base=4 entries=0
server level=info t=515672 ev=gameplay stage=message result=ok id=40 peerstage=5
server level=info t=515672 ev=gameplay stage=view result=queued remote=1 local=1 token=0x9EAA30010020000C list=0
server level=info t=515735 ev=gameplay stage=message result=ok id=40 peerstage=5
server level=info t=515735 ev=gameplay stage=view result=queued remote=2 local=2 token=0x9EAA30010020000C list=15
server level=info t=515735 ev=gameplay stage=sendqueue result=cleared packet=6 base=6 entries=0
server level=info t=515782 ev=gameplay stage=message result=ok id=40 peerstage=5
server level=info t=515782 ev=gameplay stage=view result=queued remote=3 local=3 token=0x9EAA30010020000C list=0
server level=info t=515782 ev=gameplay stage=message result=ok id=40 peerstage=5
server level=info t=515782 ev=gameplay stage=view result=queued remote=4 local=4 token=0x9EAA30010020000C list=0
server level=info t=515782 ev=gameplay stage=sendqueue result=cleared packet=7 base=7 entries=0
client level=info t=515922 ev=nettick stage=sample latch=1 callbacks=58570
client level=warn t=516125 ev=vr.weapon callers path=getter D5D832:0 B363FA:540 B3598D:180 B40A78:0
client level=warn t=516125 ev=vr.weapon callers path=ptr D98F49:720 DB8CB6:180 12B0A09:0 16E8861:180 D8F242:0 12B2284:0 D2F672:0 D8B348:0 D8B9B5:0 D7FB5C:65 D8492B:13 D7FF2C:13 F4276C:0 CE3C40:0 129198E:0 B3CF7D:0 B35BEE:180 1292634:0 12911A0:0 12911B5:0
client level=warn t=516125 ev=vr.weapon callers path=xform D5896F:0
client level=info t=516344 ev=probe stage=hosttail client=0x26B1BE1F980 b=00000000000000000000000000000000000000000000000000000000000000000000000000000000FFFFFFFF00000000
client level=info t=516344 ev=probe stage=grant client=0x26B1BE1F980 status=0x01FE pending=0 dirty=0 receipt=1
client level=info t=516750 ev=retail site=78 text=world_controller:task_manager: Completed task 'ENUM(0)' after '6239ms'.
client level=info t=516750 ev=retail site=17 text=world_controller:retail_datamine: Total time spent: [6239] ms in world controller state: [37] name: [activity:physics_join]
client level=info t=516750 ev=retail site=3 text=world_controller:state_manager: Entering state 'activity:in_world' for reason 'unavailable'.
client level=info t=516750 ev=retail site=79 text=world_controller:state:in_world: Starting activity '0x0119 (HASH(0x38f926b2))(type: HASH(0x648999f4))(grognok: mission_ember)(destination: HASH(0xf80c8b5f))(nonce: 8E405AD7-0F5EB9A5) for reason 'ENUM(0)'(override: mission_ember)'.
client level=info t=516750 ev=retail site=11 text=world_controller:retail_datamine: Timed operation: [ENUM(17)], took: [43460 ms], average: [32990.500000 ms], min: [22521.000000], max: [43460.000000], count: [2]
client level=warn t=523188 ev=probe stage=stall result=detected idle=6141 count=58729
client level=info t=523219 ev=probe stage=stall set=stack tid=0x00004258 rip=0x7FFD69540E44 rsp=0x79D86FD998 window=2048
client level=info t=523219 ev=probe stage=stall set=frames tid=0x00004258 f0=exe+0x2167200 f1=exe+0x20CFF01 f2=exe+0x360D5E f3=exe+0x1BCD9C8 f4=exe+0x1463A80
client level=info t=523219 ev=probe stage=stall set=stack tid=0x00002678 rip=0x7FFD69544A74 rsp=0x79D97FF7B8 window=2048
client level=info t=523219 ev=probe stage=stall set=stack tid=0x00002720 rip=0x7FFD69541444 rsp=0x79D9FFEF48 window=2048
client level=info t=523219 ev=probe stage=stall set=frames tid=0x00002720 f0=exe+0x267D140 f1=exe+0x3B1A77 f2=exe+0x3AFF70 f3=exe+0x4F5C89E f4=exe+0x47DA9CB f5=exe+0x0 f6=exe+0x3FB1A5A f7=exe+0x69533FF
client level=info t=523219 ev=probe stage=stall set=stack tid=0x00003C78 rip=0x7FFD69540E44 rsp=0x79DABFFC68 window=512
client level=info t=523219 ev=probe stage=stall set=frames tid=0x00003C78 f0=exe+0x1280280 f1=exe+0x0 f2=exe+0x242CD10 f3=exe+0x1280201 f4=exe+0x3023E5 f5=exe+0x348061 f6=exe+0x7CB8EAA f7=exe+0x7039128
client level=info t=523219 ev=probe stage=stall set=frames tid=0x00003C78 f8=exe+0x128029D f9=exe+0x0 f10=exe+0x1280280 f11=exe+0x129869C
client level=info t=523219 ev=probe stage=stall set=stack tid=0x00002A04 rip=0x7FFD69541444 rsp=0x79DAFF8B28 window=2048
client level=info t=523219 ev=probe stage=stall set=frames tid=0x00002A04 f0=exe+0x1299FD0 f1=exe+0x7CB8EAA f2=exe+0x0 f3=exe+0x1299FD0 f4=exe+0x129A08B f5=exe+0x2F24088 f6=exe+0x2F23FB0
client level=info t=523219 ev=probe stage=stall set=stack tid=0x00001560 rip=0x7FFD69540E44 rsp=0x79DB3FFB78 window=1024
client level=info t=523219 ev=probe stage=stall set=frames tid=0x00001560 f0=exe+0x302465 f1=exe+0x31D073 f2=exe+0x31D0BA f3=exe+0x318894 f4=exe+0x20D6E38 f5=exe+0x31B241 f6=exe+0x3537B3 f7=exe+0x20D6E38
client level=info t=523219 ev=probe stage=stall set=frames tid=0x00001560 f8=exe+0x20D6E38 f9=exe+0x353874 f10=exe+0x20D6E38 f11=exe+0x20D6E5C f12=exe+0x3537D0 f13=exe+0x20D6E38
client level=info t=523219 ev=probe stage=stall set=stack tid=0x00002E84 rip=0x7FFD69540E44 rsp=0x79DB7FF878 window=1024
client level=info t=523219 ev=probe stage=stall set=frames tid=0x00002E84 f0=exe+0x2E5B380 f1=exe+0x302465 f2=exe+0x31D073 f3=exe+0x31D0BA f4=exe+0x318894 f5=exe+0x20D7A38 f6=exe+0x31B241 f7=exe+0x3537B3
client level=info t=523219 ev=probe stage=stall set=frames tid=0x00002E84 f8=exe+0x20D7A38 f9=exe+0x20D7A38 f10=exe+0x353874 f11=exe+0x20D7A38 f12=exe+0x20D7A5C f13=exe+0x3537D0 f14=exe+0x20D7A38
client level=info t=523219 ev=probe stage=stall set=stack tid=0x00002DBC rip=0x7FFD69540E44 rsp=0x79DBBFFA58 window=1024
client level=info t=523219 ev=probe stage=stall set=frames tid=0x00002DBC f0=exe+0x302465 f1=exe+0x31D073 f2=exe+0x31D0BA f3=exe+0x318894 f4=exe+0x20D8638 f5=exe+0x31B241 f6=exe+0x3537B3 f7=exe+0x20D8638
client level=info t=523219 ev=probe stage=stall set=frames tid=0x00002DBC f8=exe+0x20D8638 f9=exe+0x353874 f10=exe+0x20D8638 f11=exe+0x20D865C f12=exe+0x3537D0 f13=exe+0x20D8638
client level=info t=523219 ev=probe stage=stall set=stack tid=0x00004D9C rip=0x7FFD69541444 rsp=0x79DBFFE1F8 window=2048
client level=info t=523219 ev=probe stage=stall set=frames tid=0x00004D9C f0=exe+0x20D9280 f1=exe+0x20D9280 f2=exe+0x3550FB f3=exe+0x20D9238 f4=exe+0x1DC60C8 f5=exe+0x1DC60D4 f6=exe+0x1B87974 f7=exe+0x1DC60C8
client level=info t=523219 ev=probe stage=stall set=frames tid=0x00004D9C f8=exe+0x3537B3 f9=exe+0x35ECC44 f10=exe+0x3537B3 f11=exe+0x35ECC44 f12=exe+0x35ECC44 f13=exe+0x3537B3 f14=exe+0x35ECC44 f15=exe+0x310033
client level=info t=523219 ev=probe stage=stall set=stack tid=0x00003AB8 rip=0x7FFD69540E44 rsp=0x79DC3FF828 window=1024
client level=info t=523219 ev=probe stage=stall set=frames tid=0x00003AB8 f0=exe+0x302465 f1=exe+0x31D073 f2=exe+0x31D0BA f3=exe+0x318894 f4=exe+0x20D9E38 f5=exe+0x31B241 f6=exe+0x3537B3 f7=exe+0x20D9E38
client level=info t=523219 ev=probe stage=stall set=frames tid=0x00003AB8 f8=exe+0x20D9E38 f9=exe+0x353874 f10=exe+0x20D9E38 f11=exe+0x20D9E5C f12=exe+0x3537D0 f13=exe+0x20D9E38
client level=info t=523219 ev=probe stage=stall set=stack tid=0x00000D90 rip=0x7FFD69540E44 rsp=0x79DC7FF928 window=1024
client level=info t=523219 ev=probe stage=stall set=frames tid=0x00000D90 f0=exe+0x302465 f1=exe+0x31D073 f2=exe+0x31D0BA f3=exe+0x318894 f4=exe+0x20DAA38 f5=exe+0x31B241 f6=exe+0x3537B3 f7=exe+0x20DAA38
client level=info t=523219 ev=probe stage=stall set=frames tid=0x00000D90 f8=exe+0x20DAA38 f9=exe+0x353874 f10=exe+0x20DAA38 f11=exe+0x20DAA5C f12=exe+0x3537D0 f13=exe+0x20DAA38
client level=info t=523219 ev=probe stage=stall set=stack tid=0x000043E8 rip=0x7FFD69540E44 rsp=0x79DCBFFB48 window=1024
client level=info t=523219 ev=probe stage=stall set=frames tid=0x000043E8 f0=exe+0x302465 f1=exe+0x31D073 f2=exe+0x31D0BA f3=exe+0x318894 f4=exe+0x20EEE48 f5=exe+0x31B241 f6=exe+0x3537B3 f7=exe+0x20EEE48
client level=info t=523219 ev=probe stage=stall set=frames tid=0x000043E8 f8=exe+0x20EEE48 f9=exe+0x353874 f10=exe+0x20EEE48 f11=exe+0x20EEE6C f12=exe+0x3537D0 f13=exe+0x20EEE48
client level=info t=523219 ev=probe stage=stall set=stack tid=0x00002020 rip=0x7FFD69540E44 rsp=0x79DCFFF538 window=2048
client level=info t=523219 ev=probe stage=stall set=frames tid=0x00002020 f0=exe+0x302465 f1=exe+0x31D073 f2=exe+0x31D0BA f3=exe+0x318894 f4=exe+0x20EFA48 f5=exe+0x31B241 f6=exe+0x3537B3 f7=exe+0x20EFA48
client level=info t=523219 ev=probe stage=stall set=frames tid=0x00002020 f8=exe+0x20EFA48 f9=exe+0x353874 f10=exe+0x20EFA48 f11=exe+0x20EFA6C f12=exe+0x3537D0 f13=exe+0x20EFA48
client level=info t=523219 ev=probe stage=stall set=stack tid=0x00004830 rip=0x7FFD69541444 rsp=0x79DD3FEFE8 window=2048
client level=info t=523219 ev=probe stage=stall set=frames tid=0x00004830 f0=exe+0x1AEBDFF
client level=info t=523219 ev=probe stage=stall set=stack tid=0x000042EC rip=0x7FFD69540E44 rsp=0x79DD7FFA08 window=2048
client level=info t=523219 ev=probe stage=stall set=frames tid=0x000042EC f0=exe+0x1AE9B80
client level=info t=523219 ev=probe stage=stall set=stack tid=0x00002FBC rip=0x7FFD66761344 rsp=0x79DDBFFC48 window=2048
client level=info t=523219 ev=probe stage=stall set=frames tid=0x00002FBC f0=exe+0x2686901 f1=exe+0x2686901 f2=exe+0x3C5F69 f3=exe+0x26869E0 f4=exe+0x26869E0 f5=exe+0x3BD893 f6=exe+0x26869E0 f7=exe+0x3BDA99
client level=info t=523219 ev=probe stage=stall set=frames tid=0x00002FBC f8=exe+0x26869E0 f9=exe+0x3537B3 f10=exe+0x26869E0 f11=exe+0x353874 f12=exe+0x26869E0 f13=exe+0x2686A04 f14=exe+0x3537D0 f15=exe+0x26869E0
client level=info t=523219 ev=probe stage=stall set=stack tid=0x0000454C rip=0x7FFD66761344 rsp=0x79DDFFF7E8 window=2048
client level=info t=523219 ev=probe stage=stall set=frames tid=0x0000454C f0=exe+0x3BDA55 f1=exe+0x26869E0 f2=exe+0x26875E0 f3=exe+0x3537B3 f4=exe+0x26875E0 f5=exe+0x353874 f6=exe+0x26875E0 f7=exe+0x2687604
client level=info t=523219 ev=probe stage=stall set=frames tid=0x0000454C f8=exe+0x3537D0 f9=exe+0x26875E0
client level=info t=523219 ev=probe stage=stall set=stack tid=0x00000194 rip=0x7FFD69540EE4 rsp=0x79DE3FFC58 window=2048
client level=info t=523219 ev=probe stage=stall set=stack tid=0x00001D98 rip=0x7FFD69544A14 rsp=0x79DEBFF5E8 window=2048
client level=info t=523219 ev=probe stage=stall set=stack tid=0x00002E34 rip=0x7FFD69544A14 rsp=0x79DEFFF7B8 window=2048
client level=info t=523219 ev=probe stage=stall set=stack tid=0x00004934 rip=0x7FFD69540E44 rsp=0x79DF3FF818 window=2048
client level=info t=523219 ev=probe stage=stall set=stack tid=0x00003B04 rip=0x7FFD69540E44 rsp=0x79DE7FF698 window=2048
client level=info t=523219 ev=probe stage=stall set=stack tid=0x000033AC rip=0x7FFD69540E44 rsp=0x79DF7FF948 window=2048
client level=info t=523219 ev=probe stage=stall set=stack tid=0x000019B0 rip=0x7FFD69540E44 rsp=0x79DFBFFA48 window=2048
client level=info t=523219 ev=probe stage=stall set=stack tid=0x000045E0 rip=0x7FFD69540E44 rsp=0x79DFFFFCD8 window=2048
client level=info t=523219 ev=probe stage=stall set=stack tid=0x000019A4 rip=0x7FFD69540E44 rsp=0x79E03FF628 window=2048
client level=info t=523219 ev=probe stage=stall set=stack tid=0x000027C4 rip=0x7FFD69540E44 rsp=0x79E07FF848 window=2048
client level=info t=523219 ev=probe stage=stall set=stack tid=0x00003498 rip=0x7FFD69540E44 rsp=0x79E0BFF7E8 window=2048
client level=info t=523219 ev=probe stage=stall set=stack tid=0x00001B48 rip=0x7FFD69540E44 rsp=0x79E0FFFB08 window=2048
client level=info t=523219 ev=probe stage=stall set=stack tid=0x0000262C rip=0x7FFD69540E44 rsp=0x79E13FF6A8 window=2048
client level=info t=523219 ev=probe stage=stall set=stack tid=0x00004CB8 rip=0x7FFD69540E44 rsp=0x79E17FFC18 window=2048
client level=info t=523219 ev=probe stage=stall set=stack tid=0x00003134 rip=0x7FFD69544A14 rsp=0x79E1BFF9D8 window=2048
client level=info t=523219 ev=probe stage=stall set=stack tid=0x000042DC rip=0x7FFD69544A14 rsp=0x79E1FFF7D8 window=2048
client level=info t=523219 ev=probe stage=stall set=stack tid=0x00001F44 rip=0x7FFD69541914 rsp=0x79E27FF448 window=2048
client level=info t=523219 ev=probe stage=stall set=stack tid=0x00001988 rip=0x7FFD69540E44 rsp=0x79E2BFFC58 window=2048
client level=info t=523219 ev=probe stage=stall set=stack tid=0x00004E00 rip=0x7FFD69540E44 rsp=0x79E2FFFA88 window=2048
client level=info t=523219 ev=probe stage=stall set=stack tid=0x00000C9C rip=0x7FFD69540E44 rsp=0x79E33FFCF8 window=2048
client level=info t=523219 ev=probe stage=stall set=stack tid=0x000001E0 rip=0x7FFD69540E44 rsp=0x79E37FFB78 window=2048
client level=info t=523219 ev=probe stage=stall set=stack tid=0x00001698 rip=0x7FFD69540E44 rsp=0x79E3BFF7F8 window=2048
client level=info t=523219 ev=probe stage=stall set=stack tid=0x00002E58 rip=0x7FFD69540E44 rsp=0x79E3FFFC48 window=2048
client level=info t=523219 ev=probe stage=stall set=stack tid=0x00004DD0 rip=0x7FFD69540E44 rsp=0x79E43FF798 window=2048
client level=info t=523219 ev=probe stage=stall set=stack tid=0x00003274 rip=0x7FFD69540E44 rsp=0x79E47FF918 window=1024
client level=info t=523219 ev=probe stage=stall set=stack tid=0x00004CE0 rip=0x7FFD69541444 rsp=0x79E4BFF978 window=1024
client level=info t=523219 ev=probe stage=stall set=frames tid=0x00004CE0 f0=exe+0x26869D0 f1=exe+0x11C7C5C f2=exe+0x2E5BEC2 f3=exe+0x3537B3 f4=exe+0x2E5BE90 f5=exe+0x2E5BE90 f6=exe+0x353874 f7=exe+0x2E5BE90
client level=info t=523219 ev=probe stage=stall set=frames tid=0x00004CE0 f8=exe+0x2E5BEB4 f9=exe+0x3537D0 f10=exe+0x2E5BE90
client level=info t=523219 ev=probe stage=stall set=stack tid=0x000012A0 rip=0x7FFD69540E44 rsp=0x79E4FFFA38 window=2048
client level=info t=523219 ev=probe stage=stall set=frames tid=0x000012A0 f0=exe+0x2E79DE3 f1=exe+0x11DB4DB f2=exe+0x2E79DA0 f3=exe+0x3537B3 f4=exe+0x2E79DA0 f5=exe+0x353874 f6=exe+0x2E79DA0 f7=exe+0x2E79DC4
client level=info t=523219 ev=probe stage=stall set=frames tid=0x000012A0 f8=exe+0x3537D0 f9=exe+0x2E79DA0
client level=info t=523219 ev=probe stage=stall set=stack tid=0x00000878 rip=0x7FFD69540E44 rsp=0x79E5FFF8D8 window=2048
client level=info t=523219 ev=probe stage=stall set=stack tid=0x00003364 rip=0x7FFD69540E44 rsp=0x79E63FF6A8 window=2048
client level=info t=523219 ev=probe stage=stall set=stack tid=0x000040E0 rip=0x7FFD69540E44 rsp=0x79E67FF768 window=2048
client level=info t=523219 ev=probe stage=stall set=stack tid=0x00002F54 rip=0x7FFD69540E44 rsp=0x79E6BFF808 window=2048
client level=info t=523219 ev=probe stage=stall set=stack tid=0x00002EC8 rip=0x7FFD69540E44 rsp=0x79E6FFFCD8 window=2048
client level=info t=523219 ev=probe stage=stall set=stack tid=0x000034A4 rip=0x7FFD69540E44 rsp=0x79E73FF658 window=2048
client level=info t=523219 ev=probe stage=stall set=stack tid=0x00004684 rip=0x7FFD69540E44 rsp=0x79E77FF688 window=2048
client level=info t=523219 ev=probe stage=stall set=stack tid=0x00004E40 rip=0x7FFD69540E44 rsp=0x79E7BFF948 window=2048
client level=info t=523219 ev=probe stage=stall set=stack tid=0x00002A6C rip=0x7FFD69540E44 rsp=0x79E7FFF808 window=1024
client level=info t=523219 ev=probe stage=stall set=stack tid=0x000008BC rip=0x7FFD69540E44 rsp=0x79E83FF868 window=1024
client level=info t=523219 ev=probe stage=stall set=frames tid=0x000008BC f0=exe+0x19F8801
client level=info t=523219 ev=probe stage=stall set=stack tid=0x000031C4 rip=0x7FFD69540E44 rsp=0x79E87FFA28 window=1024
client level=info t=523219 ev=probe stage=stall set=frames tid=0x000031C4 f0=exe+0x1A07446
client level=info t=523219 ev=probe stage=stall set=stack tid=0x00002950 rip=0x7FFD69541914 rsp=0x79E8BFF408 window=2048
client level=info t=523219 ev=probe stage=stall set=frames tid=0x00002950 f0=exe+0x1A40E63 f1=exe+0x1A41E30
client level=info t=523219 ev=probe stage=stall set=stack tid=0x00004EA8 rip=0x7FFD69541914 rsp=0x79E97FF638 window=2048
client level=info t=523219 ev=probe stage=stall set=stack tid=0x000038C8 rip=0x7FFD69541914 rsp=0x79E9FFF658 window=2048
client level=info t=523219 ev=probe stage=stall set=stack tid=0x0000339C rip=0x7FFD69540E44 rsp=0x79EA3FFA98 window=1024
client level=info t=523219 ev=probe stage=stall set=frames tid=0x0000339C f0=exe+0x1A914FF f1=own+0x1499D3 f2=exe+0x39B4FB f3=exe+0x1A8222A
client level=info t=523219 ev=probe stage=stall set=stack tid=0x000048D8 rip=0x7FFD69540E44 rsp=0x79EA7FF848 window=2048
client level=info t=523219 ev=probe stage=stall set=frames tid=0x000048D8 f0=exe+0x0 f1=exe+0x1F15A90 f2=exe+0x0 f3=exe+0x30FE80 f4=exe+0x30FED2 f5=exe+0x30FE80 f6=exe+0x30FE80 f7=exe+0x129869C
client level=info t=523219 ev=probe stage=stall set=stack tid=0x000033F0 rip=0x7FFD69541914 rsp=0x79E53FEFC8 window=2048
client level=info t=523219 ev=probe stage=stall set=stack tid=0x000033B0 rip=0x7FFD69541914 rsp=0x79E23FE348 window=2048
client level=info t=523219 ev=probe stage=stall set=frames tid=0x000033B0 f0=exe+0x3E8155
client level=info t=523219 ev=probe stage=stall set=stack tid=0x00004CF0 rip=0x7FFD69541444 rsp=0x79EAFFF828 window=1024
client level=info t=523219 ev=probe stage=stall set=frames tid=0x00004CF0 f0=own+0x695B28 f1=own+0x679AE0 f2=own+0x679B28 f3=own+0x679B28 f4=own+0x679AE0 f5=own+0x1DAE8B f6=own+0x679B28 f7=own+0x679AE0
client level=info t=523219 ev=probe stage=stall set=stack tid=0x0000158C rip=0x7FFD69540EE4 rsp=0x79D8BFF938 window=1024
client level=info t=523219 ev=probe stage=stall set=stack tid=0x0000411C rip=0x7FFD69541444 rsp=0x79D8FFFA28 window=2048
client level=info t=523219 ev=probe stage=stall set=frames tid=0x0000411C f0=exe+0x173A58B f1=exe+0x31DA5A0 f2=exe+0x3537B3 f3=exe+0x31DA5A0 f4=exe+0x353874 f5=exe+0x31DA5A0 f6=exe+0x31DA5C4 f7=exe+0x3537D0
client level=info t=523219 ev=probe stage=stall set=frames tid=0x0000411C f8=exe+0x31DA5A0
client level=info t=523219 ev=probe stage=stall set=stack tid=0x000045A0 rip=0x7FFD69544A74 rsp=0x79D93FF978 window=2048
client level=info t=523219 ev=probe stage=stall set=stack tid=0x00003BC0 rip=0x7FFD69544A74 rsp=0x79E57FF498 window=2048
client level=info t=523219 ev=probe stage=stall set=stack tid=0x00001DF0 rip=0x7FFD69544A74 rsp=0x79D9BFFB28 window=2048
client level=info t=523219 ev=probe stage=stall set=stack tid=0x00001604 rip=0x7FFD69544A74 rsp=0x79DA3FFAF8 window=1024
server level=info t=526797 ev=gameplay stage=association result=timeout
client level=info t=536797 ev=probe stage=hitch step=38 dur=0 gate=0 fa=0x00834000 fa_idle=1 fb=0x00834001 fb_idle=0 fc=0x00834002 fc_idle=0
client level=info t=536797 ev=probe stage=hitch set=wait idx=3 slot=3 tid=0x00004D9C kind=4 age=19996.2 desc="fiber:{{!0x00834002!}} phase:{{!-1!}} iteration:0x0"
client level=info t=536797 ev=probe stage=hitch set=ring idx=0 slot=-1 tid=0xFFFFFFFF kind=255 age=27881209856.0 desc="name: 'empty_job', owner: 'system owner'"
client level=info t=536797 ev=probe stage=hitch set=ring idx=1 slot=-1 tid=0xFFFFFFFF kind=255 age=27881209856.0 desc="name: 'empty_job', owner: 'system owner'"
client level=info t=536797 ev=probe stage=hitch set=ring idx=2 slot=-1 tid=0xFFFFFFFF kind=255 age=27881209856.0 desc="name: 'empty_job', owner: 'system owner'"
client level=info t=536797 ev=probe stage=hitch set=ring idx=3 slot=-1 tid=0xFFFFFFFF kind=255 age=27881209856.0 desc="name: 'empty_job', owner: 'system owner'"
client level=info t=536797 ev=probe stage=hitch set=ring idx=4 slot=-1 tid=0xFFFFFFFF kind=255 age=27881209856.0 desc="name: 'empty_job', owner: 'system owner'"
client level=info t=536797 ev=probe stage=hitch set=ring idx=5 slot=-1 tid=0xFFFFFFFF kind=255 age=27881209856.0 desc="name: 'empty_job', owner: 'system owner'"
client level=info t=536797 ev=probe stage=hitch set=ring idx=6 slot=-1 tid=0xFFFFFFFF kind=255 age=27881209856.0 desc="name: 'empty_job', owner: 'system owner'"
client level=info t=536797 ev=probe stage=hitch set=ring idx=7 slot=-1 tid=0xFFFFFFFF kind=255 age=27881209856.0 desc="name: 'empty_job', owner: 'system owner'"
client level=info t=536797 ev=probe stage=hitch set=ring idx=8 slot=-1 tid=0xFFFFFFFF kind=255 age=27881209856.0 desc="name: 'empty_job', owner: 'system owner'"
client level=info t=536797 ev=probe stage=hitch set=ring idx=9 slot=-1 tid=0xFFFFFFFF kind=255 age=27881209856.0 desc="name: 'empty_job', owner: 'system owner'"
client level=info t=536797 ev=probe stage=hitch set=ring idx=10 slot=-1 tid=0xFFFFFFFF kind=255 age=27881209856.0 desc="name: 'empty_job', owner: 'system owner'"
client level=info t=536797 ev=probe stage=hitch set=ring idx=11 slot=-1 tid=0xFFFFFFFF kind=255 age=27881209856.0 desc="name: 'empty_job', owner: 'system owner'"
client level=info t=536797 ev=probe stage=hitch set=ring idx=12 slot=-1 tid=0xFFFFFFFF kind=255 age=27881209856.0 desc="name: 'empty_job', owner: 'system owner'"
client level=info t=536797 ev=probe stage=hitch set=ring idx=13 slot=-1 tid=0xFFFFFFFF kind=255 age=27881209856.0 desc="name: 'empty_job', owner: 'system owner'"
client level=info t=536797 ev=probe stage=hitch set=ring idx=14 slot=-1 tid=0xFFFFFFFF kind=255 age=27881209856.0 desc="name: 'empty_job', owner: 'system owner'"
client level=info t=536797 ev=probe stage=hitch set=ring idx=15 slot=-1 tid=0xFFFFFFFF kind=255 age=27881209856.0 desc="name: 'empty_job', owner: 'system owner'"
client level=info t=536797 ev=probe stage=hitch set=stack tid=0x00004D9C rip=0x7FFD69541444 rsp=0x79DBFFE1F8 window=2048
client level=info t=536797 ev=probe stage=hitch set=frames tid=0x00004D9C f0=exe+0x20D9280 f1=exe+0x20D9280 f2=exe+0x3550FB f3=exe+0x20D9238 f4=exe+0x1DC60C8 f5=exe+0x1DC60D4 f6=exe+0x1B87974 f7=exe+0x1DC60C8
client level=info t=536797 ev=probe stage=hitch set=frames tid=0x00004D9C f8=exe+0x3537B3 f9=exe+0x35ECC44 f10=exe+0x3537B3 f11=exe+0x35ECC44 f12=exe+0x35ECC44 f13=exe+0x3537B3 f14=exe+0x35ECC44 f15=exe+0x310033
client level=info t=536797 ev=nettick stage=sample latch=0 callbacks=58729
client level=error t=536797 ev=assert stage=hit n=1 repeat=1 arg0=0 text=hitch detected: mainloop world controller state activity:in_world {{!38!}} job fiber:{{!0x00834002!}} phase:{{!-1!}} iteration:0x0 stalled 
client level=error t=536813 ev=assert stage=hit n=2 repeat=2 arg0=0 text=hitch detected: mainloop world controller state activity:in_world {{!38!}} job fiber:{{!0x00834002!}} phase:{{!-1!}} iteration:0x0 stalled 
client level=error t=536813 ev=assert stage=hit n=3 repeat=3 arg0=0 text=hitch detected: mainloop world controller state activity:in_world {{!38!}} job fiber:{{!0x00834002!}} phase:{{!-1!}} iteration:0x0 stalled 
client level=error t=536813 ev=assert stage=hit n=4 repeat=4 arg0=0 text=hitch detected: mainloop world controller state activity:in_world {{!38!}} job fiber:{{!0x00834002!}} phase:{{!-1!}} iteration:0x0 stalled 
client level=error t=536828 ev=assert stage=hit n=5 repeat=5 arg0=0 text=hitch detected: mainloop world controller state activity:in_world {{!38!}} job fiber:{{!0x00834002!}} phase:{{!-1!}} iteration:0x0 stalled 
client level=error t=536828 ev=assert stage=hit n=6 repeat=6 arg0=0 text=hitch detected: mainloop world controller state activity:in_world {{!38!}} job fiber:{{!0x00834002!}} phase:{{!-1!}} iteration:0x0 stalled 
client level=error t=536828 ev=assert stage=hit n=7 repeat=7 arg0=0 text=hitch detected: mainloop world controller state activity:in_world {{!38!}} job fiber:{{!0x00834002!}} phase:{{!-1!}} iteration:0x0 stalled 
client level=error t=536844 ev=assert stage=hit n=8 repeat=8 arg0=0 text=hitch detected: mainloop world controller state activity:in_world {{!38!}} job fiber:{{!0x00834002!}} phase:{{!-1!}} iteration:0x0 stalled 
client level=warn t=538219 ev=probe stage=stall result=detected idle=21172 count=58729
client level=info t=538250 ev=probe stage=stall set=stack tid=0x00004258 rip=0x7FFD69540E44 rsp=0x79D86FF708 window=2048
client level=info t=538250 ev=probe stage=stall set=frames tid=0x00004258 f0=exe+0xB54BE2 f1=exe+0x302465 f2=exe+0xB58F1F f3=exe+0x1C151D8 f4=exe+0x0 f5=exe+0xB5268C f6=exe+0x80DA9B1 f7=exe+0x48564BA
client level=info t=538250 ev=probe stage=stall set=frames tid=0x00004258 f8=exe+0x93FC7 f9=exe+0x0 f10=exe+0x1C151C8
client level=info t=538250 ev=probe stage=stall set=stack tid=0x00002678 rip=0x7FFD69544A74 rsp=0x79D97FF7B8 window=2048
client level=info t=538250 ev=probe stage=stall set=stack tid=0x00002720 rip=0x7FFD69541444 rsp=0x79D9FFEF48 window=2048
client level=info t=538250 ev=probe stage=stall set=frames tid=0x00002720 f0=exe+0x1681597 f1=exe+0x3B1A77 f2=exe+0x3AFF70 f3=exe+0x4F5C89E f4=exe+0x47DA9CB f5=exe+0x0 f6=exe+0x3FB1A5A f7=exe+0x69533FF
client level=info t=538250 ev=probe stage=stall set=stack tid=0x00003C78 rip=0x7FFD69540E44 rsp=0x79DABFFC68 window=512
client level=info t=538250 ev=probe stage=stall set=frames tid=0x00003C78 f0=exe+0x1280280 f1=exe+0x0 f2=exe+0x242CD10 f3=exe+0x1280201 f4=exe+0x3023E5 f5=exe+0x348061 f6=exe+0x7CB8EAA f7=exe+0x7039128
client level=info t=538250 ev=probe stage=stall set=frames tid=0x00003C78 f8=exe+0x128029D f9=exe+0x0 f10=exe+0x1280280 f11=exe+0x129869C
client level=info t=538250 ev=probe stage=stall set=stack tid=0x00002A04 rip=0x7FFD69541444 rsp=0x79DAFF8B28 window=2048
client level=info t=538250 ev=probe stage=stall set=frames tid=0x00002A04 f0=exe+0x1299FD0 f1=exe+0x7CB8EAA f2=exe+0x0 f3=exe+0x1299FD0 f4=exe+0x129A08B f5=exe+0x2F24088 f6=exe+0x2F240D4 f7=exe+0x2F23FB0
client level=info t=538250 ev=probe stage=stall set=stack tid=0x00001560 rip=0x7FFD69540E44 rsp=0x79DB3FFB78 window=1024
client level=info t=538250 ev=probe stage=stall set=frames tid=0x00001560 f0=exe+0x302465 f1=exe+0x31D073 f2=exe+0x31D0BA f3=exe+0x318894 f4=exe+0x20D6E38 f5=exe+0x31B241 f6=exe+0x3537B3 f7=exe+0x20D6E38
client level=info t=538250 ev=probe stage=stall set=frames tid=0x00001560 f8=exe+0x20D6E38 f9=exe+0x353874 f10=exe+0x20D6E38 f11=exe+0x20D6E5C f12=exe+0x3537D0 f13=exe+0x20D6E38
client level=info t=538250 ev=probe stage=stall set=stack tid=0x00002E84 rip=0x7FFD69540E44 rsp=0x79DB7FF878 window=1024
client level=info t=538250 ev=probe stage=stall set=frames tid=0x00002E84 f0=exe+0x2E5B380 f1=exe+0x302465 f2=exe+0x31D073 f3=exe+0x31D0BA f4=exe+0x318894 f5=exe+0x20D7A38 f6=exe+0x31B241 f7=exe+0x3537B3
client level=info t=538250 ev=probe stage=stall set=frames tid=0x00002E84 f8=exe+0x20D7A38 f9=exe+0x20D7A38 f10=exe+0x353874 f11=exe+0x20D7A38 f12=exe+0x20D7A5C f13=exe+0x3537D0 f14=exe+0x20D7A38
client level=info t=538250 ev=probe stage=stall set=stack tid=0x00002DBC rip=0x7FFD69540E44 rsp=0x79DBBFFA58 window=1024
client level=info t=538250 ev=probe stage=stall set=frames tid=0x00002DBC f0=exe+0x302465 f1=exe+0x31D073 f2=exe+0x31D0BA f3=exe+0x318894 f4=exe+0x20D8638 f5=exe+0x31B241 f6=exe+0x3537B3 f7=exe+0x20D8638
client level=info t=538250 ev=probe stage=stall set=frames tid=0x00002DBC f8=exe+0x20D8638 f9=exe+0x353874 f10=exe+0x20D8638 f11=exe+0x20D865C f12=exe+0x3537D0 f13=exe+0x20D8638
client level=info t=538250 ev=probe stage=stall set=stack tid=0x00004D9C rip=0x7FFD69541444 rsp=0x79DBFFE1F8 window=2048
client level=info t=538250 ev=probe stage=stall set=frames tid=0x00004D9C f0=exe+0x20D9280 f1=exe+0x20D9280 f2=exe+0x3550FB f3=exe+0x20D9238 f4=exe+0x1DC60C8 f5=exe+0x1DC60D4 f6=exe+0x1B87974 f7=exe+0x1DC60C8
client level=info t=538250 ev=probe stage=stall set=frames tid=0x00004D9C f8=exe+0x3537B3 f9=exe+0x35ECC44 f10=exe+0x3537B3 f11=exe+0x35ECC44 f12=exe+0x35ECC44 f13=exe+0x3537B3 f14=exe+0x35ECC44 f15=exe+0x310033
client level=info t=538250 ev=probe stage=stall set=stack tid=0x00003AB8 rip=0x7FFD69540E44 rsp=0x79DC3FF828 window=1024
client level=info t=538250 ev=probe stage=stall set=frames tid=0x00003AB8 f0=exe+0x302465 f1=exe+0x31D073 f2=exe+0x31D0BA f3=exe+0x318894 f4=exe+0x20D9E38 f5=exe+0x31B241 f6=exe+0x3537B3 f7=exe+0x20D9E38
client level=info t=538250 ev=probe stage=stall set=frames tid=0x00003AB8 f8=exe+0x20D9E38 f9=exe+0x353874 f10=exe+0x20D9E38 f11=exe+0x20D9E5C f12=exe+0x3537D0 f13=exe+0x20D9E38
client level=info t=538250 ev=probe stage=stall set=stack tid=0x00000D90 rip=0x7FFD69540E44 rsp=0x79DC7FF928 window=1024
client level=info t=538250 ev=probe stage=stall set=frames tid=0x00000D90 f0=exe+0x302465 f1=exe+0x31D073 f2=exe+0x31D0BA f3=exe+0x318894 f4=exe+0x20DAA38 f5=exe+0x31B241 f6=exe+0x3537B3 f7=exe+0x20DAA38
client level=info t=538250 ev=probe stage=stall set=frames tid=0x00000D90 f8=exe+0x20DAA38 f9=exe+0x353874 f10=exe+0x20DAA38 f11=exe+0x20DAA5C f12=exe+0x3537D0 f13=exe+0x20DAA38
client level=info t=538250 ev=probe stage=stall set=stack tid=0x000043E8 rip=0x7FFD69540E44 rsp=0x79DCBFFB48 window=1024
client level=info t=538250 ev=probe stage=stall set=frames tid=0x000043E8 f0=exe+0x302465 f1=exe+0x31D073 f2=exe+0x31D0BA f3=exe+0x318894 f4=exe+0x20EEE48 f5=exe+0x31B241 f6=exe+0x3537B3 f7=exe+0x20EEE48
client level=info t=538250 ev=probe stage=stall set=frames tid=0x000043E8 f8=exe+0x20EEE48 f9=exe+0x353874 f10=exe+0x20EEE48 f11=exe+0x20EEE6C f12=exe+0x3537D0 f13=exe+0x20EEE48
client level=info t=538250 ev=probe stage=stall set=stack tid=0x00002020 rip=0x7FFD69540E44 rsp=0x79DCFFF538 window=2048
client level=info t=538250 ev=probe stage=stall set=frames tid=0x00002020 f0=exe+0x302465 f1=exe+0x31D073 f2=exe+0x31D0BA f3=exe+0x318894 f4=exe+0x20EFA48 f5=exe+0x31B241 f6=exe+0x3537B3 f7=exe+0x20EFA48
client level=info t=538250 ev=probe stage=stall set=frames tid=0x00002020 f8=exe+0x20EFA48 f9=exe+0x353874 f10=exe+0x20EFA48 f11=exe+0x20EFA6C f12=exe+0x3537D0 f13=exe+0x20EFA48
client level=info t=538250 ev=probe stage=stall set=stack tid=0x00004830 rip=0x7FFD69541444 rsp=0x79DD3FEFE8 window=2048
client level=info t=538250 ev=probe stage=stall set=frames tid=0x00004830 f0=exe+0x1AEBDFF
client level=info t=538250 ev=probe stage=stall set=stack tid=0x000042EC rip=0x7FFD69540E44 rsp=0x79DD7FFA08 window=2048
client level=info t=538250 ev=probe stage=stall set=frames tid=0x000042EC f0=exe+0x1AE9B80
client level=info t=538250 ev=probe stage=stall set=stack tid=0x00002FBC rip=0x7FFD66761344 rsp=0x79DDBFFC48 window=2048
client level=info t=538250 ev=probe stage=stall set=frames tid=0x00002FBC f0=exe+0x2686901 f1=exe+0x2686901 f2=exe+0x3C5F69 f3=exe+0x26869E0 f4=exe+0x26869E0 f5=exe+0x3BD893 f6=exe+0x26869E0 f7=exe+0x3BDA99
client level=info t=538250 ev=probe stage=stall set=frames tid=0x00002FBC f8=exe+0x26869E0 f9=exe+0x3537B3 f10=exe+0x26869E0 f11=exe+0x353874 f12=exe+0x26869E0 f13=exe+0x2686A04 f14=exe+0x3537D0 f15=exe+0x26869E0
client level=info t=538250 ev=probe stage=stall set=stack tid=0x0000454C rip=0x7FFD66761344 rsp=0x79DDFFF7E8 window=2048
client level=info t=538250 ev=probe stage=stall set=frames tid=0x0000454C f0=exe+0x3BDA55 f1=exe+0x26869E0 f2=exe+0x26875E0 f3=exe+0x3537B3 f4=exe+0x26875E0 f5=exe+0x353874 f6=exe+0x26875E0 f7=exe+0x2687604
client level=info t=538250 ev=probe stage=stall set=frames tid=0x0000454C f8=exe+0x3537D0 f9=exe+0x26875E0
client level=info t=538250 ev=probe stage=stall set=stack tid=0x00000194 rip=0x7FFD69540EE4 rsp=0x79DE3FFC58 window=2048
client level=info t=538250 ev=probe stage=stall set=stack tid=0x00001D98 rip=0x7FFD69544A14 rsp=0x79DEBFF5E8 window=2048
client level=info t=538250 ev=probe stage=stall set=stack tid=0x00002E34 rip=0x7FFD69544A14 rsp=0x79DEFFF7B8 window=2048
client level=info t=538250 ev=probe stage=stall set=stack tid=0x00004934 rip=0x7FFD69540E44 rsp=0x79DF3FF818 window=2048
client level=info t=538250 ev=probe stage=stall set=stack tid=0x00003B04 rip=0x7FFD69540E44 rsp=0x79DE7FF698 window=2048
client level=info t=538250 ev=probe stage=stall set=stack tid=0x000033AC rip=0x7FFD69540E44 rsp=0x79DF7FF948 window=2048
client level=info t=538250 ev=probe stage=stall set=stack tid=0x000019B0 rip=0x7FFD69540E44 rsp=0x79DFBFFA48 window=2048
client level=info t=538250 ev=probe stage=stall set=stack tid=0x000045E0 rip=0x7FFD69540E44 rsp=0x79DFFFFCD8 window=2048
client level=info t=538250 ev=probe stage=stall set=stack tid=0x000019A4 rip=0x7FFD69540E44 rsp=0x79E03FF628 window=2048
client level=info t=538250 ev=probe stage=stall set=stack tid=0x000027C4 rip=0x7FFD69540E44 rsp=0x79E07FF848 window=2048
client level=info t=538250 ev=probe stage=stall set=stack tid=0x00003498 rip=0x7FFD69540E44 rsp=0x79E0BFF7E8 window=2048
client level=info t=538250 ev=probe stage=stall set=stack tid=0x00001B48 rip=0x7FFD69540E44 rsp=0x79E0FFFB08 window=2048
client level=info t=538250 ev=probe stage=stall set=stack tid=0x0000262C rip=0x7FFD69540E44 rsp=0x79E13FF6A8 window=2048
client level=info t=538250 ev=probe stage=stall set=stack tid=0x00004CB8 rip=0x7FFD69540E44 rsp=0x79E17FFC18 window=2048
client level=info t=538250 ev=probe stage=stall set=stack tid=0x00003134 rip=0x7FFD69544A14 rsp=0x79E1BFF9D8 window=2048
client level=info t=538250 ev=probe stage=stall set=stack tid=0x000042DC rip=0x7FFD69544A14 rsp=0x79E1FFF7D8 window=2048
client level=info t=538250 ev=probe stage=stall set=stack tid=0x00001F44 rip=0x7FFD69541914 rsp=0x79E27FF448 window=2048
client level=info t=538250 ev=probe stage=stall set=stack tid=0x00001988 rip=0x7FFD69540E44 rsp=0x79E2BFFC58 window=2048
client level=info t=538250 ev=probe stage=stall set=stack tid=0x00004E00 rip=0x7FFD69540E44 rsp=0x79E2FFFA88 window=2048
client level=info t=538250 ev=probe stage=stall set=stack tid=0x00000C9C rip=0x7FFD69540E44 rsp=0x79E33FFCF8 window=2048
client level=info t=538250 ev=probe stage=stall set=stack tid=0x000001E0 rip=0x7FFD69540E44 rsp=0x79E37FFB78 window=2048
client level=info t=538250 ev=probe stage=stall set=stack tid=0x00001698 rip=0x7FFD69540E44 rsp=0x79E3BFF7F8 window=2048
client level=info t=538250 ev=probe stage=stall set=stack tid=0x00002E58 rip=0x7FFD69540E44 rsp=0x79E3FFFC48 window=2048
client level=info t=538250 ev=probe stage=stall set=stack tid=0x00004DD0 rip=0x7FFD69540E44 rsp=0x79E43FF798 window=2048
client level=info t=538250 ev=probe stage=stall set=stack tid=0x00003274 rip=0x7FFD69540E44 rsp=0x79E47FF918 window=1024
client level=info t=538250 ev=probe stage=stall set=stack tid=0x00004CE0 rip=0x7FFD69541444 rsp=0x79E4BFF978 window=1024
client level=info t=538250 ev=probe stage=stall set=frames tid=0x00004CE0 f0=exe+0x26869D0 f1=exe+0x11C7C5C f2=exe+0x2E5BEC2 f3=exe+0x3537B3 f4=exe+0x2E5BE90 f5=exe+0x2E5BE90 f6=exe+0x353874 f7=exe+0x2E5BE90
client level=info t=538250 ev=probe stage=stall set=frames tid=0x00004CE0 f8=exe+0x2E5BEB4 f9=exe+0x3537D0 f10=exe+0x2E5BE90
client level=info t=538250 ev=probe stage=stall set=stack tid=0x000012A0 rip=0x7FFD69540E44 rsp=0x79E4FFFA38 window=2048
client level=info t=538250 ev=probe stage=stall set=frames tid=0x000012A0 f0=exe+0x2E79DE3 f1=exe+0x11DB4DB f2=exe+0x2E79DA0 f3=exe+0x3537B3 f4=exe+0x2E79DA0 f5=exe+0x353874 f6=exe+0x2E79DA0 f7=exe+0x2E79DC4
client level=info t=538250 ev=probe stage=stall set=frames tid=0x000012A0 f8=exe+0x3537D0 f9=exe+0x2E79DA0
client level=info t=538250 ev=probe stage=stall set=stack tid=0x00000878 rip=0x7FFD69540E44 rsp=0x79E5FFF8D8 window=2048
client level=info t=538250 ev=probe stage=stall set=stack tid=0x00003364 rip=0x7FFD69540E44 rsp=0x79E63FF6A8 window=2048
client level=info t=538250 ev=probe stage=stall set=stack tid=0x000040E0 rip=0x7FFD69540E44 rsp=0x79E67FF768 window=2048
client level=info t=538250 ev=probe stage=stall set=stack tid=0x00002F54 rip=0x7FFD69540E44 rsp=0x79E6BFF808 window=2048
client level=info t=538250 ev=probe stage=stall set=stack tid=0x00002EC8 rip=0x7FFD69540E44 rsp=0x79E6FFFCD8 window=2048
client level=info t=538250 ev=probe stage=stall set=stack tid=0x000034A4 rip=0x7FFD69540E44 rsp=0x79E73FF658 window=2048
client level=info t=538250 ev=probe stage=stall set=stack tid=0x00004684 rip=0x7FFD69540E44 rsp=0x79E77FF688 window=2048
client level=info t=538250 ev=probe stage=stall set=stack tid=0x00004E40 rip=0x7FFD69540E44 rsp=0x79E7BFF948 window=2048
client level=info t=538250 ev=probe stage=stall set=stack tid=0x00002A6C rip=0x7FFD69540E44 rsp=0x79E7FFF808 window=1024
client level=info t=538250 ev=probe stage=stall set=stack tid=0x000008BC rip=0x7FFD69540E44 rsp=0x79E83FF868 window=1024
client level=info t=538250 ev=probe stage=stall set=frames tid=0x000008BC f0=exe+0x19F8801
client level=info t=538250 ev=probe stage=stall set=stack tid=0x000031C4 rip=0x7FFD69540E44 rsp=0x79E87FFA28 window=1024
client level=info t=538250 ev=probe stage=stall set=frames tid=0x000031C4 f0=exe+0x1A07446
client level=info t=538250 ev=probe stage=stall set=stack tid=0x00002950 rip=0x7FFD69541914 rsp=0x79E8BFF408 window=2048
client level=info t=538250 ev=probe stage=stall set=frames tid=0x00002950 f0=exe+0x1A40E63 f1=exe+0x1A41E30
client level=info t=538250 ev=probe stage=stall set=stack tid=0x00004EA8 rip=0x7FFD69541914 rsp=0x79E97FF638 window=2048
client level=info t=538250 ev=probe stage=stall set=stack tid=0x000038C8 rip=0x7FFD69541914 rsp=0x79E9FFF658 window=2048
client level=info t=538250 ev=probe stage=stall set=stack tid=0x0000339C rip=0x7FFD69540E44 rsp=0x79EA3FFA98 window=1024
client level=info t=538250 ev=probe stage=stall set=frames tid=0x0000339C f0=exe+0x1A914FF f1=own+0x1499D3 f2=exe+0x39B4FB f3=exe+0x1A8222A
client level=info t=538250 ev=probe stage=stall set=stack tid=0x000048D8 rip=0x7FFD69540E44 rsp=0x79EA7FF848 window=2048
client level=info t=538250 ev=probe stage=stall set=frames tid=0x000048D8 f0=exe+0x0 f1=exe+0x1F15A90 f2=exe+0x0 f3=exe+0x30FE80 f4=exe+0x30FED2 f5=exe+0x30FE80 f6=exe+0x30FE80 f7=exe+0x129869C
client level=info t=538250 ev=probe stage=stall set=stack tid=0x000033F0 rip=0x7FFD69541914 rsp=0x79E53FEFC8 window=2048
client level=info t=538250 ev=probe stage=stall set=stack tid=0x000033B0 rip=0x7FFD69541914 rsp=0x79E23FE348 window=2048
client level=info t=538250 ev=probe stage=stall set=frames tid=0x000033B0 f0=exe+0x3E8155
client level=info t=538250 ev=probe stage=stall set=stack tid=0x00004CF0 rip=0x7FFD69541444 rsp=0x79EAFFF828 window=1024
client level=info t=538250 ev=probe stage=stall set=frames tid=0x00004CF0 f0=own+0x695B28 f1=own+0x679AE0 f2=own+0x679B28 f3=own+0x679B28 f4=own+0x679AE0 f5=own+0x1DAE8B f6=own+0x679B28 f7=own+0x679AE0
client level=info t=538250 ev=probe stage=stall set=stack tid=0x0000158C rip=0x7FFD69540EE4 rsp=0x79D8BFF938 window=1024
client level=info t=538250 ev=probe stage=stall set=stack tid=0x0000411C rip=0x7FFD69541444 rsp=0x79D8FFFA28 window=2048
client level=info t=538250 ev=probe stage=stall set=frames tid=0x0000411C f0=exe+0x173A58B f1=exe+0x31DA5A0 f2=exe+0x3537B3 f3=exe+0x31DA5A0 f4=exe+0x353874 f5=exe+0x31DA5A0 f6=exe+0x31DA5C4 f7=exe+0x3537D0
client level=info t=538250 ev=probe stage=stall set=frames tid=0x0000411C f8=exe+0x31DA5A0
client level=info t=538250 ev=probe stage=stall set=stack tid=0x000045A0 rip=0x7FFD69544A74 rsp=0x79D93FF978 window=2048
client level=info t=538250 ev=probe stage=stall set=stack tid=0x00003BC0 rip=0x7FFD69544A74 rsp=0x79E57FF498 window=2048
client level=info t=538250 ev=probe stage=stall set=stack tid=0x00001DF0 rip=0x7FFD69544A74 rsp=0x79D9BFFB28 window=2048
client level=info t=538250 ev=probe stage=stall set=stack tid=0x00001604 rip=0x7FFD69544A74 rsp=0x79DA3FFAF8 window=1024
client level=info t=539594 ev=nettick stage=sample latch=0 callbacks=58729
client level=error t=539594 ev=assert stage=hit n=512 repeat=512 arg0=0 text=hitch detected: mainloop world controller state activity:in_world {{!38!}} job fiber:{{!0x00834002!}} phase:{{!-1!}} iteration:0x0 stalled 
client level=info t=542391 ev=nettick stage=sample latch=0 callbacks=58729
client level=error t=542391 ev=assert stage=hit n=1024 repeat=1024 arg0=0 text=hitch detected: mainloop world controller state activity:in_world {{!38!}} job fiber:{{!0x00834002!}} phase:{{!-1!}} iteration:0x0 stalled 
client level=info t=545172 ev=nettick stage=sample latch=0 callbacks=58729
client level=error t=545172 ev=assert stage=hit n=1536 repeat=1536 arg0=0 text=hitch detected: mainloop world controller state activity:in_world {{!38!}} job fiber:{{!0x00834002!}} phase:{{!-1!}} iteration:0x0 stalled 
client level=info t=546797 ev=probe stage=hitch step=38 dur=0 gate=0 fa=0x00834000 fa_idle=1 fb=0x00834001 fb_idle=0 fc=0x00834002 fc_idle=0
client level=info t=546797 ev=probe stage=hitch set=wait idx=3 slot=3 tid=0x00004D9C kind=4 age=29986.2 desc="fiber:{{!0x00834002!}} phase:{{!-1!}} iteration:0x0"
client level=info t=546797 ev=probe stage=hitch set=ring idx=0 slot=-1 tid=0xFFFFFFFF kind=255 age=27881209856.0 desc="name: 'empty_job', owner: 'system owner'"
client level=info t=546797 ev=probe stage=hitch set=ring idx=1 slot=-1 tid=0xFFFFFFFF kind=255 age=27881209856.0 desc="name: 'empty_job', owner: 'system owner'"
client level=info t=546797 ev=probe stage=hitch set=ring idx=2 slot=-1 tid=0xFFFFFFFF kind=255 age=27881209856.0 desc="name: 'empty_job', owner: 'system owner'"
client level=info t=546797 ev=probe stage=hitch set=ring idx=3 slot=-1 tid=0xFFFFFFFF kind=255 age=27881209856.0 desc="name: 'empty_job', owner: 'system owner'"
client level=info t=546797 ev=probe stage=hitch set=ring idx=4 slot=-1 tid=0xFFFFFFFF kind=255 age=27881209856.0 desc="name: 'empty_job', owner: 'system owner'"
client level=info t=546797 ev=probe stage=hitch set=ring idx=5 slot=-1 tid=0xFFFFFFFF kind=255 age=27881209856.0 desc="name: 'empty_job', owner: 'system owner'"
client level=info t=546797 ev=probe stage=hitch set=ring idx=6 slot=-1 tid=0xFFFFFFFF kind=255 age=27881209856.0 desc="name: 'empty_job', owner: 'system owner'"
client level=info t=546797 ev=probe stage=hitch set=ring idx=7 slot=-1 tid=0xFFFFFFFF kind=255 age=27881209856.0 desc="name: 'empty_job', owner: 'system owner'"
client level=info t=546797 ev=probe stage=hitch set=ring idx=8 slot=-1 tid=0xFFFFFFFF kind=255 age=27881209856.0 desc="name: 'empty_job', owner: 'system owner'"
client level=info t=546797 ev=probe stage=hitch set=ring idx=9 slot=-1 tid=0xFFFFFFFF kind=255 age=27881209856.0 desc="name: 'empty_job', owner: 'system owner'"
client level=info t=546797 ev=probe stage=hitch set=ring idx=10 slot=-1 tid=0xFFFFFFFF kind=255 age=27881209856.0 desc="name: 'empty_job', owner: 'system owner'"
client level=info t=546797 ev=probe stage=hitch set=ring idx=11 slot=-1 tid=0xFFFFFFFF kind=255 age=27881209856.0 desc="name: 'empty_job', owner: 'system owner'"
client level=info t=546797 ev=probe stage=hitch set=ring idx=12 slot=-1 tid=0xFFFFFFFF kind=255 age=27881209856.0 desc="name: 'empty_job', owner: 'system owner'"
client level=info t=546797 ev=probe stage=hitch set=ring idx=13 slot=-1 tid=0xFFFFFFFF kind=255 age=27881209856.0 desc="name: 'empty_job', owner: 'system owner'"
client level=info t=546797 ev=probe stage=hitch set=ring idx=14 slot=-1 tid=0xFFFFFFFF kind=255 age=27881209856.0 desc="name: 'empty_job', owner: 'system owner'"
client level=info t=546797 ev=probe stage=hitch set=ring idx=15 slot=-1 tid=0xFFFFFFFF kind=255 age=27881209856.0 desc="name: 'empty_job', owner: 'system owner'"
client level=info t=546797 ev=probe stage=hitch set=stack tid=0x00004D9C rip=0x7FFD69541444 rsp=0x79DBFFE1F8 window=2048
client level=info t=546797 ev=probe stage=hitch set=frames tid=0x00004D9C f0=exe+0x20D9280 f1=exe+0x20D9280 f2=exe+0x3550FB f3=exe+0x20D9238 f4=exe+0x1DC60C8 f5=exe+0x1DC60D4 f6=exe+0x1B87974 f7=exe+0x1DC60C8
client level=info t=546797 ev=probe stage=hitch set=frames tid=0x00004D9C f8=exe+0x3537B3 f9=exe+0x35ECC44 f10=exe+0x3537B3 f11=exe+0x35ECC44 f12=exe+0x35ECC44 f13=exe+0x3537B3 f14=exe+0x35ECC44 f15=exe+0x310033
client level=info t=547969 ev=nettick stage=sample latch=0 callbacks=58729
client level=error t=547969 ev=assert stage=hit n=2048 repeat=2048 arg0=0 text=hitch detected: mainloop world controller state activity:in_world {{!38!}} job fiber:{{!0x00834002!}} phase:{{!-1!}} iteration:0x0 stalled 
client level=info t=549469 ev=retail site=107 text=application_state: Suspend state changed from [active] to [partial]
client level=info t=550766 ev=nettick stage=sample latch=0 callbacks=58729
client level=error t=550766 ev=assert stage=hit n=2560 repeat=2560 arg0=0 text=hitch detected: mainloop world controller state activity:in_world {{!38!}} job fiber:{{!0x00834002!}} phase:{{!-1!}} iteration:0x0 stalled 
client level=warn t=553266 ev=probe stage=stall result=detected idle=36219 count=58729
client level=info t=553282 ev=probe stage=stall set=stack tid=0x00004258 rip=0x7FFD69540E44 rsp=0x79D86FF708 window=2048
client level=info t=553282 ev=probe stage=stall set=frames tid=0x00004258 f0=exe+0xB54BE2 f1=exe+0x302465 f2=exe+0xB58F1F f3=exe+0x1C151D8 f4=exe+0x0 f5=exe+0xB5268C f6=exe+0x80DA9B1 f7=exe+0x48564BA
client level=info t=553282 ev=probe stage=stall set=frames tid=0x00004258 f8=exe+0x93FC7 f9=exe+0x0 f10=exe+0x1C151C8
client level=info t=553282 ev=probe stage=stall set=stack tid=0x00002678 rip=0x7FFD69544A74 rsp=0x79D97FF7B8 window=2048
client level=info t=553282 ev=probe stage=stall set=stack tid=0x00002720 rip=0x7FFD69541444 rsp=0x79D9FFEF48 window=2048
client level=info t=553282 ev=probe stage=stall set=frames tid=0x00002720 f0=exe+0x1681597 f1=exe+0x3B1A77 f2=exe+0x3AFF70 f3=exe+0x4F5C89E f4=exe+0x47DA9CB f5=exe+0x0 f6=exe+0x3FB1A5A f7=exe+0x69533FF
client level=info t=553282 ev=probe stage=stall set=stack tid=0x00003C78 rip=0x7FFD69540E44 rsp=0x79DABFFC68 window=512
client level=info t=553282 ev=probe stage=stall set=frames tid=0x00003C78 f0=exe+0x1280280 f1=exe+0x0 f2=exe+0x242CD10 f3=exe+0x1280201 f4=exe+0x3023E5 f5=exe+0x348061 f6=exe+0x7CB8EAA f7=exe+0x7039128
client level=info t=553282 ev=probe stage=stall set=frames tid=0x00003C78 f8=exe+0x128029D f9=exe+0x0 f10=exe+0x1280280 f11=exe+0x129869C
client level=info t=553282 ev=probe stage=stall set=stack tid=0x00002A04 rip=0x7FFD69541444 rsp=0x79DAFF8B28 window=2048
client level=info t=553282 ev=probe stage=stall set=frames tid=0x00002A04 f0=exe+0x1299FD0 f1=exe+0x7CB8EAA f2=exe+0x0 f3=exe+0x1299FD0 f4=exe+0x129A08B f5=exe+0x2F24088 f6=exe+0x2F240D4 f7=exe+0x2F23FB0
client level=info t=553282 ev=probe stage=stall set=stack tid=0x00001560 rip=0x7FFD69540E44 rsp=0x79DB3FFB78 window=1024
client level=info t=553282 ev=probe stage=stall set=frames tid=0x00001560 f0=exe+0x302465 f1=exe+0x31D073 f2=exe+0x31D0BA f3=exe+0x318894 f4=exe+0x20D6E38 f5=exe+0x31B241 f6=exe+0x3537B3 f7=exe+0x20D6E38
client level=info t=553282 ev=probe stage=stall set=frames tid=0x00001560 f8=exe+0x20D6E38 f9=exe+0x353874 f10=exe+0x20D6E38 f11=exe+0x20D6E5C f12=exe+0x3537D0 f13=exe+0x20D6E38
client level=info t=553282 ev=probe stage=stall set=stack tid=0x00002E84 rip=0x7FFD69540E44 rsp=0x79DB7FF878 window=1024
client level=info t=553282 ev=probe stage=stall set=frames tid=0x00002E84 f0=exe+0x2E5B380 f1=exe+0x302465 f2=exe+0x31D073 f3=exe+0x31D0BA f4=exe+0x318894 f5=exe+0x20D7A38 f6=exe+0x31B241 f7=exe+0x3537B3
client level=info t=553282 ev=probe stage=stall set=frames tid=0x00002E84 f8=exe+0x20D7A38 f9=exe+0x20D7A38 f10=exe+0x353874 f11=exe+0x20D7A38 f12=exe+0x20D7A5C f13=exe+0x3537D0 f14=exe+0x20D7A38
client level=info t=553282 ev=probe stage=stall set=stack tid=0x00002DBC rip=0x7FFD69540E44 rsp=0x79DBBFFA58 window=1024
client level=info t=553282 ev=probe stage=stall set=frames tid=0x00002DBC f0=exe+0x302465 f1=exe+0x31D073 f2=exe+0x31D0BA f3=exe+0x318894 f4=exe+0x20D8638 f5=exe+0x31B241 f6=exe+0x3537B3 f7=exe+0x20D8638
client level=info t=553282 ev=probe stage=stall set=frames tid=0x00002DBC f8=exe+0x20D8638 f9=exe+0x353874 f10=exe+0x20D8638 f11=exe+0x20D865C f12=exe+0x3537D0 f13=exe+0x20D8638
client level=info t=553282 ev=probe stage=stall set=stack tid=0x00004D9C rip=0x7FFD69541444 rsp=0x79DBFFE1F8 window=2048
client level=info t=553282 ev=probe stage=stall set=frames tid=0x00004D9C f0=exe+0x20D9280 f1=exe+0x20D9280 f2=exe+0x3550FB f3=exe+0x20D9238 f4=exe+0x1DC60C8 f5=exe+0x1DC60D4 f6=exe+0x1B87974 f7=exe+0x1DC60C8
client level=info t=553282 ev=probe stage=stall set=frames tid=0x00004D9C f8=exe+0x3537B3 f9=exe+0x35ECC44 f10=exe+0x3537B3 f11=exe+0x35ECC44 f12=exe+0x35ECC44 f13=exe+0x3537B3 f14=exe+0x35ECC44 f15=exe+0x310033
client level=info t=553282 ev=probe stage=stall set=stack tid=0x00003AB8 rip=0x7FFD69540E44 rsp=0x79DC3FF828 window=1024
client level=info t=553282 ev=probe stage=stall set=frames tid=0x00003AB8 f0=exe+0x302465 f1=exe+0x31D073 f2=exe+0x31D0BA f3=exe+0x318894 f4=exe+0x20D9E38 f5=exe+0x31B241 f6=exe+0x3537B3 f7=exe+0x20D9E38
client level=info t=553282 ev=probe stage=stall set=frames tid=0x00003AB8 f8=exe+0x20D9E38 f9=exe+0x353874 f10=exe+0x20D9E38 f11=exe+0x20D9E5C f12=exe+0x3537D0 f13=exe+0x20D9E38
client level=info t=553282 ev=probe stage=stall set=stack tid=0x00000D90 rip=0x7FFD69540E44 rsp=0x79DC7FF928 window=1024
client level=info t=553282 ev=probe stage=stall set=frames tid=0x00000D90 f0=exe+0x302465 f1=exe+0x31D073 f2=exe+0x31D0BA f3=exe+0x318894 f4=exe+0x20DAA38 f5=exe+0x31B241 f6=exe+0x3537B3 f7=exe+0x20DAA38
client level=info t=553282 ev=probe stage=stall set=frames tid=0x00000D90 f8=exe+0x20DAA38 f9=exe+0x353874 f10=exe+0x20DAA38 f11=exe+0x20DAA5C f12=exe+0x3537D0 f13=exe+0x20DAA38
client level=info t=553282 ev=probe stage=stall set=stack tid=0x000043E8 rip=0x7FFD69540E44 rsp=0x79DCBFFB48 window=1024
client level=info t=553282 ev=probe stage=stall set=frames tid=0x000043E8 f0=exe+0x302465 f1=exe+0x31D073 f2=exe+0x31D0BA f3=exe+0x318894 f4=exe+0x20EEE48 f5=exe+0x31B241 f6=exe+0x3537B3 f7=exe+0x20EEE48
client level=info t=553282 ev=probe stage=stall set=frames tid=0x000043E8 f8=exe+0x20EEE48 f9=exe+0x353874 f10=exe+0x20EEE48 f11=exe+0x20EEE6C f12=exe+0x3537D0 f13=exe+0x20EEE48
client level=info t=553282 ev=probe stage=stall set=stack tid=0x00002020 rip=0x7FFD69540E44 rsp=0x79DCFFF538 window=2048
client level=info t=553282 ev=probe stage=stall set=frames tid=0x00002020 f0=exe+0x302465 f1=exe+0x31D073 f2=exe+0x31D0BA f3=exe+0x318894 f4=exe+0x20EFA48 f5=exe+0x31B241 f6=exe+0x3537B3 f7=exe+0x20EFA48
client level=info t=553282 ev=probe stage=stall set=frames tid=0x00002020 f8=exe+0x20EFA48 f9=exe+0x353874 f10=exe+0x20EFA48 f11=exe+0x20EFA6C f12=exe+0x3537D0 f13=exe+0x20EFA48
client level=info t=553282 ev=probe stage=stall set=stack tid=0x00004830 rip=0x7FFD69541444 rsp=0x79DD3FEFE8 window=2048
client level=info t=553282 ev=probe stage=stall set=frames tid=0x00004830 f0=exe+0x1AEBDFF
client level=info t=553282 ev=probe stage=stall set=stack tid=0x000042EC rip=0x7FFD69540E44 rsp=0x79DD7FFA08 window=2048
client level=info t=553282 ev=probe stage=stall set=frames tid=0x000042EC f0=exe+0x1AE9B80
client level=info t=553282 ev=probe stage=stall set=stack tid=0x00002FBC rip=0x7FFD66761344 rsp=0x79DDBFFC48 window=2048
client level=info t=553282 ev=probe stage=stall set=frames tid=0x00002FBC f0=exe+0x2686900 f1=exe+0x2686900 f2=exe+0x3C5F69 f3=exe+0x26869E0 f4=exe+0x26869E0 f5=exe+0x3BD893 f6=exe+0x26869E0 f7=exe+0x3BDA99
client level=info t=553282 ev=probe stage=stall set=frames tid=0x00002FBC f8=exe+0x26869E0 f9=exe+0x3537B3 f10=exe+0x26869E0 f11=exe+0x353874 f12=exe+0x26869E0 f13=exe+0x2686A04 f14=exe+0x3537D0 f15=exe+0x26869E0
client level=info t=553282 ev=probe stage=stall set=stack tid=0x0000454C rip=0x7FFD66761344 rsp=0x79DDFFF7E8 window=2048
client level=info t=553282 ev=probe stage=stall set=frames tid=0x0000454C f0=exe+0x3BDA55 f1=exe+0x26869E0 f2=exe+0x26875E0 f3=exe+0x3537B3 f4=exe+0x26875E0 f5=exe+0x353874 f6=exe+0x26875E0 f7=exe+0x2687604
client level=info t=553282 ev=probe stage=stall set=frames tid=0x0000454C f8=exe+0x3537D0 f9=exe+0x26875E0
client level=info t=553282 ev=probe stage=stall set=stack tid=0x00000194 rip=0x7FFD69540EE4 rsp=0x79DE3FFC58 window=2048
client level=info t=553282 ev=probe stage=stall set=stack tid=0x00001D98 rip=0x7FFD69544A14 rsp=0x79DEBFF5E8 window=2048
client level=info t=553282 ev=probe stage=stall set=stack tid=0x00002E34 rip=0x7FFD69544A14 rsp=0x79DEFFF7B8 window=2048
client level=info t=553282 ev=probe stage=stall set=stack tid=0x00004934 rip=0x7FFD69540E44 rsp=0x79DF3FF818 window=2048
client level=info t=553282 ev=probe stage=stall set=stack tid=0x00003B04 rip=0x7FFD69540E44 rsp=0x79DE7FF698 window=2048
client level=info t=553282 ev=probe stage=stall set=stack tid=0x000033AC rip=0x7FFD69540E44 rsp=0x79DF7FF948 window=2048
client level=info t=553282 ev=probe stage=stall set=stack tid=0x000019B0 rip=0x7FFD69540E44 rsp=0x79DFBFFA48 window=2048
client level=info t=553282 ev=probe stage=stall set=stack tid=0x000045E0 rip=0x7FFD69540E44 rsp=0x79DFFFFCD8 window=2048
client level=info t=553282 ev=probe stage=stall set=stack tid=0x000019A4 rip=0x7FFD69540E44 rsp=0x79E03FF628 window=2048
client level=info t=553282 ev=probe stage=stall set=stack tid=0x000027C4 rip=0x7FFD69540E44 rsp=0x79E07FF848 window=2048
client level=info t=553282 ev=probe stage=stall set=stack tid=0x00003498 rip=0x7FFD69540E44 rsp=0x79E0BFF7E8 window=2048
client level=info t=553282 ev=probe stage=stall set=stack tid=0x00001B48 rip=0x7FFD69540E44 rsp=0x79E0FFFB08 window=2048
client level=info t=553282 ev=probe stage=stall set=stack tid=0x0000262C rip=0x7FFD69540E44 rsp=0x79E13FF6A8 window=2048
client level=info t=553282 ev=probe stage=stall set=stack tid=0x00004CB8 rip=0x7FFD69540E44 rsp=0x79E17FFC18 window=2048
client level=info t=553282 ev=probe stage=stall set=stack tid=0x00003134 rip=0x7FFD69544A14 rsp=0x79E1BFF9D8 window=2048
client level=info t=553282 ev=probe stage=stall set=stack tid=0x000042DC rip=0x7FFD69544A14 rsp=0x79E1FFF7D8 window=2048
client level=info t=553282 ev=probe stage=stall set=stack tid=0x00001F44 rip=0x7FFD69541914 rsp=0x79E27FF448 window=2048
client level=info t=553282 ev=probe stage=stall set=stack tid=0x00001988 rip=0x7FFD69540E44 rsp=0x79E2BFFC58 window=2048
client level=info t=553282 ev=probe stage=stall set=stack tid=0x00004E00 rip=0x7FFD69540E44 rsp=0x79E2FFFA88 window=2048
client level=info t=553282 ev=probe stage=stall set=stack tid=0x00000C9C rip=0x7FFD69540E44 rsp=0x79E33FFCF8 window=2048
client level=info t=553282 ev=probe stage=stall set=stack tid=0x000001E0 rip=0x7FFD69540E44 rsp=0x79E37FFB78 window=2048
client level=info t=553282 ev=probe stage=stall set=stack tid=0x00001698 rip=0x7FFD69540E44 rsp=0x79E3BFF7F8 window=2048
client level=info t=553282 ev=probe stage=stall set=stack tid=0x00002E58 rip=0x7FFD69540E44 rsp=0x79E3FFFC48 window=2048
client level=info t=553282 ev=probe stage=stall set=stack tid=0x00004DD0 rip=0x7FFD69540E44 rsp=0x79E43FF798 window=2048
client level=info t=553282 ev=probe stage=stall set=stack tid=0x00003274 rip=0x7FFD69540E44 rsp=0x79E47FF918 window=1024
client level=info t=553282 ev=probe stage=stall set=stack tid=0x00004CE0 rip=0x7FFD69541444 rsp=0x79E4BFF978 window=1024
client level=info t=553282 ev=probe stage=stall set=frames tid=0x00004CE0 f0=exe+0x26869D0 f1=exe+0x11C7C5C f2=exe+0x2E5BEC2 f3=exe+0x3537B3 f4=exe+0x2E5BE90 f5=exe+0x2E5BE90 f6=exe+0x353874 f7=exe+0x2E5BE90
client level=info t=553282 ev=probe stage=stall set=frames tid=0x00004CE0 f8=exe+0x2E5BEB4 f9=exe+0x3537D0 f10=exe+0x2E5BE90
client level=info t=553282 ev=probe stage=stall set=stack tid=0x000012A0 rip=0x7FFD69540E44 rsp=0x79E4FFFA38 window=2048
client level=info t=553282 ev=probe stage=stall set=frames tid=0x000012A0 f0=exe+0x2E79DE3 f1=exe+0x11DB4DB f2=exe+0x2E79DA0 f3=exe+0x3537B3 f4=exe+0x2E79DA0 f5=exe+0x353874 f6=exe+0x2E79DA0 f7=exe+0x2E79DC4
client level=info t=553282 ev=probe stage=stall set=frames tid=0x000012A0 f8=exe+0x3537D0 f9=exe+0x2E79DA0
client level=info t=553282 ev=probe stage=stall set=stack tid=0x00000878 rip=0x7FFD69540E44 rsp=0x79E5FFF8D8 window=2048
client level=info t=553282 ev=probe stage=stall set=stack tid=0x00003364 rip=0x7FFD69540E44 rsp=0x79E63FF6A8 window=2048
client level=info t=553282 ev=probe stage=stall set=stack tid=0x000040E0 rip=0x7FFD69540E44 rsp=0x79E67FF768 window=2048
client level=info t=553282 ev=probe stage=stall set=stack tid=0x00002F54 rip=0x7FFD69540E44 rsp=0x79E6BFF808 window=2048
client level=info t=553282 ev=probe stage=stall set=stack tid=0x00002EC8 rip=0x7FFD69540E44 rsp=0x79E6FFFCD8 window=2048
client level=info t=553282 ev=probe stage=stall set=stack tid=0x000034A4 rip=0x7FFD69540E44 rsp=0x79E73FF658 window=2048
client level=info t=553282 ev=probe stage=stall set=stack tid=0x00004684 rip=0x7FFD69540E44 rsp=0x79E77FF688 window=2048
client level=info t=553282 ev=probe stage=stall set=stack tid=0x00004E40 rip=0x7FFD69540E44 rsp=0x79E7BFF948 window=2048
client level=info t=553282 ev=probe stage=stall set=stack tid=0x00002A6C rip=0x7FFD69540E44 rsp=0x79E7FFF808 window=1024
client level=info t=553282 ev=probe stage=stall set=stack tid=0x000008BC rip=0x7FFD69540E44 rsp=0x79E83FF868 window=1024
client level=info t=553282 ev=probe stage=stall set=frames tid=0x000008BC f0=exe+0x19F8801
client level=info t=553282 ev=probe stage=stall set=stack tid=0x000031C4 rip=0x7FFD69540E44 rsp=0x79E87FFA28 window=1024
client level=info t=553282 ev=probe stage=stall set=frames tid=0x000031C4 f0=exe+0x1A07446
client level=info t=553282 ev=probe stage=stall set=stack tid=0x00002950 rip=0x7FFD69541914 rsp=0x79E8BFF408 window=2048
client level=info t=553282 ev=probe stage=stall set=frames tid=0x00002950 f0=exe+0x1A40E63 f1=exe+0x1A41E30
client level=info t=553282 ev=probe stage=stall set=stack tid=0x00004EA8 rip=0x7FFD69541914 rsp=0x79E97FF638 window=2048
client level=info t=553282 ev=probe stage=stall set=stack tid=0x000038C8 rip=0x7FFD69541914 rsp=0x79E9FFF658 window=2048
client level=info t=553282 ev=probe stage=stall set=stack tid=0x0000339C rip=0x7FFD69540E44 rsp=0x79EA3FFA98 window=1024
client level=info t=553282 ev=probe stage=stall set=frames tid=0x0000339C f0=exe+0x1A914FF f1=own+0x1499D3 f2=exe+0x39B4FB f3=exe+0x1A8222A
client level=info t=553282 ev=probe stage=stall set=stack tid=0x000048D8 rip=0x7FFD69540E44 rsp=0x79EA7FF848 window=2048
client level=info t=553282 ev=probe stage=stall set=frames tid=0x000048D8 f0=exe+0x0 f1=exe+0x1F15A90 f2=exe+0x0 f3=exe+0x30FE80 f4=exe+0x30FED2 f5=exe+0x30FE80 f6=exe+0x30FE80 f7=exe+0x129869C
client level=info t=553282 ev=probe stage=stall set=stack tid=0x000033F0 rip=0x7FFD69541914 rsp=0x79E53FEFC8 window=2048
client level=info t=553282 ev=probe stage=stall set=stack tid=0x000033B0 rip=0x7FFD69541914 rsp=0x79E23FE348 window=2048
client level=info t=553282 ev=probe stage=stall set=frames tid=0x000033B0 f0=exe+0x3E8155
client level=info t=553282 ev=probe stage=stall set=stack tid=0x00004CF0 rip=0x7FFD69541444 rsp=0x79EAFFF828 window=1024
client level=info t=553282 ev=probe stage=stall set=frames tid=0x00004CF0 f0=own+0x695B28 f1=own+0x679AE0 f2=own+0x679B28 f3=own+0x679B28 f4=own+0x679AE0 f5=own+0x1DAE8B f6=own+0x679B28 f7=own+0x679AE0
client level=info t=553282 ev=probe stage=stall set=stack tid=0x0000158C rip=0x7FFD69540EE4 rsp=0x79D8BFF938 window=1024
client level=info t=553282 ev=probe stage=stall set=stack tid=0x0000411C rip=0x7FFD69541444 rsp=0x79D8FFFA28 window=2048
client level=info t=553282 ev=probe stage=stall set=frames tid=0x0000411C f0=exe+0x31DA0A0 f1=exe+0x173A58B f2=exe+0x31DA5A0 f3=exe+0x3537B3 f4=exe+0x31DA5A0 f5=exe+0x353874 f6=exe+0x31DA5A0 f7=exe+0x31DA5C4
client level=info t=553282 ev=probe stage=stall set=frames tid=0x0000411C f8=exe+0x3537D0 f9=exe+0x31DA5A0
client level=info t=553282 ev=probe stage=stall set=stack tid=0x000045A0 rip=0x7FFD69544A74 rsp=0x79D93FF978 window=2048
client level=info t=553282 ev=probe stage=stall set=stack tid=0x00003BC0 rip=0x7FFD69544A74 rsp=0x79E57FF498 window=2048
client level=info t=553282 ev=probe stage=stall set=stack tid=0x00001DF0 rip=0x7FFD69544A74 rsp=0x79D9BFFB28 window=2048
client level=info t=553282 ev=probe stage=stall set=stack tid=0x00001604 rip=0x7FFD69544A74 rsp=0x79DA3FFAF8 window=1024
client level=info t=553563 ev=nettick stage=sample latch=0 callbacks=58729
client level=error t=553563 ev=assert stage=hit n=3072 repeat=3072 arg0=0 text=hitch detected: mainloop world controller state activity:in_world {{!38!}} job fiber:{{!0x00834002!}} phase:{{!-1!}} iteration:0x0 stalled 
client level=info t=556344 ev=nettick stage=sample latch=0 callbacks=58729
client level=error t=556344 ev=assert stage=hit n=3584 repeat=3584 arg0=0 text=hitch detected: mainloop world controller state activity:in_world {{!38!}} job fiber:{{!0x00834002!}} phase:{{!-1!}} iteration:0x0 stalled 
client level=info t=556797 ev=probe stage=hitch step=38 dur=0 gate=0 fa=0x00834000 fa_idle=1 fb=0x00834001 fb_idle=0 fc=0x00834002 fc_idle=0
client level=info t=556797 ev=probe stage=hitch set=wait idx=3 slot=3 tid=0x00004D9C kind=4 age=39990.9 desc="fiber:{{!0x00834002!}} phase:{{!-1!}} iteration:0x0"
client level=info t=556797 ev=probe stage=hitch set=ring idx=0 slot=-1 tid=0xFFFFFFFF kind=255 age=27881209856.0 desc="name: 'empty_job', owner: 'system owner'"
client level=info t=556797 ev=probe stage=hitch set=ring idx=1 slot=-1 tid=0xFFFFFFFF kind=255 age=27881209856.0 desc="name: 'empty_job', owner: 'system owner'"
client level=info t=556797 ev=probe stage=hitch set=ring idx=2 slot=-1 tid=0xFFFFFFFF kind=255 age=27881209856.0 desc="name: 'empty_job', owner: 'system owner'"
client level=info t=556797 ev=probe stage=hitch set=ring idx=3 slot=-1 tid=0xFFFFFFFF kind=255 age=27881209856.0 desc="name: 'empty_job', owner: 'system owner'"
client level=info t=556797 ev=probe stage=hitch set=ring idx=4 slot=-1 tid=0xFFFFFFFF kind=255 age=27881209856.0 desc="name: 'empty_job', owner: 'system owner'"
client level=info t=556797 ev=probe stage=hitch set=ring idx=5 slot=-1 tid=0xFFFFFFFF kind=255 age=27881209856.0 desc="name: 'empty_job', owner: 'system owner'"
client level=info t=556797 ev=probe stage=hitch set=ring idx=6 slot=-1 tid=0xFFFFFFFF kind=255 age=27881209856.0 desc="name: 'empty_job', owner: 'system owner'"
client level=info t=556797 ev=probe stage=hitch set=ring idx=7 slot=-1 tid=0xFFFFFFFF kind=255 age=27881209856.0 desc="name: 'empty_job', owner: 'system owner'"
client level=info t=556797 ev=probe stage=hitch set=ring idx=8 slot=-1 tid=0xFFFFFFFF kind=255 age=27881209856.0 desc="name: 'empty_job', owner: 'system owner'"
client level=info t=556797 ev=probe stage=hitch set=ring idx=9 slot=-1 tid=0xFFFFFFFF kind=255 age=27881209856.0 desc="name: 'empty_job', owner: 'system owner'"
client level=info t=556797 ev=probe stage=hitch set=ring idx=10 slot=-1 tid=0xFFFFFFFF kind=255 age=27881209856.0 desc="name: 'empty_job', owner: 'system owner'"
client level=info t=556797 ev=probe stage=hitch set=ring idx=11 slot=-1 tid=0xFFFFFFFF kind=255 age=27881209856.0 desc="name: 'empty_job', owner: 'system owner'"
client level=info t=556797 ev=probe stage=hitch set=ring idx=12 slot=-1 tid=0xFFFFFFFF kind=255 age=27881209856.0 desc="name: 'empty_job', owner: 'system owner'"
client level=info t=556797 ev=probe stage=hitch set=ring idx=13 slot=-1 tid=0xFFFFFFFF kind=255 age=27881209856.0 desc="name: 'empty_job', owner: 'system owner'"
client level=info t=556797 ev=probe stage=hitch set=ring idx=14 slot=-1 tid=0xFFFFFFFF kind=255 age=27881209856.0 desc="name: 'empty_job', owner: 'system owner'"
client level=info t=556797 ev=probe stage=hitch set=ring idx=15 slot=-1 tid=0xFFFFFFFF kind=255 age=27881209856.0 desc="name: 'empty_job', owner: 'system owner'"
client level=info t=556797 ev=probe stage=hitch set=stack tid=0x00004D9C rip=0x7FFD69541444 rsp=0x79DBFFE1F8 window=2048
client level=info t=556797 ev=probe stage=hitch set=frames tid=0x00004D9C f0=exe+0x20D9280 f1=exe+0x20D9280 f2=exe+0x3550FB f3=exe+0x20D9238 f4=exe+0x1DC60C8 f5=exe+0x1DC60D4 f6=exe+0x1B87974 f7=exe+0x1DC60C8
client level=info t=556797 ev=probe stage=hitch set=frames tid=0x00004D9C f8=exe+0x3537B3 f9=exe+0x35ECC44 f10=exe+0x3537B3 f11=exe+0x35ECC44 f12=exe+0x35ECC44 f13=exe+0x3537B3 f14=exe+0x35ECC44 f15=exe+0x310033
client level=info t=559110 ev=nettick stage=sample latch=0 callbacks=58729
client level=error t=559110 ev=assert stage=hit n=4096 repeat=4096 arg0=0 text=hitch detected: mainloop world controller state activity:in_world {{!38!}} job fiber:{{!0x00834002!}} phase:{{!-1!}} iteration:0x0 stalled 
client level=info t=561891 ev=nettick stage=sample latch=0 callbacks=58729
client level=error t=561891 ev=assert stage=hit n=4608 repeat=4608 arg0=0 text=hitch detected: mainloop world controller state activity:in_world {{!38!}} job fiber:{{!0x00834002!}} phase:{{!-1!}} iteration:0x0 stalled 
client level=info t=563375 ev=retail site=107 text=application_state: Suspend state changed from [partial] to [active]
client level=info t=564672 ev=nettick stage=sample latch=0 callbacks=58729
client level=error t=564672 ev=assert stage=hit n=5120 repeat=5120 arg0=0 text=hitch detected: mainloop world controller state activity:in_world {{!38!}} job fiber:{{!0x00834002!}} phase:{{!-1!}} iteration:0x0 stalled 
client level=info t=565703 ev=retail site=107 text=application_state: Suspend state changed from [active] to [partial]
client level=info t=566797 ev=probe stage=hitch step=38 dur=0 gate=0 fa=0x00834000 fa_idle=1 fb=0x00834001 fb_idle=0 fc=0x00834002 fc_idle=0
client level=info t=566797 ev=probe stage=hitch set=wait idx=3 slot=3 tid=0x00004D9C kind=4 age=49989.2 desc="fiber:{{!0x00834002!}} phase:{{!-1!}} iteration:0x0"
client level=info t=566797 ev=probe stage=hitch set=ring idx=0 slot=-1 tid=0xFFFFFFFF kind=255 age=27881209856.0 desc="name: 'empty_job', owner: 'system owner'"
client level=info t=566797 ev=probe stage=hitch set=ring idx=1 slot=-1 tid=0xFFFFFFFF kind=255 age=27881209856.0 desc="name: 'empty_job', owner: 'system owner'"
client level=info t=566797 ev=probe stage=hitch set=ring idx=2 slot=-1 tid=0xFFFFFFFF kind=255 age=27881209856.0 desc="name: 'empty_job', owner: 'system owner'"
client level=info t=566797 ev=probe stage=hitch set=ring idx=3 slot=-1 tid=0xFFFFFFFF kind=255 age=27881209856.0 desc="name: 'empty_job', owner: 'system owner'"
client level=info t=566797 ev=probe stage=hitch set=ring idx=4 slot=-1 tid=0xFFFFFFFF kind=255 age=27881209856.0 desc="name: 'empty_job', owner: 'system owner'"
client level=info t=566797 ev=probe stage=hitch set=ring idx=5 slot=-1 tid=0xFFFFFFFF kind=255 age=27881209856.0 desc="name: 'empty_job', owner: 'system owner'"
client level=info t=566797 ev=probe stage=hitch set=ring idx=6 slot=-1 tid=0xFFFFFFFF kind=255 age=27881209856.0 desc="name: 'empty_job', owner: 'system owner'"
client level=info t=566797 ev=probe stage=hitch set=ring idx=7 slot=-1 tid=0xFFFFFFFF kind=255 age=27881209856.0 desc="name: 'empty_job', owner: 'system owner'"
client level=info t=566797 ev=probe stage=hitch set=ring idx=8 slot=-1 tid=0xFFFFFFFF kind=255 age=27881209856.0 desc="name: 'empty_job', owner: 'system owner'"
client level=info t=566797 ev=probe stage=hitch set=ring idx=9 slot=-1 tid=0xFFFFFFFF kind=255 age=27881209856.0 desc="name: 'empty_job', owner: 'system owner'"
client level=info t=566797 ev=probe stage=hitch set=ring idx=10 slot=-1 tid=0xFFFFFFFF kind=255 age=27881209856.0 desc="name: 'empty_job', owner: 'system owner'"
client level=info t=566797 ev=probe stage=hitch set=ring idx=11 slot=-1 tid=0xFFFFFFFF kind=255 age=27881209856.0 desc="name: 'empty_job', owner: 'system owner'"
client level=info t=566797 ev=probe stage=hitch set=ring idx=12 slot=-1 tid=0xFFFFFFFF kind=255 age=27881209856.0 desc="name: 'empty_job', owner: 'system owner'"
client level=info t=566797 ev=probe stage=hitch set=ring idx=13 slot=-1 tid=0xFFFFFFFF kind=255 age=27881209856.0 desc="name: 'empty_job', owner: 'system owner'"
client level=info t=566797 ev=probe stage=hitch set=ring idx=14 slot=-1 tid=0xFFFFFFFF kind=255 age=27881209856.0 desc="name: 'empty_job', owner: 'system owner'"
client level=info t=566797 ev=probe stage=hitch set=ring idx=15 slot=-1 tid=0xFFFFFFFF kind=255 age=27881209856.0 desc="name: 'empty_job', owner: 'system owner'"
client level=info t=566797 ev=probe stage=hitch set=stack tid=0x00004D9C rip=0x7FFD69541444 rsp=0x79DBFFE1F8 window=2048
client level=info t=566797 ev=probe stage=hitch set=frames tid=0x00004D9C f0=exe+0x20D9280 f1=exe+0x20D9280 f2=exe+0x3550FB f3=exe+0x20D9238 f4=exe+0x1DC60C8 f5=exe+0x1DC60D4 f6=exe+0x1B87974 f7=exe+0x1DC60C8
client level=info t=566797 ev=probe stage=hitch set=frames tid=0x00004D9C f8=exe+0x3537B3 f9=exe+0x35ECC44 f10=exe+0x3537B3 f11=exe+0x35ECC44 f12=exe+0x35ECC44 f13=exe+0x3537B3 f14=exe+0x35ECC44 f15=exe+0x310033
client level=info t=567438 ev=nettick stage=sample latch=0 callbacks=58729
client level=error t=567438 ev=assert stage=hit n=5632 repeat=5632 arg0=0 text=hitch detected: mainloop world controller state activity:in_world {{!38!}} job fiber:{{!0x00834002!}} phase:{{!-1!}} iteration:0x0 stalled 
client level=warn t=568297 ev=probe stage=stall result=detected idle=51250 count=58729
client level=info t=568313 ev=probe stage=stall set=stack tid=0x00004258 rip=0x7FFD69540E44 rsp=0x79D86FF708 window=2048
client level=info t=568313 ev=probe stage=stall set=frames tid=0x00004258 f0=exe+0xB54BE2 f1=exe+0x302465 f2=exe+0xB58F1F f3=exe+0x1C151D8 f4=exe+0x0 f5=exe+0xB5268C f6=exe+0x80DA9B1 f7=exe+0x48564BA
client level=info t=568313 ev=probe stage=stall set=frames tid=0x00004258 f8=exe+0x93FC7 f9=exe+0x0 f10=exe+0x1C151C8
client level=info t=568313 ev=probe stage=stall set=stack tid=0x00002678 rip=0x7FFD69544A74 rsp=0x79D97FF7B8 window=2048
client level=info t=568313 ev=probe stage=stall set=stack tid=0x00002720 rip=0x7FFD69541444 rsp=0x79D9FFEF48 window=2048
client level=info t=568313 ev=probe stage=stall set=frames tid=0x00002720 f0=exe+0x267D140 f1=exe+0x3B1A77 f2=exe+0x3AFF70 f3=exe+0x4F5C89E f4=exe+0x47DA9CB f5=exe+0x0 f6=exe+0x3FB1A5A f7=exe+0x69533FF
client level=info t=568313 ev=probe stage=stall set=stack tid=0x00003C78 rip=0x7FFD69540E44 rsp=0x79DABFFC68 window=512
client level=info t=568313 ev=probe stage=stall set=frames tid=0x00003C78 f0=exe+0x1280280 f1=exe+0x0 f2=exe+0x242CD10 f3=exe+0x1280201 f4=exe+0x3023E5 f5=exe+0x348061 f6=exe+0x7CB8EAA f7=exe+0x7039128
client level=info t=568313 ev=probe stage=stall set=frames tid=0x00003C78 f8=exe+0x128029D f9=exe+0x0 f10=exe+0x1280280 f11=exe+0x129869C
client level=info t=568313 ev=probe stage=stall set=stack tid=0x00002A04 rip=0x7FFD69541444 rsp=0x79DAFF8B28 window=2048
client level=info t=568313 ev=probe stage=stall set=frames tid=0x00002A04 f0=exe+0x1299FD0 f1=exe+0x7CB8EAA f2=exe+0x0 f3=exe+0x1299FD0 f4=exe+0x129A08B f5=exe+0x2F24088 f6=exe+0x2F240D4 f7=exe+0x2F23FB0
client level=info t=568313 ev=probe stage=stall set=stack tid=0x00001560 rip=0x7FFD69540E44 rsp=0x79DB3FFB78 window=1024
client level=info t=568313 ev=probe stage=stall set=frames tid=0x00001560 f0=exe+0x302465 f1=exe+0x31D073 f2=exe+0x31D0BA f3=exe+0x318894 f4=exe+0x20D6E38 f5=exe+0x31B241 f6=exe+0x3537B3 f7=exe+0x20D6E38
client level=info t=568313 ev=probe stage=stall set=frames tid=0x00001560 f8=exe+0x20D6E38 f9=exe+0x353874 f10=exe+0x20D6E38 f11=exe+0x20D6E5C f12=exe+0x3537D0 f13=exe+0x20D6E38
client level=info t=568313 ev=probe stage=stall set=stack tid=0x00002E84 rip=0x7FFD69540E44 rsp=0x79DB7FF878 window=1024
client level=info t=568313 ev=probe stage=stall set=frames tid=0x00002E84 f0=exe+0x2E5B380 f1=exe+0x302465 f2=exe+0x31D073 f3=exe+0x31D0BA f4=exe+0x318894 f5=exe+0x20D7A38 f6=exe+0x31B241 f7=exe+0x3537B3
client level=info t=568313 ev=probe stage=stall set=frames tid=0x00002E84 f8=exe+0x20D7A38 f9=exe+0x20D7A38 f10=exe+0x353874 f11=exe+0x20D7A38 f12=exe+0x20D7A5C f13=exe+0x3537D0 f14=exe+0x20D7A38
client level=info t=568313 ev=probe stage=stall set=stack tid=0x00002DBC rip=0x7FFD69540E44 rsp=0x79DBBFFA58 window=1024
client level=info t=568313 ev=probe stage=stall set=frames tid=0x00002DBC f0=exe+0x302465 f1=exe+0x31D073 f2=exe+0x31D0BA f3=exe+0x318894 f4=exe+0x20D8638 f5=exe+0x31B241 f6=exe+0x3537B3 f7=exe+0x20D8638
client level=info t=568313 ev=probe stage=stall set=frames tid=0x00002DBC f8=exe+0x20D8638 f9=exe+0x353874 f10=exe+0x20D8638 f11=exe+0x20D865C f12=exe+0x3537D0 f13=exe+0x20D8638
client level=info t=568313 ev=probe stage=stall set=stack tid=0x00004D9C rip=0x7FFD69541444 rsp=0x79DBFFE1F8 window=2048
client level=info t=568313 ev=probe stage=stall set=frames tid=0x00004D9C f0=exe+0x20D9280 f1=exe+0x20D9280 f2=exe+0x3550FB f3=exe+0x20D9238 f4=exe+0x1DC60C8 f5=exe+0x1DC60D4 f6=exe+0x1B87974 f7=exe+0x1DC60C8
client level=info t=568313 ev=probe stage=stall set=frames tid=0x00004D9C f8=exe+0x3537B3 f9=exe+0x35ECC44 f10=exe+0x3537B3 f11=exe+0x35ECC44 f12=exe+0x35ECC44 f13=exe+0x3537B3 f14=exe+0x35ECC44 f15=exe+0x310033
client level=info t=568313 ev=probe stage=stall set=stack tid=0x00003AB8 rip=0x7FFD69540E44 rsp=0x79DC3FF828 window=1024
client level=info t=568313 ev=probe stage=stall set=frames tid=0x00003AB8 f0=exe+0x302465 f1=exe+0x31D073 f2=exe+0x31D0BA f3=exe+0x318894 f4=exe+0x20D9E38 f5=exe+0x31B241 f6=exe+0x3537B3 f7=exe+0x20D9E38
client level=info t=568313 ev=probe stage=stall set=frames tid=0x00003AB8 f8=exe+0x20D9E38 f9=exe+0x353874 f10=exe+0x20D9E38 f11=exe+0x20D9E5C f12=exe+0x3537D0 f13=exe+0x20D9E38
client level=info t=568313 ev=probe stage=stall set=stack tid=0x00000D90 rip=0x7FFD69540E44 rsp=0x79DC7FF928 window=1024
client level=info t=568313 ev=probe stage=stall set=frames tid=0x00000D90 f0=exe+0x302465 f1=exe+0x31D073 f2=exe+0x31D0BA f3=exe+0x318894 f4=exe+0x20DAA38 f5=exe+0x31B241 f6=exe+0x3537B3 f7=exe+0x20DAA38
client level=info t=568313 ev=probe stage=stall set=frames tid=0x00000D90 f8=exe+0x20DAA38 f9=exe+0x353874 f10=exe+0x20DAA38 f11=exe+0x20DAA5C f12=exe+0x3537D0 f13=exe+0x20DAA38
client level=info t=568313 ev=probe stage=stall set=stack tid=0x000043E8 rip=0x7FFD69540E44 rsp=0x79DCBFFB48 window=1024
client level=info t=568313 ev=probe stage=stall set=frames tid=0x000043E8 f0=exe+0x302465 f1=exe+0x31D073 f2=exe+0x31D0BA f3=exe+0x318894 f4=exe+0x20EEE48 f5=exe+0x31B241 f6=exe+0x3537B3 f7=exe+0x20EEE48
client level=info t=568313 ev=probe stage=stall set=frames tid=0x000043E8 f8=exe+0x20EEE48 f9=exe+0x353874 f10=exe+0x20EEE48 f11=exe+0x20EEE6C f12=exe+0x3537D0 f13=exe+0x20EEE48
client level=info t=568313 ev=probe stage=stall set=stack tid=0x00002020 rip=0x7FFD69540E44 rsp=0x79DCFFF538 window=2048
client level=info t=568313 ev=probe stage=stall set=frames tid=0x00002020 f0=exe+0x302465 f1=exe+0x31D073 f2=exe+0x31D0BA f3=exe+0x318894 f4=exe+0x20EFA48 f5=exe+0x31B241 f6=exe+0x3537B3 f7=exe+0x20EFA48
client level=info t=568313 ev=probe stage=stall set=frames tid=0x00002020 f8=exe+0x20EFA48 f9=exe+0x353874 f10=exe+0x20EFA48 f11=exe+0x20EFA6C f12=exe+0x3537D0 f13=exe+0x20EFA48
client level=info t=568328 ev=probe stage=stall set=stack tid=0x00004830 rip=0x7FFD69541444 rsp=0x79DD3FEFE8 window=2048
client level=info t=568328 ev=probe stage=stall set=frames tid=0x00004830 f0=exe+0x1AEBDFF
client level=info t=568328 ev=probe stage=stall set=stack tid=0x000042EC rip=0x7FFD69540E44 rsp=0x79DD7FFA08 window=2048
client level=info t=568328 ev=probe stage=stall set=frames tid=0x000042EC f0=exe+0x1AE9B80
client level=info t=568328 ev=probe stage=stall set=stack tid=0x00002FBC rip=0x7FFD66761344 rsp=0x79DDBFFC48 window=2048
client level=info t=568328 ev=probe stage=stall set=frames tid=0x00002FBC f0=exe+0x2686900 f1=exe+0x2686900 f2=exe+0x3C5F69 f3=exe+0x26869E0 f4=exe+0x26869E0 f5=exe+0x3BD893 f6=exe+0x26869E0 f7=exe+0x3BDA99
client level=info t=568328 ev=probe stage=stall set=frames tid=0x00002FBC f8=exe+0x26869E0 f9=exe+0x3537B3 f10=exe+0x26869E0 f11=exe+0x353874 f12=exe+0x26869E0 f13=exe+0x2686A04 f14=exe+0x3537D0 f15=exe+0x26869E0
client level=info t=568328 ev=probe stage=stall set=stack tid=0x0000454C rip=0x7FFD66761344 rsp=0x79DDFFF7E8 window=2048
client level=info t=568328 ev=probe stage=stall set=frames tid=0x0000454C f0=exe+0x3BDA55 f1=exe+0x26869E0 f2=exe+0x26875E0 f3=exe+0x3537B3 f4=exe+0x26875E0 f5=exe+0x353874 f6=exe+0x26875E0 f7=exe+0x2687604
client level=info t=568328 ev=probe stage=stall set=frames tid=0x0000454C f8=exe+0x3537D0 f9=exe+0x26875E0
client level=info t=568328 ev=probe stage=stall set=stack tid=0x00000194 rip=0x7FFD69540EE4 rsp=0x79DE3FFC58 window=2048
client level=info t=568328 ev=probe stage=stall set=stack tid=0x00001D98 rip=0x7FFD69544A14 rsp=0x79DEBFF5E8 window=2048
client level=info t=568328 ev=probe stage=stall set=stack tid=0x00002E34 rip=0x7FFD69544A14 rsp=0x79DEFFF7B8 window=2048
client level=info t=568328 ev=probe stage=stall set=stack tid=0x00004934 rip=0x7FFD69540E44 rsp=0x79DF3FF818 window=2048
client level=info t=568328 ev=probe stage=stall set=stack tid=0x00003B04 rip=0x7FFD69540E44 rsp=0x79DE7FF698 window=2048
client level=info t=568328 ev=probe stage=stall set=stack tid=0x000033AC rip=0x7FFD69540E44 rsp=0x79DF7FF948 window=2048
client level=info t=568328 ev=probe stage=stall set=stack tid=0x000019B0 rip=0x7FFD69540E44 rsp=0x79DFBFFA48 window=2048
client level=info t=568328 ev=probe stage=stall set=stack tid=0x000045E0 rip=0x7FFD69540E44 rsp=0x79DFFFFCD8 window=2048
client level=info t=568328 ev=probe stage=stall set=stack tid=0x000019A4 rip=0x7FFD69540E44 rsp=0x79E03FF628 window=2048
client level=info t=568328 ev=probe stage=stall set=stack tid=0x000027C4 rip=0x7FFD69540E44 rsp=0x79E07FF848 window=2048
client level=info t=568328 ev=probe stage=stall set=stack tid=0x00003498 rip=0x7FFD69540E44 rsp=0x79E0BFF7E8 window=2048
client level=info t=568328 ev=probe stage=stall set=stack tid=0x00001B48 rip=0x7FFD69540E44 rsp=0x79E0FFFB08 window=2048
client level=info t=568328 ev=probe stage=stall set=stack tid=0x0000262C rip=0x7FFD69540E44 rsp=0x79E13FF6A8 window=2048
client level=info t=568328 ev=probe stage=stall set=stack tid=0x00004CB8 rip=0x7FFD69540E44 rsp=0x79E17FFC18 window=2048
client level=info t=568328 ev=probe stage=stall set=stack tid=0x00003134 rip=0x7FFD69544A14 rsp=0x79E1BFF9D8 window=2048
client level=info t=568328 ev=probe stage=stall set=stack tid=0x000042DC rip=0x7FFD69544A14 rsp=0x79E1FFF7D8 window=2048
client level=info t=568328 ev=probe stage=stall set=stack tid=0x00001F44 rip=0x7FFD69541914 rsp=0x79E27FF448 window=2048
client level=info t=568328 ev=probe stage=stall set=stack tid=0x00001988 rip=0x7FFD69540E44 rsp=0x79E2BFFC58 window=2048
client level=info t=568328 ev=probe stage=stall set=stack tid=0x00004E00 rip=0x7FFD69540E44 rsp=0x79E2FFFA88 window=2048
client level=info t=568328 ev=probe stage=stall set=stack tid=0x00000C9C rip=0x7FFD69540E44 rsp=0x79E33FFCF8 window=2048
client level=info t=568328 ev=probe stage=stall set=stack tid=0x000001E0 rip=0x7FFD69540E44 rsp=0x79E37FFB78 window=2048
client level=info t=568328 ev=probe stage=stall set=stack tid=0x00001698 rip=0x7FFD69540E44 rsp=0x79E3BFF7F8 window=2048
client level=info t=568328 ev=probe stage=stall set=stack tid=0x00002E58 rip=0x7FFD69540E44 rsp=0x79E3FFFC48 window=2048
client level=info t=568328 ev=probe stage=stall set=stack tid=0x00004DD0 rip=0x7FFD69540E44 rsp=0x79E43FF798 window=2048
client level=info t=568328 ev=probe stage=stall set=stack tid=0x00003274 rip=0x7FFD69540E44 rsp=0x79E47FF918 window=1024
client level=info t=568328 ev=probe stage=stall set=stack tid=0x00004CE0 rip=0x7FFD69541444 rsp=0x79E4BFF978 window=1024
client level=info t=568328 ev=probe stage=stall set=frames tid=0x00004CE0 f0=exe+0x26869D0 f1=exe+0x11C7C5C f2=exe+0x2E5BEC2 f3=exe+0x3537B3 f4=exe+0x2E5BE90 f5=exe+0x2E5BE90 f6=exe+0x353874 f7=exe+0x2E5BE90
client level=info t=568328 ev=probe stage=stall set=frames tid=0x00004CE0 f8=exe+0x2E5BEB4 f9=exe+0x3537D0 f10=exe+0x2E5BE90
client level=info t=568328 ev=probe stage=stall set=stack tid=0x000012A0 rip=0x7FFD69540E44 rsp=0x79E4FFFA38 window=2048
client level=info t=568328 ev=probe stage=stall set=frames tid=0x000012A0 f0=exe+0x2E79DE3 f1=exe+0x11DB4DB f2=exe+0x2E79DA0 f3=exe+0x3537B3 f4=exe+0x2E79DA0 f5=exe+0x353874 f6=exe+0x2E79DA0 f7=exe+0x2E79DC4
client level=info t=568328 ev=probe stage=stall set=frames tid=0x000012A0 f8=exe+0x3537D0 f9=exe+0x2E79DA0
client level=info t=568328 ev=probe stage=stall set=stack tid=0x00000878 rip=0x7FFD69540E44 rsp=0x79E5FFF8D8 window=2048
client level=info t=568328 ev=probe stage=stall set=stack tid=0x00003364 rip=0x7FFD69540E44 rsp=0x79E63FF6A8 window=2048
client level=info t=568328 ev=probe stage=stall set=stack tid=0x000040E0 rip=0x7FFD69540E44 rsp=0x79E67FF768 window=2048
client level=info t=568328 ev=probe stage=stall set=stack tid=0x00002F54 rip=0x7FFD69540E44 rsp=0x79E6BFF808 window=2048
client level=info t=568328 ev=probe stage=stall set=stack tid=0x00002EC8 rip=0x7FFD69540E44 rsp=0x79E6FFFCD8 window=2048
client level=info t=568328 ev=probe stage=stall set=stack tid=0x000034A4 rip=0x7FFD69540E44 rsp=0x79E73FF658 window=2048
client level=info t=568328 ev=probe stage=stall set=stack tid=0x00004684 rip=0x7FFD69540E44 rsp=0x79E77FF688 window=2048
client level=info t=568328 ev=probe stage=stall set=stack tid=0x00004E40 rip=0x7FFD69540E44 rsp=0x79E7BFF948 window=2048
client level=info t=568328 ev=probe stage=stall set=stack tid=0x00002A6C rip=0x7FFD69540E44 rsp=0x79E7FFF808 window=1024
client level=info t=568328 ev=probe stage=stall set=stack tid=0x000008BC rip=0x7FFD69540E44 rsp=0x79E83FF868 window=1024
client level=info t=568328 ev=probe stage=stall set=frames tid=0x000008BC f0=exe+0x19F8801
client level=info t=568328 ev=probe stage=stall set=stack tid=0x000031C4 rip=0x7FFD69540E44 rsp=0x79E87FFA28 window=1024
client level=info t=568328 ev=probe stage=stall set=frames tid=0x000031C4 f0=exe+0x1A07446
client level=info t=568328 ev=probe stage=stall set=stack tid=0x00002950 rip=0x7FFD69541914 rsp=0x79E8BFF408 window=2048
client level=info t=568328 ev=probe stage=stall set=frames tid=0x00002950 f0=exe+0x1A40E63 f1=exe+0x1A41E30
client level=info t=568328 ev=probe stage=stall set=stack tid=0x00004EA8 rip=0x7FFD69541914 rsp=0x79E97FF638 window=2048
client level=info t=568328 ev=probe stage=stall set=stack tid=0x000038C8 rip=0x7FFD69541914 rsp=0x79E9FFF658 window=2048
client level=info t=568328 ev=probe stage=stall set=stack tid=0x0000339C rip=0x7FFD69540E44 rsp=0x79EA3FFA98 window=1024
client level=info t=568328 ev=probe stage=stall set=frames tid=0x0000339C f0=exe+0x1A914FF f1=own+0x1499D3 f2=exe+0x39B4FB f3=exe+0x1A8222A
client level=info t=568328 ev=probe stage=stall set=stack tid=0x000048D8 rip=0x7FFD69540E44 rsp=0x79EA7FF848 window=2048
client level=info t=568328 ev=probe stage=stall set=frames tid=0x000048D8 f0=exe+0x0 f1=exe+0x1F15A90 f2=exe+0x0 f3=exe+0x30FE80 f4=exe+0x30FED2 f5=exe+0x30FE80 f6=exe+0x30FE80 f7=exe+0x129869C
client level=info t=568328 ev=probe stage=stall set=stack tid=0x000033F0 rip=0x7FFD69541914 rsp=0x79E53FEFC8 window=2048
client level=info t=568328 ev=probe stage=stall set=stack tid=0x000033B0 rip=0x7FFD69541914 rsp=0x79E23FE348 window=2048
client level=info t=568328 ev=probe stage=stall set=frames tid=0x000033B0 f0=exe+0x3E8155
client level=info t=568328 ev=probe stage=stall set=stack tid=0x00004CF0 rip=0x7FFD69541444 rsp=0x79EAFFF828 window=1024
client level=info t=568328 ev=probe stage=stall set=frames tid=0x00004CF0 f0=own+0x695B28 f1=own+0x679AE0 f2=own+0x679B28 f3=own+0x679B28 f4=own+0x679AE0 f5=own+0x1DAE8B f6=own+0x679B28 f7=own+0x679AE0
client level=info t=568328 ev=probe stage=stall set=stack tid=0x0000158C rip=0x7FFD69540EE4 rsp=0x79D8BFF938 window=1024
client level=info t=568328 ev=probe stage=stall set=stack tid=0x0000411C rip=0x7FFD69541444 rsp=0x79D8FFFA28 window=2048
client level=info t=568328 ev=probe stage=stall set=frames tid=0x0000411C f0=exe+0x31DA0A0 f1=exe+0x173A58B f2=exe+0x31DA5A0 f3=exe+0x3537B3 f4=exe+0x31DA5A0 f5=exe+0x353874 f6=exe+0x31DA5A0 f7=exe+0x31DA5C4
client level=info t=568328 ev=probe stage=stall set=frames tid=0x0000411C f8=exe+0x3537D0 f9=exe+0x31DA5A0
client level=info t=568328 ev=probe stage=stall set=stack tid=0x000045A0 rip=0x7FFD69544A74 rsp=0x79D93FF978 window=2048
client level=info t=568328 ev=probe stage=stall set=stack tid=0x00003BC0 rip=0x7FFD69544A74 rsp=0x79E57FF498 window=2048
client level=info t=568328 ev=probe stage=stall set=stack tid=0x00001DF0 rip=0x7FFD69544A74 rsp=0x79D9BFFB28 window=2048
client level=info t=568328 ev=probe stage=stall set=stack tid=0x00001604 rip=0x7FFD69544A74 rsp=0x79DA3FFAF8 window=2048
client level=info t=568328 ev=probe stage=stall set=stack tid=0x00004C34 rip=0x7FFD69541914 rsp=0x79DA7FF968 window=1024
client level=info t=570203 ev=nettick stage=sample latch=0 callbacks=58729
client level=error t=570203 ev=assert stage=hit n=6144 repeat=6144 arg0=0 text=hitch detected: mainloop world controller state activity:in_world {{!38!}} job fiber:{{!0x00834002!}} phase:{{!-1!}} iteration:0x0 stalled 
client level=info t=572985 ev=nettick stage=sample latch=0 callbacks=58729
client level=error t=572985 ev=assert stage=hit n=6656 repeat=6656 arg0=0 text=hitch detected: mainloop world controller state activity:in_world {{!38!}} job fiber:{{!0x00834002!}} phase:{{!-1!}} iteration:0x0 stalled 
client level=info t=575766 ev=nettick stage=sample latch=0 callbacks=58729
client level=error t=575766 ev=assert stage=hit n=7168 repeat=7168 arg0=0 text=hitch detected: mainloop world controller state activity:in_world {{!38!}} job fiber:{{!0x00834002!}} phase:{{!-1!}} iteration:0x0 stalled 
client level=info t=576797 ev=probe stage=hitch step=38 dur=0 gate=0 fa=0x00834000 fa_idle=1 fb=0x00834001 fb_idle=0 fc=0x00834002 fc_idle=0
client level=info t=576797 ev=probe stage=hitch set=wait idx=3 slot=3 tid=0x00004D9C kind=4 age=59989.0 desc="fiber:{{!0x00834002!}} phase:{{!-1!}} iteration:0x0"
client level=info t=576797 ev=probe stage=hitch set=ring idx=0 slot=-1 tid=0xFFFFFFFF kind=255 age=27881209856.0 desc="name: 'empty_job', owner: 'system owner'"
client level=info t=576797 ev=probe stage=hitch set=ring idx=1 slot=-1 tid=0xFFFFFFFF kind=255 age=27881209856.0 desc="name: 'empty_job', owner: 'system owner'"
client level=info t=576797 ev=probe stage=hitch set=ring idx=2 slot=-1 tid=0xFFFFFFFF kind=255 age=27881209856.0 desc="name: 'empty_job', owner: 'system owner'"
client level=info t=576797 ev=probe stage=hitch set=ring idx=3 slot=-1 tid=0xFFFFFFFF kind=255 age=27881209856.0 desc="name: 'empty_job', owner: 'system owner'"
client level=info t=576797 ev=probe stage=hitch set=ring idx=4 slot=-1 tid=0xFFFFFFFF kind=255 age=27881209856.0 desc="name: 'empty_job', owner: 'system owner'"
client level=info t=576797 ev=probe stage=hitch set=ring idx=5 slot=-1 tid=0xFFFFFFFF kind=255 age=27881209856.0 desc="name: 'empty_job', owner: 'system owner'"
client level=info t=576797 ev=probe stage=hitch set=ring idx=6 slot=-1 tid=0xFFFFFFFF kind=255 age=27881209856.0 desc="name: 'empty_job', owner: 'system owner'"
client level=info t=576797 ev=probe stage=hitch set=ring idx=7 slot=-1 tid=0xFFFFFFFF kind=255 age=27881209856.0 desc="name: 'empty_job', owner: 'system owner'"
client level=info t=576797 ev=probe stage=hitch set=ring idx=8 slot=-1 tid=0xFFFFFFFF kind=255 age=27881209856.0 desc="name: 'empty_job', owner: 'system owner'"
client level=info t=576797 ev=probe stage=hitch set=ring idx=9 slot=-1 tid=0xFFFFFFFF kind=255 age=27881209856.0 desc="name: 'empty_job', owner: 'system owner'"
client level=info t=576797 ev=probe stage=hitch set=ring idx=10 slot=-1 tid=0xFFFFFFFF kind=255 age=27881209856.0 desc="name: 'empty_job', owner: 'system owner'"
client level=info t=576797 ev=probe stage=hitch set=ring idx=11 slot=-1 tid=0xFFFFFFFF kind=255 age=27881209856.0 desc="name: 'empty_job', owner: 'system owner'"
client level=info t=576797 ev=probe stage=hitch set=ring idx=12 slot=-1 tid=0xFFFFFFFF kind=255 age=27881209856.0 desc="name: 'empty_job', owner: 'system owner'"
client level=info t=576797 ev=probe stage=hitch set=ring idx=13 slot=-1 tid=0xFFFFFFFF kind=255 age=27881209856.0 desc="name: 'empty_job', owner: 'system owner'"
client level=info t=576797 ev=probe stage=hitch set=ring idx=14 slot=-1 tid=0xFFFFFFFF kind=255 age=27881209856.0 desc="name: 'empty_job', owner: 'system owner'"
client level=info t=576797 ev=probe stage=hitch set=ring idx=15 slot=-1 tid=0xFFFFFFFF kind=255 age=27881209856.0 desc="name: 'empty_job', owner: 'system owner'"
client level=info t=576797 ev=probe stage=hitch set=stack tid=0x00004D9C rip=0x7FFD69541444 rsp=0x79DBFFE1F8 window=2048
client level=info t=576797 ev=probe stage=hitch set=frames tid=0x00004D9C f0=exe+0x20D9280 f1=exe+0x20D9280 f2=exe+0x3550FB f3=exe+0x20D9238 f4=exe+0x1DC60C8 f5=exe+0x1DC60D4 f6=exe+0x1B87974 f7=exe+0x1DC60C8
client level=info t=576797 ev=probe stage=hitch set=frames tid=0x00004D9C f8=exe+0x3537B3 f9=exe+0x35ECC44 f10=exe+0x3537B3 f11=exe+0x35ECC44 f12=exe+0x35ECC44 f13=exe+0x3537B3 f14=exe+0x35ECC44 f15=exe+0x310033
client level=info t=578532 ev=nettick stage=sample latch=0 callbacks=58729
client level=error t=578532 ev=assert stage=hit n=7680 repeat=7680 arg0=0 text=hitch detected: mainloop world controller state activity:in_world {{!38!}} job fiber:{{!0x00834002!}} phase:{{!-1!}} iteration:0x0 stalled 
client level=info t=581313 ev=nettick stage=sample latch=0 callbacks=58729
client level=error t=581313 ev=assert stage=hit n=8192 repeat=8192 arg0=0 text=hitch detected: mainloop world controller state activity:in_world {{!38!}} job fiber:{{!0x00834002!}} phase:{{!-1!}} iteration:0x0 stalled 
client level=warn t=583328 ev=probe stage=stall result=detected idle=66281 count=58729
client level=info t=583360 ev=probe stage=stall set=stack tid=0x00004258 rip=0x7FFD69540E44 rsp=0x79D86FF708 window=2048
client level=info t=583360 ev=probe stage=stall set=frames tid=0x00004258 f0=exe+0xB54BE2 f1=exe+0x302465 f2=exe+0xB58F1F f3=exe+0x1C151D8 f4=exe+0x0 f5=exe+0xB5268C f6=exe+0x80DA9B1 f7=exe+0x48564BA
client level=info t=583360 ev=probe stage=stall set=frames tid=0x00004258 f8=exe+0x93FC7 f9=exe+0x0 f10=exe+0x1C151C8
client level=info t=583360 ev=probe stage=stall set=stack tid=0x00002678 rip=0x7FFD69544A74 rsp=0x79D97FF7B8 window=2048
client level=info t=583360 ev=probe stage=stall set=stack tid=0x00002720 rip=0x7FFD69541444 rsp=0x79D9FFEF48 window=2048
client level=info t=583360 ev=probe stage=stall set=frames tid=0x00002720 f0=exe+0x3B1A77 f1=exe+0x3AFF70 f2=exe+0x4F5C89E f3=exe+0x47DA9CB f4=exe+0x0 f5=exe+0x3FB1A5A f6=exe+0x69533FF
client level=info t=583360 ev=probe stage=stall set=stack tid=0x00003C78 rip=0x7FFD69540E44 rsp=0x79DABFFC68 window=512
client level=info t=583360 ev=probe stage=stall set=frames tid=0x00003C78 f0=exe+0x1280280 f1=exe+0x0 f2=exe+0x242CD10 f3=exe+0x1280201 f4=exe+0x3023E5 f5=exe+0x348061 f6=exe+0x7CB8EAA f7=exe+0x7039128
client level=info t=583360 ev=probe stage=stall set=frames tid=0x00003C78 f8=exe+0x128029D f9=exe+0x0 f10=exe+0x1280280 f11=exe+0x129869C
client level=info t=583360 ev=probe stage=stall set=stack tid=0x00002A04 rip=0x7FFD69541444 rsp=0x79DAFF8B28 window=2048
client level=info t=583360 ev=probe stage=stall set=frames tid=0x00002A04 f0=exe+0x1299FD0 f1=exe+0x7CB8EAA f2=exe+0x0 f3=exe+0x1299FD0 f4=exe+0x129A08B f5=exe+0x2F24088 f6=exe+0x2F240D4 f7=exe+0x2F23FB0
client level=info t=583360 ev=probe stage=stall set=stack tid=0x00001560 rip=0x7FFD69540E44 rsp=0x79DB3FFB78 window=1024
client level=info t=583360 ev=probe stage=stall set=frames tid=0x00001560 f0=exe+0x302465 f1=exe+0x31D073 f2=exe+0x31D0BA f3=exe+0x318894 f4=exe+0x20D6E38 f5=exe+0x31B241 f6=exe+0x3537B3 f7=exe+0x20D6E38
client level=info t=583360 ev=probe stage=stall set=frames tid=0x00001560 f8=exe+0x20D6E38 f9=exe+0x353874 f10=exe+0x20D6E38 f11=exe+0x20D6E5C f12=exe+0x3537D0 f13=exe+0x20D6E38
client level=info t=583360 ev=probe stage=stall set=stack tid=0x00002E84 rip=0x7FFD69540E44 rsp=0x79DB7FF878 window=1024
client level=info t=583360 ev=probe stage=stall set=frames tid=0x00002E84 f0=exe+0x2E5B380 f1=exe+0x302465 f2=exe+0x31D073 f3=exe+0x31D0BA f4=exe+0x318894 f5=exe+0x20D7A38 f6=exe+0x31B241 f7=exe+0x3537B3
client level=info t=583360 ev=probe stage=stall set=frames tid=0x00002E84 f8=exe+0x20D7A38 f9=exe+0x20D7A38 f10=exe+0x353874 f11=exe+0x20D7A38 f12=exe+0x20D7A5C f13=exe+0x3537D0 f14=exe+0x20D7A38
client level=info t=583360 ev=probe stage=stall set=stack tid=0x00002DBC rip=0x7FFD69540E44 rsp=0x79DBBFFA58 window=1024
client level=info t=583360 ev=probe stage=stall set=frames tid=0x00002DBC f0=exe+0x302465 f1=exe+0x31D073 f2=exe+0x31D0BA f3=exe+0x318894 f4=exe+0x20D8638 f5=exe+0x31B241 f6=exe+0x3537B3 f7=exe+0x20D8638
client level=info t=583360 ev=probe stage=stall set=frames tid=0x00002DBC f8=exe+0x20D8638 f9=exe+0x353874 f10=exe+0x20D8638 f11=exe+0x20D865C f12=exe+0x3537D0 f13=exe+0x20D8638
client level=info t=583360 ev=probe stage=stall set=stack tid=0x00004D9C rip=0x7FFD69541444 rsp=0x79DBFFE1F8 window=2048
client level=info t=583360 ev=probe stage=stall set=frames tid=0x00004D9C f0=exe+0x20D9280 f1=exe+0x20D9280 f2=exe+0x3550FB f3=exe+0x20D9238 f4=exe+0x1DC60C8 f5=exe+0x1DC60D4 f6=exe+0x1B87974 f7=exe+0x1DC60C8
client level=info t=583360 ev=probe stage=stall set=frames tid=0x00004D9C f8=exe+0x3537B3 f9=exe+0x35ECC44 f10=exe+0x3537B3 f11=exe+0x35ECC44 f12=exe+0x35ECC44 f13=exe+0x3537B3 f14=exe+0x35ECC44 f15=exe+0x310033
client level=info t=583360 ev=probe stage=stall set=stack tid=0x00003AB8 rip=0x7FFD69540E44 rsp=0x79DC3FF828 window=1024
client level=info t=583360 ev=probe stage=stall set=frames tid=0x00003AB8 f0=exe+0x302465 f1=exe+0x31D073 f2=exe+0x31D0BA f3=exe+0x318894 f4=exe+0x20D9E38 f5=exe+0x31B241 f6=exe+0x3537B3 f7=exe+0x20D9E38
client level=info t=583360 ev=probe stage=stall set=frames tid=0x00003AB8 f8=exe+0x20D9E38 f9=exe+0x353874 f10=exe+0x20D9E38 f11=exe+0x20D9E5C f12=exe+0x3537D0 f13=exe+0x20D9E38
client level=info t=583360 ev=probe stage=stall set=stack tid=0x00000D90 rip=0x7FFD69540E44 rsp=0x79DC7FF928 window=1024
client level=info t=583360 ev=probe stage=stall set=frames tid=0x00000D90 f0=exe+0x302465 f1=exe+0x31D073 f2=exe+0x31D0BA f3=exe+0x318894 f4=exe+0x20DAA38 f5=exe+0x31B241 f6=exe+0x3537B3 f7=exe+0x20DAA38
client level=info t=583360 ev=probe stage=stall set=frames tid=0x00000D90 f8=exe+0x20DAA38 f9=exe+0x353874 f10=exe+0x20DAA38 f11=exe+0x20DAA5C f12=exe+0x3537D0 f13=exe+0x20DAA38
client level=info t=583360 ev=probe stage=stall set=stack tid=0x000043E8 rip=0x7FFD69540E44 rsp=0x79DCBFFB48 window=1024
client level=info t=583360 ev=probe stage=stall set=frames tid=0x000043E8 f0=exe+0x302465 f1=exe+0x31D073 f2=exe+0x31D0BA f3=exe+0x318894 f4=exe+0x20EEE48 f5=exe+0x31B241 f6=exe+0x3537B3 f7=exe+0x20EEE48
client level=info t=583360 ev=probe stage=stall set=frames tid=0x000043E8 f8=exe+0x20EEE48 f9=exe+0x353874 f10=exe+0x20EEE48 f11=exe+0x20EEE6C f12=exe+0x3537D0 f13=exe+0x20EEE48
client level=info t=583360 ev=probe stage=stall set=stack tid=0x00002020 rip=0x7FFD69540E44 rsp=0x79DCFFF538 window=2048
client level=info t=583360 ev=probe stage=stall set=frames tid=0x00002020 f0=exe+0x302465 f1=exe+0x31D073 f2=exe+0x31D0BA f3=exe+0x318894 f4=exe+0x20EFA48 f5=exe+0x31B241 f6=exe+0x3537B3 f7=exe+0x20EFA48
client level=info t=583360 ev=probe stage=stall set=frames tid=0x00002020 f8=exe+0x20EFA48 f9=exe+0x353874 f10=exe+0x20EFA48 f11=exe+0x20EFA6C f12=exe+0x3537D0 f13=exe+0x20EFA48
client level=info t=583360 ev=probe stage=stall set=stack tid=0x00004830 rip=0x7FFD69541444 rsp=0x79DD3FEFE8 window=2048
client level=info t=583360 ev=probe stage=stall set=frames tid=0x00004830 f0=exe+0x1AEBDFF
client level=info t=583360 ev=probe stage=stall set=stack tid=0x000042EC rip=0x7FFD69540E44 rsp=0x79DD7FFA08 window=2048
client level=info t=583360 ev=probe stage=stall set=frames tid=0x000042EC f0=exe+0x1AE9B80
client level=info t=583360 ev=probe stage=stall set=stack tid=0x00002FBC rip=0x7FFD66761344 rsp=0x79DDBFFC48 window=2048
client level=info t=583360 ev=probe stage=stall set=frames tid=0x00002FBC f0=exe+0x2686900 f1=exe+0x2686900 f2=exe+0x3C5F69 f3=exe+0x26869E0 f4=exe+0x26869E0 f5=exe+0x3BD893 f6=exe+0x26869E0 f7=exe+0x3BDA99
client level=info t=583360 ev=probe stage=stall set=frames tid=0x00002FBC f8=exe+0x26869E0 f9=exe+0x3537B3 f10=exe+0x26869E0 f11=exe+0x353874 f12=exe+0x26869E0 f13=exe+0x2686A04 f14=exe+0x3537D0 f15=exe+0x26869E0
client level=info t=583360 ev=probe stage=stall set=stack tid=0x0000454C rip=0x7FFD66761344 rsp=0x79DDFFF7E8 window=2048
client level=info t=583360 ev=probe stage=stall set=frames tid=0x0000454C f0=exe+0x3BDA55 f1=exe+0x26869E0 f2=exe+0x26875E0 f3=exe+0x3537B3 f4=exe+0x26875E0 f5=exe+0x353874 f6=exe+0x26875E0 f7=exe+0x2687604
client level=info t=583360 ev=probe stage=stall set=frames tid=0x0000454C f8=exe+0x3537D0 f9=exe+0x26875E0
client level=info t=583360 ev=probe stage=stall set=stack tid=0x00000194 rip=0x7FFD69540EE4 rsp=0x79DE3FFC58 window=2048
client level=info t=583360 ev=probe stage=stall set=stack tid=0x00001D98 rip=0x7FFD69544A14 rsp=0x79DEBFF5E8 window=2048
client level=info t=583360 ev=probe stage=stall set=stack tid=0x00002E34 rip=0x7FFD69544A14 rsp=0x79DEFFF7B8 window=2048
client level=info t=583360 ev=probe stage=stall set=stack tid=0x00004934 rip=0x7FFD69540E44 rsp=0x79DF3FF818 window=2048
client level=info t=583360 ev=probe stage=stall set=stack tid=0x00003B04 rip=0x7FFD69540E44 rsp=0x79DE7FF698 window=2048
client level=info t=583360 ev=probe stage=stall set=stack tid=0x000033AC rip=0x7FFD69540E44 rsp=0x79DF7FF948 window=2048
client level=info t=583360 ev=probe stage=stall set=stack tid=0x000019B0 rip=0x7FFD69540E44 rsp=0x79DFBFFA48 window=2048
client level=info t=583360 ev=probe stage=stall set=stack tid=0x000045E0 rip=0x7FFD69540E44 rsp=0x79DFFFFCD8 window=2048
client level=info t=583360 ev=probe stage=stall set=stack tid=0x000019A4 rip=0x7FFD69540E44 rsp=0x79E03FF628 window=2048
client level=info t=583360 ev=probe stage=stall set=stack tid=0x000027C4 rip=0x7FFD69540E44 rsp=0x79E07FF848 window=2048
client level=info t=583360 ev=probe stage=stall set=stack tid=0x00003498 rip=0x7FFD69540E44 rsp=0x79E0BFF7E8 window=2048
client level=info t=583360 ev=probe stage=stall set=stack tid=0x00001B48 rip=0x7FFD69540E44 rsp=0x79E0FFFB08 window=2048
client level=info t=583360 ev=probe stage=stall set=stack tid=0x0000262C rip=0x7FFD69540E44 rsp=0x79E13FF6A8 window=2048
client level=info t=583360 ev=probe stage=stall set=stack tid=0x00004CB8 rip=0x7FFD69540E44 rsp=0x79E17FFC18 window=2048
client level=info t=583360 ev=probe stage=stall set=stack tid=0x00003134 rip=0x7FFD69544A14 rsp=0x79E1BFF9D8 window=2048
client level=info t=583360 ev=probe stage=stall set=stack tid=0x000042DC rip=0x7FFD69544A14 rsp=0x79E1FFF7D8 window=2048
client level=info t=583360 ev=probe stage=stall set=stack tid=0x00001F44 rip=0x7FFD69541914 rsp=0x79E27FF448 window=2048
client level=info t=583360 ev=probe stage=stall set=stack tid=0x00001988 rip=0x7FFD69540E44 rsp=0x79E2BFFC58 window=2048
client level=info t=583360 ev=probe stage=stall set=stack tid=0x00004E00 rip=0x7FFD69540E44 rsp=0x79E2FFFA88 window=2048
client level=info t=583360 ev=probe stage=stall set=stack tid=0x00000C9C rip=0x7FFD69540E44 rsp=0x79E33FFCF8 window=2048
client level=info t=583360 ev=probe stage=stall set=stack tid=0x000001E0 rip=0x7FFD69540E44 rsp=0x79E37FFB78 window=2048
client level=info t=583360 ev=probe stage=stall set=stack tid=0x00001698 rip=0x7FFD69540E44 rsp=0x79E3BFF7F8 window=2048
client level=info t=583360 ev=probe stage=stall set=stack tid=0x00002E58 rip=0x7FFD69540E44 rsp=0x79E3FFFC48 window=2048
client level=info t=583360 ev=probe stage=stall set=stack tid=0x00004DD0 rip=0x7FFD69540E44 rsp=0x79E43FF798 window=2048
client level=info t=583360 ev=probe stage=stall set=stack tid=0x00003274 rip=0x7FFD69540E44 rsp=0x79E47FF918 window=1024
client level=info t=583360 ev=probe stage=stall set=stack tid=0x00004CE0 rip=0x7FFD69541444 rsp=0x79E4BFF978 window=1024
client level=info t=583360 ev=probe stage=stall set=frames tid=0x00004CE0 f0=exe+0x26869D0 f1=exe+0x11C7C5C f2=exe+0x2E5BEC2 f3=exe+0x3537B3 f4=exe+0x2E5BE90 f5=exe+0x2E5BE90 f6=exe+0x353874 f7=exe+0x2E5BE90
client level=info t=583360 ev=probe stage=stall set=frames tid=0x00004CE0 f8=exe+0x2E5BEB4 f9=exe+0x3537D0 f10=exe+0x2E5BE90
client level=info t=583360 ev=probe stage=stall set=stack tid=0x000012A0 rip=0x7FFD69540E44 rsp=0x79E4FFFA38 window=2048
client level=info t=583360 ev=probe stage=stall set=frames tid=0x000012A0 f0=exe+0x2E79DE3 f1=exe+0x11DB4DB f2=exe+0x2E79DA0 f3=exe+0x3537B3 f4=exe+0x2E79DA0 f5=exe+0x353874 f6=exe+0x2E79DA0 f7=exe+0x2E79DC4
client level=info t=583360 ev=probe stage=stall set=frames tid=0x000012A0 f8=exe+0x3537D0 f9=exe+0x2E79DA0
client level=info t=583360 ev=probe stage=stall set=stack tid=0x00000878 rip=0x7FFD69540E44 rsp=0x79E5FFF8D8 window=2048
client level=info t=583360 ev=probe stage=stall set=stack tid=0x00003364 rip=0x7FFD69540E44 rsp=0x79E63FF6A8 window=2048
client level=info t=583360 ev=probe stage=stall set=stack tid=0x000040E0 rip=0x7FFD69540E44 rsp=0x79E67FF768 window=2048
client level=info t=583360 ev=probe stage=stall set=stack tid=0x00002F54 rip=0x7FFD69540E44 rsp=0x79E6BFF808 window=2048
client level=info t=583360 ev=probe stage=stall set=stack tid=0x00002EC8 rip=0x7FFD69540E44 rsp=0x79E6FFFCD8 window=2048
client level=info t=583360 ev=probe stage=stall set=stack tid=0x000034A4 rip=0x7FFD69540E44 rsp=0x79E73FF658 window=2048
client level=info t=583360 ev=probe stage=stall set=stack tid=0x00004684 rip=0x7FFD69540E44 rsp=0x79E77FF688 window=2048
client level=info t=583360 ev=probe stage=stall set=stack tid=0x00004E40 rip=0x7FFD69540E44 rsp=0x79E7BFF948 window=2048
client level=info t=583360 ev=probe stage=stall set=stack tid=0x00002A6C rip=0x7FFD69540E44 rsp=0x79E7FFF808 window=1024
client level=info t=583360 ev=probe stage=stall set=stack tid=0x000008BC rip=0x7FFD69540E44 rsp=0x79E83FF868 window=1024
client level=info t=583360 ev=probe stage=stall set=frames tid=0x000008BC f0=exe+0x19F8801
client level=info t=583360 ev=probe stage=stall set=stack tid=0x000031C4 rip=0x7FFD69540E44 rsp=0x79E87FFA28 window=1024
client level=info t=583360 ev=probe stage=stall set=frames tid=0x000031C4 f0=exe+0x1A07446
client level=info t=583360 ev=probe stage=stall set=stack tid=0x00002950 rip=0x7FFD69541914 rsp=0x79E8BFF408 window=2048
client level=info t=583360 ev=probe stage=stall set=frames tid=0x00002950 f0=exe+0x1A40E63 f1=exe+0x1A41E30
client level=info t=583360 ev=probe stage=stall set=stack tid=0x00004EA8 rip=0x7FFD69541914 rsp=0x79E97FF638 window=2048
client level=info t=583360 ev=probe stage=stall set=stack tid=0x000038C8 rip=0x7FFD69541914 rsp=0x79E9FFF658 window=2048
client level=info t=583360 ev=probe stage=stall set=stack tid=0x0000339C rip=0x7FFD69540E44 rsp=0x79EA3FFA98 window=1024
client level=info t=583360 ev=probe stage=stall set=frames tid=0x0000339C f0=exe+0x1A914FF f1=own+0x1499D3 f2=exe+0x39B4FB f3=exe+0x1A8222A
client level=info t=583360 ev=probe stage=stall set=stack tid=0x000048D8 rip=0x7FFD69540E44 rsp=0x79EA7FF848 window=2048
client level=info t=583360 ev=probe stage=stall set=frames tid=0x000048D8 f0=exe+0x0 f1=exe+0x1F15A90 f2=exe+0x0 f3=exe+0x30FE80 f4=exe+0x30FED2 f5=exe+0x30FE80 f6=exe+0x30FE80 f7=exe+0x129869C
client level=info t=583360 ev=probe stage=stall set=stack tid=0x000033F0 rip=0x7FFD69541914 rsp=0x79E53FEFC8 window=2048
client level=info t=583360 ev=probe stage=stall set=stack tid=0x000033B0 rip=0x7FFD69541914 rsp=0x79E23FE348 window=2048
client level=info t=583360 ev=probe stage=stall set=frames tid=0x000033B0 f0=exe+0x3E8155
client level=info t=583360 ev=probe stage=stall set=stack tid=0x00004CF0 rip=0x7FFD69541444 rsp=0x79EAFFF828 window=1024
client level=info t=583360 ev=probe stage=stall set=frames tid=0x00004CF0 f0=own+0x695B28 f1=own+0x679AE0 f2=own+0x679B28 f3=own+0x679B28 f4=own+0x679AE0 f5=own+0x1DAE8B f6=own+0x679B28 f7=own+0x679AE0
client level=info t=583360 ev=probe stage=stall set=stack tid=0x0000158C rip=0x7FFD69540EE4 rsp=0x79D8BFF938 window=1024
client level=info t=583360 ev=probe stage=stall set=stack tid=0x0000411C rip=0x7FFD69541444 rsp=0x79D8FFFA28 window=2048
client level=info t=583360 ev=probe stage=stall set=frames tid=0x0000411C f0=exe+0x31DA0A0 f1=exe+0x173A58B f2=exe+0x31DA5A0 f3=exe+0x3537B3 f4=exe+0x31DA5A0 f5=exe+0x353874 f6=exe+0x31DA5A0 f7=exe+0x31DA5C4
client level=info t=583360 ev=probe stage=stall set=frames tid=0x0000411C f8=exe+0x3537D0 f9=exe+0x31DA5A0
client level=info t=583360 ev=probe stage=stall set=stack tid=0x000045A0 rip=0x7FFD69544A74 rsp=0x79D93FF978 window=2048
client level=info t=583360 ev=probe stage=stall set=stack tid=0x00003BC0 rip=0x7FFD69544A74 rsp=0x79E57FF498 window=2048
client level=info t=583360 ev=probe stage=stall set=stack tid=0x00001DF0 rip=0x7FFD69544A74 rsp=0x79D9BFFB28 window=2048
client level=info t=583360 ev=probe stage=stall set=stack tid=0x00001604 rip=0x7FFD69544A74 rsp=0x79DA3FFAF8 window=2048
client level=info t=583360 ev=probe stage=stall set=stack tid=0x00004C34 rip=0x7FFD69541914 rsp=0x79DA7FF968 window=1024
client level=info t=584078 ev=nettick stage=sample latch=0 callbacks=58729
client level=error t=584078 ev=assert stage=hit n=8704 repeat=8704 arg0=0 text=hitch detected: mainloop world controller state activity:in_world {{!38!}} job fiber:{{!0x00834002!}} phase:{{!-1!}} iteration:0x0 stalled 
client level=info t=586797 ev=probe stage=hitch step=38 dur=0 gate=0 fa=0x00834000 fa_idle=1 fb=0x00834001 fb_idle=0 fc=0x00834002 fc_idle=0
client level=info t=586797 ev=probe stage=hitch set=wait idx=3 slot=3 tid=0x00004D9C kind=4 age=69989.7 desc="fiber:{{!0x00834002!}} phase:{{!-1!}} iteration:0x0"
client level=info t=586797 ev=probe stage=hitch set=ring idx=0 slot=-1 tid=0xFFFFFFFF kind=255 age=27881209856.0 desc="name: 'empty_job', owner: 'system owner'"
client level=info t=586797 ev=probe stage=hitch set=ring idx=1 slot=-1 tid=0xFFFFFFFF kind=255 age=27881209856.0 desc="name: 'empty_job', owner: 'system owner'"
client level=info t=586797 ev=probe stage=hitch set=ring idx=2 slot=-1 tid=0xFFFFFFFF kind=255 age=27881209856.0 desc="name: 'empty_job', owner: 'system owner'"
client level=info t=586797 ev=probe stage=hitch set=ring idx=3 slot=-1 tid=0xFFFFFFFF kind=255 age=27881209856.0 desc="name: 'empty_job', owner: 'system owner'"
client level=info t=586797 ev=probe stage=hitch set=ring idx=4 slot=-1 tid=0xFFFFFFFF kind=255 age=27881209856.0 desc="name: 'empty_job', owner: 'system owner'"
client level=info t=586797 ev=probe stage=hitch set=ring idx=5 slot=-1 tid=0xFFFFFFFF kind=255 age=27881209856.0 desc="name: 'empty_job', owner: 'system owner'"
client level=info t=586797 ev=probe stage=hitch set=ring idx=6 slot=-1 tid=0xFFFFFFFF kind=255 age=27881209856.0 desc="name: 'empty_job', owner: 'system owner'"
client level=info t=586797 ev=probe stage=hitch set=ring idx=7 slot=-1 tid=0xFFFFFFFF kind=255 age=27881209856.0 desc="name: 'empty_job', owner: 'system owner'"
client level=info t=586797 ev=probe stage=hitch set=ring idx=8 slot=-1 tid=0xFFFFFFFF kind=255 age=27881209856.0 desc="name: 'empty_job', owner: 'system owner'"
client level=info t=586797 ev=probe stage=hitch set=ring idx=9 slot=-1 tid=0xFFFFFFFF kind=255 age=27881209856.0 desc="name: 'empty_job', owner: 'system owner'"
client level=info t=586797 ev=probe stage=hitch set=ring idx=10 slot=-1 tid=0xFFFFFFFF kind=255 age=27881209856.0 desc="name: 'empty_job', owner: 'system owner'"
client level=info t=586797 ev=probe stage=hitch set=ring idx=11 slot=-1 tid=0xFFFFFFFF kind=255 age=27881209856.0 desc="name: 'empty_job', owner: 'system owner'"
client level=info t=586797 ev=probe stage=hitch set=ring idx=12 slot=-1 tid=0xFFFFFFFF kind=255 age=27881209856.0 desc="name: 'empty_job', owner: 'system owner'"
client level=info t=586797 ev=probe stage=hitch set=ring idx=13 slot=-1 tid=0xFFFFFFFF kind=255 age=27881209856.0 desc="name: 'empty_job', owner: 'system owner'"
client level=info t=586797 ev=probe stage=hitch set=ring idx=14 slot=-1 tid=0xFFFFFFFF kind=255 age=27881209856.0 desc="name: 'empty_job', owner: 'system owner'"
client level=info t=586797 ev=probe stage=hitch set=ring idx=15 slot=-1 tid=0xFFFFFFFF kind=255 age=27881209856.0 desc="name: 'empty_job', owner: 'system owner'"
client level=info t=586797 ev=probe stage=hitch set=stack tid=0x00004D9C rip=0x7FFD69541444 rsp=0x79DBFFE1F8 window=2048
client level=info t=586797 ev=probe stage=hitch set=frames tid=0x00004D9C f0=exe+0x20D9280 f1=exe+0x20D9280 f2=exe+0x3550FB f3=exe+0x20D9238 f4=exe+0x1DC60C8 f5=exe+0x1DC60D4 f6=exe+0x1B87974 f7=exe+0x1DC60C8
client level=info t=586797 ev=probe stage=hitch set=frames tid=0x00004D9C f8=exe+0x3537B3 f9=exe+0x35ECC44 f10=exe+0x3537B3 f11=exe+0x35ECC44 f12=exe+0x35ECC44 f13=exe+0x3537B3 f14=exe+0x35ECC44 f15=exe+0x310033
client level=info t=586875 ev=nettick stage=sample latch=0 callbacks=58729
client level=error t=586875 ev=assert stage=hit n=9216 repeat=9216 arg0=0 text=hitch detected: mainloop world controller state activity:in_world {{!38!}} job fiber:{{!0x00834002!}} phase:{{!-1!}} iteration:0x0 stalled 
client level=info t=588485 ev=retail site=107 text=application_state: Suspend state changed from [partial] to [active]
client level=info t=589110 ev=retail site=107 text=application_state: Suspend state changed from [active] to [partial]
client level=info t=589641 ev=nettick stage=sample latch=0 callbacks=58729
client level=error t=589641 ev=assert stage=hit n=9728 repeat=9728 arg0=0 text=hitch detected: mainloop world controller state activity:in_world {{!38!}} job fiber:{{!0x00834002!}} phase:{{!-1!}} iteration:0x0 stalled 
client level=info t=591063 ev=retail site=107 text=application_state: Suspend state changed from [partial] to [active]
client level=info t=591532 ev=retail site=107 text=application_state: Suspend state changed from [active] to [partial]
client level=info t=592422 ev=nettick stage=sample latch=0 callbacks=58729
client level=error t=592422 ev=assert stage=hit n=10240 repeat=10240 arg0=0 text=hitch detected: mainloop world controller state activity:in_world {{!38!}} job fiber:{{!0x00834002!}} phase:{{!-1!}} iteration:0x0 stalled 
client level=info t=595188 ev=nettick stage=sample latch=0 callbacks=58729
client level=error t=595188 ev=assert stage=hit n=10752 repeat=10752 arg0=0 text=hitch detected: mainloop world controller state activity:in_world {{!38!}} job fiber:{{!0x00834002!}} phase:{{!-1!}} iteration:0x0 stalled 
client level=info t=596797 ev=probe stage=hitch step=38 dur=0 gate=0 fa=0x00834000 fa_idle=1 fb=0x00834001 fb_idle=0 fc=0x00834002 fc_idle=0
client level=info t=596797 ev=probe stage=hitch set=wait idx=3 slot=3 tid=0x00004D9C kind=4 age=79991.0 desc="fiber:{{!0x00834002!}} phase:{{!-1!}} iteration:0x0"
client level=info t=596797 ev=probe stage=hitch set=ring idx=0 slot=-1 tid=0xFFFFFFFF kind=255 age=27881209856.0 desc="name: 'empty_job', owner: 'system owner'"
client level=info t=596797 ev=probe stage=hitch set=ring idx=1 slot=-1 tid=0xFFFFFFFF kind=255 age=27881209856.0 desc="name: 'empty_job', owner: 'system owner'"
client level=info t=596797 ev=probe stage=hitch set=ring idx=2 slot=-1 tid=0xFFFFFFFF kind=255 age=27881209856.0 desc="name: 'empty_job', owner: 'system owner'"
client level=info t=596797 ev=probe stage=hitch set=ring idx=3 slot=-1 tid=0xFFFFFFFF kind=255 age=27881209856.0 desc="name: 'empty_job', owner: 'system owner'"
client level=info t=596797 ev=probe stage=hitch set=ring idx=4 slot=-1 tid=0xFFFFFFFF kind=255 age=27881209856.0 desc="name: 'empty_job', owner: 'system owner'"
client level=info t=596797 ev=probe stage=hitch set=ring idx=5 slot=-1 tid=0xFFFFFFFF kind=255 age=27881209856.0 desc="name: 'empty_job', owner: 'system owner'"
client level=info t=596797 ev=probe stage=hitch set=ring idx=6 slot=-1 tid=0xFFFFFFFF kind=255 age=27881209856.0 desc="name: 'empty_job', owner: 'system owner'"
client level=info t=596797 ev=probe stage=hitch set=ring idx=7 slot=-1 tid=0xFFFFFFFF kind=255 age=27881209856.0 desc="name: 'empty_job', owner: 'system owner'"
client level=info t=596797 ev=probe stage=hitch set=ring idx=8 slot=-1 tid=0xFFFFFFFF kind=255 age=27881209856.0 desc="name: 'empty_job', owner: 'system owner'"
client level=info t=596797 ev=probe stage=hitch set=ring idx=9 slot=-1 tid=0xFFFFFFFF kind=255 age=27881209856.0 desc="name: 'empty_job', owner: 'system owner'"
client level=info t=596797 ev=probe stage=hitch set=ring idx=10 slot=-1 tid=0xFFFFFFFF kind=255 age=27881209856.0 desc="name: 'empty_job', owner: 'system owner'"
client level=info t=596797 ev=probe stage=hitch set=ring idx=11 slot=-1 tid=0xFFFFFFFF kind=255 age=27881209856.0 desc="name: 'empty_job', owner: 'system owner'"
client level=info t=596797 ev=probe stage=hitch set=ring idx=12 slot=-1 tid=0xFFFFFFFF kind=255 age=27881209856.0 desc="name: 'empty_job', owner: 'system owner'"
client level=info t=596797 ev=probe stage=hitch set=ring idx=13 slot=-1 tid=0xFFFFFFFF kind=255 age=27881209856.0 desc="name: 'empty_job', owner: 'system owner'"
client level=info t=596797 ev=probe stage=hitch set=ring idx=14 slot=-1 tid=0xFFFFFFFF kind=255 age=27881209856.0 desc="name: 'empty_job', owner: 'system owner'"
client level=info t=596797 ev=probe stage=hitch set=ring idx=15 slot=-1 tid=0xFFFFFFFF kind=255 age=27881209856.0 desc="name: 'empty_job', owner: 'system owner'"
client level=info t=596797 ev=probe stage=hitch set=stack tid=0x00004D9C rip=0x7FFD69541444 rsp=0x79DBFFE1F8 window=2048
client level=info t=596797 ev=probe stage=hitch set=frames tid=0x00004D9C f0=exe+0x20D9280 f1=exe+0x20D9280 f2=exe+0x3550FB f3=exe+0x20D9238 f4=exe+0x1DC60C8 f5=exe+0x1DC60D4 f6=exe+0x1B87974 f7=exe+0x1DC60C8
client level=info t=596797 ev=probe stage=hitch set=frames tid=0x00004D9C f8=exe+0x3537B3 f9=exe+0x35ECC44 f10=exe+0x3537B3 f11=exe+0x35ECC44 f12=exe+0x35ECC44 f13=exe+0x3537B3 f14=exe+0x35ECC44 f15=exe+0x310033
client level=info t=597953 ev=nettick stage=sample latch=0 callbacks=58729
client level=error t=597953 ev=assert stage=hit n=11264 repeat=11264 arg0=0 text=hitch detected: mainloop world controller state activity:in_world {{!38!}} job fiber:{{!0x00834002!}} phase:{{!-1!}} iteration:0x0 stalled 
client level=warn t=598360 ev=probe stage=stall result=detected idle=81313 count=58729
client level=info t=598391 ev=probe stage=stall set=stack tid=0x00004258 rip=0x7FFD69540E44 rsp=0x79D86FF708 window=2048
client level=info t=598391 ev=probe stage=stall set=frames tid=0x00004258 f0=exe+0xB54BE2 f1=exe+0x302465 f2=exe+0xB58F1F f3=exe+0x1C151D8 f4=exe+0x0 f5=exe+0xB5268C f6=exe+0x80DA9B1 f7=exe+0x48564BA
client level=info t=598391 ev=probe stage=stall set=frames tid=0x00004258 f8=exe+0x93FC7 f9=exe+0x0 f10=exe+0x1C151C8
client level=info t=598391 ev=probe stage=stall set=stack tid=0x00002678 rip=0x7FFD69544A74 rsp=0x79D97FF7B8 window=2048
client level=info t=598391 ev=probe stage=stall set=stack tid=0x00002720 rip=0x7FFD69541444 rsp=0x79D9FFEF48 window=2048
client level=info t=598391 ev=probe stage=stall set=frames tid=0x00002720 f0=exe+0x3B1A77 f1=exe+0x3AFF70 f2=exe+0x4F5C89E f3=exe+0x47DA9CB f4=exe+0x0 f5=exe+0x3FB1A5A f6=exe+0x69533FF
client level=info t=598391 ev=probe stage=stall set=stack tid=0x00003C78 rip=0x7FFD69540E44 rsp=0x79DABFFC68 window=512
client level=info t=598391 ev=probe stage=stall set=frames tid=0x00003C78 f0=exe+0x1280280 f1=exe+0x0 f2=exe+0x242CD10 f3=exe+0x1280201 f4=exe+0x3023E5 f5=exe+0x348061 f6=exe+0x7CB8EAA f7=exe+0x7039128
client level=info t=598391 ev=probe stage=stall set=frames tid=0x00003C78 f8=exe+0x128029D f9=exe+0x0 f10=exe+0x1280280 f11=exe+0x129869C
client level=info t=598391 ev=probe stage=stall set=stack tid=0x00002A04 rip=0x7FFD69541444 rsp=0x79DAFF8B28 window=2048
client level=info t=598391 ev=probe stage=stall set=frames tid=0x00002A04 f0=exe+0x1299FD0 f1=exe+0x7CB8EAA f2=exe+0x0 f3=exe+0x1299FD0 f4=exe+0x129A08B f5=exe+0x2F24088 f6=exe+0x2F240D4 f7=exe+0x2F23FB0
client level=info t=598391 ev=probe stage=stall set=stack tid=0x00001560 rip=0x7FFD69540E44 rsp=0x79DB3FFB78 window=1024
client level=info t=598391 ev=probe stage=stall set=frames tid=0x00001560 f0=exe+0x302465 f1=exe+0x31D073 f2=exe+0x31D0BA f3=exe+0x318894 f4=exe+0x20D6E38 f5=exe+0x31B241 f6=exe+0x3537B3 f7=exe+0x20D6E38
client level=info t=598391 ev=probe stage=stall set=frames tid=0x00001560 f8=exe+0x20D6E38 f9=exe+0x353874 f10=exe+0x20D6E38 f11=exe+0x20D6E5C f12=exe+0x3537D0 f13=exe+0x20D6E38
client level=info t=598391 ev=probe stage=stall set=stack tid=0x00002E84 rip=0x7FFD69540E44 rsp=0x79DB7FF878 window=1024
client level=info t=598391 ev=probe stage=stall set=frames tid=0x00002E84 f0=exe+0x2E5B380 f1=exe+0x302465 f2=exe+0x31D073 f3=exe+0x31D0BA f4=exe+0x318894 f5=exe+0x20D7A38 f6=exe+0x31B241 f7=exe+0x3537B3
client level=info t=598391 ev=probe stage=stall set=frames tid=0x00002E84 f8=exe+0x20D7A38 f9=exe+0x20D7A38 f10=exe+0x353874 f11=exe+0x20D7A38 f12=exe+0x20D7A5C f13=exe+0x3537D0 f14=exe+0x20D7A38
client level=info t=598391 ev=probe stage=stall set=stack tid=0x00002DBC rip=0x7FFD69540E44 rsp=0x79DBBFFA58 window=1024
client level=info t=598391 ev=probe stage=stall set=frames tid=0x00002DBC f0=exe+0x302465 f1=exe+0x31D073 f2=exe+0x31D0BA f3=exe+0x318894 f4=exe+0x20D8638 f5=exe+0x31B241 f6=exe+0x3537B3 f7=exe+0x20D8638
client level=info t=598391 ev=probe stage=stall set=frames tid=0x00002DBC f8=exe+0x20D8638 f9=exe+0x353874 f10=exe+0x20D8638 f11=exe+0x20D865C f12=exe+0x3537D0 f13=exe+0x20D8638
client level=info t=598391 ev=probe stage=stall set=stack tid=0x00004D9C rip=0x7FFD69541444 rsp=0x79DBFFE1F8 window=2048
client level=info t=598391 ev=probe stage=stall set=frames tid=0x00004D9C f0=exe+0x20D9280 f1=exe+0x20D9280 f2=exe+0x3550FB f3=exe+0x20D9238 f4=exe+0x1DC60C8 f5=exe+0x1DC60D4 f6=exe+0x1B87974 f7=exe+0x1DC60C8
client level=info t=598391 ev=probe stage=stall set=frames tid=0x00004D9C f8=exe+0x3537B3 f9=exe+0x35ECC44 f10=exe+0x3537B3 f11=exe+0x35ECC44 f12=exe+0x35ECC44 f13=exe+0x3537B3 f14=exe+0x35ECC44 f15=exe+0x310033
client level=info t=598391 ev=probe stage=stall set=stack tid=0x00003AB8 rip=0x7FFD69540E44 rsp=0x79DC3FF828 window=1024
client level=info t=598391 ev=probe stage=stall set=frames tid=0x00003AB8 f0=exe+0x302465 f1=exe+0x31D073 f2=exe+0x31D0BA f3=exe+0x318894 f4=exe+0x20D9E38 f5=exe+0x31B241 f6=exe+0x3537B3 f7=exe+0x20D9E38
client level=info t=598391 ev=probe stage=stall set=frames tid=0x00003AB8 f8=exe+0x20D9E38 f9=exe+0x353874 f10=exe+0x20D9E38 f11=exe+0x20D9E5C f12=exe+0x3537D0 f13=exe+0x20D9E38
client level=info t=598391 ev=probe stage=stall set=stack tid=0x00000D90 rip=0x7FFD69540E44 rsp=0x79DC7FF928 window=1024
client level=info t=598391 ev=probe stage=stall set=frames tid=0x00000D90 f0=exe+0x302465 f1=exe+0x31D073 f2=exe+0x31D0BA f3=exe+0x318894 f4=exe+0x20DAA38 f5=exe+0x31B241 f6=exe+0x3537B3 f7=exe+0x20DAA38
client level=info t=598391 ev=probe stage=stall set=frames tid=0x00000D90 f8=exe+0x20DAA38 f9=exe+0x353874 f10=exe+0x20DAA38 f11=exe+0x20DAA5C f12=exe+0x3537D0 f13=exe+0x20DAA38
client level=info t=598391 ev=probe stage=stall set=stack tid=0x000043E8 rip=0x7FFD69540E44 rsp=0x79DCBFFB48 window=1024
client level=info t=598391 ev=probe stage=stall set=frames tid=0x000043E8 f0=exe+0x302465 f1=exe+0x31D073 f2=exe+0x31D0BA f3=exe+0x318894 f4=exe+0x20EEE48 f5=exe+0x31B241 f6=exe+0x3537B3 f7=exe+0x20EEE48
client level=info t=598391 ev=probe stage=stall set=frames tid=0x000043E8 f8=exe+0x20EEE48 f9=exe+0x353874 f10=exe+0x20EEE48 f11=exe+0x20EEE6C f12=exe+0x3537D0 f13=exe+0x20EEE48
client level=info t=598391 ev=probe stage=stall set=stack tid=0x00002020 rip=0x7FFD69540E44 rsp=0x79DCFFF538 window=2048
client level=info t=598391 ev=probe stage=stall set=frames tid=0x00002020 f0=exe+0x302465 f1=exe+0x31D073 f2=exe+0x31D0BA f3=exe+0x318894 f4=exe+0x20EFA48 f5=exe+0x31B241 f6=exe+0x3537B3 f7=exe+0x20EFA48
client level=info t=598391 ev=probe stage=stall set=frames tid=0x00002020 f8=exe+0x20EFA48 f9=exe+0x353874 f10=exe+0x20EFA48 f11=exe+0x20EFA6C f12=exe+0x3537D0 f13=exe+0x20EFA48
client level=info t=598391 ev=probe stage=stall set=stack tid=0x00004830 rip=0x7FFD69541444 rsp=0x79DD3FEFE8 window=2048
client level=info t=598391 ev=probe stage=stall set=frames tid=0x00004830 f0=exe+0x1AEBDFF
client level=info t=598391 ev=probe stage=stall set=stack tid=0x000042EC rip=0x7FFD69540E44 rsp=0x79DD7FFA08 window=2048
client level=info t=598391 ev=probe stage=stall set=frames tid=0x000042EC f0=exe+0x1AE9B80
client level=info t=598391 ev=probe stage=stall set=stack tid=0x00002FBC rip=0x7FFD66761344 rsp=0x79DDBFFC48 window=2048
client level=info t=598391 ev=probe stage=stall set=frames tid=0x00002FBC f0=exe+0x2686900 f1=exe+0x2686900 f2=exe+0x3C5F69 f3=exe+0x26869E0 f4=exe+0x26869E0 f5=exe+0x3BD893 f6=exe+0x26869E0 f7=exe+0x3BDA99
client level=info t=598391 ev=probe stage=stall set=frames tid=0x00002FBC f8=exe+0x26869E0 f9=exe+0x3537B3 f10=exe+0x26869E0 f11=exe+0x353874 f12=exe+0x26869E0 f13=exe+0x2686A04 f14=exe+0x3537D0 f15=exe+0x26869E0
client level=info t=598391 ev=probe stage=stall set=stack tid=0x0000454C rip=0x7FFD66761344 rsp=0x79DDFFF7E8 window=2048
client level=info t=598391 ev=probe stage=stall set=frames tid=0x0000454C f0=exe+0x3BDA55 f1=exe+0x26869E0 f2=exe+0x26875E0 f3=exe+0x3537B3 f4=exe+0x26875E0 f5=exe+0x353874 f6=exe+0x26875E0 f7=exe+0x2687604
client level=info t=598391 ev=probe stage=stall set=frames tid=0x0000454C f8=exe+0x3537D0 f9=exe+0x26875E0
client level=info t=598391 ev=probe stage=stall set=stack tid=0x00000194 rip=0x7FFD69540EE4 rsp=0x79DE3FFC58 window=2048
client level=info t=598391 ev=probe stage=stall set=stack tid=0x00001D98 rip=0x7FFD69544A14 rsp=0x79DEBFF5E8 window=2048
client level=info t=598391 ev=probe stage=stall set=stack tid=0x00002E34 rip=0x7FFD69544A14 rsp=0x79DEFFF7B8 window=2048
client level=info t=598391 ev=probe stage=stall set=stack tid=0x00004934 rip=0x7FFD69540E44 rsp=0x79DF3FF818 window=2048
client level=info t=598391 ev=probe stage=stall set=stack tid=0x00003B04 rip=0x7FFD69540E44 rsp=0x79DE7FF698 window=2048
client level=info t=598391 ev=probe stage=stall set=stack tid=0x000033AC rip=0x7FFD69540E44 rsp=0x79DF7FF948 window=2048
client level=info t=598391 ev=probe stage=stall set=stack tid=0x000019B0 rip=0x7FFD69540E44 rsp=0x79DFBFFA48 window=2048
client level=info t=598391 ev=probe stage=stall set=stack tid=0x000045E0 rip=0x7FFD69540E44 rsp=0x79DFFFFCD8 window=2048
client level=info t=598391 ev=probe stage=stall set=stack tid=0x000019A4 rip=0x7FFD69540E44 rsp=0x79E03FF628 window=2048
client level=info t=598391 ev=probe stage=stall set=stack tid=0x000027C4 rip=0x7FFD69540E44 rsp=0x79E07FF848 window=2048
client level=info t=598391 ev=probe stage=stall set=stack tid=0x00003498 rip=0x7FFD69540E44 rsp=0x79E0BFF7E8 window=2048
client level=info t=598391 ev=probe stage=stall set=stack tid=0x00001B48 rip=0x7FFD69540E44 rsp=0x79E0FFFB08 window=2048
client level=info t=598391 ev=probe stage=stall set=stack tid=0x0000262C rip=0x7FFD69540E44 rsp=0x79E13FF6A8 window=2048
client level=info t=598391 ev=probe stage=stall set=stack tid=0x00004CB8 rip=0x7FFD69540E44 rsp=0x79E17FFC18 window=2048
client level=info t=598391 ev=probe stage=stall set=stack tid=0x00003134 rip=0x7FFD69544A14 rsp=0x79E1BFF9D8 window=2048
client level=info t=598391 ev=probe stage=stall set=stack tid=0x000042DC rip=0x7FFD69544A14 rsp=0x79E1FFF7D8 window=2048
client level=info t=598391 ev=probe stage=stall set=stack tid=0x00001F44 rip=0x7FFD69541914 rsp=0x79E27FF448 window=2048
client level=info t=598391 ev=probe stage=stall set=stack tid=0x00001988 rip=0x7FFD69540E44 rsp=0x79E2BFFC58 window=2048
client level=info t=598391 ev=probe stage=stall set=stack tid=0x00004E00 rip=0x7FFD69540E44 rsp=0x79E2FFFA88 window=2048
client level=info t=598391 ev=probe stage=stall set=stack tid=0x00000C9C rip=0x7FFD69540E44 rsp=0x79E33FFCF8 window=2048
client level=info t=598391 ev=probe stage=stall set=stack tid=0x000001E0 rip=0x7FFD69540E44 rsp=0x79E37FFB78 window=2048
client level=info t=598391 ev=probe stage=stall set=stack tid=0x00001698 rip=0x7FFD69540E44 rsp=0x79E3BFF7F8 window=2048
client level=info t=598391 ev=probe stage=stall set=stack tid=0x00002E58 rip=0x7FFD69540E44 rsp=0x79E3FFFC48 window=2048
client level=info t=598391 ev=probe stage=stall set=stack tid=0x00004DD0 rip=0x7FFD69540E44 rsp=0x79E43FF798 window=2048
client level=info t=598391 ev=probe stage=stall set=stack tid=0x00003274 rip=0x7FFD69540E44 rsp=0x79E47FF918 window=1024
client level=info t=598391 ev=probe stage=stall set=stack tid=0x00004CE0 rip=0x7FFD69541444 rsp=0x79E4BFF978 window=1024
client level=info t=598391 ev=probe stage=stall set=frames tid=0x00004CE0 f0=exe+0x26869D0 f1=exe+0x11C7C5C f2=exe+0x2E5BEC2 f3=exe+0x3537B3 f4=exe+0x2E5BE90 f5=exe+0x2E5BE90 f6=exe+0x353874 f7=exe+0x2E5BE90
client level=info t=598391 ev=probe stage=stall set=frames tid=0x00004CE0 f8=exe+0x2E5BEB4 f9=exe+0x3537D0 f10=exe+0x2E5BE90
client level=info t=598391 ev=probe stage=stall set=stack tid=0x000012A0 rip=0x7FFD69540E44 rsp=0x79E4FFFA38 window=2048
client level=info t=598391 ev=probe stage=stall set=frames tid=0x000012A0 f0=exe+0x2E79DE3 f1=exe+0x11DB4DB f2=exe+0x2E79DA0 f3=exe+0x3537B3 f4=exe+0x2E79DA0 f5=exe+0x353874 f6=exe+0x2E79DA0 f7=exe+0x2E79DC4
client level=info t=598391 ev=probe stage=stall set=frames tid=0x000012A0 f8=exe+0x3537D0 f9=exe+0x2E79DA0
client level=info t=598391 ev=probe stage=stall set=stack tid=0x00000878 rip=0x7FFD69540E44 rsp=0x79E5FFF8D8 window=2048
client level=info t=598391 ev=probe stage=stall set=stack tid=0x00003364 rip=0x7FFD69540E44 rsp=0x79E63FF6A8 window=2048
client level=info t=598391 ev=probe stage=stall set=stack tid=0x000040E0 rip=0x7FFD69540E44 rsp=0x79E67FF768 window=2048
client level=info t=598391 ev=probe stage=stall set=stack tid=0x00002F54 rip=0x7FFD69540E44 rsp=0x79E6BFF808 window=2048
client level=info t=598391 ev=probe stage=stall set=stack tid=0x00002EC8 rip=0x7FFD69540E44 rsp=0x79E6FFFCD8 window=2048
client level=info t=598391 ev=probe stage=stall set=stack tid=0x000034A4 rip=0x7FFD69540E44 rsp=0x79E73FF658 window=2048
client level=info t=598391 ev=probe stage=stall set=stack tid=0x00004684 rip=0x7FFD69540E44 rsp=0x79E77FF688 window=2048
client level=info t=598391 ev=probe stage=stall set=stack tid=0x00004E40 rip=0x7FFD69540E44 rsp=0x79E7BFF948 window=2048
client level=info t=598391 ev=probe stage=stall set=stack tid=0x00002A6C rip=0x7FFD69540E44 rsp=0x79E7FFF808 window=1024
client level=info t=598391 ev=probe stage=stall set=stack tid=0x000008BC rip=0x7FFD69540E44 rsp=0x79E83FF868 window=1024
client level=info t=598391 ev=probe stage=stall set=frames tid=0x000008BC f0=exe+0x19F8801
client level=info t=598391 ev=probe stage=stall set=stack tid=0x000031C4 rip=0x7FFD69540E44 rsp=0x79E87FFA28 window=1024
client level=info t=598391 ev=probe stage=stall set=frames tid=0x000031C4 f0=exe+0x1A07446
client level=info t=598391 ev=probe stage=stall set=stack tid=0x00002950 rip=0x7FFD69541914 rsp=0x79E8BFF408 window=2048
client level=info t=598391 ev=probe stage=stall set=frames tid=0x00002950 f0=exe+0x1A40E63 f1=exe+0x1A41E30
client level=info t=598391 ev=probe stage=stall set=stack tid=0x00004EA8 rip=0x7FFD69541914 rsp=0x79E97FF638 window=2048
client level=info t=598391 ev=probe stage=stall set=stack tid=0x000038C8 rip=0x7FFD69541914 rsp=0x79E9FFF658 window=2048
client level=info t=598391 ev=probe stage=stall set=stack tid=0x0000339C rip=0x7FFD69540E44 rsp=0x79EA3FFA98 window=1024
client level=info t=598391 ev=probe stage=stall set=frames tid=0x0000339C f0=exe+0x1A914FF f1=own+0x1499D3 f2=exe+0x39B4FB f3=exe+0x1A8222A
client level=info t=598391 ev=probe stage=stall set=stack tid=0x000048D8 rip=0x7FFD69540E44 rsp=0x79EA7FF848 window=2048
client level=info t=598391 ev=probe stage=stall set=frames tid=0x000048D8 f0=exe+0x0 f1=exe+0x1F15A90 f2=exe+0x0 f3=exe+0x30FE80 f4=exe+0x30FED2 f5=exe+0x30FE80 f6=exe+0x30FE80 f7=exe+0x129869C
client level=info t=598391 ev=probe stage=stall set=stack tid=0x000033F0 rip=0x7FFD69541914 rsp=0x79E53FEFC8 window=2048
client level=info t=598391 ev=probe stage=stall set=stack tid=0x000033B0 rip=0x7FFD69541914 rsp=0x79E23FE348 window=2048
client level=info t=598391 ev=probe stage=stall set=frames tid=0x000033B0 f0=exe+0x3E8155
client level=info t=598391 ev=probe stage=stall set=stack tid=0x00004CF0 rip=0x7FFD69541444 rsp=0x79EAFFF828 window=1024
client level=info t=598391 ev=probe stage=stall set=frames tid=0x00004CF0 f0=own+0x695B28 f1=own+0x679AE0 f2=own+0x679B28 f3=own+0x679B28 f4=own+0x679AE0 f5=own+0x1DAE8B f6=own+0x679B28 f7=own+0x679AE0
client level=info t=598391 ev=probe stage=stall set=stack tid=0x0000158C rip=0x7FFD69540EE4 rsp=0x79D8BFF938 window=1024
client level=info t=598391 ev=probe stage=stall set=stack tid=0x0000411C rip=0x7FFD69541444 rsp=0x79D8FFFA28 window=2048
client level=info t=598391 ev=probe stage=stall set=frames tid=0x0000411C f0=exe+0x30E50F0 f1=exe+0x173A58B f2=exe+0x31DA5A0 f3=exe+0x3537B3 f4=exe+0x31DA5A0 f5=exe+0x353874 f6=exe+0x31DA5A0 f7=exe+0x31DA5C4
client level=info t=598391 ev=probe stage=stall set=frames tid=0x0000411C f8=exe+0x3537D0 f9=exe+0x31DA5A0
client level=info t=598391 ev=probe stage=stall set=stack tid=0x000045A0 rip=0x7FFD69544A74 rsp=0x79D93FF978 window=2048
client level=info t=598391 ev=probe stage=stall set=stack tid=0x00003BC0 rip=0x7FFD69544A74 rsp=0x79E57FF498 window=2048
client level=info t=598391 ev=probe stage=stall set=stack tid=0x00001DF0 rip=0x7FFD69544A74 rsp=0x79D9BFFB28 window=2048
client level=info t=598391 ev=probe stage=stall set=stack tid=0x00001604 rip=0x7FFD69544A74 rsp=0x79DA3FFAF8 window=2048
client level=info t=598391 ev=probe stage=stall set=stack tid=0x00004C34 rip=0x7FFD69541914 rsp=0x79DA7FF968 window=1024
client level=info t=598391 ev=probe stage=stall set=stack tid=0x00004F1C rip=0x7FFD69544A74 rsp=0x79E5BFF4D8 window=2048
client level=info t=600750 ev=nettick stage=sample latch=0 callbacks=58729
client level=error t=600750 ev=assert stage=hit n=11776 repeat=11776 arg0=0 text=hitch detected: mainloop world controller state activity:in_world {{!38!}} job fiber:{{!0x00834002!}} phase:{{!-1!}} iteration:0x0 stalled 
client level=info t=603516 ev=nettick stage=sample latch=0 callbacks=58729
client level=error t=603516 ev=assert stage=hit n=12288 repeat=12288 arg0=0 text=hitch detected: mainloop world controller state activity:in_world {{!38!}} job fiber:{{!0x00834002!}} phase:{{!-1!}} iteration:0x0 stalled 
client level=info t=606297 ev=nettick stage=sample latch=0 callbacks=58729
client level=error t=606297 ev=assert stage=hit n=12800 repeat=12800 arg0=0 text=hitch detected: mainloop world controller state activity:in_world {{!38!}} job fiber:{{!0x00834002!}} phase:{{!-1!}} iteration:0x0 stalled 
client level=info t=606797 ev=probe stage=hitch step=38 dur=0 gate=0 fa=0x00834000 fa_idle=1 fb=0x00834001 fb_idle=0 fc=0x00834002 fc_idle=0
client level=info t=606797 ev=probe stage=hitch set=wait idx=3 slot=3 tid=0x00004D9C kind=4 age=89988.9 desc="fiber:{{!0x00834002!}} phase:{{!-1!}} iteration:0x0"
client level=info t=606797 ev=probe stage=hitch set=ring idx=0 slot=-1 tid=0xFFFFFFFF kind=255 age=27881209856.0 desc="name: 'empty_job', owner: 'system owner'"
client level=info t=606797 ev=probe stage=hitch set=ring idx=1 slot=-1 tid=0xFFFFFFFF kind=255 age=27881209856.0 desc="name: 'empty_job', owner: 'system owner'"
client level=info t=606797 ev=probe stage=hitch set=ring idx=2 slot=-1 tid=0xFFFFFFFF kind=255 age=27881209856.0 desc="name: 'empty_job', owner: 'system owner'"
client level=info t=606797 ev=probe stage=hitch set=ring idx=3 slot=-1 tid=0xFFFFFFFF kind=255 age=27881209856.0 desc="name: 'empty_job', owner: 'system owner'"
client level=info t=606797 ev=probe stage=hitch set=ring idx=4 slot=-1 tid=0xFFFFFFFF kind=255 age=27881209856.0 desc="name: 'empty_job', owner: 'system owner'"
client level=info t=606797 ev=probe stage=hitch set=ring idx=5 slot=-1 tid=0xFFFFFFFF kind=255 age=27881209856.0 desc="name: 'empty_job', owner: 'system owner'"
client level=info t=606797 ev=probe stage=hitch set=ring idx=6 slot=-1 tid=0xFFFFFFFF kind=255 age=27881209856.0 desc="name: 'empty_job', owner: 'system owner'"
client level=info t=606797 ev=probe stage=hitch set=ring idx=7 slot=-1 tid=0xFFFFFFFF kind=255 age=27881209856.0 desc="name: 'empty_job', owner: 'system owner'"
client level=info t=606797 ev=probe stage=hitch set=ring idx=8 slot=-1 tid=0xFFFFFFFF kind=255 age=27881209856.0 desc="name: 'empty_job', owner: 'system owner'"
client level=info t=606797 ev=probe stage=hitch set=ring idx=9 slot=-1 tid=0xFFFFFFFF kind=255 age=27881209856.0 desc="name: 'empty_job', owner: 'system owner'"
client level=info t=606797 ev=probe stage=hitch set=ring idx=10 slot=-1 tid=0xFFFFFFFF kind=255 age=27881209856.0 desc="name: 'empty_job', owner: 'system owner'"
client level=info t=606797 ev=probe stage=hitch set=ring idx=11 slot=-1 tid=0xFFFFFFFF kind=255 age=27881209856.0 desc="name: 'empty_job', owner: 'system owner'"
client level=info t=606797 ev=probe stage=hitch set=ring idx=12 slot=-1 tid=0xFFFFFFFF kind=255 age=27881209856.0 desc="name: 'empty_job', owner: 'system owner'"
client level=info t=606797 ev=probe stage=hitch set=ring idx=13 slot=-1 tid=0xFFFFFFFF kind=255 age=27881209856.0 desc="name: 'empty_job', owner: 'system owner'"
client level=info t=606797 ev=probe stage=hitch set=ring idx=14 slot=-1 tid=0xFFFFFFFF kind=255 age=27881209856.0 desc="name: 'empty_job', owner: 'system owner'"
client level=info t=606797 ev=probe stage=hitch set=ring idx=15 slot=-1 tid=0xFFFFFFFF kind=255 age=27881209856.0 desc="name: 'empty_job', owner: 'system owner'"
client level=info t=606797 ev=probe stage=hitch set=stack tid=0x00004D9C rip=0x7FFD69541444 rsp=0x79DBFFE1F8 window=2048
client level=info t=606797 ev=probe stage=hitch set=frames tid=0x00004D9C f0=exe+0x20D9280 f1=exe+0x20D9280 f2=exe+0x3550FB f3=exe+0x20D9238 f4=exe+0x1DC60C8 f5=exe+0x1DC60D4 f6=exe+0x1B87974 f7=exe+0x1DC60C8
client level=info t=606797 ev=probe stage=hitch set=frames tid=0x00004D9C f8=exe+0x3537B3 f9=exe+0x35ECC44 f10=exe+0x3537B3 f11=exe+0x35ECC44 f12=exe+0x35ECC44 f13=exe+0x3537B3 f14=exe+0x35ECC44 f15=exe+0x310033
client level=info t=609047 ev=nettick stage=sample latch=0 callbacks=58729
client level=error t=609047 ev=assert stage=hit n=13312 repeat=13312 arg0=0 text=hitch detected: mainloop world controller state activity:in_world {{!38!}} job fiber:{{!0x00834002!}} phase:{{!-1!}} iteration:0x0 stalled 
client level=info t=611828 ev=nettick stage=sample latch=0 callbacks=58729
client level=error t=611828 ev=assert stage=hit n=13824 repeat=13824 arg0=0 text=hitch detected: mainloop world controller state activity:in_world {{!38!}} job fiber:{{!0x00834002!}} phase:{{!-1!}} iteration:0x0 stalled 
client level=warn t=613407 ev=probe stage=stall result=detected idle=96360 count=58729
client level=info t=613422 ev=probe stage=stall set=stack tid=0x00004258 rip=0x7FFD69540E44 rsp=0x79D86FF708 window=2048
client level=info t=613422 ev=probe stage=stall set=frames tid=0x00004258 f0=exe+0xB54BE2 f1=exe+0x302465 f2=exe+0xB58F1F f3=exe+0x1C151D8 f4=exe+0x0 f5=exe+0xB5268C f6=exe+0x80DA9B1 f7=exe+0x48564BA
client level=info t=613422 ev=probe stage=stall set=frames tid=0x00004258 f8=exe+0x93FC7 f9=exe+0x0 f10=exe+0x1C151C8
client level=info t=613422 ev=probe stage=stall set=stack tid=0x00002678 rip=0x7FFD69544A74 rsp=0x79D97FF7B8 window=2048
client level=info t=613422 ev=probe stage=stall set=stack tid=0x00002720 rip=0x7FFD69541444 rsp=0x79D9FFEF48 window=2048
client level=info t=613422 ev=probe stage=stall set=frames tid=0x00002720 f0=exe+0x267D140 f1=exe+0x3B1A77 f2=exe+0x3AFF70 f3=exe+0x4F5C89E f4=exe+0x47DA9CB f5=exe+0x0 f6=exe+0x3FB1A5A f7=exe+0x69533FF
client level=info t=613422 ev=probe stage=stall set=stack tid=0x00003C78 rip=0x7FFD69540E44 rsp=0x79DABFFC68 window=512
client level=info t=613422 ev=probe stage=stall set=frames tid=0x00003C78 f0=exe+0x1280280 f1=exe+0x0 f2=exe+0x242CD10 f3=exe+0x1280201 f4=exe+0x3023E5 f5=exe+0x348061 f6=exe+0x7CB8EAA f7=exe+0x7039128
client level=info t=613422 ev=probe stage=stall set=frames tid=0x00003C78 f8=exe+0x128029D f9=exe+0x0 f10=exe+0x1280280 f11=exe+0x129869C
client level=info t=613422 ev=probe stage=stall set=stack tid=0x00002A04 rip=0x7FFD69541444 rsp=0x79DAFF8B28 window=2048
client level=info t=613422 ev=probe stage=stall set=frames tid=0x00002A04 f0=exe+0x1299FD0 f1=exe+0x7CB8EAA f2=exe+0x0 f3=exe+0x1299FD0 f4=exe+0x129A08B f5=exe+0x2F24088 f6=exe+0x2F240D4 f7=exe+0x2F23FB0
client level=info t=613422 ev=probe stage=stall set=stack tid=0x00001560 rip=0x7FFD69540E44 rsp=0x79DB3FFB78 window=1024
client level=info t=613422 ev=probe stage=stall set=frames tid=0x00001560 f0=exe+0x302465 f1=exe+0x31D073 f2=exe+0x31D0BA f3=exe+0x318894 f4=exe+0x20D6E38 f5=exe+0x31B241 f6=exe+0x3537B3 f7=exe+0x20D6E38
client level=info t=613422 ev=probe stage=stall set=frames tid=0x00001560 f8=exe+0x20D6E38 f9=exe+0x353874 f10=exe+0x20D6E38 f11=exe+0x20D6E5C f12=exe+0x3537D0 f13=exe+0x20D6E38
client level=info t=613422 ev=probe stage=stall set=stack tid=0x00002E84 rip=0x7FFD69540E44 rsp=0x79DB7FF878 window=1024
client level=info t=613422 ev=probe stage=stall set=frames tid=0x00002E84 f0=exe+0x2E5B380 f1=exe+0x302465 f2=exe+0x31D073 f3=exe+0x31D0BA f4=exe+0x318894 f5=exe+0x20D7A38 f6=exe+0x31B241 f7=exe+0x3537B3
client level=info t=613422 ev=probe stage=stall set=frames tid=0x00002E84 f8=exe+0x20D7A38 f9=exe+0x20D7A38 f10=exe+0x353874 f11=exe+0x20D7A38 f12=exe+0x20D7A5C f13=exe+0x3537D0 f14=exe+0x20D7A38
client level=info t=613422 ev=probe stage=stall set=stack tid=0x00002DBC rip=0x7FFD69540E44 rsp=0x79DBBFFA58 window=1024
client level=info t=613422 ev=probe stage=stall set=frames tid=0x00002DBC f0=exe+0x302465 f1=exe+0x31D073 f2=exe+0x31D0BA f3=exe+0x318894 f4=exe+0x20D8638 f5=exe+0x31B241 f6=exe+0x3537B3 f7=exe+0x20D8638
client level=info t=613422 ev=probe stage=stall set=frames tid=0x00002DBC f8=exe+0x20D8638 f9=exe+0x353874 f10=exe+0x20D8638 f11=exe+0x20D865C f12=exe+0x3537D0 f13=exe+0x20D8638
client level=info t=613422 ev=probe stage=stall set=stack tid=0x00004D9C rip=0x7FFD69541444 rsp=0x79DBFFE1F8 window=2048
client level=info t=613422 ev=probe stage=stall set=frames tid=0x00004D9C f0=exe+0x20D9280 f1=exe+0x20D9280 f2=exe+0x3550FB f3=exe+0x20D9238 f4=exe+0x1DC60C8 f5=exe+0x1DC60D4 f6=exe+0x1B87974 f7=exe+0x1DC60C8
client level=info t=613422 ev=probe stage=stall set=frames tid=0x00004D9C f8=exe+0x3537B3 f9=exe+0x35ECC44 f10=exe+0x3537B3 f11=exe+0x35ECC44 f12=exe+0x35ECC44 f13=exe+0x3537B3 f14=exe+0x35ECC44 f15=exe+0x310033
client level=info t=613422 ev=probe stage=stall set=stack tid=0x00003AB8 rip=0x7FFD69540E44 rsp=0x79DC3FF828 window=1024
client level=info t=613422 ev=probe stage=stall set=frames tid=0x00003AB8 f0=exe+0x302465 f1=exe+0x31D073 f2=exe+0x31D0BA f3=exe+0x318894 f4=exe+0x20D9E38 f5=exe+0x31B241 f6=exe+0x3537B3 f7=exe+0x20D9E38
client level=info t=613422 ev=probe stage=stall set=frames tid=0x00003AB8 f8=exe+0x20D9E38 f9=exe+0x353874 f10=exe+0x20D9E38 f11=exe+0x20D9E5C f12=exe+0x3537D0 f13=exe+0x20D9E38
client level=info t=613422 ev=probe stage=stall set=stack tid=0x00000D90 rip=0x7FFD69540E44 rsp=0x79DC7FF928 window=1024
client level=info t=613422 ev=probe stage=stall set=frames tid=0x00000D90 f0=exe+0x302465 f1=exe+0x31D073 f2=exe+0x31D0BA f3=exe+0x318894 f4=exe+0x20DAA38 f5=exe+0x31B241 f6=exe+0x3537B3 f7=exe+0x20DAA38
client level=info t=613422 ev=probe stage=stall set=frames tid=0x00000D90 f8=exe+0x20DAA38 f9=exe+0x353874 f10=exe+0x20DAA38 f11=exe+0x20DAA5C f12=exe+0x3537D0 f13=exe+0x20DAA38
client level=info t=613422 ev=probe stage=stall set=stack tid=0x000043E8 rip=0x7FFD69540E44 rsp=0x79DCBFFB48 window=1024
client level=info t=613422 ev=probe stage=stall set=frames tid=0x000043E8 f0=exe+0x302465 f1=exe+0x31D073 f2=exe+0x31D0BA f3=exe+0x318894 f4=exe+0x20EEE48 f5=exe+0x31B241 f6=exe+0x3537B3 f7=exe+0x20EEE48
client level=info t=613422 ev=probe stage=stall set=frames tid=0x000043E8 f8=exe+0x20EEE48 f9=exe+0x353874 f10=exe+0x20EEE48 f11=exe+0x20EEE6C f12=exe+0x3537D0 f13=exe+0x20EEE48
client level=info t=613422 ev=probe stage=stall set=stack tid=0x00002020 rip=0x7FFD69540E44 rsp=0x79DCFFF538 window=2048
client level=info t=613422 ev=probe stage=stall set=frames tid=0x00002020 f0=exe+0x302465 f1=exe+0x31D073 f2=exe+0x31D0BA f3=exe+0x318894 f4=exe+0x20EFA48 f5=exe+0x31B241 f6=exe+0x3537B3 f7=exe+0x20EFA48
client level=info t=613422 ev=probe stage=stall set=frames tid=0x00002020 f8=exe+0x20EFA48 f9=exe+0x353874 f10=exe+0x20EFA48 f11=exe+0x20EFA6C f12=exe+0x3537D0 f13=exe+0x20EFA48
client level=info t=613422 ev=probe stage=stall set=stack tid=0x00004830 rip=0x7FFD69541444 rsp=0x79DD3FEFE8 window=2048
client level=info t=613422 ev=probe stage=stall set=frames tid=0x00004830 f0=exe+0x1AEBDFF
client level=info t=613422 ev=probe stage=stall set=stack tid=0x000042EC rip=0x7FFD69540E44 rsp=0x79DD7FFA08 window=2048
client level=info t=613422 ev=probe stage=stall set=frames tid=0x000042EC f0=exe+0x1AE9B80
client level=info t=613422 ev=probe stage=stall set=stack tid=0x00002FBC rip=0x7FFD66761344 rsp=0x79DDBFFC48 window=2048
client level=info t=613422 ev=probe stage=stall set=frames tid=0x00002FBC f0=exe+0x2686900 f1=exe+0x2686900 f2=exe+0x3C5F69 f3=exe+0x26869E0 f4=exe+0x26869E0 f5=exe+0x3BD893 f6=exe+0x26869E0 f7=exe+0x3BDA99
client level=info t=613422 ev=probe stage=stall set=frames tid=0x00002FBC f8=exe+0x26869E0 f9=exe+0x3537B3 f10=exe+0x26869E0 f11=exe+0x353874 f12=exe+0x26869E0 f13=exe+0x2686A04 f14=exe+0x3537D0 f15=exe+0x26869E0
client level=info t=613422 ev=probe stage=stall set=stack tid=0x0000454C rip=0x7FFD66761344 rsp=0x79DDFFF7E8 window=2048
client level=info t=613422 ev=probe stage=stall set=frames tid=0x0000454C f0=exe+0x3BDA55 f1=exe+0x26869E0 f2=exe+0x26875E0 f3=exe+0x3537B3 f4=exe+0x26875E0 f5=exe+0x353874 f6=exe+0x26875E0 f7=exe+0x2687604
client level=info t=613422 ev=probe stage=stall set=frames tid=0x0000454C f8=exe+0x3537D0 f9=exe+0x26875E0
client level=info t=613422 ev=probe stage=stall set=stack tid=0x00000194 rip=0x7FFD69540EE4 rsp=0x79DE3FFC58 window=2048
client level=info t=613422 ev=probe stage=stall set=stack tid=0x00001D98 rip=0x7FFD69544A14 rsp=0x79DEBFF5E8 window=2048
client level=info t=613422 ev=probe stage=stall set=stack tid=0x00002E34 rip=0x7FFD69544A14 rsp=0x79DEFFF7B8 window=2048
client level=info t=613422 ev=probe stage=stall set=stack tid=0x00004934 rip=0x7FFD69540E44 rsp=0x79DF3FF818 window=2048
client level=info t=613422 ev=probe stage=stall set=stack tid=0x00003B04 rip=0x7FFD69540E44 rsp=0x79DE7FF698 window=2048
client level=info t=613422 ev=probe stage=stall set=stack tid=0x000033AC rip=0x7FFD69540E44 rsp=0x79DF7FF948 window=2048
client level=info t=613422 ev=probe stage=stall set=stack tid=0x000019B0 rip=0x7FFD69540E44 rsp=0x79DFBFFA48 window=2048
client level=info t=613422 ev=probe stage=stall set=stack tid=0x000045E0 rip=0x7FFD69540E44 rsp=0x79DFFFFCD8 window=2048
client level=info t=613422 ev=probe stage=stall set=stack tid=0x000019A4 rip=0x7FFD69540E44 rsp=0x79E03FF628 window=2048
client level=info t=613422 ev=probe stage=stall set=stack tid=0x000027C4 rip=0x7FFD69540E44 rsp=0x79E07FF848 window=2048
client level=info t=613422 ev=probe stage=stall set=stack tid=0x00003498 rip=0x7FFD69540E44 rsp=0x79E0BFF7E8 window=2048
client level=info t=613422 ev=probe stage=stall set=stack tid=0x00001B48 rip=0x7FFD69540E44 rsp=0x79E0FFFB08 window=2048
client level=info t=613422 ev=probe stage=stall set=stack tid=0x0000262C rip=0x7FFD69540E44 rsp=0x79E13FF6A8 window=2048
client level=info t=613422 ev=probe stage=stall set=stack tid=0x00004CB8 rip=0x7FFD69540E44 rsp=0x79E17FFC18 window=2048
client level=info t=613422 ev=probe stage=stall set=stack tid=0x00003134 rip=0x7FFD69544A14 rsp=0x79E1BFF9D8 window=2048
client level=info t=613422 ev=probe stage=stall set=stack tid=0x000042DC rip=0x7FFD69544A14 rsp=0x79E1FFF7D8 window=2048
client level=info t=613422 ev=probe stage=stall set=stack tid=0x00001F44 rip=0x7FFD69541914 rsp=0x79E27FF448 window=2048
client level=info t=613422 ev=probe stage=stall set=stack tid=0x00001988 rip=0x7FFD69540E44 rsp=0x79E2BFFC58 window=2048
client level=info t=613422 ev=probe stage=stall set=stack tid=0x00004E00 rip=0x7FFD69540E44 rsp=0x79E2FFFA88 window=2048
client level=info t=613422 ev=probe stage=stall set=stack tid=0x00000C9C rip=0x7FFD69540E44 rsp=0x79E33FFCF8 window=2048
client level=info t=613422 ev=probe stage=stall set=stack tid=0x000001E0 rip=0x7FFD69540E44 rsp=0x79E37FFB78 window=2048
client level=info t=613422 ev=probe stage=stall set=stack tid=0x00001698 rip=0x7FFD69540E44 rsp=0x79E3BFF7F8 window=2048
client level=info t=613422 ev=probe stage=stall set=stack tid=0x00002E58 rip=0x7FFD69540E44 rsp=0x79E3FFFC48 window=2048
client level=info t=613422 ev=probe stage=stall set=stack tid=0x00004DD0 rip=0x7FFD69540E44 rsp=0x79E43FF798 window=2048
client level=info t=613422 ev=probe stage=stall set=stack tid=0x00003274 rip=0x7FFD69540E44 rsp=0x79E47FF918 window=1024
client level=info t=613422 ev=probe stage=stall set=stack tid=0x00004CE0 rip=0x7FFD69541444 rsp=0x79E4BFF978 window=1024
client level=info t=613422 ev=probe stage=stall set=frames tid=0x00004CE0 f0=exe+0x26869D0 f1=exe+0x11C7C5C f2=exe+0x2E5BEC2 f3=exe+0x3537B3 f4=exe+0x2E5BE90 f5=exe+0x2E5BE90 f6=exe+0x353874 f7=exe+0x2E5BE90
client level=info t=613422 ev=probe stage=stall set=frames tid=0x00004CE0 f8=exe+0x2E5BEB4 f9=exe+0x3537D0 f10=exe+0x2E5BE90
client level=info t=613422 ev=probe stage=stall set=stack tid=0x000012A0 rip=0x7FFD69540E44 rsp=0x79E4FFFA38 window=2048
client level=info t=613422 ev=probe stage=stall set=frames tid=0x000012A0 f0=exe+0x2E79DE3 f1=exe+0x11DB4DB f2=exe+0x2E79DA0 f3=exe+0x3537B3 f4=exe+0x2E79DA0 f5=exe+0x353874 f6=exe+0x2E79DA0 f7=exe+0x2E79DC4
client level=info t=613422 ev=probe stage=stall set=frames tid=0x000012A0 f8=exe+0x3537D0 f9=exe+0x2E79DA0
client level=info t=613422 ev=probe stage=stall set=stack tid=0x00000878 rip=0x7FFD69540E44 rsp=0x79E5FFF8D8 window=2048
client level=info t=613422 ev=probe stage=stall set=stack tid=0x00003364 rip=0x7FFD69540E44 rsp=0x79E63FF6A8 window=2048
client level=info t=613422 ev=probe stage=stall set=stack tid=0x000040E0 rip=0x7FFD69540E44 rsp=0x79E67FF768 window=2048
client level=info t=613422 ev=probe stage=stall set=stack tid=0x00002F54 rip=0x7FFD69540E44 rsp=0x79E6BFF808 window=2048
client level=info t=613422 ev=probe stage=stall set=stack tid=0x00002EC8 rip=0x7FFD69540E44 rsp=0x79E6FFFCD8 window=2048
client level=info t=613422 ev=probe stage=stall set=stack tid=0x000034A4 rip=0x7FFD69540E44 rsp=0x79E73FF658 window=2048
client level=info t=613422 ev=probe stage=stall set=stack tid=0x00004684 rip=0x7FFD69540E44 rsp=0x79E77FF688 window=2048
client level=info t=613422 ev=probe stage=stall set=stack tid=0x00004E40 rip=0x7FFD69540E44 rsp=0x79E7BFF948 window=2048
client level=info t=613422 ev=probe stage=stall set=stack tid=0x00002A6C rip=0x7FFD69540E44 rsp=0x79E7FFF808 window=1024
client level=info t=613422 ev=probe stage=stall set=stack tid=0x000008BC rip=0x7FFD69540E44 rsp=0x79E83FF868 window=1024
client level=info t=613422 ev=probe stage=stall set=frames tid=0x000008BC f0=exe+0x19F8801
client level=info t=613422 ev=probe stage=stall set=stack tid=0x000031C4 rip=0x7FFD69540E44 rsp=0x79E87FFA28 window=1024
client level=info t=613422 ev=probe stage=stall set=frames tid=0x000031C4 f0=exe+0x1A07446
client level=info t=613422 ev=probe stage=stall set=stack tid=0x00002950 rip=0x7FFD69541914 rsp=0x79E8BFF408 window=2048
client level=info t=613422 ev=probe stage=stall set=frames tid=0x00002950 f0=exe+0x1A40E63 f1=exe+0x1A41E30
client level=info t=613422 ev=probe stage=stall set=stack tid=0x00004EA8 rip=0x7FFD69541914 rsp=0x79E97FF638 window=2048
client level=info t=613422 ev=probe stage=stall set=stack tid=0x000038C8 rip=0x7FFD69541914 rsp=0x79E9FFF658 window=2048
client level=info t=613422 ev=probe stage=stall set=stack tid=0x0000339C rip=0x7FFD69540E44 rsp=0x79EA3FFA98 window=1024
client level=info t=613422 ev=probe stage=stall set=frames tid=0x0000339C f0=exe+0x1A914FF f1=own+0x1499D3 f2=exe+0x39B4FB f3=exe+0x1A8222A
client level=info t=613422 ev=probe stage=stall set=stack tid=0x000048D8 rip=0x7FFD69540E44 rsp=0x79EA7FF848 window=2048
client level=info t=613422 ev=probe stage=stall set=frames tid=0x000048D8 f0=exe+0x0 f1=exe+0x1F15A90 f2=exe+0x0 f3=exe+0x30FE80 f4=exe+0x30FED2 f5=exe+0x30FE80 f6=exe+0x30FE80 f7=exe+0x129869C
client level=info t=613422 ev=probe stage=stall set=stack tid=0x000033F0 rip=0x7FFD69541914 rsp=0x79E53FEFC8 window=2048
client level=info t=613422 ev=probe stage=stall set=stack tid=0x000033B0 rip=0x7FFD69541914 rsp=0x79E23FE348 window=2048
client level=info t=613422 ev=probe stage=stall set=frames tid=0x000033B0 f0=exe+0x3E8155
client level=info t=613422 ev=probe stage=stall set=stack tid=0x00004CF0 rip=0x7FFD69541444 rsp=0x79EAFFF828 window=1024
client level=info t=613422 ev=probe stage=stall set=frames tid=0x00004CF0 f0=own+0x695B28 f1=own+0x679AE0 f2=own+0x679B28 f3=own+0x679B28 f4=own+0x679AE0 f5=own+0x1DAE8B f6=own+0x679B28 f7=own+0x679AE0
client level=info t=613422 ev=probe stage=stall set=stack tid=0x0000158C rip=0x7FFD69540EE4 rsp=0x79D8BFF938 window=1024
client level=info t=613422 ev=probe stage=stall set=stack tid=0x0000411C rip=0x7FFD69541444 rsp=0x79D8FFFA28 window=2048
client level=info t=613422 ev=probe stage=stall set=frames tid=0x0000411C f0=exe+0x31DA0A0 f1=exe+0x173A58B f2=exe+0x31DA5A0 f3=exe+0x3537B3 f4=exe+0x31DA5A0 f5=exe+0x353874 f6=exe+0x31DA5A0 f7=exe+0x31DA5C4
client level=info t=613422 ev=probe stage=stall set=frames tid=0x0000411C f8=exe+0x3537D0 f9=exe+0x31DA5A0
client level=info t=613422 ev=probe stage=stall set=stack tid=0x000045A0 rip=0x7FFD69544A74 rsp=0x79D93FF978 window=2048
client level=info t=613422 ev=probe stage=stall set=stack tid=0x00003BC0 rip=0x7FFD69544A74 rsp=0x79E57FF498 window=2048
client level=info t=613422 ev=probe stage=stall set=stack tid=0x00001DF0 rip=0x7FFD69544A74 rsp=0x79D9BFFB28 window=2048
client level=info t=613422 ev=probe stage=stall set=stack tid=0x00001604 rip=0x7FFD69544A74 rsp=0x79DA3FFAF8 window=2048
client level=info t=613422 ev=probe stage=stall set=stack tid=0x00004C34 rip=0x7FFD69541914 rsp=0x79DA7FF968 window=1024
client level=info t=613422 ev=probe stage=stall set=stack tid=0x00004F1C rip=0x7FFD69544A74 rsp=0x79E5BFF4D8 window=2048
client level=info t=614594 ev=nettick stage=sample latch=0 callbacks=58729
client level=error t=614594 ev=assert stage=hit n=14336 repeat=14336 arg0=0 text=hitch detected: mainloop world controller state activity:in_world {{!38!}} job fiber:{{!0x00834002!}} phase:{{!-1!}} iteration:0x0 stalled 
client level=info t=616797 ev=probe stage=hitch step=38 dur=0 gate=0 fa=0x00834000 fa_idle=1 fb=0x00834001 fb_idle=0 fc=0x00834002 fc_idle=0
client level=info t=616797 ev=probe stage=hitch set=wait idx=3 slot=3 tid=0x00004D9C kind=4 age=99986.3 desc="fiber:{{!0x00834002!}} phase:{{!-1!}} iteration:0x0"
client level=info t=616797 ev=probe stage=hitch set=ring idx=0 slot=-1 tid=0xFFFFFFFF kind=255 age=27881209856.0 desc="name: 'empty_job', owner: 'system owner'"
client level=info t=616797 ev=probe stage=hitch set=ring idx=1 slot=-1 tid=0xFFFFFFFF kind=255 age=27881209856.0 desc="name: 'empty_job', owner: 'system owner'"
client level=info t=616797 ev=probe stage=hitch set=ring idx=2 slot=-1 tid=0xFFFFFFFF kind=255 age=27881209856.0 desc="name: 'empty_job', owner: 'system owner'"
client level=info t=616797 ev=probe stage=hitch set=ring idx=3 slot=-1 tid=0xFFFFFFFF kind=255 age=27881209856.0 desc="name: 'empty_job', owner: 'system owner'"
client level=info t=616797 ev=probe stage=hitch set=ring idx=4 slot=-1 tid=0xFFFFFFFF kind=255 age=27881209856.0 desc="name: 'empty_job', owner: 'system owner'"
client level=info t=616797 ev=probe stage=hitch set=ring idx=5 slot=-1 tid=0xFFFFFFFF kind=255 age=27881209856.0 desc="name: 'empty_job', owner: 'system owner'"
client level=info t=616797 ev=probe stage=hitch set=ring idx=6 slot=-1 tid=0xFFFFFFFF kind=255 age=27881209856.0 desc="name: 'empty_job', owner: 'system owner'"
client level=info t=616797 ev=probe stage=hitch set=ring idx=7 slot=-1 tid=0xFFFFFFFF kind=255 age=27881209856.0 desc="name: 'empty_job', owner: 'system owner'"
client level=info t=616797 ev=probe stage=hitch set=ring idx=8 slot=-1 tid=0xFFFFFFFF kind=255 age=27881209856.0 desc="name: 'empty_job', owner: 'system owner'"
client level=info t=616797 ev=probe stage=hitch set=ring idx=9 slot=-1 tid=0xFFFFFFFF kind=255 age=27881209856.0 desc="name: 'empty_job', owner: 'system owner'"
client level=info t=616797 ev=probe stage=hitch set=ring idx=10 slot=-1 tid=0xFFFFFFFF kind=255 age=27881209856.0 desc="name: 'empty_job', owner: 'system owner'"
client level=info t=616797 ev=probe stage=hitch set=ring idx=11 slot=-1 tid=0xFFFFFFFF kind=255 age=27881209856.0 desc="name: 'empty_job', owner: 'system owner'"
client level=info t=616797 ev=probe stage=hitch set=ring idx=12 slot=-1 tid=0xFFFFFFFF kind=255 age=27881209856.0 desc="name: 'empty_job', owner: 'system owner'"
client level=info t=616797 ev=probe stage=hitch set=ring idx=13 slot=-1 tid=0xFFFFFFFF kind=255 age=27881209856.0 desc="name: 'empty_job', owner: 'system owner'"
client level=info t=616797 ev=probe stage=hitch set=ring idx=14 slot=-1 tid=0xFFFFFFFF kind=255 age=27881209856.0 desc="name: 'empty_job', owner: 'system owner'"
client level=info t=616797 ev=probe stage=hitch set=ring idx=15 slot=-1 tid=0xFFFFFFFF kind=255 age=27881209856.0 desc="name: 'empty_job', owner: 'system owner'"
client level=info t=616797 ev=probe stage=hitch set=stack tid=0x00004D9C rip=0x7FFD69541444 rsp=0x79DBFFE1F8 window=2048
client level=info t=616797 ev=probe stage=hitch set=frames tid=0x00004D9C f0=exe+0x20D9280 f1=exe+0x20D9280 f2=exe+0x3550FB f3=exe+0x20D9238 f4=exe+0x1DC60C8 f5=exe+0x1DC60D4 f6=exe+0x1B87974 f7=exe+0x1DC60C8
client level=info t=616797 ev=probe stage=hitch set=frames tid=0x00004D9C f8=exe+0x3537B3 f9=exe+0x35ECC44 f10=exe+0x3537B3 f11=exe+0x35ECC44 f12=exe+0x35ECC44 f13=exe+0x3537B3 f14=exe+0x35ECC44 f15=exe+0x310033
client level=info t=617360 ev=nettick stage=sample latch=0 callbacks=58729
client level=error t=617360 ev=assert stage=hit n=14848 repeat=14848 arg0=0 text=hitch detected: mainloop world controller state activity:in_world {{!38!}} job fiber:{{!0x00834002!}} phase:{{!-1!}} iteration:0x0 stalled 
client level=info t=620125 ev=nettick stage=sample latch=0 callbacks=58729
client level=error t=620125 ev=assert stage=hit n=15360 repeat=15360 arg0=0 text=hitch detected: mainloop world controller state activity:in_world {{!38!}} job fiber:{{!0x00834002!}} phase:{{!-1!}} iteration:0x0 stalled 
client level=info t=622891 ev=nettick stage=sample latch=0 callbacks=58729
client level=error t=622891 ev=assert stage=hit n=15872 repeat=15872 arg0=0 text=hitch detected: mainloop world controller state activity:in_world {{!38!}} job fiber:{{!0x00834002!}} phase:{{!-1!}} iteration:0x0 stalled 
client level=info t=625672 ev=nettick stage=sample latch=0 callbacks=58729
client level=error t=625672 ev=assert stage=hit n=16384 repeat=16384 arg0=0 text=hitch detected: mainloop world controller state activity:in_world {{!38!}} job fiber:{{!0x00834002!}} phase:{{!-1!}} iteration:0x0 stalled 
client level=info t=626797 ev=probe stage=hitch step=38 dur=0 gate=0 fa=0x00834000 fa_idle=1 fb=0x00834001 fb_idle=0 fc=0x00834002 fc_idle=0
client level=info t=626797 ev=probe stage=hitch set=wait idx=3 slot=3 tid=0x00004D9C kind=4 age=109988.6 desc="fiber:{{!0x00834002!}} phase:{{!-1!}} iteration:0x0"
client level=info t=626797 ev=probe stage=hitch set=ring idx=0 slot=-1 tid=0xFFFFFFFF kind=255 age=27881209856.0 desc="name: 'empty_job', owner: 'system owner'"
client level=info t=626797 ev=probe stage=hitch set=ring idx=1 slot=-1 tid=0xFFFFFFFF kind=255 age=27881209856.0 desc="name: 'empty_job', owner: 'system owner'"
client level=info t=626797 ev=probe stage=hitch set=ring idx=2 slot=-1 tid=0xFFFFFFFF kind=255 age=27881209856.0 desc="name: 'empty_job', owner: 'system owner'"
client level=info t=626797 ev=probe stage=hitch set=ring idx=3 slot=-1 tid=0xFFFFFFFF kind=255 age=27881209856.0 desc="name: 'empty_job', owner: 'system owner'"
client level=info t=626797 ev=probe stage=hitch set=ring idx=4 slot=-1 tid=0xFFFFFFFF kind=255 age=27881209856.0 desc="name: 'empty_job', owner: 'system owner'"
client level=info t=626797 ev=probe stage=hitch set=ring idx=5 slot=-1 tid=0xFFFFFFFF kind=255 age=27881209856.0 desc="name: 'empty_job', owner: 'system owner'"
client level=info t=626797 ev=probe stage=hitch set=ring idx=6 slot=-1 tid=0xFFFFFFFF kind=255 age=27881209856.0 desc="name: 'empty_job', owner: 'system owner'"
client level=info t=626797 ev=probe stage=hitch set=ring idx=7 slot=-1 tid=0xFFFFFFFF kind=255 age=27881209856.0 desc="name: 'empty_job', owner: 'system owner'"
client level=info t=626797 ev=probe stage=hitch set=ring idx=8 slot=-1 tid=0xFFFFFFFF kind=255 age=27881209856.0 desc="name: 'empty_job', owner: 'system owner'"
client level=info t=626797 ev=probe stage=hitch set=ring idx=9 slot=-1 tid=0xFFFFFFFF kind=255 age=27881209856.0 desc="name: 'empty_job', owner: 'system owner'"
client level=info t=626797 ev=probe stage=hitch set=ring idx=10 slot=-1 tid=0xFFFFFFFF kind=255 age=27881209856.0 desc="name: 'empty_job', owner: 'system owner'"
client level=info t=626797 ev=probe stage=hitch set=ring idx=11 slot=-1 tid=0xFFFFFFFF kind=255 age=27881209856.0 desc="name: 'empty_job', owner: 'system owner'"
client level=info t=626797 ev=probe stage=hitch set=ring idx=12 slot=-1 tid=0xFFFFFFFF kind=255 age=27881209856.0 desc="name: 'empty_job', owner: 'system owner'"
client level=info t=626797 ev=probe stage=hitch set=ring idx=13 slot=-1 tid=0xFFFFFFFF kind=255 age=27881209856.0 desc="name: 'empty_job', owner: 'system owner'"
client level=info t=626797 ev=probe stage=hitch set=ring idx=14 slot=-1 tid=0xFFFFFFFF kind=255 age=27881209856.0 desc="name: 'empty_job', owner: 'system owner'"
client level=info t=626797 ev=probe stage=hitch set=ring idx=15 slot=-1 tid=0xFFFFFFFF kind=255 age=27881209856.0 desc="name: 'empty_job', owner: 'system owner'"
client level=info t=626797 ev=probe stage=hitch set=stack tid=0x00004D9C rip=0x7FFD69541444 rsp=0x79DBFFE1F8 window=2048
client level=info t=626797 ev=probe stage=hitch set=frames tid=0x00004D9C f0=exe+0x20D9280 f1=exe+0x20D9280 f2=exe+0x3550FB f3=exe+0x20D9238 f4=exe+0x1DC60C8 f5=exe+0x1DC60D4 f6=exe+0x1B87974 f7=exe+0x1DC60C8
client level=info t=626797 ev=probe stage=hitch set=frames tid=0x00004D9C f8=exe+0x3537B3 f9=exe+0x35ECC44 f10=exe+0x3537B3 f11=exe+0x35ECC44 f12=exe+0x35ECC44 f13=exe+0x3537B3 f14=exe+0x35ECC44 f15=exe+0x310033
client level=warn t=628438 ev=probe stage=stall result=detected idle=111391 count=58729
client level=info t=628438 ev=nettick stage=sample latch=0 callbacks=58729
client level=error t=628438 ev=assert stage=hit n=16896 repeat=16896 arg0=0 text=hitch detected: mainloop world controller state activity:in_world {{!38!}} job fiber:{{!0x00834002!}} phase:{{!-1!}} iteration:0x0 stalled 
client level=info t=628453 ev=probe stage=stall set=stack tid=0x00004258 rip=0x7FFD69540E44 rsp=0x79D86FF708 window=2048
client level=info t=628453 ev=probe stage=stall set=frames tid=0x00004258 f0=exe+0xB54BE2 f1=exe+0x302465 f2=exe+0xB58F1F f3=exe+0x1C151D8 f4=exe+0x0 f5=exe+0xB5268C f6=exe+0x80DA9B1 f7=exe+0x48564BA
client level=info t=628453 ev=probe stage=stall set=frames tid=0x00004258 f8=exe+0x93FC7 f9=exe+0x0 f10=exe+0x1C151C8
client level=info t=628453 ev=probe stage=stall set=stack tid=0x00002678 rip=0x7FFD69544A74 rsp=0x79D97FF7B8 window=2048
client level=info t=628453 ev=probe stage=stall set=stack tid=0x00002720 rip=0x7FFD69541444 rsp=0x79D9FFEF48 window=2048
client level=info t=628453 ev=probe stage=stall set=frames tid=0x00002720 f0=exe+0x3B1A77 f1=exe+0x3AFF70 f2=exe+0x4F5C89E f3=exe+0x47DA9CB f4=exe+0x0 f5=exe+0x3FB1A5A f6=exe+0x69533FF
client level=info t=628453 ev=probe stage=stall set=stack tid=0x00003C78 rip=0x7FFD69540E44 rsp=0x79DABFFC68 window=512
client level=info t=628453 ev=probe stage=stall set=frames tid=0x00003C78 f0=exe+0x1280280 f1=exe+0x0 f2=exe+0x242CD10 f3=exe+0x1280201 f4=exe+0x3023E5 f5=exe+0x348061 f6=exe+0x7CB8EAA f7=exe+0x7039128
client level=info t=628453 ev=probe stage=stall set=frames tid=0x00003C78 f8=exe+0x128029D f9=exe+0x0 f10=exe+0x1280280 f11=exe+0x129869C
client level=info t=628453 ev=probe stage=stall set=stack tid=0x00002A04 rip=0x7FFD69541444 rsp=0x79DAFF8B28 window=2048
client level=info t=628453 ev=probe stage=stall set=frames tid=0x00002A04 f0=exe+0x1299FD0 f1=exe+0x7CB8EAA f2=exe+0x0 f3=exe+0x1299FD0 f4=exe+0x129A08B f5=exe+0x2F24088 f6=exe+0x2F240D4 f7=exe+0x2F23FB0
client level=info t=628453 ev=probe stage=stall set=stack tid=0x00001560 rip=0x7FFD69540E44 rsp=0x79DB3FFB78 window=1024
client level=info t=628453 ev=probe stage=stall set=frames tid=0x00001560 f0=exe+0x302465 f1=exe+0x31D073 f2=exe+0x31D0BA f3=exe+0x318894 f4=exe+0x20D6E38 f5=exe+0x31B241 f6=exe+0x3537B3 f7=exe+0x20D6E38
client level=info t=628453 ev=probe stage=stall set=frames tid=0x00001560 f8=exe+0x20D6E38 f9=exe+0x353874 f10=exe+0x20D6E38 f11=exe+0x20D6E5C f12=exe+0x3537D0 f13=exe+0x20D6E38
client level=info t=628453 ev=probe stage=stall set=stack tid=0x00002E84 rip=0x7FFD69540E44 rsp=0x79DB7FF878 window=1024
client level=info t=628453 ev=probe stage=stall set=frames tid=0x00002E84 f0=exe+0x2E5B380 f1=exe+0x302465 f2=exe+0x31D073 f3=exe+0x31D0BA f4=exe+0x318894 f5=exe+0x20D7A38 f6=exe+0x31B241 f7=exe+0x3537B3
client level=info t=628453 ev=probe stage=stall set=frames tid=0x00002E84 f8=exe+0x20D7A38 f9=exe+0x20D7A38 f10=exe+0x353874 f11=exe+0x20D7A38 f12=exe+0x20D7A5C f13=exe+0x3537D0 f14=exe+0x20D7A38
client level=info t=628453 ev=probe stage=stall set=stack tid=0x00002DBC rip=0x7FFD69540E44 rsp=0x79DBBFFA58 window=1024
client level=info t=628453 ev=probe stage=stall set=frames tid=0x00002DBC f0=exe+0x302465 f1=exe+0x31D073 f2=exe+0x31D0BA f3=exe+0x318894 f4=exe+0x20D8638 f5=exe+0x31B241 f6=exe+0x3537B3 f7=exe+0x20D8638
client level=info t=628453 ev=probe stage=stall set=frames tid=0x00002DBC f8=exe+0x20D8638 f9=exe+0x353874 f10=exe+0x20D8638 f11=exe+0x20D865C f12=exe+0x3537D0 f13=exe+0x20D8638
client level=info t=628453 ev=probe stage=stall set=stack tid=0x00004D9C rip=0x7FFD69541444 rsp=0x79DBFFE1F8 window=2048
client level=info t=628453 ev=probe stage=stall set=frames tid=0x00004D9C f0=exe+0x20D9280 f1=exe+0x20D9280 f2=exe+0x3550FB f3=exe+0x20D9238 f4=exe+0x1DC60C8 f5=exe+0x1DC60D4 f6=exe+0x1B87974 f7=exe+0x1DC60C8
client level=info t=628453 ev=probe stage=stall set=frames tid=0x00004D9C f8=exe+0x3537B3 f9=exe+0x35ECC44 f10=exe+0x3537B3 f11=exe+0x35ECC44 f12=exe+0x35ECC44 f13=exe+0x3537B3 f14=exe+0x35ECC44 f15=exe+0x310033
client level=info t=628453 ev=probe stage=stall set=stack tid=0x00003AB8 rip=0x7FFD69540E44 rsp=0x79DC3FF828 window=1024
client level=info t=628453 ev=probe stage=stall set=frames tid=0x00003AB8 f0=exe+0x302465 f1=exe+0x31D073 f2=exe+0x31D0BA f3=exe+0x318894 f4=exe+0x20D9E38 f5=exe+0x31B241 f6=exe+0x3537B3 f7=exe+0x20D9E38
client level=info t=628453 ev=probe stage=stall set=frames tid=0x00003AB8 f8=exe+0x20D9E38 f9=exe+0x353874 f10=exe+0x20D9E38 f11=exe+0x20D9E5C f12=exe+0x3537D0 f13=exe+0x20D9E38
client level=info t=628453 ev=probe stage=stall set=stack tid=0x00000D90 rip=0x7FFD69540E44 rsp=0x79DC7FF928 window=1024
client level=info t=628453 ev=probe stage=stall set=frames tid=0x00000D90 f0=exe+0x302465 f1=exe+0x31D073 f2=exe+0x31D0BA f3=exe+0x318894 f4=exe+0x20DAA38 f5=exe+0x31B241 f6=exe+0x3537B3 f7=exe+0x20DAA38
client level=info t=628453 ev=probe stage=stall set=frames tid=0x00000D90 f8=exe+0x20DAA38 f9=exe+0x353874 f10=exe+0x20DAA38 f11=exe+0x20DAA5C f12=exe+0x3537D0 f13=exe+0x20DAA38
client level=info t=628453 ev=probe stage=stall set=stack tid=0x000043E8 rip=0x7FFD69540E44 rsp=0x79DCBFFB48 window=1024
client level=info t=628453 ev=probe stage=stall set=frames tid=0x000043E8 f0=exe+0x302465 f1=exe+0x31D073 f2=exe+0x31D0BA f3=exe+0x318894 f4=exe+0x20EEE48 f5=exe+0x31B241 f6=exe+0x3537B3 f7=exe+0x20EEE48
client level=info t=628453 ev=probe stage=stall set=frames tid=0x000043E8 f8=exe+0x20EEE48 f9=exe+0x353874 f10=exe+0x20EEE48 f11=exe+0x20EEE6C f12=exe+0x3537D0 f13=exe+0x20EEE48
client level=info t=628453 ev=probe stage=stall set=stack tid=0x00002020 rip=0x7FFD69540E44 rsp=0x79DCFFF538 window=2048
client level=info t=628453 ev=probe stage=stall set=frames tid=0x00002020 f0=exe+0x302465 f1=exe+0x31D073 f2=exe+0x31D0BA f3=exe+0x318894 f4=exe+0x20EFA48 f5=exe+0x31B241 f6=exe+0x3537B3 f7=exe+0x20EFA48
client level=info t=628453 ev=probe stage=stall set=frames tid=0x00002020 f8=exe+0x20EFA48 f9=exe+0x353874 f10=exe+0x20EFA48 f11=exe+0x20EFA6C f12=exe+0x3537D0 f13=exe+0x20EFA48
client level=info t=628453 ev=probe stage=stall set=stack tid=0x00004830 rip=0x7FFD69541444 rsp=0x79DD3FEFE8 window=2048
client level=info t=628453 ev=probe stage=stall set=frames tid=0x00004830 f0=exe+0x1AEBDFF
client level=info t=628453 ev=probe stage=stall set=stack tid=0x000042EC rip=0x7FFD69540E44 rsp=0x79DD7FFA08 window=2048
client level=info t=628453 ev=probe stage=stall set=frames tid=0x000042EC f0=exe+0x1AE9B80
client level=info t=628453 ev=probe stage=stall set=stack tid=0x00002FBC rip=0x7FFD66761344 rsp=0x79DDBFFC48 window=2048
client level=info t=628453 ev=probe stage=stall set=frames tid=0x00002FBC f0=exe+0x2686900 f1=exe+0x2686900 f2=exe+0x3C5F69 f3=exe+0x26869E0 f4=exe+0x26869E0 f5=exe+0x3BD893 f6=exe+0x26869E0 f7=exe+0x3BDA99
client level=info t=628453 ev=probe stage=stall set=frames tid=0x00002FBC f8=exe+0x26869E0 f9=exe+0x3537B3 f10=exe+0x26869E0 f11=exe+0x353874 f12=exe+0x26869E0 f13=exe+0x2686A04 f14=exe+0x3537D0 f15=exe+0x26869E0
client level=info t=628453 ev=probe stage=stall set=stack tid=0x0000454C rip=0x7FFD66761344 rsp=0x79DDFFF7E8 window=2048
client level=info t=628453 ev=probe stage=stall set=frames tid=0x0000454C f0=exe+0x3BDA55 f1=exe+0x26869E0 f2=exe+0x26875E0 f3=exe+0x3537B3 f4=exe+0x26875E0 f5=exe+0x353874 f6=exe+0x26875E0 f7=exe+0x2687604
client level=info t=628453 ev=probe stage=stall set=frames tid=0x0000454C f8=exe+0x3537D0 f9=exe+0x26875E0
client level=info t=628453 ev=probe stage=stall set=stack tid=0x00000194 rip=0x7FFD69540EE4 rsp=0x79DE3FFC58 window=2048
client level=info t=628453 ev=probe stage=stall set=stack tid=0x00001D98 rip=0x7FFD69544A14 rsp=0x79DEBFF5E8 window=2048
client level=info t=628453 ev=probe stage=stall set=stack tid=0x00002E34 rip=0x7FFD69544A14 rsp=0x79DEFFF7B8 window=2048
client level=info t=628453 ev=probe stage=stall set=stack tid=0x00004934 rip=0x7FFD69540E44 rsp=0x79DF3FF818 window=2048
client level=info t=628453 ev=probe stage=stall set=stack tid=0x00003B04 rip=0x7FFD69540E44 rsp=0x79DE7FF698 window=2048
client level=info t=628453 ev=probe stage=stall set=stack tid=0x000033AC rip=0x7FFD69540E44 rsp=0x79DF7FF948 window=2048
client level=info t=628453 ev=probe stage=stall set=stack tid=0x000019B0 rip=0x7FFD69540E44 rsp=0x79DFBFFA48 window=2048
client level=info t=628453 ev=probe stage=stall set=stack tid=0x000045E0 rip=0x7FFD69540E44 rsp=0x79DFFFFCD8 window=2048
client level=info t=628453 ev=probe stage=stall set=stack tid=0x000019A4 rip=0x7FFD69540E44 rsp=0x79E03FF628 window=2048
client level=info t=628453 ev=probe stage=stall set=stack tid=0x000027C4 rip=0x7FFD69540E44 rsp=0x79E07FF848 window=2048
client level=info t=628453 ev=probe stage=stall set=stack tid=0x00003498 rip=0x7FFD69540E44 rsp=0x79E0BFF7E8 window=2048
client level=info t=628453 ev=probe stage=stall set=stack tid=0x00001B48 rip=0x7FFD69540E44 rsp=0x79E0FFFB08 window=2048
client level=info t=628453 ev=probe stage=stall set=stack tid=0x0000262C rip=0x7FFD69540E44 rsp=0x79E13FF6A8 window=2048
client level=info t=628453 ev=probe stage=stall set=stack tid=0x00004CB8 rip=0x7FFD69540E44 rsp=0x79E17FFC18 window=2048
client level=info t=628453 ev=probe stage=stall set=stack tid=0x00003134 rip=0x7FFD69544A14 rsp=0x79E1BFF9D8 window=2048
client level=info t=628453 ev=probe stage=stall set=stack tid=0x000042DC rip=0x7FFD69544A14 rsp=0x79E1FFF7D8 window=2048
client level=info t=628453 ev=probe stage=stall set=stack tid=0x00001F44 rip=0x7FFD69541914 rsp=0x79E27FF448 window=2048
client level=info t=628453 ev=probe stage=stall set=stack tid=0x00001988 rip=0x7FFD69540E44 rsp=0x79E2BFFC58 window=2048
client level=info t=628453 ev=probe stage=stall set=stack tid=0x00004E00 rip=0x7FFD69540E44 rsp=0x79E2FFFA88 window=2048
client level=info t=628453 ev=probe stage=stall set=stack tid=0x00000C9C rip=0x7FFD69540E44 rsp=0x79E33FFCF8 window=2048
client level=info t=628453 ev=probe stage=stall set=stack tid=0x000001E0 rip=0x7FFD69540E44 rsp=0x79E37FFB78 window=2048
client level=info t=628453 ev=probe stage=stall set=stack tid=0x00001698 rip=0x7FFD69540E44 rsp=0x79E3BFF7F8 window=2048
client level=info t=628453 ev=probe stage=stall set=stack tid=0x00002E58 rip=0x7FFD69540E44 rsp=0x79E3FFFC48 window=2048
client level=info t=628453 ev=probe stage=stall set=stack tid=0x00004DD0 rip=0x7FFD69540E44 rsp=0x79E43FF798 window=2048
client level=info t=628453 ev=probe stage=stall set=stack tid=0x00003274 rip=0x7FFD69540E44 rsp=0x79E47FF918 window=1024
client level=info t=628453 ev=probe stage=stall set=stack tid=0x00004CE0 rip=0x7FFD69541444 rsp=0x79E4BFF978 window=1024
client level=info t=628453 ev=probe stage=stall set=frames tid=0x00004CE0 f0=exe+0x26869D0 f1=exe+0x11C7C5C f2=exe+0x2E5BEC2 f3=exe+0x3537B3 f4=exe+0x2E5BE90 f5=exe+0x2E5BE90 f6=exe+0x353874 f7=exe+0x2E5BE90
client level=info t=628453 ev=probe stage=stall set=frames tid=0x00004CE0 f8=exe+0x2E5BEB4 f9=exe+0x3537D0 f10=exe+0x2E5BE90
client level=info t=628453 ev=probe stage=stall set=stack tid=0x000012A0 rip=0x7FFD69540E44 rsp=0x79E4FFFA38 window=2048
client level=info t=628453 ev=probe stage=stall set=frames tid=0x000012A0 f0=exe+0x2E79DE3 f1=exe+0x11DB4DB f2=exe+0x2E79DA0 f3=exe+0x3537B3 f4=exe+0x2E79DA0 f5=exe+0x353874 f6=exe+0x2E79DA0 f7=exe+0x2E79DC4
client level=info t=628453 ev=probe stage=stall set=frames tid=0x000012A0 f8=exe+0x3537D0 f9=exe+0x2E79DA0
client level=info t=628453 ev=probe stage=stall set=stack tid=0x00000878 rip=0x7FFD69540E44 rsp=0x79E5FFF8D8 window=2048
client level=info t=628453 ev=probe stage=stall set=stack tid=0x00003364 rip=0x7FFD69540E44 rsp=0x79E63FF6A8 window=2048
client level=info t=628453 ev=probe stage=stall set=stack tid=0x000040E0 rip=0x7FFD69540E44 rsp=0x79E67FF768 window=2048
client level=info t=628453 ev=probe stage=stall set=stack tid=0x00002F54 rip=0x7FFD69540E44 rsp=0x79E6BFF808 window=2048
client level=info t=628453 ev=probe stage=stall set=stack tid=0x00002EC8 rip=0x7FFD69540E44 rsp=0x79E6FFFCD8 window=2048
client level=info t=628453 ev=probe stage=stall set=stack tid=0x000034A4 rip=0x7FFD69540E44 rsp=0x79E73FF658 window=2048
client level=info t=628453 ev=probe stage=stall set=stack tid=0x00004684 rip=0x7FFD69540E44 rsp=0x79E77FF688 window=2048
client level=info t=628453 ev=probe stage=stall set=stack tid=0x00004E40 rip=0x7FFD69540E44 rsp=0x79E7BFF948 window=2048
client level=info t=628453 ev=probe stage=stall set=stack tid=0x00002A6C rip=0x7FFD69540E44 rsp=0x79E7FFF808 window=1024
client level=info t=628453 ev=probe stage=stall set=stack tid=0x000008BC rip=0x7FFD69540E44 rsp=0x79E83FF868 window=1024
client level=info t=628453 ev=probe stage=stall set=frames tid=0x000008BC f0=exe+0x19F8801
client level=info t=628453 ev=probe stage=stall set=stack tid=0x000031C4 rip=0x7FFD69540E44 rsp=0x79E87FFA28 window=1024
client level=info t=628453 ev=probe stage=stall set=frames tid=0x000031C4 f0=exe+0x1A07446
client level=info t=628453 ev=probe stage=stall set=stack tid=0x00002950 rip=0x7FFD69541914 rsp=0x79E8BFF408 window=2048
client level=info t=628453 ev=probe stage=stall set=frames tid=0x00002950 f0=exe+0x1A40E63 f1=exe+0x1A41E30
client level=info t=628453 ev=probe stage=stall set=stack tid=0x00004EA8 rip=0x7FFD69541914 rsp=0x79E97FF638 window=2048
client level=info t=628453 ev=probe stage=stall set=stack tid=0x000038C8 rip=0x7FFD69541914 rsp=0x79E9FFF658 window=2048
client level=info t=628453 ev=probe stage=stall set=stack tid=0x0000339C rip=0x7FFD69540E44 rsp=0x79EA3FFA98 window=1024
client level=info t=628453 ev=probe stage=stall set=frames tid=0x0000339C f0=exe+0x1A914FF f1=own+0x1499D3 f2=exe+0x39B4FB f3=exe+0x1A8222A
client level=info t=628453 ev=probe stage=stall set=stack tid=0x000048D8 rip=0x7FFD69540E44 rsp=0x79EA7FF848 window=2048
client level=info t=628453 ev=probe stage=stall set=frames tid=0x000048D8 f0=exe+0x0 f1=exe+0x1F15A90 f2=exe+0x0 f3=exe+0x30FE80 f4=exe+0x30FED2 f5=exe+0x30FE80 f6=exe+0x30FE80 f7=exe+0x129869C
client level=info t=628453 ev=probe stage=stall set=stack tid=0x000033F0 rip=0x7FFD69541914 rsp=0x79E53FEFC8 window=2048
client level=info t=628453 ev=probe stage=stall set=stack tid=0x000033B0 rip=0x7FFD69541914 rsp=0x79E23FE348 window=2048
client level=info t=628453 ev=probe stage=stall set=frames tid=0x000033B0 f0=exe+0x3E8155
client level=info t=628453 ev=probe stage=stall set=stack tid=0x00004CF0 rip=0x7FFD69541444 rsp=0x79EAFFF828 window=1024
client level=info t=628453 ev=probe stage=stall set=frames tid=0x00004CF0 f0=own+0x695B28 f1=own+0x679AE0 f2=own+0x679B28 f3=own+0x679B28 f4=own+0x679AE0 f5=own+0x1DAE8B f6=own+0x679B28 f7=own+0x679AE0
client level=info t=628453 ev=probe stage=stall set=stack tid=0x0000158C rip=0x7FFD69540EE4 rsp=0x79D8BFF938 window=1024
client level=info t=628453 ev=probe stage=stall set=stack tid=0x0000411C rip=0x7FFD69541444 rsp=0x79D8FFFA28 window=2048
client level=info t=628453 ev=probe stage=stall set=frames tid=0x0000411C f0=exe+0x31DA0A0 f1=exe+0x173A58B f2=exe+0x31DA5A0 f3=exe+0x3537B3 f4=exe+0x31DA5A0 f5=exe+0x353874 f6=exe+0x31DA5A0 f7=exe+0x31DA5C4
client level=info t=628453 ev=probe stage=stall set=frames tid=0x0000411C f8=exe+0x3537D0 f9=exe+0x31DA5A0
client level=info t=628453 ev=probe stage=stall set=stack tid=0x000045A0 rip=0x7FFD69544A74 rsp=0x79D93FF978 window=2048
client level=info t=628453 ev=probe stage=stall set=stack tid=0x00003BC0 rip=0x7FFD69544A74 rsp=0x79E57FF498 window=2048
client level=info t=628453 ev=probe stage=stall set=stack tid=0x00001DF0 rip=0x7FFD69544A74 rsp=0x79D9BFFB28 window=2048
client level=info t=628453 ev=probe stage=stall set=stack tid=0x00001604 rip=0x7FFD69544A74 rsp=0x79DA3FFAF8 window=2048
client level=info t=628453 ev=probe stage=stall set=stack tid=0x00004C34 rip=0x7FFD69541914 rsp=0x79DA7FF968 window=1024
client level=info t=628453 ev=probe stage=stall set=stack tid=0x00004F1C rip=0x7FFD69544A74 rsp=0x79E5BFF4D8 window=2048
client level=info t=631219 ev=nettick stage=sample latch=0 callbacks=58729
client level=error t=631219 ev=assert stage=hit n=17408 repeat=17408 arg0=0 text=hitch detected: mainloop world controller state activity:in_world {{!38!}} job fiber:{{!0x00834002!}} phase:{{!-1!}} iteration:0x0 stalled 
client level=info t=633985 ev=nettick stage=sample latch=0 callbacks=58729
client level=error t=633985 ev=assert stage=hit n=17920 repeat=17920 arg0=0 text=hitch detected: mainloop world controller state activity:in_world {{!38!}} job fiber:{{!0x00834002!}} phase:{{!-1!}} iteration:0x0 stalled 
client level=info t=636750 ev=nettick stage=sample latch=0 callbacks=58729
client level=error t=636750 ev=assert stage=hit n=18432 repeat=18432 arg0=0 text=hitch detected: mainloop world controller state activity:in_world {{!38!}} job fiber:{{!0x00834002!}} phase:{{!-1!}} iteration:0x0 stalled 
client level=info t=636797 ev=probe stage=hitch step=38 dur=0 gate=0 fa=0x00834000 fa_idle=1 fb=0x00834001 fb_idle=0 fc=0x00834002 fc_idle=0
client level=info t=636797 ev=probe stage=hitch set=wait idx=3 slot=3 tid=0x00004D9C kind=4 age=119986.7 desc="fiber:{{!0x00834002!}} phase:{{!-1!}} iteration:0x0"
client level=info t=636797 ev=probe stage=hitch set=ring idx=0 slot=-1 tid=0xFFFFFFFF kind=255 age=27881209856.0 desc="name: 'empty_job', owner: 'system owner'"
client level=info t=636797 ev=probe stage=hitch set=ring idx=1 slot=-1 tid=0xFFFFFFFF kind=255 age=27881209856.0 desc="name: 'empty_job', owner: 'system owner'"
client level=info t=636797 ev=probe stage=hitch set=ring idx=2 slot=-1 tid=0xFFFFFFFF kind=255 age=27881209856.0 desc="name: 'empty_job', owner: 'system owner'"
client level=info t=636797 ev=probe stage=hitch set=ring idx=3 slot=-1 tid=0xFFFFFFFF kind=255 age=27881209856.0 desc="name: 'empty_job', owner: 'system owner'"
client level=info t=636797 ev=probe stage=hitch set=ring idx=4 slot=-1 tid=0xFFFFFFFF kind=255 age=27881209856.0 desc="name: 'empty_job', owner: 'system owner'"
client level=info t=636797 ev=probe stage=hitch set=ring idx=5 slot=-1 tid=0xFFFFFFFF kind=255 age=27881209856.0 desc="name: 'empty_job', owner: 'system owner'"
client level=info t=636797 ev=probe stage=hitch set=ring idx=6 slot=-1 tid=0xFFFFFFFF kind=255 age=27881209856.0 desc="name: 'empty_job', owner: 'system owner'"
client level=info t=636797 ev=probe stage=hitch set=ring idx=7 slot=-1 tid=0xFFFFFFFF kind=255 age=27881209856.0 desc="name: 'empty_job', owner: 'system owner'"
client level=info t=636797 ev=probe stage=hitch set=ring idx=8 slot=-1 tid=0xFFFFFFFF kind=255 age=27881209856.0 desc="name: 'empty_job', owner: 'system owner'"
client level=info t=636797 ev=probe stage=hitch set=ring idx=9 slot=-1 tid=0xFFFFFFFF kind=255 age=27881209856.0 desc="name: 'empty_job', owner: 'system owner'"
client level=info t=636797 ev=probe stage=hitch set=ring idx=10 slot=-1 tid=0xFFFFFFFF kind=255 age=27881209856.0 desc="name: 'empty_job', owner: 'system owner'"
client level=info t=636797 ev=probe stage=hitch set=ring idx=11 slot=-1 tid=0xFFFFFFFF kind=255 age=27881209856.0 desc="name: 'empty_job', owner: 'system owner'"
client level=info t=636797 ev=probe stage=hitch set=ring idx=12 slot=-1 tid=0xFFFFFFFF kind=255 age=27881209856.0 desc="name: 'empty_job', owner: 'system owner'"
client level=info t=636797 ev=probe stage=hitch set=ring idx=13 slot=-1 tid=0xFFFFFFFF kind=255 age=27881209856.0 desc="name: 'empty_job', owner: 'system owner'"
client level=info t=636797 ev=probe stage=hitch set=ring idx=14 slot=-1 tid=0xFFFFFFFF kind=255 age=27881209856.0 desc="name: 'empty_job', owner: 'system owner'"
client level=info t=636797 ev=probe stage=hitch set=ring idx=15 slot=-1 tid=0xFFFFFFFF kind=255 age=27881209856.0 desc="name: 'empty_job', owner: 'system owner'"
client level=info t=636797 ev=probe stage=hitch set=stack tid=0x00004D9C rip=0x7FFD69541444 rsp=0x79DBFFE1F8 window=2048
client level=info t=636797 ev=probe stage=hitch set=frames tid=0x00004D9C f0=exe+0x20D9280 f1=exe+0x20D9280 f2=exe+0x3550FB f3=exe+0x20D9238 f4=exe+0x1DC60C8 f5=exe+0x1DC60D4 f6=exe+0x1B87974 f7=exe+0x1DC60C8
client level=info t=636797 ev=probe stage=hitch set=frames tid=0x00004D9C f8=exe+0x3537B3 f9=exe+0x35ECC44 f10=exe+0x3537B3 f11=exe+0x35ECC44 f12=exe+0x35ECC44 f13=exe+0x3537B3 f14=exe+0x35ECC44 f15=exe+0x310033
client level=info t=638985 ev=retail site=107 text=application_state: Suspend state changed from [partial] to [active]
client level=info t=639532 ev=nettick stage=sample latch=0 callbacks=58729
client level=error t=639532 ev=assert stage=hit n=18944 repeat=18944 arg0=0 text=hitch detected: mainloop world controller state activity:in_world {{!38!}} job fiber:{{!0x00834002!}} phase:{{!-1!}} iteration:0x0 stalled 
client level=info t=639766 ev=retail site=107 text=application_state: Suspend state changed from [active] to [partial]
client level=info t=640422 ev=retail site=107 text=application_state: Suspend state changed from [partial] to [active]
client level=info t=640547 ev=retail site=107 text=application_state: Suspend state changed from [active] to [partial]
client level=info t=642297 ev=nettick stage=sample latch=0 callbacks=58729
client level=error t=642297 ev=assert stage=hit n=19456 repeat=19456 arg0=0 text=hitch detected: mainloop world controller state activity:in_world {{!38!}} job fiber:{{!0x00834002!}} phase:{{!-1!}} iteration:0x0 stalled 
client level=info t=645047 ev=nettick stage=sample latch=0 callbacks=58729
client level=error t=645047 ev=assert stage=hit n=19968 repeat=19968 arg0=0 text=hitch detected: mainloop world controller state activity:in_world {{!38!}} job fiber:{{!0x00834002!}} phase:{{!-1!}} iteration:0x0 stalled 
client level=info t=646797 ev=probe stage=hitch step=38 dur=0 gate=0 fa=0x00834000 fa_idle=1 fb=0x00834001 fb_idle=0 fc=0x00834002 fc_idle=0
client level=info t=646797 ev=probe stage=hitch set=wait idx=3 slot=3 tid=0x00004D9C kind=4 age=129990.2 desc="fiber:{{!0x00834002!}} phase:{{!-1!}} iteration:0x0"
client level=info t=646797 ev=probe stage=hitch set=ring idx=0 slot=-1 tid=0xFFFFFFFF kind=255 age=27881209856.0 desc="name: 'empty_job', owner: 'system owner'"
client level=info t=646797 ev=probe stage=hitch set=ring idx=1 slot=-1 tid=0xFFFFFFFF kind=255 age=27881209856.0 desc="name: 'empty_job', owner: 'system owner'"
client level=info t=646797 ev=probe stage=hitch set=ring idx=2 slot=-1 tid=0xFFFFFFFF kind=255 age=27881209856.0 desc="name: 'empty_job', owner: 'system owner'"
client level=info t=646797 ev=probe stage=hitch set=ring idx=3 slot=-1 tid=0xFFFFFFFF kind=255 age=27881209856.0 desc="name: 'empty_job', owner: 'system owner'"
client level=info t=646797 ev=probe stage=hitch set=ring idx=4 slot=-1 tid=0xFFFFFFFF kind=255 age=27881209856.0 desc="name: 'empty_job', owner: 'system owner'"
client level=info t=646797 ev=probe stage=hitch set=ring idx=5 slot=-1 tid=0xFFFFFFFF kind=255 age=27881209856.0 desc="name: 'empty_job', owner: 'system owner'"
client level=info t=646797 ev=probe stage=hitch set=ring idx=6 slot=-1 tid=0xFFFFFFFF kind=255 age=27881209856.0 desc="name: 'empty_job', owner: 'system owner'"
client level=info t=646797 ev=probe stage=hitch set=ring idx=7 slot=-1 tid=0xFFFFFFFF kind=255 age=27881209856.0 desc="name: 'empty_job', owner: 'system owner'"
client level=info t=646797 ev=probe stage=hitch set=ring idx=8 slot=-1 tid=0xFFFFFFFF kind=255 age=27881209856.0 desc="name: 'empty_job', owner: 'system owner'"
client level=info t=646797 ev=probe stage=hitch set=ring idx=9 slot=-1 tid=0xFFFFFFFF kind=255 age=27881209856.0 desc="name: 'empty_job', owner: 'system owner'"
client level=info t=646797 ev=probe stage=hitch set=ring idx=10 slot=-1 tid=0xFFFFFFFF kind=255 age=27881209856.0 desc="name: 'empty_job', owner: 'system owner'"
client level=info t=646797 ev=probe stage=hitch set=ring idx=11 slot=-1 tid=0xFFFFFFFF kind=255 age=27881209856.0 desc="name: 'empty_job', owner: 'system owner'"
client level=info t=646797 ev=probe stage=hitch set=ring idx=12 slot=-1 tid=0xFFFFFFFF kind=255 age=27881209856.0 desc="name: 'empty_job', owner: 'system owner'"
client level=info t=646797 ev=probe stage=hitch set=ring idx=13 slot=-1 tid=0xFFFFFFFF kind=255 age=27881209856.0 desc="name: 'empty_job', owner: 'system owner'"
client level=info t=646797 ev=probe stage=hitch set=ring idx=14 slot=-1 tid=0xFFFFFFFF kind=255 age=27881209856.0 desc="name: 'empty_job', owner: 'system owner'"
client level=info t=646797 ev=probe stage=hitch set=ring idx=15 slot=-1 tid=0xFFFFFFFF kind=255 age=27881209856.0 desc="name: 'empty_job', owner: 'system owner'"
client level=info t=646797 ev=probe stage=hitch set=stack tid=0x00004D9C rip=0x7FFD69541444 rsp=0x79DBFFE1F8 window=2048
client level=info t=646797 ev=probe stage=hitch set=frames tid=0x00004D9C f0=exe+0x20D9280 f1=exe+0x20D9280 f2=exe+0x3550FB f3=exe+0x20D9238 f4=exe+0x1DC60C8 f5=exe+0x1DC60D4 f6=exe+0x1B87974 f7=exe+0x1DC60C8
client level=info t=646797 ev=probe stage=hitch set=frames tid=0x00004D9C f8=exe+0x3537B3 f9=exe+0x35ECC44 f10=exe+0x3537B3 f11=exe+0x35ECC44 f12=exe+0x35ECC44 f13=exe+0x3537B3 f14=exe+0x35ECC44 f15=exe+0x310033
client level=info t=647828 ev=nettick stage=sample latch=0 callbacks=58729
client level=error t=647828 ev=assert stage=hit n=20480 repeat=20480 arg0=0 text=hitch detected: mainloop world controller state activity:in_world {{!38!}} job fiber:{{!0x00834002!}} phase:{{!-1!}} iteration:0x0 stalled 
client level=info t=650594 ev=nettick stage=sample latch=0 callbacks=58729
client level=error t=650594 ev=assert stage=hit n=20992 repeat=20992 arg0=0 text=hitch detected: mainloop world controller state activity:in_world {{!38!}} job fiber:{{!0x00834002!}} phase:{{!-1!}} iteration:0x0 stalled 
client level=info t=653360 ev=nettick stage=sample latch=0 callbacks=58729
client level=error t=653360 ev=assert stage=hit n=21504 repeat=21504 arg0=0 text=hitch detected: mainloop world controller state activity:in_world {{!38!}} job fiber:{{!0x00834002!}} phase:{{!-1!}} iteration:0x0 stalled 
client level=info t=656141 ev=nettick stage=sample latch=0 callbacks=58729
client level=error t=656141 ev=assert stage=hit n=22016 repeat=22016 arg0=0 text=hitch detected: mainloop world controller state activity:in_world {{!38!}} job fiber:{{!0x00834002!}} phase:{{!-1!}} iteration:0x0 stalled 
client level=info t=656797 ev=probe stage=hitch step=38 dur=0 gate=0 fa=0x00834000 fa_idle=1 fb=0x00834001 fb_idle=0 fc=0x00834002 fc_idle=0
client level=info t=656797 ev=probe stage=hitch set=wait idx=3 slot=3 tid=0x00004D9C kind=4 age=139986.9 desc="fiber:{{!0x00834002!}} phase:{{!-1!}} iteration:0x0"
client level=info t=656797 ev=probe stage=hitch set=ring idx=0 slot=-1 tid=0xFFFFFFFF kind=255 age=27881209856.0 desc="name: 'empty_job', owner: 'system owner'"
client level=info t=656797 ev=probe stage=hitch set=ring idx=1 slot=-1 tid=0xFFFFFFFF kind=255 age=27881209856.0 desc="name: 'empty_job', owner: 'system owner'"
client level=info t=656797 ev=probe stage=hitch set=ring idx=2 slot=-1 tid=0xFFFFFFFF kind=255 age=27881209856.0 desc="name: 'empty_job', owner: 'system owner'"
client level=info t=656797 ev=probe stage=hitch set=ring idx=3 slot=-1 tid=0xFFFFFFFF kind=255 age=27881209856.0 desc="name: 'empty_job', owner: 'system owner'"
client level=info t=656797 ev=probe stage=hitch set=ring idx=4 slot=-1 tid=0xFFFFFFFF kind=255 age=27881209856.0 desc="name: 'empty_job', owner: 'system owner'"
client level=info t=656797 ev=probe stage=hitch set=ring idx=5 slot=-1 tid=0xFFFFFFFF kind=255 age=27881209856.0 desc="name: 'empty_job', owner: 'system owner'"
client level=info t=656797 ev=probe stage=hitch set=ring idx=6 slot=-1 tid=0xFFFFFFFF kind=255 age=27881209856.0 desc="name: 'empty_job', owner: 'system owner'"
client level=info t=656797 ev=probe stage=hitch set=ring idx=7 slot=-1 tid=0xFFFFFFFF kind=255 age=27881209856.0 desc="name: 'empty_job', owner: 'system owner'"
client level=info t=656797 ev=probe stage=hitch set=ring idx=8 slot=-1 tid=0xFFFFFFFF kind=255 age=27881209856.0 desc="name: 'empty_job', owner: 'system owner'"
client level=info t=656797 ev=probe stage=hitch set=ring idx=9 slot=-1 tid=0xFFFFFFFF kind=255 age=27881209856.0 desc="name: 'empty_job', owner: 'system owner'"
client level=info t=656797 ev=probe stage=hitch set=ring idx=10 slot=-1 tid=0xFFFFFFFF kind=255 age=27881209856.0 desc="name: 'empty_job', owner: 'system owner'"
client level=info t=656797 ev=probe stage=hitch set=ring idx=11 slot=-1 tid=0xFFFFFFFF kind=255 age=27881209856.0 desc="name: 'empty_job', owner: 'system owner'"
client level=info t=656797 ev=probe stage=hitch set=ring idx=12 slot=-1 tid=0xFFFFFFFF kind=255 age=27881209856.0 desc="name: 'empty_job', owner: 'system owner'"
client level=info t=656797 ev=probe stage=hitch set=ring idx=13 slot=-1 tid=0xFFFFFFFF kind=255 age=27881209856.0 desc="name: 'empty_job', owner: 'system owner'"
client level=info t=656797 ev=probe stage=hitch set=ring idx=14 slot=-1 tid=0xFFFFFFFF kind=255 age=27881209856.0 desc="name: 'empty_job', owner: 'system owner'"
client level=info t=656797 ev=probe stage=hitch set=ring idx=15 slot=-1 tid=0xFFFFFFFF kind=255 age=27881209856.0 desc="name: 'empty_job', owner: 'system owner'"
client level=info t=656797 ev=probe stage=hitch set=stack tid=0x00004D9C rip=0x7FFD69541444 rsp=0x79DBFFE1F8 window=2048
client level=info t=656797 ev=probe stage=hitch set=frames tid=0x00004D9C f0=exe+0x20D9280 f1=exe+0x20D9280 f2=exe+0x3550FB f3=exe+0x20D9238 f4=exe+0x1DC60C8 f5=exe+0x1DC60D4 f6=exe+0x1B87974 f7=exe+0x1DC60C8
client level=info t=656797 ev=probe stage=hitch set=frames tid=0x00004D9C f8=exe+0x3537B3 f9=exe+0x35ECC44 f10=exe+0x3537B3 f11=exe+0x35ECC44 f12=exe+0x35ECC44 f13=exe+0x3537B3 f14=exe+0x35ECC44 f15=exe+0x310033
client level=info t=658907 ev=nettick stage=sample latch=0 callbacks=58729
client level=error t=658907 ev=assert stage=hit n=22528 repeat=22528 arg0=0 text=hitch detected: mainloop world controller state activity:in_world {{!38!}} job fiber:{{!0x00834002!}} phase:{{!-1!}} iteration:0x0 stalled 
client level=info t=661672 ev=nettick stage=sample latch=0 callbacks=58729
client level=error t=661672 ev=assert stage=hit n=23040 repeat=23040 arg0=0 text=hitch detected: mainloop world controller state activity:in_world {{!38!}} job fiber:{{!0x00834002!}} phase:{{!-1!}} iteration:0x0 stalled 
client level=info t=664453 ev=nettick stage=sample latch=0 callbacks=58729
client level=error t=664453 ev=assert stage=hit n=23552 repeat=23552 arg0=0 text=hitch detected: mainloop world controller state activity:in_world {{!38!}} job fiber:{{!0x00834002!}} phase:{{!-1!}} iteration:0x0 stalled 
client level=info t=666797 ev=probe stage=hitch step=38 dur=0 gate=0 fa=0x00834000 fa_idle=1 fb=0x00834001 fb_idle=0 fc=0x00834002 fc_idle=0
client level=info t=666797 ev=probe stage=hitch set=wait idx=3 slot=3 tid=0x00004D9C kind=4 age=149988.3 desc="fiber:{{!0x00834002!}} phase:{{!-1!}} iteration:0x0"
client level=info t=666797 ev=probe stage=hitch set=ring idx=0 slot=-1 tid=0xFFFFFFFF kind=255 age=27881209856.0 desc="name: 'empty_job', owner: 'system owner'"
client level=info t=666797 ev=probe stage=hitch set=ring idx=1 slot=-1 tid=0xFFFFFFFF kind=255 age=27881209856.0 desc="name: 'empty_job', owner: 'system owner'"
client level=info t=666797 ev=probe stage=hitch set=ring idx=2 slot=-1 tid=0xFFFFFFFF kind=255 age=27881209856.0 desc="name: 'empty_job', owner: 'system owner'"
client level=info t=666797 ev=probe stage=hitch set=ring idx=3 slot=-1 tid=0xFFFFFFFF kind=255 age=27881209856.0 desc="name: 'empty_job', owner: 'system owner'"
client level=info t=666797 ev=probe stage=hitch set=ring idx=4 slot=-1 tid=0xFFFFFFFF kind=255 age=27881209856.0 desc="name: 'empty_job', owner: 'system owner'"
client level=info t=666797 ev=probe stage=hitch set=ring idx=5 slot=-1 tid=0xFFFFFFFF kind=255 age=27881209856.0 desc="name: 'empty_job', owner: 'system owner'"
client level=info t=666797 ev=probe stage=hitch set=ring idx=6 slot=-1 tid=0xFFFFFFFF kind=255 age=27881209856.0 desc="name: 'empty_job', owner: 'system owner'"
client level=info t=666797 ev=probe stage=hitch set=ring idx=7 slot=-1 tid=0xFFFFFFFF kind=255 age=27881209856.0 desc="name: 'empty_job', owner: 'system owner'"
client level=info t=666797 ev=probe stage=hitch set=ring idx=8 slot=-1 tid=0xFFFFFFFF kind=255 age=27881209856.0 desc="name: 'empty_job', owner: 'system owner'"
client level=info t=666797 ev=probe stage=hitch set=ring idx=9 slot=-1 tid=0xFFFFFFFF kind=255 age=27881209856.0 desc="name: 'empty_job', owner: 'system owner'"
client level=info t=666797 ev=probe stage=hitch set=ring idx=10 slot=-1 tid=0xFFFFFFFF kind=255 age=27881209856.0 desc="name: 'empty_job', owner: 'system owner'"
client level=info t=666797 ev=probe stage=hitch set=ring idx=11 slot=-1 tid=0xFFFFFFFF kind=255 age=27881209856.0 desc="name: 'empty_job', owner: 'system owner'"
client level=info t=666797 ev=probe stage=hitch set=ring idx=12 slot=-1 tid=0xFFFFFFFF kind=255 age=27881209856.0 desc="name: 'empty_job', owner: 'system owner'"
client level=info t=666797 ev=probe stage=hitch set=ring idx=13 slot=-1 tid=0xFFFFFFFF kind=255 age=27881209856.0 desc="name: 'empty_job', owner: 'system owner'"
client level=info t=666797 ev=probe stage=hitch set=ring idx=14 slot=-1 tid=0xFFFFFFFF kind=255 age=27881209856.0 desc="name: 'empty_job', owner: 'system owner'"
client level=info t=666797 ev=probe stage=hitch set=ring idx=15 slot=-1 tid=0xFFFFFFFF kind=255 age=27881209856.0 desc="name: 'empty_job', owner: 'system owner'"
client level=info t=666797 ev=probe stage=hitch set=stack tid=0x00004D9C rip=0x7FFD69541444 rsp=0x79DBFFE1F8 window=2048
client level=info t=666797 ev=probe stage=hitch set=frames tid=0x00004D9C f0=exe+0x20D9280 f1=exe+0x20D9280 f2=exe+0x3550FB f3=exe+0x20D9238 f4=exe+0x1DC60C8 f5=exe+0x1DC60D4 f6=exe+0x1B87974 f7=exe+0x1DC60C8
client level=info t=666797 ev=probe stage=hitch set=frames tid=0x00004D9C f8=exe+0x3537B3 f9=exe+0x35ECC44 f10=exe+0x3537B3 f11=exe+0x35ECC44 f12=exe+0x35ECC44 f13=exe+0x3537B3 f14=exe+0x35ECC44 f15=exe+0x310033
client level=info t=667219 ev=nettick stage=sample latch=0 callbacks=58729
client level=error t=667219 ev=assert stage=hit n=24064 repeat=24064 arg0=0 text=hitch detected: mainloop world controller state activity:in_world {{!38!}} job fiber:{{!0x00834002!}} phase:{{!-1!}} iteration:0x0 stalled 
