client level=warn t=75703 ev=queuez stage=notification result=skipped reason=null_payload
client level=warn t=238687 ev=vr.probe state on=1 yaw=0.0 height=0.00 fov=0.0
client level=warn t=238687 ev=vr.probe block player=0 addr=0x2A4DB625810
client level=warn t=238687 ev=vr.xr load path=C:\Program Files\Meta Horizon\Support\oculus-runtime\.\LibOVRRTImpl64_1.dll
client level=warn t=238703 ev=vr.xr unhook module=kernelbase.dll export=LoadLibraryExW result=ok bytes=2
client level=warn t=238703 ev=vr.xr unhook module=kernel32.dll export=GetProcAddress result=ok bytes=2
client level=warn t=238703 ev=vr.xr ldr_notify callback=destiny2.exe+0x3AB4B0 foreign=1
client level=warn t=238703 ev=vr.xr ldr_notify result=ok seen=1 neutralised=1
client level=warn t=238703 ev=vr.xr load result=ok interface=1 runtime_api=1.1.61
client level=warn t=238843 ev=vr.xr views count=2 eye=1824x1968 runtime=Oculus
client level=warn t=239109 ev=vr.xr bindings profile=/interaction_profiles/oculus/touch_controller count=13 result=0
client level=warn t=239109 ev=vr.xr bindings profile=/interaction_profiles/khr/simple_controller count=3 result=0
client level=warn t=239109 ev=vr.xr actions result=ok
client level=warn t=239109 ev=vr.xr init result=ok runtime=Oculus
client level=warn t=239109 ev=vr.xr session state=running
client level=warn t=239125 ev=vr.xr submit layers=0 result=0 fov=0.9568
client level=warn t=239140 ev=vr.xr submit layers=0 result=0 fov=0.9568
client level=warn t=239140 ev=vr.xr submit layers=0 result=0 fov=0.9568
client level=warn t=239156 ev=vr.xr submit layers=0 result=0 fov=0.9568
client level=warn t=239171 ev=vr.xr submit layers=0 result=0 fov=0.9568
client level=warn t=239187 ev=vr.xr submit layers=0 result=0 fov=0.9568
client level=warn t=239203 ev=vr.xr submit layers=0 result=0 fov=0.9568
client level=warn t=239218 ev=vr.xr submit layers=0 result=0 fov=0.9568
client level=warn t=239218 ev=vr.xr submit layers=0 result=0 fov=0.9568
client level=warn t=239234 ev=vr.xr submit layers=0 result=0 fov=0.9568
client level=warn t=239250 ev=vr.xr submit layers=0 result=0 fov=0.9568
client level=warn t=239265 ev=vr.xr submit layers=0 result=0 fov=0.9568
client level=warn t=239281 ev=vr.xr submit layers=0 result=0 fov=0.9568
client level=warn t=239296 ev=vr.xr submit layers=0 result=0 fov=0.9568
client level=warn t=239312 ev=vr.xr submit layers=0 result=0 fov=0.9568
client level=warn t=239328 ev=vr.xr submit layers=0 result=0 fov=0.9568
client level=warn t=239343 ev=vr.xr submit layers=0 result=0 fov=0.9568
client level=warn t=239343 ev=vr.xr submit layers=0 result=0 fov=0.9568
client level=warn t=239359 ev=vr.xr submit layers=0 result=0 fov=0.9568
client level=warn t=239375 ev=vr.xr submit layers=0 result=0 fov=0.9568
client level=warn t=239390 ev=vr.xr submit layers=0 result=0 fov=0.9568
client level=warn t=239406 ev=vr.xr submit layers=0 result=0 fov=0.9568
client level=warn t=239421 ev=vr.xr submit layers=0 result=0 fov=0.9568
client level=warn t=239437 ev=vr.xr submit layers=0 result=0 fov=0.9568
client level=warn t=239453 ev=vr.xr submit layers=0 result=0 fov=0.9568
client level=warn t=239468 ev=vr.xr submit layers=0 result=0 fov=0.9568
client level=warn t=239484 ev=vr.xr submit layers=0 result=0 fov=0.9568
client level=warn t=239484 ev=vr.xr submit layers=0 result=0 fov=0.9568
client level=warn t=239500 ev=vr.xr submit layers=0 result=0 fov=0.9568
client level=warn t=239515 ev=vr.xr submit layers=0 result=0 fov=0.9568
client level=warn t=239531 ev=vr.xr submit layers=0 result=0 fov=0.9568
client level=warn t=239546 ev=vr.xr submit layers=0 result=0 fov=0.9568
client level=warn t=239562 ev=vr.xr submit layers=0 result=0 fov=0.9568
client level=warn t=239562 ev=vr.xr submit layers=0 result=0 fov=0.9568
client level=warn t=239578 ev=vr.xr submit layers=0 result=0 fov=0.9568
client level=warn t=239593 ev=vr.xr submit layers=0 result=0 fov=0.9568
client level=warn t=239609 ev=vr.xr submit layers=0 result=0 fov=0.9568
client level=warn t=239625 ev=vr.xr submit layers=0 result=0 fov=0.9568
client level=warn t=239640 ev=vr.xr submit layers=0 result=0 fov=0.9568
client level=warn t=239656 ev=vr.xr submit layers=0 result=0 fov=0.9568
client level=warn t=239671 ev=vr.xr submit layers=0 result=0 fov=0.9568
client level=warn t=239687 ev=vr.xr submit layers=0 result=0 fov=0.9568
client level=warn t=239703 ev=vr.xr submit layers=0 result=0 fov=0.9568
client level=warn t=239718 ev=vr.xr submit layers=0 result=0 fov=0.9568
client level=warn t=239734 ev=vr.xr submit layers=0 result=0 fov=0.9568
client level=warn t=239734 ev=vr.xr submit layers=0 result=0 fov=0.9568
client level=warn t=239750 ev=vr.xr submit layers=0 result=0 fov=0.9568
client level=warn t=239765 ev=vr.xr submit layers=0 result=0 fov=0.9568
client level=warn t=239781 ev=vr.xr submit layers=0 result=0 fov=0.9568
client level=warn t=239796 ev=vr.xr submit layers=0 result=0 fov=0.9568
client level=warn t=239812 ev=vr.xr submit layers=0 result=0 fov=0.9568
client level=warn t=239828 ev=vr.xr submit layers=0 result=0 fov=0.9568
client level=warn t=239843 ev=vr.xr submit layers=0 result=0 fov=0.9568
client level=warn t=239859 ev=vr.xr submit layers=0 result=0 fov=0.9568
client level=warn t=239859 ev=vr.xr recentre x=0.065 y=0.008 z=0.013
client level=warn t=239890 ev=vr.xr swapchain result=ok size=1280x720 source_format=28 format=29 direct=1 images=3
client level=warn t=240562 ev=vr.probe pose in_pos=1.61,1.41,1.24 in_fwd=-0.942,-0.322,-0.093 in_fov=0.9568 out_pos=1.60,1.41,1.24 out_fwd=-0.887,-0.459,0.051 out_fov=1.8850
client level=warn t=241593 ev=vr.pad stats injected=0 held=0 mouse=0,0 move=0.00,0.00 turn=0.00,0.00 trig=0.00,0.00 buttons=0x0
client level=warn t=242343 ev=vr.xr pose fwd=-0.909,-0.413,0.047 off=0.003,0.008,-0.001 fov=1.8850 aspect=0.964
client level=warn t=243046 ev=vr.probe pose in_pos=1.61,1.41,1.24 in_fwd=-0.942,-0.322,-0.093 in_fov=0.9568 out_pos=1.64,1.44,1.28 out_fwd=-0.797,-0.204,0.569 out_fov=1.8850
client level=warn t=244015 ev=vr.xr submit layers=1 result=0 fov=1.8850
client level=warn t=244093 ev=vr.pad stats injected=0 held=0 mouse=0,0 move=0.00,0.00 turn=0.00,0.00 trig=0.00,0.00 buttons=0x0
client level=warn t=244937 ev=vr.xr pose fwd=-0.859,-0.413,0.304 off=0.013,0.030,0.018 fov=1.8850 aspect=0.964
client level=warn t=246828 ev=vr.pad stats injected=0 held=0 mouse=0,0 move=0.00,0.00 turn=0.00,0.00 trig=0.00,0.00 buttons=0x0
client level=warn t=247578 ev=vr.xr pose fwd=-0.990,-0.099,0.101 off=0.020,0.042,0.000 fov=1.8850 aspect=0.964
client level=warn t=247812 ev=vr.probe pose in_pos=66.39,-11.34,6.99 in_fwd=-0.994,0.064,-0.087 in_fov=1.2364 out_pos=66.41,-11.30,6.99 out_fwd=-0.991,-0.106,0.081 out_fov=1.8850
client level=warn t=248421 ev=vr.xr submit layers=1 result=0 fov=1.8850
client level=warn t=249328 ev=vr.pad stats injected=0 held=0 mouse=0,0 move=0.00,0.00 turn=0.00,0.00 trig=0.00,0.00 buttons=0x0
client level=warn t=250078 ev=vr.xr pose fwd=-0.997,0.003,-0.083 off=-0.022,0.037,-0.019 fov=1.8850 aspect=0.964
client level=warn t=250312 ev=vr.probe pose in_pos=66.40,-11.64,6.65 in_fwd=-0.994,0.064,-0.087 in_fov=1.2364 out_pos=66.38,-11.60,6.64 out_fwd=-0.997,0.009,0.079 out_fov=1.8850
client level=warn t=251984 ev=vr.pad stats injected=0 held=0 mouse=0,0 move=0.00,0.00 turn=0.00,0.00 trig=0.00,0.00 buttons=0x0
client level=warn t=253796 ev=vr.xr pose fwd=-0.953,-0.040,0.300 off=0.012,-0.003,0.029 fov=1.8850 aspect=0.964
client level=warn t=253796 ev=vr.xr submit layers=1 result=0 fov=1.8850
client level=warn t=254421 ev=vr.probe pose in_pos=66.38,-11.45,7.05 in_fwd=-0.994,0.064,-0.087 in_fov=1.2364 out_pos=66.54,-11.43,7.09 out_fwd=-0.856,0.139,0.498 out_fov=1.8850
client level=warn t=257484 ev=vr.pad stats injected=0 held=0 mouse=0,0 move=0.00,0.00 turn=0.00,0.00 trig=0.00,0.00 buttons=0x0
client level=warn t=259281 ev=vr.xr pose fwd=-0.892,0.222,0.394 off=-0.104,0.022,0.014 fov=1.8850 aspect=0.964
client level=warn t=259921 ev=vr.probe pose in_pos=66.45,-11.16,6.41 in_fwd=-0.994,0.064,-0.087 in_fov=1.2364 out_pos=66.35,-11.14,6.42 out_fwd=-0.889,0.226,0.398 out_fov=1.8850
client level=warn t=263296 ev=vr.xr submit layers=1 result=0 fov=1.8850
client level=warn t=263500 ev=vr.pad stats injected=0 held=0 mouse=0,0 move=0.00,0.00 turn=0.00,0.00 trig=0.00,0.00 buttons=0x0
client level=warn t=264531 ev=vr.xr pose fwd=-0.947,0.109,0.303 off=0.004,0.007,0.020 fov=1.8850 aspect=0.964
client level=warn t=265156 ev=vr.probe pose in_pos=66.35,-12.40,6.69 in_fwd=-0.994,0.064,-0.087 in_fov=1.2364 out_pos=66.35,-12.40,6.71 out_fwd=-0.968,0.053,0.245 out_fov=1.8850
client level=warn t=268046 ev=vr.pad stats injected=0 held=0 mouse=0,0 move=0.00,0.00 turn=0.00,0.00 trig=0.00,0.00 buttons=0x0
client level=warn t=268796 ev=vr.xr pose fwd=-1.000,0.004,-0.012 off=0.007,0.019,-0.005 fov=1.8850 aspect=0.964
client level=warn t=269031 ev=vr.probe pose in_pos=66.37,-12.04,6.71 in_fwd=-0.994,0.064,-0.087 in_fov=1.2364 out_pos=66.38,-12.02,6.70 out_fwd=-1.000,0.006,-0.013 out_fov=1.8850
client level=warn t=269640 ev=vr.xr submit layers=1 result=0 fov=1.8850
client level=warn t=270546 ev=vr.pad stats injected=0 held=0 mouse=0,0 move=0.00,0.00 turn=0.00,0.00 trig=0.00,0.00 buttons=0x0
client level=warn t=271296 ev=vr.xr pose fwd=-0.873,0.152,0.463 off=0.052,0.035,0.031 fov=1.8850 aspect=0.964
client level=warn t=271531 ev=vr.probe pose in_pos=66.35,-11.70,7.23 in_fwd=-0.994,0.064,-0.087 in_fov=1.2364 out_pos=66.40,-11.66,7.26 out_fwd=-0.888,0.138,0.438 out_fov=1.8850
client level=warn t=273046 ev=vr.pad stats injected=0 held=0 mouse=0,0 move=0.00,0.00 turn=0.00,0.00 trig=0.00,0.00 buttons=0x0
client level=warn t=273796 ev=vr.xr pose fwd=-0.934,0.023,0.356 off=0.032,0.071,0.023 fov=1.8850 aspect=0.964
client level=warn t=273796 ev=vr.xr submit layers=1 result=0 fov=1.8850
client level=warn t=274046 ev=vr.probe pose in_pos=66.32,-11.38,7.79 in_fwd=-0.994,0.064,-0.087 in_fov=1.2364 out_pos=66.36,-11.31,7.82 out_fwd=-0.920,0.027,0.391 out_fov=1.8850
client level=warn t=275828 ev=vr.pad stats injected=0 held=0 mouse=0,0 move=0.00,0.00 turn=0.00,0.00 trig=0.00,0.00 buttons=0x0
client level=warn t=276812 ev=vr.xr pose fwd=-0.880,0.067,0.470 off=0.020,0.048,0.033 fov=1.8850 aspect=0.964
client level=warn t=277062 ev=vr.probe pose in_pos=66.39,-11.21,7.15 in_fwd=-0.994,0.064,-0.087 in_fov=1.2364 out_pos=66.40,-11.16,7.18 out_fwd=-0.893,0.031,0.448 out_fov=1.8850
client level=warn t=278484 ev=vr.xr submit layers=1 result=0 fov=1.8850
client level=warn t=278562 ev=vr.pad stats injected=0 held=0 mouse=0,0 move=0.00,0.00 turn=0.00,0.00 trig=0.00,0.00 buttons=0x0
client level=warn t=279312 ev=vr.xr pose fwd=-0.897,0.080,0.434 off=0.016,0.049,0.030 fov=1.8850 aspect=0.964
client level=warn t=279546 ev=vr.probe pose in_pos=66.40,-11.63,6.63 in_fwd=-0.994,0.064,-0.087 in_fov=1.2364 out_pos=66.42,-11.59,6.66 out_fwd=-0.896,0.094,0.435 out_fov=1.8850
client level=warn t=281062 ev=vr.pad stats injected=0 held=0 mouse=0,0 move=0.00,0.00 turn=0.00,0.00 trig=0.00,0.00 buttons=0x0
client level=warn t=281812 ev=vr.xr pose fwd=-0.956,0.007,0.292 off=0.017,0.077,0.017 fov=1.8850 aspect=0.964
client level=warn t=282046 ev=vr.probe pose in_pos=66.38,-11.62,6.94 in_fwd=-0.994,0.064,-0.087 in_fov=1.2364 out_pos=66.40,-11.54,6.95 out_fwd=-0.956,0.015,0.293 out_fov=1.8850
client level=warn t=282656 ev=vr.xr submit layers=1 result=0 fov=1.8850
client level=warn t=283562 ev=vr.pad stats injected=0 held=0 mouse=0,0 move=0.00,0.00 turn=0.00,0.00 trig=0.00,0.00 buttons=0x0
client level=warn t=284312 ev=vr.xr pose fwd=-0.872,0.157,0.463 off=0.023,0.051,0.034 fov=1.8850 aspect=0.964
client level=warn t=284546 ev=vr.probe pose in_pos=66.38,-11.42,7.03 in_fwd=-0.994,0.064,-0.087 in_fov=1.2364 out_pos=66.40,-11.37,7.06 out_fwd=-0.918,0.048,0.393 out_fov=1.8850
client level=warn t=286062 ev=vr.pad stats injected=0 held=0 mouse=0,0 move=0.00,0.00 turn=0.00,0.00 trig=0.00,0.00 buttons=0x0
client level=warn t=286812 ev=vr.xr pose fwd=-0.856,0.066,0.513 off=0.031,0.042,0.038 fov=1.8850 aspect=0.964
client level=warn t=286812 ev=vr.xr submit layers=1 result=0 fov=1.8850
client level=warn t=287046 ev=vr.probe pose in_pos=66.45,-10.95,6.66 in_fwd=-0.994,0.064,-0.087 in_fov=1.2364 out_pos=66.48,-10.90,6.70 out_fwd=-0.856,0.066,0.513 out_fov=1.8850
client level=warn t=288562 ev=vr.pad stats injected=0 held=0 mouse=0,0 move=0.00,0.00 turn=0.00,0.00 trig=0.00,0.00 buttons=0x0
client level=warn t=289312 ev=vr.xr pose fwd=-0.873,0.034,0.487 off=0.026,0.046,0.037 fov=1.8850 aspect=0.964
client level=warn t=289546 ev=vr.probe pose in_pos=66.46,-11.10,6.43 in_fwd=-0.994,0.064,-0.087 in_fov=1.2364 out_pos=66.48,-11.05,6.46 out_fwd=-0.876,0.034,0.481 out_fov=1.8850
client level=warn t=290984 ev=vr.xr submit layers=1 result=0 fov=1.8850
client level=warn t=291062 ev=vr.pad stats injected=0 held=0 mouse=0,0 move=0.00,0.00 turn=0.00,0.00 trig=0.00,0.00 buttons=0x0
client level=warn t=291812 ev=vr.xr pose fwd=-0.868,0.210,0.449 off=0.024,0.065,0.033 fov=1.8850 aspect=0.964
client level=warn t=292046 ev=vr.probe pose in_pos=66.43,-11.64,6.37 in_fwd=-0.994,0.064,-0.087 in_fov=1.2364 out_pos=66.45,-11.57,6.41 out_fwd=-0.873,0.192,0.448 out_fov=1.8850
client level=warn t=293562 ev=vr.pad stats injected=0 held=0 mouse=0,0 move=0.00,0.00 turn=0.00,0.00 trig=0.00,0.00 buttons=0x0
client level=warn t=294312 ev=vr.xr pose fwd=-0.794,0.020,0.607 off=0.046,0.063,0.038 fov=1.8850 aspect=0.964
client level=warn t=294546 ev=vr.probe pose in_pos=66.36,-12.31,6.64 in_fwd=-0.994,0.064,-0.087 in_fov=1.2364 out_pos=66.41,-12.24,6.68 out_fwd=-0.799,0.029,0.601 out_fov=1.8850
client level=warn t=295156 ev=vr.xr submit layers=1 result=0 fov=1.8850
client level=warn t=296062 ev=vr.pad stats injected=0 held=0 mouse=0,0 move=0.00,0.00 turn=0.00,0.00 trig=0.00,0.00 buttons=0x0
client level=warn t=296812 ev=vr.xr pose fwd=-0.945,-0.239,-0.225 off=0.142,-0.029,-0.038 fov=1.8850 aspect=0.964
client level=warn t=297046 ev=vr.probe pose in_pos=66.35,-12.37,6.72 in_fwd=-0.994,0.064,-0.087 in_fov=1.2364 out_pos=66.54,-12.39,6.66 out_fwd=-0.942,-0.225,-0.249 out_fov=1.8850
client level=warn t=298562 ev=vr.pad stats injected=0 held=0 mouse=0,0 move=0.00,0.00 turn=0.00,0.00 trig=0.00,0.00 buttons=0x0
client level=warn t=299328 ev=vr.xr pose fwd=-0.991,-0.097,-0.097 off=0.227,0.005,-0.049 fov=1.8850 aspect=0.964
client level=warn t=299328 ev=vr.xr submit layers=1 result=0 fov=1.8850
client level=warn t=299562 ev=vr.probe pose in_pos=66.38,-11.96,6.71 in_fwd=-0.994,0.064,-0.087 in_fov=1.2364 out_pos=66.60,-11.96,6.66 out_fwd=-0.990,-0.102,-0.099 out_fov=1.8850
server level=warn t=300046 ev=bap svc=25 stage=plaintext result=shape_accepted conn=2 len=36 b0=0A b1=20 b34=10 b35=02
server level=warn t=300078 ev=mission_script stage=attach result=activity_join_pending session=11433003384888623105
server level=warn t=300171 ev=activity stage=roster result=no_epoch soid=0x9EAA300100200001 public=0 dest= groups=0 top=0 sub=0 subkeys=0 objects=0 bytes=0 state=0 auth=0 authstate=-1 authfirst=-1:-1:0x0:0x0 authlast=-1:-1:0x0:0x0 sceneempty=0 engageempty=0 keygroup=0x0 grant=-1 region=0 slice=0 spawn=0x0 join=0x9EAA300100100101 player=0x0 pending_region=-1 current_region=-1 client_bubble=-1 held=-1 entered=0 selected=0 hash=0x0000000000000000 force=0x00
server level=warn t=300171 ev=mission_script stage=attach result=no_script session=11433003384888623105 activity_row=8
server level=warn t=300171 ev=mission_script stage=attach result=no_activity_link session=11433003384888623106
server level=warn t=300187 ev=mission_script stage=attach result=no_activity_link session=11433003384888623107
server level=warn t=300187 ev=mission_script stage=attach result=no_activity_link session=11433003384888623108
server level=warn t=300187 ev=mission_script stage=attach result=no_activity_link session=11433003384888623109
server level=warn t=300187 ev=mission_script stage=attach result=no_activity_link session=11433003384888623110
server level=warn t=300187 ev=mission_script stage=attach result=no_activity_link session=11433003384888623111
server level=warn t=300187 ev=mission_script stage=attach result=no_activity_link session=11433003384888623112
server level=warn t=300187 ev=mission_script stage=attach result=no_activity_link session=11433003384888623113
client level=warn t=301078 ev=vr.pad stats injected=0 held=0 mouse=0,0 move=0.00,0.00 turn=0.00,0.00 trig=0.00,0.00 buttons=0x0
client level=warn t=301828 ev=vr.xr pose fwd=-0.991,-0.114,-0.071 off=0.231,0.002,-0.046 fov=1.8850 aspect=0.964
client level=warn t=302062 ev=vr.probe pose in_pos=137.20,-11.15,20.60 in_fwd=-0.994,0.064,-0.087 in_fov=1.2463 out_pos=137.43,-11.15,20.56 out_fwd=-0.991,-0.114,-0.068 out_fov=1.8850
client level=warn t=303500 ev=vr.xr submit layers=1 result=0 fov=1.8850
client level=warn t=303578 ev=vr.pad stats injected=0 held=0 mouse=0,0 move=0.00,0.00 turn=0.00,0.00 trig=0.00,0.00 buttons=0x0
client level=warn t=304328 ev=vr.xr pose fwd=-0.651,-0.755,-0.080 off=0.264,-0.061,-0.050 fov=1.8850 aspect=0.964
client level=warn t=304562 ev=vr.probe pose in_pos=1511.87,-11.11,143.83 in_fwd=-0.997,0.076,-0.034 in_fov=1.4124 out_pos=1512.10,-11.14,143.78 out_fwd=-0.901,-0.404,-0.159 out_fov=1.8850
client level=warn t=306078 ev=vr.pad stats injected=0 held=0 mouse=0,0 move=0.00,0.00 turn=0.00,0.00 trig=0.00,0.00 buttons=0x0
client level=warn t=306828 ev=vr.xr pose fwd=-0.957,0.285,-0.046 off=-0.166,-0.165,-0.051 fov=1.8850 aspect=0.964
client level=warn t=307062 ev=vr.probe pose in_pos=2395.40,-13.55,308.19 in_fwd=0.746,0.661,-0.085 in_fov=1.4186 out_pos=2395.28,-13.69,308.10 out_fwd=-0.894,0.349,-0.282 out_fov=1.8850
client level=warn t=307656 ev=vr.xr submit layers=1 result=0 fov=1.8850
server level=warn t=308656 ev=bap svc=25 stage=plaintext result=shape_accepted conn=3 len=47 b0=0A b1=20 b34=10 b35=03
server level=warn t=308687 ev=activity stage=roster result=no_epoch soid=0x9EAA300100200002 public=1 dest= groups=0 top=0 sub=0 subkeys=0 objects=0 bytes=0 state=0 auth=0 authstate=-1 authfirst=-1:-1:0x0:0x0 authlast=-1:-1:0x0:0x0 sceneempty=0 engageempty=0 keygroup=0x0 grant=-1 region=0 slice=0 spawn=0x0 join=0x9EAA300100100101 player=0x0 pending_region=-1 current_region=-1 client_bubble=-1 held=-1 entered=0 selected=0 hash=0x0000000000000000 force=0x00
server level=warn t=308703 ev=mission_script stage=attach result=no_script session=11433003384888623106 activity_row=8
client level=warn t=308812 ev=vr.pad stats injected=0 held=0 mouse=0,0 move=0.00,0.00 turn=0.00,0.00 trig=0.00,0.00 buttons=0x0
client level=warn t=309562 ev=vr.xr pose fwd=0.986,0.048,-0.161 off=-0.099,-0.043,-0.031 fov=1.8850 aspect=0.964
client level=warn t=309812 ev=vr.probe pose in_pos=-102.24,1.36,13.43 in_fwd=0.993,0.017,-0.120 in_fov=1.0700 out_pos=-102.34,1.34,13.38 out_fwd=0.945,0.053,-0.324 out_fov=1.8850
client level=warn t=311312 ev=vr.pad stats injected=0 held=0 mouse=0,0 move=0.00,0.00 turn=0.00,0.00 trig=0.00,0.00 buttons=0x0
client level=warn t=312062 ev=vr.xr pose fwd=0.873,0.454,-0.181 off=0.001,-0.142,-0.064 fov=1.8850 aspect=0.964
client level=warn t=312062 ev=vr.xr submit layers=1 result=0 fov=1.8850
client level=warn t=312312 ev=vr.probe pose in_pos=-102.24,1.36,13.43 in_fwd=0.993,0.017,-0.120 in_fov=1.0700 out_pos=-102.28,1.28,13.38 out_fwd=0.921,0.359,-0.151 out_fov=1.8850
client level=warn t=313812 ev=vr.pad stats injected=0 held=0 mouse=0,0 move=0.00,0.00 turn=0.00,0.00 trig=0.00,0.00 buttons=0x0
client level=warn t=314562 ev=vr.xr pose fwd=0.957,0.243,-0.158 off=-0.115,0.008,-0.023 fov=1.8850 aspect=0.964
client level=warn t=314812 ev=vr.probe pose in_pos=-102.24,1.99,13.43 in_fwd=0.993,0.017,-0.120 in_fov=1.0700 out_pos=-102.36,2.00,13.41 out_fwd=0.962,0.267,-0.063 out_fov=1.8850
client level=warn t=316234 ev=vr.xr submit layers=1 result=0 fov=1.8850
client level=warn t=316328 ev=vr.pad stats injected=0 held=0 mouse=0,0 move=0.00,0.00 turn=0.00,0.00 trig=0.00,0.00 buttons=0x0
client level=warn t=317078 ev=vr.xr pose fwd=0.984,0.156,-0.084 off=-0.216,-0.032,-0.043 fov=1.8850 aspect=0.964
client level=warn t=317328 ev=vr.probe pose in_pos=-57.50,-7.78,13.86 in_fwd=0.994,-0.069,0.083 in_fov=1.0700 out_pos=-57.72,-7.82,13.82 out_fwd=0.979,0.182,-0.091 out_fov=1.8850
client level=warn t=318828 ev=vr.pad stats injected=0 held=0 mouse=0,0 move=0.00,0.00 turn=0.00,0.00 trig=0.00,0.00 buttons=0x0
client level=warn t=319578 ev=vr.xr pose fwd=0.938,0.037,0.345 off=-0.085,0.041,0.002 fov=1.8850 aspect=0.964
client level=warn t=319828 ev=vr.probe pose in_pos=-57.50,-7.78,13.86 in_fwd=1.000,-0.018,-0.020 in_fov=1.0700 out_pos=-57.58,-7.61,13.85 out_fwd=0.861,-0.073,0.504 out_fov=1.8850
client level=warn t=320406 ev=vr.xr submit layers=1 result=0 fov=1.8850
client level=warn t=321328 ev=vr.pad stats injected=0 held=0 mouse=0,0 move=0.00,0.00 turn=0.00,0.00 trig=0.00,0.00 buttons=0x0
client level=warn t=322078 ev=vr.xr pose fwd=0.966,0.015,-0.259 off=-0.046,0.022,-0.087 fov=1.8850 aspect=0.964
client level=warn t=322328 ev=vr.probe pose in_pos=-57.50,-7.78,13.87 in_fwd=0.950,-0.067,-0.306 in_fov=1.0700 out_pos=-57.63,-7.70,13.80 out_fwd=0.996,0.023,-0.081 out_fov=1.8850
client level=warn t=323828 ev=vr.pad stats injected=0 held=0 mouse=0,0 move=0.00,0.00 turn=0.00,0.00 trig=0.00,0.00 buttons=0x0
client level=warn t=324578 ev=vr.xr pose fwd=0.941,0.328,-0.076 off=-0.205,-0.035,-0.047 fov=1.8850 aspect=0.964
client level=warn t=324578 ev=vr.xr submit layers=1 result=0 fov=1.8850
client level=warn t=324828 ev=vr.probe pose in_pos=-57.71,-7.75,13.83 in_fwd=0.986,0.166,-0.014 in_fov=1.2566 out_pos=-57.91,-7.78,13.79 out_fwd=0.940,0.331,-0.083 out_fov=1.8850
server level=warn t=325812 ev=mission_script stage=attach result=no_activity_link session=11433003384888623114
client level=warn t=326375 ev=vr.pad stats injected=0 held=0 mouse=0,0 move=0.00,0.00 turn=0.00,0.00 trig=0.00,0.00 buttons=0x0
client level=warn t=327234 ev=vr.xr pose fwd=-0.653,-0.746,-0.130 off=0.148,0.136,-0.052 fov=1.8850 aspect=0.964
client level=warn t=327562 ev=vr.probe pose in_pos=661.01,268.12,58.20 in_fwd=-0.745,-0.667,0.000 in_fov=1.4242 out_pos=661.16,268.26,58.15 out_fwd=-0.657,-0.742,-0.132 out_fov=1.8850
server level=warn t=328453 ev=bap svc=25 stage=plaintext result=shape_accepted conn=4 len=47 b0=0A b1=20 b34=10 b35=03
server level=warn t=328484 ev=activity stage=roster result=no_epoch soid=0x9EAA30010020000A public=1 dest= groups=0 top=0 sub=0 subkeys=0 objects=0 bytes=0 state=0 auth=0 authstate=-1 authfirst=-1:-1:0x0:0x0 authlast=-1:-1:0x0:0x0 sceneempty=0 engageempty=0 keygroup=0x0 grant=-1 region=0 slice=0 spawn=0x0 join=0x9EAA300100100101 player=0x0 pending_region=-1 current_region=-1 client_bubble=-1 held=-1 entered=0 selected=0 hash=0x0000000000000000 force=0x00
server level=warn t=328500 ev=mission_script stage=attach result=no_script session=11433003384888623114 activity_row=8
client level=warn t=329078 ev=vr.xr submit layers=1 result=0 fov=1.8850
client level=warn t=329156 ev=vr.pad stats injected=0 held=0 mouse=0,0 move=0.00,0.00 turn=0.00,0.00 trig=0.00,0.00 buttons=0x0
client level=warn t=329984 ev=vr.xr pose fwd=-0.486,-0.841,0.236 off=0.032,0.162,-0.017 fov=1.8850 aspect=0.964
client level=warn t=330281 ev=vr.probe pose in_pos=661.01,268.12,58.20 in_fwd=-0.745,-0.667,0.000 in_fov=1.4242 out_pos=661.05,268.28,58.17 out_fwd=-0.732,-0.679,0.056 out_fov=1.8850
client level=warn t=331812 ev=vr.pad stats injected=0 held=0 mouse=0,0 move=0.00,0.00 turn=0.00,0.00 trig=0.00,0.00 buttons=0x0
client level=warn t=332562 ev=vr.xr pose fwd=-0.877,-0.066,0.475 off=0.061,0.118,0.028 fov=1.8850 aspect=0.964
client level=warn t=332828 ev=vr.probe pose in_pos=661.01,268.12,58.20 in_fwd=-0.745,-0.667,0.000 in_fov=1.4242 out_pos=661.07,268.23,58.23 out_fwd=-0.875,-0.217,0.433 out_fov=1.8850
client level=warn t=333421 ev=vr.xr submit layers=1 result=0 fov=1.8850
client level=warn t=334343 ev=vr.pad stats injected=0 held=0 mouse=0,0 move=0.00,0.00 turn=0.00,0.00 trig=0.00,0.00 buttons=0x0
client level=warn t=335093 ev=vr.xr pose fwd=-0.649,-0.740,0.174 off=0.061,0.078,-0.001 fov=1.8850 aspect=0.964
client level=warn t=335343 ev=vr.probe pose in_pos=661.01,268.12,58.20 in_fwd=-0.745,-0.667,0.000 in_fov=1.4242 out_pos=661.11,268.18,58.19 out_fwd=-0.302,-0.952,0.038 out_fov=1.8850
client level=warn t=336843 ev=vr.pad stats injected=0 held=0 mouse=0,0 move=0.00,0.00 turn=0.00,0.00 trig=0.00,0.00 buttons=0x0
client level=warn t=337593 ev=vr.xr pose fwd=-0.901,-0.405,-0.152 off=0.224,-0.127,-0.165 fov=1.8850 aspect=0.964
client level=warn t=337593 ev=vr.xr submit layers=1 result=0 fov=1.8850
client level=warn t=337843 ev=vr.probe pose in_pos=661.01,268.12,58.20 in_fwd=-0.745,-0.667,0.000 in_fov=1.4242 out_pos=661.25,267.98,58.05 out_fwd=-0.901,-0.433,-0.026 out_fov=1.8850
client level=warn t=339343 ev=vr.pad stats injected=0 held=0 mouse=0,0 move=0.00,0.00 turn=0.00,0.00 trig=0.00,0.00 buttons=0x0
client level=warn t=340093 ev=vr.xr pose fwd=-0.882,-0.397,0.252 off=-0.215,0.301,-0.123 fov=1.8850 aspect=0.964
client level=warn t=340359 ev=vr.probe pose in_pos=661.01,268.12,58.20 in_fwd=-0.745,-0.667,0.000 in_fov=1.4242 out_pos=660.79,268.43,58.07 out_fwd=-0.889,-0.386,0.246 out_fov=1.8850
client level=warn t=341750 ev=vr.xr submit layers=1 result=0 fov=1.8850
client level=warn t=341843 ev=vr.pad stats injected=0 held=0 mouse=0,0 move=0.00,0.00 turn=0.00,0.00 trig=0.00,0.00 buttons=0x0
client level=warn t=342593 ev=vr.xr pose fwd=-0.689,-0.705,-0.167 off=-0.259,-0.308,0.028 fov=1.8850 aspect=0.964
client level=warn t=342859 ev=vr.probe pose in_pos=661.01,268.12,58.20 in_fwd=-0.745,-0.667,0.000 in_fov=1.4242 out_pos=660.76,267.88,58.34 out_fwd=-0.696,-0.718,-0.009 out_fov=1.8850
client level=warn t=344343 ev=vr.pad stats injected=0 held=0 mouse=0,0 move=0.00,0.00 turn=0.00,0.00 trig=0.00,0.00 buttons=0x0
client level=warn t=345093 ev=vr.xr pose fwd=-0.715,-0.692,-0.101 off=-0.109,-0.092,0.204 fov=1.8850 aspect=0.964
client level=warn t=345359 ev=vr.probe pose in_pos=661.01,268.12,58.20 in_fwd=-0.745,-0.667,0.000 in_fov=1.4242 out_pos=660.95,268.08,58.48 out_fwd=-0.687,-0.652,0.320 out_fov=1.8850
client level=warn t=345937 ev=vr.xr submit layers=1 result=0 fov=1.8850
client level=warn t=346875 ev=vr.pad stats injected=0 held=0 mouse=0,0 move=0.00,0.00 turn=0.00,0.00 trig=0.00,0.00 buttons=0x0
client level=warn t=347625 ev=vr.xr pose fwd=-0.113,-0.544,-0.832 off=0.149,-0.023,-0.183 fov=1.8850 aspect=0.964
client level=warn t=347890 ev=vr.probe pose in_pos=661.01,268.12,58.20 in_fwd=-0.745,-0.667,0.000 in_fov=1.4242 out_pos=661.26,268.08,57.98 out_fwd=0.266,-0.323,-0.908 out_fov=1.8850
client level=warn t=349375 ev=vr.pad stats injected=0 held=0 mouse=0,0 move=0.00,0.00 turn=0.00,0.00 trig=0.00,0.00 buttons=0x0
client level=warn t=350171 ev=vr.xr pose fwd=-0.407,-0.351,-0.843 off=0.142,-0.103,-0.172 fov=1.8850 aspect=0.964
client level=warn t=350171 ev=vr.xr submit layers=1 result=0 fov=1.8850
client level=warn t=350421 ev=vr.probe pose in_pos=661.01,268.12,58.20 in_fwd=-0.745,-0.667,0.000 in_fov=1.4242 out_pos=661.12,268.06,58.04 out_fwd=-0.020,-0.447,-0.894 out_fov=1.8850
client level=warn t=351921 ev=vr.pad stats injected=0 held=0 mouse=0,0 move=0.00,0.00 turn=0.00,0.00 trig=0.00,0.00 buttons=0x0
client level=warn t=352671 ev=vr.xr pose fwd=0.425,-0.582,-0.693 off=-0.510,0.772,0.184 fov=1.8850 aspect=0.964
client level=warn t=352921 ev=vr.probe pose in_pos=661.01,268.12,58.20 in_fwd=-0.745,-0.667,0.000 in_fov=1.4242 out_pos=660.47,268.89,58.39 out_fwd=0.445,-0.580,-0.682 out_fov=1.8850
client level=warn t=354343 ev=vr.xr submit layers=1 result=0 fov=1.8850
client level=warn t=354421 ev=vr.pad stats injected=0 held=0 mouse=0,0 move=0.00,0.00 turn=0.00,0.00 trig=0.00,0.00 buttons=0x0
client level=warn t=355171 ev=vr.xr pose fwd=0.493,-0.374,-0.786 off=-0.503,0.763,0.169 fov=1.8850 aspect=0.964
client level=warn t=355421 ev=vr.probe pose in_pos=661.01,268.12,58.20 in_fwd=-0.745,-0.667,0.000 in_fov=1.4242 out_pos=660.49,268.96,58.39 out_fwd=0.530,-0.488,-0.694 out_fov=1.8850
client level=warn t=356937 ev=vr.pad stats injected=0 held=0 mouse=0,0 move=0.00,0.00 turn=0.00,0.00 trig=0.00,0.00 buttons=0x0
client level=warn t=357687 ev=vr.xr pose fwd=-0.089,-0.827,-0.556 off=-0.274,0.371,0.193 fov=1.8850 aspect=0.964
client level=warn t=357937 ev=vr.probe pose in_pos=661.01,268.12,58.20 in_fwd=-0.745,-0.667,0.000 in_fov=1.4242 out_pos=660.74,268.33,58.37 out_fwd=-0.068,-0.800,-0.596 out_fov=1.8850
client level=warn t=358515 ev=vr.xr submit layers=1 result=0 fov=1.8850
client level=warn t=359437 ev=vr.pad stats injected=0 held=0 mouse=0,0 move=0.00,0.00 turn=0.00,0.00 trig=0.00,0.00 buttons=0x0
client level=warn t=360187 ev=vr.xr pose fwd=-0.394,-0.444,-0.805 off=0.156,0.066,-0.164 fov=1.8850 aspect=0.964
client level=warn t=360437 ev=vr.probe pose in_pos=661.01,268.12,58.20 in_fwd=-0.745,-0.667,0.000 in_fov=1.4242 out_pos=661.15,268.19,58.04 out_fwd=-0.431,-0.470,-0.770 out_fov=1.8850
client level=warn t=361968 ev=vr.pad stats injected=0 held=0 mouse=0,0 move=0.00,0.00 turn=0.00,0.00 trig=0.00,0.00 buttons=0x0
client level=warn t=362718 ev=vr.xr pose fwd=-0.795,-0.539,-0.278 off=0.087,-0.017,-0.081 fov=1.8850 aspect=0.964
client level=warn t=362718 ev=vr.xr submit layers=1 result=0 fov=1.8850
client level=warn t=362984 ev=vr.probe pose in_pos=661.01,268.12,58.20 in_fwd=-0.745,-0.667,0.000 in_fov=1.4242 out_pos=661.09,268.14,58.16 out_fwd=-0.815,-0.579,0.010 out_fov=1.8850
client level=warn t=364484 ev=vr.pad stats injected=0 held=0 mouse=0,0 move=0.00,0.00 turn=0.00,0.00 trig=0.00,0.00 buttons=0x0
client level=warn t=366296 ev=vr.xr pose fwd=-0.863,-0.500,-0.070 off=0.009,0.058,-0.027 fov=1.8850 aspect=0.964
client level=warn t=366750 ev=vr.xr session state=stopped
client level=warn t=366953 ev=vr.probe pose in_pos=661.01,268.12,58.20 in_fwd=-0.745,-0.667,0.000 in_fov=1.4242 out_pos=661.01,268.12,58.20 out_fwd=-0.745,-0.667,0.000 out_fov=1.4242
client level=warn t=370484 ev=vr.pad stats injected=0 held=0 mouse=0,0 move=0.00,0.00 turn=0.00,0.00 trig=0.00,0.00 buttons=0x0
client level=warn t=372953 ev=vr.probe pose in_pos=661.01,268.12,58.20 in_fwd=-0.745,-0.667,0.000 in_fov=1.4242 out_pos=661.01,268.12,58.20 out_fwd=-0.745,-0.667,0.000 out_fov=1.4242
client level=warn t=376500 ev=vr.pad stats injected=0 held=0 mouse=0,0 move=0.00,0.00 turn=0.00,0.00 trig=0.00,0.00 buttons=0x0
client level=warn t=378968 ev=vr.probe pose in_pos=661.01,268.12,58.20 in_fwd=-0.745,-0.667,0.000 in_fov=1.4242 out_pos=661.01,268.12,58.20 out_fwd=-0.745,-0.667,0.000 out_fov=1.4242
client level=warn t=382515 ev=vr.pad stats injected=0 held=0 mouse=0,0 move=0.00,0.00 turn=0.00,0.00 trig=0.00,0.00 buttons=0x0
client level=warn t=384968 ev=vr.probe pose in_pos=661.01,268.12,58.20 in_fwd=-0.745,-0.667,0.000 in_fov=1.4242 out_pos=661.01,268.12,58.20 out_fwd=-0.745,-0.667,0.000 out_fov=1.4242
client level=warn t=388515 ev=vr.pad stats injected=0 held=0 mouse=0,0 move=0.00,0.00 turn=0.00,0.00 trig=0.00,0.00 buttons=0x0
client level=warn t=390984 ev=vr.probe pose in_pos=661.01,268.12,58.20 in_fwd=-0.745,-0.667,0.000 in_fov=1.4242 out_pos=661.01,268.12,58.20 out_fwd=-0.745,-0.667,0.000 out_fov=1.4242
client level=warn t=394531 ev=vr.pad stats injected=0 held=0 mouse=0,0 move=0.00,0.00 turn=0.00,0.00 trig=0.00,0.00 buttons=0x0
client level=warn t=397000 ev=vr.probe pose in_pos=661.01,268.12,58.20 in_fwd=-0.745,-0.667,0.000 in_fov=1.4242 out_pos=661.01,268.12,58.20 out_fwd=-0.745,-0.667,0.000 out_fov=1.4242
client level=warn t=400531 ev=vr.pad stats injected=0 held=0 mouse=0,0 move=0.00,0.00 turn=0.00,0.00 trig=0.00,0.00 buttons=0x0
client level=warn t=403000 ev=vr.probe pose in_pos=661.01,268.12,58.20 in_fwd=-0.745,-0.667,0.000 in_fov=1.4242 out_pos=661.01,268.12,58.20 out_fwd=-0.745,-0.667,0.000 out_fov=1.4242
client level=warn t=406546 ev=vr.pad stats injected=0 held=0 mouse=0,0 move=0.00,0.00 turn=0.00,0.00 trig=0.00,0.00 buttons=0x0
client level=warn t=407015 ev=vr.xr session state=running
client level=warn t=409015 ev=vr.probe pose in_pos=661.01,268.12,58.20 in_fwd=-0.745,-0.667,0.000 in_fov=1.4242 out_pos=661.05,268.06,58.19 out_fwd=-0.727,-0.676,-0.119 out_fov=1.8850
client level=warn t=410671 ev=vr.xr submit layers=1 result=0 fov=1.8850
client level=warn t=412562 ev=vr.pad stats injected=0 held=0 mouse=0,0 move=0.00,0.00 turn=0.00,0.00 trig=0.00,0.00 buttons=0x0
client level=warn t=412656 ev=vr.xr pose fwd=-0.826,-0.410,-0.386 off=0.018,-0.003,-0.045 fov=1.8850 aspect=0.964
client level=warn t=415015 ev=vr.probe pose in_pos=661.01,268.12,58.20 in_fwd=-0.745,-0.667,0.000 in_fov=1.4242 out_pos=661.08,268.10,58.21 out_fwd=-0.853,-0.515,0.080 out_fov=1.8850
client level=warn t=418578 ev=vr.pad stats injected=0 held=0 mouse=0,0 move=0.00,0.00 turn=0.00,0.00 trig=0.00,0.00 buttons=0x0
client level=warn t=418671 ev=vr.xr pose fwd=-0.504,-0.655,0.563 off=0.125,-0.037,0.043 fov=1.8850 aspect=0.964
client level=warn t=420671 ev=vr.xr submit layers=1 result=0 fov=1.8850
client level=warn t=421031 ev=vr.probe pose in_pos=661.01,268.12,58.20 in_fwd=-0.745,-0.667,0.000 in_fov=1.4242 out_pos=661.03,268.09,58.15 out_fwd=-0.713,-0.518,-0.473 out_fov=1.8850
client level=warn t=424578 ev=vr.pad stats injected=0 held=0 mouse=0,0 move=0.00,0.00 turn=0.00,0.00 trig=0.00,0.00 buttons=0x0
client level=warn t=424687 ev=vr.xr pose fwd=-0.722,-0.617,0.312 off=0.007,-0.032,0.024 fov=1.8850 aspect=0.964
client level=warn t=427046 ev=vr.probe pose in_pos=661.01,268.12,58.20 in_fwd=-0.745,-0.667,0.000 in_fov=1.4242 out_pos=661.00,268.05,58.23 out_fwd=-0.769,-0.473,0.430 out_fov=1.8850
client level=warn t=428781 ev=vr.pad stats injected=0 held=0 mouse=0,0 move=0.00,0.00 turn=0.00,0.00 trig=0.00,0.00 buttons=0x0
client level=warn t=428812 ev=vr.xr pose fwd=-0.603,0.791,-0.104 off=-0.123,0.041,-0.025 fov=1.8850 aspect=0.964
client level=warn t=428812 ev=vr.xr submit layers=1 result=0 fov=1.8850
client level=warn t=428953 ev=vr.weapon install result=ok getter=0x12D22C0 ptr=0x12D50F0
client level=warn t=429828 ev=vr.weapon callers path=getter D5D832:60 B363FA:180 B3598D:60
client level=warn t=429828 ev=vr.weapon callers path=ptr D98F49:300 D7FB5C:28 DB8CB6:60 12B0A09:60 16E8861:60 D8F242:60 D8B348:60 D8B9B5:60 12B2284:7 D2F672:7 D8492B:15 D7FF2C:3 F4276C:1
client level=warn t=429828 ev=vr.probe pose in_pos=652.32,269.49,56.63 in_fwd=-0.719,0.354,0.598 in_fov=1.4242 out_pos=652.16,269.48,56.57 out_fwd=-0.883,0.158,-0.442 out_fov=1.8850
client level=warn t=431078 ev=vr.weapon block orientation=off
client level=warn t=431078 ev=vr.weapon rule path=getter targets=B363FA source=head rvas=1 all=0
client level=warn t=431343 ev=vr.pad stats injected=0 held=0 mouse=0,0 move=0.00,0.00 turn=0.00,0.00 trig=0.00,0.00 buttons=0x0
client level=warn t=431390 ev=vr.xr pose fwd=-0.996,0.079,0.032 off=-0.140,0.028,-0.025 fov=1.8850 aspect=0.964
client level=warn t=432375 ev=vr.weapon callers path=getter D5D832:180 B363FA:540 B3598D:180 B40A78:32
client level=warn t=432375 ev=vr.weapon callers path=ptr D98F49:900 D7FB5C:70 DB8CB6:180 12B0A09:180 16E8861:180 D8F242:180 D8B348:180 D8B9B5:180 12B2284:22 D2F672:22 D8492B:38 D7FF2C:10 F4276C:4
client level=warn t=432375 ev=vr.probe pose in_pos=641.40,273.34,62.43 in_fwd=-0.893,0.449,0.028 in_fov=1.4242 out_pos=641.40,273.34,62.43 out_fwd=-0.893,0.449,0.028 out_fov=1.8850
client level=warn t=433140 ev=vr.xr submit layers=1 result=0 fov=1.8850
client level=warn t=433937 ev=vr.pad stats injected=0 held=0 mouse=0,0 move=0.00,0.00 turn=0.00,0.00 trig=0.00,0.00 buttons=0x0
client level=warn t=433984 ev=vr.xr pose fwd=-0.389,0.921,0.026 off=-0.120,0.100,-0.054 fov=1.8850 aspect=0.964
client level=warn t=434968 ev=vr.weapon callers path=getter D5D832:180 B363FA:540 B3598D:180 B40A78:0
client level=warn t=434968 ev=vr.weapon callers path=ptr D98F49:900 D7FB5C:63 DB8CB6:180 12B0A09:180 16E8861:180 D8F242:180 D8B348:180 D8B9B5:180 12B2284:24 D2F672:24 D8492B:36 D7FF2C:9 F4276C:3
client level=warn t=434984 ev=vr.probe pose in_pos=632.93,274.68,43.16 in_fwd=-0.678,0.052,0.733 in_fov=1.4242 out_pos=632.93,274.68,43.16 out_fwd=-0.678,0.052,0.733 out_fov=1.8850
client level=warn t=436468 ev=vr.pad stats injected=0 held=0 mouse=0,0 move=0.00,0.00 turn=0.00,0.00 trig=0.00,0.00 buttons=0x0
client level=warn t=436515 ev=vr.xr pose fwd=-0.901,-0.038,0.432 off=-0.034,0.045,0.014 fov=1.8850 aspect=0.964
client level=warn t=437343 ev=vr.xr submit layers=1 result=0 fov=1.8850
client level=warn t=437468 ev=vr.weapon callers path=getter D5D832:180 B363FA:540 B3598D:180 B40A78:0
client level=warn t=437468 ev=vr.weapon callers path=ptr D98F49:900 D7FB5C:70 DB8CB6:180 12B0A09:180 16E8861:180 D8F242:180 D8B348:180 D8B9B5:180 12B2284:20 D2F672:20 D8492B:43 D7FF2C:11 F4276C:2
client level=warn t=437484 ev=vr.probe pose in_pos=628.94,275.01,45.37 in_fwd=-0.876,0.103,0.471 in_fov=1.4242 out_pos=628.94,275.01,45.37 out_fwd=-0.876,0.103,0.471 out_fov=1.8850
client level=warn t=438968 ev=vr.pad stats injected=0 held=0 mouse=0,0 move=0.00,0.00 turn=0.00,0.00 trig=0.00,0.00 buttons=0x0
client level=warn t=439015 ev=vr.xr pose fwd=-0.927,0.352,-0.127 off=-0.117,-0.002,-0.034 fov=1.8850 aspect=0.964
client level=warn t=439968 ev=vr.weapon callers path=getter D5D832:180 B363FA:540 B3598D:180 B40A78:0
client level=warn t=439968 ev=vr.weapon callers path=ptr D98F49:900 D7FB5C:70 DB8CB6:180 12B0A09:180 16E8861:180 D8F242:180 D8B348:180 D8B9B5:180 12B2284:22 D2F672:22 D8492B:40 D7FF2C:10 F4276C:3
client level=warn t=439984 ev=vr.probe pose in_pos=624.31,275.40,43.10 in_fwd=-0.995,0.020,0.095 in_fov=1.4242 out_pos=624.31,275.40,43.10 out_fwd=-0.995,0.020,0.095 out_fov=1.8850
client level=warn t=441468 ev=vr.pad stats injected=0 held=0 mouse=0,0 move=0.00,0.00 turn=0.00,0.00 trig=0.00,0.00 buttons=0x0
client level=warn t=441515 ev=vr.xr pose fwd=-0.671,0.710,0.214 off=-0.051,0.017,0.001 fov=1.8850 aspect=0.964
client level=warn t=441515 ev=vr.xr submit layers=1 result=0 fov=1.8850
client level=warn t=442468 ev=vr.weapon callers path=getter D5D832:180 B363FA:540 B3598D:180 B40A78:0
client level=warn t=442468 ev=vr.weapon callers path=ptr D98F49:900 D7FB5C:69 DB8CB6:180 12B0A09:180 16E8861:180 D8F242:180 D8B348:180 D8B9B5:180 12B2284:20 D2F672:20 D8492B:36 D7FF2C:9 F4276C:2
client level=warn t=442484 ev=vr.probe pose in_pos=624.31,275.40,43.10 in_fwd=-0.995,0.020,0.095 in_fov=1.4242 out_pos=624.31,275.40,43.10 out_fwd=-0.995,0.020,0.095 out_fov=1.8850
client level=warn t=444000 ev=vr.pad stats injected=0 held=0 mouse=0,0 move=0.00,0.00 turn=0.00,0.00 trig=0.00,0.00 buttons=0x0
client level=warn t=444031 ev=vr.xr pose fwd=-0.887,0.446,0.119 off=-0.028,-0.398,-0.089 fov=1.8850 aspect=0.964
client level=warn t=445078 ev=vr.weapon callers path=getter D5D832:180 B363FA:540 B3598D:180 B40A78:0
client level=warn t=445078 ev=vr.weapon callers path=ptr D98F49:900 D7FB5C:71 DB8CB6:180 12B0A09:180 16E8861:180 D8F242:180 D8B348:180 D8B9B5:180 12B2284:22 D2F672:22 D8492B:44 D7FF2C:11 F4276C:3
client level=warn t=445078 ev=vr.probe pose in_pos=624.31,275.40,43.10 in_fwd=-0.995,0.020,0.095 in_fov=1.4242 out_pos=624.31,275.40,43.10 out_fwd=-0.995,0.020,0.095 out_fov=1.8850
client level=warn t=445781 ev=vr.xr submit layers=1 result=0 fov=1.8850
client level=warn t=446578 ev=vr.pad stats injected=0 held=0 mouse=0,0 move=0.00,0.00 turn=0.00,0.00 trig=0.00,0.00 buttons=0x0
client level=warn t=446625 ev=vr.xr pose fwd=-0.967,0.172,-0.187 off=0.200,0.560,0.276 fov=1.8850 aspect=0.964
client level=warn t=447578 ev=vr.weapon callers path=getter D5D832:180 B363FA:540 B3598D:180 B40A78:0
client level=warn t=447578 ev=vr.weapon callers path=ptr D98F49:900 D7FB5C:71 DB8CB6:180 12B0A09:180 16E8861:180 D8F242:180 D8B348:180 D8B9B5:180 12B2284:20 D2F672:20 D8492B:40 D7FF2C:10 F4276C:2
client level=warn t=447578 ev=vr.probe pose in_pos=624.31,275.40,43.10 in_fwd=-0.995,0.020,0.095 in_fov=1.4242 out_pos=624.31,275.40,43.10 out_fwd=-0.995,0.020,0.095 out_fov=1.8850
client level=warn t=449093 ev=vr.pad stats injected=0 held=0 mouse=0,0 move=0.00,0.00 turn=0.00,0.00 trig=0.00,0.00 buttons=0x0
client level=warn t=449140 ev=vr.xr pose fwd=-0.935,-0.262,0.240 off=0.050,0.265,0.312 fov=1.8850 aspect=0.964
client level=warn t=449984 ev=vr.xr submit layers=1 result=0 fov=1.8850
client level=warn t=450109 ev=vr.weapon callers path=getter D5D832:180 B363FA:540 B3598D:180 B40A78:0
client level=warn t=450109 ev=vr.weapon callers path=ptr D98F49:900 D7FB5C:74 DB8CB6:180 12B0A09:180 16E8861:180 D8F242:180 D8B348:180 D8B9B5:180 12B2284:20 D2F672:20 D8492B:40 D7FF2C:10 F4276C:3
client level=warn t=450109 ev=vr.probe pose in_pos=624.31,275.40,43.10 in_fwd=-0.995,0.020,0.095 in_fov=1.4242 out_pos=624.31,275.40,43.10 out_fwd=-0.995,0.020,0.095 out_fov=1.8850
client level=warn t=451609 ev=vr.pad stats injected=0 held=0 mouse=0,0 move=0.00,0.00 turn=0.00,0.00 trig=0.00,0.00 buttons=0x0
client level=warn t=451640 ev=vr.xr pose fwd=-0.902,0.431,0.033 off=-0.090,-0.057,-0.025 fov=1.8850 aspect=0.964
client level=warn t=452703 ev=vr.weapon callers path=getter D5D832:180 B363FA:540 B3598D:180 B40A78:0
client level=warn t=452703 ev=vr.weapon callers path=ptr D98F49:900 D7FB5C:72 DB8CB6:180 12B0A09:180 16E8861:180 D8F242:180 D8B348:180 D8B9B5:180 12B2284:21 D2F672:21 D8492B:43 D7FF2C:10 F4276C:2
client level=warn t=452718 ev=vr.probe pose in_pos=622.77,275.54,43.20 in_fwd=-0.995,0.078,0.069 in_fov=1.4242 out_pos=622.77,275.54,43.20 out_fwd=-0.995,0.078,0.069 out_fov=1.8850
client level=warn t=454203 ev=vr.pad stats injected=0 held=0 mouse=0,0 move=0.00,0.00 turn=0.00,0.00 trig=0.00,0.00 buttons=0x0
client level=warn t=454250 ev=vr.xr pose fwd=-0.680,0.557,0.477 off=-0.118,-0.164,0.002 fov=1.8850 aspect=0.964
client level=warn t=454250 ev=vr.xr submit layers=1 result=0 fov=1.8850
client level=warn t=455218 ev=vr.weapon callers path=getter D5D832:180 B363FA:540 B3598D:180 B40A78:0
client level=warn t=455218 ev=vr.weapon callers path=ptr D98F49:900 D7FB5C:63 DB8CB6:180 12B0A09:180 16E8861:180 D8F242:180 D8B348:180 D8B9B5:180 12B2284:20 D2F672:20 D8492B:29 D7FF2C:10 F4276C:3
client level=warn t=455218 ev=vr.probe pose in_pos=615.96,276.66,43.90 in_fwd=-0.925,0.351,-0.145 in_fov=1.4242 out_pos=615.96,276.66,43.90 out_fwd=-0.925,0.351,-0.145 out_fov=1.8850
client level=warn t=456703 ev=vr.pad stats injected=0 held=0 mouse=0,0 move=0.00,0.00 turn=0.00,0.00 trig=0.00,0.00 buttons=0x0
client level=warn t=456750 ev=vr.xr pose fwd=-0.858,0.442,-0.262 off=0.116,-0.136,-0.057 fov=1.8850 aspect=0.964
client level=warn t=457703 ev=vr.weapon callers path=getter D5D832:180 B363FA:540 B3598D:180 B40A78:0
client level=warn t=457703 ev=vr.weapon callers path=ptr D98F49:900 D7FB5C:77 DB8CB6:180 12B0A09:180 16E8861:180 D8F242:180 D8B348:180 D8B9B5:180 12B2284:20 D2F672:20 D8492B:33 D7FF2C:11 F4276C:2
client level=warn t=457703 ev=vr.probe pose in_pos=615.96,276.66,43.90 in_fwd=-0.925,0.351,-0.145 in_fov=1.4242 out_pos=615.96,276.66,43.90 out_fwd=-0.925,0.351,-0.145 out_fov=1.8850
client level=warn t=458406 ev=vr.xr submit layers=1 result=0 fov=1.8850
client level=warn t=459203 ev=vr.pad stats injected=0 held=0 mouse=0,0 move=0.00,0.00 turn=0.00,0.00 trig=0.00,0.00 buttons=0x0
client level=warn t=459250 ev=vr.xr pose fwd=-0.834,0.459,-0.306 off=-0.144,-0.010,-0.052 fov=1.8850 aspect=0.964
client level=warn t=460203 ev=vr.weapon callers path=getter D5D832:180 B363FA:540 B3598D:180 B40A78:0
client level=warn t=460203 ev=vr.weapon callers path=ptr D98F49:900 D7FB5C:77 DB8CB6:180 12B0A09:180 16E8861:180 D8F242:180 D8B348:180 D8B9B5:180 12B2284:20 D2F672:20 D8492B:33 D7FF2C:11 F4276C:3
client level=warn t=460203 ev=vr.probe pose in_pos=615.96,276.66,43.90 in_fwd=-0.979,0.091,0.180 in_fov=1.4242 out_pos=615.96,276.66,43.90 out_fwd=-0.979,0.091,0.180 out_fov=1.8850
client level=warn t=461718 ev=vr.pad stats injected=0 held=0 mouse=0,0 move=0.00,0.00 turn=0.00,0.00 trig=0.00,0.00 buttons=0x0
client level=warn t=461750 ev=vr.xr pose fwd=-0.985,0.051,0.162 off=-0.079,-0.096,-0.006 fov=1.8850 aspect=0.964
client level=warn t=462625 ev=vr.xr submit layers=1 result=0 fov=1.8850
client level=warn t=462781 ev=vr.weapon callers path=getter D5D832:180 B363FA:540 B3598D:180 B40A78:2
client level=warn t=462781 ev=vr.weapon callers path=ptr D98F49:900 D7FB5C:70 DB8CB6:180 12B0A09:180 16E8861:180 D8F242:180 D8B348:180 D8B9B5:180 12B2284:23 D2F672:22 D8492B:30 D7FF2C:10 F4276C:2 CE3C40:1
client level=warn t=462781 ev=vr.probe pose in_pos=615.96,276.66,43.90 in_fwd=-0.998,0.057,0.028 in_fov=1.4242 out_pos=615.96,276.66,43.90 out_fwd=-0.998,0.057,0.028 out_fov=1.8850
client level=warn t=464296 ev=vr.pad stats injected=0 held=0 mouse=0,0 move=0.00,0.00 turn=0.00,0.00 trig=0.00,0.00 buttons=0x0
client level=warn t=464343 ev=vr.xr pose fwd=-0.571,0.440,0.693 off=-0.063,-0.115,0.022 fov=1.8850 aspect=0.964
client level=warn t=465296 ev=vr.weapon callers path=getter D5D832:180 B363FA:540 B3598D:180 B40A78:2
client level=warn t=465296 ev=vr.weapon callers path=ptr D98F49:900 D7FB5C:70 DB8CB6:180 12B0A09:180 16E8861:180 D8F242:180 D8B348:180 D8B9B5:180 12B2284:23 D2F672:22 D8492B:30 D7FF2C:10 F4276C:3 CE3C40:1
client level=warn t=465312 ev=vr.probe pose in_pos=610.38,278.19,44.94 in_fwd=-0.679,0.176,0.713 in_fov=1.4242 out_pos=610.38,278.19,44.94 out_fwd=-0.679,0.176,0.713 out_fov=1.8850
client level=warn t=466812 ev=vr.pad stats injected=0 held=0 mouse=0,0 move=0.00,0.00 turn=0.00,0.00 trig=0.00,0.00 buttons=0x0
client level=warn t=466859 ev=vr.xr pose fwd=-0.648,-0.757,0.081 off=-0.012,-0.103,-0.017 fov=1.8850 aspect=0.964
client level=warn t=466859 ev=vr.xr submit layers=1 result=0 fov=1.8850
client level=warn t=467828 ev=vr.weapon callers path=getter D5D832:168 B363FA:540 B3598D:180 B40A78:4
client level=warn t=467828 ev=vr.weapon callers path=ptr D98F49:900 D7FB5C:75 DB8CB6:180 12B0A09:180 16E8861:180 D8F242:180 D8B348:180 D8B9B5:180 12B2284:24 D2F672:22 D8492B:29 D7FF2C:10 F4276C:3 CE3C40:2 1292634:13 B35BEE:12
client level=warn t=467828 ev=vr.probe pose in_pos=604.80,273.93,45.53 in_fwd=-0.630,-0.737,0.245 in_fov=1.5350 out_pos=604.80,273.93,45.53 out_fwd=-0.630,-0.737,0.245 out_fov=1.8850
client level=warn t=469312 ev=vr.pad stats injected=0 held=0 mouse=0,0 move=0.00,0.00 turn=0.00,0.00 trig=0.00,0.00 buttons=0x0
client level=warn t=469359 ev=vr.xr pose fwd=-0.278,-0.932,0.231 off=-0.061,-0.092,-0.044 fov=1.8850 aspect=0.964
client level=warn t=470312 ev=vr.weapon callers path=getter D5D832:0 B363FA:540 B3598D:180 B40A78:0
client level=warn t=470312 ev=vr.weapon callers path=ptr D98F49:900 D7FB5C:66 DB8CB6:180 12B0A09:180 16E8861:180 D8F242:180 D8B348:180 D8B9B5:180 12B2284:20 D2F672:20 D8492B:20 D7FF2C:10 F4276C:2 CE3C40:0 1292634:22 B35BEE:180
client level=warn t=470328 ev=vr.probe pose in_pos=602.12,270.00,46.20 in_fwd=-0.473,-0.843,0.256 in_fov=1.5629 out_pos=602.12,270.00,46.20 out_fwd=-0.473,-0.843,0.256 out_fov=1.8850
client level=warn t=471015 ev=vr.xr submit layers=1 result=0 fov=1.8850
client level=warn t=471828 ev=vr.pad stats injected=0 held=0 mouse=0,0 move=0.00,0.00 turn=0.00,0.00 trig=0.00,0.00 buttons=0x0
client level=warn t=471875 ev=vr.xr pose fwd=-0.516,-0.758,0.399 off=0.048,-0.085,-0.002 fov=1.8850 aspect=0.964
client level=warn t=472843 ev=vr.weapon callers path=getter D5D832:177 B363FA:540 B3598D:180 B40A78:0
client level=warn t=472843 ev=vr.weapon callers path=ptr D98F49:900 D7FB5C:72 DB8CB6:180 12B0A09:180 16E8861:180 D8F242:180 D8B348:180 D8B9B5:180 12B2284:20 D2F672:20 D8492B:30 D7FF2C:10 F4276C:3 CE3C40:0 1292634:3 B35BEE:2
client level=warn t=472843 ev=vr.probe pose in_pos=597.62,259.79,47.16 in_fwd=-0.396,-0.912,0.107 in_fov=1.4242 out_pos=597.62,259.79,47.16 out_fwd=-0.396,-0.912,0.107 out_fov=1.8850
client level=warn t=474343 ev=vr.pad stats injected=0 held=0 mouse=0,0 move=0.00,0.00 turn=0.00,0.00 trig=0.00,0.00 buttons=0x0
client level=warn t=474375 ev=vr.xr pose fwd=-0.385,-0.919,0.085 off=-0.095,-0.033,-0.047 fov=1.8850 aspect=0.964
server level=warn t=475078 ev=mission_script stage=attach result=no_activity_link session=11433003384888623114
client level=warn t=475218 ev=vr.xr submit layers=1 result=0 fov=1.8850
client level=warn t=475343 ev=vr.weapon callers path=getter D5D832:180 B363FA:540 B3598D:180 B40A78:2
client level=warn t=475343 ev=vr.weapon callers path=ptr D98F49:900 D7FB5C:80 DB8CB6:180 12B0A09:180 16E8861:180 D8F242:180 D8B348:180 D8B9B5:180 12B2284:23 D2F672:22 D8492B:33 D7FF2C:11 F4276C:2 CE3C40:1 1292634:0 B35BEE:0
client level=warn t=475359 ev=vr.probe pose in_pos=596.42,253.17,47.59 in_fwd=-0.350,-0.869,0.349 in_fov=1.4242 out_pos=596.42,253.17,47.59 out_fwd=-0.350,-0.869,0.349 out_fov=1.8850
client level=warn t=476843 ev=vr.pad stats injected=0 held=0 mouse=0,0 move=0.00,0.00 turn=0.00,0.00 trig=0.00,0.00 buttons=0x0
client level=warn t=476875 ev=vr.xr pose fwd=-0.543,-0.839,-0.038 off=0.040,-0.120,-0.048 fov=1.8850 aspect=0.964
client level=warn t=477828 ev=vr.weapon callers path=getter D5D832:180 B363FA:540 B3598D:180 B40A78:0
client level=warn t=477828 ev=vr.weapon callers path=ptr D98F49:900 D7FB5C:64 DB8CB6:180 12B0A09:180 16E8861:180 D8F242:180 D8B348:180 D8B9B5:180 12B2284:20 D2F672:20 D8492B:38 D7FF2C:9 F4276C:0 CE3C40:0 1292634:0 B35BEE:0
client level=warn t=477843 ev=vr.probe pose in_pos=592.55,241.91,48.17 in_fwd=-0.981,0.081,0.179 in_fov=1.4242 out_pos=592.55,241.91,48.17 out_fwd=-0.981,0.081,0.179 out_fov=1.8850
client level=warn t=479359 ev=vr.pad stats injected=0 held=0 mouse=0,0 move=0.00,0.00 turn=0.00,0.00 trig=0.00,0.00 buttons=0x0
client level=warn t=479390 ev=vr.xr pose fwd=0.909,-0.417,-0.023 off=0.110,0.021,-0.044 fov=1.8850 aspect=0.964
client level=warn t=479390 ev=vr.xr submit layers=1 result=0 fov=1.8850
client level=warn t=480359 ev=vr.weapon callers path=getter D5D832:180 B363FA:540 B3598D:180 B40A78:0
client level=warn t=480359 ev=vr.weapon callers path=ptr D98F49:900 D7FB5C:65 DB8CB6:180 12B0A09:180 16E8861:180 D8F242:180 D8B348:180 D8B9B5:180 12B2284:20 D2F672:20 D8492B:38 D7FF2C:10 F4276C:0 CE3C40:0 1292634:0 B35BEE:0
client level=warn t=480359 ev=vr.probe pose in_pos=592.55,241.91,48.17 in_fwd=-0.815,-0.577,0.042 in_fov=1.4242 out_pos=592.55,241.91,48.17 out_fwd=-0.815,-0.577,0.042 out_fov=1.8850
client level=warn t=481859 ev=vr.pad stats injected=0 held=0 mouse=0,0 move=0.00,0.00 turn=0.00,0.00 trig=0.00,0.00 buttons=0x0
client level=warn t=481890 ev=vr.xr pose fwd=-0.972,-0.235,0.004 off=0.109,-0.128,-0.030 fov=1.8850 aspect=0.964
client level=warn t=482859 ev=vr.weapon callers path=getter D5D832:180 B363FA:540 B3598D:180 B40A78:8
client level=warn t=482859 ev=vr.weapon callers path=ptr D98F49:900 D7FB5C:71 DB8CB6:180 12B0A09:180 16E8861:180 D8F242:180 D8B348:180 D8B9B5:180 12B2284:24 D2F672:24 D8492B:40 D7FF2C:10 F4276C:0 CE3C40:4 1292634:0 B35BEE:0
client level=warn t=482859 ev=vr.probe pose in_pos=592.55,241.91,48.16 in_fwd=-0.797,-0.600,0.071 in_fov=1.4242 out_pos=592.55,241.91,48.16 out_fwd=-0.797,-0.600,0.071 out_fov=1.8850
client level=warn t=483562 ev=vr.xr submit layers=1 result=0 fov=1.8850
client level=warn t=484359 ev=vr.pad stats injected=4 held=0 mouse=0,0 move=0.00,0.00 turn=0.00,0.00 trig=0.00,0.00 buttons=0x0
client level=warn t=484390 ev=vr.xr pose fwd=-0.896,-0.443,-0.019 off=0.000,-0.131,-0.034 fov=1.8850 aspect=0.964
client level=warn t=485359 ev=vr.weapon callers path=getter D5D832:180 B363FA:540 B3598D:180 B40A78:8
client level=warn t=485359 ev=vr.weapon callers path=ptr D98F49:900 D7FB5C:74 DB8CB6:180 12B0A09:180 16E8861:180 D8F242:180 D8B348:180 D8B9B5:180 12B2284:25 D2F672:25 D8492B:41 D7FF2C:10 F4276C:0 CE3C40:4 1292634:0 B35BEE:0
client level=warn t=485359 ev=vr.probe pose in_pos=592.55,241.91,48.16 in_fwd=-0.989,-0.016,0.145 in_fov=1.4242 out_pos=592.55,241.91,48.16 out_fwd=-0.989,-0.016,0.145 out_fov=1.8850
client level=warn t=486859 ev=vr.pad stats injected=4 held=0 mouse=0,0 move=0.00,0.00 turn=0.00,0.00 trig=0.00,0.00 buttons=0x0
client level=warn t=486890 ev=vr.xr pose fwd=-0.955,-0.243,0.169 off=-0.078,-0.154,-0.027 fov=1.8850 aspect=0.964
client level=warn t=487734 ev=vr.xr submit layers=1 result=0 fov=1.8850
client level=warn t=487859 ev=vr.weapon callers path=getter D5D832:180 B363FA:540 B3598D:180 B40A78:0
client level=warn t=487859 ev=vr.weapon callers path=ptr D98F49:900 D7FB5C:63 DB8CB6:180 12B0A09:180 16E8861:180 D8F242:180 D8B348:180 D8B9B5:180 12B2284:20 D2F672:20 D8492B:39 D7FF2C:10 F4276C:0 CE3C40:0 1292634:0 B35BEE:0
client level=warn t=487875 ev=vr.probe pose in_pos=592.55,241.91,48.16 in_fwd=-0.939,-0.337,0.066 in_fov=1.4242 out_pos=592.55,241.91,48.16 out_fwd=-0.939,-0.337,0.066 out_fov=1.8850
client level=warn t=489375 ev=vr.pad stats injected=4 held=0 mouse=0,0 move=0.00,0.00 turn=0.00,0.00 trig=0.00,0.00 buttons=0x0
client level=warn t=489421 ev=vr.xr pose fwd=-0.405,-0.908,0.112 off=0.050,-0.135,-0.032 fov=1.8850 aspect=0.964
client level=warn t=490390 ev=vr.weapon callers path=getter D5D832:180 B363FA:540 B3598D:180 B40A78:0
client level=warn t=490390 ev=vr.weapon callers path=ptr D98F49:900 D7FB5C:70 DB8CB6:180 12B0A09:180 16E8861:180 D8F242:180 D8B348:180 D8B9B5:180 12B2284:21 D2F672:21 D8492B:40 D7FF2C:10 F4276C:0 CE3C40:0 1292634:0 B35BEE:0
client level=warn t=490406 ev=vr.probe pose in_pos=591.36,240.64,48.37 in_fwd=-0.986,-0.167,-0.001 in_fov=1.4242 out_pos=591.36,240.64,48.37 out_fwd=-0.986,-0.167,-0.001 out_fov=1.8850
client level=warn t=491890 ev=vr.pad stats injected=4 held=0 mouse=0,0 move=0.00,0.00 turn=0.00,0.00 trig=0.00,0.00 buttons=0x0
client level=warn t=491937 ev=vr.xr pose fwd=-0.134,-0.982,0.134 off=0.060,-0.160,-0.031 fov=1.8850 aspect=0.964
client level=warn t=491937 ev=vr.xr submit layers=1 result=0 fov=1.8850
client level=warn t=492890 ev=vr.weapon callers path=getter D5D832:180 B363FA:540 B3598D:180 B40A78:0
client level=warn t=492890 ev=vr.weapon callers path=ptr D98F49:900 D7FB5C:70 DB8CB6:180 12B0A09:180 16E8861:180 D8F242:180 D8B348:180 D8B9B5:180 12B2284:20 D2F672:20 D8492B:40 D7FF2C:10 F4276C:0 CE3C40:0 1292634:0 B35BEE:0
client level=warn t=492906 ev=vr.probe pose in_pos=591.36,240.64,48.37 in_fwd=-0.764,-0.644,0.027 in_fov=1.4242 out_pos=591.36,240.64,48.37 out_fwd=-0.764,-0.644,0.027 out_fov=1.8850
client level=warn t=494390 ev=vr.pad stats injected=4 held=0 mouse=0,0 move=0.00,0.00 turn=0.00,0.00 trig=0.00,0.00 buttons=0x0
client level=warn t=494437 ev=vr.xr pose fwd=-0.785,-0.618,-0.035 off=-0.012,-0.153,-0.046 fov=1.8850 aspect=0.964
client level=warn t=495390 ev=vr.weapon callers path=getter D5D832:180 B363FA:540 B3598D:180 B40A78:0
client level=warn t=495390 ev=vr.weapon callers path=ptr D98F49:900 D7FB5C:72 DB8CB6:180 12B0A09:180 16E8861:180 D8F242:180 D8B348:180 D8B9B5:180 12B2284:20 D2F672:20 D8492B:40 D7FF2C:10 F4276C:0 CE3C40:0 1292634:0 B35BEE:0
client level=warn t=495406 ev=vr.probe pose in_pos=591.36,240.64,48.37 in_fwd=-0.758,-0.652,0.028 in_fov=1.4242 out_pos=591.36,240.64,48.37 out_fwd=-0.758,-0.652,0.028 out_fov=1.8850
client level=warn t=496109 ev=vr.xr submit layers=1 result=0 fov=1.8850
client level=warn t=496890 ev=vr.pad stats injected=4 held=0 mouse=0,0 move=0.00,0.00 turn=0.00,0.00 trig=0.00,0.00 buttons=0x0
client level=warn t=496937 ev=vr.xr pose fwd=-0.875,-0.332,-0.353 off=-0.064,-0.093,-0.073 fov=1.8850 aspect=0.964
client level=warn t=497890 ev=vr.weapon callers path=getter D5D832:180 B363FA:540 B3598D:180 B40A78:0
client level=warn t=497890 ev=vr.weapon callers path=ptr D98F49:900 D7FB5C:72 DB8CB6:180 12B0A09:180 16E8861:180 D8F242:180 D8B348:180 D8B9B5:180 12B2284:20 D2F672:20 D8492B:40 D7FF2C:10 F4276C:0 CE3C40:0 1292634:0 B35BEE:0
client level=warn t=497906 ev=vr.probe pose in_pos=591.36,240.64,48.37 in_fwd=-0.751,-0.656,0.075 in_fov=1.4242 out_pos=591.36,240.64,48.37 out_fwd=-0.751,-0.656,0.075 out_fov=1.8850
client level=warn t=499390 ev=vr.pad stats injected=4 held=0 mouse=0,0 move=0.00,0.00 turn=0.00,0.00 trig=0.00,0.00 buttons=0x0
client level=warn t=499437 ev=vr.xr pose fwd=-0.344,-0.938,-0.030 off=-0.000,-0.086,-0.044 fov=1.8850 aspect=0.964
client level=warn t=500265 ev=vr.xr submit layers=1 result=0 fov=1.8850
client level=warn t=500390 ev=vr.weapon callers path=getter D5D832:180 B363FA:540 B3598D:180 B40A78:0
client level=warn t=500390 ev=vr.weapon callers path=ptr D98F49:900 D7FB5C:59 DB8CB6:180 12B0A09:180 16E8861:180 D8F242:180 D8B348:180 D8B9B5:180 12B2284:20 D2F672:20 D8492B:33 D7FF2C:9 F4276C:0 CE3C40:0 1292634:0 B35BEE:0
client level=warn t=500406 ev=vr.probe pose in_pos=591.36,240.64,48.41 in_fwd=-0.150,-0.986,0.073 in_fov=1.4242 out_pos=591.36,240.64,48.41 out_fwd=-0.150,-0.986,0.073 out_fov=1.8850
client level=warn t=501890 ev=vr.pad stats injected=4 held=0 mouse=0,0 move=0.00,0.00 turn=0.00,0.00 trig=0.00,0.00 buttons=0x0
client level=warn t=501937 ev=vr.xr pose fwd=-0.340,-0.920,0.195 off=0.028,-0.083,-0.020 fov=1.8850 aspect=0.964
client level=warn t=503046 ev=vr.weapon callers path=getter D5D832:180 B363FA:540 B3598D:180 B40A78:0
client level=warn t=503046 ev=vr.weapon callers path=ptr D98F49:900 D7FB5C:63 DB8CB6:180 12B0A09:90 16E8861:180 D8F242:180 D8B348:180 D8B9B5:180 12B2284:21 D2F672:21 D8492B:26 D7FF2C:8 F4276C:0 CE3C40:0 1292634:0 B35BEE:74
client level=warn t=503046 ev=vr.probe pose in_pos=591.36,240.64,48.41 in_fwd=-0.212,-0.977,-0.013 in_fov=1.4242 out_pos=591.36,240.64,48.41 out_fwd=-0.212,-0.977,-0.013 out_fov=1.8850
client level=warn t=504718 ev=vr.pad stats injected=4 held=0 mouse=0,0 move=0.00,0.00 turn=0.00,0.00 trig=0.00,0.00 buttons=0x0
client level=warn t=504765 ev=vr.xr pose fwd=0.216,-0.976,-0.020 off=0.075,-0.114,-0.043 fov=1.8850 aspect=0.964
client level=warn t=504765 ev=vr.xr submit layers=1 result=0 fov=1.8850
client level=warn t=505781 ev=vr.weapon callers path=getter D5D832:180 B363FA:540 B3598D:180 B40A78:0
client level=warn t=505781 ev=vr.weapon callers path=ptr D98F49:900 D7FB5C:75 DB8CB6:180 12B0A09:0 16E8861:180 D8F242:180 D8B348:180 D8B9B5:180 12B2284:22 D2F672:22 D8492B:31 D7FF2C:11 F4276C:0 CE3C40:0 1292634:0 B35BEE:180
client level=warn t=505796 ev=vr.probe pose in_pos=591.36,240.64,48.41 in_fwd=-0.212,-0.977,-0.013 in_fov=1.4242 out_pos=591.36,240.64,48.41 out_fwd=-0.212,-0.977,-0.013 out_fov=1.8850
client level=warn t=507437 ev=vr.pad stats injected=4 held=0 mouse=0,0 move=0.00,0.00 turn=0.00,0.00 trig=0.00,0.00 buttons=0x0
client level=warn t=507484 ev=vr.xr pose fwd=-0.170,-0.985,-0.011 off=0.029,-0.105,-0.040 fov=1.8850 aspect=0.964
client level=warn t=508468 ev=vr.weapon callers path=getter D5D832:180 B363FA:540 B3598D:180 B40A78:0
client level=warn t=508468 ev=vr.weapon callers path=ptr D98F49:900 D7FB5C:51 DB8CB6:180 12B0A09:62 16E8861:180 D8F242:180 D8B348:180 D8B9B5:180 12B2284:22 D2F672:22 D8492B:24 D7FF2C:8 F4276C:0 CE3C40:0 1292634:0 B35BEE:105
client level=warn t=508468 ev=vr.probe pose in_pos=591.36,240.64,48.41 in_fwd=-0.337,-0.939,-0.069 in_fov=1.4242 out_pos=591.36,240.64,48.41 out_fwd=-0.337,-0.939,-0.069 out_fov=1.8850
client level=warn t=509187 ev=vr.xr submit layers=1 result=0 fov=1.8850
client level=warn t=510000 ev=vr.pad stats injected=4 held=0 mouse=0,0 move=0.00,0.00 turn=0.00,0.00 trig=0.00,0.00 buttons=0x0
client level=warn t=510031 ev=vr.xr pose fwd=-0.664,-0.739,-0.113 off=0.138,-0.207,-0.084 fov=1.8850 aspect=0.964
client level=warn t=511000 ev=vr.weapon callers path=getter D5D832:180 B363FA:540 B3598D:180 B40A78:0
client level=warn t=511000 ev=vr.weapon callers path=ptr D98F49:900 D7FB5C:70 DB8CB6:180 12B0A09:180 16E8861:180 D8F242:180 D8B348:180 D8B9B5:180 12B2284:20 D2F672:20 D8492B:36 D7FF2C:9 F4276C:0 CE3C40:0 1292634:0 B35BEE:0
client level=warn t=511000 ev=vr.probe pose in_pos=591.36,240.64,48.41 in_fwd=-0.373,-0.926,-0.051 in_fov=1.4242 out_pos=591.36,240.64,48.41 out_fwd=-0.373,-0.926,-0.051 out_fov=1.8850
client level=warn t=512515 ev=vr.pad stats injected=4 held=0 mouse=0,0 move=0.00,0.00 turn=0.00,0.00 trig=0.00,0.00 buttons=0x0
client level=warn t=512562 ev=vr.xr pose fwd=-0.698,0.536,0.474 off=0.242,-0.009,-0.010 fov=1.8850 aspect=0.964
client level=warn t=513390 ev=vr.xr submit layers=1 result=0 fov=1.8850
client level=warn t=513515 ev=vr.weapon callers path=getter D5D832:180 B363FA:540 B3598D:180 B40A78:0
client level=warn t=513515 ev=vr.weapon callers path=ptr D98F49:900 D7FB5C:64 DB8CB6:180 12B0A09:180 16E8861:180 D8F242:180 D8B348:180 D8B9B5:180 12B2284:21 D2F672:21 D8492B:39 D7FF2C:10 F4276C:0 CE3C40:0 1292634:0 B35BEE:0
client level=warn t=513531 ev=vr.probe pose in_pos=591.36,240.64,48.41 in_fwd=-0.373,-0.926,-0.051 in_fov=1.4242 out_pos=591.36,240.64,48.41 out_fwd=-0.373,-0.926,-0.051 out_fov=1.8850
client level=warn t=515015 ev=vr.pad stats injected=4 held=0 mouse=0,0 move=0.00,0.00 turn=0.00,0.00 trig=0.00,0.00 buttons=0x0
client level=warn t=515062 ev=vr.xr pose fwd=0.105,-0.551,-0.828 off=-0.209,0.000,0.164 fov=1.8850 aspect=0.964
client level=warn t=516015 ev=vr.weapon callers path=getter D5D832:180 B363FA:540 B3598D:180 B40A78:0
client level=warn t=516015 ev=vr.weapon callers path=ptr D98F49:900 D7FB5C:73 DB8CB6:180 12B0A09:180 16E8861:180 D8F242:180 D8B348:180 D8B9B5:180 12B2284:20 D2F672:20 D8492B:40 D7FF2C:10 F4276C:0 CE3C40:0 1292634:0 B35BEE:0
client level=warn t=516015 ev=vr.probe pose in_pos=591.36,240.64,48.41 in_fwd=-0.373,-0.926,-0.051 in_fov=1.4242 out_pos=591.36,240.64,48.41 out_fwd=-0.373,-0.926,-0.051 out_fov=1.8850
client level=warn t=517515 ev=vr.pad stats injected=4 held=0 mouse=0,0 move=0.00,0.00 turn=0.00,0.00 trig=0.00,0.00 buttons=0x0
client level=warn t=517562 ev=vr.xr pose fwd=-0.893,-0.446,-0.058 off=-0.388,0.347,0.279 fov=1.8850 aspect=0.964
client level=warn t=517562 ev=vr.xr submit layers=1 result=0 fov=1.8850
client level=warn t=518515 ev=vr.weapon callers path=getter D5D832:180 B363FA:540 B3598D:180 B40A78:0
client level=warn t=518515 ev=vr.weapon callers path=ptr D98F49:900 D7FB5C:73 DB8CB6:180 12B0A09:180 16E8861:180 D8F242:180 D8B348:180 D8B9B5:180 12B2284:20 D2F672:20 D8492B:40 D7FF2C:10 F4276C:0 CE3C40:0 1292634:0 B35BEE:0
client level=warn t=518515 ev=vr.probe pose in_pos=591.36,240.64,48.41 in_fwd=-0.373,-0.926,-0.051 in_fov=1.4242 out_pos=591.36,240.64,48.41 out_fwd=-0.373,-0.926,-0.051 out_fov=1.8850
client level=warn t=520015 ev=vr.pad stats injected=4 held=0 mouse=0,0 move=0.00,0.00 turn=0.00,0.00 trig=0.00,0.00 buttons=0x0
client level=warn t=520062 ev=vr.xr pose fwd=0.726,0.688,-0.024 off=-0.288,0.274,0.289 fov=1.8850 aspect=0.964
client level=warn t=521015 ev=vr.weapon callers path=getter D5D832:180 B363FA:540 B3598D:180 B40A78:0
client level=warn t=521015 ev=vr.weapon callers path=ptr D98F49:900 D7FB5C:70 DB8CB6:180 12B0A09:180 16E8861:180 D8F242:180 D8B348:180 D8B9B5:180 12B2284:20 D2F672:20 D8492B:44 D7FF2C:11 F4276C:0 CE3C40:0 1292634:0 B35BEE:0
client level=warn t=521031 ev=vr.probe pose in_pos=591.36,240.64,48.41 in_fwd=-0.373,-0.926,-0.051 in_fov=1.4242 out_pos=591.36,240.64,48.41 out_fwd=-0.373,-0.926,-0.051 out_fov=1.8850
client level=warn t=521734 ev=vr.xr submit layers=1 result=0 fov=1.8850
client level=warn t=522515 ev=vr.pad stats injected=4 held=0 mouse=0,0 move=0.00,0.00 turn=0.00,0.00 trig=0.00,0.00 buttons=0x0
client level=warn t=522562 ev=vr.xr pose fwd=-0.468,-0.879,0.096 off=-0.235,0.072,0.294 fov=1.8850 aspect=0.964
client level=warn t=523515 ev=vr.weapon callers path=getter D5D832:180 B363FA:540 B3598D:180 B40A78:0
client level=warn t=523515 ev=vr.weapon callers path=ptr D98F49:900 D7FB5C:70 DB8CB6:180 12B0A09:180 16E8861:180 D8F242:180 D8B348:180 D8B9B5:180 12B2284:20 D2F672:20 D8492B:40 D7FF2C:10 F4276C:0 CE3C40:0 1292634:0 B35BEE:0
client level=warn t=523531 ev=vr.probe pose in_pos=591.36,240.64,48.41 in_fwd=-0.373,-0.926,-0.051 in_fov=1.4242 out_pos=591.36,240.64,48.41 out_fwd=-0.373,-0.926,-0.051 out_fov=1.8850
client level=warn t=525031 ev=vr.pad stats injected=4 held=0 mouse=0,0 move=0.00,0.00 turn=0.00,0.00 trig=0.00,0.00 buttons=0x0
client level=warn t=525078 ev=vr.xr pose fwd=-0.514,-0.814,-0.269 off=-0.261,-0.132,0.100 fov=1.8850 aspect=0.964
client level=warn t=525921 ev=vr.xr submit layers=1 result=0 fov=1.8850
client level=warn t=526046 ev=vr.weapon callers path=getter D5D832:180 B363FA:540 B3598D:180 B40A78:0
client level=warn t=526046 ev=vr.weapon callers path=ptr D98F49:900 D7FB5C:76 DB8CB6:180 12B0A09:180 16E8861:180 D8F242:180 D8B348:180 D8B9B5:180 12B2284:21 D2F672:21 D8492B:40 D7FF2C:10 F4276C:0 CE3C40:0 1292634:0 B35BEE:0
client level=warn t=526062 ev=vr.probe pose in_pos=591.36,240.64,48.41 in_fwd=-0.373,-0.926,-0.051 in_fov=1.4242 out_pos=591.36,240.64,48.41 out_fwd=-0.373,-0.926,-0.051 out_fov=1.8850
client level=warn t=527546 ev=vr.pad stats injected=4 held=0 mouse=0,0 move=0.00,0.00 turn=0.00,0.00 trig=0.00,0.00 buttons=0x0
client level=warn t=527593 ev=vr.xr pose fwd=-0.280,-0.949,-0.147 off=-0.235,-0.205,0.171 fov=1.8850 aspect=0.964
client level=warn t=528546 ev=vr.weapon callers path=getter D5D832:180 B363FA:540 B3598D:180 B40A78:0
client level=warn t=528546 ev=vr.weapon callers path=ptr D98F49:900 D7FB5C:71 DB8CB6:180 12B0A09:180 16E8861:180 D8F242:180 D8B348:180 D8B9B5:180 12B2284:20 D2F672:20 D8492B:44 D7FF2C:10 F4276C:0 CE3C40:0 1292634:0 B35BEE:0
client level=warn t=528562 ev=vr.probe pose in_pos=591.36,240.64,48.41 in_fwd=-0.373,-0.926,-0.051 in_fov=1.4242 out_pos=591.36,240.64,48.41 out_fwd=-0.373,-0.926,-0.051 out_fov=1.8850
client level=warn t=530046 ev=vr.pad stats injected=4 held=0 mouse=0,0 move=0.00,0.00 turn=0.00,0.00 trig=0.00,0.00 buttons=0x0
client level=warn t=530093 ev=vr.xr pose fwd=-0.776,-0.612,-0.153 off=0.164,-0.128,-0.090 fov=1.8850 aspect=0.964
client level=warn t=530093 ev=vr.xr submit layers=1 result=0 fov=1.8850
client level=warn t=531046 ev=vr.weapon callers path=getter D5D832:180 B363FA:540 B3598D:180 B40A78:0
client level=warn t=531046 ev=vr.weapon callers path=ptr D98F49:900 D7FB5C:70 DB8CB6:180 12B0A09:180 16E8861:180 D8F242:180 D8B348:180 D8B9B5:180 12B2284:20 D2F672:20 D8492B:40 D7FF2C:11 F4276C:0 CE3C40:0 1292634:0 B35BEE:0
client level=warn t=531046 ev=vr.probe pose in_pos=591.36,240.64,48.41 in_fwd=-0.373,-0.926,-0.051 in_fov=1.4242 out_pos=591.36,240.64,48.41 out_fwd=-0.373,-0.926,-0.051 out_fov=1.8850
client level=warn t=532546 ev=vr.pad stats injected=4 held=0 mouse=0,0 move=0.00,0.00 turn=0.00,0.00 trig=0.00,0.00 buttons=0x0
client level=warn t=532593 ev=vr.xr pose fwd=-0.979,-0.203,-0.019 off=-0.109,-0.072,-0.039 fov=1.8850 aspect=0.964
client level=warn t=533546 ev=vr.weapon callers path=getter D5D832:180 B363FA:540 B3598D:180 B40A78:0
client level=warn t=533546 ev=vr.weapon callers path=ptr D98F49:900 D7FB5C:70 DB8CB6:180 12B0A09:180 16E8861:180 D8F242:180 D8B348:180 D8B9B5:180 12B2284:20 D2F672:20 D8492B:37 D7FF2C:9 F4276C:0 CE3C40:0 1292634:0 B35BEE:0
client level=warn t=533562 ev=vr.probe pose in_pos=594.18,240.75,48.17 in_fwd=0.930,0.365,0.030 in_fov=1.4242 out_pos=594.18,240.75,48.17 out_fwd=0.930,0.365,0.030 out_fov=1.8850
client level=warn t=534250 ev=vr.xr submit layers=1 result=0 fov=1.8850
client level=warn t=535046 ev=vr.pad stats injected=4 held=0 mouse=0,0 move=0.00,0.00 turn=0.00,0.00 trig=0.00,0.00 buttons=0x0
client level=warn t=535093 ev=vr.xr pose fwd=0.805,0.530,0.266 off=0.020,0.203,-0.035 fov=1.8850 aspect=0.964
client level=warn t=536125 ev=vr.weapon callers path=getter D5D832:180 B363FA:540 B3598D:180 B40A78:0
client level=warn t=536125 ev=vr.weapon callers path=ptr D98F49:900 D7FB5C:70 DB8CB6:180 12B0A09:180 16E8861:180 D8F242:180 D8B348:180 D8B9B5:180 12B2284:20 D2F672:20 D8492B:43 D7FF2C:11 F4276C:0 CE3C40:0 1292634:0 B35BEE:0
client level=warn t=536140 ev=vr.probe pose in_pos=600.06,249.43,47.33 in_fwd=0.892,0.441,0.101 in_fov=1.4242 out_pos=600.06,249.43,47.33 out_fwd=0.892,0.441,0.101 out_fov=1.8850
client level=warn t=537625 ev=vr.pad stats injected=4 held=0 mouse=0,0 move=0.00,0.00 turn=0.00,0.00 trig=0.00,0.00 buttons=0x0
client level=warn t=537671 ev=vr.xr pose fwd=0.511,-0.854,-0.100 off=-0.045,0.052,-0.029 fov=1.8850 aspect=0.964
client level=warn t=538500 ev=vr.xr submit layers=1 result=0 fov=1.8850
client level=warn t=538625 ev=vr.weapon callers path=getter D5D832:180 B363FA:540 B3598D:180 B40A78:0
client level=warn t=538625 ev=vr.weapon callers path=ptr D98F49:900 D7FB5C:70 DB8CB6:180 12B0A09:180 16E8861:180 D8F242:180 D8B348:180 D8B9B5:180 12B2284:20 D2F672:20 D8492B:40 D7FF2C:10 F4276C:0 CE3C40:0 1292634:0 B35BEE:0
client level=warn t=538640 ev=vr.probe pose in_pos=600.10,249.87,47.35 in_fwd=0.947,-0.250,0.203 in_fov=1.4242 out_pos=600.10,249.87,47.35 out_fwd=0.947,-0.250,0.203 out_fov=1.8850
client level=warn t=540140 ev=vr.pad stats injected=4 held=0 mouse=0,0 move=0.00,0.00 turn=0.00,0.00 trig=0.00,0.00 buttons=0x0
client level=warn t=540171 ev=vr.xr pose fwd=0.697,-0.702,-0.145 off=-0.018,-0.012,-0.025 fov=1.8850 aspect=0.964
client level=warn t=541125 ev=vr.weapon callers path=getter D5D832:180 B363FA:540 B3598D:180 B40A78:0
client level=warn t=541125 ev=vr.weapon callers path=ptr D98F49:900 D7FB5C:71 DB8CB6:180 12B0A09:180 16E8861:180 D8F242:180 D8B348:180 D8B9B5:180 12B2284:20 D2F672:20 D8492B:40 D7FF2C:10 F4276C:0 CE3C40:0 1292634:0 B35BEE:0
client level=warn t=541140 ev=vr.probe pose in_pos=600.10,249.87,47.35 in_fwd=0.947,-0.250,0.203 in_fov=1.4242 out_pos=600.10,249.87,47.35 out_fwd=0.947,-0.250,0.203 out_fov=1.8850
client level=warn t=541218 ev=vr.xr session state=stopped
client level=warn t=542500 ev=vr.pad stats injected=4 held=0 mouse=0,0 move=0.00,0.00 turn=0.00,0.00 trig=0.00,0.00 buttons=0x0
client level=warn t=543421 ev=vr.weapon callers path=getter D5D832:180 B363FA:540 B3598D:180 B40A78:0
client level=warn t=543421 ev=vr.weapon callers path=ptr D98F49:900 D7FB5C:68 DB8CB6:180 12B0A09:180 16E8861:180 D8F242:180 D8B348:180 D8B9B5:180 12B2284:20 D2F672:20 D8492B:36 D7FF2C:9 F4276C:0 CE3C40:0 1292634:0 B35BEE:0
client level=warn t=543437 ev=vr.probe pose in_pos=600.10,249.87,47.35 in_fwd=0.947,-0.250,0.203 in_fov=1.4242 out_pos=600.10,249.87,47.35 out_fwd=0.947,-0.250,0.203 out_fov=1.4242
client level=warn t=544765 ev=vr.pad stats injected=4 held=0 mouse=0,0 move=0.00,0.00 turn=0.00,0.00 trig=0.00,0.00 buttons=0x0
client level=warn t=545671 ev=vr.weapon callers path=getter D5D832:180 B363FA:540 B3598D:180 B40A78:0
client level=warn t=545671 ev=vr.weapon callers path=ptr D98F49:900 D7FB5C:71 DB8CB6:180 12B0A09:180 16E8861:180 D8F242:180 D8B348:180 D8B9B5:180 12B2284:19 D2F672:19 D8492B:40 D7FF2C:10 F4276C:0 CE3C40:0 1292634:0 B35BEE:0
client level=warn t=545671 ev=vr.probe pose in_pos=600.10,249.87,47.35 in_fwd=0.947,-0.250,0.203 in_fov=1.4242 out_pos=600.10,249.87,47.35 out_fwd=0.947,-0.250,0.203 out_fov=1.4242
client level=warn t=547078 ev=vr.pad stats injected=4 held=0 mouse=0,0 move=0.00,0.00 turn=0.00,0.00 trig=0.00,0.00 buttons=0x0
client level=warn t=547250 ev=vr.xr session state=running
client level=warn t=548078 ev=vr.weapon callers path=getter D5D832:180 B363FA:540 B3598D:180 B40A78:0
client level=warn t=548078 ev=vr.weapon callers path=ptr D98F49:900 D7FB5C:70 DB8CB6:180 12B0A09:180 16E8861:180 D8F242:180 D8B348:180 D8B9B5:180 12B2284:20 D2F672:20 D8492B:44 D7FF2C:10 F4276C:0 CE3C40:0 1292634:0 B35BEE:0
client level=warn t=548078 ev=vr.probe pose in_pos=600.10,249.87,47.35 in_fwd=0.947,-0.250,0.203 in_fov=1.4242 out_pos=600.10,249.87,47.35 out_fwd=0.947,-0.250,0.203 out_fov=1.8850
client level=warn t=548828 ev=vr.xr pose fwd=0.948,-0.267,-0.171 off=0.095,0.021,-0.021 fov=1.8850 aspect=0.964
client level=warn t=548828 ev=vr.xr submit layers=1 result=0 fov=1.8850
client level=warn t=549578 ev=vr.pad stats injected=4 held=0 mouse=0,0 move=0.00,0.00 turn=0.00,0.00 trig=0.00,0.00 buttons=0x0
client level=warn t=550578 ev=vr.weapon callers path=getter D5D832:180 B363FA:540 B3598D:180 B40A78:0
client level=warn t=550578 ev=vr.weapon callers path=ptr D98F49:900 D7FB5C:70 DB8CB6:180 12B0A09:180 16E8861:180 D8F242:180 D8B348:180 D8B9B5:180 12B2284:20 D2F672:20 D8492B:40 D7FF2C:11 F4276C:0 CE3C40:0 1292634:0 B35BEE:0
client level=warn t=550593 ev=vr.probe pose in_pos=600.10,249.87,47.35 in_fwd=0.947,-0.250,0.203 in_fov=1.4242 out_pos=600.10,249.87,47.35 out_fwd=0.947,-0.250,0.203 out_fov=1.8850
client level=warn t=551343 ev=vr.xr pose fwd=0.905,-0.425,-0.015 off=-0.072,0.067,-0.005 fov=1.8850 aspect=0.964
client level=warn t=552093 ev=vr.pad stats injected=4 held=0 mouse=0,0 move=0.00,0.00 turn=0.00,0.00 trig=0.00,0.00 buttons=0x0
client level=warn t=553000 ev=vr.xr submit layers=1 result=0 fov=1.8850
client level=warn t=553078 ev=vr.weapon callers path=getter D5D832:180 B363FA:540 B3598D:180 B40A78:0
client level=warn t=553078 ev=vr.weapon callers path=ptr D98F49:900 D7FB5C:70 DB8CB6:180 12B0A09:180 16E8861:180 D8F242:180 D8B348:180 D8B9B5:180 12B2284:20 D2F672:20 D8492B:40 D7FF2C:10 F4276C:0 CE3C40:0 1292634:0 B35BEE:0
client level=warn t=553093 ev=vr.probe pose in_pos=600.10,249.87,47.35 in_fwd=0.947,-0.250,0.203 in_fov=1.4242 out_pos=600.10,249.87,47.35 out_fwd=0.947,-0.250,0.203 out_fov=1.8850
client level=warn t=553843 ev=vr.xr pose fwd=0.920,-0.381,-0.091 off=0.010,0.127,-0.000 fov=1.8850 aspect=0.964
client level=warn t=554593 ev=vr.pad stats injected=4 held=0 mouse=0,0 move=0.00,0.00 turn=0.00,0.00 trig=0.00,0.00 buttons=0x0
client level=warn t=555578 ev=vr.weapon callers path=getter D5D832:180 B363FA:540 B3598D:180 B40A78:0
client level=warn t=555578 ev=vr.weapon callers path=ptr D98F49:900 D7FB5C:70 DB8CB6:180 12B0A09:180 16E8861:180 D8F242:180 D8B348:180 D8B9B5:180 12B2284:20 D2F672:20 D8492B:40 D7FF2C:10 F4276C:0 CE3C40:0 1292634:0 B35BEE:0
client level=warn t=555593 ev=vr.probe pose in_pos=600.10,249.87,47.35 in_fwd=0.947,-0.250,0.203 in_fov=1.4242 out_pos=600.10,249.87,47.35 out_fwd=0.947,-0.250,0.203 out_fov=1.8850
client level=warn t=556343 ev=vr.xr pose fwd=0.489,-0.842,0.227 off=-0.052,0.090,0.029 fov=1.8850 aspect=0.964
client level=warn t=557093 ev=vr.pad stats injected=4 held=0 mouse=0,0 move=0.00,0.00 turn=0.00,0.00 trig=0.00,0.00 buttons=0x0
client level=warn t=557171 ev=vr.xr submit layers=1 result=0 fov=1.8850
client level=warn t=558125 ev=vr.weapon callers path=getter D5D832:180 B363FA:540 B3598D:180 B40A78:0
client level=warn t=558125 ev=vr.weapon callers path=ptr D98F49:900 D7FB5C:73 DB8CB6:180 12B0A09:180 16E8861:180 D8F242:180 D8B348:180 D8B9B5:180 12B2284:21 D2F672:21 D8492B:40 D7FF2C:10 F4276C:0 CE3C40:0 1292634:0 B35BEE:0
client level=warn t=558140 ev=vr.probe pose in_pos=600.10,249.87,47.35 in_fwd=0.947,-0.250,0.203 in_fov=1.4242 out_pos=600.10,249.87,47.35 out_fwd=0.947,-0.250,0.203 out_fov=1.8850
client level=warn t=558890 ev=vr.xr pose fwd=0.247,0.962,-0.117 off=-0.087,0.253,-0.008 fov=1.8850 aspect=0.964
client level=warn t=559640 ev=vr.pad stats injected=4 held=0 mouse=0,0 move=0.00,0.00 turn=0.00,0.00 trig=0.00,0.00 buttons=0x0
client level=warn t=560625 ev=vr.weapon callers path=getter D5D832:180 B363FA:540 B3598D:180 B40A78:0
client level=warn t=560625 ev=vr.weapon callers path=ptr D98F49:900 D7FB5C:67 DB8CB6:180 12B0A09:180 16E8861:180 D8F242:180 D8B348:180 D8B9B5:180 12B2284:20 D2F672:20 D8492B:40 D7FF2C:10 F4276C:0 CE3C40:0 1292634:0 B35BEE:0
client level=warn t=560640 ev=vr.probe pose in_pos=600.39,249.61,47.31 in_fwd=0.690,-0.496,0.527 in_fov=1.4242 out_pos=600.39,249.61,47.31 out_fwd=0.690,-0.496,0.527 out_fov=1.8850
client level=warn t=561390 ev=vr.xr pose fwd=0.448,-0.894,-0.016 off=0.277,-0.394,-0.001 fov=1.8850 aspect=0.964
client level=warn t=561390 ev=vr.xr submit layers=1 result=0 fov=1.8850
client level=warn t=562156 ev=vr.pad stats injected=4 held=0 mouse=0,0 move=0.00,0.00 turn=0.00,0.00 trig=0.00,0.00 buttons=0x0
client level=warn t=563187 ev=vr.weapon callers path=getter D5D832:180 B363FA:540 B3598D:180 B40A78:0
client level=warn t=563187 ev=vr.weapon callers path=ptr D98F49:900 D7FB5C:76 DB8CB6:180 12B0A09:180 16E8861:180 D8F242:180 D8B348:180 D8B9B5:180 12B2284:21 D2F672:21 D8492B:40 D7FF2C:10 F4276C:0 CE3C40:0 1292634:0 B35BEE:0
client level=warn t=563187 ev=vr.probe pose in_pos=602.60,249.54,47.02 in_fwd=-0.803,0.178,0.569 in_fov=1.4242 out_pos=602.60,249.54,47.02 out_fwd=-0.803,0.178,0.569 out_fov=1.8850
client level=warn t=563937 ev=vr.xr pose fwd=0.618,-0.738,0.270 off=0.160,-0.383,0.031 fov=1.8850 aspect=0.964
client level=warn t=564687 ev=vr.pad stats injected=4 held=0 mouse=0,0 move=0.00,0.00 turn=0.00,0.00 trig=0.00,0.00 buttons=0x0
client level=warn t=565609 ev=vr.xr submit layers=1 result=0 fov=1.8850
client level=warn t=565687 ev=vr.weapon callers path=getter D5D832:180 B363FA:540 B3598D:180 B40A78:0
client level=warn t=565687 ev=vr.weapon callers path=ptr D98F49:900 D7FB5C:71 DB8CB6:180 12B0A09:180 16E8861:180 D8F242:180 D8B348:180 D8B9B5:180 12B2284:20 D2F672:20 D8492B:40 D7FF2C:10 F4276C:0 CE3C40:0 1292634:0 B35BEE:0
client level=warn t=565687 ev=vr.probe pose in_pos=602.60,249.54,47.02 in_fwd=-0.803,0.178,0.569 in_fov=1.4242 out_pos=602.60,249.54,47.02 out_fwd=-0.803,0.178,0.569 out_fov=1.8850
client level=warn t=566437 ev=vr.xr pose fwd=-0.591,0.755,0.283 off=-0.065,-0.296,0.034 fov=1.8850 aspect=0.964
client level=warn t=567187 ev=vr.pad stats injected=4 held=0 mouse=0,0 move=0.00,0.00 turn=0.00,0.00 trig=0.00,0.00 buttons=0x0
client level=warn t=568187 ev=vr.weapon callers path=getter D5D832:180 B363FA:540 B3598D:180 B40A78:0
client level=warn t=568187 ev=vr.weapon callers path=ptr D98F49:900 D7FB5C:70 DB8CB6:180 12B0A09:180 16E8861:180 D8F242:180 D8B348:180 D8B9B5:180 12B2284:20 D2F672:20 D8492B:42 D7FF2C:10 F4276C:0 CE3C40:0 1292634:0 B35BEE:0
client level=warn t=568187 ev=vr.probe pose in_pos=602.60,249.54,47.02 in_fwd=-0.472,0.751,0.463 in_fov=1.4242 out_pos=602.60,249.54,47.02 out_fwd=-0.472,0.751,0.463 out_fov=1.8850
client level=warn t=568937 ev=vr.xr pose fwd=-0.257,0.958,-0.126 off=-0.197,-0.158,-0.004 fov=1.8850 aspect=0.964
client level=warn t=569718 ev=vr.pad stats injected=4 held=0 mouse=0,0 move=0.00,0.00 turn=0.00,0.00 trig=0.00,0.00 buttons=0x0
client level=warn t=569796 ev=vr.xr submit layers=1 result=0 fov=1.8850
client level=warn t=570703 ev=vr.weapon callers path=getter D5D832:180 B363FA:540 B3598D:180 B40A78:0
client level=warn t=570703 ev=vr.weapon callers path=ptr D98F49:900 D7FB5C:63 DB8CB6:180 12B0A09:180 16E8861:180 D8F242:180 D8B348:180 D8B9B5:180 12B2284:20 D2F672:20 D8492B:38 D7FF2C:10 F4276C:0 CE3C40:0 1292634:0 B35BEE:0
client level=warn t=570718 ev=vr.probe pose in_pos=602.60,249.54,47.02 in_fwd=-0.518,0.840,-0.163 in_fov=1.4242 out_pos=602.60,249.54,47.02 out_fwd=-0.518,0.840,-0.163 out_fov=1.8850
client level=warn t=571468 ev=vr.xr pose fwd=-0.131,0.910,-0.394 off=-0.206,-0.116,-0.043 fov=1.8850 aspect=0.964
client level=warn t=572218 ev=vr.pad stats injected=4 held=0 mouse=0,0 move=0.00,0.00 turn=0.00,0.00 trig=0.00,0.00 buttons=0x0
client level=warn t=573203 ev=vr.weapon callers path=getter D5D832:180 B363FA:540 B3598D:180 B40A78:0
client level=warn t=573203 ev=vr.weapon callers path=ptr D98F49:900 D7FB5C:72 DB8CB6:180 12B0A09:180 16E8861:180 D8F242:180 D8B348:180 D8B9B5:180 12B2284:20 D2F672:20 D8492B:40 D7FF2C:10 F4276C:0 CE3C40:0 1292634:0 B35BEE:0
client level=warn t=573218 ev=vr.probe pose in_pos=602.60,249.54,47.02 in_fwd=-0.480,0.845,0.235 in_fov=1.4242 out_pos=602.60,249.54,47.02 out_fwd=-0.480,0.845,0.235 out_fov=1.8850
client level=warn t=573968 ev=vr.xr pose fwd=0.799,0.594,-0.097 off=-0.068,-0.145,-0.013 fov=1.8850 aspect=0.964
client level=warn t=573968 ev=vr.xr submit layers=1 result=0 fov=1.8850
client level=warn t=574718 ev=vr.pad stats injected=4 held=0 mouse=0,0 move=0.00,0.00 turn=0.00,0.00 trig=0.00,0.00 buttons=0x0
client level=warn t=575703 ev=vr.weapon callers path=getter D5D832:180 B363FA:540 B3598D:180 B40A78:0
client level=warn t=575703 ev=vr.weapon callers path=ptr D98F49:900 D7FB5C:72 DB8CB6:180 12B0A09:180 16E8861:180 D8F242:180 D8B348:180 D8B9B5:180 12B2284:20 D2F672:20 D8492B:40 D7FF2C:10 F4276C:0 CE3C40:0 1292634:0 B35BEE:0
client level=warn t=575718 ev=vr.probe pose in_pos=602.60,249.54,47.02 in_fwd=-0.480,0.845,0.235 in_fov=1.4242 out_pos=602.60,249.54,47.02 out_fwd=-0.480,0.845,0.235 out_fov=1.8850
client level=warn t=576468 ev=vr.xr pose fwd=0.830,0.476,0.291 off=-0.082,-0.191,0.028 fov=1.8850 aspect=0.964
client level=warn t=577218 ev=vr.pad stats injected=4 held=0 mouse=0,0 move=0.00,0.00 turn=0.00,0.00 trig=0.00,0.00 buttons=0x0
client level=warn t=578171 ev=vr.xr submit layers=1 result=0 fov=1.8850
client level=warn t=578250 ev=vr.weapon callers path=getter D5D832:180 B363FA:540 B3598D:180 B40A78:0
client level=warn t=578250 ev=vr.weapon callers path=ptr D98F49:900 D7FB5C:73 DB8CB6:180 12B0A09:180 16E8861:180 D8F242:180 D8B348:180 D8B9B5:180 12B2284:21 D2F672:21 D8492B:42 D7FF2C:10 F4276C:0 CE3C40:0 1292634:0 B35BEE:0
client level=warn t=578265 ev=vr.probe pose in_pos=602.60,249.54,47.02 in_fwd=-0.480,0.845,0.235 in_fov=1.4242 out_pos=602.60,249.54,47.02 out_fwd=-0.480,0.845,0.235 out_fov=1.8850
client level=warn t=579000 ev=vr.xr pose fwd=0.883,0.434,-0.179 off=-0.109,-0.163,-0.015 fov=1.8850 aspect=0.964
client level=warn t=579796 ev=vr.pad stats injected=4 held=0 mouse=0,0 move=0.00,0.00 turn=0.00,0.00 trig=0.00,0.00 buttons=0x0
client level=warn t=580796 ev=vr.weapon callers path=getter D5D832:180 B363FA:540 B3598D:180 B40A78:0
client level=warn t=580796 ev=vr.weapon callers path=ptr D98F49:900 D7FB5C:67 DB8CB6:180 12B0A09:180 16E8861:180 D8F242:180 D8B348:180 D8B9B5:180 12B2284:20 D2F672:20 D8492B:38 D7FF2C:10 F4276C:0 CE3C40:0 1292634:0 B35BEE:0
client level=warn t=580796 ev=vr.probe pose in_pos=602.60,249.54,47.02 in_fwd=-0.740,0.450,0.499 in_fov=1.4242 out_pos=602.60,249.54,47.02 out_fwd=-0.740,0.450,0.499 out_fov=1.8850
client level=warn t=581546 ev=vr.xr pose fwd=0.478,0.878,-0.011 off=-0.002,-0.192,0.001 fov=1.8850 aspect=0.964
client level=warn t=582296 ev=vr.pad stats injected=4 held=0 mouse=0,0 move=0.00,0.00 turn=0.00,0.00 trig=0.00,0.00 buttons=0x0
client level=warn t=582375 ev=vr.xr submit layers=1 result=0 fov=1.8850
client level=warn t=583312 ev=vr.weapon callers path=getter D5D832:98 B363FA:540 B3598D:180 B40A78:0
client level=warn t=583312 ev=vr.weapon callers path=ptr D98F49:900 D7FB5C:59 DB8CB6:180 12B0A09:180 16E8861:180 D8F242:180 D8B348:180 D8B9B5:180 12B2284:21 D2F672:21 D8492B:30 D7FF2C:9 F4276C:0 CE3C40:0 1292634:23 B35BEE:82
client level=warn t=583312 ev=vr.probe pose in_pos=600.67,248.34,46.84 in_fwd=0.947,0.286,0.148 in_fov=1.5824 out_pos=600.67,248.34,46.84 out_fwd=0.947,0.286,0.148 out_fov=1.8850
client level=warn t=584046 ev=vr.xr pose fwd=0.260,0.957,0.131 off=-0.062,-0.187,0.013 fov=1.8850 aspect=0.964
client level=warn t=584843 ev=vr.pad stats injected=4 held=0 mouse=0,0 move=0.00,0.00 turn=0.00,0.00 trig=0.00,0.00 buttons=0x0
client level=warn t=585890 ev=vr.weapon callers path=getter D5D832:101 B363FA:540 B3598D:180 B40A78:0
client level=warn t=585890 ev=vr.weapon callers path=ptr D98F49:900 D7FB5C:63 DB8CB6:180 12B0A09:180 16E8861:180 D8F242:180 D8B348:180 D8B9B5:180 12B2284:21 D2F672:21 D8492B:24 D7FF2C:9 F4276C:0 CE3C40:0 1292634:15 B35BEE:78
client level=warn t=585906 ev=vr.probe pose in_pos=602.47,249.57,46.99 in_fwd=-0.716,0.164,-0.679 in_fov=1.4242 out_pos=602.47,249.57,46.99 out_fwd=-0.716,0.164,-0.679 out_fov=1.8850
client level=warn t=586640 ev=vr.xr pose fwd=-0.336,0.660,0.672 off=0.020,-0.272,0.061 fov=1.8850 aspect=0.964
client level=warn t=586640 ev=vr.xr submit layers=1 result=0 fov=1.8850
client level=warn t=587390 ev=vr.pad stats injected=4 held=0 mouse=0,0 move=0.00,0.00 turn=0.00,0.00 trig=0.00,0.00 buttons=0x0
client level=warn t=588390 ev=vr.weapon callers path=getter D5D832:180 B363FA:540 B3598D:180 B40A78:0
client level=warn t=588390 ev=vr.weapon callers path=ptr D98F49:900 D7FB5C:79 DB8CB6:180 12B0A09:180 16E8861:180 D8F242:180 D8B348:180 D8B9B5:180 12B2284:20 D2F672:20 D8492B:33 D7FF2C:11 F4276C:0 CE3C40:0 1292634:0 B35BEE:0
client level=warn t=588406 ev=vr.probe pose in_pos=602.47,249.57,46.99 in_fwd=-0.716,0.164,-0.679 in_fov=1.4242 out_pos=602.47,249.57,46.99 out_fwd=-0.716,0.164,-0.679 out_fov=1.8850
client level=warn t=589140 ev=vr.xr pose fwd=-0.144,-0.988,0.053 off=0.167,-0.337,0.010 fov=1.8850 aspect=0.964
client level=warn t=589890 ev=vr.pad stats injected=4 held=0 mouse=0,0 move=0.00,0.00 turn=0.00,0.00 trig=0.00,0.00 buttons=0x0
client level=warn t=590812 ev=vr.xr submit layers=1 result=0 fov=1.8850
client level=warn t=590890 ev=vr.weapon callers path=getter D5D832:180 B363FA:540 B3598D:180 B40A78:0
client level=warn t=590890 ev=vr.weapon callers path=ptr D98F49:900 D7FB5C:80 DB8CB6:180 12B0A09:180 16E8861:180 D8F242:180 D8B348:180 D8B9B5:180 12B2284:20 D2F672:20 D8492B:33 D7FF2C:11 F4276C:0 CE3C40:0 1292634:0 B35BEE:0
client level=warn t=590906 ev=vr.probe pose in_pos=602.41,249.26,46.94 in_fwd=-0.051,-0.075,-0.996 in_fov=1.4242 out_pos=602.41,249.26,46.94 out_fwd=-0.051,-0.075,-0.996 out_fov=1.8850
client level=warn t=591640 ev=vr.xr pose fwd=-0.884,-0.465,0.053 off=0.201,-0.125,0.013 fov=1.8850 aspect=0.964
client level=warn t=592390 ev=vr.pad stats injected=4 held=0 mouse=0,0 move=0.00,0.00 turn=0.00,0.00 trig=0.00,0.00 buttons=0x0
client level=warn t=593390 ev=vr.weapon callers path=getter D5D832:180 B363FA:540 B3598D:180 B40A78:0
client level=warn t=593390 ev=vr.weapon callers path=ptr D98F49:900 D7FB5C:79 DB8CB6:180 12B0A09:180 16E8861:180 D8F242:180 D8B348:180 D8B9B5:180 12B2284:20 D2F672:20 D8492B:33 D7FF2C:11 F4276C:0 CE3C40:0 1292634:0 B35BEE:0
client level=warn t=593390 ev=vr.probe pose in_pos=602.41,249.26,46.94 in_fwd=-0.051,-0.075,-0.996 in_fov=1.4242 out_pos=602.41,249.26,46.94 out_fwd=-0.051,-0.075,-0.996 out_fov=1.8850
client level=warn t=594140 ev=vr.xr pose fwd=-0.533,0.840,0.099 off=-0.039,-0.180,0.000 fov=1.8850 aspect=0.964
client level=warn t=594890 ev=vr.pad stats injected=4 held=0 mouse=0,0 move=0.00,0.00 turn=0.00,0.00 trig=0.00,0.00 buttons=0x0
client level=warn t=594984 ev=vr.xr submit layers=1 result=0 fov=1.8850
client level=warn t=595890 ev=vr.weapon callers path=getter D5D832:180 B363FA:540 B3598D:180 B40A78:0
client level=warn t=595890 ev=vr.weapon callers path=ptr D98F49:900 D7FB5C:70 DB8CB6:180 12B0A09:180 16E8861:180 D8F242:180 D8B348:180 D8B9B5:180 12B2284:20 D2F672:20 D8492B:37 D7FF2C:11 F4276C:0 CE3C40:0 1292634:0 B35BEE:0
client level=warn t=595906 ev=vr.probe pose in_pos=602.31,249.65,46.93 in_fwd=-0.251,0.095,-0.963 in_fov=1.4242 out_pos=602.31,249.65,46.93 out_fwd=-0.251,0.095,-0.963 out_fov=1.8850
client level=warn t=596640 ev=vr.xr pose fwd=0.282,0.951,-0.130 off=0.089,-0.099,-0.036 fov=1.8850 aspect=0.964
client level=warn t=597390 ev=vr.pad stats injected=4 held=0 mouse=0,0 move=0.00,0.00 turn=0.00,0.00 trig=0.00,0.00 buttons=0x0
client level=warn t=598406 ev=vr.weapon callers path=getter D5D832:180 B363FA:540 B3598D:180 B40A78:0
client level=warn t=598406 ev=vr.weapon callers path=ptr D98F49:900 D7FB5C:70 DB8CB6:180 12B0A09:180 16E8861:180 D8F242:180 D8B348:180 D8B9B5:180 12B2284:21 D2F672:21 D8492B:33 D7FF2C:10 F4276C:0 CE3C40:0 1292634:0 B35BEE:0
client level=warn t=598421 ev=vr.probe pose in_pos=601.99,247.51,47.07 in_fwd=-0.151,0.460,-0.875 in_fov=1.4242 out_pos=601.99,247.51,47.07 out_fwd=-0.151,0.460,-0.875 out_fov=1.8850
client level=warn t=599156 ev=vr.xr pose fwd=0.522,0.846,0.110 off=-0.056,-0.159,0.003 fov=1.8850 aspect=0.964
client level=warn t=599156 ev=vr.xr submit layers=1 result=0 fov=1.8850
client level=warn t=599906 ev=vr.pad stats injected=4 held=0 mouse=0,0 move=0.00,0.00 turn=0.00,0.00 trig=0.00,0.00 buttons=0x0
client level=warn t=600906 ev=vr.weapon callers path=getter D5D832:180 B363FA:540 B3598D:180 B40A78:32
client level=warn t=600906 ev=vr.weapon callers path=ptr D98F49:900 D7FB5C:75 DB8CB6:180 12B0A09:180 16E8861:180 D8F242:180 D8B348:180 D8B9B5:180 12B2284:22 D2F672:22 D8492B:30 D7FF2C:10 F4276C:3 CE3C40:0 1292634:0 B35BEE:0
client level=warn t=600906 ev=vr.probe pose in_pos=587.14,256.83,54.49 in_fwd=-0.036,-0.099,-0.994 in_fov=1.5839 out_pos=587.14,256.83,54.49 out_fwd=-0.036,-0.099,-0.994 out_fov=1.8850
server level=warn t=601031 ev=bap svc=25 stage=plaintext result=shape_accepted conn=4 len=47 b0=0A b1=20 b34=10 b35=03
server level=warn t=601062 ev=activity stage=roster result=no_epoch soid=0x9EAA30010020000A public=1 dest= groups=0 top=0 sub=0 subkeys=0 objects=0 bytes=0 state=0 auth=0 authstate=-1 authfirst=-1:-1:0x0:0x0 authlast=-1:-1:0x0:0x0 sceneempty=0 engageempty=0 keygroup=0x0 grant=-1 region=0 slice=0 spawn=0x0 join=0x9EAA300100100101 player=0x0 pending_region=-1 current_region=-1 client_bubble=-1 held=-1 entered=0 selected=0 hash=0x0000000000000000 force=0x00
server level=warn t=601062 ev=mission_script stage=attach result=no_script session=11433003384888623114 activity_row=8
client level=warn t=601656 ev=vr.xr pose fwd=-0.405,0.889,-0.215 off=0.117,-0.068,-0.037 fov=1.8850 aspect=0.964
server level=warn t=601875 ev=mission_script stage=attach result=no_activity_link session=11433003384888623114
client level=warn t=602484 ev=vr.pad stats injected=4 held=0 mouse=0,0 move=0.00,0.00 turn=0.00,0.00 trig=0.00,0.00 buttons=0x0
client level=warn t=603421 ev=vr.xr submit layers=1 result=0 fov=1.8850
client level=warn t=603500 ev=vr.weapon callers path=getter D5D832:102 B363FA:540 B3598D:180 B40A78:0
client level=warn t=603500 ev=vr.weapon callers path=ptr D98F49:900 D7FB5C:61 DB8CB6:180 12B0A09:180 16E8861:180 D8F242:180 D8B348:180 D8B9B5:180 12B2284:23 D2F672:23 D8492B:24 D7FF2C:9 F4276C:0 CE3C40:0 1292634:14 B35BEE:78
client level=warn t=603515 ev=vr.probe pose in_pos=575.54,242.97,52.71 in_fwd=0.703,0.152,-0.695 in_fov=1.5824 out_pos=575.54,242.97,52.71 out_fwd=0.703,0.152,-0.695 out_fov=1.8850
client level=warn t=604250 ev=vr.xr pose fwd=0.550,-0.832,0.068 off=-0.100,0.108,-0.005 fov=1.8850 aspect=0.964
client level=warn t=605000 ev=vr.pad stats injected=4 held=0 mouse=0,0 move=0.00,0.00 turn=0.00,0.00 trig=0.00,0.00 buttons=0x0
client level=warn t=606000 ev=vr.weapon callers path=getter D5D832:0 B363FA:540 B3598D:180 B40A78:0
client level=warn t=606000 ev=vr.weapon callers path=ptr D98F49:900 D7FB5C:81 DB8CB6:180 12B0A09:180 16E8861:180 D8F242:180 D8B348:180 D8B9B5:180 12B2284:21 D2F672:21 D8492B:23 D7FF2C:11 F4276C:0 CE3C40:0 1292634:0 B35BEE:180
client level=warn t=606015 ev=vr.probe pose in_pos=580.24,243.34,50.07 in_fwd=0.733,0.141,-0.666 in_fov=1.5824 out_pos=580.24,243.34,50.07 out_fwd=0.733,0.141,-0.666 out_fov=1.8850
client level=warn t=606687 ev=vr.xr session state=stopped
client level=warn t=607421 ev=vr.pad stats injected=4 held=0 mouse=0,0 move=0.00,0.00 turn=0.00,0.00 trig=0.00,0.00 buttons=0x0
client level=warn t=608328 ev=vr.weapon callers path=getter D5D832:0 B363FA:540 B3598D:180 B40A78:0
client level=warn t=608328 ev=vr.weapon callers path=ptr D98F49:900 D7FB5C:70 DB8CB6:180 12B0A09:180 16E8861:180 D8F242:180 D8B348:180 D8B9B5:180 12B2284:19 D2F672:19 D8492B:21 D7FF2C:11 F4276C:0 CE3C40:0 1292634:0 B35BEE:180
client level=warn t=608343 ev=vr.probe pose in_pos=580.24,243.34,50.08 in_fwd=0.733,0.141,-0.666 in_fov=1.5824 out_pos=580.24,243.34,50.08 out_fwd=0.733,0.141,-0.666 out_fov=1.5824
client level=warn t=608875 ev=vr.xr session state=running
client level=warn t=609046 ev=vr.xr pose fwd=0.926,0.277,-0.258 off=0.008,0.067,-0.018 fov=1.8850 aspect=0.964
client level=warn t=609765 ev=vr.pad stats injected=4 held=0 mouse=0,0 move=0.00,0.00 turn=0.00,0.00 trig=0.00,0.00 buttons=0x0
client level=warn t=609890 ev=vr.xr submit layers=1 result=0 fov=1.8850
client level=warn t=610765 ev=vr.weapon callers path=getter D5D832:0 B363FA:540 B3598D:180 B40A78:0
client level=warn t=610765 ev=vr.weapon callers path=ptr D98F49:900 D7FB5C:77 DB8CB6:180 12B0A09:180 16E8861:180 D8F242:180 D8B348:180 D8B9B5:180 12B2284:20 D2F672:20 D8492B:22 D7FF2C:11 F4276C:0 CE3C40:0 1292634:0 B35BEE:180
client level=warn t=610765 ev=vr.probe pose in_pos=580.24,243.34,50.08 in_fwd=0.733,0.141,-0.666 in_fov=1.5824 out_pos=580.24,243.34,50.08 out_fwd=0.733,0.141,-0.666 out_fov=1.8850
client level=warn t=611562 ev=vr.xr pose fwd=0.974,0.193,-0.116 off=0.007,0.063,-0.005 fov=1.8850 aspect=0.964
client level=warn t=612265 ev=vr.pad stats injected=4 held=0 mouse=0,0 move=0.00,0.00 turn=0.00,0.00 trig=0.00,0.00 buttons=0x0
client level=warn t=613296 ev=vr.weapon callers path=getter D5D832:0 B363FA:540 B3598D:180 B40A78:0
client level=warn t=613296 ev=vr.weapon callers path=ptr D98F49:900 D7FB5C:79 DB8CB6:180 12B0A09:180 16E8861:180 D8F242:180 D8B348:180 D8B9B5:180 12B2284:20 D2F672:20 D8492B:22 D7FF2C:11 F4276C:0 CE3C40:0 1292634:0 B35BEE:180
client level=warn t=613312 ev=vr.probe pose in_pos=580.24,243.34,50.08 in_fwd=0.733,0.141,-0.666 in_fov=1.5824 out_pos=580.24,243.34,50.08 out_fwd=0.733,0.141,-0.666 out_fov=1.8850
client level=warn t=614125 ev=vr.xr pose fwd=0.963,-0.083,0.255 off=-0.078,0.040,0.019 fov=1.8850 aspect=0.964
client level=warn t=614125 ev=vr.xr submit layers=1 result=0 fov=1.8850
client level=warn t=614843 ev=vr.pad stats injected=4 held=0 mouse=0,0 move=0.00,0.00 turn=0.00,0.00 trig=0.00,0.00 buttons=0x0
client level=warn t=615828 ev=vr.weapon callers path=getter D5D832:0 B363FA:540 B3598D:180 B40A78:0
client level=warn t=615828 ev=vr.weapon callers path=ptr D98F49:900 D7FB5C:82 DB8CB6:180 12B0A09:180 16E8861:180 D8F242:180 D8B348:180 D8B9B5:180 12B2284:20 D2F672:20 D8492B:23 D7FF2C:11 F4276C:0 CE3C40:0 1292634:0 B35BEE:180
client level=warn t=615843 ev=vr.probe pose in_pos=580.24,243.34,50.08 in_fwd=0.733,0.141,-0.666 in_fov=1.5824 out_pos=580.24,243.34,50.08 out_fwd=0.733,0.141,-0.666 out_fov=1.8850
client level=warn t=616625 ev=vr.xr pose fwd=0.999,0.017,-0.037 off=0.187,0.349,-0.327 fov=1.8850 aspect=0.964
client level=warn t=617343 ev=vr.pad stats injected=4 held=0 mouse=0,0 move=0.00,0.00 turn=0.00,0.00 trig=0.00,0.00 buttons=0x0
client level=warn t=618296 ev=vr.xr submit layers=1 result=0 fov=1.8850
client level=warn t=618328 ev=vr.weapon callers path=getter D5D832:0 B363FA:540 B3598D:180 B40A78:0
client level=warn t=618328 ev=vr.weapon callers path=ptr D98F49:900 D7FB5C:77 DB8CB6:180 12B0A09:180 16E8861:180 D8F242:180 D8B348:180 D8B9B5:180 12B2284:21 D2F672:21 D8492B:23 D7FF2C:12 F4276C:0 CE3C40:0 1292634:0 B35BEE:180
client level=warn t=618343 ev=vr.probe pose in_pos=580.19,243.42,48.81 in_fwd=0.954,0.138,-0.266 in_fov=1.5824 out_pos=580.19,243.42,48.81 out_fwd=0.954,0.138,-0.266 out_fov=1.8850
client level=warn t=619125 ev=vr.xr pose fwd=0.808,0.527,0.263 off=0.297,0.315,-0.331 fov=1.8850 aspect=0.964
client level=warn t=619843 ev=vr.pad stats injected=4 held=0 mouse=0,0 move=0.00,0.00 turn=0.00,0.00 trig=0.00,0.00 buttons=0x0
client level=warn t=620843 ev=vr.weapon callers path=getter D5D832:36 B363FA:540 B3598D:180 B40A78:0
client level=warn t=620843 ev=vr.weapon callers path=ptr D98F49:900 D7FB5C:70 DB8CB6:180 12B0A09:180 16E8861:180 D8F242:180 D8B348:180 D8B9B5:180 12B2284:20 D2F672:20 D8492B:24 D7FF2C:10 F4276C:1 CE3C40:0 1292634:0 B35BEE:144
client level=warn t=620843 ev=vr.probe pose in_pos=601.42,247.14,47.15 in_fwd=0.425,0.902,-0.073 in_fov=1.4334 out_pos=601.42,247.14,47.15 out_fwd=0.425,0.902,-0.073 out_fov=1.8850
client level=warn t=621671 ev=vr.xr pose fwd=0.660,0.750,-0.044 off=-0.122,0.359,-0.348 fov=1.8850 aspect=0.964
client level=warn t=622375 ev=vr.pad stats injected=4 held=0 mouse=0,0 move=0.00,0.00 turn=0.00,0.00 trig=0.00,0.00 buttons=0x0
client level=warn t=622500 ev=vr.xr submit layers=1 result=0 fov=1.8850
client level=warn t=623375 ev=vr.weapon callers path=getter D5D832:180 B363FA:540 B3598D:180 B40A78:0
client level=warn t=623375 ev=vr.weapon callers path=ptr D98F49:900 D7FB5C:70 DB8CB6:180 12B0A09:180 16E8861:180 D8F242:180 D8B348:180 D8B9B5:180 12B2284:20 D2F672:20 D8492B:40 D7FF2C:10 F4276C:1 CE3C40:0 1292634:0 B35BEE:0
client level=warn t=623390 ev=vr.probe pose in_pos=602.05,253.52,47.09 in_fwd=0.423,0.900,0.104 in_fov=1.4437 out_pos=602.05,253.52,47.09 out_fwd=0.423,0.900,0.104 out_fov=1.8850
client level=warn t=624171 ev=vr.xr pose fwd=0.522,0.850,-0.076 off=-0.153,0.387,-0.349 fov=1.8850 aspect=0.964
server level=warn t=624437 ev=bap svc=25 stage=plaintext result=shape_accepted conn=4 len=47 b0=0A b1=20 b34=10 b35=03
server level=warn t=624468 ev=activity stage=roster result=no_epoch soid=0x9EAA30010020000A public=1 dest= groups=0 top=0 sub=0 subkeys=0 objects=0 bytes=0 state=0 auth=0 authstate=-1 authfirst=-1:-1:0x0:0x0 authlast=-1:-1:0x0:0x0 sceneempty=0 engageempty=0 keygroup=0x0 grant=-1 region=0 slice=0 spawn=0x0 join=0x9EAA300100100101 player=0x0 pending_region=-1 current_region=-1 client_bubble=-1 held=-1 entered=0 selected=0 hash=0x0000000000000000 force=0x00
server level=warn t=624468 ev=mission_script stage=attach result=no_script session=11433003384888623114 activity_row=8
client level=warn t=624875 ev=vr.pad stats injected=4 held=0 mouse=0,0 move=0.00,0.00 turn=0.00,0.00 trig=0.00,0.00 buttons=0x0
client level=warn t=625890 ev=vr.weapon callers path=getter D5D832:180 B363FA:540 B3598D:180 B40A78:0
client level=warn t=625890 ev=vr.weapon callers path=ptr D98F49:900 D7FB5C:58 DB8CB6:180 12B0A09:180 16E8861:180 D8F242:180 D8B348:180 D8B9B5:180 12B2284:21 D2F672:20 D8492B:28 D7FF2C:8 F4276C:0 CE3C40:0 1292634:0 B35BEE:0
client level=warn t=625906 ev=vr.probe pose in_pos=608.79,270.88,45.30 in_fwd=0.480,0.869,0.122 in_fov=1.4242 out_pos=608.79,270.88,45.30 out_fwd=0.480,0.869,0.122 out_fov=1.8850
client level=warn t=626687 ev=vr.xr pose fwd=0.464,0.867,-0.183 off=-0.069,0.412,-0.351 fov=1.8850 aspect=0.964
client level=warn t=626687 ev=vr.xr submit layers=1 result=0 fov=1.8850
client level=warn t=627390 ev=vr.pad stats injected=4 held=0 mouse=0,0 move=0.00,0.00 turn=0.00,0.00 trig=0.00,0.00 buttons=0x0
client level=warn t=628390 ev=vr.weapon callers path=getter D5D832:180 B363FA:540 B3598D:180 B40A78:0
client level=warn t=628390 ev=vr.weapon callers path=ptr D98F49:866 D7FB5C:66 DB8CB6:180 12B0A09:180 16E8861:180 D8F242:141 D8B348:180 D8B9B5:180 12B2284:22 D2F672:21 D8492B:28 D7FF2C:9 F4276C:0 CE3C40:0 1292634:0 B35BEE:0
client level=warn t=628406 ev=vr.probe pose in_pos=609.58,272.31,45.16 in_fwd=0.480,0.869,0.122 in_fov=1.4242 out_pos=609.58,272.31,45.16 out_fwd=0.480,0.869,0.122 out_fov=1.8850
client level=warn t=629187 ev=vr.xr pose fwd=0.591,0.806,-0.012 off=-0.065,0.390,-0.332 fov=1.8850 aspect=0.964
client level=warn t=629953 ev=vr.pad stats injected=4 held=0 mouse=0,0 move=0.00,0.00 turn=0.00,0.00 trig=0.00,0.00 buttons=0x0
client level=warn t=630906 ev=vr.xr submit layers=1 result=0 fov=1.8850
client level=warn t=630953 ev=vr.weapon callers path=getter D5D832:180 B363FA:540 B3598D:180 B40A78:0
client level=warn t=630953 ev=vr.weapon callers path=ptr D98F49:900 D7FB5C:65 DB8CB6:180 12B0A09:180 16E8861:180 D8F242:0 D8B348:180 D8B9B5:180 12B2284:20 D2F672:20 D8492B:40 D7FF2C:10 F4276C:0 CE3C40:0 1292634:0 B35BEE:0
client level=warn t=630953 ev=vr.probe pose in_pos=609.58,272.31,45.17 in_fwd=0.480,0.869,0.122 in_fov=1.4242 out_pos=609.58,272.31,45.17 out_fwd=0.480,0.869,0.122 out_fov=1.8850
client level=warn t=631734 ev=vr.xr pose fwd=0.578,0.730,0.365 off=-0.133,0.416,-0.284 fov=1.8850 aspect=0.964
client level=warn t=632453 ev=vr.pad stats injected=4 held=0 mouse=0,0 move=0.00,0.00 turn=0.00,0.00 trig=0.00,0.00 buttons=0x0
client level=warn t=633453 ev=vr.weapon callers path=getter D5D832:180 B363FA:540 B3598D:180 B40A78:0
client level=warn t=633453 ev=vr.weapon callers path=ptr D98F49:900 D7FB5C:62 DB8CB6:180 12B0A09:180 16E8861:180 D8F242:0 D8B348:180 D8B9B5:180 12B2284:20 D2F672:20 D8492B:32 D7FF2C:8 F4276C:0 CE3C40:0 1292634:0 B35BEE:0
client level=warn t=633453 ev=vr.probe pose in_pos=609.58,272.31,45.17 in_fwd=0.480,0.869,0.122 in_fov=1.4242 out_pos=609.58,272.31,45.17 out_fwd=0.480,0.869,0.122 out_fov=1.8850
client level=warn t=634234 ev=vr.xr pose fwd=0.551,0.831,-0.073 off=-0.063,0.452,-0.336 fov=1.8850 aspect=0.964
client level=warn t=634953 ev=vr.pad stats injected=4 held=0 mouse=0,0 move=0.00,0.00 turn=0.00,0.00 trig=0.00,0.00 buttons=0x0
client level=warn t=635078 ev=vr.xr submit layers=1 result=0 fov=1.8850
client level=warn t=635937 ev=vr.weapon callers path=getter D5D832:39 B363FA:540 B3598D:180 B40A78:0
client level=warn t=635937 ev=vr.weapon callers path=ptr D98F49:900 D7FB5C:64 DB8CB6:180 12B0A09:180 16E8861:180 D8F242:0 D8B348:180 D8B9B5:180 12B2284:20 D2F672:20 D8492B:25 D7FF2C:10 F4276C:0 CE3C40:0 1292634:37 B35BEE:141
client level=warn t=635953 ev=vr.probe pose in_pos=615.23,282.29,44.79 in_fwd=0.458,0.866,-0.202 in_fov=1.4242 out_pos=615.23,282.29,44.79 out_fwd=0.458,0.866,-0.202 out_fov=1.8850
client level=warn t=636734 ev=vr.xr pose fwd=0.538,0.843,-0.020 off=-0.030,0.414,-0.342 fov=1.8850 aspect=0.964
client level=warn t=637453 ev=vr.pad stats injected=4 held=0 mouse=0,0 move=0.00,0.00 turn=0.00,0.00 trig=0.00,0.00 buttons=0x0
client level=warn t=638453 ev=vr.weapon callers path=getter D5D832:0 B363FA:540 B3598D:180 B40A78:0
client level=warn t=638453 ev=vr.weapon callers path=ptr D98F49:900 D7FB5C:63 DB8CB6:180 12B0A09:180 16E8861:180 D8F242:0 D8B348:180 D8B9B5:180 12B2284:151 D2F672:151 D8492B:16 D7FF2C:8 F4276C:0 CE3C40:0 1292634:0 B35BEE:180
client level=warn t=638468 ev=vr.probe pose in_pos=631.41,327.95,35.72 in_fwd=0.913,0.330,0.241 in_fov=1.7271 out_pos=631.41,327.95,35.72 out_fwd=0.913,0.330,0.241 out_fov=1.8850
client level=warn t=639234 ev=vr.xr pose fwd=0.870,-0.217,0.442 off=0.299,0.243,-0.301 fov=1.8850 aspect=0.964
client level=warn t=639234 ev=vr.xr submit layers=1 result=0 fov=1.8850
client level=warn t=639953 ev=vr.pad stats injected=4 held=0 mouse=0,0 move=0.00,0.00 turn=0.00,0.00 trig=0.00,0.00 buttons=0x0
client level=warn t=640937 ev=vr.weapon callers path=getter D5D832:0 B363FA:540 B3598D:180 B40A78:0
client level=warn t=640937 ev=vr.weapon callers path=ptr D98F49:900 D7FB5C:63 DB8CB6:180 12B0A09:180 16E8861:180 D8F242:0 D8B348:180 D8B9B5:180 12B2284:199 D2F672:199 D8492B:20 D7FF2C:10 F4276C:0 CE3C40:0 1292634:0 B35BEE:180
client level=warn t=640953 ev=vr.probe pose in_pos=665.43,328.89,39.08 in_fwd=0.999,0.001,-0.055 in_fov=1.4772 out_pos=665.43,328.89,39.08 out_fwd=0.999,0.001,-0.055 out_fov=1.8850
client level=warn t=641734 ev=vr.xr pose fwd=0.624,0.656,0.425 off=0.302,0.209,-0.343 fov=1.8850 aspect=0.964
client level=warn t=642453 ev=vr.pad stats injected=4 held=0 mouse=0,0 move=0.00,0.00 turn=0.00,0.00 trig=0.00,0.00 buttons=0x0
client level=warn t=643406 ev=vr.xr submit layers=1 result=0 fov=1.8850
client level=warn t=643437 ev=vr.weapon callers path=getter D5D832:0 B363FA:540 B3598D:180 B40A78:0
client level=warn t=643437 ev=vr.weapon callers path=ptr D98F49:900 D7FB5C:56 DB8CB6:180 12B0A09:180 16E8861:180 D8F242:0 D8B348:180 D8B9B5:180 12B2284:34 D2F672:34 D8492B:16 D7FF2C:8 F4276C:0 CE3C40:0 1292634:0 B35BEE:180
client level=warn t=643453 ev=vr.probe pose in_pos=693.56,309.98,39.67 in_fwd=0.981,-0.165,-0.103 in_fov=1.4860 out_pos=693.56,309.98,39.67 out_fwd=0.981,-0.165,-0.103 out_fov=1.8850
client level=warn t=644250 ev=vr.xr pose fwd=0.872,-0.490,0.004 off=0.362,0.097,-0.360 fov=1.8850 aspect=0.964
client level=warn t=644953 ev=vr.pad stats injected=4 held=0 mouse=0,0 move=0.00,0.00 turn=0.00,0.00 trig=0.00,0.00 buttons=0x0
client level=warn t=646000 ev=vr.weapon callers path=getter D5D832:102 B363FA:540 B3598D:180 B40A78:0
client level=warn t=646000 ev=vr.weapon callers path=ptr D98F49:899 D7FB5C:56 DB8CB6:180 12B0A09:180 16E8861:180 D8F242:115 D8B348:180 D8B9B5:180 12B2284:92 D2F672:92 D8492B:22 D7FF2C:8 F4276C:0 CE3C40:0 1292634:15 B35BEE:77
client level=warn t=646015 ev=vr.probe pose in_pos=729.77,301.23,39.94 in_fwd=0.518,-0.289,-0.805 in_fov=1.4242 out_pos=729.77,301.23,39.94 out_fwd=0.518,-0.289,-0.805 out_fov=1.8850
client level=warn t=646796 ev=vr.xr pose fwd=0.660,-0.727,-0.188 off=0.384,-0.057,-0.371 fov=1.8850 aspect=0.964
client level=warn t=647500 ev=vr.pad stats injected=4 held=0 mouse=0,0 move=0.00,0.00 turn=0.00,0.00 trig=0.00,0.00 buttons=0x0
client level=warn t=647625 ev=vr.xr submit layers=1 result=0 fov=1.8850
client level=warn t=648500 ev=vr.weapon callers path=getter D5D832:180 B363FA:540 B3598D:180 B40A78:0
client level=warn t=648500 ev=vr.weapon callers path=ptr D98F49:900 D7FB5C:56 DB8CB6:180 12B0A09:180 16E8861:180 D8F242:180 D8B348:180 D8B9B5:180 12B2284:21 D2F672:21 D8492B:27 D7FF2C:8 F4276C:0 CE3C40:0 1292634:0 B35BEE:0
client level=warn t=648515 ev=vr.probe pose in_pos=743.38,291.02,30.05 in_fwd=0.725,-0.586,-0.362 in_fov=1.4242 out_pos=743.38,291.02,30.05 out_fwd=0.725,-0.586,-0.362 out_fov=1.8850
client level=warn t=649296 ev=vr.xr pose fwd=0.693,-0.699,-0.178 off=0.386,-0.105,-0.368 fov=1.8850 aspect=0.964
client level=warn t=650000 ev=vr.pad stats injected=4 held=0 mouse=0,0 move=0.00,0.00 turn=0.00,0.00 trig=0.00,0.00 buttons=0x0
client level=warn t=651000 ev=vr.weapon callers path=getter D5D832:180 B363FA:540 B3598D:180 B40A78:0
client level=warn t=651000 ev=vr.weapon callers path=ptr D98F49:900 D7FB5C:63 DB8CB6:180 12B0A09:180 16E8861:180 D8F242:180 D8B348:180 D8B9B5:180 12B2284:20 D2F672:20 D8492B:32 D7FF2C:9 F4276C:0 CE3C40:0 1292634:0 B35BEE:0
client level=warn t=651015 ev=vr.probe pose in_pos=755.28,279.27,27.85 in_fwd=0.688,-0.622,0.375 in_fov=1.4242 out_pos=755.28,279.27,27.85 out_fwd=0.688,-0.622,0.375 out_fov=1.8850
client level=warn t=651796 ev=vr.xr pose fwd=0.718,-0.692,-0.075 off=0.382,-0.072,-0.353 fov=1.8850 aspect=0.964
client level=warn t=651796 ev=vr.xr submit layers=1 result=0 fov=1.8850
client level=warn t=652500 ev=vr.pad stats injected=4 held=0 mouse=0,0 move=0.00,0.00 turn=0.00,0.00 trig=0.00,0.00 buttons=0x0
client level=warn t=653562 ev=vr.weapon callers path=getter D5D832:180 B363FA:540 B3598D:180 B40A78:0
client level=warn t=653562 ev=vr.weapon callers path=ptr D98F49:900 D7FB5C:70 DB8CB6:180 12B0A09:180 16E8861:180 D8F242:180 D8B348:180 D8B9B5:180 12B2284:22 D2F672:22 D8492B:30 D7FF2C:9 F4276C:1 CE3C40:0 1292634:0 B35BEE:0
client level=warn t=653562 ev=vr.probe pose in_pos=772.42,273.16,25.51 in_fwd=0.925,0.270,0.267 in_fov=1.4796 out_pos=772.42,273.16,25.51 out_fwd=0.925,0.270,0.267 out_fov=1.8850
client level=warn t=654343 ev=vr.xr pose fwd=0.882,0.416,0.220 off=0.220,0.294,-0.327 fov=1.8850 aspect=0.964
client level=warn t=655046 ev=vr.pad stats injected=4 held=0 mouse=0,0 move=0.00,0.00 turn=0.00,0.00 trig=0.00,0.00 buttons=0x0
client level=warn t=656000 ev=vr.xr submit layers=1 result=0 fov=1.8850
client level=warn t=656046 ev=vr.weapon callers path=getter D5D832:180 B363FA:540 B3598D:180 B40A78:0
client level=warn t=656046 ev=vr.weapon callers path=ptr D98F49:900 D7FB5C:63 DB8CB6:180 12B0A09:180 16E8861:180 D8F242:180 D8B348:180 D8B9B5:180 12B2284:21 D2F672:21 D8492B:27 D7FF2C:10 F4276C:0 CE3C40:0 1292634:0 B35BEE:0
client level=warn t=656046 ev=vr.probe pose in_pos=790.23,283.34,21.53 in_fwd=0.830,0.448,0.333 in_fov=1.6022 out_pos=790.23,283.34,21.53 out_fwd=0.830,0.448,0.333 out_fov=1.8850
client level=warn t=656843 ev=vr.xr pose fwd=0.876,0.478,-0.057 off=0.152,0.341,-0.329 fov=1.8850 aspect=0.964
client level=warn t=657546 ev=vr.pad stats injected=4 held=0 mouse=0,0 move=0.00,0.00 turn=0.00,0.00 trig=0.00,0.00 buttons=0x0
client level=warn t=658546 ev=vr.weapon callers path=getter D5D832:180 B363FA:540 B3598D:180 B40A78:0
client level=warn t=658546 ev=vr.weapon callers path=ptr D98F49:900 D7FB5C:63 DB8CB6:180 12B0A09:180 16E8861:180 D8F242:180 D8B348:180 D8B9B5:180 12B2284:20 D2F672:20 D8492B:27 D7FF2C:9 F4276C:0 CE3C40:0 1292634:0 B35BEE:0
client level=warn t=658546 ev=vr.probe pose in_pos=808.83,293.40,18.01 in_fwd=0.830,0.448,0.333 in_fov=1.6022 out_pos=808.83,293.40,18.01 out_fwd=0.830,0.448,0.333 out_fov=1.8850
client level=warn t=659343 ev=vr.xr pose fwd=0.775,0.610,0.166 off=0.109,0.367,-0.322 fov=1.8850 aspect=0.964
client level=warn t=660046 ev=vr.pad stats injected=4 held=0 mouse=0,0 move=0.00,0.00 turn=0.00,0.00 trig=0.00,0.00 buttons=0x0
client level=warn t=660171 ev=vr.xr submit layers=1 result=0 fov=1.8850
client level=warn t=661046 ev=vr.weapon callers path=getter D5D832:180 B363FA:540 B3598D:180 B40A78:32
client level=warn t=661046 ev=vr.weapon callers path=ptr D98F49:900 D7FB5C:77 DB8CB6:180 12B0A09:180 16E8861:180 D8F242:180 D8B348:180 D8B9B5:180 12B2284:22 D2F672:22 D8492B:30 D7FF2C:10 F4276C:2 CE3C40:0 1292634:0 B35BEE:0
client level=warn t=661046 ev=vr.probe pose in_pos=825.74,307.62,22.36 in_fwd=0.570,0.713,-0.408 in_fov=1.6022 out_pos=825.74,307.62,22.36 out_fwd=0.570,0.713,-0.408 out_fov=1.8850
client level=warn t=661843 ev=vr.xr pose fwd=0.807,0.333,0.488 off=0.112,0.328,-0.294 fov=1.8850 aspect=0.964
client level=warn t=662546 ev=vr.pad stats injected=4 held=0 mouse=0,0 move=0.00,0.00 turn=0.00,0.00 trig=0.00,0.00 buttons=0x0
client level=warn t=663578 ev=vr.weapon callers path=getter D5D832:180 B363FA:540 B3598D:180 B40A78:0
client level=warn t=663578 ev=vr.weapon callers path=ptr D98F49:900 D7FB5C:67 DB8CB6:180 12B0A09:180 16E8861:189 D8F242:180 D8B348:180 D8B9B5:180 12B2284:22 D2F672:22 D8492B:30 D7FF2C:10 F4276C:0 CE3C40:0 1292634:0 B35BEE:0
client level=warn t=663593 ev=vr.probe pose in_pos=843.13,320.62,19.15 in_fwd=0.818,0.494,0.295 in_fov=1.6022 out_pos=843.13,320.62,19.15 out_fwd=0.818,0.494,0.295 out_fov=1.8850
client level=warn t=664390 ev=vr.xr pose fwd=0.972,0.213,0.102 off=0.186,0.307,-0.327 fov=1.8850 aspect=0.964
client level=warn t=664390 ev=vr.xr submit layers=1 result=0 fov=1.8850
client level=warn t=665109 ev=vr.pad stats injected=4 held=0 mouse=0,0 move=0.00,0.00 turn=0.00,0.00 trig=0.00,0.00 buttons=0x0
client level=warn t=666187 ev=vr.weapon callers path=getter D5D832:180 B363FA:540 B3598D:180 B40A78:0
client level=warn t=666187 ev=vr.weapon callers path=ptr D98F49:900 D7FB5C:47 DB8CB6:180 12B0A09:180 16E8861:180 D8F242:180 D8B348:180 D8B9B5:180 12B2284:25 D2F672:25 D8492B:24 D7FF2C:8 F4276C:0 CE3C40:0 1292634:0 B35BEE:0
client level=warn t=666203 ev=vr.probe pose in_pos=863.00,330.31,18.01 in_fwd=0.918,0.361,0.166 in_fov=1.6022 out_pos=863.00,330.31,18.01 out_fwd=0.918,0.361,0.166 out_fov=1.8850
client level=warn t=667000 ev=vr.xr pose fwd=0.855,-0.497,-0.145 off=0.227,0.231,-0.350 fov=1.8850 aspect=0.964
client level=warn t=667750 ev=vr.pad stats injected=4 held=0 mouse=0,0 move=0.00,0.00 turn=0.00,0.00 trig=0.00,0.00 buttons=0x0
client level=warn t=668734 ev=vr.xr submit layers=1 result=0 fov=1.8850
client level=warn t=668781 ev=vr.weapon callers path=getter D5D832:180 B363FA:540 B3598D:180 B40A78:15
client level=warn t=668781 ev=vr.weapon callers path=ptr D98F49:900 D7FB5C:77 DB8CB6:180 12B0A09:180 16E8861:180 D8F242:180 D8B348:180 D8B9B5:180 12B2284:24 D2F672:24 D8492B:30 D7FF2C:10 F4276C:1 CE3C40:0 1292634:0 B35BEE:0
client level=warn t=668781 ev=vr.probe pose in_pos=884.69,336.16,11.40 in_fwd=0.928,0.056,0.367 in_fov=1.4242 out_pos=884.69,336.16,11.40 out_fwd=0.928,0.056,0.367 out_fov=1.8850
client level=warn t=669593 ev=vr.xr pose fwd=0.862,-0.456,0.222 off=0.314,0.155,-0.318 fov=1.8850 aspect=0.964
client level=warn t=670296 ev=vr.pad stats injected=4 held=0 mouse=0,0 move=0.00,0.00 turn=0.00,0.00 trig=0.00,0.00 buttons=0x0
client level=warn t=671312 ev=vr.weapon callers path=getter D5D832:180 B363FA:540 B3598D:180 B40A78:0
client level=warn t=671312 ev=vr.weapon callers path=ptr D98F49:900 D7FB5C:62 DB8CB6:180 12B0A09:180 16E8861:180 D8F242:180 D8B348:180 D8B9B5:180 12B2284:21 D2F672:21 D8492B:27 D7FF2C:9 F4276C:0 CE3C40:0 1292634:0 B35BEE:0
client level=warn t=671328 ev=vr.probe pose in_pos=901.80,331.58,11.16 in_fwd=0.945,-0.321,-0.065 in_fov=1.4242 out_pos=901.80,331.58,11.16 out_fwd=0.945,-0.321,-0.065 out_fov=1.8850
client level=warn t=672093 ev=vr.xr pose fwd=0.740,-0.664,0.106 off=0.334,0.048,-0.343 fov=1.8850 aspect=0.964
client level=warn t=672859 ev=vr.pad stats injected=4 held=0 mouse=0,0 move=0.00,0.00 turn=0.00,0.00 trig=0.00,0.00 buttons=0x0
client level=warn t=672984 ev=vr.xr submit layers=1 result=0 fov=1.8850
client level=warn t=673921 ev=vr.weapon callers path=getter D5D832:180 B363FA:540 B3598D:180 B40A78:0
client level=warn t=673921 ev=vr.weapon callers path=ptr D98F49:900 D7FB5C:57 DB8CB6:180 12B0A09:180 16E8861:180 D8F242:180 D8B348:180 D8B9B5:180 12B2284:22 D2F672:22 D8492B:30 D7FF2C:9 F4276C:0 CE3C40:0 1292634:0 B35BEE:0
client level=warn t=673937 ev=vr.probe pose in_pos=918.67,324.97,9.56 in_fwd=0.865,-0.444,0.232 in_fov=1.4242 out_pos=918.67,324.97,9.56 out_fwd=0.865,-0.444,0.232 out_fov=1.8850
client level=warn t=674781 ev=vr.xr pose fwd=0.814,-0.575,0.085 off=0.365,0.045,-0.344 fov=1.8850 aspect=0.964
client level=warn t=675531 ev=vr.pad stats injected=4 held=0 mouse=0,0 move=0.00,0.00 turn=0.00,0.00 trig=0.00,0.00 buttons=0x0
client level=warn t=676546 ev=vr.weapon callers path=getter D5D832:180 B363FA:540 B3598D:180 B40A78:0
client level=warn t=676546 ev=vr.weapon callers path=ptr D98F49:867 D7FB5C:56 DB8CB6:180 12B0A09:180 16E8861:180 D8F242:96 D8B348:180 D8B9B5:180 12B2284:21 D2F672:21 D8492B:28 D7FF2C:8 F4276C:0 CE3C40:0 1292634:0 B35BEE:0
client level=warn t=676562 ev=vr.probe pose in_pos=935.34,317.24,7.79 in_fwd=0.885,-0.407,0.227 in_fov=1.4242 out_pos=935.34,317.24,7.79 out_fwd=0.885,-0.407,0.227 out_fov=1.8850
client level=warn t=677375 ev=vr.xr pose fwd=0.240,-0.967,0.090 off=0.307,-0.201,-0.341 fov=1.8850 aspect=0.964
client level=warn t=677375 ev=vr.xr submit layers=1 result=0 fov=1.8850
client level=warn t=678109 ev=vr.pad stats injected=4 held=0 mouse=0,0 move=0.00,0.00 turn=0.00,0.00 trig=0.00,0.00 buttons=0x0
client level=warn t=679109 ev=vr.weapon callers path=getter D5D832:28 B363FA:540 B3598D:180 B40A78:0
client level=warn t=679109 ev=vr.weapon callers path=ptr D98F49:900 D7FB5C:56 DB8CB6:180 12B0A09:180 16E8861:180 D8F242:0 D8B348:180 D8B9B5:180 12B2284:113 D2F672:113 D8492B:18 D7FF2C:8 F4276C:0 CE3C40:0 1292634:35 B35BEE:152
client level=warn t=679125 ev=vr.probe pose in_pos=959.32,309.52,6.64 in_fwd=0.958,-0.080,-0.274 in_fov=1.7438 out_pos=959.32,309.52,6.64 out_fwd=0.958,-0.080,-0.274 out_fov=1.8850
client level=warn t=679921 ev=vr.xr pose fwd=0.996,-0.071,0.050 off=0.302,0.485,-0.379 fov=1.8850 aspect=0.964
server level=warn t=680593 ev=mission_script stage=attach result=no_activity_link session=11433003384888623115
server level=warn t=680640 ev=mission_script stage=attach result=no_activity_link session=11433003384888623106
client level=warn t=680718 ev=vr.pad stats injected=4 held=0 mouse=0,0 move=0.00,0.00 turn=0.00,0.00 trig=0.00,0.00 buttons=0x0
server level=warn t=681296 ev=bap svc=25 stage=plaintext result=shape_accepted conn=3 len=47 b0=0A b1=20 b34=10 b35=03
server level=warn t=681343 ev=activity stage=roster result=no_epoch soid=0x9EAA300100200007 public=1 dest= groups=0 top=0 sub=0 subkeys=0 objects=0 bytes=0 state=0 auth=0 authstate=-1 authfirst=-1:-1:0x0:0x0 authlast=-1:-1:0x0:0x0 sceneempty=0 engageempty=0 keygroup=0x0 grant=-1 region=0 slice=0 spawn=0x0 join=0x9EAA300100100101 player=0x0 pending_region=-1 current_region=-1 client_bubble=-1 held=-1 entered=0 selected=0 hash=0x0000000000000000 force=0x00
server level=warn t=681359 ev=mission_script stage=attach result=no_script session=11433003384888623111 activity_row=8
client level=warn t=681890 ev=vr.xr submit layers=1 result=0 fov=1.8850
client level=warn t=681953 ev=vr.weapon callers path=getter D5D832:0 B363FA:540 B3598D:180 B40A78:0
client level=warn t=681953 ev=vr.weapon callers path=ptr D98F49:900 D7FB5C:35 DB8CB6:180 12B0A09:180 16E8861:180 D8F242:0 D8B348:180 D8B9B5:180 12B2284:228 D2F672:228 D8492B:10 D7FF2C:5 F4276C:0 CE3C40:0 1292634:0 B35BEE:180
client level=warn t=681968 ev=vr.probe pose in_pos=1012.71,308.55,7.95 in_fwd=0.778,-0.621,0.092 in_fov=1.7271 out_pos=1012.71,308.55,7.95 out_fwd=0.778,-0.621,0.092 out_fov=1.8850
client level=warn t=682859 ev=vr.xr pose fwd=0.077,-0.996,0.046 off=0.250,-0.154,-0.387 fov=1.8850 aspect=0.964
client level=warn t=683640 ev=vr.pad stats injected=4 held=0 mouse=0,0 move=0.00,0.00 turn=0.00,0.00 trig=0.00,0.00 buttons=0x0
client level=warn t=684796 ev=vr.weapon callers path=getter D5D832:14 B363FA:540 B3598D:180 B40A78:0
client level=warn t=684796 ev=vr.weapon callers path=ptr D98F49:899 D7FB5C:50 DB8CB6:180 12B0A09:180 16E8861:180 D8F242:30 D8B348:180 D8B9B5:180 12B2284:183 D2F672:183 D8492B:15 D7FF2C:7 F4276C:0 CE3C40:0 1292634:18 B35BEE:165
client level=warn t=684796 ev=vr.probe pose in_pos=1039.61,269.09,6.24 in_fwd=0.291,0.908,0.302 in_fov=1.4242 out_pos=1039.61,269.09,6.24 out_fwd=0.291,0.908,0.302 out_fov=1.8850
client level=warn t=685671 ev=vr.xr pose fwd=0.162,-0.979,0.125 off=0.243,-0.203,-0.369 fov=1.8850 aspect=0.964
client level=warn t=686468 ev=vr.pad stats injected=4 held=0 mouse=0,0 move=0.00,0.00 turn=0.00,0.00 trig=0.00,0.00 buttons=0x0
client level=warn t=686593 ev=vr.xr submit layers=1 result=0 fov=1.8850
client level=warn t=687593 ev=vr.weapon callers path=getter D5D832:180 B363FA:540 B3598D:180 B40A78:0
client level=warn t=687593 ev=vr.weapon callers path=ptr D98F49:900 D7FB5C:76 DB8CB6:180 12B0A09:180 16E8861:180 D8F242:180 D8B348:180 D8B9B5:180 12B2284:23 D2F672:23 D8492B:33 D7FF2C:11 F4276C:0 CE3C40:0 1292634:0 B35BEE:0
client level=warn t=687593 ev=vr.probe pose in_pos=1025.30,265.37,5.80 in_fwd=-0.887,-0.458,-0.051 in_fov=1.4242 out_pos=1025.30,265.37,5.80 out_fwd=-0.887,-0.458,-0.051 out_fov=1.8850
client level=warn t=688468 ev=vr.xr pose fwd=-0.707,-0.602,0.371 off=-0.208,-0.245,-0.361 fov=1.8850 aspect=0.964
client level=warn t=689234 ev=vr.pad stats injected=4 held=0 mouse=0,0 move=0.00,0.00 turn=0.00,0.00 trig=0.00,0.00 buttons=0x0
client level=warn t=690343 ev=vr.weapon callers path=getter D5D832:180 B363FA:540 B3598D:180 B40A78:0
client level=warn t=690343 ev=vr.weapon callers path=ptr D98F49:900 D7FB5C:56 DB8CB6:180 12B0A09:180 16E8861:180 D8F242:180 D8B348:180 D8B9B5:180 12B2284:23 D2F672:23 D8492B:24 D7FF2C:8 F4276C:1 CE3C40:0 1292634:0 B35BEE:0
client level=warn t=690343 ev=vr.probe pose in_pos=1023.47,259.78,5.77 in_fwd=0.881,-0.422,-0.214 in_fov=1.4441 out_pos=1023.47,259.78,5.77 out_fwd=0.881,-0.422,-0.214 out_fov=1.8850
client level=warn t=691187 ev=vr.xr pose fwd=0.971,-0.151,-0.187 off=0.346,0.141,-0.388 fov=1.8850 aspect=0.964
client level=warn t=691187 ev=vr.xr submit layers=1 result=0 fov=1.8850
client level=warn t=691953 ev=vr.pad stats injected=4 held=0 mouse=0,0 move=0.00,0.00 turn=0.00,0.00 trig=0.00,0.00 buttons=0x0
client level=warn t=693062 ev=vr.weapon callers path=getter D5D832:84 B363FA:540 B3598D:180 B40A78:0
client level=warn t=693062 ev=vr.weapon callers path=ptr D98F49:900 D7FB5C:67 DB8CB6:180 12B0A09:180 16E8861:180 D8F242:180 D8B348:180 D8B9B5:180 12B2284:23 D2F672:23 D8492B:23 D7FF2C:9 F4276C:0 CE3C40:0 1292634:66 B35BEE:96
client level=warn t=693062 ev=vr.probe pose in_pos=1029.67,256.66,7.90 in_fwd=-0.191,0.973,-0.129 in_fov=1.4242 out_pos=1029.67,256.66,7.90 out_fwd=-0.191,0.973,-0.129 out_fov=1.8850
client level=warn t=693890 ev=vr.xr pose fwd=0.631,0.661,0.406 off=-0.292,0.370,-0.352 fov=1.8850 aspect=0.964
client level=warn t=694656 ev=vr.pad stats injected=4 held=0 mouse=0,0 move=0.00,0.00 turn=0.00,0.00 trig=0.00,0.00 buttons=0x0
client level=warn t=695750 ev=vr.xr submit layers=1 result=0 fov=1.8850
client level=warn t=695812 ev=vr.weapon callers path=getter D5D832:0 B363FA:540 B3598D:180 B40A78:0
client level=warn t=695812 ev=vr.weapon callers path=ptr D98F49:900 D7FB5C:70 DB8CB6:180 12B0A09:180 16E8861:180 D8F242:180 D8B348:180 D8B9B5:180 12B2284:23 D2F672:23 D8492B:20 D7FF2C:10 F4276C:0 CE3C40:0 1292634:0 B35BEE:180
client level=warn t=695812 ev=vr.probe pose in_pos=1022.61,270.34,6.91 in_fwd=0.935,0.352,-0.039 in_fov=1.4242 out_pos=1022.61,270.34,6.91 out_fwd=0.935,0.352,-0.039 out_fov=1.8850
client level=warn t=696609 ev=vr.xr pose fwd=0.480,-0.851,0.215 off=0.280,0.224,-0.342 fov=1.8850 aspect=0.964
client level=warn t=697343 ev=vr.pad stats injected=4 held=0 mouse=0,0 move=0.00,0.00 turn=0.00,0.00 trig=0.00,0.00 buttons=0x0
client level=warn t=698343 ev=vr.weapon callers path=getter D5D832:0 B363FA:540 B3598D:180 B40A78:0
client level=warn t=698343 ev=vr.weapon callers path=ptr D98F49:900 D7FB5C:70 DB8CB6:180 12B0A09:180 16E8861:180 D8F242:180 D8B348:180 D8B9B5:180 12B2284:20 D2F672:20 D8492B:20 D7FF2C:10 F4276C:0 CE3C40:0 1292634:0 B35BEE:180
client level=warn t=698343 ev=vr.probe pose in_pos=1036.33,271.28,7.19 in_fwd=0.993,0.088,-0.077 in_fov=1.4242 out_pos=1036.33,271.28,7.19 out_fwd=0.993,0.088,-0.077 out_fov=1.8850
client level=warn t=699140 ev=vr.xr pose fwd=0.529,-0.810,-0.253 off=0.318,-0.140,-0.424 fov=1.8850 aspect=0.964
client level=warn t=699890 ev=vr.pad stats injected=4 held=0 mouse=0,0 move=0.00,0.00 turn=0.00,0.00 trig=0.00,0.00 buttons=0x0
client level=warn t=700031 ev=vr.xr submit layers=1 result=0 fov=1.8850
client level=warn t=700984 ev=vr.weapon callers path=getter D5D832:0 B363FA:540 B3598D:180 B40A78:0
client level=warn t=700984 ev=vr.weapon callers path=ptr D98F49:900 D7FB5C:72 DB8CB6:180 12B0A09:180 16E8861:180 D8F242:180 D8B348:180 D8B9B5:180 12B2284:110 D2F672:110 D8492B:20 D7FF2C:10 F4276C:0 CE3C40:0 1292634:0 B35BEE:180
client level=warn t=701000 ev=vr.probe pose in_pos=1062.83,251.04,8.70 in_fwd=0.805,-0.331,-0.493 in_fov=1.6813 out_pos=1062.83,251.04,8.70 out_fwd=0.805,-0.331,-0.493 out_fov=1.8850
client level=warn t=701796 ev=vr.xr pose fwd=0.753,-0.643,-0.141 off=0.374,0.037,-0.380 fov=1.8850 aspect=0.964
client level=warn t=702562 ev=vr.pad stats injected=4 held=0 mouse=0,0 move=0.00,0.00 turn=0.00,0.00 trig=0.00,0.00 buttons=0x0
client level=warn t=703609 ev=vr.weapon callers path=getter D5D832:0 B363FA:540 B3598D:180 B40A78:0
client level=warn t=703609 ev=vr.weapon callers path=ptr D98F49:900 D7FB5C:61 DB8CB6:180 12B0A09:180 16E8861:180 D8F242:180 D8B348:180 D8B9B5:180 12B2284:203 D2F672:203 D8492B:18 D7FF2C:9 F4276C:0 CE3C40:0 1292634:0 B35BEE:180
client level=warn t=703625 ev=vr.probe pose in_pos=1114.39,216.30,1.90 in_fwd=0.994,-0.012,-0.110 in_fov=1.6813 out_pos=1114.39,216.30,1.90 out_fwd=0.994,-0.012,-0.110 out_fov=1.8850
client level=warn t=704421 ev=vr.xr pose fwd=0.889,-0.453,-0.067 off=0.340,0.139,-0.372 fov=1.8850 aspect=0.964
client level=warn t=704421 ev=vr.xr submit layers=1 result=0 fov=1.8850
client level=warn t=705156 ev=vr.pad stats injected=4 held=0 mouse=0,0 move=0.00,0.00 turn=0.00,0.00 trig=0.00,0.00 buttons=0x0
client level=warn t=706250 ev=vr.weapon callers path=getter D5D832:0 B363FA:540 B3598D:180 B40A78:0
client level=warn t=706250 ev=vr.weapon callers path=ptr D98F49:900 D7FB5C:70 DB8CB6:180 12B0A09:180 16E8861:180 D8F242:180 D8B348:180 D8B9B5:180 12B2284:202 D2F672:202 D8492B:20 D7FF2C:9 F4276C:0 CE3C40:0 1292634:0 B35BEE:180
client level=warn t=706250 ev=vr.probe pose in_pos=1165.42,203.28,5.65 in_fwd=0.866,-0.140,-0.481 in_fov=1.6813 out_pos=1165.42,203.28,5.65 out_fwd=0.866,-0.140,-0.481 out_fov=1.8850
client level=warn t=707093 ev=vr.xr pose fwd=0.900,-0.410,-0.149 off=0.341,0.192,-0.352 fov=1.8850 aspect=0.964
client level=warn t=707843 ev=vr.pad stats injected=4 held=0 mouse=0,0 move=0.00,0.00 turn=0.00,0.00 trig=0.00,0.00 buttons=0x0
client level=warn t=708812 ev=vr.xr submit layers=1 result=0 fov=1.8850
client level=warn t=708859 ev=vr.weapon callers path=getter D5D832:42 B363FA:540 B3598D:180 B40A78:0
client level=warn t=708859 ev=vr.weapon callers path=ptr D98F49:899 D7FB5C:69 DB8CB6:180 12B0A09:180 16E8861:180 D8F242:179 D8B348:180 D8B9B5:180 12B2284:49 D2F672:49 D8492B:20 D7FF2C:10 F4276C:0 CE3C40:0 1292634:20 B35BEE:137
client level=warn t=708875 ev=vr.probe pose in_pos=1193.49,191.80,-4.06 in_fwd=0.907,-0.082,-0.413 in_fov=1.4242 out_pos=1193.49,191.80,-4.06 out_fwd=0.907,-0.082,-0.413 out_fov=1.8850
client level=warn t=709671 ev=vr.xr pose fwd=0.898,-0.401,-0.183 off=0.125,0.203,-0.320 fov=1.8850 aspect=0.964
client level=warn t=710375 ev=vr.pad stats injected=4 held=0 mouse=0,0 move=0.00,0.00 turn=0.00,0.00 trig=0.00,0.00 buttons=0x0
client level=warn t=710437 ev=vr.xr session state=stopped
client level=warn t=711375 ev=vr.weapon callers path=getter D5D832:180 B363FA:540 B3598D:180 B40A78:0
client level=warn t=711375 ev=vr.weapon callers path=ptr D98F49:900 D7FB5C:75 DB8CB6:180 12B0A09:0 16E8861:180 D8F242:180 D8B348:180 D8B9B5:180 12B2284:21 D2F672:21 D8492B:33 D7FF2C:11 F4276C:0 CE3C40:0 1292634:0 B35BEE:0
client level=warn t=711375 ev=vr.probe pose in_pos=1193.49,191.80,-4.05 in_fwd=0.908,-0.082,-0.410 in_fov=1.4242 out_pos=1193.49,191.80,-4.05 out_fwd=0.908,-0.082,-0.410 out_fov=1.4242
client level=warn t=712875 ev=vr.pad stats injected=4 held=0 mouse=0,0 move=0.00,0.00 turn=0.00,0.00 trig=0.00,0.00 buttons=0x0
client level=warn t=713906 ev=vr.weapon callers path=getter D5D832:180 B363FA:540 B3598D:180 B40A78:0
client level=warn t=713906 ev=vr.weapon callers path=ptr D98F49:900 D7FB5C:73 DB8CB6:180 12B0A09:0 16E8861:180 D8F242:180 D8B348:180 D8B9B5:180 12B2284:20 D2F672:20 D8492B:32 D7FF2C:10 F4276C:0 CE3C40:0 1292634:0 B35BEE:0
client level=warn t=713906 ev=vr.probe pose in_pos=1193.49,191.80,-4.05 in_fwd=0.908,-0.082,-0.410 in_fov=1.4242 out_pos=1193.49,191.80,-4.05 out_fwd=0.908,-0.082,-0.410 out_fov=1.4242
client level=warn t=715406 ev=vr.pad stats injected=4 held=0 mouse=0,0 move=0.00,0.00 turn=0.00,0.00 trig=0.00,0.00 buttons=0x0
client level=warn t=716468 ev=vr.weapon callers path=getter D5D832:180 B363FA:540 B3598D:180 B40A78:0
client level=warn t=716468 ev=vr.weapon callers path=ptr D98F49:900 D7FB5C:70 DB8CB6:180 12B0A09:0 16E8861:180 D8F242:180 D8B348:180 D8B9B5:180 12B2284:21 D2F672:21 D8492B:31 D7FF2C:11 F4276C:0 CE3C40:0 1292634:0 B35BEE:0
client level=warn t=716468 ev=vr.probe pose in_pos=1193.49,191.80,-4.05 in_fwd=0.908,-0.082,-0.410 in_fov=1.4242 out_pos=1193.49,191.80,-4.05 out_fwd=0.908,-0.082,-0.410 out_fov=1.4242
client level=warn t=717953 ev=vr.pad stats injected=4 held=0 mouse=0,0 move=0.00,0.00 turn=0.00,0.00 trig=0.00,0.00 buttons=0x0
client level=warn t=719062 ev=vr.weapon callers path=getter D5D832:180 B363FA:540 B3598D:180 B40A78:0
client level=warn t=719062 ev=vr.weapon callers path=ptr D98F49:900 D7FB5C:77 DB8CB6:180 12B0A09:0 16E8861:180 D8F242:180 D8B348:180 D8B9B5:180 12B2284:21 D2F672:21 D8492B:31 D7FF2C:10 F4276C:0 CE3C40:0 1292634:0 B35BEE:0
client level=warn t=719078 ev=vr.probe pose in_pos=1193.49,191.80,-4.05 in_fwd=0.908,-0.082,-0.410 in_fov=1.4242 out_pos=1193.49,191.80,-4.05 out_fwd=0.908,-0.082,-0.410 out_fov=1.4242
client level=warn t=720546 ev=vr.pad stats injected=4 held=0 mouse=0,0 move=0.00,0.00 turn=0.00,0.00 trig=0.00,0.00 buttons=0x0
client level=warn t=721531 ev=vr.weapon callers path=getter D5D832:180 B363FA:540 B3598D:180 B40A78:0
client level=warn t=721531 ev=vr.weapon callers path=ptr D98F49:900 D7FB5C:76 DB8CB6:180 12B0A09:0 16E8861:180 D8F242:180 D8B348:180 D8B9B5:180 12B2284:20 D2F672:20 D8492B:32 D7FF2C:11 F4276C:0 CE3C40:0 1292634:0 B35BEE:0
client level=warn t=721546 ev=vr.probe pose in_pos=1193.49,191.80,-4.05 in_fwd=0.908,-0.082,-0.410 in_fov=1.4242 out_pos=1193.49,191.80,-4.05 out_fwd=0.908,-0.082,-0.410 out_fov=1.4242
client level=warn t=722968 ev=vr.pad stats injected=4 held=0 mouse=0,0 move=0.00,0.00 turn=0.00,0.00 trig=0.00,0.00 buttons=0x0
client level=warn t=723937 ev=vr.weapon callers path=getter D5D832:180 B363FA:540 B3598D:180 B40A78:0
client level=warn t=723937 ev=vr.weapon callers path=ptr D98F49:900 D7FB5C:78 DB8CB6:180 12B0A09:0 16E8861:180 D8F242:180 D8B348:180 D8B9B5:180 12B2284:20 D2F672:20 D8492B:36 D7FF2C:11 F4276C:0 CE3C40:0 1292634:0 B35BEE:0
client level=warn t=723953 ev=vr.probe pose in_pos=1193.49,191.80,-4.05 in_fwd=0.908,-0.082,-0.410 in_fov=1.4242 out_pos=1193.49,191.80,-4.05 out_fwd=0.908,-0.082,-0.410 out_fov=1.4242
client level=warn t=725343 ev=vr.pad stats injected=4 held=0 mouse=0,0 move=0.00,0.00 turn=0.00,0.00 trig=0.00,0.00 buttons=0x0
client level=warn t=726312 ev=vr.weapon callers path=getter D5D832:180 B363FA:540 B3598D:180 B40A78:0
client level=warn t=726312 ev=vr.weapon callers path=ptr D98F49:900 D7FB5C:77 DB8CB6:180 12B0A09:0 16E8861:180 D8F242:180 D8B348:180 D8B9B5:180 12B2284:20 D2F672:20 D8492B:33 D7FF2C:12 F4276C:0 CE3C40:0 1292634:0 B35BEE:0
client level=warn t=726328 ev=vr.probe pose in_pos=1193.49,191.80,-4.05 in_fwd=0.908,-0.082,-0.410 in_fov=1.4242 out_pos=1193.49,191.80,-4.05 out_fwd=0.908,-0.082,-0.410 out_fov=1.4242
client level=warn t=727703 ev=vr.pad stats injected=4 held=0 mouse=0,0 move=0.00,0.00 turn=0.00,0.00 trig=0.00,0.00 buttons=0x0
client level=warn t=728687 ev=vr.weapon callers path=getter D5D832:180 B363FA:540 B3598D:180 B40A78:0
client level=warn t=728687 ev=vr.weapon callers path=ptr D98F49:900 D7FB5C:80 DB8CB6:180 12B0A09:0 16E8861:180 D8F242:180 D8B348:180 D8B9B5:180 12B2284:20 D2F672:20 D8492B:33 D7FF2C:11 F4276C:0 CE3C40:0 1292634:0 B35BEE:0
client level=warn t=728687 ev=vr.probe pose in_pos=1193.49,191.80,-4.05 in_fwd=0.908,-0.082,-0.410 in_fov=1.4242 out_pos=1193.49,191.80,-4.05 out_fwd=0.908,-0.082,-0.410 out_fov=1.4242
client level=warn t=730140 ev=vr.pad stats injected=4 held=0 mouse=0,0 move=0.00,0.00 turn=0.00,0.00 trig=0.00,0.00 buttons=0x0
client level=warn t=731140 ev=vr.weapon callers path=getter D5D832:180 B363FA:540 B3598D:180 B40A78:0
client level=warn t=731140 ev=vr.weapon callers path=ptr D98F49:900 D7FB5C:79 DB8CB6:180 12B0A09:0 16E8861:180 D8F242:180 D8B348:180 D8B9B5:180 12B2284:20 D2F672:20 D8492B:33 D7FF2C:11 F4276C:0 CE3C40:0 1292634:0 B35BEE:0
client level=warn t=731156 ev=vr.probe pose in_pos=1193.49,191.80,-4.05 in_fwd=0.908,-0.082,-0.410 in_fov=1.4242 out_pos=1193.49,191.80,-4.05 out_fwd=0.908,-0.082,-0.410 out_fov=1.4242
client level=warn t=732656 ev=vr.pad stats injected=4 held=0 mouse=0,0 move=0.00,0.00 turn=0.00,0.00 trig=0.00,0.00 buttons=0x0
client level=warn t=733609 ev=vr.weapon callers path=getter D5D832:180 B363FA:540 B3598D:180 B40A78:0
client level=warn t=733609 ev=vr.weapon callers path=ptr D98F49:900 D7FB5C:79 DB8CB6:180 12B0A09:0 16E8861:180 D8F242:180 D8B348:180 D8B9B5:180 12B2284:21 D2F672:21 D8492B:35 D7FF2C:11 F4276C:0 CE3C40:0 1292634:0 B35BEE:0
client level=warn t=733625 ev=vr.probe pose in_pos=1193.49,191.80,-4.05 in_fwd=0.908,-0.082,-0.410 in_fov=1.4242 out_pos=1193.49,191.80,-4.05 out_fwd=0.908,-0.082,-0.410 out_fov=1.4242
client level=warn t=735031 ev=vr.pad stats injected=4 held=0 mouse=0,0 move=0.00,0.00 turn=0.00,0.00 trig=0.00,0.00 buttons=0x0
client level=warn t=735984 ev=vr.weapon callers path=getter D5D832:180 B363FA:540 B3598D:180 B40A78:0
client level=warn t=735984 ev=vr.weapon callers path=ptr D98F49:900 D7FB5C:77 DB8CB6:180 12B0A09:0 16E8861:180 D8F242:180 D8B348:180 D8B9B5:180 12B2284:20 D2F672:20 D8492B:34 D7FF2C:12 F4276C:0 CE3C40:0 1292634:0 B35BEE:0
client level=warn t=736000 ev=vr.probe pose in_pos=1193.49,191.80,-4.05 in_fwd=0.908,-0.082,-0.410 in_fov=1.4242 out_pos=1193.49,191.80,-4.05 out_fwd=0.908,-0.082,-0.410 out_fov=1.4242
client level=warn t=737390 ev=vr.pad stats injected=4 held=0 mouse=0,0 move=0.00,0.00 turn=0.00,0.00 trig=0.00,0.00 buttons=0x0
client level=warn t=738343 ev=vr.weapon callers path=getter D5D832:180 B363FA:540 B3598D:180 B40A78:0
client level=warn t=738343 ev=vr.weapon callers path=ptr D98F49:900 D7FB5C:77 DB8CB6:180 12B0A09:0 16E8861:180 D8F242:180 D8B348:180 D8B9B5:180 12B2284:20 D2F672:20 D8492B:33 D7FF2C:11 F4276C:0 CE3C40:0 1292634:0 B35BEE:0
client level=warn t=738343 ev=vr.probe pose in_pos=1193.49,191.80,-4.05 in_fwd=0.908,-0.082,-0.410 in_fov=1.4242 out_pos=1193.49,191.80,-4.05 out_fwd=0.908,-0.082,-0.410 out_fov=1.4242
client level=warn t=739781 ev=vr.pad stats injected=4 held=0 mouse=0,0 move=0.00,0.00 turn=0.00,0.00 trig=0.00,0.00 buttons=0x0
client level=warn t=740765 ev=vr.weapon callers path=getter D5D832:180 B363FA:540 B3598D:180 B40A78:0
client level=warn t=740765 ev=vr.weapon callers path=ptr D98F49:900 D7FB5C:79 DB8CB6:180 12B0A09:0 16E8861:180 D8F242:180 D8B348:180 D8B9B5:180 12B2284:20 D2F672:20 D8492B:33 D7FF2C:11 F4276C:0 CE3C40:0 1292634:0 B35BEE:0
client level=warn t=740781 ev=vr.probe pose in_pos=1193.49,191.80,-4.05 in_fwd=0.908,-0.082,-0.410 in_fov=1.4242 out_pos=1193.49,191.80,-4.05 out_fwd=0.908,-0.082,-0.410 out_fov=1.4242
client level=warn t=742171 ev=vr.pad stats injected=4 held=0 mouse=0,0 move=0.00,0.00 turn=0.00,0.00 trig=0.00,0.00 buttons=0x0
client level=warn t=743125 ev=vr.weapon callers path=getter D5D832:180 B363FA:540 B3598D:180 B40A78:0
client level=warn t=743125 ev=vr.weapon callers path=ptr D98F49:900 D7FB5C:81 DB8CB6:180 12B0A09:0 16E8861:180 D8F242:180 D8B348:180 D8B9B5:180 12B2284:20 D2F672:20 D8492B:33 D7FF2C:11 F4276C:0 CE3C40:0 1292634:0 B35BEE:0
client level=warn t=743125 ev=vr.probe pose in_pos=1193.49,191.80,-4.05 in_fwd=0.908,-0.082,-0.410 in_fov=1.4242 out_pos=1193.49,191.80,-4.05 out_fwd=0.908,-0.082,-0.410 out_fov=1.4242
client level=warn t=744515 ev=vr.pad stats injected=4 held=0 mouse=0,0 move=0.00,0.00 turn=0.00,0.00 trig=0.00,0.00 buttons=0x0
client level=warn t=745453 ev=vr.weapon callers path=getter D5D832:180 B363FA:540 B3598D:180 B40A78:0
client level=warn t=745453 ev=vr.weapon callers path=ptr D98F49:900 D7FB5C:78 DB8CB6:180 12B0A09:0 16E8861:180 D8F242:180 D8B348:180 D8B9B5:180 12B2284:20 D2F672:20 D8492B:36 D7FF2C:11 F4276C:0 CE3C40:0 1292634:0 B35BEE:0
client level=warn t=745453 ev=vr.probe pose in_pos=1193.49,191.80,-4.05 in_fwd=0.908,-0.082,-0.410 in_fov=1.4242 out_pos=1193.49,191.80,-4.05 out_fwd=0.908,-0.082,-0.410 out_fov=1.4242
client level=warn t=746843 ev=vr.pad stats injected=4 held=0 mouse=0,0 move=0.00,0.00 turn=0.00,0.00 trig=0.00,0.00 buttons=0x0
client level=warn t=747828 ev=vr.weapon callers path=getter D5D832:180 B363FA:540 B3598D:180 B40A78:0
client level=warn t=747828 ev=vr.weapon callers path=ptr D98F49:900 D7FB5C:77 DB8CB6:180 12B0A09:0 16E8861:180 D8F242:180 D8B348:180 D8B9B5:180 12B2284:20 D2F672:20 D8492B:33 D7FF2C:12 F4276C:0 CE3C40:0 1292634:0 B35BEE:0
client level=warn t=747828 ev=vr.probe pose in_pos=1193.49,191.80,-4.05 in_fwd=0.908,-0.082,-0.410 in_fov=1.4242 out_pos=1193.49,191.80,-4.05 out_fwd=0.908,-0.082,-0.410 out_fov=1.4242
client level=warn t=749234 ev=vr.pad stats injected=4 held=0 mouse=0,0 move=0.00,0.00 turn=0.00,0.00 trig=0.00,0.00 buttons=0x0
client level=warn t=750187 ev=vr.weapon callers path=getter D5D832:180 B363FA:540 B3598D:180 B40A78:0
client level=warn t=750187 ev=vr.weapon callers path=ptr D98F49:900 D7FB5C:77 DB8CB6:180 12B0A09:0 16E8861:180 D8F242:180 D8B348:180 D8B9B5:180 12B2284:20 D2F672:20 D8492B:33 D7FF2C:11 F4276C:0 CE3C40:0 1292634:0 B35BEE:0
client level=warn t=750203 ev=vr.probe pose in_pos=1193.49,191.80,-4.05 in_fwd=0.908,-0.082,-0.410 in_fov=1.4242 out_pos=1193.49,191.80,-4.05 out_fwd=0.908,-0.082,-0.410 out_fov=1.4242
client level=warn t=751593 ev=vr.pad stats injected=4 held=0 mouse=0,0 move=0.00,0.00 turn=0.00,0.00 trig=0.00,0.00 buttons=0x0
client level=warn t=752531 ev=vr.weapon callers path=getter D5D832:180 B363FA:540 B3598D:180 B40A78:0
client level=warn t=752531 ev=vr.weapon callers path=ptr D98F49:900 D7FB5C:80 DB8CB6:180 12B0A09:0 16E8861:180 D8F242:180 D8B348:180 D8B9B5:180 12B2284:20 D2F672:20 D8492B:33 D7FF2C:11 F4276C:0 CE3C40:0 1292634:0 B35BEE:0
client level=warn t=752531 ev=vr.probe pose in_pos=1193.49,191.80,-4.05 in_fwd=0.908,-0.082,-0.410 in_fov=1.4242 out_pos=1193.49,191.80,-4.05 out_fwd=0.908,-0.082,-0.410 out_fov=1.4242
client level=warn t=753921 ev=vr.pad stats injected=4 held=0 mouse=0,0 move=0.00,0.00 turn=0.00,0.00 trig=0.00,0.00 buttons=0x0
client level=warn t=754875 ev=vr.weapon callers path=getter D5D832:180 B363FA:540 B3598D:180 B40A78:0
client level=warn t=754875 ev=vr.weapon callers path=ptr D98F49:900 D7FB5C:81 DB8CB6:180 12B0A09:0 16E8861:180 D8F242:180 D8B348:180 D8B9B5:180 12B2284:20 D2F672:20 D8492B:33 D7FF2C:11 F4276C:0 CE3C40:0 1292634:0 B35BEE:0
client level=warn t=754875 ev=vr.probe pose in_pos=1193.49,191.80,-4.05 in_fwd=0.908,-0.082,-0.410 in_fov=1.4242 out_pos=1193.49,191.80,-4.05 out_fwd=0.908,-0.082,-0.410 out_fov=1.4242
client level=warn t=756265 ev=vr.pad stats injected=4 held=0 mouse=0,0 move=0.00,0.00 turn=0.00,0.00 trig=0.00,0.00 buttons=0x0
client level=warn t=757218 ev=vr.weapon callers path=getter D5D832:180 B363FA:540 B3598D:180 B40A78:0
client level=warn t=757218 ev=vr.weapon callers path=ptr D98F49:900 D7FB5C:77 DB8CB6:180 12B0A09:0 16E8861:180 D8F242:180 D8B348:180 D8B9B5:180 12B2284:20 D2F672:20 D8492B:36 D7FF2C:12 F4276C:0 CE3C40:0 1292634:0 B35BEE:0
client level=warn t=757234 ev=vr.probe pose in_pos=1193.49,191.80,-4.05 in_fwd=0.908,-0.082,-0.410 in_fov=1.4242 out_pos=1193.49,191.80,-4.05 out_fwd=0.908,-0.082,-0.410 out_fov=1.4242
client level=warn t=758671 ev=vr.pad stats injected=4 held=0 mouse=0,0 move=0.00,0.00 turn=0.00,0.00 trig=0.00,0.00 buttons=0x0
client level=warn t=759609 ev=vr.weapon callers path=getter D5D832:180 B363FA:540 B3598D:180 B40A78:0
client level=warn t=759609 ev=vr.weapon callers path=ptr D98F49:900 D7FB5C:77 DB8CB6:180 12B0A09:0 16E8861:180 D8F242:180 D8B348:180 D8B9B5:180 12B2284:21 D2F672:21 D8492B:33 D7FF2C:11 F4276C:0 CE3C40:0 1292634:0 B35BEE:0
client level=warn t=759625 ev=vr.probe pose in_pos=1193.49,191.80,-4.05 in_fwd=0.908,-0.082,-0.410 in_fov=1.4242 out_pos=1193.49,191.80,-4.05 out_fwd=0.908,-0.082,-0.410 out_fov=1.4242
client level=warn t=761000 ev=vr.pad stats injected=4 held=0 mouse=0,0 move=0.00,0.00 turn=0.00,0.00 trig=0.00,0.00 buttons=0x0
client level=warn t=762000 ev=vr.weapon callers path=getter D5D832:180 B363FA:540 B3598D:180 B40A78:0
client level=warn t=762000 ev=vr.weapon callers path=ptr D98F49:900 D7FB5C:77 DB8CB6:180 12B0A09:0 16E8861:180 D8F242:180 D8B348:180 D8B9B5:180 12B2284:20 D2F672:20 D8492B:33 D7FF2C:11 F4276C:0 CE3C40:0 1292634:0 B35BEE:0
client level=warn t=762015 ev=vr.probe pose in_pos=1193.49,191.80,-4.05 in_fwd=0.908,-0.082,-0.410 in_fov=1.4242 out_pos=1193.49,191.80,-4.05 out_fwd=0.908,-0.082,-0.410 out_fov=1.4242
client level=warn t=763406 ev=vr.pad stats injected=4 held=0 mouse=0,0 move=0.00,0.00 turn=0.00,0.00 trig=0.00,0.00 buttons=0x0
client level=warn t=764390 ev=vr.weapon callers path=getter D5D832:180 B363FA:540 B3598D:180 B40A78:0
client level=warn t=764390 ev=vr.weapon callers path=ptr D98F49:900 D7FB5C:80 DB8CB6:180 12B0A09:0 16E8861:180 D8F242:180 D8B348:180 D8B9B5:180 12B2284:20 D2F672:20 D8492B:33 D7FF2C:11 F4276C:0 CE3C40:0 1292634:0 B35BEE:0
client level=warn t=764406 ev=vr.probe pose in_pos=1193.49,191.80,-4.05 in_fwd=0.908,-0.082,-0.410 in_fov=1.4242 out_pos=1193.49,191.80,-4.05 out_fwd=0.908,-0.082,-0.410 out_fov=1.4242
client level=warn t=765812 ev=vr.pad stats injected=4 held=0 mouse=0,0 move=0.00,0.00 turn=0.00,0.00 trig=0.00,0.00 buttons=0x0
client level=warn t=766781 ev=vr.weapon callers path=getter D5D832:180 B363FA:540 B3598D:180 B40A78:0
client level=warn t=766781 ev=vr.weapon callers path=ptr D98F49:900 D7FB5C:81 DB8CB6:180 12B0A09:0 16E8861:180 D8F242:180 D8B348:180 D8B9B5:180 12B2284:20 D2F672:20 D8492B:33 D7FF2C:11 F4276C:0 CE3C40:0 1292634:0 B35BEE:0
client level=warn t=766796 ev=vr.probe pose in_pos=1193.49,191.80,-4.05 in_fwd=0.908,-0.082,-0.410 in_fov=1.4242 out_pos=1193.49,191.80,-4.05 out_fwd=0.908,-0.082,-0.410 out_fov=1.4242
client level=warn t=768171 ev=vr.pad stats injected=4 held=0 mouse=0,0 move=0.00,0.00 turn=0.00,0.00 trig=0.00,0.00 buttons=0x0
client level=warn t=769171 ev=vr.weapon callers path=getter D5D832:180 B363FA:540 B3598D:180 B40A78:0
client level=warn t=769171 ev=vr.weapon callers path=ptr D98F49:900 D7FB5C:77 DB8CB6:180 12B0A09:0 16E8861:180 D8F242:180 D8B348:180 D8B9B5:180 12B2284:20 D2F672:20 D8492B:36 D7FF2C:12 F4276C:0 CE3C40:0 1292634:0 B35BEE:0
client level=warn t=769187 ev=vr.probe pose in_pos=1193.49,191.80,-4.05 in_fwd=0.908,-0.082,-0.410 in_fov=1.4242 out_pos=1193.49,191.80,-4.05 out_fwd=0.908,-0.082,-0.410 out_fov=1.4242
client level=warn t=770640 ev=vr.pad stats injected=4 held=0 mouse=0,0 move=0.00,0.00 turn=0.00,0.00 trig=0.00,0.00 buttons=0x0
client level=warn t=771593 ev=vr.weapon callers path=getter D5D832:180 B363FA:540 B3598D:180 B40A78:0
client level=warn t=771593 ev=vr.weapon callers path=ptr D98F49:900 D7FB5C:78 DB8CB6:180 12B0A09:0 16E8861:180 D8F242:180 D8B348:180 D8B9B5:180 12B2284:20 D2F672:20 D8492B:33 D7FF2C:11 F4276C:0 CE3C40:0 1292634:0 B35BEE:0
client level=warn t=771609 ev=vr.probe pose in_pos=1193.49,191.80,-4.05 in_fwd=0.908,-0.082,-0.410 in_fov=1.4242 out_pos=1193.49,191.80,-4.05 out_fwd=0.908,-0.082,-0.410 out_fov=1.4242
client level=warn t=773000 ev=vr.pad stats injected=4 held=0 mouse=0,0 move=0.00,0.00 turn=0.00,0.00 trig=0.00,0.00 buttons=0x0
client level=warn t=773968 ev=vr.weapon callers path=getter D5D832:180 B363FA:540 B3598D:180 B40A78:0
client level=warn t=773968 ev=vr.weapon callers path=ptr D98F49:900 D7FB5C:69 DB8CB6:180 12B0A09:0 16E8861:180 D8F242:180 D8B348:180 D8B9B5:180 12B2284:20 D2F672:20 D8492B:28 D7FF2C:9 F4276C:0 CE3C40:0 1292634:0 B35BEE:0
client level=warn t=773968 ev=vr.probe pose in_pos=1193.49,191.80,-4.05 in_fwd=0.908,-0.082,-0.410 in_fov=1.4242 out_pos=1193.49,191.80,-4.05 out_fwd=0.908,-0.082,-0.410 out_fov=1.4242
client level=warn t=775375 ev=vr.pad stats injected=4 held=0 mouse=0,0 move=0.00,0.00 turn=0.00,0.00 trig=0.00,0.00 buttons=0x0
client level=warn t=776343 ev=vr.weapon callers path=getter D5D832:180 B363FA:540 B3598D:180 B40A78:0
client level=warn t=776343 ev=vr.weapon callers path=ptr D98F49:900 D7FB5C:70 DB8CB6:180 12B0A09:0 16E8861:180 D8F242:180 D8B348:180 D8B9B5:180 12B2284:20 D2F672:20 D8492B:32 D7FF2C:11 F4276C:0 CE3C40:0 1292634:0 B35BEE:0
client level=warn t=776359 ev=vr.probe pose in_pos=1193.49,191.80,-4.05 in_fwd=0.908,-0.082,-0.410 in_fov=1.4242 out_pos=1193.49,191.80,-4.05 out_fwd=0.908,-0.082,-0.410 out_fov=1.4242
client level=warn t=778343 ev=vr.pad stats injected=4 held=0 mouse=0,0 move=0.00,0.00 turn=0.00,0.00 trig=0.00,0.00 buttons=0x0
client level=warn t=780812 ev=vr.weapon callers path=getter D5D832:180 B363FA:540 B3598D:180 B40A78:0
client level=warn t=780812 ev=vr.weapon callers path=ptr D98F49:900 D7FB5C:84 DB8CB6:180 12B0A09:0 16E8861:180 D8F242:180 D8B348:180 D8B9B5:180 12B2284:33 D2F672:33 D8492B:33 D7FF2C:11 F4276C:0 CE3C40:0 1292634:0 B35BEE:0
client level=warn t=780812 ev=vr.probe pose in_pos=1193.49,191.80,-4.05 in_fwd=0.908,-0.082,-0.410 in_fov=1.4242 out_pos=1193.49,191.80,-4.05 out_fwd=0.908,-0.082,-0.410 out_fov=1.4242
client level=warn t=784375 ev=vr.pad stats injected=4 held=0 mouse=0,0 move=0.00,0.00 turn=0.00,0.00 trig=0.00,0.00 buttons=0x0
client level=warn t=786812 ev=vr.weapon callers path=getter D5D832:180 B363FA:540 B3598D:180 B40A78:0
client level=warn t=786812 ev=vr.weapon callers path=ptr D98F49:900 D7FB5C:84 DB8CB6:180 12B0A09:0 16E8861:180 D8F242:180 D8B348:180 D8B9B5:180 12B2284:45 D2F672:45 D8492B:39 D7FF2C:13 F4276C:0 CE3C40:0 1292634:0 B35BEE:0
client level=warn t=786828 ev=vr.probe pose in_pos=1193.49,191.80,-4.05 in_fwd=0.908,-0.082,-0.410 in_fov=1.4242 out_pos=1193.49,191.80,-4.05 out_fwd=0.908,-0.082,-0.410 out_fov=1.4242
client level=warn t=790000 ev=vr.pad stats injected=4 held=0 mouse=0,0 move=0.00,0.00 turn=0.00,0.00 trig=0.00,0.00 buttons=0x0
client level=warn t=791000 ev=vr.weapon callers path=getter D5D832:180 B363FA:540 B3598D:180 B40A78:0
client level=warn t=791000 ev=vr.weapon callers path=ptr D98F49:869 D7FB5C:70 DB8CB6:180 12B0A09:93 16E8861:180 D8F242:90 D8B348:180 D8B9B5:180 12B2284:33 D2F672:33 D8492B:33 D7FF2C:10 F4276C:0 CE3C40:0 1292634:0 B35BEE:0
client level=warn t=791015 ev=vr.probe pose in_pos=1195.57,190.20,-4.27 in_fwd=0.832,-0.554,-0.034 in_fov=1.4242 out_pos=1195.57,190.20,-4.27 out_fwd=0.832,-0.554,-0.034 out_fov=1.4242
client level=warn t=792828 ev=vr.pad stats injected=4 held=0 mouse=0,0 move=0.00,0.00 turn=0.00,0.00 trig=0.00,0.00 buttons=0x0
client level=warn t=794734 ev=vr.weapon callers path=getter D5D832:180 B363FA:540 B3598D:180 B40A78:0
client level=warn t=794734 ev=vr.weapon callers path=ptr D98F49:900 D7FB5C:64 DB8CB6:180 12B0A09:180 16E8861:180 D8F242:0 D8B348:180 D8B9B5:180 12B2284:28 D2F672:28 D8492B:36 D7FF2C:9 F4276C:0 CE3C40:0 1292634:0 B35BEE:0
client level=warn t=794734 ev=vr.probe pose in_pos=1202.72,186.29,-5.06 in_fwd=0.821,-0.571,0.023 in_fov=1.4242 out_pos=1202.72,186.29,-5.06 out_fwd=0.821,-0.571,0.023 out_fov=1.4242
client level=warn t=796265 ev=vr.pad stats injected=4 held=0 mouse=0,0 move=0.00,0.00 turn=0.00,0.00 trig=0.00,0.00 buttons=0x0
client level=warn t=797250 ev=vr.weapon callers path=getter D5D832:180 B363FA:540 B3598D:180 B40A78:0
client level=warn t=797250 ev=vr.weapon callers path=ptr D98F49:900 D7FB5C:56 DB8CB6:180 12B0A09:136 16E8861:180 D8F242:75 D8B348:180 D8B9B5:180 12B2284:20 D2F672:20 D8492B:29 D7FF2C:8 F4276C:1 CE3C40:0 1292634:0 B35BEE:0
client level=warn t=797265 ev=vr.probe pose in_pos=1197.82,181.08,-5.25 in_fwd=-0.890,-0.439,0.120 in_fov=1.4357 out_pos=1197.82,181.08,-5.25 out_fwd=-0.890,-0.439,0.120 out_fov=1.4357
client level=warn t=798718 ev=vr.pad stats injected=4 held=0 mouse=0,0 move=0.00,0.00 turn=0.00,0.00 trig=0.00,0.00 buttons=0x0
client level=warn t=799718 ev=vr.weapon callers path=getter D5D832:180 B363FA:540 B3598D:180 B40A78:37
client level=warn t=799718 ev=vr.weapon callers path=ptr D98F49:900 D7FB5C:70 DB8CB6:180 12B0A09:180 16E8861:180 D8F242:180 D8B348:180 D8B9B5:180 12B2284:25 D2F672:25 D8492B:30 D7FF2C:10 F4276C:3 CE3C40:0 1292634:0 B35BEE:0
client level=warn t=799734 ev=vr.probe pose in_pos=1176.76,172.76,3.58 in_fwd=-0.975,-0.119,0.190 in_fov=1.6022 out_pos=1176.76,172.76,3.58 out_fwd=-0.975,-0.119,0.190 out_fov=1.6022
client level=warn t=801187 ev=vr.pad stats injected=4 held=0 mouse=0,0 move=0.00,0.00 turn=0.00,0.00 trig=0.00,0.00 buttons=0x0
client level=warn t=802140 ev=vr.weapon callers path=getter D5D832:180 B363FA:540 B3598D:180 B40A78:28
client level=warn t=802140 ev=vr.weapon callers path=ptr D98F49:900 D7FB5C:63 DB8CB6:180 12B0A09:180 16E8861:180 D8F242:180 D8B348:180 D8B9B5:180 12B2284:23 D2F672:23 D8492B:27 D7FF2C:9 F4276C:1 CE3C40:0 1292634:0 B35BEE:0
client level=warn t=802156 ev=vr.probe pose in_pos=1155.82,169.93,1.91 in_fwd=-0.733,0.679,0.035 in_fov=1.6022 out_pos=1155.82,169.93,1.91 out_fwd=-0.733,0.679,0.035 out_fov=1.6022
client level=warn t=803562 ev=vr.pad stats injected=4 held=0 mouse=0,0 move=0.00,0.00 turn=0.00,0.00 trig=0.00,0.00 buttons=0x0
client level=warn t=804531 ev=vr.weapon callers path=getter D5D832:180 B363FA:540 B3598D:180 B40A78:31
client level=warn t=804531 ev=vr.weapon callers path=ptr D98F49:900 D7FB5C:70 DB8CB6:180 12B0A09:180 16E8861:180 D8F242:180 D8B348:180 D8B9B5:180 12B2284:24 D2F672:24 D8492B:27 D7FF2C:9 F4276C:2 CE3C40:0 1292634:0 B35BEE:0
client level=warn t=804546 ev=vr.probe pose in_pos=1147.52,188.49,7.10 in_fwd=-0.305,0.940,-0.156 in_fov=1.6022 out_pos=1147.52,188.49,7.10 out_fwd=-0.305,0.940,-0.156 out_fov=1.6022
client level=warn t=805984 ev=vr.pad stats injected=4 held=0 mouse=0,0 move=0.00,0.00 turn=0.00,0.00 trig=0.00,0.00 buttons=0x0
client level=warn t=807000 ev=vr.weapon callers path=getter D5D832:180 B363FA:540 B3598D:180 B40A78:0
client level=warn t=807000 ev=vr.weapon callers path=ptr D98F49:900 D7FB5C:64 DB8CB6:180 12B0A09:180 16E8861:180 D8F242:180 D8B348:180 D8B9B5:180 12B2284:22 D2F672:22 D8492B:30 D7FF2C:10 F4276C:0 CE3C40:0 1292634:0 B35BEE:0
client level=warn t=807000 ev=vr.probe pose in_pos=1135.73,205.61,5.74 in_fwd=-0.791,0.611,-0.022 in_fov=1.6022 out_pos=1135.73,205.61,5.74 out_fwd=-0.791,0.611,-0.022 out_fov=1.6022
client level=warn t=808453 ev=vr.pad stats injected=4 held=0 mouse=0,0 move=0.00,0.00 turn=0.00,0.00 trig=0.00,0.00 buttons=0x0
client level=warn t=809437 ev=vr.weapon callers path=getter D5D832:180 B363FA:540 B3598D:180 B40A78:16
client level=warn t=809437 ev=vr.weapon callers path=ptr D98F49:900 D7FB5C:62 DB8CB6:180 12B0A09:180 16E8861:180 D8F242:180 D8B348:180 D8B9B5:180 12B2284:23 D2F672:23 D8492B:31 D7FF2C:9 F4276C:1 CE3C40:0 1292634:0 B35BEE:0
client level=warn t=809437 ev=vr.probe pose in_pos=1117.74,215.75,1.00 in_fwd=-0.925,0.349,0.149 in_fov=1.5931 out_pos=1117.74,215.75,1.00 out_fwd=-0.925,0.349,0.149 out_fov=1.5931
client level=warn t=811328 ev=vr.pad stats injected=4 held=0 mouse=0,0 move=0.00,0.00 turn=0.00,0.00 trig=0.00,0.00 buttons=0x0
client level=warn t=813796 ev=vr.weapon callers path=getter D5D832:180 B363FA:540 B3598D:180 B40A78:0
client level=warn t=813796 ev=vr.weapon callers path=ptr D98F49:900 D7FB5C:70 DB8CB6:180 12B0A09:31 16E8861:180 D8F242:180 D8B348:180 D8B9B5:180 12B2284:32 D2F672:32 D8492B:36 D7FF2C:9 F4276C:0 CE3C40:0 1292634:0 B35BEE:0
client level=warn t=813796 ev=vr.probe pose in_pos=1115.12,216.80,1.26 in_fwd=-0.904,0.401,0.151 in_fov=1.4242 out_pos=1115.12,216.80,1.26 out_fwd=-0.904,0.401,0.151 out_fov=1.4242
client level=warn t=817343 ev=vr.pad stats injected=4 held=0 mouse=0,0 move=0.00,0.00 turn=0.00,0.00 trig=0.00,0.00 buttons=0x0
client level=warn t=819796 ev=vr.weapon callers path=getter D5D832:180 B363FA:540 B3598D:180 B40A78:0
client level=warn t=819796 ev=vr.weapon callers path=ptr D98F49:900 D7FB5C:76 DB8CB6:180 12B0A09:0 16E8861:180 D8F242:180 D8B348:180 D8B9B5:180 12B2284:45 D2F672:45 D8492B:44 D7FF2C:11 F4276C:0 CE3C40:0 1292634:0 B35BEE:0
client level=warn t=819812 ev=vr.probe pose in_pos=1115.12,216.80,1.26 in_fwd=-0.904,0.401,0.151 in_fov=1.4242 out_pos=1115.12,216.80,1.26 out_fwd=-0.904,0.401,0.151 out_fov=1.4242
client level=warn t=823343 ev=vr.pad stats injected=4 held=0 mouse=0,0 move=0.00,0.00 turn=0.00,0.00 trig=0.00,0.00 buttons=0x0
client level=warn t=825812 ev=vr.weapon callers path=getter D5D832:180 B363FA:540 B3598D:180 B40A78:0
client level=warn t=825812 ev=vr.weapon callers path=ptr D98F49:900 D7FB5C:78 DB8CB6:180 12B0A09:0 16E8861:180 D8F242:180 D8B348:180 D8B9B5:180 12B2284:45 D2F672:45 D8492B:48 D7FF2C:12 F4276C:0 CE3C40:0 1292634:0 B35BEE:0
client level=warn t=825812 ev=vr.probe pose in_pos=1115.12,216.80,1.26 in_fwd=-0.904,0.401,0.151 in_fov=1.4242 out_pos=1115.12,216.80,1.26 out_fwd=-0.904,0.401,0.151 out_fov=1.4242
client level=warn t=829359 ev=vr.pad stats injected=4 held=0 mouse=0,0 move=0.00,0.00 turn=0.00,0.00 trig=0.00,0.00 buttons=0x0
client level=warn t=831812 ev=vr.weapon callers path=getter D5D832:180 B363FA:540 B3598D:180 B40A78:0
client level=warn t=831812 ev=vr.weapon callers path=ptr D98F49:900 D7FB5C:80 DB8CB6:180 12B0A09:0 16E8861:180 D8F242:180 D8B348:180 D8B9B5:180 12B2284:45 D2F672:45 D8492B:44 D7FF2C:11 F4276C:1 CE3C40:0 1292634:0 B35BEE:0
client level=warn t=831828 ev=vr.probe pose in_pos=1115.12,216.80,1.26 in_fwd=-0.904,0.401,0.151 in_fov=1.4242 out_pos=1115.12,216.80,1.26 out_fwd=-0.904,0.401,0.151 out_fov=1.4242
client level=warn t=833515 ev=vr.pad stats injected=4 held=0 mouse=0,0 move=0.00,0.00 turn=0.00,0.00 trig=0.00,0.00 buttons=0x0
client level=warn t=834500 ev=vr.weapon callers path=getter D5D832:180 B363FA:540 B3598D:180 B40A78:0
client level=warn t=834500 ev=vr.weapon callers path=ptr D98F49:875 D7FB5C:67 DB8CB6:180 12B0A09:128 16E8861:180 D8F242:15 D8B348:180 D8B9B5:180 12B2284:22 D2F672:22 D8492B:39 D7FF2C:9 F4276C:3 CE3C40:0 1292634:0 B35BEE:0
client level=warn t=834500 ev=vr.probe pose in_pos=1115.12,216.80,1.26 in_fwd=-0.679,0.716,-0.163 in_fov=1.4242 out_pos=1115.12,216.80,1.26 out_fwd=-0.679,0.716,-0.163 out_fov=1.4242
client level=warn t=836000 ev=vr.pad stats injected=4 held=0 mouse=0,0 move=0.00,0.00 turn=0.00,0.00 trig=0.00,0.00 buttons=0x0
client level=warn t=836953 ev=vr.weapon callers path=getter D5D832:180 B363FA:540 B3598D:180 B40A78:0
client level=warn t=836953 ev=vr.weapon callers path=ptr D98F49:900 D7FB5C:58 DB8CB6:180 12B0A09:130 16E8861:180 D8F242:103 D8B348:180 D8B9B5:180 12B2284:21 D2F672:21 D8492B:31 D7FF2C:9 F4276C:3 CE3C40:0 1292634:0 B35BEE:0
client level=warn t=836953 ev=vr.probe pose in_pos=1115.12,216.80,1.26 in_fwd=-0.664,0.742,-0.092 in_fov=1.4242 out_pos=1115.12,216.80,1.26 out_fwd=-0.664,0.742,-0.092 out_fov=1.4242
client level=warn t=838328 ev=vr.pad stats injected=4 held=0 mouse=0,0 move=0.00,0.00 turn=0.00,0.00 trig=0.00,0.00 buttons=0x0
client level=warn t=839281 ev=vr.weapon callers path=getter D5D832:180 B363FA:540 B3598D:180 B40A78:0
client level=warn t=839281 ev=vr.weapon callers path=ptr D98F49:900 D7FB5C:68 DB8CB6:180 12B0A09:180 16E8861:180 D8F242:180 D8B348:180 D8B9B5:180 12B2284:20 D2F672:20 D8492B:31 D7FF2C:9 F4276C:2 CE3C40:0 1292634:0 B35BEE:0
client level=warn t=839281 ev=vr.probe pose in_pos=1115.12,216.80,1.26 in_fwd=-0.664,0.742,-0.092 in_fov=1.4242 out_pos=1115.12,216.80,1.26 out_fwd=-0.664,0.742,-0.092 out_fov=1.4242
client level=warn t=840750 ev=vr.pad stats injected=4 held=0 mouse=0,0 move=0.00,0.00 turn=0.00,0.00 trig=0.00,0.00 buttons=0x0
client level=warn t=841718 ev=vr.weapon callers path=getter D5D832:180 B363FA:540 B3598D:180 B40A78:0
client level=warn t=841718 ev=vr.weapon callers path=ptr D98F49:873 D7FB5C:63 DB8CB6:180 12B0A09:180 16E8861:180 D8F242:7 D8B348:180 D8B9B5:180 12B2284:20 D2F672:20 D8492B:39 D7FF2C:9 F4276C:2 CE3C40:0 1292634:0 B35BEE:0
client level=warn t=841718 ev=vr.probe pose in_pos=1115.12,216.80,1.26 in_fwd=-0.664,0.742,-0.092 in_fov=1.4242 out_pos=1115.12,216.80,1.26 out_fwd=-0.664,0.742,-0.092 out_fov=1.4242
client level=warn t=843203 ev=vr.pad stats injected=4 held=0 mouse=0,0 move=0.00,0.00 turn=0.00,0.00 trig=0.00,0.00 buttons=0x0
server level=warn t=843218 ev=mission_script stage=attach result=no_activity_link session=11433003384888623111
server level=warn t=843328 ev=mission_script stage=attach result=no_activity_link session=11433003384888623105
server level=warn t=843328 ev=mission_script stage=attach result=no_activity_link session=11433003384888623114
client level=warn t=843796 ev=vr.pad stats injected=4 held=0 mouse=0,0 move=0.00,0.00 turn=0.00,0.00 trig=0.00,0.00 buttons=0x0
client level=warn t=844296 ev=vr.pad stats injected=4 held=0 mouse=0,0 move=0.00,0.00 turn=0.00,0.00 trig=0.00,0.00 buttons=0x0
client level=warn t=844625 ev=vr.pad stats injected=4 held=0 mouse=0,0 move=0.00,0.00 turn=0.00,0.00 trig=0.00,0.00 buttons=0x0
client level=warn t=844968 ev=vr.pad stats injected=4 held=0 mouse=0,0 move=0.00,0.00 turn=0.00,0.00 trig=0.00,0.00 buttons=0x0
client level=warn t=845312 ev=vr.pad stats injected=4 held=0 mouse=0,0 move=0.00,0.00 turn=0.00,0.00 trig=0.00,0.00 buttons=0x0
client level=warn t=845656 ev=vr.pad stats injected=4 held=0 mouse=0,0 move=0.00,0.00 turn=0.00,0.00 trig=0.00,0.00 buttons=0x0
client level=warn t=845984 ev=vr.pad stats injected=4 held=0 mouse=0,0 move=0.00,0.00 turn=0.00,0.00 trig=0.00,0.00 buttons=0x0
client level=warn t=846328 ev=vr.pad stats injected=4 held=0 mouse=0,0 move=0.00,0.00 turn=0.00,0.00 trig=0.00,0.00 buttons=0x0
client level=warn t=846656 ev=vr.pad stats injected=4 held=0 mouse=0,0 move=0.00,0.00 turn=0.00,0.00 trig=0.00,0.00 buttons=0x0
client level=warn t=847000 ev=vr.pad stats injected=4 held=0 mouse=0,0 move=0.00,0.00 turn=0.00,0.00 trig=0.00,0.00 buttons=0x0
client level=warn t=847343 ev=vr.pad stats injected=4 held=0 mouse=0,0 move=0.00,0.00 turn=0.00,0.00 trig=0.00,0.00 buttons=0x0
client level=warn t=847671 ev=vr.pad stats injected=4 held=0 mouse=0,0 move=0.00,0.00 turn=0.00,0.00 trig=0.00,0.00 buttons=0x0
client level=warn t=848015 ev=vr.pad stats injected=4 held=0 mouse=0,0 move=0.00,0.00 turn=0.00,0.00 trig=0.00,0.00 buttons=0x0
client level=warn t=848359 ev=vr.pad stats injected=4 held=0 mouse=0,0 move=0.00,0.00 turn=0.00,0.00 trig=0.00,0.00 buttons=0x0
client level=warn t=848687 ev=vr.pad stats injected=4 held=0 mouse=0,0 move=0.00,0.00 turn=0.00,0.00 trig=0.00,0.00 buttons=0x0
client level=warn t=849250 ev=vr.pad stats injected=4 held=0 mouse=0,0 move=0.00,0.00 turn=0.00,0.00 trig=0.00,0.00 buttons=0x0
client level=warn t=849953 ev=vr.weapon callers path=getter D5D832:100 B363FA:9159 B3598D:3053 B40A78:2645
client level=warn t=849953 ev=vr.weapon callers path=ptr D98F49:818 D7FB5C:344 DB8CB6:180 12B0A09:98 16E8861:112 D8F242:0 D8B348:99 D8B9B5:99 12B2284:11 D2F672:11 D8492B:326 D7FF2C:311 F4276C:2 CE3C40:0 1292634:0 B35BEE:2954
client level=warn t=849968 ev=vr.probe pose in_pos=66.39,-11.25,7.10 in_fwd=-0.994,0.064,-0.087 in_fov=1.2364 out_pos=66.39,-11.25,7.10 out_fwd=-0.994,0.064,-0.087 out_fov=1.2364
client level=warn t=851140 ev=vr.pad stats injected=4 held=0 mouse=0,0 move=0.00,0.00 turn=0.00,0.00 trig=0.00,0.00 buttons=0x0
client level=warn t=852218 ev=vr.weapon callers path=getter D5D832:0 B363FA:540 B3598D:180 B40A78:0
client level=warn t=852218 ev=vr.weapon callers path=ptr D98F49:720 D7FB5C:26 DB8CB6:180 12B0A09:0 16E8861:0 D8F242:0 D8B348:0 D8B9B5:0 12B2284:0 D2F672:0 D8492B:26 D7FF2C:27 F4276C:0 CE3C40:0 1292634:0 B35BEE:180
client level=warn t=852218 ev=vr.probe pose in_pos=66.40,-11.63,6.63 in_fwd=-0.994,0.064,-0.087 in_fov=1.2364 out_pos=66.40,-11.63,6.63 out_fwd=-0.994,0.064,-0.087 out_fov=1.2364
client level=warn t=856000 ev=vr.pad stats injected=4 held=0 mouse=0,0 move=0.00,0.00 turn=0.00,0.00 trig=0.00,0.00 buttons=0x0
client level=warn t=857562 ev=vr.weapon callers path=getter D5D832:0 B363FA:540 B3598D:180 B40A78:0
client level=warn t=857562 ev=vr.weapon callers path=ptr D98F49:720 D7FB5C:27 DB8CB6:180 12B0A09:0 16E8861:0 D8F242:0 D8B348:0 D8B9B5:0 12B2284:0 D2F672:0 D8492B:26 D7FF2C:26 F4276C:0 CE3C40:0 1292634:0 B35BEE:180
client level=warn t=857578 ev=vr.probe pose in_pos=66.39,-11.34,6.99 in_fwd=-0.994,0.064,-0.087 in_fov=1.2364 out_pos=66.39,-11.34,6.99 out_fwd=-0.994,0.064,-0.087 out_fov=1.2364
client level=warn t=859875 ev=vr.pad stats injected=4 held=0 mouse=0,0 move=0.00,0.00 turn=0.00,0.00 trig=0.00,0.00 buttons=0x0
client level=warn t=860812 ev=vr.weapon callers path=getter D5D832:0 B363FA:540 B3598D:180 B40A78:0
client level=warn t=860812 ev=vr.weapon callers path=ptr D98F49:720 D7FB5C:20 DB8CB6:180 12B0A09:0 16E8861:0 D8F242:0 D8B348:0 D8B9B5:0 12B2284:0 D2F672:0 D8492B:21 D7FF2C:21 F4276C:0 CE3C40:0 1292634:0 B35BEE:180
client level=warn t=860828 ev=vr.probe pose in_pos=66.46,-10.91,6.54 in_fwd=-0.994,0.064,-0.087 in_fov=1.2364 out_pos=66.46,-10.91,6.54 out_fwd=-0.994,0.064,-0.087 out_fov=1.2364
client level=warn t=862140 ev=vr.pad stats injected=4 held=0 mouse=0,0 move=0.00,0.00 turn=0.00,0.00 trig=0.00,0.00 buttons=0x0
client level=warn t=862953 ev=vr.weapon callers path=getter D5D832:0 B363FA:540 B3598D:180 B40A78:0
client level=warn t=862953 ev=vr.weapon callers path=ptr D98F49:720 D7FB5C:21 DB8CB6:180 12B0A09:0 16E8861:0 D8F242:0 D8B348:0 D8B9B5:0 12B2284:0 D2F672:0 D8492B:21 D7FF2C:20 F4276C:0 CE3C40:0 1292634:0 B35BEE:180
client level=warn t=862968 ev=vr.probe pose in_pos=66.45,-11.26,6.38 in_fwd=-0.994,0.064,-0.087 in_fov=1.2364 out_pos=66.45,-11.26,6.38 out_fwd=-0.994,0.064,-0.087 out_fov=1.2364
client level=warn t=864328 ev=vr.pad stats injected=4 held=0 mouse=0,0 move=0.00,0.00 turn=0.00,0.00 trig=0.00,0.00 buttons=0x0
client level=warn t=865093 ev=vr.weapon callers path=getter D5D832:0 B363FA:540 B3598D:180 B40A78:0
client level=warn t=865093 ev=vr.weapon callers path=ptr D98F49:720 D7FB5C:25 DB8CB6:180 12B0A09:0 16E8861:0 D8F242:0 D8B348:0 D8B9B5:0 12B2284:0 D2F672:0 D8492B:25 D7FF2C:26 F4276C:0 CE3C40:0 1292634:0 B35BEE:180
client level=warn t=865109 ev=vr.probe pose in_pos=66.42,-11.75,6.41 in_fwd=-0.994,0.064,-0.087 in_fov=1.2364 out_pos=66.42,-11.75,6.41 out_fwd=-0.994,0.064,-0.087 out_fov=1.2364
client level=warn t=866375 ev=vr.pad stats injected=4 held=0 mouse=0,0 move=0.00,0.00 turn=0.00,0.00 trig=0.00,0.00 buttons=0x0
client level=warn t=867062 ev=vr.weapon callers path=getter D5D832:0 B363FA:540 B3598D:180 B40A78:0
client level=warn t=867062 ev=vr.weapon callers path=ptr D98F49:720 D7FB5C:20 DB8CB6:180 12B0A09:0 16E8861:0 D8F242:0 D8B348:0 D8B9B5:0 12B2284:0 D2F672:0 D8492B:20 D7FF2C:20 F4276C:0 CE3C40:0 1292634:0 B35BEE:180
client level=warn t=867078 ev=vr.probe pose in_pos=66.36,-12.29,6.63 in_fwd=-0.994,0.064,-0.087 in_fov=1.2364 out_pos=66.36,-12.29,6.63 out_fwd=-0.994,0.064,-0.087 out_fov=1.2364
client level=warn t=868218 ev=vr.pad stats injected=4 held=0 mouse=0,0 move=0.00,0.00 turn=0.00,0.00 trig=0.00,0.00 buttons=0x0
client level=warn t=868906 ev=vr.weapon callers path=getter D5D832:0 B363FA:540 B3598D:180 B40A78:0
client level=warn t=868906 ev=vr.weapon callers path=ptr D98F49:720 D7FB5C:26 DB8CB6:180 12B0A09:0 16E8861:0 D8F242:0 D8B348:0 D8B9B5:0 12B2284:0 D2F672:0 D8492B:26 D7FF2C:26 F4276C:0 CE3C40:0 1292634:0 B35BEE:180
client level=warn t=868906 ev=vr.probe pose in_pos=66.35,-12.44,6.72 in_fwd=-0.994,0.064,-0.087 in_fov=1.2364 out_pos=66.35,-12.44,6.72 out_fwd=-0.994,0.064,-0.087 out_fov=1.2364
client level=warn t=870109 ev=vr.pad stats injected=4 held=0 mouse=0,0 move=0.00,0.00 turn=0.00,0.00 trig=0.00,0.00 buttons=0x0
client level=warn t=870796 ev=vr.weapon callers path=getter D5D832:0 B363FA:540 B3598D:180 B40A78:0
client level=warn t=870796 ev=vr.weapon callers path=ptr D98F49:720 D7FB5C:29 DB8CB6:180 12B0A09:0 16E8861:0 D8F242:0 D8B348:0 D8B9B5:0 12B2284:0 D2F672:0 D8492B:29 D7FF2C:28 F4276C:0 CE3C40:0 1292634:0 B35BEE:180
client level=warn t=870796 ev=vr.probe pose in_pos=66.36,-12.19,6.71 in_fwd=-0.994,0.064,-0.087 in_fov=1.2364 out_pos=66.36,-12.19,6.71 out_fwd=-0.994,0.064,-0.087 out_fov=1.2364
client level=warn t=871953 ev=vr.pad stats injected=4 held=0 mouse=0,0 move=0.00,0.00 turn=0.00,0.00 trig=0.00,0.00 buttons=0x0
client level=warn t=872625 ev=vr.weapon callers path=getter D5D832:0 B363FA:540 B3598D:180 B40A78:0
client level=warn t=872625 ev=vr.weapon callers path=ptr D98F49:720 D7FB5C:28 DB8CB6:180 12B0A09:0 16E8861:0 D8F242:0 D8B348:0 D8B9B5:0 12B2284:0 D2F672:0 D8492B:28 D7FF2C:28 F4276C:0 CE3C40:0 1292634:0 B35BEE:180
client level=warn t=872625 ev=vr.probe pose in_pos=66.38,-11.90,6.72 in_fwd=-0.994,0.064,-0.087 in_fov=1.2364 out_pos=66.38,-11.90,6.72 out_fwd=-0.994,0.064,-0.087 out_fov=1.2364
client level=warn t=873812 ev=vr.pad stats injected=4 held=0 mouse=0,0 move=0.00,0.00 turn=0.00,0.00 trig=0.00,0.00 buttons=0x0
client level=warn t=874468 ev=vr.weapon callers path=getter D5D832:0 B363FA:540 B3598D:180 B40A78:0
client level=warn t=874468 ev=vr.weapon callers path=ptr D98F49:720 D7FB5C:27 DB8CB6:180 12B0A09:0 16E8861:0 D8F242:0 D8B348:0 D8B9B5:0 12B2284:0 D2F672:0 D8492B:27 D7FF2C:28 F4276C:0 CE3C40:0 1292634:0 B35BEE:180
client level=warn t=874484 ev=vr.probe pose in_pos=66.34,-11.65,7.38 in_fwd=-0.994,0.064,-0.087 in_fov=1.2364 out_pos=66.34,-11.65,7.38 out_fwd=-0.994,0.064,-0.087 out_fov=1.2364
client level=warn t=875625 ev=vr.pad stats injected=4 held=0 mouse=0,0 move=0.00,0.00 turn=0.00,0.00 trig=0.00,0.00 buttons=0x0
client level=warn t=876296 ev=vr.weapon callers path=getter D5D832:0 B363FA:540 B3598D:180 B40A78:0
client level=warn t=876296 ev=vr.weapon callers path=ptr D98F49:720 D7FB5C:30 DB8CB6:180 12B0A09:0 16E8861:0 D8F242:0 D8B348:0 D8B9B5:0 12B2284:0 D2F672:0 D8492B:30 D7FF2C:30 F4276C:0 CE3C40:0 1292634:0 B35BEE:180
client level=warn t=876296 ev=vr.probe pose in_pos=66.31,-11.43,7.84 in_fwd=-0.994,0.064,-0.087 in_fov=1.2364 out_pos=66.31,-11.43,7.84 out_fwd=-0.994,0.064,-0.087 out_fov=1.2364
client level=warn t=877453 ev=vr.pad stats injected=4 held=0 mouse=0,0 move=0.00,0.00 turn=0.00,0.00 trig=0.00,0.00 buttons=0x0
client level=warn t=878125 ev=vr.weapon callers path=getter D5D832:0 B363FA:540 B3598D:180 B40A78:0
client level=warn t=878125 ev=vr.weapon callers path=ptr D98F49:720 D7FB5C:27 DB8CB6:180 12B0A09:0 16E8861:0 D8F242:0 D8B348:0 D8B9B5:0 12B2284:0 D2F672:0 D8492B:27 D7FF2C:27 F4276C:0 CE3C40:0 1292634:0 B35BEE:180
client level=warn t=878140 ev=vr.probe pose in_pos=66.37,-11.21,7.36 in_fwd=-0.994,0.064,-0.087 in_fov=1.2364 out_pos=66.37,-11.21,7.36 out_fwd=-0.994,0.064,-0.087 out_fov=1.2364
client level=warn t=879296 ev=vr.pad stats injected=4 held=0 mouse=0,0 move=0.00,0.00 turn=0.00,0.00 trig=0.00,0.00 buttons=0x0
client level=warn t=879953 ev=vr.weapon callers path=getter D5D832:0 B363FA:540 B3598D:180 B40A78:0
client level=warn t=879953 ev=vr.weapon callers path=ptr D98F49:720 D7FB5C:28 DB8CB6:180 12B0A09:0 16E8861:0 D8F242:0 D8B348:0 D8B9B5:0 12B2284:0 D2F672:0 D8492B:28 D7FF2C:28 F4276C:0 CE3C40:0 1292634:0 B35BEE:180
client level=warn t=879968 ev=vr.probe pose in_pos=66.39,-11.25,7.10 in_fwd=-0.994,0.064,-0.087 in_fov=1.2364 out_pos=66.39,-11.25,7.10 out_fwd=-0.994,0.064,-0.087 out_fov=1.2364
client level=warn t=881109 ev=vr.pad stats injected=4 held=0 mouse=0,0 move=0.00,0.00 turn=0.00,0.00 trig=0.00,0.00 buttons=0x0
client level=warn t=881765 ev=vr.weapon callers path=getter D5D832:0 B363FA:540 B3598D:180 B40A78:0
client level=warn t=881765 ev=vr.weapon callers path=ptr D98F49:720 D7FB5C:29 DB8CB6:180 12B0A09:0 16E8861:0 D8F242:0 D8B348:0 D8B9B5:0 12B2284:0 D2F672:0 D8492B:29 D7FF2C:29 F4276C:0 CE3C40:0 1292634:0 B35BEE:180
client level=warn t=881765 ev=vr.probe pose in_pos=66.40,-11.59,6.68 in_fwd=-0.994,0.064,-0.087 in_fov=1.2364 out_pos=66.40,-11.59,6.68 out_fwd=-0.994,0.064,-0.087 out_fov=1.2364
client level=warn t=882890 ev=vr.pad stats injected=4 held=0 mouse=0,0 move=0.00,0.00 turn=0.00,0.00 trig=0.00,0.00 buttons=0x0
client level=warn t=883562 ev=vr.weapon callers path=getter D5D832:0 B363FA:540 B3598D:180 B40A78:0
client level=warn t=883562 ev=vr.weapon callers path=ptr D98F49:720 D7FB5C:29 DB8CB6:180 12B0A09:0 16E8861:0 D8F242:0 D8B348:0 D8B9B5:0 12B2284:0 D2F672:0 D8492B:29 D7FF2C:29 F4276C:0 CE3C40:0 1292634:0 B35BEE:180
client level=warn t=883578 ev=vr.probe pose in_pos=66.40,-11.64,6.73 in_fwd=-0.994,0.064,-0.087 in_fov=1.2364 out_pos=66.40,-11.64,6.73 out_fwd=-0.994,0.064,-0.087 out_fov=1.2364
client level=warn t=884718 ev=vr.pad stats injected=4 held=0 mouse=0,0 move=0.00,0.00 turn=0.00,0.00 trig=0.00,0.00 buttons=0x0
client level=warn t=885406 ev=vr.weapon callers path=getter D5D832:0 B363FA:540 B3598D:180 B40A78:0
client level=warn t=885406 ev=vr.weapon callers path=ptr D98F49:720 D7FB5C:29 DB8CB6:180 12B0A09:0 16E8861:0 D8F242:0 D8B348:0 D8B9B5:0 12B2284:0 D2F672:0 D8492B:29 D7FF2C:28 F4276C:0 CE3C40:0 1292634:0 B35BEE:180
client level=warn t=885406 ev=vr.probe pose in_pos=66.37,-11.60,7.05 in_fwd=-0.994,0.064,-0.087 in_fov=1.2364 out_pos=66.37,-11.60,7.05 out_fwd=-0.994,0.064,-0.087 out_fov=1.2364
client level=warn t=886546 ev=vr.pad stats injected=4 held=0 mouse=0,0 move=0.00,0.00 turn=0.00,0.00 trig=0.00,0.00 buttons=0x0
client level=warn t=887187 ev=vr.weapon callers path=getter D5D832:0 B363FA:540 B3598D:180 B40A78:0
client level=warn t=887187 ev=vr.weapon callers path=ptr D98F49:720 D7FB5C:27 DB8CB6:180 12B0A09:0 16E8861:0 D8F242:0 D8B348:0 D8B9B5:0 12B2284:0 D2F672:0 D8492B:27 D7FF2C:28 F4276C:0 CE3C40:0 1292634:0 B35BEE:180
client level=warn t=887203 ev=vr.probe pose in_pos=66.38,-11.41,7.03 in_fwd=-0.994,0.064,-0.087 in_fov=1.2364 out_pos=66.38,-11.41,7.03 out_fwd=-0.994,0.064,-0.087 out_fov=1.2364
client level=warn t=888296 ev=vr.pad stats injected=4 held=0 mouse=0,0 move=0.00,0.00 turn=0.00,0.00 trig=0.00,0.00 buttons=0x0
client level=warn t=888953 ev=vr.weapon callers path=getter D5D832:0 B363FA:540 B3598D:180 B40A78:0
client level=warn t=888953 ev=vr.weapon callers path=ptr D98F49:720 D7FB5C:28 DB8CB6:180 12B0A09:0 16E8861:0 D8F242:0 D8B348:0 D8B9B5:0 12B2284:0 D2F672:0 D8492B:28 D7FF2C:28 F4276C:0 CE3C40:0 1292634:0 B35BEE:180
client level=warn t=888953 ev=vr.probe pose in_pos=66.43,-11.06,6.77 in_fwd=-0.994,0.064,-0.087 in_fov=1.2364 out_pos=66.43,-11.06,6.77 out_fwd=-0.994,0.064,-0.087 out_fov=1.2364
client level=warn t=890078 ev=vr.pad stats injected=4 held=0 mouse=0,0 move=0.00,0.00 turn=0.00,0.00 trig=0.00,0.00 buttons=0x0
client level=warn t=890734 ev=vr.weapon callers path=getter D5D832:0 B363FA:540 B3598D:180 B40A78:0
client level=warn t=890734 ev=vr.weapon callers path=ptr D98F49:720 D7FB5C:28 DB8CB6:180 12B0A09:0 16E8861:0 D8F242:0 D8B348:0 D8B9B5:0 12B2284:0 D2F672:0 D8492B:28 D7FF2C:28 F4276C:0 CE3C40:0 1292634:0 B35BEE:180
client level=warn t=890750 ev=vr.probe pose in_pos=66.46,-10.91,6.54 in_fwd=-0.994,0.064,-0.087 in_fov=1.2364 out_pos=66.46,-10.91,6.54 out_fwd=-0.994,0.064,-0.087 out_fov=1.2364
client level=warn t=891906 ev=vr.pad stats injected=4 held=0 mouse=0,0 move=0.00,0.00 turn=0.00,0.00 trig=0.00,0.00 buttons=0x0
client level=warn t=892578 ev=vr.weapon callers path=getter D5D832:0 B363FA:540 B3598D:180 B40A78:0
client level=warn t=892578 ev=vr.weapon callers path=ptr D98F49:720 D7FB5C:27 DB8CB6:180 12B0A09:0 16E8861:0 D8F242:0 D8B348:0 D8B9B5:0 12B2284:0 D2F672:0 D8492B:27 D7FF2C:27 F4276C:0 CE3C40:0 1292634:0 B35BEE:180
client level=warn t=892593 ev=vr.probe pose in_pos=66.45,-11.18,6.40 in_fwd=-0.994,0.064,-0.087 in_fov=1.2364 out_pos=66.45,-11.18,6.40 out_fwd=-0.994,0.064,-0.087 out_fov=1.2364
client level=warn t=893750 ev=vr.pad stats injected=4 held=0 mouse=0,0 move=0.00,0.00 turn=0.00,0.00 trig=0.00,0.00 buttons=0x0
client level=warn t=894421 ev=vr.weapon callers path=getter D5D832:0 B363FA:540 B3598D:180 B40A78:0
client level=warn t=894421 ev=vr.weapon callers path=ptr D98F49:720 D7FB5C:28 DB8CB6:180 12B0A09:0 16E8861:0 D8F242:0 D8B348:0 D8B9B5:0 12B2284:0 D2F672:0 D8492B:28 D7FF2C:28 F4276C:0 CE3C40:0 1292634:0 B35BEE:180
client level=warn t=894421 ev=vr.probe pose in_pos=66.43,-11.58,6.36 in_fwd=-0.994,0.064,-0.087 in_fov=1.2364 out_pos=66.43,-11.58,6.36 out_fwd=-0.994,0.064,-0.087 out_fov=1.2364
client level=warn t=896750 ev=vr.pad stats injected=4 held=0 mouse=0,0 move=0.00,0.00 turn=0.00,0.00 trig=0.00,0.00 buttons=0x0
client level=warn t=898968 ev=vr.weapon callers path=getter D5D832:0 B363FA:540 B3598D:180 B40A78:0
client level=warn t=898968 ev=vr.weapon callers path=ptr D98F49:720 D7FB5C:29 DB8CB6:180 12B0A09:0 16E8861:0 D8F242:0 D8B348:0 D8B9B5:0 12B2284:0 D2F672:0 D8492B:29 D7FF2C:29 F4276C:0 CE3C40:0 1292634:0 B35BEE:180
client level=warn t=898968 ev=vr.probe pose in_pos=66.35,-12.44,6.72 in_fwd=-0.994,0.064,-0.087 in_fov=1.2364 out_pos=66.35,-12.44,6.72 out_fwd=-0.994,0.064,-0.087 out_fov=1.2364
client level=warn t=902750 ev=vr.pad stats injected=4 held=0 mouse=0,0 move=0.00,0.00 turn=0.00,0.00 trig=0.00,0.00 buttons=0x0
client level=warn t=904109 ev=vr.weapon callers path=getter D5D832:0 B363FA:540 B3598D:180 B40A78:0
client level=warn t=904109 ev=vr.weapon callers path=ptr D98F49:720 D7FB5C:29 DB8CB6:180 12B0A09:0 16E8861:0 D8F242:0 D8B348:0 D8B9B5:0 12B2284:0 D2F672:0 D8492B:29 D7FF2C:29 F4276C:0 CE3C40:0 1292634:0 B35BEE:180
client level=warn t=904125 ev=vr.probe pose in_pos=66.35,-11.70,7.20 in_fwd=-0.994,0.064,-0.087 in_fov=1.2364 out_pos=66.35,-11.70,7.20 out_fwd=-0.994,0.064,-0.087 out_fov=1.2364
client level=warn t=905343 ev=vr.pad stats injected=4 held=0 mouse=0,0 move=0.00,0.00 turn=0.00,0.00 trig=0.00,0.00 buttons=0x0
client level=warn t=906015 ev=vr.weapon callers path=getter D5D832:0 B363FA:540 B3598D:180 B40A78:0
client level=warn t=906015 ev=vr.weapon callers path=ptr D98F49:720 D7FB5C:28 DB8CB6:180 12B0A09:0 16E8861:0 D8F242:0 D8B348:0 D8B9B5:0 12B2284:0 D2F672:0 D8492B:28 D7FF2C:28 F4276C:0 CE3C40:0 1292634:0 B35BEE:180
client level=warn t=906031 ev=vr.probe pose in_pos=66.31,-11.46,7.85 in_fwd=-0.994,0.064,-0.087 in_fov=1.2364 out_pos=66.31,-11.46,7.85 out_fwd=-0.994,0.064,-0.087 out_fov=1.2364
client level=warn t=907187 ev=vr.pad stats injected=4 held=0 mouse=0,0 move=0.00,0.00 turn=0.00,0.00 trig=0.00,0.00 buttons=0x0
client level=warn t=907859 ev=vr.weapon callers path=getter D5D832:0 B363FA:540 B3598D:180 B40A78:0
client level=warn t=907859 ev=vr.weapon callers path=ptr D98F49:720 D7FB5C:29 DB8CB6:180 12B0A09:0 16E8861:0 D8F242:0 D8B348:0 D8B9B5:0 12B2284:0 D2F672:0 D8492B:28 D7FF2C:28 F4276C:0 CE3C40:0 1292634:0 B35BEE:180
client level=warn t=907875 ev=vr.probe pose in_pos=66.36,-11.24,7.44 in_fwd=-0.994,0.064,-0.087 in_fov=1.2364 out_pos=66.36,-11.24,7.44 out_fwd=-0.994,0.064,-0.087 out_fov=1.2364
client level=warn t=909000 ev=vr.pad stats injected=4 held=0 mouse=0,0 move=0.00,0.00 turn=0.00,0.00 trig=0.00,0.00 buttons=0x0
client level=warn t=909640 ev=vr.weapon callers path=getter D5D832:0 B363FA:540 B3598D:180 B40A78:0
client level=warn t=909640 ev=vr.weapon callers path=ptr D98F49:720 D7FB5C:28 DB8CB6:180 12B0A09:0 16E8861:0 D8F242:0 D8B348:0 D8B9B5:0 12B2284:0 D2F672:0 D8492B:28 D7FF2C:28 F4276C:0 CE3C40:0 1292634:0 B35BEE:180
client level=warn t=909656 ev=vr.probe pose in_pos=66.39,-11.20,7.16 in_fwd=-0.994,0.064,-0.087 in_fov=1.2364 out_pos=66.39,-11.20,7.16 out_fwd=-0.994,0.064,-0.087 out_fov=1.2364
client level=warn t=910765 ev=vr.pad stats injected=4 held=0 mouse=0,0 move=0.00,0.00 turn=0.00,0.00 trig=0.00,0.00 buttons=0x0
client level=warn t=911421 ev=vr.weapon callers path=getter D5D832:0 B363FA:540 B3598D:180 B40A78:0
client level=warn t=911421 ev=vr.weapon callers path=ptr D98F49:720 D7FB5C:28 DB8CB6:180 12B0A09:0 16E8861:0 D8F242:0 D8B348:0 D8B9B5:0 12B2284:0 D2F672:0 D8492B:28 D7FF2C:28 F4276C:0 CE3C40:0 1292634:0 B35BEE:180
client level=warn t=911421 ev=vr.probe pose in_pos=66.40,-11.54,6.75 in_fwd=-0.994,0.064,-0.087 in_fov=1.2364 out_pos=66.40,-11.54,6.75 out_fwd=-0.994,0.064,-0.087 out_fov=1.2364
client level=warn t=912578 ev=vr.pad stats injected=4 held=0 mouse=0,0 move=0.00,0.00 turn=0.00,0.00 trig=0.00,0.00 buttons=0x0
client level=warn t=913250 ev=vr.weapon callers path=getter D5D832:0 B363FA:540 B3598D:180 B40A78:0
client level=warn t=913250 ev=vr.weapon callers path=ptr D98F49:720 D7FB5C:29 DB8CB6:180 12B0A09:0 16E8861:0 D8F242:0 D8B348:0 D8B9B5:0 12B2284:0 D2F672:0 D8492B:29 D7FF2C:29 F4276C:0 CE3C40:0 1292634:0 B35BEE:180
client level=warn t=913265 ev=vr.probe pose in_pos=66.40,-11.64,6.68 in_fwd=-0.994,0.064,-0.087 in_fov=1.2364 out_pos=66.40,-11.64,6.68 out_fwd=-0.994,0.064,-0.087 out_fov=1.2364
client level=warn t=914421 ev=vr.pad stats injected=4 held=0 mouse=0,0 move=0.00,0.00 turn=0.00,0.00 trig=0.00,0.00 buttons=0x0
client level=warn t=915093 ev=vr.weapon callers path=getter D5D832:0 B363FA:540 B3598D:180 B40A78:0
client level=warn t=915093 ev=vr.weapon callers path=ptr D98F49:720 D7FB5C:27 DB8CB6:180 12B0A09:0 16E8861:0 D8F242:0 D8B348:0 D8B9B5:0 12B2284:0 D2F672:0 D8492B:27 D7FF2C:27 F4276C:0 CE3C40:0 1292634:0 B35BEE:180
client level=warn t=915109 ev=vr.probe pose in_pos=66.37,-11.61,7.01 in_fwd=-0.994,0.064,-0.087 in_fov=1.2364 out_pos=66.37,-11.61,7.01 out_fwd=-0.994,0.064,-0.087 out_fov=1.2364
client level=warn t=916234 ev=vr.pad stats injected=4 held=0 mouse=0,0 move=0.00,0.00 turn=0.00,0.00 trig=0.00,0.00 buttons=0x0
client level=warn t=916890 ev=vr.weapon callers path=getter D5D832:0 B363FA:540 B3598D:180 B40A78:0
client level=warn t=916890 ev=vr.weapon callers path=ptr D98F49:720 D7FB5C:27 DB8CB6:180 12B0A09:0 16E8861:0 D8F242:0 D8B348:0 D8B9B5:0 12B2284:0 D2F672:0 D8492B:27 D7FF2C:27 F4276C:0 CE3C40:0 1292634:0 B35BEE:180
client level=warn t=916890 ev=vr.probe pose in_pos=66.38,-11.47,7.06 in_fwd=-0.994,0.064,-0.087 in_fov=1.2364 out_pos=66.38,-11.47,7.06 out_fwd=-0.994,0.064,-0.087 out_fov=1.2364
client level=warn t=918031 ev=vr.pad stats injected=4 held=0 mouse=0,0 move=0.00,0.00 turn=0.00,0.00 trig=0.00,0.00 buttons=0x0
client level=warn t=918703 ev=vr.weapon callers path=getter D5D832:0 B363FA:540 B3598D:180 B40A78:0
client level=warn t=918703 ev=vr.weapon callers path=ptr D98F49:720 D7FB5C:27 DB8CB6:180 12B0A09:0 16E8861:0 D8F242:0 D8B348:0 D8B9B5:0 12B2284:0 D2F672:0 D8492B:28 D7FF2C:28 F4276C:0 CE3C40:0 1292634:0 B35BEE:180
client level=warn t=918718 ev=vr.probe pose in_pos=66.42,-11.10,6.81 in_fwd=-0.994,0.064,-0.087 in_fov=1.2364 out_pos=66.42,-11.10,6.81 out_fwd=-0.994,0.064,-0.087 out_fov=1.2364
client level=warn t=919875 ev=vr.pad stats injected=4 held=0 mouse=0,0 move=0.00,0.00 turn=0.00,0.00 trig=0.00,0.00 buttons=0x0
client level=warn t=920546 ev=vr.weapon callers path=getter D5D832:0 B363FA:540 B3598D:180 B40A78:0
client level=warn t=920546 ev=vr.weapon callers path=ptr D98F49:720 D7FB5C:27 DB8CB6:180 12B0A09:0 16E8861:0 D8F242:0 D8B348:0 D8B9B5:0 12B2284:0 D2F672:0 D8492B:27 D7FF2C:27 F4276C:0 CE3C40:0 1292634:0 B35BEE:180
client level=warn t=920562 ev=vr.probe pose in_pos=66.46,-10.90,6.56 in_fwd=-0.994,0.064,-0.087 in_fov=1.2364 out_pos=66.46,-10.90,6.56 out_fwd=-0.994,0.064,-0.087 out_fov=1.2364
client level=warn t=921750 ev=vr.pad stats injected=4 held=0 mouse=0,0 move=0.00,0.00 turn=0.00,0.00 trig=0.00,0.00 buttons=0x0
client level=warn t=922453 ev=vr.weapon callers path=getter D5D832:0 B363FA:540 B3598D:180 B40A78:0
client level=warn t=922453 ev=vr.weapon callers path=ptr D98F49:720 D7FB5C:29 DB8CB6:180 12B0A09:0 16E8861:0 D8F242:0 D8B348:0 D8B9B5:0 12B2284:0 D2F672:0 D8492B:29 D7FF2C:29 F4276C:0 CE3C40:0 1292634:0 B35BEE:180
client level=warn t=922453 ev=vr.probe pose in_pos=66.46,-11.15,6.41 in_fwd=-0.994,0.064,-0.087 in_fov=1.2364 out_pos=66.46,-11.15,6.41 out_fwd=-0.994,0.064,-0.087 out_fov=1.2364
client level=warn t=923578 ev=vr.pad stats injected=4 held=0 mouse=0,0 move=0.00,0.00 turn=0.00,0.00 trig=0.00,0.00 buttons=0x0
client level=warn t=924234 ev=vr.weapon callers path=getter D5D832:0 B363FA:540 B3598D:180 B40A78:0
client level=warn t=924234 ev=vr.weapon callers path=ptr D98F49:720 D7FB5C:28 DB8CB6:180 12B0A09:0 16E8861:0 D8F242:0 D8B348:0 D8B9B5:0 12B2284:0 D2F672:0 D8492B:28 D7FF2C:27 F4276C:0 CE3C40:0 1292634:0 B35BEE:180
client level=warn t=924250 ev=vr.probe pose in_pos=66.44,-11.54,6.36 in_fwd=-0.994,0.064,-0.087 in_fov=1.2364 out_pos=66.44,-11.54,6.36 out_fwd=-0.994,0.064,-0.087 out_fov=1.2364
client level=warn t=925437 ev=vr.pad stats injected=4 held=0 mouse=0,0 move=0.00,0.00 turn=0.00,0.00 trig=0.00,0.00 buttons=0x0
client level=warn t=926171 ev=vr.weapon callers path=getter D5D832:0 B363FA:540 B3598D:180 B40A78:0
client level=warn t=926171 ev=vr.weapon callers path=ptr D98F49:720 D7FB5C:18 DB8CB6:180 12B0A09:0 16E8861:0 D8F242:0 D8B348:0 D8B9B5:0 12B2284:0 D2F672:0 D8492B:18 D7FF2C:19 F4276C:0 CE3C40:0 1292634:0 B35BEE:180
client level=warn t=926171 ev=vr.probe pose in_pos=66.39,-12.05,6.52 in_fwd=-0.994,0.064,-0.087 in_fov=1.2364 out_pos=66.39,-12.05,6.52 out_fwd=-0.994,0.064,-0.087 out_fov=1.2364
client level=warn t=927375 ev=vr.pad stats injected=4 held=0 mouse=0,0 move=0.00,0.00 turn=0.00,0.00 trig=0.00,0.00 buttons=0x0
client level=warn t=928078 ev=vr.weapon callers path=getter D5D832:0 B363FA:540 B3598D:180 B40A78:0
client level=warn t=928078 ev=vr.weapon callers path=ptr D98F49:720 D7FB5C:24 DB8CB6:180 12B0A09:0 16E8861:0 D8F242:0 D8B348:0 D8B9B5:0 12B2284:0 D2F672:0 D8492B:24 D7FF2C:23 F4276C:0 CE3C40:0 1292634:0 B35BEE:180
client level=warn t=928093 ev=vr.probe pose in_pos=66.35,-12.44,6.71 in_fwd=-0.994,0.064,-0.087 in_fov=1.2364 out_pos=66.35,-12.44,6.71 out_fwd=-0.994,0.064,-0.087 out_fov=1.2364
client level=warn t=929187 ev=vr.pad stats injected=4 held=0 mouse=0,0 move=0.00,0.00 turn=0.00,0.00 trig=0.00,0.00 buttons=0x0
client level=warn t=929796 ev=vr.weapon callers path=getter D5D832:0 B363FA:540 B3598D:180 B40A78:0
client level=warn t=929796 ev=vr.weapon callers path=ptr D98F49:720 D7FB5C:25 DB8CB6:180 12B0A09:0 16E8861:0 D8F242:0 D8B348:0 D8B9B5:0 12B2284:0 D2F672:0 D8492B:25 D7FF2C:26 F4276C:0 CE3C40:0 1292634:0 B35BEE:180
client level=warn t=929812 ev=vr.probe pose in_pos=66.35,-12.35,6.72 in_fwd=-0.994,0.064,-0.087 in_fov=1.2364 out_pos=66.35,-12.35,6.72 out_fwd=-0.994,0.064,-0.087 out_fov=1.2364
client level=warn t=930937 ev=vr.pad stats injected=4 held=0 mouse=0,0 move=0.00,0.00 turn=0.00,0.00 trig=0.00,0.00 buttons=0x0
client level=warn t=931625 ev=vr.weapon callers path=getter D5D832:0 B363FA:540 B3598D:180 B40A78:0
client level=warn t=931625 ev=vr.weapon callers path=ptr D98F49:720 D7FB5C:22 DB8CB6:180 12B0A09:0 16E8861:0 D8F242:0 D8B348:0 D8B9B5:0 12B2284:0 D2F672:0 D8492B:22 D7FF2C:21 F4276C:0 CE3C40:0 1292634:0 B35BEE:180
client level=warn t=931625 ev=vr.probe pose in_pos=66.37,-12.05,6.71 in_fwd=-0.994,0.064,-0.087 in_fov=1.2364 out_pos=66.37,-12.05,6.71 out_fwd=-0.994,0.064,-0.087 out_fov=1.2364
client level=warn t=932875 ev=vr.pad stats injected=4 held=0 mouse=0,0 move=0.00,0.00 turn=0.00,0.00 trig=0.00,0.00 buttons=0x0
client level=warn t=933562 ev=vr.weapon callers path=getter D5D832:0 B363FA:540 B3598D:180 B40A78:0
client level=warn t=933562 ev=vr.weapon callers path=ptr D98F49:720 D7FB5C:21 DB8CB6:180 12B0A09:0 16E8861:0 D8F242:0 D8B348:0 D8B9B5:0 12B2284:0 D2F672:0 D8492B:21 D7FF2C:22 F4276C:0 CE3C40:0 1292634:0 B35BEE:180
client level=warn t=933562 ev=vr.probe pose in_pos=66.37,-11.78,6.96 in_fwd=-0.994,0.064,-0.087 in_fov=1.2364 out_pos=66.37,-11.78,6.96 out_fwd=-0.994,0.064,-0.087 out_fov=1.2364
client level=warn t=934781 ev=vr.pad stats injected=4 held=0 mouse=0,0 move=0.00,0.00 turn=0.00,0.00 trig=0.00,0.00 buttons=0x0
client level=warn t=935484 ev=vr.weapon callers path=getter D5D832:0 B363FA:540 B3598D:180 B40A78:0
client level=warn t=935484 ev=vr.weapon callers path=ptr D98F49:720 D7FB5C:23 DB8CB6:180 12B0A09:0 16E8861:0 D8F242:0 D8B348:0 D8B9B5:0 12B2284:0 D2F672:0 D8492B:23 D7FF2C:23 F4276C:0 CE3C40:0 1292634:0 B35BEE:180
client level=warn t=935484 ev=vr.probe pose in_pos=66.31,-11.53,7.76 in_fwd=-0.994,0.064,-0.087 in_fov=1.2364 out_pos=66.31,-11.53,7.76 out_fwd=-0.994,0.064,-0.087 out_fov=1.2364
client level=warn t=936562 ev=vr.pad stats injected=4 held=0 mouse=0,0 move=0.00,0.00 turn=0.00,0.00 trig=0.00,0.00 buttons=0x0
client level=warn t=937187 ev=vr.weapon callers path=getter D5D832:0 B363FA:540 B3598D:180 B40A78:0
client level=warn t=937187 ev=vr.weapon callers path=ptr D98F49:720 D7FB5C:27 DB8CB6:180 12B0A09:0 16E8861:0 D8F242:0 D8B348:0 D8B9B5:0 12B2284:0 D2F672:0 D8492B:26 D7FF2C:26 F4276C:0 CE3C40:0 1292634:0 B35BEE:180
client level=warn t=937187 ev=vr.probe pose in_pos=66.34,-11.32,7.66 in_fwd=-0.994,0.064,-0.087 in_fov=1.2364 out_pos=66.34,-11.32,7.66 out_fwd=-0.994,0.064,-0.087 out_fov=1.2364
client level=warn t=938312 ev=vr.pad stats injected=4 held=0 mouse=0,0 move=0.00,0.00 turn=0.00,0.00 trig=0.00,0.00 buttons=0x0
client level=warn t=940218 ev=vr.weapon callers path=getter D5D832:0 B363FA:540 B3598D:180 B40A78:0
client level=warn t=940218 ev=vr.weapon callers path=ptr D98F49:720 D7FB5C:23 DB8CB6:180 12B0A09:0 16E8861:0 D8F242:0 D8B348:0 D8B9B5:0 12B2284:0 D2F672:0 D8492B:24 D7FF2C:24 F4276C:0 CE3C40:0 1292634:0 B35BEE:180
client level=warn t=940234 ev=vr.probe pose in_pos=66.39,-11.27,7.07 in_fwd=-0.994,0.064,-0.087 in_fov=1.2364 out_pos=66.39,-11.27,7.07 out_fwd=-0.994,0.064,-0.087 out_fov=1.2364
client level=warn t=944000 ev=vr.pad stats injected=4 held=0 mouse=0,0 move=0.00,0.00 turn=0.00,0.00 trig=0.00,0.00 buttons=0x0
client level=warn t=946234 ev=vr.weapon callers path=getter D5D832:0 B363FA:540 B3598D:180 B40A78:0
client level=warn t=946234 ev=vr.weapon callers path=ptr D98F49:720 D7FB5C:30 DB8CB6:180 12B0A09:0 16E8861:0 D8F242:0 D8B348:0 D8B9B5:0 12B2284:0 D2F672:0 D8492B:30 D7FF2C:30 F4276C:0 CE3C40:0 1292634:0 B35BEE:180
client level=warn t=946234 ev=vr.probe pose in_pos=66.37,-11.56,7.10 in_fwd=-0.994,0.064,-0.087 in_fov=1.2364 out_pos=66.37,-11.56,7.10 out_fwd=-0.994,0.064,-0.087 out_fov=1.2364
client level=warn t=950015 ev=vr.pad stats injected=4 held=0 mouse=0,0 move=0.00,0.00 turn=0.00,0.00 trig=0.00,0.00 buttons=0x0
client level=warn t=952250 ev=vr.weapon callers path=getter D5D832:0 B363FA:540 B3598D:180 B40A78:0
client level=warn t=952250 ev=vr.weapon callers path=ptr D98F49:720 D7FB5C:29 DB8CB6:180 12B0A09:0 16E8861:0 D8F242:0 D8B348:0 D8B9B5:0 12B2284:0 D2F672:0 D8492B:29 D7FF2C:29 F4276C:0 CE3C40:0 1292634:0 B35BEE:180
client level=warn t=952250 ev=vr.probe pose in_pos=66.46,-11.09,6.43 in_fwd=-0.994,0.064,-0.087 in_fov=1.2364 out_pos=66.46,-11.09,6.43 out_fwd=-0.994,0.064,-0.087 out_fov=1.2364
client level=warn t=956031 ev=vr.pad stats injected=4 held=0 mouse=0,0 move=0.00,0.00 turn=0.00,0.00 trig=0.00,0.00 buttons=0x0
client level=warn t=958250 ev=vr.weapon callers path=getter D5D832:0 B363FA:540 B3598D:180 B40A78:0
client level=warn t=958250 ev=vr.weapon callers path=ptr D98F49:720 D7FB5C:30 DB8CB6:180 12B0A09:0 16E8861:0 D8F242:0 D8B348:0 D8B9B5:0 12B2284:0 D2F672:0 D8492B:30 D7FF2C:30 F4276C:0 CE3C40:0 1292634:0 B35BEE:180
client level=warn t=958265 ev=vr.probe pose in_pos=66.35,-12.44,6.71 in_fwd=-0.994,0.064,-0.087 in_fov=1.2364 out_pos=66.35,-12.44,6.71 out_fwd=-0.994,0.064,-0.087 out_fov=1.2364
client level=warn t=962031 ev=vr.pad stats injected=4 held=0 mouse=0,0 move=0.00,0.00 turn=0.00,0.00 trig=0.00,0.00 buttons=0x0
client level=warn t=964265 ev=vr.weapon callers path=getter D5D832:0 B363FA:540 B3598D:180 B40A78:0
client level=warn t=964265 ev=vr.weapon callers path=ptr D98F49:720 D7FB5C:30 DB8CB6:180 12B0A09:0 16E8861:0 D8F242:0 D8B348:0 D8B9B5:0 12B2284:0 D2F672:0 D8492B:30 D7FF2C:30 F4276C:0 CE3C40:0 1292634:0 B35BEE:180
client level=warn t=964265 ev=vr.probe pose in_pos=66.35,-11.70,7.23 in_fwd=-0.994,0.064,-0.087 in_fov=1.2364 out_pos=66.35,-11.70,7.23 out_fwd=-0.994,0.064,-0.087 out_fov=1.2364
client level=warn t=968046 ev=vr.pad stats injected=4 held=0 mouse=0,0 move=0.00,0.00 turn=0.00,0.00 trig=0.00,0.00 buttons=0x0
client level=warn t=970265 ev=vr.weapon callers path=getter D5D832:0 B363FA:540 B3598D:180 B40A78:0
client level=warn t=970265 ev=vr.weapon callers path=ptr D98F49:720 D7FB5C:30 DB8CB6:180 12B0A09:0 16E8861:0 D8F242:0 D8B348:0 D8B9B5:0 12B2284:0 D2F672:0 D8492B:30 D7FF2C:30 F4276C:0 CE3C40:0 1292634:0 B35BEE:180
client level=warn t=970281 ev=vr.probe pose in_pos=66.39,-11.28,7.06 in_fwd=-0.994,0.064,-0.087 in_fov=1.2364 out_pos=66.39,-11.28,7.06 out_fwd=-0.994,0.064,-0.087 out_fov=1.2364
client level=warn t=974046 ev=vr.pad stats injected=4 held=0 mouse=0,0 move=0.00,0.00 turn=0.00,0.00 trig=0.00,0.00 buttons=0x0
client level=warn t=976281 ev=vr.weapon callers path=getter D5D832:0 B363FA:540 B3598D:180 B40A78:0
client level=warn t=976281 ev=vr.weapon callers path=ptr D98F49:720 D7FB5C:30 DB8CB6:180 12B0A09:0 16E8861:0 D8F242:0 D8B348:0 D8B9B5:0 12B2284:0 D2F672:0 D8492B:29 D7FF2C:29 F4276C:0 CE3C40:0 1292634:0 B35BEE:180
client level=warn t=976281 ev=vr.probe pose in_pos=66.37,-11.55,7.10 in_fwd=-0.994,0.064,-0.087 in_fov=1.2364 out_pos=66.37,-11.55,7.10 out_fwd=-0.994,0.064,-0.087 out_fov=1.2364
client level=warn t=980062 ev=vr.pad stats injected=4 held=0 mouse=0,0 move=0.00,0.00 turn=0.00,0.00 trig=0.00,0.00 buttons=0x0
client level=warn t=982296 ev=vr.weapon callers path=getter D5D832:0 B363FA:540 B3598D:180 B40A78:0
client level=warn t=982296 ev=vr.weapon callers path=ptr D98F49:720 D7FB5C:29 DB8CB6:180 12B0A09:0 16E8861:0 D8F242:0 D8B348:0 D8B9B5:0 12B2284:0 D2F672:0 D8492B:30 D7FF2C:30 F4276C:0 CE3C40:0 1292634:0 B35BEE:180
client level=warn t=982296 ev=vr.probe pose in_pos=66.46,-11.10,6.43 in_fwd=-0.994,0.064,-0.087 in_fov=1.2364 out_pos=66.46,-11.10,6.43 out_fwd=-0.994,0.064,-0.087 out_fov=1.2364
client level=warn t=985265 ev=vr.pad stats injected=4 held=0 mouse=0,0 move=0.00,0.00 turn=0.00,0.00 trig=0.00,0.00 buttons=0x0
client level=warn t=986437 ev=vr.weapon callers path=getter D5D832:0 B363FA:540 B3598D:180 B40A78:0
client level=warn t=986437 ev=vr.weapon callers path=ptr D98F49:720 D7FB5C:16 DB8CB6:180 12B0A09:0 16E8861:0 D8F242:0 D8B348:0 D8B9B5:0 12B2284:0 D2F672:0 D8492B:16 D7FF2C:16 F4276C:0 CE3C40:0 1292634:0 B35BEE:180
client level=warn t=986437 ev=vr.probe pose in_pos=66.38,-12.13,6.56 in_fwd=-0.994,0.064,-0.087 in_fov=1.2364 out_pos=66.38,-12.13,6.56 out_fwd=-0.994,0.064,-0.087 out_fov=1.2364
client level=warn t=989734 ev=vr.pad stats injected=4 held=0 mouse=0,0 move=0.00,0.00 turn=0.00,0.00 trig=0.00,0.00 buttons=0x0
client level=warn t=991953 ev=vr.weapon callers path=getter D5D832:0 B363FA:540 B3598D:180 B40A78:0
client level=warn t=991953 ev=vr.weapon callers path=ptr D98F49:720 D7FB5C:28 DB8CB6:180 12B0A09:0 16E8861:0 D8F242:0 D8B348:0 D8B9B5:0 12B2284:0 D2F672:0 D8492B:28 D7FF2C:28 F4276C:0 CE3C40:0 1292634:0 B35BEE:180
client level=warn t=991968 ev=vr.probe pose in_pos=66.37,-12.01,6.71 in_fwd=-0.994,0.064,-0.087 in_fov=1.2364 out_pos=66.37,-12.01,6.71 out_fwd=-0.994,0.064,-0.087 out_fov=1.2364
client level=warn t=995734 ev=vr.pad stats injected=4 held=0 mouse=0,0 move=0.00,0.00 turn=0.00,0.00 trig=0.00,0.00 buttons=0x0
client level=warn t=997968 ev=vr.weapon callers path=getter D5D832:0 B363FA:540 B3598D:180 B40A78:0
client level=warn t=997968 ev=vr.weapon callers path=ptr D98F49:720 D7FB5C:30 DB8CB6:180 12B0A09:0 16E8861:0 D8F242:0 D8B348:0 D8B9B5:0 12B2284:0 D2F672:0 D8492B:30 D7FF2C:30 F4276C:0 CE3C40:0 1292634:0 B35BEE:180
client level=warn t=997968 ev=vr.probe pose in_pos=66.36,-11.24,7.44 in_fwd=-0.994,0.064,-0.087 in_fov=1.2364 out_pos=66.36,-11.24,7.44 out_fwd=-0.994,0.064,-0.087 out_fov=1.2364
client level=warn t=1001750 ev=vr.pad stats injected=4 held=0 mouse=0,0 move=0.00,0.00 turn=0.00,0.00 trig=0.00,0.00 buttons=0x0
client level=warn t=1003984 ev=vr.weapon callers path=getter D5D832:0 B363FA:540 B3598D:180 B40A78:0
client level=warn t=1003984 ev=vr.weapon callers path=ptr D98F49:720 D7FB5C:30 DB8CB6:180 12B0A09:0 16E8861:0 D8F242:0 D8B348:0 D8B9B5:0 12B2284:0 D2F672:0 D8492B:30 D7FF2C:30 F4276C:0 CE3C40:0 1292634:0 B35BEE:180
client level=warn t=1003984 ev=vr.probe pose in_pos=66.39,-11.64,6.78 in_fwd=-0.994,0.064,-0.087 in_fov=1.2364 out_pos=66.39,-11.64,6.78 out_fwd=-0.994,0.064,-0.087 out_fov=1.2364
client level=warn t=1007765 ev=vr.pad stats injected=4 held=0 mouse=0,0 move=0.00,0.00 turn=0.00,0.00 trig=0.00,0.00 buttons=0x0
client level=warn t=1009984 ev=vr.weapon callers path=getter D5D832:0 B363FA:540 B3598D:180 B40A78:0
client level=warn t=1009984 ev=vr.weapon callers path=ptr D98F49:720 D7FB5C:30 DB8CB6:180 12B0A09:0 16E8861:0 D8F242:0 D8B348:0 D8B9B5:0 12B2284:0 D2F672:0 D8492B:30 D7FF2C:30 F4276C:0 CE3C40:0 1292634:0 B35BEE:180
client level=warn t=1009984 ev=vr.probe pose in_pos=66.45,-10.93,6.64 in_fwd=-0.994,0.064,-0.087 in_fov=1.2364 out_pos=66.45,-10.93,6.64 out_fwd=-0.994,0.064,-0.087 out_fov=1.2364
client level=warn t=1013765 ev=vr.pad stats injected=4 held=0 mouse=0,0 move=0.00,0.00 turn=0.00,0.00 trig=0.00,0.00 buttons=0x0
client level=warn t=1016000 ev=vr.weapon callers path=getter D5D832:0 B363FA:540 B3598D:180 B40A78:0
client level=warn t=1016000 ev=vr.weapon callers path=ptr D98F49:720 D7FB5C:30 DB8CB6:180 12B0A09:0 16E8861:0 D8F242:0 D8B348:0 D8B9B5:0 12B2284:0 D2F672:0 D8492B:30 D7FF2C:30 F4276C:0 CE3C40:0 1292634:0 B35BEE:180
client level=warn t=1016000 ev=vr.probe pose in_pos=66.40,-11.98,6.49 in_fwd=-0.994,0.064,-0.087 in_fov=1.2364 out_pos=66.40,-11.98,6.49 out_fwd=-0.994,0.064,-0.087 out_fov=1.2364
client level=warn t=1019781 ev=vr.pad stats injected=4 held=0 mouse=0,0 move=0.00,0.00 turn=0.00,0.00 trig=0.00,0.00 buttons=0x0
client level=warn t=1022000 ev=vr.weapon callers path=getter D5D832:0 B363FA:540 B3598D:180 B40A78:0
client level=warn t=1022000 ev=vr.weapon callers path=ptr D98F49:720 D7FB5C:30 DB8CB6:180 12B0A09:0 16E8861:0 D8F242:0 D8B348:0 D8B9B5:0 12B2284:0 D2F672:0 D8492B:30 D7FF2C:30 F4276C:0 CE3C40:0 1292634:0 B35BEE:180
client level=warn t=1022015 ev=vr.probe pose in_pos=66.37,-12.01,6.71 in_fwd=-0.994,0.064,-0.087 in_fov=1.2364 out_pos=66.37,-12.01,6.71 out_fwd=-0.994,0.064,-0.087 out_fov=1.2364
client level=warn t=1025781 ev=vr.pad stats injected=4 held=0 mouse=0,0 move=0.00,0.00 turn=0.00,0.00 trig=0.00,0.00 buttons=0x0
client level=warn t=1028015 ev=vr.weapon callers path=getter D5D832:0 B363FA:540 B3598D:180 B40A78:0
client level=warn t=1028015 ev=vr.weapon callers path=ptr D98F49:720 D7FB5C:30 DB8CB6:180 12B0A09:0 16E8861:0 D8F242:0 D8B348:0 D8B9B5:0 12B2284:0 D2F672:0 D8492B:30 D7FF2C:30 F4276C:0 CE3C40:0 1292634:0 B35BEE:180
client level=warn t=1028015 ev=vr.probe pose in_pos=66.36,-11.23,7.43 in_fwd=-0.994,0.064,-0.087 in_fov=1.2364 out_pos=66.36,-11.23,7.43 out_fwd=-0.994,0.064,-0.087 out_fov=1.2364
client level=warn t=1031796 ev=vr.pad stats injected=4 held=0 mouse=0,0 move=0.00,0.00 turn=0.00,0.00 trig=0.00,0.00 buttons=0x0
client level=warn t=1034015 ev=vr.weapon callers path=getter D5D832:0 B363FA:540 B3598D:180 B40A78:0
client level=warn t=1034015 ev=vr.weapon callers path=ptr D98F49:720 D7FB5C:30 DB8CB6:180 12B0A09:0 16E8861:0 D8F242:0 D8B348:0 D8B9B5:0 12B2284:0 D2F672:0 D8492B:30 D7FF2C:30 F4276C:0 CE3C40:0 1292634:0 B35BEE:180
client level=warn t=1034031 ev=vr.probe pose in_pos=66.39,-11.64,6.79 in_fwd=-0.994,0.064,-0.087 in_fov=1.2364 out_pos=66.39,-11.64,6.79 out_fwd=-0.994,0.064,-0.087 out_fov=1.2364
client level=warn t=1037796 ev=vr.pad stats injected=4 held=0 mouse=0,0 move=0.00,0.00 turn=0.00,0.00 trig=0.00,0.00 buttons=0x0
client level=warn t=1040031 ev=vr.weapon callers path=getter D5D832:0 B363FA:540 B3598D:180 B40A78:0
client level=warn t=1040031 ev=vr.weapon callers path=ptr D98F49:720 D7FB5C:30 DB8CB6:180 12B0A09:0 16E8861:0 D8F242:0 D8B348:0 D8B9B5:0 12B2284:0 D2F672:0 D8492B:29 D7FF2C:29 F4276C:0 CE3C40:0 1292634:0 B35BEE:180
client level=warn t=1040031 ev=vr.probe pose in_pos=66.45,-10.92,6.63 in_fwd=-0.994,0.064,-0.087 in_fov=1.2364 out_pos=66.45,-10.92,6.63 out_fwd=-0.994,0.064,-0.087 out_fov=1.2364
client level=warn t=1043812 ev=vr.pad stats injected=4 held=0 mouse=0,0 move=0.00,0.00 turn=0.00,0.00 trig=0.00,0.00 buttons=0x0
client level=warn t=1046031 ev=vr.weapon callers path=getter D5D832:0 B363FA:540 B3598D:180 B40A78:0
client level=warn t=1046031 ev=vr.weapon callers path=ptr D98F49:720 D7FB5C:29 DB8CB6:180 12B0A09:0 16E8861:0 D8F242:0 D8B348:0 D8B9B5:0 12B2284:0 D2F672:0 D8492B:30 D7FF2C:30 F4276C:0 CE3C40:0 1292634:0 B35BEE:180
client level=warn t=1046046 ev=vr.probe pose in_pos=66.39,-11.99,6.49 in_fwd=-0.994,0.064,-0.087 in_fov=1.2364 out_pos=66.39,-11.99,6.49 out_fwd=-0.994,0.064,-0.087 out_fov=1.2364
client level=warn t=1049812 ev=vr.pad stats injected=4 held=0 mouse=0,0 move=0.00,0.00 turn=0.00,0.00 trig=0.00,0.00 buttons=0x0
client level=warn t=1052046 ev=vr.weapon callers path=getter D5D832:0 B363FA:540 B3598D:180 B40A78:0
client level=warn t=1052046 ev=vr.weapon callers path=ptr D98F49:720 D7FB5C:30 DB8CB6:180 12B0A09:0 16E8861:0 D8F242:0 D8B348:0 D8B9B5:0 12B2284:0 D2F672:0 D8492B:30 D7FF2C:30 F4276C:0 CE3C40:0 1292634:0 B35BEE:180
client level=warn t=1052046 ev=vr.probe pose in_pos=66.37,-12.00,6.71 in_fwd=-0.994,0.064,-0.087 in_fov=1.2364 out_pos=66.37,-12.00,6.71 out_fwd=-0.994,0.064,-0.087 out_fov=1.2364
client level=warn t=1055828 ev=vr.pad stats injected=4 held=0 mouse=0,0 move=0.00,0.00 turn=0.00,0.00 trig=0.00,0.00 buttons=0x0
client level=warn t=1058046 ev=vr.weapon callers path=getter D5D832:0 B363FA:540 B3598D:180 B40A78:0
client level=warn t=1058046 ev=vr.weapon callers path=ptr D98F49:720 D7FB5C:30 DB8CB6:180 12B0A09:0 16E8861:0 D8F242:0 D8B348:0 D8B9B5:0 12B2284:0 D2F672:0 D8492B:30 D7FF2C:30 F4276C:0 CE3C40:0 1292634:0 B35BEE:180
client level=warn t=1058062 ev=vr.probe pose in_pos=66.36,-11.23,7.42 in_fwd=-0.994,0.064,-0.087 in_fov=1.2364 out_pos=66.36,-11.23,7.42 out_fwd=-0.994,0.064,-0.087 out_fov=1.2364
client level=warn t=1061828 ev=vr.pad stats injected=4 held=0 mouse=0,0 move=0.00,0.00 turn=0.00,0.00 trig=0.00,0.00 buttons=0x0
client level=warn t=1064062 ev=vr.weapon callers path=getter D5D832:0 B363FA:540 B3598D:180 B40A78:0
client level=warn t=1064062 ev=vr.weapon callers path=ptr D98F49:720 D7FB5C:30 DB8CB6:180 12B0A09:0 16E8861:0 D8F242:0 D8B348:0 D8B9B5:0 12B2284:0 D2F672:0 D8492B:30 D7FF2C:30 F4276C:0 CE3C40:0 1292634:0 B35BEE:180
client level=warn t=1064062 ev=vr.probe pose in_pos=66.39,-11.64,6.80 in_fwd=-0.994,0.064,-0.087 in_fov=1.2364 out_pos=66.39,-11.64,6.80 out_fwd=-0.994,0.064,-0.087 out_fov=1.2364
client level=warn t=1067843 ev=vr.pad stats injected=4 held=0 mouse=0,0 move=0.00,0.00 turn=0.00,0.00 trig=0.00,0.00 buttons=0x0
client level=warn t=1070062 ev=vr.weapon callers path=getter D5D832:0 B363FA:540 B3598D:180 B40A78:0
client level=warn t=1070062 ev=vr.weapon callers path=ptr D98F49:720 D7FB5C:30 DB8CB6:180 12B0A09:0 16E8861:0 D8F242:0 D8B348:0 D8B9B5:0 12B2284:0 D2F672:0 D8492B:30 D7FF2C:30 F4276C:0 CE3C40:0 1292634:0 B35BEE:180
client level=warn t=1070078 ev=vr.probe pose in_pos=66.45,-10.92,6.63 in_fwd=-0.994,0.064,-0.087 in_fov=1.2364 out_pos=66.45,-10.92,6.63 out_fwd=-0.994,0.064,-0.087 out_fov=1.2364
client level=warn t=1073843 ev=vr.pad stats injected=4 held=0 mouse=0,0 move=0.00,0.00 turn=0.00,0.00 trig=0.00,0.00 buttons=0x0
client level=warn t=1076078 ev=vr.weapon callers path=getter D5D832:0 B363FA:540 B3598D:180 B40A78:0
client level=warn t=1076078 ev=vr.weapon callers path=ptr D98F49:720 D7FB5C:30 DB8CB6:180 12B0A09:0 16E8861:0 D8F242:0 D8B348:0 D8B9B5:0 12B2284:0 D2F672:0 D8492B:30 D7FF2C:29 F4276C:0 CE3C40:0 1292634:0 B35BEE:180
client level=warn t=1076078 ev=vr.probe pose in_pos=66.39,-12.00,6.50 in_fwd=-0.994,0.064,-0.087 in_fov=1.2364 out_pos=66.39,-12.00,6.50 out_fwd=-0.994,0.064,-0.087 out_fov=1.2364
client level=warn t=1079859 ev=vr.pad stats injected=4 held=0 mouse=0,0 move=0.00,0.00 turn=0.00,0.00 trig=0.00,0.00 buttons=0x0
client level=warn t=1082078 ev=vr.weapon callers path=getter D5D832:0 B363FA:540 B3598D:180 B40A78:0
client level=warn t=1082078 ev=vr.weapon callers path=ptr D98F49:720 D7FB5C:30 DB8CB6:180 12B0A09:0 16E8861:0 D8F242:0 D8B348:0 D8B9B5:0 12B2284:0 D2F672:0 D8492B:30 D7FF2C:30 F4276C:0 CE3C40:0 1292634:0 B35BEE:180
client level=warn t=1082093 ev=vr.probe pose in_pos=66.37,-12.00,6.71 in_fwd=-0.994,0.064,-0.087 in_fov=1.2364 out_pos=66.37,-12.00,6.71 out_fwd=-0.994,0.064,-0.087 out_fov=1.2364
client level=warn t=1085859 ev=vr.pad stats injected=4 held=0 mouse=0,0 move=0.00,0.00 turn=0.00,0.00 trig=0.00,0.00 buttons=0x0
client level=warn t=1088093 ev=vr.weapon callers path=getter D5D832:0 B363FA:540 B3598D:180 B40A78:0
client level=warn t=1088093 ev=vr.weapon callers path=ptr D98F49:720 D7FB5C:30 DB8CB6:180 12B0A09:0 16E8861:0 D8F242:0 D8B348:0 D8B9B5:0 12B2284:0 D2F672:0 D8492B:30 D7FF2C:30 F4276C:0 CE3C40:0 1292634:0 B35BEE:180
client level=warn t=1088093 ev=vr.probe pose in_pos=66.36,-11.23,7.41 in_fwd=-0.994,0.064,-0.087 in_fov=1.2364 out_pos=66.36,-11.23,7.41 out_fwd=-0.994,0.064,-0.087 out_fov=1.2364
client level=warn t=1091875 ev=vr.pad stats injected=4 held=0 mouse=0,0 move=0.00,0.00 turn=0.00,0.00 trig=0.00,0.00 buttons=0x0
client level=warn t=1094093 ev=vr.weapon callers path=getter D5D832:0 B363FA:540 B3598D:180 B40A78:0
client level=warn t=1094093 ev=vr.weapon callers path=ptr D98F49:720 D7FB5C:30 DB8CB6:180 12B0A09:0 16E8861:0 D8F242:0 D8B348:0 D8B9B5:0 12B2284:0 D2F672:0 D8492B:30 D7FF2C:30 F4276C:0 CE3C40:0 1292634:0 B35BEE:180
client level=warn t=1094109 ev=vr.probe pose in_pos=66.39,-11.64,6.80 in_fwd=-0.994,0.064,-0.087 in_fov=1.2364 out_pos=66.39,-11.64,6.80 out_fwd=-0.994,0.064,-0.087 out_fov=1.2364
client level=warn t=1097875 ev=vr.pad stats injected=4 held=0 mouse=0,0 move=0.00,0.00 turn=0.00,0.00 trig=0.00,0.00 buttons=0x0
client level=warn t=1100109 ev=vr.weapon callers path=getter D5D832:0 B363FA:540 B3598D:180 B40A78:0
client level=warn t=1100109 ev=vr.weapon callers path=ptr D98F49:720 D7FB5C:29 DB8CB6:180 12B0A09:0 16E8861:0 D8F242:0 D8B348:0 D8B9B5:0 12B2284:0 D2F672:0 D8492B:29 D7FF2C:30 F4276C:0 CE3C40:0 1292634:0 B35BEE:180
client level=warn t=1100109 ev=vr.probe pose in_pos=66.45,-10.92,6.62 in_fwd=-0.994,0.064,-0.087 in_fov=1.2364 out_pos=66.45,-10.92,6.62 out_fwd=-0.994,0.064,-0.087 out_fov=1.2364
client level=warn t=1103890 ev=vr.pad stats injected=4 held=0 mouse=0,0 move=0.00,0.00 turn=0.00,0.00 trig=0.00,0.00 buttons=0x0
client level=warn t=1106125 ev=vr.weapon callers path=getter D5D832:0 B363FA:540 B3598D:180 B40A78:0
client level=warn t=1106125 ev=vr.weapon callers path=ptr D98F49:720 D7FB5C:30 DB8CB6:180 12B0A09:0 16E8861:0 D8F242:0 D8B348:0 D8B9B5:0 12B2284:0 D2F672:0 D8492B:30 D7FF2C:30 F4276C:0 CE3C40:0 1292634:0 B35BEE:180
client level=warn t=1106125 ev=vr.probe pose in_pos=66.39,-12.01,6.50 in_fwd=-0.994,0.064,-0.087 in_fov=1.2364 out_pos=66.39,-12.01,6.50 out_fwd=-0.994,0.064,-0.087 out_fov=1.2364
client level=warn t=1109890 ev=vr.pad stats injected=4 held=0 mouse=0,0 move=0.00,0.00 turn=0.00,0.00 trig=0.00,0.00 buttons=0x0
client level=warn t=1112125 ev=vr.weapon callers path=getter D5D832:0 B363FA:540 B3598D:180 B40A78:0
client level=warn t=1112125 ev=vr.weapon callers path=ptr D98F49:720 D7FB5C:30 DB8CB6:180 12B0A09:0 16E8861:0 D8F242:0 D8B348:0 D8B9B5:0 12B2284:0 D2F672:0 D8492B:30 D7FF2C:30 F4276C:0 CE3C40:0 1292634:0 B35BEE:180
client level=warn t=1112125 ev=vr.probe pose in_pos=66.38,-11.99,6.71 in_fwd=-0.994,0.064,-0.087 in_fov=1.2364 out_pos=66.38,-11.99,6.71 out_fwd=-0.994,0.064,-0.087 out_fov=1.2364
client level=warn t=1115906 ev=vr.pad stats injected=4 held=0 mouse=0,0 move=0.00,0.00 turn=0.00,0.00 trig=0.00,0.00 buttons=0x0
client level=warn t=1118140 ev=vr.weapon callers path=getter D5D832:0 B363FA:540 B3598D:180 B40A78:0
client level=warn t=1118140 ev=vr.weapon callers path=ptr D98F49:720 D7FB5C:30 DB8CB6:180 12B0A09:0 16E8861:0 D8F242:0 D8B348:0 D8B9B5:0 12B2284:0 D2F672:0 D8492B:30 D7FF2C:29 F4276C:0 CE3C40:0 1292634:0 B35BEE:180
client level=warn t=1118140 ev=vr.probe pose in_pos=66.36,-11.22,7.39 in_fwd=-0.994,0.064,-0.087 in_fov=1.2364 out_pos=66.36,-11.22,7.39 out_fwd=-0.994,0.064,-0.087 out_fov=1.2364
client level=warn t=1121921 ev=vr.pad stats injected=4 held=0 mouse=0,0 move=0.00,0.00 turn=0.00,0.00 trig=0.00,0.00 buttons=0x0
client level=warn t=1124140 ev=vr.weapon callers path=getter D5D832:0 B363FA:540 B3598D:180 B40A78:0
client level=warn t=1124140 ev=vr.weapon callers path=ptr D98F49:720 D7FB5C:30 DB8CB6:180 12B0A09:0 16E8861:0 D8F242:0 D8B348:0 D8B9B5:0 12B2284:0 D2F672:0 D8492B:29 D7FF2C:30 F4276C:0 CE3C40:0 1292634:0 B35BEE:180
client level=warn t=1124156 ev=vr.probe pose in_pos=66.39,-11.64,6.81 in_fwd=-0.994,0.064,-0.087 in_fov=1.2364 out_pos=66.39,-11.64,6.81 out_fwd=-0.994,0.064,-0.087 out_fov=1.2364
client level=warn t=1127921 ev=vr.pad stats injected=4 held=0 mouse=0,0 move=0.00,0.00 turn=0.00,0.00 trig=0.00,0.00 buttons=0x0
client level=warn t=1130156 ev=vr.weapon callers path=getter D5D832:0 B363FA:540 B3598D:180 B40A78:0
client level=warn t=1130156 ev=vr.weapon callers path=ptr D98F49:720 D7FB5C:30 DB8CB6:180 12B0A09:0 16E8861:0 D8F242:0 D8B348:0 D8B9B5:0 12B2284:0 D2F672:0 D8492B:30 D7FF2C:30 F4276C:0 CE3C40:0 1292634:0 B35BEE:180
client level=warn t=1130156 ev=vr.probe pose in_pos=66.45,-10.92,6.62 in_fwd=-0.994,0.064,-0.087 in_fov=1.2364 out_pos=66.45,-10.92,6.62 out_fwd=-0.994,0.064,-0.087 out_fov=1.2364
client level=warn t=1133937 ev=vr.pad stats injected=4 held=0 mouse=0,0 move=0.00,0.00 turn=0.00,0.00 trig=0.00,0.00 buttons=0x0
client level=warn t=1136156 ev=vr.weapon callers path=getter D5D832:0 B363FA:540 B3598D:180 B40A78:0
client level=warn t=1136156 ev=vr.weapon callers path=ptr D98F49:720 D7FB5C:29 DB8CB6:180 12B0A09:0 16E8861:0 D8F242:0 D8B348:0 D8B9B5:0 12B2284:0 D2F672:0 D8492B:30 D7FF2C:30 F4276C:0 CE3C40:0 1292634:0 B35BEE:180
client level=warn t=1136171 ev=vr.probe pose in_pos=66.39,-12.02,6.51 in_fwd=-0.994,0.064,-0.087 in_fov=1.2364 out_pos=66.39,-12.02,6.51 out_fwd=-0.994,0.064,-0.087 out_fov=1.2364
client level=warn t=1139937 ev=vr.pad stats injected=4 held=0 mouse=0,0 move=0.00,0.00 turn=0.00,0.00 trig=0.00,0.00 buttons=0x0
client level=warn t=1142171 ev=vr.weapon callers path=getter D5D832:0 B363FA:540 B3598D:180 B40A78:0
client level=warn t=1142171 ev=vr.weapon callers path=ptr D98F49:720 D7FB5C:30 DB8CB6:180 12B0A09:0 16E8861:0 D8F242:0 D8B348:0 D8B9B5:0 12B2284:0 D2F672:0 D8492B:30 D7FF2C:29 F4276C:0 CE3C40:0 1292634:0 B35BEE:180
client level=warn t=1142171 ev=vr.probe pose in_pos=66.38,-11.98,6.71 in_fwd=-0.994,0.064,-0.087 in_fov=1.2364 out_pos=66.38,-11.98,6.71 out_fwd=-0.994,0.064,-0.087 out_fov=1.2364
client level=warn t=1145953 ev=vr.pad stats injected=4 held=0 mouse=0,0 move=0.00,0.00 turn=0.00,0.00 trig=0.00,0.00 buttons=0x0
client level=warn t=1148171 ev=vr.weapon callers path=getter D5D832:0 B363FA:540 B3598D:180 B40A78:0
client level=warn t=1148171 ev=vr.weapon callers path=ptr D98F49:720 D7FB5C:30 DB8CB6:180 12B0A09:0 16E8861:0 D8F242:0 D8B348:0 D8B9B5:0 12B2284:0 D2F672:0 D8492B:29 D7FF2C:30 F4276C:0 CE3C40:0 1292634:0 B35BEE:180
client level=warn t=1148187 ev=vr.probe pose in_pos=66.37,-11.22,7.38 in_fwd=-0.994,0.064,-0.087 in_fov=1.2364 out_pos=66.37,-11.22,7.38 out_fwd=-0.994,0.064,-0.087 out_fov=1.2364
client level=warn t=1151953 ev=vr.pad stats injected=4 held=0 mouse=0,0 move=0.00,0.00 turn=0.00,0.00 trig=0.00,0.00 buttons=0x0
client level=warn t=1154187 ev=vr.weapon callers path=getter D5D832:0 B363FA:540 B3598D:180 B40A78:0
client level=warn t=1154187 ev=vr.weapon callers path=ptr D98F49:720 D7FB5C:30 DB8CB6:180 12B0A09:0 16E8861:0 D8F242:0 D8B348:0 D8B9B5:0 12B2284:0 D2F672:0 D8492B:30 D7FF2C:30 F4276C:0 CE3C40:0 1292634:0 B35BEE:180
client level=warn t=1154187 ev=vr.probe pose in_pos=66.39,-11.63,6.82 in_fwd=-0.994,0.064,-0.087 in_fov=1.2364 out_pos=66.39,-11.63,6.82 out_fwd=-0.994,0.064,-0.087 out_fov=1.2364
client level=warn t=1157968 ev=vr.pad stats injected=4 held=0 mouse=0,0 move=0.00,0.00 turn=0.00,0.00 trig=0.00,0.00 buttons=0x0
client level=warn t=1160187 ev=vr.weapon callers path=getter D5D832:0 B363FA:540 B3598D:180 B40A78:0
client level=warn t=1160187 ev=vr.weapon callers path=ptr D98F49:720 D7FB5C:29 DB8CB6:180 12B0A09:0 16E8861:0 D8F242:0 D8B348:0 D8B9B5:0 12B2284:0 D2F672:0 D8492B:30 D7FF2C:30 F4276C:0 CE3C40:0 1292634:0 B35BEE:180
client level=warn t=1160203 ev=vr.probe pose in_pos=66.45,-10.91,6.61 in_fwd=-0.994,0.064,-0.087 in_fov=1.2364 out_pos=66.45,-10.91,6.61 out_fwd=-0.994,0.064,-0.087 out_fov=1.2364
client level=warn t=1163968 ev=vr.pad stats injected=4 held=0 mouse=0,0 move=0.00,0.00 turn=0.00,0.00 trig=0.00,0.00 buttons=0x0
client level=warn t=1166203 ev=vr.weapon callers path=getter D5D832:0 B363FA:540 B3598D:180 B40A78:0
client level=warn t=1166203 ev=vr.weapon callers path=ptr D98F49:720 D7FB5C:30 DB8CB6:180 12B0A09:0 16E8861:0 D8F242:0 D8B348:0 D8B9B5:0 12B2284:0 D2F672:0 D8492B:30 D7FF2C:30 F4276C:0 CE3C40:0 1292634:0 B35BEE:180
client level=warn t=1166203 ev=vr.probe pose in_pos=66.39,-12.03,6.51 in_fwd=-0.994,0.064,-0.087 in_fov=1.2364 out_pos=66.39,-12.03,6.51 out_fwd=-0.994,0.064,-0.087 out_fov=1.2364
client level=warn t=1169984 ev=vr.pad stats injected=4 held=0 mouse=0,0 move=0.00,0.00 turn=0.00,0.00 trig=0.00,0.00 buttons=0x0
client level=warn t=1172218 ev=vr.weapon callers path=getter D5D832:0 B363FA:540 B3598D:180 B40A78:0
client level=warn t=1172218 ev=vr.weapon callers path=ptr D98F49:720 D7FB5C:30 DB8CB6:180 12B0A09:0 16E8861:0 D8F242:0 D8B348:0 D8B9B5:0 12B2284:0 D2F672:0 D8492B:29 D7FF2C:29 F4276C:0 CE3C40:0 1292634:0 B35BEE:180
client level=warn t=1172218 ev=vr.probe pose in_pos=66.38,-11.98,6.71 in_fwd=-0.994,0.064,-0.087 in_fov=1.2364 out_pos=66.38,-11.98,6.71 out_fwd=-0.994,0.064,-0.087 out_fov=1.2364
client level=warn t=1176000 ev=vr.pad stats injected=4 held=0 mouse=0,0 move=0.00,0.00 turn=0.00,0.00 trig=0.00,0.00 buttons=0x0
client level=warn t=1178218 ev=vr.weapon callers path=getter D5D832:0 B363FA:540 B3598D:180 B40A78:0
client level=warn t=1178218 ev=vr.weapon callers path=ptr D98F49:720 D7FB5C:29 DB8CB6:180 12B0A09:0 16E8861:0 D8F242:0 D8B348:0 D8B9B5:0 12B2284:0 D2F672:0 D8492B:30 D7FF2C:30 F4276C:0 CE3C40:0 1292634:0 B35BEE:180
client level=warn t=1178234 ev=vr.probe pose in_pos=66.37,-11.22,7.37 in_fwd=-0.994,0.064,-0.087 in_fov=1.2364 out_pos=66.37,-11.22,7.37 out_fwd=-0.994,0.064,-0.087 out_fov=1.2364
client level=warn t=1182000 ev=vr.pad stats injected=4 held=0 mouse=0,0 move=0.00,0.00 turn=0.00,0.00 trig=0.00,0.00 buttons=0x0
client level=warn t=1184234 ev=vr.weapon callers path=getter D5D832:0 B363FA:540 B3598D:180 B40A78:0
client level=warn t=1184234 ev=vr.weapon callers path=ptr D98F49:720 D7FB5C:30 DB8CB6:180 12B0A09:0 16E8861:0 D8F242:0 D8B348:0 D8B9B5:0 12B2284:0 D2F672:0 D8492B:29 D7FF2C:29 F4276C:0 CE3C40:0 1292634:0 B35BEE:180
client level=warn t=1184234 ev=vr.probe pose in_pos=66.39,-11.63,6.83 in_fwd=-0.994,0.064,-0.087 in_fov=1.2364 out_pos=66.39,-11.63,6.83 out_fwd=-0.994,0.064,-0.087 out_fov=1.2364
client level=warn t=1188015 ev=vr.pad stats injected=4 held=0 mouse=0,0 move=0.00,0.00 turn=0.00,0.00 trig=0.00,0.00 buttons=0x0
client level=warn t=1190234 ev=vr.weapon callers path=getter D5D832:0 B363FA:540 B3598D:180 B40A78:0
client level=warn t=1190234 ev=vr.weapon callers path=ptr D98F49:720 D7FB5C:29 DB8CB6:180 12B0A09:0 16E8861:0 D8F242:0 D8B348:0 D8B9B5:0 12B2284:0 D2F672:0 D8492B:30 D7FF2C:30 F4276C:0 CE3C40:0 1292634:0 B35BEE:180
client level=warn t=1190250 ev=vr.probe pose in_pos=66.45,-10.91,6.61 in_fwd=-0.994,0.064,-0.087 in_fov=1.2364 out_pos=66.45,-10.91,6.61 out_fwd=-0.994,0.064,-0.087 out_fov=1.2364
client level=warn t=1194015 ev=vr.pad stats injected=4 held=0 mouse=0,0 move=0.00,0.00 turn=0.00,0.00 trig=0.00,0.00 buttons=0x0
client level=warn t=1196250 ev=vr.weapon callers path=getter D5D832:0 B363FA:540 B3598D:180 B40A78:0
client level=warn t=1196250 ev=vr.weapon callers path=ptr D98F49:720 D7FB5C:30 DB8CB6:180 12B0A09:0 16E8861:0 D8F242:0 D8B348:0 D8B9B5:0 12B2284:0 D2F672:0 D8492B:30 D7FF2C:30 F4276C:0 CE3C40:0 1292634:0 B35BEE:180
client level=warn t=1196250 ev=vr.probe pose in_pos=66.39,-12.04,6.52 in_fwd=-0.994,0.064,-0.087 in_fov=1.2364 out_pos=66.39,-12.04,6.52 out_fwd=-0.994,0.064,-0.087 out_fov=1.2364
client level=warn t=1200031 ev=vr.pad stats injected=4 held=0 mouse=0,0 move=0.00,0.00 turn=0.00,0.00 trig=0.00,0.00 buttons=0x0
client level=warn t=1202250 ev=vr.weapon callers path=getter D5D832:0 B363FA:540 B3598D:180 B40A78:0
client level=warn t=1202250 ev=vr.weapon callers path=ptr D98F49:720 D7FB5C:30 DB8CB6:180 12B0A09:0 16E8861:0 D8F242:0 D8B348:0 D8B9B5:0 12B2284:0 D2F672:0 D8492B:30 D7FF2C:30 F4276C:0 CE3C40:0 1292634:0 B35BEE:180
client level=warn t=1202265 ev=vr.probe pose in_pos=66.38,-11.97,6.71 in_fwd=-0.994,0.064,-0.087 in_fov=1.2364 out_pos=66.38,-11.97,6.71 out_fwd=-0.994,0.064,-0.087 out_fov=1.2364
client level=warn t=1206031 ev=vr.pad stats injected=4 held=0 mouse=0,0 move=0.00,0.00 turn=0.00,0.00 trig=0.00,0.00 buttons=0x0
client level=warn t=1208265 ev=vr.weapon callers path=getter D5D832:0 B363FA:540 B3598D:180 B40A78:0
client level=warn t=1208265 ev=vr.weapon callers path=ptr D98F49:720 D7FB5C:30 DB8CB6:180 12B0A09:0 16E8861:0 D8F242:0 D8B348:0 D8B9B5:0 12B2284:0 D2F672:0 D8492B:30 D7FF2C:29 F4276C:0 CE3C40:0 1292634:0 B35BEE:180
client level=warn t=1208265 ev=vr.probe pose in_pos=66.37,-11.21,7.36 in_fwd=-0.994,0.064,-0.087 in_fov=1.2364 out_pos=66.37,-11.21,7.36 out_fwd=-0.994,0.064,-0.087 out_fov=1.2364
client level=warn t=1212046 ev=vr.pad stats injected=4 held=0 mouse=0,0 move=0.00,0.00 turn=0.00,0.00 trig=0.00,0.00 buttons=0x0
client level=warn t=1214281 ev=vr.weapon callers path=getter D5D832:0 B363FA:540 B3598D:180 B40A78:0
client level=warn t=1214281 ev=vr.weapon callers path=ptr D98F49:720 D7FB5C:29 DB8CB6:180 12B0A09:0 16E8861:0 D8F242:0 D8B348:0 D8B9B5:0 12B2284:0 D2F672:0 D8492B:29 D7FF2C:30 F4276C:0 CE3C40:0 1292634:0 B35BEE:180
client level=warn t=1214281 ev=vr.probe pose in_pos=66.39,-11.63,6.83 in_fwd=-0.994,0.064,-0.087 in_fov=1.2364 out_pos=66.39,-11.63,6.83 out_fwd=-0.994,0.064,-0.087 out_fov=1.2364
client level=warn t=1218062 ev=vr.pad stats injected=4 held=0 mouse=0,0 move=0.00,0.00 turn=0.00,0.00 trig=0.00,0.00 buttons=0x0
client level=warn t=1220281 ev=vr.weapon callers path=getter D5D832:0 B363FA:540 B3598D:180 B40A78:0
client level=warn t=1220281 ev=vr.weapon callers path=ptr D98F49:720 D7FB5C:30 DB8CB6:180 12B0A09:0 16E8861:0 D8F242:0 D8B348:0 D8B9B5:0 12B2284:0 D2F672:0 D8492B:29 D7FF2C:29 F4276C:0 CE3C40:0 1292634:0 B35BEE:180
client level=warn t=1220296 ev=vr.probe pose in_pos=66.45,-10.91,6.60 in_fwd=-0.994,0.064,-0.087 in_fov=1.2364 out_pos=66.45,-10.91,6.60 out_fwd=-0.994,0.064,-0.087 out_fov=1.2364
client level=warn t=1224062 ev=vr.pad stats injected=4 held=0 mouse=0,0 move=0.00,0.00 turn=0.00,0.00 trig=0.00,0.00 buttons=0x0
client level=warn t=1226296 ev=vr.weapon callers path=getter D5D832:0 B363FA:540 B3598D:180 B40A78:0
client level=warn t=1226296 ev=vr.weapon callers path=ptr D98F49:720 D7FB5C:29 DB8CB6:180 12B0A09:0 16E8861:0 D8F242:0 D8B348:0 D8B9B5:0 12B2284:0 D2F672:0 D8492B:30 D7FF2C:29 F4276C:0 CE3C40:0 1292634:0 B35BEE:180
client level=warn t=1226296 ev=vr.probe pose in_pos=66.39,-12.06,6.52 in_fwd=-0.994,0.064,-0.087 in_fov=1.2364 out_pos=66.39,-12.06,6.52 out_fwd=-0.994,0.064,-0.087 out_fov=1.2364
client level=warn t=1230078 ev=vr.pad stats injected=4 held=0 mouse=0,0 move=0.00,0.00 turn=0.00,0.00 trig=0.00,0.00 buttons=0x0
client level=warn t=1232296 ev=vr.weapon callers path=getter D5D832:0 B363FA:540 B3598D:180 B40A78:0
client level=warn t=1232296 ev=vr.weapon callers path=ptr D98F49:720 D7FB5C:29 DB8CB6:180 12B0A09:0 16E8861:0 D8F242:0 D8B348:0 D8B9B5:0 12B2284:0 D2F672:0 D8492B:29 D7FF2C:29 F4276C:0 CE3C40:0 1292634:0 B35BEE:180
client level=warn t=1232312 ev=vr.probe pose in_pos=66.38,-11.96,6.71 in_fwd=-0.994,0.064,-0.087 in_fov=1.2364 out_pos=66.38,-11.96,6.71 out_fwd=-0.994,0.064,-0.087 out_fov=1.2364
client level=warn t=1236078 ev=vr.pad stats injected=4 held=0 mouse=0,0 move=0.00,0.00 turn=0.00,0.00 trig=0.00,0.00 buttons=0x0
client level=warn t=1238312 ev=vr.weapon callers path=getter D5D832:0 B363FA:540 B3598D:180 B40A78:0
client level=warn t=1238312 ev=vr.weapon callers path=ptr D98F49:720 D7FB5C:29 DB8CB6:180 12B0A09:0 16E8861:0 D8F242:0 D8B348:0 D8B9B5:0 12B2284:0 D2F672:0 D8492B:29 D7FF2C:30 F4276C:0 CE3C40:0 1292634:0 B35BEE:180
client level=warn t=1238312 ev=vr.probe pose in_pos=66.37,-11.21,7.35 in_fwd=-0.994,0.064,-0.087 in_fov=1.2364 out_pos=66.37,-11.21,7.35 out_fwd=-0.994,0.064,-0.087 out_fov=1.2364
client level=warn t=1242093 ev=vr.pad stats injected=4 held=0 mouse=0,0 move=0.00,0.00 turn=0.00,0.00 trig=0.00,0.00 buttons=0x0
client level=warn t=1244328 ev=vr.weapon callers path=getter D5D832:0 B363FA:540 B3598D:180 B40A78:0
client level=warn t=1244328 ev=vr.weapon callers path=ptr D98F49:720 D7FB5C:30 DB8CB6:180 12B0A09:0 16E8861:0 D8F242:0 D8B348:0 D8B9B5:0 12B2284:0 D2F672:0 D8492B:30 D7FF2C:30 F4276C:0 CE3C40:0 1292634:0 B35BEE:180
client level=warn t=1244328 ev=vr.probe pose in_pos=66.39,-11.63,6.84 in_fwd=-0.994,0.064,-0.087 in_fov=1.2364 out_pos=66.39,-11.63,6.84 out_fwd=-0.994,0.064,-0.087 out_fov=1.2364
client level=warn t=1248109 ev=vr.pad stats injected=4 held=0 mouse=0,0 move=0.00,0.00 turn=0.00,0.00 trig=0.00,0.00 buttons=0x0
client level=warn t=1250328 ev=vr.weapon callers path=getter D5D832:0 B363FA:540 B3598D:180 B40A78:0
client level=warn t=1250328 ev=vr.weapon callers path=ptr D98F49:720 D7FB5C:30 DB8CB6:180 12B0A09:0 16E8861:0 D8F242:0 D8B348:0 D8B9B5:0 12B2284:0 D2F672:0 D8492B:30 D7FF2C:29 F4276C:0 CE3C40:0 1292634:0 B35BEE:180
client level=warn t=1250328 ev=vr.probe pose in_pos=66.45,-10.91,6.60 in_fwd=-0.994,0.064,-0.087 in_fov=1.2364 out_pos=66.45,-10.91,6.60 out_fwd=-0.994,0.064,-0.087 out_fov=1.2364
client level=warn t=1254125 ev=vr.pad stats injected=4 held=0 mouse=0,0 move=0.00,0.00 turn=0.00,0.00 trig=0.00,0.00 buttons=0x0
client level=warn t=1256343 ev=vr.weapon callers path=getter D5D832:0 B363FA:540 B3598D:180 B40A78:0
client level=warn t=1256343 ev=vr.weapon callers path=ptr D98F49:720 D7FB5C:29 DB8CB6:180 12B0A09:0 16E8861:0 D8F242:0 D8B348:0 D8B9B5:0 12B2284:0 D2F672:0 D8492B:29 D7FF2C:30 F4276C:0 CE3C40:0 1292634:0 B35BEE:180
client level=warn t=1256343 ev=vr.probe pose in_pos=66.39,-12.07,6.53 in_fwd=-0.994,0.064,-0.087 in_fov=1.2364 out_pos=66.39,-12.07,6.53 out_fwd=-0.994,0.064,-0.087 out_fov=1.2364
client level=warn t=1260125 ev=vr.pad stats injected=4 held=0 mouse=0,0 move=0.00,0.00 turn=0.00,0.00 trig=0.00,0.00 buttons=0x0
client level=warn t=1262343 ev=vr.weapon callers path=getter D5D832:0 B363FA:540 B3598D:180 B40A78:0
client level=warn t=1262343 ev=vr.weapon callers path=ptr D98F49:720 D7FB5C:29 DB8CB6:180 12B0A09:0 16E8861:0 D8F242:0 D8B348:0 D8B9B5:0 12B2284:0 D2F672:0 D8492B:29 D7FF2C:29 F4276C:0 CE3C40:0 1292634:0 B35BEE:180
client level=warn t=1262359 ev=vr.probe pose in_pos=66.38,-11.96,6.71 in_fwd=-0.994,0.064,-0.087 in_fov=1.2364 out_pos=66.38,-11.96,6.71 out_fwd=-0.994,0.064,-0.087 out_fov=1.2364
client level=warn t=1266125 ev=vr.pad stats injected=4 held=0 mouse=0,0 move=0.00,0.00 turn=0.00,0.00 trig=0.00,0.00 buttons=0x0
client level=warn t=1268359 ev=vr.weapon callers path=getter D5D832:0 B363FA:540 B3598D:180 B40A78:0
client level=warn t=1268359 ev=vr.weapon callers path=ptr D98F49:720 D7FB5C:30 DB8CB6:180 12B0A09:0 16E8861:0 D8F242:0 D8B348:0 D8B9B5:0 12B2284:0 D2F672:0 D8492B:30 D7FF2C:30 F4276C:0 CE3C40:0 1292634:0 B35BEE:180
client level=warn t=1268359 ev=vr.probe pose in_pos=66.37,-11.21,7.33 in_fwd=-0.994,0.064,-0.087 in_fov=1.2364 out_pos=66.37,-11.21,7.33 out_fwd=-0.994,0.064,-0.087 out_fov=1.2364
client level=warn t=1272140 ev=vr.pad stats injected=4 held=0 mouse=0,0 move=0.00,0.00 turn=0.00,0.00 trig=0.00,0.00 buttons=0x0
client level=warn t=1274359 ev=vr.weapon callers path=getter D5D832:0 B363FA:540 B3598D:180 B40A78:0
client level=warn t=1274359 ev=vr.weapon callers path=ptr D98F49:720 D7FB5C:30 DB8CB6:180 12B0A09:0 16E8861:0 D8F242:0 D8B348:0 D8B9B5:0 12B2284:0 D2F672:0 D8492B:30 D7FF2C:30 F4276C:0 CE3C40:0 1292634:0 B35BEE:180
client level=warn t=1274375 ev=vr.probe pose in_pos=66.39,-11.63,6.85 in_fwd=-0.994,0.064,-0.087 in_fov=1.2364 out_pos=66.39,-11.63,6.85 out_fwd=-0.994,0.064,-0.087 out_fov=1.2364
client level=warn t=1278140 ev=vr.pad stats injected=4 held=0 mouse=0,0 move=0.00,0.00 turn=0.00,0.00 trig=0.00,0.00 buttons=0x0
client level=warn t=1280375 ev=vr.weapon callers path=getter D5D832:0 B363FA:540 B3598D:180 B40A78:0
client level=warn t=1280375 ev=vr.weapon callers path=ptr D98F49:720 D7FB5C:30 DB8CB6:180 12B0A09:0 16E8861:0 D8F242:0 D8B348:0 D8B9B5:0 12B2284:0 D2F672:0 D8492B:30 D7FF2C:30 F4276C:0 CE3C40:0 1292634:0 B35BEE:180
client level=warn t=1280375 ev=vr.probe pose in_pos=66.46,-10.91,6.59 in_fwd=-0.994,0.064,-0.087 in_fov=1.2364 out_pos=66.46,-10.91,6.59 out_fwd=-0.994,0.064,-0.087 out_fov=1.2364
client level=warn t=1284156 ev=vr.pad stats injected=4 held=0 mouse=0,0 move=0.00,0.00 turn=0.00,0.00 trig=0.00,0.00 buttons=0x0
client level=warn t=1286375 ev=vr.weapon callers path=getter D5D832:0 B363FA:540 B3598D:180 B40A78:0
client level=warn t=1286375 ev=vr.weapon callers path=ptr D98F49:720 D7FB5C:30 DB8CB6:180 12B0A09:0 16E8861:0 D8F242:0 D8B348:0 D8B9B5:0 12B2284:0 D2F672:0 D8492B:30 D7FF2C:30 F4276C:0 CE3C40:0 1292634:0 B35BEE:180
client level=warn t=1286390 ev=vr.probe pose in_pos=66.38,-12.08,6.53 in_fwd=-0.994,0.064,-0.087 in_fov=1.2364 out_pos=66.38,-12.08,6.53 out_fwd=-0.994,0.064,-0.087 out_fov=1.2364
client level=warn t=1290156 ev=vr.pad stats injected=4 held=0 mouse=0,0 move=0.00,0.00 turn=0.00,0.00 trig=0.00,0.00 buttons=0x0
client level=warn t=1292390 ev=vr.weapon callers path=getter D5D832:0 B363FA:540 B3598D:180 B40A78:0
client level=warn t=1292390 ev=vr.weapon callers path=ptr D98F49:720 D7FB5C:30 DB8CB6:180 12B0A09:0 16E8861:0 D8F242:0 D8B348:0 D8B9B5:0 12B2284:0 D2F672:0 D8492B:30 D7FF2C:30 F4276C:0 CE3C40:0 1292634:0 B35BEE:180
client level=warn t=1292390 ev=vr.probe pose in_pos=66.38,-11.95,6.71 in_fwd=-0.994,0.064,-0.087 in_fov=1.2364 out_pos=66.38,-11.95,6.71 out_fwd=-0.994,0.064,-0.087 out_fov=1.2364
client level=warn t=1296171 ev=vr.pad stats injected=4 held=0 mouse=0,0 move=0.00,0.00 turn=0.00,0.00 trig=0.00,0.00 buttons=0x0
client level=warn t=1298390 ev=vr.weapon callers path=getter D5D832:0 B363FA:540 B3598D:180 B40A78:0
client level=warn t=1298390 ev=vr.weapon callers path=ptr D98F49:720 D7FB5C:30 DB8CB6:180 12B0A09:0 16E8861:0 D8F242:0 D8B348:0 D8B9B5:0 12B2284:0 D2F672:0 D8492B:30 D7FF2C:29 F4276C:0 CE3C40:0 1292634:0 B35BEE:180
client level=warn t=1298406 ev=vr.probe pose in_pos=66.37,-11.20,7.32 in_fwd=-0.994,0.064,-0.087 in_fov=1.2364 out_pos=66.37,-11.20,7.32 out_fwd=-0.994,0.064,-0.087 out_fov=1.2364
client level=warn t=1302171 ev=vr.pad stats injected=4 held=0 mouse=0,0 move=0.00,0.00 turn=0.00,0.00 trig=0.00,0.00 buttons=0x0
client level=warn t=1304406 ev=vr.weapon callers path=getter D5D832:0 B363FA:540 B3598D:180 B40A78:0
client level=warn t=1304406 ev=vr.weapon callers path=ptr D98F49:720 D7FB5C:30 DB8CB6:180 12B0A09:0 16E8861:0 D8F242:0 D8B348:0 D8B9B5:0 12B2284:0 D2F672:0 D8492B:30 D7FF2C:30 F4276C:0 CE3C40:0 1292634:0 B35BEE:180
client level=warn t=1304406 ev=vr.probe pose in_pos=66.39,-11.63,6.86 in_fwd=-0.994,0.064,-0.087 in_fov=1.2364 out_pos=66.39,-11.63,6.86 out_fwd=-0.994,0.064,-0.087 out_fov=1.2364
client level=warn t=1308187 ev=vr.pad stats injected=4 held=0 mouse=0,0 move=0.00,0.00 turn=0.00,0.00 trig=0.00,0.00 buttons=0x0
client level=warn t=1310406 ev=vr.weapon callers path=getter D5D832:0 B363FA:540 B3598D:180 B40A78:0
client level=warn t=1310406 ev=vr.weapon callers path=ptr D98F49:720 D7FB5C:30 DB8CB6:180 12B0A09:0 16E8861:0 D8F242:0 D8B348:0 D8B9B5:0 12B2284:0 D2F672:0 D8492B:30 D7FF2C:30 F4276C:0 CE3C40:0 1292634:0 B35BEE:180
client level=warn t=1310421 ev=vr.probe pose in_pos=66.46,-10.90,6.59 in_fwd=-0.994,0.064,-0.087 in_fov=1.2364 out_pos=66.46,-10.90,6.59 out_fwd=-0.994,0.064,-0.087 out_fov=1.2364
client level=warn t=1314187 ev=vr.pad stats injected=4 held=0 mouse=0,0 move=0.00,0.00 turn=0.00,0.00 trig=0.00,0.00 buttons=0x0
client level=warn t=1316421 ev=vr.weapon callers path=getter D5D832:0 B363FA:540 B3598D:180 B40A78:0
client level=warn t=1316421 ev=vr.weapon callers path=ptr D98F49:720 D7FB5C:30 DB8CB6:180 12B0A09:0 16E8861:0 D8F242:0 D8B348:0 D8B9B5:0 12B2284:0 D2F672:0 D8492B:29 D7FF2C:30 F4276C:0 CE3C40:0 1292634:0 B35BEE:180
client level=warn t=1316421 ev=vr.probe pose in_pos=66.38,-12.09,6.54 in_fwd=-0.994,0.064,-0.087 in_fov=1.2364 out_pos=66.38,-12.09,6.54 out_fwd=-0.994,0.064,-0.087 out_fov=1.2364
client level=warn t=1320203 ev=vr.pad stats injected=4 held=0 mouse=0,0 move=0.00,0.00 turn=0.00,0.00 trig=0.00,0.00 buttons=0x0
client level=warn t=1322421 ev=vr.weapon callers path=getter D5D832:0 B363FA:540 B3598D:180 B40A78:0
client level=warn t=1322421 ev=vr.weapon callers path=ptr D98F49:720 D7FB5C:29 DB8CB6:180 12B0A09:0 16E8861:0 D8F242:0 D8B348:0 D8B9B5:0 12B2284:0 D2F672:0 D8492B:30 D7FF2C:30 F4276C:0 CE3C40:0 1292634:0 B35BEE:180
client level=warn t=1322437 ev=vr.probe pose in_pos=66.38,-11.95,6.71 in_fwd=-0.994,0.064,-0.087 in_fov=1.2364 out_pos=66.38,-11.95,6.71 out_fwd=-0.994,0.064,-0.087 out_fov=1.2364
client level=warn t=1326203 ev=vr.pad stats injected=4 held=0 mouse=0,0 move=0.00,0.00 turn=0.00,0.00 trig=0.00,0.00 buttons=0x0
client level=warn t=1328437 ev=vr.weapon callers path=getter D5D832:0 B363FA:540 B3598D:180 B40A78:0
client level=warn t=1328437 ev=vr.weapon callers path=ptr D98F49:720 D7FB5C:30 DB8CB6:180 12B0A09:0 16E8861:0 D8F242:0 D8B348:0 D8B9B5:0 12B2284:0 D2F672:0 D8492B:30 D7FF2C:30 F4276C:0 CE3C40:0 1292634:0 B35BEE:180
client level=warn t=1328437 ev=vr.probe pose in_pos=66.37,-11.20,7.31 in_fwd=-0.994,0.064,-0.087 in_fov=1.2364 out_pos=66.37,-11.20,7.31 out_fwd=-0.994,0.064,-0.087 out_fov=1.2364
client level=warn t=1332218 ev=vr.pad stats injected=4 held=0 mouse=0,0 move=0.00,0.00 turn=0.00,0.00 trig=0.00,0.00 buttons=0x0
client level=warn t=1334437 ev=vr.weapon callers path=getter D5D832:0 B363FA:540 B3598D:180 B40A78:0
client level=warn t=1334437 ev=vr.weapon callers path=ptr D98F49:720 D7FB5C:30 DB8CB6:180 12B0A09:0 16E8861:0 D8F242:0 D8B348:0 D8B9B5:0 12B2284:0 D2F672:0 D8492B:30 D7FF2C:30 F4276C:0 CE3C40:0 1292634:0 B35BEE:180
client level=warn t=1334453 ev=vr.probe pose in_pos=66.38,-11.63,6.87 in_fwd=-0.994,0.064,-0.087 in_fov=1.2364 out_pos=66.38,-11.63,6.87 out_fwd=-0.994,0.064,-0.087 out_fov=1.2364
client level=warn t=1338234 ev=vr.pad stats injected=4 held=0 mouse=0,0 move=0.00,0.00 turn=0.00,0.00 trig=0.00,0.00 buttons=0x0
client level=warn t=1340453 ev=vr.weapon callers path=getter D5D832:0 B363FA:540 B3598D:180 B40A78:0
client level=warn t=1340453 ev=vr.weapon callers path=ptr D98F49:720 D7FB5C:30 DB8CB6:180 12B0A09:0 16E8861:0 D8F242:0 D8B348:0 D8B9B5:0 12B2284:0 D2F672:0 D8492B:30 D7FF2C:30 F4276C:0 CE3C40:0 1292634:0 B35BEE:180
client level=warn t=1340453 ev=vr.probe pose in_pos=66.46,-10.90,6.58 in_fwd=-0.994,0.064,-0.087 in_fov=1.2364 out_pos=66.46,-10.90,6.58 out_fwd=-0.994,0.064,-0.087 out_fov=1.2364
client level=warn t=1344234 ev=vr.pad stats injected=4 held=0 mouse=0,0 move=0.00,0.00 turn=0.00,0.00 trig=0.00,0.00 buttons=0x0
client level=warn t=1346468 ev=vr.weapon callers path=getter D5D832:0 B363FA:540 B3598D:180 B40A78:0
client level=warn t=1346468 ev=vr.weapon callers path=ptr D98F49:720 D7FB5C:30 DB8CB6:180 12B0A09:0 16E8861:0 D8F242:0 D8B348:0 D8B9B5:0 12B2284:0 D2F672:0 D8492B:30 D7FF2C:30 F4276C:0 CE3C40:0 1292634:0 B35BEE:180
client level=warn t=1346468 ev=vr.probe pose in_pos=66.38,-12.10,6.54 in_fwd=-0.994,0.064,-0.087 in_fov=1.2364 out_pos=66.38,-12.10,6.54 out_fwd=-0.994,0.064,-0.087 out_fov=1.2364
client level=warn t=1349218 ev=vr.pad stats injected=4 held=0 mouse=0,0 move=0.00,0.00 turn=0.00,0.00 trig=0.00,0.00 buttons=0x0
client level=warn t=1350796 ev=vr.weapon callers path=getter D5D832:0 B363FA:540 B3598D:180 B40A78:0
client level=warn t=1350796 ev=vr.weapon callers path=ptr D98F49:720 D7FB5C:20 DB8CB6:180 12B0A09:0 16E8861:0 D8F242:0 D8B348:0 D8B9B5:0 12B2284:0 D2F672:0 D8492B:19 D7FF2C:19 F4276C:0 CE3C40:0 1292634:0 B35BEE:180
client level=warn t=1350796 ev=vr.probe pose in_pos=66.36,-12.22,6.71 in_fwd=-0.994,0.064,-0.087 in_fov=1.2364 out_pos=66.36,-12.22,6.71 out_fwd=-0.994,0.064,-0.087 out_fov=1.2364
client level=warn t=1354578 ev=vr.pad stats injected=4 held=0 mouse=0,0 move=0.00,0.00 turn=0.00,0.00 trig=0.00,0.00 buttons=0x0
client level=warn t=1356171 ev=vr.weapon callers path=getter D5D832:0 B363FA:540 B3598D:180 B40A78:0
client level=warn t=1356171 ev=vr.weapon callers path=ptr D98F49:720 D7FB5C:26 DB8CB6:180 12B0A09:0 16E8861:0 D8F242:0 D8B348:0 D8B9B5:0 12B2284:0 D2F672:0 D8492B:27 D7FF2C:27 F4276C:0 CE3C40:0 1292634:0 B35BEE:180
client level=warn t=1356187 ev=vr.probe pose in_pos=66.31,-11.45,7.85 in_fwd=-0.994,0.064,-0.087 in_fov=1.2364 out_pos=66.31,-11.45,7.85 out_fwd=-0.994,0.064,-0.087 out_fov=1.2364
client level=warn t=1358843 ev=vr.pad stats injected=4 held=0 mouse=0,0 move=0.00,0.00 turn=0.00,0.00 trig=0.00,0.00 buttons=0x0
client level=warn t=1359515 ev=vr.weapon callers path=getter D5D832:0 B363FA:540 B3598D:180 B40A78:0
client level=warn t=1359515 ev=vr.weapon callers path=ptr D98F49:720 D7FB5C:27 DB8CB6:180 12B0A09:0 16E8861:0 D8F242:0 D8B348:0 D8B9B5:0 12B2284:0 D2F672:0 D8492B:27 D7FF2C:27 F4276C:0 CE3C40:0 1292634:0 B35BEE:180
client level=warn t=1359515 ev=vr.probe pose in_pos=66.39,-11.18,7.18 in_fwd=-0.994,0.064,-0.087 in_fov=1.2364 out_pos=66.39,-11.18,7.18 out_fwd=-0.994,0.064,-0.087 out_fov=1.2364
client level=warn t=1360671 ev=vr.pad stats injected=4 held=0 mouse=0,0 move=0.00,0.00 turn=0.00,0.00 trig=0.00,0.00 buttons=0x0
client level=warn t=1361328 ev=vr.weapon callers path=getter D5D832:0 B363FA:540 B3598D:180 B40A78:0
client level=warn t=1361328 ev=vr.weapon callers path=ptr D98F49:720 D7FB5C:30 DB8CB6:180 12B0A09:0 16E8861:0 D8F242:0 D8B348:0 D8B9B5:0 12B2284:0 D2F672:0 D8492B:30 D7FF2C:29 F4276C:0 CE3C40:0 1292634:0 B35BEE:180
client level=warn t=1361343 ev=vr.probe pose in_pos=66.40,-11.51,6.78 in_fwd=-0.994,0.064,-0.087 in_fov=1.2364 out_pos=66.40,-11.51,6.78 out_fwd=-0.994,0.064,-0.087 out_fov=1.2364
client level=warn t=1362500 ev=vr.pad stats injected=4 held=0 mouse=0,0 move=0.00,0.00 turn=0.00,0.00 trig=0.00,0.00 buttons=0x0
client level=warn t=1364062 ev=vr.weapon callers path=getter D5D832:0 B363FA:540 B3598D:180 B40A78:0
client level=warn t=1364062 ev=vr.weapon callers path=ptr D98F49:720 D7FB5C:28 DB8CB6:180 12B0A09:0 16E8861:0 D8F242:0 D8B348:0 D8B9B5:0 12B2284:0 D2F672:0 D8492B:28 D7FF2C:29 F4276C:0 CE3C40:0 1292634:0 B35BEE:180
client level=warn t=1364078 ev=vr.probe pose in_pos=66.39,-11.64,6.79 in_fwd=-0.994,0.064,-0.087 in_fov=1.2364 out_pos=66.39,-11.64,6.79 out_fwd=-0.994,0.064,-0.087 out_fov=1.2364
client level=warn t=1367843 ev=vr.pad stats injected=4 held=0 mouse=0,0 move=0.00,0.00 turn=0.00,0.00 trig=0.00,0.00 buttons=0x0
client level=warn t=1370078 ev=vr.weapon callers path=getter D5D832:0 B363FA:540 B3598D:180 B40A78:0
client level=warn t=1370078 ev=vr.weapon callers path=ptr D98F49:720 D7FB5C:30 DB8CB6:180 12B0A09:0 16E8861:0 D8F242:0 D8B348:0 D8B9B5:0 12B2284:0 D2F672:0 D8492B:29 D7FF2C:29 F4276C:0 CE3C40:0 1292634:0 B35BEE:180
client level=warn t=1370078 ev=vr.probe pose in_pos=66.45,-10.92,6.63 in_fwd=-0.994,0.064,-0.087 in_fov=1.2364 out_pos=66.45,-10.92,6.63 out_fwd=-0.994,0.064,-0.087 out_fov=1.2364
client level=warn t=1373859 ev=vr.pad stats injected=4 held=0 mouse=0,0 move=0.00,0.00 turn=0.00,0.00 trig=0.00,0.00 buttons=0x0
client level=warn t=1376078 ev=vr.weapon callers path=getter D5D832:0 B363FA:540 B3598D:180 B40A78:0
client level=warn t=1376078 ev=vr.weapon callers path=ptr D98F49:720 D7FB5C:29 DB8CB6:180 12B0A09:0 16E8861:0 D8F242:0 D8B348:0 D8B9B5:0 12B2284:0 D2F672:0 D8492B:30 D7FF2C:30 F4276C:0 CE3C40:0 1292634:0 B35BEE:180
client level=warn t=1376093 ev=vr.probe pose in_pos=66.39,-11.99,6.50 in_fwd=-0.994,0.064,-0.087 in_fov=1.2364 out_pos=66.39,-11.99,6.50 out_fwd=-0.994,0.064,-0.087 out_fov=1.2364
client level=warn t=1379859 ev=vr.pad stats injected=4 held=0 mouse=0,0 move=0.00,0.00 turn=0.00,0.00 trig=0.00,0.00 buttons=0x0
client level=warn t=1382093 ev=vr.weapon callers path=getter D5D832:0 B363FA:540 B3598D:180 B40A78:0
client level=warn t=1382093 ev=vr.weapon callers path=ptr D98F49:720 D7FB5C:30 DB8CB6:180 12B0A09:0 16E8861:0 D8F242:0 D8B348:0 D8B9B5:0 12B2284:0 D2F672:0 D8492B:30 D7FF2C:30 F4276C:0 CE3C40:0 1292634:0 B35BEE:180
client level=warn t=1382093 ev=vr.probe pose in_pos=66.37,-12.00,6.71 in_fwd=-0.994,0.064,-0.087 in_fov=1.2364 out_pos=66.37,-12.00,6.71 out_fwd=-0.994,0.064,-0.087 out_fov=1.2364
client level=warn t=1385875 ev=vr.pad stats injected=4 held=0 mouse=0,0 move=0.00,0.00 turn=0.00,0.00 trig=0.00,0.00 buttons=0x0
client level=warn t=1388093 ev=vr.weapon callers path=getter D5D832:0 B363FA:540 B3598D:180 B40A78:0
client level=warn t=1388093 ev=vr.weapon callers path=ptr D98F49:720 D7FB5C:30 DB8CB6:180 12B0A09:0 16E8861:0 D8F242:0 D8B348:0 D8B9B5:0 12B2284:0 D2F672:0 D8492B:30 D7FF2C:30 F4276C:0 CE3C40:0 1292634:0 B35BEE:180
client level=warn t=1388109 ev=vr.probe pose in_pos=66.36,-11.23,7.41 in_fwd=-0.994,0.064,-0.087 in_fov=1.2364 out_pos=66.36,-11.23,7.41 out_fwd=-0.994,0.064,-0.087 out_fov=1.2364
client level=warn t=1391875 ev=vr.pad stats injected=4 held=0 mouse=0,0 move=0.00,0.00 turn=0.00,0.00 trig=0.00,0.00 buttons=0x0
client level=warn t=1394109 ev=vr.weapon callers path=getter D5D832:0 B363FA:540 B3598D:180 B40A78:0
client level=warn t=1394109 ev=vr.weapon callers path=ptr D98F49:720 D7FB5C:30 DB8CB6:180 12B0A09:0 16E8861:0 D8F242:0 D8B348:0 D8B9B5:0 12B2284:0 D2F672:0 D8492B:30 D7FF2C:30 F4276C:0 CE3C40:0 1292634:0 B35BEE:180
client level=warn t=1394109 ev=vr.probe pose in_pos=66.39,-11.64,6.80 in_fwd=-0.994,0.064,-0.087 in_fov=1.2364 out_pos=66.39,-11.64,6.80 out_fwd=-0.994,0.064,-0.087 out_fov=1.2364
client level=warn t=1397890 ev=vr.pad stats injected=4 held=0 mouse=0,0 move=0.00,0.00 turn=0.00,0.00 trig=0.00,0.00 buttons=0x0
client level=warn t=1400125 ev=vr.weapon callers path=getter D5D832:0 B363FA:540 B3598D:180 B40A78:0
client level=warn t=1400125 ev=vr.weapon callers path=ptr D98F49:720 D7FB5C:30 DB8CB6:180 12B0A09:0 16E8861:0 D8F242:0 D8B348:0 D8B9B5:0 12B2284:0 D2F672:0 D8492B:30 D7FF2C:30 F4276C:0 CE3C40:0 1292634:0 B35BEE:180
client level=warn t=1400125 ev=vr.probe pose in_pos=66.45,-10.92,6.62 in_fwd=-0.994,0.064,-0.087 in_fov=1.2364 out_pos=66.45,-10.92,6.62 out_fwd=-0.994,0.064,-0.087 out_fov=1.2364
client level=warn t=1403906 ev=vr.pad stats injected=4 held=0 mouse=0,0 move=0.00,0.00 turn=0.00,0.00 trig=0.00,0.00 buttons=0x0
client level=warn t=1406125 ev=vr.weapon callers path=getter D5D832:0 B363FA:540 B3598D:180 B40A78:0
client level=warn t=1406125 ev=vr.weapon callers path=ptr D98F49:720 D7FB5C:30 DB8CB6:180 12B0A09:0 16E8861:0 D8F242:0 D8B348:0 D8B9B5:0 12B2284:0 D2F672:0 D8492B:29 D7FF2C:29 F4276C:0 CE3C40:0 1292634:0 B35BEE:180
client level=warn t=1406140 ev=vr.probe pose in_pos=66.39,-12.00,6.50 in_fwd=-0.994,0.064,-0.087 in_fov=1.2364 out_pos=66.39,-12.00,6.50 out_fwd=-0.994,0.064,-0.087 out_fov=1.2364
client level=warn t=1409906 ev=vr.pad stats injected=4 held=0 mouse=0,0 move=0.00,0.00 turn=0.00,0.00 trig=0.00,0.00 buttons=0x0
client level=warn t=1412140 ev=vr.weapon callers path=getter D5D832:0 B363FA:540 B3598D:180 B40A78:0
client level=warn t=1412140 ev=vr.weapon callers path=ptr D98F49:720 D7FB5C:29 DB8CB6:180 12B0A09:0 16E8861:0 D8F242:0 D8B348:0 D8B9B5:0 12B2284:0 D2F672:0 D8492B:30 D7FF2C:30 F4276C:0 CE3C40:0 1292634:0 B35BEE:180
client level=warn t=1412140 ev=vr.probe pose in_pos=66.38,-11.99,6.71 in_fwd=-0.994,0.064,-0.087 in_fov=1.2364 out_pos=66.38,-11.99,6.71 out_fwd=-0.994,0.064,-0.087 out_fov=1.2364
client level=warn t=1415921 ev=vr.pad stats injected=4 held=0 mouse=0,0 move=0.00,0.00 turn=0.00,0.00 trig=0.00,0.00 buttons=0x0
client level=warn t=1418140 ev=vr.weapon callers path=getter D5D832:0 B363FA:540 B3598D:180 B40A78:0
client level=warn t=1418140 ev=vr.weapon callers path=ptr D98F49:720 D7FB5C:30 DB8CB6:180 12B0A09:0 16E8861:0 D8F242:0 D8B348:0 D8B9B5:0 12B2284:0 D2F672:0 D8492B:30 D7FF2C:30 F4276C:0 CE3C40:0 1292634:0 B35BEE:180
client level=warn t=1418156 ev=vr.probe pose in_pos=66.36,-11.23,7.40 in_fwd=-0.994,0.064,-0.087 in_fov=1.2364 out_pos=66.36,-11.23,7.40 out_fwd=-0.994,0.064,-0.087 out_fov=1.2364
client level=warn t=1421921 ev=vr.pad stats injected=4 held=0 mouse=0,0 move=0.00,0.00 turn=0.00,0.00 trig=0.00,0.00 buttons=0x0
client level=warn t=1424156 ev=vr.weapon callers path=getter D5D832:0 B363FA:540 B3598D:180 B40A78:0
client level=warn t=1424156 ev=vr.weapon callers path=ptr D98F49:720 D7FB5C:30 DB8CB6:180 12B0A09:0 16E8861:0 D8F242:0 D8B348:0 D8B9B5:0 12B2284:0 D2F672:0 D8492B:30 D7FF2C:30 F4276C:0 CE3C40:0 1292634:0 B35BEE:180
client level=warn t=1424156 ev=vr.probe pose in_pos=66.39,-11.64,6.81 in_fwd=-0.994,0.064,-0.087 in_fov=1.2364 out_pos=66.39,-11.64,6.81 out_fwd=-0.994,0.064,-0.087 out_fov=1.2364
client level=warn t=1427937 ev=vr.pad stats injected=4 held=0 mouse=0,0 move=0.00,0.00 turn=0.00,0.00 trig=0.00,0.00 buttons=0x0
client level=warn t=1430156 ev=vr.weapon callers path=getter D5D832:0 B363FA:540 B3598D:180 B40A78:0
client level=warn t=1430156 ev=vr.weapon callers path=ptr D98F49:720 D7FB5C:30 DB8CB6:180 12B0A09:0 16E8861:0 D8F242:0 D8B348:0 D8B9B5:0 12B2284:0 D2F672:0 D8492B:30 D7FF2C:29 F4276C:0 CE3C40:0 1292634:0 B35BEE:180
client level=warn t=1430171 ev=vr.probe pose in_pos=66.45,-10.92,6.62 in_fwd=-0.994,0.064,-0.087 in_fov=1.2364 out_pos=66.45,-10.92,6.62 out_fwd=-0.994,0.064,-0.087 out_fov=1.2364
client level=warn t=1433937 ev=vr.pad stats injected=4 held=0 mouse=0,0 move=0.00,0.00 turn=0.00,0.00 trig=0.00,0.00 buttons=0x0
client level=warn t=1436171 ev=vr.weapon callers path=getter D5D832:0 B363FA:540 B3598D:180 B40A78:0
client level=warn t=1436171 ev=vr.weapon callers path=ptr D98F49:720 D7FB5C:30 DB8CB6:180 12B0A09:0 16E8861:0 D8F242:0 D8B348:0 D8B9B5:0 12B2284:0 D2F672:0 D8492B:29 D7FF2C:30 F4276C:0 CE3C40:0 1292634:0 B35BEE:180
client level=warn t=1436171 ev=vr.probe pose in_pos=66.39,-12.01,6.51 in_fwd=-0.994,0.064,-0.087 in_fov=1.2364 out_pos=66.39,-12.01,6.51 out_fwd=-0.994,0.064,-0.087 out_fov=1.2364
client level=warn t=1439953 ev=vr.pad stats injected=4 held=0 mouse=0,0 move=0.00,0.00 turn=0.00,0.00 trig=0.00,0.00 buttons=0x0
client level=warn t=1442171 ev=vr.weapon callers path=getter D5D832:0 B363FA:540 B3598D:180 B40A78:0
client level=warn t=1442171 ev=vr.weapon callers path=ptr D98F49:720 D7FB5C:29 DB8CB6:180 12B0A09:0 16E8861:0 D8F242:0 D8B348:0 D8B9B5:0 12B2284:0 D2F672:0 D8492B:30 D7FF2C:30 F4276C:0 CE3C40:0 1292634:0 B35BEE:180
client level=warn t=1442187 ev=vr.probe pose in_pos=66.38,-11.99,6.71 in_fwd=-0.994,0.064,-0.087 in_fov=1.2364 out_pos=66.38,-11.99,6.71 out_fwd=-0.994,0.064,-0.087 out_fov=1.2364
client level=warn t=1445953 ev=vr.pad stats injected=4 held=0 mouse=0,0 move=0.00,0.00 turn=0.00,0.00 trig=0.00,0.00 buttons=0x0
client level=warn t=1448187 ev=vr.weapon callers path=getter D5D832:0 B363FA:540 B3598D:180 B40A78:0
client level=warn t=1448187 ev=vr.weapon callers path=ptr D98F49:720 D7FB5C:30 DB8CB6:180 12B0A09:0 16E8861:0 D8F242:0 D8B348:0 D8B9B5:0 12B2284:0 D2F672:0 D8492B:30 D7FF2C:30 F4276C:0 CE3C40:0 1292634:0 B35BEE:180
client level=warn t=1448187 ev=vr.probe pose in_pos=66.37,-11.22,7.39 in_fwd=-0.994,0.064,-0.087 in_fov=1.2364 out_pos=66.37,-11.22,7.39 out_fwd=-0.994,0.064,-0.087 out_fov=1.2364
client level=warn t=1451968 ev=vr.pad stats injected=4 held=0 mouse=0,0 move=0.00,0.00 turn=0.00,0.00 trig=0.00,0.00 buttons=0x0
client level=warn t=1454187 ev=vr.weapon callers path=getter D5D832:0 B363FA:540 B3598D:180 B40A78:0
client level=warn t=1454187 ev=vr.weapon callers path=ptr D98F49:720 D7FB5C:30 DB8CB6:180 12B0A09:0 16E8861:0 D8F242:0 D8B348:0 D8B9B5:0 12B2284:0 D2F672:0 D8492B:30 D7FF2C:30 F4276C:0 CE3C40:0 1292634:0 B35BEE:180
client level=warn t=1454203 ev=vr.probe pose in_pos=66.39,-11.64,6.81 in_fwd=-0.994,0.064,-0.087 in_fov=1.2364 out_pos=66.39,-11.64,6.81 out_fwd=-0.994,0.064,-0.087 out_fov=1.2364
client level=warn t=1457968 ev=vr.pad stats injected=4 held=0 mouse=0,0 move=0.00,0.00 turn=0.00,0.00 trig=0.00,0.00 buttons=0x0
client level=warn t=1460203 ev=vr.weapon callers path=getter D5D832:0 B363FA:540 B3598D:180 B40A78:0
client level=warn t=1460203 ev=vr.weapon callers path=ptr D98F49:720 D7FB5C:30 DB8CB6:180 12B0A09:0 16E8861:0 D8F242:0 D8B348:0 D8B9B5:0 12B2284:0 D2F672:0 D8492B:30 D7FF2C:30 F4276C:0 CE3C40:0 1292634:0 B35BEE:180
client level=warn t=1460203 ev=vr.probe pose in_pos=66.45,-10.91,6.61 in_fwd=-0.994,0.064,-0.087 in_fov=1.2364 out_pos=66.45,-10.91,6.61 out_fwd=-0.994,0.064,-0.087 out_fov=1.2364
client level=warn t=1463984 ev=vr.pad stats injected=4 held=0 mouse=0,0 move=0.00,0.00 turn=0.00,0.00 trig=0.00,0.00 buttons=0x0
client level=warn t=1466218 ev=vr.weapon callers path=getter D5D832:0 B363FA:540 B3598D:180 B40A78:0
client level=warn t=1466218 ev=vr.weapon callers path=ptr D98F49:720 D7FB5C:30 DB8CB6:180 12B0A09:0 16E8861:0 D8F242:0 D8B348:0 D8B9B5:0 12B2284:0 D2F672:0 D8492B:30 D7FF2C:30 F4276C:0 CE3C40:0 1292634:0 B35BEE:180
client level=warn t=1466218 ev=vr.probe pose in_pos=66.39,-12.03,6.51 in_fwd=-0.994,0.064,-0.087 in_fov=1.2364 out_pos=66.39,-12.03,6.51 out_fwd=-0.994,0.064,-0.087 out_fov=1.2364
client level=warn t=1470000 ev=vr.pad stats injected=4 held=0 mouse=0,0 move=0.00,0.00 turn=0.00,0.00 trig=0.00,0.00 buttons=0x0
client level=warn t=1472218 ev=vr.weapon callers path=getter D5D832:0 B363FA:540 B3598D:180 B40A78:0
client level=warn t=1472218 ev=vr.weapon callers path=ptr D98F49:720 D7FB5C:30 DB8CB6:180 12B0A09:0 16E8861:0 D8F242:0 D8B348:0 D8B9B5:0 12B2284:0 D2F672:0 D8492B:30 D7FF2C:30 F4276C:0 CE3C40:0 1292634:0 B35BEE:180
client level=warn t=1472234 ev=vr.probe pose in_pos=66.38,-11.98,6.71 in_fwd=-0.994,0.064,-0.087 in_fov=1.2364 out_pos=66.38,-11.98,6.71 out_fwd=-0.994,0.064,-0.087 out_fov=1.2364
client level=warn t=1476000 ev=vr.pad stats injected=4 held=0 mouse=0,0 move=0.00,0.00 turn=0.00,0.00 trig=0.00,0.00 buttons=0x0
client level=warn t=1478234 ev=vr.weapon callers path=getter D5D832:0 B363FA:540 B3598D:180 B40A78:0
client level=warn t=1478234 ev=vr.weapon callers path=ptr D98F49:720 D7FB5C:30 DB8CB6:180 12B0A09:0 16E8861:0 D8F242:0 D8B348:0 D8B9B5:0 12B2284:0 D2F672:0 D8492B:30 D7FF2C:30 F4276C:0 CE3C40:0 1292634:0 B35BEE:180
client level=warn t=1478234 ev=vr.probe pose in_pos=66.37,-11.22,7.38 in_fwd=-0.994,0.064,-0.087 in_fov=1.2364 out_pos=66.37,-11.22,7.38 out_fwd=-0.994,0.064,-0.087 out_fov=1.2364
client level=warn t=1482015 ev=vr.pad stats injected=4 held=0 mouse=0,0 move=0.00,0.00 turn=0.00,0.00 trig=0.00,0.00 buttons=0x0
client level=warn t=1484234 ev=vr.weapon callers path=getter D5D832:0 B363FA:540 B3598D:180 B40A78:0
client level=warn t=1484234 ev=vr.weapon callers path=ptr D98F49:720 D7FB5C:30 DB8CB6:180 12B0A09:0 16E8861:0 D8F242:0 D8B348:0 D8B9B5:0 12B2284:0 D2F672:0 D8492B:30 D7FF2C:30 F4276C:0 CE3C40:0 1292634:0 B35BEE:180
client level=warn t=1484250 ev=vr.probe pose in_pos=66.39,-11.63,6.82 in_fwd=-0.994,0.064,-0.087 in_fov=1.2364 out_pos=66.39,-11.63,6.82 out_fwd=-0.994,0.064,-0.087 out_fov=1.2364
client level=warn t=1488015 ev=vr.pad stats injected=4 held=0 mouse=0,0 move=0.00,0.00 turn=0.00,0.00 trig=0.00,0.00 buttons=0x0
client level=warn t=1490250 ev=vr.weapon callers path=getter D5D832:0 B363FA:540 B3598D:180 B40A78:0
client level=warn t=1490250 ev=vr.weapon callers path=ptr D98F49:720 D7FB5C:30 DB8CB6:180 12B0A09:0 16E8861:0 D8F242:0 D8B348:0 D8B9B5:0 12B2284:0 D2F672:0 D8492B:29 D7FF2C:29 F4276C:0 CE3C40:0 1292634:0 B35BEE:180
client level=warn t=1490250 ev=vr.probe pose in_pos=66.45,-10.91,6.61 in_fwd=-0.994,0.064,-0.087 in_fov=1.2364 out_pos=66.45,-10.91,6.61 out_fwd=-0.994,0.064,-0.087 out_fov=1.2364
client level=warn t=1494031 ev=vr.pad stats injected=4 held=0 mouse=0,0 move=0.00,0.00 turn=0.00,0.00 trig=0.00,0.00 buttons=0x0
client level=warn t=1496265 ev=vr.weapon callers path=getter D5D832:0 B363FA:540 B3598D:180 B40A78:0
client level=warn t=1496265 ev=vr.weapon callers path=ptr D98F49:720 D7FB5C:30 DB8CB6:180 12B0A09:0 16E8861:0 D8F242:0 D8B348:0 D8B9B5:0 12B2284:0 D2F672:0 D8492B:30 D7FF2C:30 F4276C:0 CE3C40:0 1292634:0 B35BEE:180
client level=warn t=1496265 ev=vr.probe pose in_pos=66.39,-12.04,6.52 in_fwd=-0.994,0.064,-0.087 in_fov=1.2364 out_pos=66.39,-12.04,6.52 out_fwd=-0.994,0.064,-0.087 out_fov=1.2364
client level=warn t=1500046 ev=vr.pad stats injected=4 held=0 mouse=0,0 move=0.00,0.00 turn=0.00,0.00 trig=0.00,0.00 buttons=0x0
client level=warn t=1502265 ev=vr.weapon callers path=getter D5D832:0 B363FA:540 B3598D:180 B40A78:0
client level=warn t=1502265 ev=vr.weapon callers path=ptr D98F49:720 D7FB5C:29 DB8CB6:180 12B0A09:0 16E8861:0 D8F242:0 D8B348:0 D8B9B5:0 12B2284:0 D2F672:0 D8492B:30 D7FF2C:30 F4276C:0 CE3C40:0 1292634:0 B35BEE:180
client level=warn t=1502281 ev=vr.probe pose in_pos=66.38,-11.97,6.71 in_fwd=-0.994,0.064,-0.087 in_fov=1.2364 out_pos=66.38,-11.97,6.71 out_fwd=-0.994,0.064,-0.087 out_fov=1.2364
client level=warn t=1506046 ev=vr.pad stats injected=4 held=0 mouse=0,0 move=0.00,0.00 turn=0.00,0.00 trig=0.00,0.00 buttons=0x0
client level=warn t=1508281 ev=vr.weapon callers path=getter D5D832:0 B363FA:540 B3598D:180 B40A78:0
client level=warn t=1508281 ev=vr.weapon callers path=ptr D98F49:720 D7FB5C:30 DB8CB6:180 12B0A09:0 16E8861:0 D8F242:0 D8B348:0 D8B9B5:0 12B2284:0 D2F672:0 D8492B:30 D7FF2C:30 F4276C:0 CE3C40:0 1292634:0 B35BEE:180
client level=warn t=1508281 ev=vr.probe pose in_pos=66.37,-11.21,7.36 in_fwd=-0.994,0.064,-0.087 in_fov=1.2364 out_pos=66.37,-11.21,7.36 out_fwd=-0.994,0.064,-0.087 out_fov=1.2364
client level=warn t=1512062 ev=vr.pad stats injected=4 held=0 mouse=0,0 move=0.00,0.00 turn=0.00,0.00 trig=0.00,0.00 buttons=0x0
client level=warn t=1514281 ev=vr.weapon callers path=getter D5D832:0 B363FA:540 B3598D:180 B40A78:0
client level=warn t=1514281 ev=vr.weapon callers path=ptr D98F49:720 D7FB5C:30 DB8CB6:180 12B0A09:0 16E8861:0 D8F242:0 D8B348:0 D8B9B5:0 12B2284:0 D2F672:0 D8492B:30 D7FF2C:30 F4276C:0 CE3C40:0 1292634:0 B35BEE:180
client level=warn t=1514296 ev=vr.probe pose in_pos=66.39,-11.63,6.83 in_fwd=-0.994,0.064,-0.087 in_fov=1.2364 out_pos=66.39,-11.63,6.83 out_fwd=-0.994,0.064,-0.087 out_fov=1.2364
client level=warn t=1518062 ev=vr.pad stats injected=4 held=0 mouse=0,0 move=0.00,0.00 turn=0.00,0.00 trig=0.00,0.00 buttons=0x0
client level=warn t=1518296 ev=vr.weapon block orientation=on
client level=warn t=1518296 ev=vr.weapon rule path=getter targets=D5D832 source=body rvas=1 all=0
client level=warn t=1520296 ev=vr.weapon callers path=getter D5D832:0 B363FA:540 B3598D:180 B40A78:0
client level=warn t=1520296 ev=vr.weapon callers path=ptr D98F49:720 D7FB5C:30 DB8CB6:180 12B0A09:0 16E8861:0 D8F242:0 D8B348:0 D8B9B5:0 12B2284:0 D2F672:0 D8492B:30 D7FF2C:29 F4276C:0 CE3C40:0 1292634:0 B35BEE:180
client level=warn t=1520296 ev=vr.probe pose in_pos=66.45,-10.91,6.60 in_fwd=-0.994,0.064,-0.087 in_fov=1.2364 out_pos=66.45,-10.91,6.60 out_fwd=-0.994,0.064,-0.087 out_fov=1.2364
client level=warn t=1524078 ev=vr.pad stats injected=4 held=0 mouse=0,0 move=0.00,0.00 turn=0.00,0.00 trig=0.00,0.00 buttons=0x0
client level=warn t=1526296 ev=vr.weapon callers path=getter D5D832:0 B363FA:540 B3598D:180 B40A78:0
client level=warn t=1526296 ev=vr.weapon callers path=ptr D98F49:720 D7FB5C:30 DB8CB6:180 12B0A09:0 16E8861:0 D8F242:0 D8B348:0 D8B9B5:0 12B2284:0 D2F672:0 D8492B:30 D7FF2C:30 F4276C:0 CE3C40:0 1292634:0 B35BEE:180
client level=warn t=1526312 ev=vr.probe pose in_pos=66.39,-12.05,6.52 in_fwd=-0.994,0.064,-0.087 in_fov=1.2364 out_pos=66.39,-12.05,6.52 out_fwd=-0.994,0.064,-0.087 out_fov=1.2364
client level=warn t=1530078 ev=vr.pad stats injected=4 held=0 mouse=0,0 move=0.00,0.00 turn=0.00,0.00 trig=0.00,0.00 buttons=0x0
client level=warn t=1532312 ev=vr.weapon callers path=getter D5D832:0 B363FA:540 B3598D:180 B40A78:0
client level=warn t=1532312 ev=vr.weapon callers path=ptr D98F49:720 D7FB5C:30 DB8CB6:180 12B0A09:0 16E8861:0 D8F242:0 D8B348:0 D8B9B5:0 12B2284:0 D2F672:0 D8492B:29 D7FF2C:30 F4276C:0 CE3C40:0 1292634:0 B35BEE:180
client level=warn t=1532312 ev=vr.probe pose in_pos=66.38,-11.97,6.71 in_fwd=-0.994,0.064,-0.087 in_fov=1.2364 out_pos=66.38,-11.97,6.71 out_fwd=-0.994,0.064,-0.087 out_fov=1.2364
client level=warn t=1536093 ev=vr.pad stats injected=4 held=0 mouse=0,0 move=0.00,0.00 turn=0.00,0.00 trig=0.00,0.00 buttons=0x0
client level=warn t=1538328 ev=vr.weapon callers path=getter D5D832:0 B363FA:540 B3598D:180 B40A78:0
client level=warn t=1538328 ev=vr.weapon callers path=ptr D98F49:720 D7FB5C:29 DB8CB6:180 12B0A09:0 16E8861:0 D8F242:0 D8B348:0 D8B9B5:0 12B2284:0 D2F672:0 D8492B:30 D7FF2C:30 F4276C:0 CE3C40:0 1292634:0 B35BEE:180
client level=warn t=1538328 ev=vr.probe pose in_pos=66.37,-11.21,7.35 in_fwd=-0.994,0.064,-0.087 in_fov=1.2364 out_pos=66.37,-11.21,7.35 out_fwd=-0.994,0.064,-0.087 out_fov=1.2364
client level=warn t=1542109 ev=vr.pad stats injected=4 held=0 mouse=0,0 move=0.00,0.00 turn=0.00,0.00 trig=0.00,0.00 buttons=0x0
client level=warn t=1544328 ev=vr.weapon callers path=getter D5D832:0 B363FA:540 B3598D:180 B40A78:0
client level=warn t=1544328 ev=vr.weapon callers path=ptr D98F49:720 D7FB5C:30 DB8CB6:180 12B0A09:0 16E8861:0 D8F242:0 D8B348:0 D8B9B5:0 12B2284:0 D2F672:0 D8492B:30 D7FF2C:30 F4276C:0 CE3C40:0 1292634:0 B35BEE:180
client level=warn t=1544343 ev=vr.probe pose in_pos=66.39,-11.63,6.84 in_fwd=-0.994,0.064,-0.087 in_fov=1.2364 out_pos=66.39,-11.63,6.84 out_fwd=-0.994,0.064,-0.087 out_fov=1.2364
client level=warn t=1548109 ev=vr.pad stats injected=4 held=0 mouse=0,0 move=0.00,0.00 turn=0.00,0.00 trig=0.00,0.00 buttons=0x0
client level=warn t=1550343 ev=vr.weapon callers path=getter D5D832:0 B363FA:540 B3598D:180 B40A78:0
client level=warn t=1550343 ev=vr.weapon callers path=ptr D98F49:720 D7FB5C:30 DB8CB6:180 12B0A09:0 16E8861:0 D8F242:0 D8B348:0 D8B9B5:0 12B2284:0 D2F672:0 D8492B:30 D7FF2C:30 F4276C:0 CE3C40:0 1292634:0 B35BEE:180
client level=warn t=1550343 ev=vr.probe pose in_pos=66.45,-10.91,6.60 in_fwd=-0.994,0.064,-0.087 in_fov=1.2364 out_pos=66.45,-10.91,6.60 out_fwd=-0.994,0.064,-0.087 out_fov=1.2364
client level=warn t=1554125 ev=vr.pad stats injected=4 held=0 mouse=0,0 move=0.00,0.00 turn=0.00,0.00 trig=0.00,0.00 buttons=0x0
client level=warn t=1556343 ev=vr.weapon callers path=getter D5D832:0 B363FA:540 B3598D:180 B40A78:0
client level=warn t=1556343 ev=vr.weapon callers path=ptr D98F49:720 D7FB5C:30 DB8CB6:180 12B0A09:0 16E8861:0 D8F242:0 D8B348:0 D8B9B5:0 12B2284:0 D2F672:0 D8492B:30 D7FF2C:30 F4276C:0 CE3C40:0 1292634:0 B35BEE:180
client level=warn t=1556359 ev=vr.probe pose in_pos=66.39,-12.06,6.53 in_fwd=-0.994,0.064,-0.087 in_fov=1.2364 out_pos=66.39,-12.06,6.53 out_fwd=-0.994,0.064,-0.087 out_fov=1.2364
client level=warn t=1560125 ev=vr.pad stats injected=4 held=0 mouse=0,0 move=0.00,0.00 turn=0.00,0.00 trig=0.00,0.00 buttons=0x0
client level=warn t=1562359 ev=vr.weapon callers path=getter D5D832:0 B363FA:540 B3598D:180 B40A78:0
client level=warn t=1562359 ev=vr.weapon callers path=ptr D98F49:720 D7FB5C:30 DB8CB6:180 12B0A09:0 16E8861:0 D8F242:0 D8B348:0 D8B9B5:0 12B2284:0 D2F672:0 D8492B:30 D7FF2C:30 F4276C:0 CE3C40:0 1292634:0 B35BEE:180
client level=warn t=1562359 ev=vr.probe pose in_pos=66.38,-11.96,6.71 in_fwd=-0.994,0.064,-0.087 in_fov=1.2364 out_pos=66.38,-11.96,6.71 out_fwd=-0.994,0.064,-0.087 out_fov=1.2364
client level=warn t=1566140 ev=vr.pad stats injected=4 held=0 mouse=0,0 move=0.00,0.00 turn=0.00,0.00 trig=0.00,0.00 buttons=0x0
client level=warn t=1568359 ev=vr.weapon callers path=getter D5D832:0 B363FA:540 B3598D:180 B40A78:0
client level=warn t=1568359 ev=vr.weapon callers path=ptr D98F49:720 D7FB5C:29 DB8CB6:180 12B0A09:0 16E8861:0 D8F242:0 D8B348:0 D8B9B5:0 12B2284:0 D2F672:0 D8492B:29 D7FF2C:29 F4276C:0 CE3C40:0 1292634:0 B35BEE:180
client level=warn t=1568375 ev=vr.probe pose in_pos=66.37,-11.21,7.34 in_fwd=-0.994,0.064,-0.087 in_fov=1.2364 out_pos=66.37,-11.21,7.34 out_fwd=-0.994,0.064,-0.087 out_fov=1.2364
client level=warn t=1572140 ev=vr.pad stats injected=4 held=0 mouse=0,0 move=0.00,0.00 turn=0.00,0.00 trig=0.00,0.00 buttons=0x0
client level=warn t=1574375 ev=vr.weapon callers path=getter D5D832:0 B363FA:540 B3598D:180 B40A78:0
client level=warn t=1574375 ev=vr.weapon callers path=ptr D98F49:720 D7FB5C:30 DB8CB6:180 12B0A09:0 16E8861:0 D8F242:0 D8B348:0 D8B9B5:0 12B2284:0 D2F672:0 D8492B:30 D7FF2C:30 F4276C:0 CE3C40:0 1292634:0 B35BEE:180
client level=warn t=1574375 ev=vr.probe pose in_pos=66.39,-11.63,6.85 in_fwd=-0.994,0.064,-0.087 in_fov=1.2364 out_pos=66.39,-11.63,6.85 out_fwd=-0.994,0.064,-0.087 out_fov=1.2364
client level=warn t=1578156 ev=vr.pad stats injected=4 held=0 mouse=0,0 move=0.00,0.00 turn=0.00,0.00 trig=0.00,0.00 buttons=0x0
client level=warn t=1580375 ev=vr.weapon callers path=getter D5D832:0 B363FA:540 B3598D:180 B40A78:0
client level=warn t=1580375 ev=vr.weapon callers path=ptr D98F49:720 D7FB5C:30 DB8CB6:180 12B0A09:0 16E8861:0 D8F242:0 D8B348:0 D8B9B5:0 12B2284:0 D2F672:0 D8492B:30 D7FF2C:30 F4276C:0 CE3C40:0 1292634:0 B35BEE:180
client level=warn t=1580390 ev=vr.probe pose in_pos=66.45,-10.91,6.59 in_fwd=-0.994,0.064,-0.087 in_fov=1.2364 out_pos=66.45,-10.91,6.59 out_fwd=-0.994,0.064,-0.087 out_fov=1.2364
client level=warn t=1584156 ev=vr.pad stats injected=4 held=0 mouse=0,0 move=0.00,0.00 turn=0.00,0.00 trig=0.00,0.00 buttons=0x0
client level=warn t=1586390 ev=vr.weapon callers path=getter D5D832:0 B363FA:540 B3598D:180 B40A78:0
client level=warn t=1586390 ev=vr.weapon callers path=ptr D98F49:720 D7FB5C:30 DB8CB6:180 12B0A09:0 16E8861:0 D8F242:0 D8B348:0 D8B9B5:0 12B2284:0 D2F672:0 D8492B:30 D7FF2C:30 F4276C:0 CE3C40:0 1292634:0 B35BEE:180
client level=warn t=1586390 ev=vr.probe pose in_pos=66.39,-12.07,6.53 in_fwd=-0.994,0.064,-0.087 in_fov=1.2364 out_pos=66.39,-12.07,6.53 out_fwd=-0.994,0.064,-0.087 out_fov=1.2364
client level=warn t=1590171 ev=vr.pad stats injected=4 held=0 mouse=0,0 move=0.00,0.00 turn=0.00,0.00 trig=0.00,0.00 buttons=0x0
client level=warn t=1592390 ev=vr.weapon callers path=getter D5D832:0 B363FA:540 B3598D:180 B40A78:0
client level=warn t=1592390 ev=vr.weapon callers path=ptr D98F49:720 D7FB5C:30 DB8CB6:180 12B0A09:0 16E8861:0 D8F242:0 D8B348:0 D8B9B5:0 12B2284:0 D2F672:0 D8492B:30 D7FF2C:30 F4276C:0 CE3C40:0 1292634:0 B35BEE:180
client level=warn t=1592406 ev=vr.probe pose in_pos=66.38,-11.96,6.71 in_fwd=-0.994,0.064,-0.087 in_fov=1.2364 out_pos=66.38,-11.96,6.71 out_fwd=-0.994,0.064,-0.087 out_fov=1.2364
client level=warn t=1596171 ev=vr.pad stats injected=4 held=0 mouse=0,0 move=0.00,0.00 turn=0.00,0.00 trig=0.00,0.00 buttons=0x0
client level=warn t=1598406 ev=vr.weapon callers path=getter D5D832:0 B363FA:540 B3598D:180 B40A78:0
client level=warn t=1598406 ev=vr.weapon callers path=ptr D98F49:720 D7FB5C:30 DB8CB6:180 12B0A09:0 16E8861:0 D8F242:0 D8B348:0 D8B9B5:0 12B2284:0 D2F672:0 D8492B:30 D7FF2C:30 F4276C:0 CE3C40:0 1292634:0 B35BEE:180
client level=warn t=1598406 ev=vr.probe pose in_pos=66.37,-11.20,7.33 in_fwd=-0.994,0.064,-0.087 in_fov=1.2364 out_pos=66.37,-11.20,7.33 out_fwd=-0.994,0.064,-0.087 out_fov=1.2364
client level=warn t=1602187 ev=vr.pad stats injected=4 held=0 mouse=0,0 move=0.00,0.00 turn=0.00,0.00 trig=0.00,0.00 buttons=0x0
client level=warn t=1604406 ev=vr.weapon callers path=getter D5D832:0 B363FA:540 B3598D:180 B40A78:0
client level=warn t=1604406 ev=vr.weapon callers path=ptr D98F49:720 D7FB5C:30 DB8CB6:180 12B0A09:0 16E8861:0 D8F242:0 D8B348:0 D8B9B5:0 12B2284:0 D2F672:0 D8492B:30 D7FF2C:29 F4276C:0 CE3C40:0 1292634:0 B35BEE:180
client level=warn t=1604421 ev=vr.probe pose in_pos=66.39,-11.63,6.85 in_fwd=-0.994,0.064,-0.087 in_fov=1.2364 out_pos=66.39,-11.63,6.85 out_fwd=-0.994,0.064,-0.087 out_fov=1.2364
client level=warn t=1608187 ev=vr.pad stats injected=4 held=0 mouse=0,0 move=0.00,0.00 turn=0.00,0.00 trig=0.00,0.00 buttons=0x0
client level=warn t=1610421 ev=vr.weapon callers path=getter D5D832:0 B363FA:540 B3598D:180 B40A78:0
client level=warn t=1610421 ev=vr.weapon callers path=ptr D98F49:720 D7FB5C:30 DB8CB6:180 12B0A09:0 16E8861:0 D8F242:0 D8B348:0 D8B9B5:0 12B2284:0 D2F672:0 D8492B:30 D7FF2C:30 F4276C:0 CE3C40:0 1292634:0 B35BEE:180
client level=warn t=1610421 ev=vr.probe pose in_pos=66.46,-10.90,6.59 in_fwd=-0.994,0.064,-0.087 in_fov=1.2364 out_pos=66.46,-10.90,6.59 out_fwd=-0.994,0.064,-0.087 out_fov=1.2364
client level=warn t=1614203 ev=vr.pad stats injected=4 held=0 mouse=0,0 move=0.00,0.00 turn=0.00,0.00 trig=0.00,0.00 buttons=0x0
client level=warn t=1616421 ev=vr.weapon callers path=getter D5D832:0 B363FA:540 B3598D:180 B40A78:0
client level=warn t=1616421 ev=vr.weapon callers path=ptr D98F49:720 D7FB5C:29 DB8CB6:180 12B0A09:0 16E8861:0 D8F242:0 D8B348:0 D8B9B5:0 12B2284:0 D2F672:0 D8492B:29 D7FF2C:30 F4276C:0 CE3C40:0 1292634:0 B35BEE:180
client level=warn t=1616437 ev=vr.probe pose in_pos=66.38,-12.08,6.54 in_fwd=-0.994,0.064,-0.087 in_fov=1.2364 out_pos=66.38,-12.08,6.54 out_fwd=-0.994,0.064,-0.087 out_fov=1.2364
client level=warn t=1620203 ev=vr.pad stats injected=4 held=0 mouse=0,0 move=0.00,0.00 turn=0.00,0.00 trig=0.00,0.00 buttons=0x0
client level=warn t=1622437 ev=vr.weapon callers path=getter D5D832:0 B363FA:540 B3598D:180 B40A78:0
client level=warn t=1622437 ev=vr.weapon callers path=ptr D98F49:720 D7FB5C:30 DB8CB6:180 12B0A09:0 16E8861:0 D8F242:0 D8B348:0 D8B9B5:0 12B2284:0 D2F672:0 D8492B:30 D7FF2C:30 F4276C:0 CE3C40:0 1292634:0 B35BEE:180
client level=warn t=1622437 ev=vr.probe pose in_pos=66.38,-11.95,6.71 in_fwd=-0.994,0.064,-0.087 in_fov=1.2364 out_pos=66.38,-11.95,6.71 out_fwd=-0.994,0.064,-0.087 out_fov=1.2364
client level=warn t=1626218 ev=vr.pad stats injected=4 held=0 mouse=0,0 move=0.00,0.00 turn=0.00,0.00 trig=0.00,0.00 buttons=0x0
client level=warn t=1628437 ev=vr.weapon callers path=getter D5D832:0 B363FA:540 B3598D:180 B40A78:0
client level=warn t=1628437 ev=vr.weapon callers path=ptr D98F49:720 D7FB5C:30 DB8CB6:180 12B0A09:0 16E8861:0 D8F242:0 D8B348:0 D8B9B5:0 12B2284:0 D2F672:0 D8492B:30 D7FF2C:30 F4276C:0 CE3C40:0 1292634:0 B35BEE:180
client level=warn t=1628453 ev=vr.probe pose in_pos=66.37,-11.20,7.32 in_fwd=-0.994,0.064,-0.087 in_fov=1.2364 out_pos=66.37,-11.20,7.32 out_fwd=-0.994,0.064,-0.087 out_fov=1.2364
client level=warn t=1632218 ev=vr.pad stats injected=4 held=0 mouse=0,0 move=0.00,0.00 turn=0.00,0.00 trig=0.00,0.00 buttons=0x0
client level=warn t=1634453 ev=vr.weapon callers path=getter D5D832:0 B363FA:540 B3598D:180 B40A78:0
client level=warn t=1634453 ev=vr.weapon callers path=ptr D98F49:720 D7FB5C:30 DB8CB6:180 12B0A09:0 16E8861:0 D8F242:0 D8B348:0 D8B9B5:0 12B2284:0 D2F672:0 D8492B:29 D7FF2C:29 F4276C:0 CE3C40:0 1292634:0 B35BEE:180
client level=warn t=1634453 ev=vr.probe pose in_pos=66.38,-11.63,6.86 in_fwd=-0.994,0.064,-0.087 in_fov=1.2364 out_pos=66.38,-11.63,6.86 out_fwd=-0.994,0.064,-0.087 out_fov=1.2364
client level=warn t=1638234 ev=vr.pad stats injected=4 held=0 mouse=0,0 move=0.00,0.00 turn=0.00,0.00 trig=0.00,0.00 buttons=0x0
client level=warn t=1640468 ev=vr.weapon callers path=getter D5D832:0 B363FA:540 B3598D:180 B40A78:0
client level=warn t=1640468 ev=vr.weapon callers path=ptr D98F49:720 D7FB5C:29 DB8CB6:180 12B0A09:0 16E8861:0 D8F242:0 D8B348:0 D8B9B5:0 12B2284:0 D2F672:0 D8492B:30 D7FF2C:30 F4276C:0 CE3C40:0 1292634:0 B35BEE:180
client level=warn t=1640468 ev=vr.probe pose in_pos=66.46,-10.90,6.59 in_fwd=-0.994,0.064,-0.087 in_fov=1.2364 out_pos=66.46,-10.90,6.59 out_fwd=-0.994,0.064,-0.087 out_fov=1.2364
client level=warn t=1644250 ev=vr.pad stats injected=4 held=0 mouse=0,0 move=0.00,0.00 turn=0.00,0.00 trig=0.00,0.00 buttons=0x0
client level=warn t=1646468 ev=vr.weapon callers path=getter D5D832:0 B363FA:540 B3598D:180 B40A78:0
client level=warn t=1646468 ev=vr.weapon callers path=ptr D98F49:720 D7FB5C:30 DB8CB6:180 12B0A09:0 16E8861:0 D8F242:0 D8B348:0 D8B9B5:0 12B2284:0 D2F672:0 D8492B:30 D7FF2C:30 F4276C:0 CE3C40:0 1292634:0 B35BEE:180
client level=warn t=1646484 ev=vr.probe pose in_pos=66.38,-12.09,6.54 in_fwd=-0.994,0.064,-0.087 in_fov=1.2364 out_pos=66.38,-12.09,6.54 out_fwd=-0.994,0.064,-0.087 out_fov=1.2364
client level=warn t=1650250 ev=vr.pad stats injected=4 held=0 mouse=0,0 move=0.00,0.00 turn=0.00,0.00 trig=0.00,0.00 buttons=0x0
client level=warn t=1652484 ev=vr.weapon callers path=getter D5D832:0 B363FA:540 B3598D:180 B40A78:0
client level=warn t=1652484 ev=vr.weapon callers path=ptr D98F49:720 D7FB5C:30 DB8CB6:180 12B0A09:0 16E8861:0 D8F242:0 D8B348:0 D8B9B5:0 12B2284:0 D2F672:0 D8492B:30 D7FF2C:30 F4276C:0 CE3C40:0 1292634:0 B35BEE:180
client level=warn t=1652484 ev=vr.probe pose in_pos=66.38,-11.95,6.71 in_fwd=-0.994,0.064,-0.087 in_fov=1.2364 out_pos=66.38,-11.95,6.71 out_fwd=-0.994,0.064,-0.087 out_fov=1.2364
client level=warn t=1654156 ev=vr.pad stats injected=4 held=0 mouse=0,0 move=0.00,0.00 turn=0.00,0.00 trig=0.00,0.00 buttons=0x0
client level=warn t=1654890 ev=vr.weapon callers path=getter D5D832:0 B363FA:540 B3598D:180 B40A78:0
client level=warn t=1654890 ev=vr.weapon callers path=ptr D98F49:720 D7FB5C:22 DB8CB6:180 12B0A09:0 16E8861:0 D8F242:0 D8B348:0 D8B9B5:0 12B2284:0 D2F672:0 D8492B:22 D7FF2C:22 F4276C:0 CE3C40:0 1292634:0 B35BEE:180
client level=warn t=1654890 ev=vr.probe pose in_pos=66.33,-11.61,7.52 in_fwd=-0.994,0.064,-0.087 in_fov=1.2364 out_pos=66.33,-11.61,7.52 out_fwd=-0.994,0.064,-0.087 out_fov=1.2364
client level=warn t=1656078 ev=vr.pad stats injected=4 held=0 mouse=0,0 move=0.00,0.00 turn=0.00,0.00 trig=0.00,0.00 buttons=0x0
client level=warn t=1656765 ev=vr.weapon callers path=getter D5D832:0 B363FA:540 B3598D:180 B40A78:0
client level=warn t=1656765 ev=vr.weapon callers path=ptr D98F49:720 D7FB5C:26 DB8CB6:180 12B0A09:0 16E8861:0 D8F242:0 D8B348:0 D8B9B5:0 12B2284:0 D2F672:0 D8492B:26 D7FF2C:26 F4276C:0 CE3C40:0 1292634:0 B35BEE:180
client level=warn t=1656765 ev=vr.probe pose in_pos=66.32,-11.38,7.79 in_fwd=-0.994,0.064,-0.087 in_fov=1.2364 out_pos=66.32,-11.38,7.79 out_fwd=-0.994,0.064,-0.087 out_fov=1.2364
client level=warn t=1657937 ev=vr.pad stats injected=4 held=0 mouse=0,0 move=0.00,0.00 turn=0.00,0.00 trig=0.00,0.00 buttons=0x0
client level=warn t=1658625 ev=vr.weapon callers path=getter D5D832:0 B363FA:540 B3598D:180 B40A78:0
client level=warn t=1658625 ev=vr.weapon callers path=ptr D98F49:720 D7FB5C:27 DB8CB6:180 12B0A09:0 16E8861:0 D8F242:0 D8B348:0 D8B9B5:0 12B2284:0 D2F672:0 D8492B:26 D7FF2C:26 F4276C:0 CE3C40:0 1292634:0 B35BEE:180
client level=warn t=1658640 ev=vr.probe pose in_pos=66.38,-11.18,7.26 in_fwd=-0.994,0.064,-0.087 in_fov=1.2364 out_pos=66.38,-11.18,7.26 out_fwd=-0.994,0.064,-0.087 out_fov=1.2364
client level=warn t=1659812 ev=vr.pad stats injected=4 held=0 mouse=0,0 move=0.00,0.00 turn=0.00,0.00 trig=0.00,0.00 buttons=0x0
client level=warn t=1660515 ev=vr.weapon callers path=getter D5D832:0 B363FA:540 B3598D:180 B40A78:0
client level=warn t=1660515 ev=vr.weapon callers path=ptr D98F49:720 D7FB5C:27 DB8CB6:180 12B0A09:0 16E8861:0 D8F242:0 D8B348:0 D8B9B5:0 12B2284:0 D2F672:0 D8492B:28 D7FF2C:28 F4276C:0 CE3C40:0 1292634:0 B35BEE:180
client level=warn t=1660515 ev=vr.probe pose in_pos=66.39,-11.33,7.00 in_fwd=-0.994,0.064,-0.087 in_fov=1.2364 out_pos=66.39,-11.33,7.00 out_fwd=-0.994,0.064,-0.087 out_fov=1.2364
client level=warn t=1661703 ev=vr.pad stats injected=4 held=0 mouse=0,0 move=0.00,0.00 turn=0.00,0.00 trig=0.00,0.00 buttons=0x0
client level=warn t=1662390 ev=vr.weapon callers path=getter D5D832:0 B363FA:540 B3598D:180 B40A78:0
client level=warn t=1662390 ev=vr.weapon callers path=ptr D98F49:720 D7FB5C:27 DB8CB6:180 12B0A09:0 16E8861:0 D8F242:0 D8B348:0 D8B9B5:0 12B2284:0 D2F672:0 D8492B:27 D7FF2C:27 F4276C:0 CE3C40:0 1292634:0 B35BEE:180
client level=warn t=1662390 ev=vr.probe pose in_pos=66.41,-11.64,6.62 in_fwd=-0.994,0.064,-0.087 in_fov=1.2364 out_pos=66.41,-11.64,6.62 out_fwd=-0.994,0.064,-0.087 out_fov=1.2364
client level=warn t=1663593 ev=vr.pad stats injected=4 held=0 mouse=0,0 move=0.00,0.00 turn=0.00,0.00 trig=0.00,0.00 buttons=0x0
client level=warn t=1664281 ev=vr.weapon callers path=getter D5D832:0 B363FA:540 B3598D:180 B40A78:0
client level=warn t=1664281 ev=vr.weapon callers path=ptr D98F49:720 D7FB5C:28 DB8CB6:180 12B0A09:0 16E8861:0 D8F242:0 D8B348:0 D8B9B5:0 12B2284:0 D2F672:0 D8492B:28 D7FF2C:28 F4276C:0 CE3C40:0 1292634:0 B35BEE:180
client level=warn t=1664281 ev=vr.probe pose in_pos=66.39,-11.63,6.84 in_fwd=-0.994,0.064,-0.087 in_fov=1.2364 out_pos=66.39,-11.63,6.84 out_fwd=-0.994,0.064,-0.087 out_fov=1.2364
client level=warn t=1665484 ev=vr.pad stats injected=4 held=0 mouse=0,0 move=0.00,0.00 turn=0.00,0.00 trig=0.00,0.00 buttons=0x0
client level=warn t=1666171 ev=vr.weapon callers path=getter D5D832:0 B363FA:540 B3598D:180 B40A78:0
client level=warn t=1666171 ev=vr.weapon callers path=ptr D98F49:720 D7FB5C:28 DB8CB6:180 12B0A09:0 16E8861:0 D8F242:0 D8B348:0 D8B9B5:0 12B2284:0 D2F672:0 D8492B:28 D7FF2C:28 F4276C:0 CE3C40:0 1292634:0 B35BEE:180
client level=warn t=1666171 ev=vr.probe pose in_pos=66.37,-11.56,7.10 in_fwd=-0.994,0.064,-0.087 in_fov=1.2364 out_pos=66.37,-11.56,7.10 out_fwd=-0.994,0.064,-0.087 out_fov=1.2364
client level=warn t=1667343 ev=vr.pad stats injected=4 held=0 mouse=0,0 move=0.00,0.00 turn=0.00,0.00 trig=0.00,0.00 buttons=0x0
client level=warn t=1668046 ev=vr.weapon callers path=getter D5D832:0 B363FA:540 B3598D:180 B40A78:0
client level=warn t=1668046 ev=vr.weapon callers path=ptr D98F49:720 D7FB5C:26 DB8CB6:180 12B0A09:0 16E8861:0 D8F242:0 D8B348:0 D8B9B5:0 12B2284:0 D2F672:0 D8492B:26 D7FF2C:26 F4276C:0 CE3C40:0 1292634:0 B35BEE:180
client level=warn t=1668062 ev=vr.probe pose in_pos=66.40,-11.26,6.93 in_fwd=-0.994,0.064,-0.087 in_fov=1.2364 out_pos=66.40,-11.26,6.93 out_fwd=-0.994,0.064,-0.087 out_fov=1.2364
client level=warn t=1669312 ev=vr.pad stats injected=4 held=0 mouse=0,0 move=0.00,0.00 turn=0.00,0.00 trig=0.00,0.00 buttons=0x0
client level=warn t=1670031 ev=vr.weapon callers path=getter D5D832:0 B363FA:540 B3598D:180 B40A78:0
client level=warn t=1670031 ev=vr.weapon callers path=ptr D98F49:720 D7FB5C:22 DB8CB6:180 12B0A09:0 16E8861:0 D8F242:0 D8B348:0 D8B9B5:0 12B2284:0 D2F672:0 D8492B:22 D7FF2C:22 F4276C:0 CE3C40:0 1292634:0 B35BEE:180
client level=warn t=1670046 ev=vr.probe pose in_pos=66.45,-10.92,6.63 in_fwd=-0.994,0.064,-0.087 in_fov=1.2364 out_pos=66.45,-10.92,6.63 out_fwd=-0.994,0.064,-0.087 out_fov=1.2364
client level=warn t=1671218 ev=vr.pad stats injected=4 held=0 mouse=0,0 move=0.00,0.00 turn=0.00,0.00 trig=0.00,0.00 buttons=0x0
client level=warn t=1671953 ev=vr.weapon callers path=getter D5D832:0 B363FA:540 B3598D:180 B40A78:0
client level=warn t=1671953 ev=vr.weapon callers path=ptr D98F49:720 D7FB5C:17 DB8CB6:180 12B0A09:0 16E8861:0 D8F242:0 D8B348:0 D8B9B5:0 12B2284:0 D2F672:0 D8492B:17 D7FF2C:17 F4276C:0 CE3C40:0 1292634:0 B35BEE:180
client level=warn t=1671968 ev=vr.probe pose in_pos=66.46,-11.04,6.45 in_fwd=-0.994,0.064,-0.087 in_fov=1.2364 out_pos=66.46,-11.04,6.45 out_fwd=-0.994,0.064,-0.087 out_fov=1.2364
client level=warn t=1673156 ev=vr.pad stats injected=4 held=0 mouse=0,0 move=0.00,0.00 turn=0.00,0.00 trig=0.00,0.00 buttons=0x0
client level=warn t=1673859 ev=vr.weapon callers path=getter D5D832:0 B363FA:540 B3598D:180 B40A78:0
client level=warn t=1673859 ev=vr.weapon callers path=ptr D98F49:720 D7FB5C:27 DB8CB6:180 12B0A09:0 16E8861:0 D8F242:0 D8B348:0 D8B9B5:0 12B2284:0 D2F672:0 D8492B:27 D7FF2C:27 F4276C:0 CE3C40:0 1292634:0 B35BEE:180
client level=warn t=1673859 ev=vr.probe pose in_pos=66.44,-11.44,6.36 in_fwd=-0.994,0.064,-0.087 in_fov=1.2364 out_pos=66.44,-11.44,6.36 out_fwd=-0.994,0.064,-0.087 out_fov=1.2364
client level=warn t=1675062 ev=vr.pad stats injected=4 held=0 mouse=0,0 move=0.00,0.00 turn=0.00,0.00 trig=0.00,0.00 buttons=0x0
client level=warn t=1675765 ev=vr.weapon callers path=getter D5D832:0 B363FA:540 B3598D:180 B40A78:0
client level=warn t=1675765 ev=vr.weapon callers path=ptr D98F49:720 D7FB5C:26 DB8CB6:180 12B0A09:0 16E8861:0 D8F242:0 D8B348:0 D8B9B5:0 12B2284:0 D2F672:0 D8492B:26 D7FF2C:25 F4276C:0 CE3C40:0 1292634:0 B35BEE:180
client level=warn t=1675781 ev=vr.probe pose in_pos=66.40,-11.92,6.47 in_fwd=-0.994,0.064,-0.087 in_fov=1.2364 out_pos=66.40,-11.92,6.47 out_fwd=-0.994,0.064,-0.087 out_fov=1.2364
client level=warn t=1677000 ev=vr.pad stats injected=4 held=0 mouse=0,0 move=0.00,0.00 turn=0.00,0.00 trig=0.00,0.00 buttons=0x0
client level=warn t=1677718 ev=vr.weapon callers path=getter D5D832:0 B363FA:540 B3598D:180 B40A78:0
client level=warn t=1677718 ev=vr.weapon callers path=ptr D98F49:720 D7FB5C:22 DB8CB6:180 12B0A09:0 16E8861:0 D8F242:0 D8B348:0 D8B9B5:0 12B2284:0 D2F672:0 D8492B:21 D7FF2C:22 F4276C:0 CE3C40:0 1292634:0 B35BEE:180
client level=warn t=1677718 ev=vr.probe pose in_pos=66.35,-12.39,6.69 in_fwd=-0.994,0.064,-0.087 in_fov=1.2364 out_pos=66.35,-12.39,6.69 out_fwd=-0.994,0.064,-0.087 out_fov=1.2364
client level=warn t=1678953 ev=vr.pad stats injected=4 held=0 mouse=0,0 move=0.00,0.00 turn=0.00,0.00 trig=0.00,0.00 buttons=0x0
client level=warn t=1679640 ev=vr.weapon callers path=getter D5D832:0 B363FA:540 B3598D:180 B40A78:0
client level=warn t=1679640 ev=vr.weapon callers path=ptr D98F49:720 D7FB5C:19 DB8CB6:180 12B0A09:0 16E8861:0 D8F242:0 D8B348:0 D8B9B5:0 12B2284:0 D2F672:0 D8492B:20 D7FF2C:20 F4276C:0 CE3C40:0 1292634:0 B35BEE:180
client level=warn t=1679656 ev=vr.probe pose in_pos=66.35,-12.38,6.72 in_fwd=-0.994,0.064,-0.087 in_fov=1.2364 out_pos=66.35,-12.38,6.72 out_fwd=-0.994,0.064,-0.087 out_fov=1.2364
client level=warn t=1680828 ev=vr.pad stats injected=4 held=0 mouse=0,0 move=0.00,0.00 turn=0.00,0.00 trig=0.00,0.00 buttons=0x0
client level=warn t=1681546 ev=vr.weapon callers path=getter D5D832:0 B363FA:540 B3598D:180 B40A78:0
client level=warn t=1681546 ev=vr.weapon callers path=ptr D98F49:720 D7FB5C:24 DB8CB6:180 12B0A09:0 16E8861:0 D8F242:0 D8B348:0 D8B9B5:0 12B2284:0 D2F672:0 D8492B:24 D7FF2C:24 F4276C:0 CE3C40:0 1292634:0 B35BEE:180
client level=warn t=1681546 ev=vr.probe pose in_pos=66.37,-12.08,6.71 in_fwd=-0.994,0.064,-0.087 in_fov=1.2364 out_pos=66.37,-12.08,6.71 out_fwd=-0.994,0.064,-0.087 out_fov=1.2364
client level=warn t=1683531 ev=vr.pad stats injected=4 held=0 mouse=0,0 move=0.00,0.00 turn=0.00,0.00 trig=0.00,0.00 buttons=0x0
client level=warn t=1685765 ev=vr.weapon callers path=getter D5D832:0 B363FA:540 B3598D:180 B40A78:0
client level=warn t=1685765 ev=vr.weapon callers path=ptr D98F49:720 D7FB5C:26 DB8CB6:180 12B0A09:0 16E8861:0 D8F242:0 D8B348:0 D8B9B5:0 12B2284:0 D2F672:0 D8492B:26 D7FF2C:25 F4276C:0 CE3C40:0 1292634:0 B35BEE:180
client level=warn t=1685765 ev=vr.probe pose in_pos=66.31,-11.51,7.79 in_fwd=-0.994,0.064,-0.087 in_fov=1.2364 out_pos=66.31,-11.51,7.79 out_fwd=-0.994,0.064,-0.087 out_fov=1.2364
client level=warn t=1689546 ev=vr.pad stats injected=4 held=0 mouse=0,0 move=0.00,0.00 turn=0.00,0.00 trig=0.00,0.00 buttons=0x0
client level=warn t=1691765 ev=vr.weapon callers path=getter D5D832:0 B363FA:540 B3598D:180 B40A78:0
client level=warn t=1691765 ev=vr.weapon callers path=ptr D98F49:720 D7FB5C:30 DB8CB6:180 12B0A09:0 16E8861:0 D8F242:0 D8B348:0 D8B9B5:0 12B2284:0 D2F672:0 D8492B:30 D7FF2C:30 F4276C:0 CE3C40:0 1292634:0 B35BEE:180
client level=warn t=1691781 ev=vr.probe pose in_pos=66.40,-11.57,6.71 in_fwd=-0.994,0.064,-0.087 in_fov=1.2364 out_pos=66.40,-11.57,6.71 out_fwd=-0.994,0.064,-0.087 out_fov=1.2364
client level=warn t=1695546 ev=vr.pad stats injected=4 held=0 mouse=0,0 move=0.00,0.00 turn=0.00,0.00 trig=0.00,0.00 buttons=0x0
client level=warn t=1697781 ev=vr.weapon callers path=getter D5D832:0 B363FA:540 B3598D:180 B40A78:0
client level=warn t=1697781 ev=vr.weapon callers path=ptr D98F49:720 D7FB5C:30 DB8CB6:180 12B0A09:0 16E8861:0 D8F242:0 D8B348:0 D8B9B5:0 12B2284:0 D2F672:0 D8492B:30 D7FF2C:30 F4276C:0 CE3C40:0 1292634:0 B35BEE:180
client level=warn t=1697781 ev=vr.probe pose in_pos=66.39,-11.33,6.98 in_fwd=-0.994,0.064,-0.087 in_fov=1.2364 out_pos=66.39,-11.33,6.98 out_fwd=-0.994,0.064,-0.087 out_fov=1.2364
client level=warn t=1701562 ev=vr.pad stats injected=4 held=0 mouse=0,0 move=0.00,0.00 turn=0.00,0.00 trig=0.00,0.00 buttons=0x0
client level=warn t=1703781 ev=vr.weapon callers path=getter D5D832:0 B363FA:540 B3598D:180 B40A78:0
client level=warn t=1703781 ev=vr.weapon callers path=ptr D98F49:720 D7FB5C:30 DB8CB6:180 12B0A09:0 16E8861:0 D8F242:0 D8B348:0 D8B9B5:0 12B2284:0 D2F672:0 D8492B:30 D7FF2C:30 F4276C:0 CE3C40:0 1292634:0 B35BEE:180
client level=warn t=1703796 ev=vr.probe pose in_pos=66.44,-11.41,6.36 in_fwd=-0.994,0.064,-0.087 in_fov=1.2364 out_pos=66.44,-11.41,6.36 out_fwd=-0.994,0.064,-0.087 out_fov=1.2364
client level=warn t=1707562 ev=vr.pad stats injected=4 held=0 mouse=0,0 move=0.00,0.00 turn=0.00,0.00 trig=0.00,0.00 buttons=0x0
client level=warn t=1709796 ev=vr.weapon callers path=getter D5D832:0 B363FA:540 B3598D:180 B40A78:0
client level=warn t=1709796 ev=vr.weapon callers path=ptr D98F49:720 D7FB5C:29 DB8CB6:180 12B0A09:0 16E8861:0 D8F242:0 D8B348:0 D8B9B5:0 12B2284:0 D2F672:0 D8492B:29 D7FF2C:30 F4276C:0 CE3C40:0 1292634:0 B35BEE:180
client level=warn t=1709796 ev=vr.probe pose in_pos=66.35,-12.37,6.72 in_fwd=-0.994,0.064,-0.087 in_fov=1.2364 out_pos=66.35,-12.37,6.72 out_fwd=-0.994,0.064,-0.087 out_fov=1.2364
client level=warn t=1713578 ev=vr.pad stats injected=4 held=0 mouse=0,0 move=0.00,0.00 turn=0.00,0.00 trig=0.00,0.00 buttons=0x0
client level=warn t=1714656 ev=vr.weapon callers path=getter D5D832:0 B363FA:540 B3598D:180 B40A78:0
client level=warn t=1714656 ev=vr.weapon callers path=ptr D98F49:720 D7FB5C:29 DB8CB6:180 12B0A09:0 16E8861:0 D8F242:0 D8B348:0 D8B9B5:0 12B2284:0 D2F672:0 D8492B:29 D7FF2C:29 F4276C:0 CE3C40:0 1292634:0 B35BEE:180
client level=warn t=1714656 ev=vr.probe pose in_pos=66.34,-11.64,7.41 in_fwd=-0.994,0.064,-0.087 in_fov=1.2364 out_pos=66.34,-11.64,7.41 out_fwd=-0.994,0.064,-0.087 out_fov=1.2364
client level=warn t=1715875 ev=vr.pad stats injected=4 held=0 mouse=0,0 move=0.00,0.00 turn=0.00,0.00 trig=0.00,0.00 buttons=0x0
client level=warn t=1716578 ev=vr.weapon callers path=getter D5D832:0 B363FA:540 B3598D:180 B40A78:0
client level=warn t=1716578 ev=vr.weapon callers path=ptr D98F49:720 D7FB5C:26 DB8CB6:180 12B0A09:0 16E8861:0 D8F242:0 D8B348:0 D8B9B5:0 12B2284:0 D2F672:0 D8492B:26 D7FF2C:25 F4276C:0 CE3C40:0 1292634:0 B35BEE:180
client level=warn t=1716593 ev=vr.probe pose in_pos=66.32,-11.40,7.82 in_fwd=-0.994,0.064,-0.087 in_fov=1.2364 out_pos=66.32,-11.40,7.82 out_fwd=-0.994,0.064,-0.087 out_fov=1.2364
client level=warn t=1717796 ev=vr.pad stats injected=4 held=0 mouse=0,0 move=0.00,0.00 turn=0.00,0.00 trig=0.00,0.00 buttons=0x0
client level=warn t=1718484 ev=vr.weapon callers path=getter D5D832:0 B363FA:540 B3598D:180 B40A78:0
client level=warn t=1718484 ev=vr.weapon callers path=ptr D98F49:720 D7FB5C:27 DB8CB6:180 12B0A09:0 16E8861:0 D8F242:0 D8B348:0 D8B9B5:0 12B2284:0 D2F672:0 D8492B:27 D7FF2C:27 F4276C:0 CE3C40:0 1292634:0 B35BEE:180
client level=warn t=1718500 ev=vr.probe pose in_pos=66.38,-11.19,7.29 in_fwd=-0.994,0.064,-0.087 in_fov=1.2364 out_pos=66.38,-11.19,7.29 out_fwd=-0.994,0.064,-0.087 out_fov=1.2364
client level=warn t=1721171 ev=vr.pad stats injected=4 held=0 mouse=0,0 move=0.00,0.00 turn=0.00,0.00 trig=0.00,0.00 buttons=0x0
client level=warn t=1723406 ev=vr.weapon callers path=getter D5D832:0 B363FA:540 B3598D:180 B40A78:0
client level=warn t=1723406 ev=vr.weapon callers path=ptr D98F49:720 D7FB5C:29 DB8CB6:180 12B0A09:0 16E8861:0 D8F242:0 D8B348:0 D8B9B5:0 12B2284:0 D2F672:0 D8492B:29 D7FF2C:30 F4276C:0 CE3C40:0 1292634:0 B35BEE:180
client level=warn t=1723406 ev=vr.probe pose in_pos=66.40,-11.64,6.68 in_fwd=-0.994,0.064,-0.087 in_fov=1.2364 out_pos=66.40,-11.64,6.68 out_fwd=-0.994,0.064,-0.087 out_fov=1.2364
client level=warn t=1727187 ev=vr.pad stats injected=4 held=0 mouse=0,0 move=0.00,0.00 turn=0.00,0.00 trig=0.00,0.00 buttons=0x0
client level=warn t=1728078 ev=vr.weapon callers path=getter D5D832:0 B363FA:540 B3598D:180 B40A78:0
client level=warn t=1728078 ev=vr.weapon callers path=ptr D98F49:720 D7FB5C:29 DB8CB6:180 12B0A09:0 16E8861:0 D8F242:0 D8B348:0 D8B9B5:0 12B2284:0 D2F672:0 D8492B:29 D7FF2C:29 F4276C:0 CE3C40:0 1292634:0 B35BEE:180
client level=warn t=1728078 ev=vr.probe pose in_pos=66.40,-11.25,6.93 in_fwd=-0.994,0.064,-0.087 in_fov=1.2364 out_pos=66.40,-11.25,6.93 out_fwd=-0.994,0.064,-0.087 out_fov=1.2364
client level=warn t=1729296 ev=vr.pad stats injected=4 held=0 mouse=0,0 move=0.00,0.00 turn=0.00,0.00 trig=0.00,0.00 buttons=0x0
client level=warn t=1729984 ev=vr.weapon callers path=getter D5D832:0 B363FA:540 B3598D:180 B40A78:0
client level=warn t=1729984 ev=vr.weapon callers path=ptr D98F49:720 D7FB5C:28 DB8CB6:180 12B0A09:0 16E8861:0 D8F242:0 D8B348:0 D8B9B5:0 12B2284:0 D2F672:0 D8492B:28 D7FF2C:27 F4276C:0 CE3C40:0 1292634:0 B35BEE:180
client level=warn t=1730000 ev=vr.probe pose in_pos=66.45,-10.93,6.63 in_fwd=-0.994,0.064,-0.087 in_fov=1.2364 out_pos=66.45,-10.93,6.63 out_fwd=-0.994,0.064,-0.087 out_fov=1.2364
client level=warn t=1733765 ev=vr.pad stats injected=4 held=0 mouse=0,0 move=0.00,0.00 turn=0.00,0.00 trig=0.00,0.00 buttons=0x0
client level=warn t=1736000 ev=vr.weapon callers path=getter D5D832:0 B363FA:540 B3598D:180 B40A78:0
client level=warn t=1736000 ev=vr.weapon callers path=ptr D98F49:720 D7FB5C:30 DB8CB6:180 12B0A09:0 16E8861:0 D8F242:0 D8B348:0 D8B9B5:0 12B2284:0 D2F672:0 D8492B:30 D7FF2C:30 F4276C:0 CE3C40:0 1292634:0 B35BEE:180
client level=warn t=1736000 ev=vr.probe pose in_pos=66.40,-11.96,6.48 in_fwd=-0.994,0.064,-0.087 in_fov=1.2364 out_pos=66.40,-11.96,6.48 out_fwd=-0.994,0.064,-0.087 out_fov=1.2364
client level=warn t=1739781 ev=vr.pad stats injected=4 held=0 mouse=0,0 move=0.00,0.00 turn=0.00,0.00 trig=0.00,0.00 buttons=0x0
client level=warn t=1742000 ev=vr.weapon callers path=getter D5D832:0 B363FA:540 B3598D:180 B40A78:0
client level=warn t=1742000 ev=vr.weapon callers path=ptr D98F49:720 D7FB5C:30 DB8CB6:180 12B0A09:0 16E8861:0 D8F242:0 D8B348:0 D8B9B5:0 12B2284:0 D2F672:0 D8492B:29 D7FF2C:30 F4276C:0 CE3C40:0 1292634:0 B35BEE:180
client level=warn t=1742015 ev=vr.probe pose in_pos=66.37,-12.02,6.71 in_fwd=-0.994,0.064,-0.087 in_fov=1.2364 out_pos=66.37,-12.02,6.71 out_fwd=-0.994,0.064,-0.087 out_fov=1.2364
client level=warn t=1745781 ev=vr.pad stats injected=4 held=0 mouse=0,0 move=0.00,0.00 turn=0.00,0.00 trig=0.00,0.00 buttons=0x0
client level=warn t=1748015 ev=vr.weapon callers path=getter D5D832:0 B363FA:540 B3598D:180 B40A78:0
client level=warn t=1748015 ev=vr.weapon callers path=ptr D98F49:720 D7FB5C:29 DB8CB6:180 12B0A09:0 16E8861:0 D8F242:0 D8B348:0 D8B9B5:0 12B2284:0 D2F672:0 D8492B:30 D7FF2C:30 F4276C:0 CE3C40:0 1292634:0 B35BEE:180
client level=warn t=1748015 ev=vr.probe pose in_pos=66.36,-11.24,7.45 in_fwd=-0.994,0.064,-0.087 in_fov=1.2364 out_pos=66.36,-11.24,7.45 out_fwd=-0.994,0.064,-0.087 out_fov=1.2364
client level=warn t=1751796 ev=vr.pad stats injected=4 held=0 mouse=0,0 move=0.00,0.00 turn=0.00,0.00 trig=0.00,0.00 buttons=0x0
client level=warn t=1754015 ev=vr.weapon callers path=getter D5D832:0 B363FA:540 B3598D:180 B40A78:0
client level=warn t=1754015 ev=vr.weapon callers path=ptr D98F49:720 D7FB5C:30 DB8CB6:180 12B0A09:0 16E8861:0 D8F242:0 D8B348:0 D8B9B5:0 12B2284:0 D2F672:0 D8492B:30 D7FF2C:30 F4276C:0 CE3C40:0 1292634:0 B35BEE:180
client level=warn t=1754031 ev=vr.probe pose in_pos=66.39,-11.64,6.78 in_fwd=-0.994,0.064,-0.087 in_fov=1.2364 out_pos=66.39,-11.64,6.78 out_fwd=-0.994,0.064,-0.087 out_fov=1.2364
client level=warn t=1757796 ev=vr.pad stats injected=4 held=0 mouse=0,0 move=0.00,0.00 turn=0.00,0.00 trig=0.00,0.00 buttons=0x0
client level=warn t=1760031 ev=vr.weapon callers path=getter D5D832:0 B363FA:540 B3598D:180 B40A78:0
client level=warn t=1760031 ev=vr.weapon callers path=ptr D98F49:720 D7FB5C:30 DB8CB6:180 12B0A09:0 16E8861:0 D8F242:0 D8B348:0 D8B9B5:0 12B2284:0 D2F672:0 D8492B:30 D7FF2C:29 F4276C:0 CE3C40:0 1292634:0 B35BEE:180
client level=warn t=1760031 ev=vr.probe pose in_pos=66.45,-10.93,6.64 in_fwd=-0.994,0.064,-0.087 in_fov=1.2364 out_pos=66.45,-10.93,6.64 out_fwd=-0.994,0.064,-0.087 out_fov=1.2364
client level=warn t=1763812 ev=vr.pad stats injected=4 held=0 mouse=0,0 move=0.00,0.00 turn=0.00,0.00 trig=0.00,0.00 buttons=0x0
client level=warn t=1766046 ev=vr.weapon callers path=getter D5D832:0 B363FA:540 B3598D:180 B40A78:0
client level=warn t=1766046 ev=vr.weapon callers path=ptr D98F49:720 D7FB5C:29 DB8CB6:180 12B0A09:0 16E8861:0 D8F242:0 D8B348:0 D8B9B5:0 12B2284:0 D2F672:0 D8492B:29 D7FF2C:30 F4276C:0 CE3C40:0 1292634:0 B35BEE:180
client level=warn t=1766046 ev=vr.probe pose in_pos=66.40,-11.97,6.49 in_fwd=-0.994,0.064,-0.087 in_fov=1.2364 out_pos=66.40,-11.97,6.49 out_fwd=-0.994,0.064,-0.087 out_fov=1.2364
client level=warn t=1769828 ev=vr.pad stats injected=4 held=0 mouse=0,0 move=0.00,0.00 turn=0.00,0.00 trig=0.00,0.00 buttons=0x0
client level=warn t=1772046 ev=vr.weapon callers path=getter D5D832:0 B363FA:540 B3598D:180 B40A78:0
client level=warn t=1772046 ev=vr.weapon callers path=ptr D98F49:720 D7FB5C:30 DB8CB6:180 12B0A09:0 16E8861:0 D8F242:0 D8B348:0 D8B9B5:0 12B2284:0 D2F672:0 D8492B:30 D7FF2C:30 F4276C:0 CE3C40:0 1292634:0 B35BEE:180
client level=warn t=1772062 ev=vr.probe pose in_pos=66.37,-12.01,6.71 in_fwd=-0.994,0.064,-0.087 in_fov=1.2364 out_pos=66.37,-12.01,6.71 out_fwd=-0.994,0.064,-0.087 out_fov=1.2364
client level=warn t=1775828 ev=vr.pad stats injected=4 held=0 mouse=0,0 move=0.00,0.00 turn=0.00,0.00 trig=0.00,0.00 buttons=0x0
client level=warn t=1776750 ev=vr.weapon callers path=getter D5D832:0 B363FA:540 B3598D:180 B40A78:0
client level=warn t=1776750 ev=vr.weapon callers path=ptr D98F49:720 D7FB5C:29 DB8CB6:180 12B0A09:0 16E8861:0 D8F242:0 D8B348:0 D8B9B5:0 12B2284:0 D2F672:0 D8492B:28 D7FF2C:28 F4276C:0 CE3C40:0 1292634:0 B35BEE:180
client level=warn t=1776765 ev=vr.probe pose in_pos=66.32,-11.38,7.79 in_fwd=-0.994,0.064,-0.087 in_fov=1.2364 out_pos=66.32,-11.38,7.79 out_fwd=-0.994,0.064,-0.087 out_fov=1.2364
client level=warn t=1777921 ev=vr.pad stats injected=4 held=0 mouse=0,0 move=0.00,0.00 turn=0.00,0.00 trig=0.00,0.00 buttons=0x0
client level=warn t=1778562 ev=vr.weapon callers path=getter D5D832:0 B363FA:540 B3598D:180 B40A78:0
client level=warn t=1778562 ev=vr.weapon callers path=ptr D98F49:720 D7FB5C:23 DB8CB6:180 12B0A09:0 16E8861:0 D8F242:0 D8B348:0 D8B9B5:0 12B2284:0 D2F672:0 D8492B:24 D7FF2C:24 F4276C:0 CE3C40:0 1292634:0 B35BEE:180
client level=warn t=1778578 ev=vr.probe pose in_pos=66.38,-11.19,7.27 in_fwd=-0.994,0.064,-0.087 in_fov=1.2364 out_pos=66.38,-11.19,7.27 out_fwd=-0.994,0.064,-0.087 out_fov=1.2364
client level=warn t=1779671 ev=vr.pad stats injected=4 held=0 mouse=0,0 move=0.00,0.00 turn=0.00,0.00 trig=0.00,0.00 buttons=0x0
client level=warn t=1780406 ev=vr.weapon callers path=getter D5D832:0 B363FA:540 B3598D:180 B40A78:0
client level=warn t=1780406 ev=vr.weapon callers path=ptr D98F49:720 D7FB5C:17 DB8CB6:180 12B0A09:0 16E8861:0 D8F242:0 D8B348:0 D8B9B5:0 12B2284:0 D2F672:0 D8492B:17 D7FF2C:17 F4276C:0 CE3C40:0 1292634:0 B35BEE:180
client level=warn t=1780406 ev=vr.probe pose in_pos=66.39,-11.31,7.03 in_fwd=-0.994,0.064,-0.087 in_fov=1.2364 out_pos=66.39,-11.31,7.03 out_fwd=-0.994,0.064,-0.087 out_fov=1.2364
client level=warn t=1782000 ev=vr.pad stats injected=4 held=0 mouse=0,0 move=0.00,0.00 turn=0.00,0.00 trig=0.00,0.00 buttons=0x0
client level=warn t=1784234 ev=vr.weapon callers path=getter D5D832:0 B363FA:540 B3598D:180 B40A78:0
client level=warn t=1784234 ev=vr.weapon callers path=ptr D98F49:720 D7FB5C:24 DB8CB6:180 12B0A09:0 16E8861:0 D8F242:0 D8B348:0 D8B9B5:0 12B2284:0 D2F672:0 D8492B:24 D7FF2C:24 F4276C:0 CE3C40:0 1292634:0 B35BEE:180
client level=warn t=1784234 ev=vr.probe pose in_pos=66.39,-11.64,6.81 in_fwd=-0.994,0.064,-0.087 in_fov=1.2364 out_pos=66.39,-11.64,6.81 out_fwd=-0.994,0.064,-0.087 out_fov=1.2364
client level=warn t=1788015 ev=vr.pad stats injected=4 held=0 mouse=0,0 move=0.00,0.00 turn=0.00,0.00 trig=0.00,0.00 buttons=0x0
client level=warn t=1790234 ev=vr.weapon callers path=getter D5D832:0 B363FA:540 B3598D:180 B40A78:0
client level=warn t=1790234 ev=vr.weapon callers path=ptr D98F49:720 D7FB5C:29 DB8CB6:180 12B0A09:0 16E8861:0 D8F242:0 D8B348:0 D8B9B5:0 12B2284:0 D2F672:0 D8492B:29 D7FF2C:28 F4276C:0 CE3C40:0 1292634:0 B35BEE:180
client level=warn t=1790250 ev=vr.probe pose in_pos=66.45,-10.91,6.61 in_fwd=-0.994,0.064,-0.087 in_fov=1.2364 out_pos=66.45,-10.91,6.61 out_fwd=-0.994,0.064,-0.087 out_fov=1.2364
client level=warn t=1794015 ev=vr.pad stats injected=4 held=0 mouse=0,0 move=0.00,0.00 turn=0.00,0.00 trig=0.00,0.00 buttons=0x0
client level=warn t=1796250 ev=vr.weapon callers path=getter D5D832:0 B363FA:540 B3598D:180 B40A78:0
client level=warn t=1796250 ev=vr.weapon callers path=ptr D98F49:720 D7FB5C:30 DB8CB6:180 12B0A09:0 16E8861:0 D8F242:0 D8B348:0 D8B9B5:0 12B2284:0 D2F672:0 D8492B:29 D7FF2C:30 F4276C:0 CE3C40:0 1292634:0 B35BEE:180
client level=warn t=1796250 ev=vr.probe pose in_pos=66.39,-12.02,6.51 in_fwd=-0.994,0.064,-0.087 in_fov=1.2364 out_pos=66.39,-12.02,6.51 out_fwd=-0.994,0.064,-0.087 out_fov=1.2364
client level=warn t=1800031 ev=vr.pad stats injected=4 held=0 mouse=0,0 move=0.00,0.00 turn=0.00,0.00 trig=0.00,0.00 buttons=0x0
client level=warn t=1802250 ev=vr.weapon callers path=getter D5D832:0 B363FA:540 B3598D:180 B40A78:0
client level=warn t=1802250 ev=vr.weapon callers path=ptr D98F49:720 D7FB5C:29 DB8CB6:180 12B0A09:0 16E8861:0 D8F242:0 D8B348:0 D8B9B5:0 12B2284:0 D2F672:0 D8492B:30 D7FF2C:30 F4276C:0 CE3C40:0 1292634:0 B35BEE:180
client level=warn t=1802265 ev=vr.probe pose in_pos=66.38,-11.98,6.71 in_fwd=-0.994,0.064,-0.087 in_fov=1.2364 out_pos=66.38,-11.98,6.71 out_fwd=-0.994,0.064,-0.087 out_fov=1.2364
client level=warn t=1806031 ev=vr.pad stats injected=4 held=0 mouse=0,0 move=0.00,0.00 turn=0.00,0.00 trig=0.00,0.00 buttons=0x0
client level=warn t=1807343 ev=vr.weapon callers path=getter D5D832:0 B363FA:540 B3598D:180 B40A78:0
client level=warn t=1807343 ev=vr.weapon callers path=ptr D98F49:720 D7FB5C:29 DB8CB6:180 12B0A09:0 16E8861:0 D8F242:0 D8B348:0 D8B9B5:0 12B2284:0 D2F672:0 D8492B:28 D7FF2C:28 F4276C:0 CE3C40:0 1292634:0 B35BEE:180
client level=warn t=1807359 ev=vr.probe pose in_pos=66.34,-11.31,7.64 in_fwd=-0.994,0.064,-0.087 in_fov=1.2364 out_pos=66.34,-11.31,7.64 out_fwd=-0.994,0.064,-0.087 out_fov=1.2364
client level=warn t=1808750 ev=vr.pad stats injected=4 held=0 mouse=0,0 move=0.00,0.00 turn=0.00,0.00 trig=0.00,0.00 buttons=0x0
client level=warn t=1809500 ev=vr.weapon callers path=getter D5D832:0 B363FA:540 B3598D:180 B40A78:0
client level=warn t=1809500 ev=vr.weapon callers path=ptr D98F49:720 D7FB5C:19 DB8CB6:180 12B0A09:0 16E8861:0 D8F242:0 D8B348:0 D8B9B5:0 12B2284:0 D2F672:0 D8492B:20 D7FF2C:20 F4276C:0 CE3C40:0 1292634:0 B35BEE:180
client level=warn t=1809500 ev=vr.probe pose in_pos=66.39,-11.18,7.19 in_fwd=-0.994,0.064,-0.087 in_fov=1.2364 out_pos=66.39,-11.18,7.19 out_fwd=-0.994,0.064,-0.087 out_fov=1.2364
client level=warn t=1810671 ev=vr.pad stats injected=4 held=0 mouse=0,0 move=0.00,0.00 turn=0.00,0.00 trig=0.00,0.00 buttons=0x0
client level=warn t=1811328 ev=vr.weapon callers path=getter D5D832:0 B363FA:540 B3598D:180 B40A78:0
client level=warn t=1811328 ev=vr.weapon callers path=ptr D98F49:720 D7FB5C:14 DB8CB6:180 12B0A09:0 16E8861:0 D8F242:0 D8B348:0 D8B9B5:0 12B2284:0 D2F672:0 D8492B:13 D7FF2C:13 F4276C:0 CE3C40:0 1292634:0 B35BEE:180
client level=warn t=1811328 ev=vr.probe pose in_pos=66.40,-11.50,6.79 in_fwd=-0.994,0.064,-0.087 in_fov=1.2364 out_pos=66.40,-11.50,6.79 out_fwd=-0.994,0.064,-0.087 out_fov=1.2364
client level=warn t=1812578 ev=vr.pad stats injected=4 held=0 mouse=0,0 move=0.00,0.00 turn=0.00,0.00 trig=0.00,0.00 buttons=0x0
client level=warn t=1813343 ev=vr.weapon callers path=getter D5D832:0 B363FA:540 B3598D:180 B40A78:0
client level=warn t=1813343 ev=vr.weapon callers path=ptr D98F49:720 D7FB5C:23 DB8CB6:180 12B0A09:0 16E8861:0 D8F242:0 D8B348:0 D8B9B5:0 12B2284:0 D2F672:0 D8492B:24 D7FF2C:24 F4276C:0 CE3C40:0 1292634:0 B35BEE:180
client level=warn t=1813359 ev=vr.probe pose in_pos=66.40,-11.64,6.68 in_fwd=-0.994,0.064,-0.087 in_fov=1.2364 out_pos=66.40,-11.64,6.68 out_fwd=-0.994,0.064,-0.087 out_fov=1.2364
client level=warn t=1814609 ev=vr.pad stats injected=4 held=0 mouse=0,0 move=0.00,0.00 turn=0.00,0.00 trig=0.00,0.00 buttons=0x0
client level=warn t=1816828 ev=vr.weapon callers path=getter D5D832:0 B363FA:540 B3598D:180 B40A78:0
client level=warn t=1816828 ev=vr.weapon callers path=ptr D98F49:720 D7FB5C:18 DB8CB6:180 12B0A09:0 16E8861:0 D8F242:0 D8B348:0 D8B9B5:0 12B2284:0 D2F672:0 D8492B:18 D7FF2C:18 F4276C:0 CE3C40:0 1292634:0 B35BEE:180
client level=warn t=1816843 ev=vr.probe pose in_pos=66.37,-11.50,7.08 in_fwd=-0.994,0.064,-0.087 in_fov=1.2364 out_pos=66.37,-11.50,7.08 out_fwd=-0.994,0.064,-0.087 out_fov=1.2364
client level=warn t=1820625 ev=vr.pad stats injected=4 held=0 mouse=0,0 move=0.00,0.00 turn=0.00,0.00 trig=0.00,0.00 buttons=0x0
client level=warn t=1822843 ev=vr.weapon callers path=getter D5D832:0 B363FA:540 B3598D:180 B40A78:0
client level=warn t=1822843 ev=vr.weapon callers path=ptr D98F49:720 D7FB5C:27 DB8CB6:180 12B0A09:0 16E8861:0 D8F242:0 D8B348:0 D8B9B5:0 12B2284:0 D2F672:0 D8492B:27 D7FF2C:27 F4276C:0 CE3C40:0 1292634:0 B35BEE:180
client level=warn t=1822859 ev=vr.probe pose in_pos=66.45,-11.20,6.40 in_fwd=-0.994,0.064,-0.087 in_fov=1.2364 out_pos=66.45,-11.20,6.40 out_fwd=-0.994,0.064,-0.087 out_fov=1.2364
client level=warn t=1826640 ev=vr.pad stats injected=4 held=0 mouse=0,0 move=0.00,0.00 turn=0.00,0.00 trig=0.00,0.00 buttons=0x0
client level=warn t=1828859 ev=vr.weapon callers path=getter D5D832:0 B363FA:540 B3598D:180 B40A78:0
client level=warn t=1828859 ev=vr.weapon callers path=ptr D98F49:720 D7FB5C:29 DB8CB6:180 12B0A09:0 16E8861:0 D8F242:0 D8B348:0 D8B9B5:0 12B2284:0 D2F672:0 D8492B:29 D7FF2C:29 F4276C:0 CE3C40:0 1292634:0 B35BEE:180
client level=warn t=1828859 ev=vr.probe pose in_pos=66.34,-12.45,6.72 in_fwd=-0.994,0.064,-0.087 in_fov=1.2364 out_pos=66.34,-12.45,6.72 out_fwd=-0.994,0.064,-0.087 out_fov=1.2364
client level=warn t=1832640 ev=vr.pad stats injected=4 held=0 mouse=0,0 move=0.00,0.00 turn=0.00,0.00 trig=0.00,0.00 buttons=0x0
client level=warn t=1834859 ev=vr.weapon callers path=getter D5D832:0 B363FA:540 B3598D:180 B40A78:0
client level=warn t=1834859 ev=vr.weapon callers path=ptr D98F49:720 D7FB5C:30 DB8CB6:180 12B0A09:0 16E8861:0 D8F242:0 D8B348:0 D8B9B5:0 12B2284:0 D2F672:0 D8492B:29 D7FF2C:29 F4276C:0 CE3C40:0 1292634:0 B35BEE:180
client level=warn t=1834875 ev=vr.probe pose in_pos=66.33,-11.63,7.46 in_fwd=-0.994,0.064,-0.087 in_fov=1.2364 out_pos=66.33,-11.63,7.46 out_fwd=-0.994,0.064,-0.087 out_fov=1.2364
client level=warn t=1838640 ev=vr.pad stats injected=4 held=0 mouse=0,0 move=0.00,0.00 turn=0.00,0.00 trig=0.00,0.00 buttons=0x0
client level=warn t=1840875 ev=vr.weapon callers path=getter D5D832:0 B363FA:540 B3598D:180 B40A78:0
client level=warn t=1840875 ev=vr.weapon callers path=ptr D98F49:720 D7FB5C:29 DB8CB6:180 12B0A09:0 16E8861:0 D8F242:0 D8B348:0 D8B9B5:0 12B2284:0 D2F672:0 D8492B:30 D7FF2C:30 F4276C:0 CE3C40:0 1292634:0 B35BEE:180
client level=warn t=1840875 ev=vr.probe pose in_pos=66.39,-11.39,6.93 in_fwd=-0.994,0.064,-0.087 in_fov=1.2364 out_pos=66.39,-11.39,6.93 out_fwd=-0.994,0.064,-0.087 out_fov=1.2364
client level=warn t=1844656 ev=vr.pad stats injected=4 held=0 mouse=0,0 move=0.00,0.00 turn=0.00,0.00 trig=0.00,0.00 buttons=0x0
client level=warn t=1846890 ev=vr.weapon callers path=getter D5D832:0 B363FA:540 B3598D:180 B40A78:0
client level=warn t=1846890 ev=vr.weapon callers path=ptr D98F49:720 D7FB5C:29 DB8CB6:180 12B0A09:0 16E8861:0 D8F242:0 D8B348:0 D8B9B5:0 12B2284:0 D2F672:0 D8492B:29 D7FF2C:29 F4276C:0 CE3C40:0 1292634:0 B35BEE:180
client level=warn t=1846890 ev=vr.probe pose in_pos=66.37,-11.49,7.08 in_fwd=-0.994,0.064,-0.087 in_fov=1.2364 out_pos=66.37,-11.49,7.08 out_fwd=-0.994,0.064,-0.087 out_fov=1.2364
client level=warn t=1850671 ev=vr.pad stats injected=4 held=0 mouse=0,0 move=0.00,0.00 turn=0.00,0.00 trig=0.00,0.00 buttons=0x0
client level=warn t=1852890 ev=vr.weapon callers path=getter D5D832:0 B363FA:540 B3598D:180 B40A78:0
client level=warn t=1852890 ev=vr.weapon callers path=ptr D98F49:720 D7FB5C:30 DB8CB6:180 12B0A09:0 16E8861:0 D8F242:0 D8B348:0 D8B9B5:0 12B2284:0 D2F672:0 D8492B:30 D7FF2C:30 F4276C:0 CE3C40:0 1292634:0 B35BEE:180
client level=warn t=1852906 ev=vr.probe pose in_pos=66.45,-11.21,6.40 in_fwd=-0.994,0.064,-0.087 in_fov=1.2364 out_pos=66.45,-11.21,6.40 out_fwd=-0.994,0.064,-0.087 out_fov=1.2364
client level=warn t=1856671 ev=vr.pad stats injected=4 held=0 mouse=0,0 move=0.00,0.00 turn=0.00,0.00 trig=0.00,0.00 buttons=0x0
client level=warn t=1858906 ev=vr.weapon callers path=getter D5D832:0 B363FA:540 B3598D:180 B40A78:0
client level=warn t=1858906 ev=vr.weapon callers path=ptr D98F49:720 D7FB5C:30 DB8CB6:180 12B0A09:0 16E8861:0 D8F242:0 D8B348:0 D8B9B5:0 12B2284:0 D2F672:0 D8492B:29 D7FF2C:29 F4276C:0 CE3C40:0 1292634:0 B35BEE:180
client level=warn t=1858906 ev=vr.probe pose in_pos=66.34,-12.45,6.72 in_fwd=-0.994,0.064,-0.087 in_fov=1.2364 out_pos=66.34,-12.45,6.72 out_fwd=-0.994,0.064,-0.087 out_fov=1.2364
client level=warn t=1862687 ev=vr.pad stats injected=4 held=0 mouse=0,0 move=0.00,0.00 turn=0.00,0.00 trig=0.00,0.00 buttons=0x0
client level=warn t=1864906 ev=vr.weapon callers path=getter D5D832:0 B363FA:540 B3598D:180 B40A78:0
client level=warn t=1864906 ev=vr.weapon callers path=ptr D98F49:720 D7FB5C:29 DB8CB6:180 12B0A09:0 16E8861:0 D8F242:0 D8B348:0 D8B9B5:0 12B2284:0 D2F672:0 D8492B:30 D7FF2C:30 F4276C:0 CE3C40:0 1292634:0 B35BEE:180
client level=warn t=1864921 ev=vr.probe pose in_pos=66.33,-11.62,7.48 in_fwd=-0.994,0.064,-0.087 in_fov=1.2364 out_pos=66.33,-11.62,7.48 out_fwd=-0.994,0.064,-0.087 out_fov=1.2364
client level=warn t=1868687 ev=vr.pad stats injected=4 held=0 mouse=0,0 move=0.00,0.00 turn=0.00,0.00 trig=0.00,0.00 buttons=0x0
client level=warn t=1870921 ev=vr.weapon callers path=getter D5D832:0 B363FA:540 B3598D:180 B40A78:0
client level=warn t=1870921 ev=vr.weapon callers path=ptr D98F49:720 D7FB5C:30 DB8CB6:180 12B0A09:0 16E8861:0 D8F242:0 D8B348:0 D8B9B5:0 12B2284:0 D2F672:0 D8492B:30 D7FF2C:30 F4276C:0 CE3C40:0 1292634:0 B35BEE:180
client level=warn t=1870921 ev=vr.probe pose in_pos=66.39,-11.40,6.92 in_fwd=-0.994,0.064,-0.087 in_fov=1.2364 out_pos=66.39,-11.40,6.92 out_fwd=-0.994,0.064,-0.087 out_fov=1.2364
client level=warn t=1874703 ev=vr.pad stats injected=4 held=0 mouse=0,0 move=0.00,0.00 turn=0.00,0.00 trig=0.00,0.00 buttons=0x0
client level=warn t=1876937 ev=vr.weapon callers path=getter D5D832:0 B363FA:540 B3598D:180 B40A78:0
client level=warn t=1876937 ev=vr.weapon callers path=ptr D98F49:720 D7FB5C:30 DB8CB6:180 12B0A09:0 16E8861:0 D8F242:0 D8B348:0 D8B9B5:0 12B2284:0 D2F672:0 D8492B:29 D7FF2C:29 F4276C:0 CE3C40:0 1292634:0 B35BEE:180
client level=warn t=1876937 ev=vr.probe pose in_pos=66.38,-11.49,7.07 in_fwd=-0.994,0.064,-0.087 in_fov=1.2364 out_pos=66.38,-11.49,7.07 out_fwd=-0.994,0.064,-0.087 out_fov=1.2364
client level=warn t=1880703 ev=vr.pad stats injected=4 held=0 mouse=0,0 move=0.00,0.00 turn=0.00,0.00 trig=0.00,0.00 buttons=0x0
client level=warn t=1882937 ev=vr.weapon callers path=getter D5D832:0 B363FA:540 B3598D:180 B40A78:0
client level=warn t=1882937 ev=vr.weapon callers path=ptr D98F49:720 D7FB5C:30 DB8CB6:180 12B0A09:0 16E8861:0 D8F242:0 D8B348:0 D8B9B5:0 12B2284:0 D2F672:0 D8492B:30 D7FF2C:30 F4276C:0 CE3C40:0 1292634:0 B35BEE:180
client level=warn t=1882937 ev=vr.probe pose in_pos=66.45,-11.22,6.39 in_fwd=-0.994,0.064,-0.087 in_fov=1.2364 out_pos=66.45,-11.22,6.39 out_fwd=-0.994,0.064,-0.087 out_fov=1.2364
client level=warn t=1886718 ev=vr.pad stats injected=4 held=0 mouse=0,0 move=0.00,0.00 turn=0.00,0.00 trig=0.00,0.00 buttons=0x0
client level=warn t=1888953 ev=vr.weapon callers path=getter D5D832:0 B363FA:540 B3598D:180 B40A78:0
client level=warn t=1888953 ev=vr.weapon callers path=ptr D98F49:720 D7FB5C:30 DB8CB6:180 12B0A09:0 16E8861:0 D8F242:0 D8B348:0 D8B9B5:0 12B2284:0 D2F672:0 D8492B:30 D7FF2C:30 F4276C:0 CE3C40:0 1292634:0 B35BEE:180
client level=warn t=1888953 ev=vr.probe pose in_pos=66.34,-12.44,6.72 in_fwd=-0.994,0.064,-0.087 in_fov=1.2364 out_pos=66.34,-12.44,6.72 out_fwd=-0.994,0.064,-0.087 out_fov=1.2364
client level=warn t=1892734 ev=vr.pad stats injected=4 held=0 mouse=0,0 move=0.00,0.00 turn=0.00,0.00 trig=0.00,0.00 buttons=0x0
client level=warn t=1894953 ev=vr.weapon callers path=getter D5D832:0 B363FA:540 B3598D:180 B40A78:0
client level=warn t=1894953 ev=vr.weapon callers path=ptr D98F49:720 D7FB5C:29 DB8CB6:180 12B0A09:0 16E8861:0 D8F242:0 D8B348:0 D8B9B5:0 12B2284:0 D2F672:0 D8492B:30 D7FF2C:30 F4276C:0 CE3C40:0 1292634:0 B35BEE:180
client level=warn t=1894968 ev=vr.probe pose in_pos=66.33,-11.62,7.50 in_fwd=-0.994,0.064,-0.087 in_fov=1.2364 out_pos=66.33,-11.62,7.50 out_fwd=-0.994,0.064,-0.087 out_fov=1.2364
client level=warn t=1898734 ev=vr.pad stats injected=4 held=0 mouse=0,0 move=0.00,0.00 turn=0.00,0.00 trig=0.00,0.00 buttons=0x0
client level=warn t=1900968 ev=vr.weapon callers path=getter D5D832:0 B363FA:540 B3598D:180 B40A78:0
client level=warn t=1900968 ev=vr.weapon callers path=ptr D98F49:720 D7FB5C:30 DB8CB6:180 12B0A09:0 16E8861:0 D8F242:0 D8B348:0 D8B9B5:0 12B2284:0 D2F672:0 D8492B:30 D7FF2C:30 F4276C:0 CE3C40:0 1292634:0 B35BEE:180
client level=warn t=1900968 ev=vr.probe pose in_pos=66.40,-11.40,6.91 in_fwd=-0.994,0.064,-0.087 in_fov=1.2364 out_pos=66.40,-11.40,6.91 out_fwd=-0.994,0.064,-0.087 out_fov=1.2364
client level=warn t=1904750 ev=vr.pad stats injected=4 held=0 mouse=0,0 move=0.00,0.00 turn=0.00,0.00 trig=0.00,0.00 buttons=0x0
client level=warn t=1906984 ev=vr.weapon callers path=getter D5D832:0 B363FA:540 B3598D:180 B40A78:0
client level=warn t=1906984 ev=vr.weapon callers path=ptr D98F49:720 D7FB5C:30 DB8CB6:180 12B0A09:0 16E8861:0 D8F242:0 D8B348:0 D8B9B5:0 12B2284:0 D2F672:0 D8492B:30 D7FF2C:30 F4276C:0 CE3C40:0 1292634:0 B35BEE:180
client level=warn t=1906984 ev=vr.probe pose in_pos=66.38,-11.48,7.07 in_fwd=-0.994,0.064,-0.087 in_fov=1.2364 out_pos=66.38,-11.48,7.07 out_fwd=-0.994,0.064,-0.087 out_fov=1.2364
client level=warn t=1910765 ev=vr.pad stats injected=4 held=0 mouse=0,0 move=0.00,0.00 turn=0.00,0.00 trig=0.00,0.00 buttons=0x0
client level=warn t=1912984 ev=vr.weapon callers path=getter D5D832:0 B363FA:540 B3598D:180 B40A78:0
client level=warn t=1912984 ev=vr.weapon callers path=ptr D98F49:720 D7FB5C:30 DB8CB6:180 12B0A09:0 16E8861:0 D8F242:0 D8B348:0 D8B9B5:0 12B2284:0 D2F672:0 D8492B:30 D7FF2C:29 F4276C:0 CE3C40:0 1292634:0 B35BEE:180
client level=warn t=1913000 ev=vr.probe pose in_pos=66.45,-11.23,6.39 in_fwd=-0.994,0.064,-0.087 in_fov=1.2364 out_pos=66.45,-11.23,6.39 out_fwd=-0.994,0.064,-0.087 out_fov=1.2364
client level=warn t=1916765 ev=vr.pad stats injected=4 held=0 mouse=0,0 move=0.00,0.00 turn=0.00,0.00 trig=0.00,0.00 buttons=0x0
client level=warn t=1919000 ev=vr.weapon callers path=getter D5D832:0 B363FA:540 B3598D:180 B40A78:0
client level=warn t=1919000 ev=vr.weapon callers path=ptr D98F49:720 D7FB5C:30 DB8CB6:180 12B0A09:0 16E8861:0 D8F242:0 D8B348:0 D8B9B5:0 12B2284:0 D2F672:0 D8492B:30 D7FF2C:30 F4276C:0 CE3C40:0 1292634:0 B35BEE:180
client level=warn t=1919000 ev=vr.probe pose in_pos=66.35,-12.44,6.72 in_fwd=-0.994,0.064,-0.087 in_fov=1.2364 out_pos=66.35,-12.44,6.72 out_fwd=-0.994,0.064,-0.087 out_fov=1.2364
client level=warn t=1922781 ev=vr.pad stats injected=4 held=0 mouse=0,0 move=0.00,0.00 turn=0.00,0.00 trig=0.00,0.00 buttons=0x0
client level=warn t=1925000 ev=vr.weapon callers path=getter D5D832:0 B363FA:540 B3598D:180 B40A78:0
client level=warn t=1925000 ev=vr.weapon callers path=ptr D98F49:720 D7FB5C:30 DB8CB6:180 12B0A09:0 16E8861:0 D8F242:0 D8B348:0 D8B9B5:0 12B2284:0 D2F672:0 D8492B:29 D7FF2C:30 F4276C:0 CE3C40:0 1292634:0 B35BEE:180
client level=warn t=1925015 ev=vr.probe pose in_pos=66.33,-11.61,7.52 in_fwd=-0.994,0.064,-0.087 in_fov=1.2364 out_pos=66.33,-11.61,7.52 out_fwd=-0.994,0.064,-0.087 out_fov=1.2364
client level=warn t=1928781 ev=vr.pad stats injected=4 held=0 mouse=0,0 move=0.00,0.00 turn=0.00,0.00 trig=0.00,0.00 buttons=0x0
client level=warn t=1931015 ev=vr.weapon callers path=getter D5D832:0 B363FA:540 B3598D:180 B40A78:0
client level=warn t=1931015 ev=vr.weapon callers path=ptr D98F49:720 D7FB5C:29 DB8CB6:180 12B0A09:0 16E8861:0 D8F242:0 D8B348:0 D8B9B5:0 12B2284:0 D2F672:0 D8492B:30 D7FF2C:30 F4276C:0 CE3C40:0 1292634:0 B35BEE:180
client level=warn t=1931015 ev=vr.probe pose in_pos=66.40,-11.41,6.90 in_fwd=-0.994,0.064,-0.087 in_fov=1.2364 out_pos=66.40,-11.41,6.90 out_fwd=-0.994,0.064,-0.087 out_fov=1.2364
client level=warn t=1934796 ev=vr.pad stats injected=4 held=0 mouse=0,0 move=0.00,0.00 turn=0.00,0.00 trig=0.00,0.00 buttons=0x0
client level=warn t=1937031 ev=vr.weapon callers path=getter D5D832:0 B363FA:540 B3598D:180 B40A78:0
client level=warn t=1937031 ev=vr.weapon callers path=ptr D98F49:720 D7FB5C:30 DB8CB6:180 12B0A09:0 16E8861:0 D8F242:0 D8B348:0 D8B9B5:0 12B2284:0 D2F672:0 D8492B:30 D7FF2C:29 F4276C:0 CE3C40:0 1292634:0 B35BEE:180
client level=warn t=1937031 ev=vr.probe pose in_pos=66.38,-11.47,7.07 in_fwd=-0.994,0.064,-0.087 in_fov=1.2364 out_pos=66.38,-11.47,7.07 out_fwd=-0.994,0.064,-0.087 out_fov=1.2364
client level=warn t=1938296 ev=vr.pad stats injected=4 held=0 mouse=0,0 move=0.00,0.00 turn=0.00,0.00 trig=0.00,0.00 buttons=0x0
client level=warn t=1938890 ev=vr.weapon callers path=getter D5D832:0 B363FA:540 B3598D:180 B40A78:0
client level=warn t=1938890 ev=vr.weapon callers path=ptr D98F49:720 D7FB5C:27 DB8CB6:180 12B0A09:0 16E8861:0 D8F242:0 D8B348:0 D8B9B5:0 12B2284:0 D2F672:0 D8492B:27 D7FF2C:28 F4276C:0 CE3C40:0 1292634:0 B35BEE:180
client level=warn t=1938890 ev=vr.probe pose in_pos=66.42,-11.09,6.80 in_fwd=-0.994,0.064,-0.087 in_fov=1.2364 out_pos=66.42,-11.09,6.80 out_fwd=-0.994,0.064,-0.087 out_fov=1.2364
client level=warn t=1939937 ev=vr.pad stats injected=4 held=0 mouse=0,0 move=0.00,0.00 turn=0.00,0.00 trig=0.00,0.00 buttons=0x0
client level=warn t=1940515 ev=vr.weapon callers path=getter D5D832:0 B363FA:540 B3598D:180 B40A78:0
client level=warn t=1940515 ev=vr.weapon callers path=ptr D98F49:720 D7FB5C:29 DB8CB6:180 12B0A09:0 16E8861:0 D8F242:0 D8B348:0 D8B9B5:0 12B2284:0 D2F672:0 D8492B:28 D7FF2C:28 F4276C:0 CE3C40:0 1292634:0 B35BEE:180
client level=warn t=1940515 ev=vr.probe pose in_pos=66.46,-10.90,6.57 in_fwd=-0.994,0.064,-0.087 in_fov=1.2364 out_pos=66.46,-10.90,6.57 out_fwd=-0.994,0.064,-0.087 out_fov=1.2364
client level=warn t=1941531 ev=vr.pad stats injected=4 held=0 mouse=0,0 move=0.00,0.00 turn=0.00,0.00 trig=0.00,0.00 buttons=0x0
client level=warn t=1942156 ev=vr.weapon callers path=getter D5D832:0 B363FA:540 B3598D:180 B40A78:0
client level=warn t=1942156 ev=vr.weapon callers path=ptr D98F49:720 D7FB5C:28 DB8CB6:180 12B0A09:0 16E8861:0 D8F242:0 D8B348:0 D8B9B5:0 12B2284:0 D2F672:0 D8492B:29 D7FF2C:29 F4276C:0 CE3C40:0 1292634:0 B35BEE:180
client level=warn t=1942156 ev=vr.probe pose in_pos=66.46,-11.07,6.44 in_fwd=-0.994,0.064,-0.087 in_fov=1.2364 out_pos=66.46,-11.07,6.44 out_fwd=-0.994,0.064,-0.087 out_fov=1.2364
client level=warn t=1943203 ev=vr.pad stats injected=4 held=0 mouse=0,0 move=0.00,0.00 turn=0.00,0.00 trig=0.00,0.00 buttons=0x0
client level=warn t=1943828 ev=vr.weapon callers path=getter D5D832:0 B363FA:540 B3598D:180 B40A78:0
client level=warn t=1943828 ev=vr.weapon callers path=ptr D98F49:720 D7FB5C:28 DB8CB6:180 12B0A09:0 16E8861:0 D8F242:0 D8B348:0 D8B9B5:0 12B2284:0 D2F672:0 D8492B:28 D7FF2C:28 F4276C:0 CE3C40:0 1292634:0 B35BEE:180
client level=warn t=1943828 ev=vr.probe pose in_pos=66.44,-11.43,6.36 in_fwd=-0.994,0.064,-0.087 in_fov=1.2364 out_pos=66.44,-11.43,6.36 out_fwd=-0.994,0.064,-0.087 out_fov=1.2364
client level=warn t=1944875 ev=vr.pad stats injected=4 held=0 mouse=0,0 move=0.00,0.00 turn=0.00,0.00 trig=0.00,0.00 buttons=0x0
client level=warn t=1945468 ev=vr.weapon callers path=getter D5D832:0 B363FA:540 B3598D:180 B40A78:0
client level=warn t=1945468 ev=vr.weapon callers path=ptr D98F49:720 D7FB5C:27 DB8CB6:180 12B0A09:0 16E8861:0 D8F242:0 D8B348:0 D8B9B5:0 12B2284:0 D2F672:0 D8492B:27 D7FF2C:27 F4276C:0 CE3C40:0 1292634:0 B35BEE:180
client level=warn t=1945484 ev=vr.probe pose in_pos=66.41,-11.83,6.43 in_fwd=-0.994,0.064,-0.087 in_fov=1.2364 out_pos=66.41,-11.83,6.43 out_fwd=-0.994,0.064,-0.087 out_fov=1.2364
client level=warn t=1946500 ev=vr.pad stats injected=4 held=0 mouse=0,0 move=0.00,0.00 turn=0.00,0.00 trig=0.00,0.00 buttons=0x0
client level=warn t=1947109 ev=vr.weapon callers path=getter D5D832:0 B363FA:540 B3598D:180 B40A78:0
client level=warn t=1947109 ev=vr.weapon callers path=ptr D98F49:720 D7FB5C:28 DB8CB6:180 12B0A09:0 16E8861:0 D8F242:0 D8B348:0 D8B9B5:0 12B2284:0 D2F672:0 D8492B:28 D7FF2C:28 F4276C:0 CE3C40:0 1292634:0 B35BEE:180
client level=warn t=1947109 ev=vr.probe pose in_pos=66.36,-12.27,6.63 in_fwd=-0.994,0.064,-0.087 in_fov=1.2364 out_pos=66.36,-12.27,6.63 out_fwd=-0.994,0.064,-0.087 out_fov=1.2364
client level=warn t=1948171 ev=vr.pad stats injected=4 held=0 mouse=0,0 move=0.00,0.00 turn=0.00,0.00 trig=0.00,0.00 buttons=0x0
client level=warn t=1948796 ev=vr.weapon callers path=getter D5D832:0 B363FA:540 B3598D:180 B40A78:0
client level=warn t=1948796 ev=vr.weapon callers path=ptr D98F49:720 D7FB5C:26 DB8CB6:180 12B0A09:0 16E8861:0 D8F242:0 D8B348:0 D8B9B5:0 12B2284:0 D2F672:0 D8492B:26 D7FF2C:26 F4276C:0 CE3C40:0 1292634:0 B35BEE:180
client level=warn t=1948796 ev=vr.probe pose in_pos=66.34,-12.45,6.72 in_fwd=-0.994,0.064,-0.087 in_fov=1.2364 out_pos=66.34,-12.45,6.72 out_fwd=-0.994,0.064,-0.087 out_fov=1.2364
client level=warn t=1950000 ev=vr.pad stats injected=4 held=0 mouse=0,0 move=0.00,0.00 turn=0.00,0.00 trig=0.00,0.00 buttons=0x0
client level=warn t=1950734 ev=vr.weapon callers path=getter D5D832:0 B363FA:540 B3598D:180 B40A78:0
client level=warn t=1950734 ev=vr.weapon callers path=ptr D98F49:720 D7FB5C:17 DB8CB6:180 12B0A09:0 16E8861:0 D8F242:0 D8B348:0 D8B9B5:0 12B2284:0 D2F672:0 D8492B:17 D7FF2C:17 F4276C:0 CE3C40:0 1292634:0 B35BEE:180
client level=warn t=1950734 ev=vr.probe pose in_pos=66.36,-12.23,6.71 in_fwd=-0.994,0.064,-0.087 in_fov=1.2364 out_pos=66.36,-12.23,6.71 out_fwd=-0.994,0.064,-0.087 out_fov=1.2364
client level=warn t=1952031 ev=vr.pad stats injected=4 held=0 mouse=0,0 move=0.00,0.00 turn=0.00,0.00 trig=0.00,0.00 buttons=0x0
client level=warn t=1952859 ev=vr.weapon callers path=getter D5D832:0 B363FA:540 B3598D:180 B40A78:0
client level=warn t=1952859 ev=vr.weapon callers path=ptr D98F49:720 D7FB5C:22 DB8CB6:180 12B0A09:0 16E8861:0 D8F242:0 D8B348:0 D8B9B5:0 12B2284:0 D2F672:0 D8492B:22 D7FF2C:22 F4276C:0 CE3C40:0 1292634:0 B35BEE:180
client level=warn t=1952859 ev=vr.probe pose in_pos=66.38,-11.89,6.73 in_fwd=-0.994,0.064,-0.087 in_fov=1.2364 out_pos=66.38,-11.89,6.73 out_fwd=-0.994,0.064,-0.087 out_fov=1.2364
client level=warn t=1954156 ev=vr.pad stats injected=4 held=0 mouse=0,0 move=0.00,0.00 turn=0.00,0.00 trig=0.00,0.00 buttons=0x0
client level=warn t=1954734 ev=vr.weapon callers path=getter D5D832:0 B363FA:540 B3598D:180 B40A78:0
client level=warn t=1954734 ev=vr.weapon callers path=ptr D98F49:720 D7FB5C:23 DB8CB6:180 12B0A09:0 16E8861:0 D8F242:0 D8B348:0 D8B9B5:0 12B2284:0 D2F672:0 D8492B:23 D7FF2C:23 F4276C:0 CE3C40:0 1292634:0 B35BEE:180
client level=warn t=1954734 ev=vr.probe pose in_pos=66.33,-11.64,7.44 in_fwd=-0.994,0.064,-0.087 in_fov=1.2364 out_pos=66.33,-11.64,7.44 out_fwd=-0.994,0.064,-0.087 out_fov=1.2364
client level=warn t=1955765 ev=vr.pad stats injected=4 held=0 mouse=0,0 move=0.00,0.00 turn=0.00,0.00 trig=0.00,0.00 buttons=0x0
client level=warn t=1956500 ev=vr.weapon callers path=getter D5D832:0 B363FA:540 B3598D:180 B40A78:0
client level=warn t=1956500 ev=vr.weapon callers path=ptr D98F49:720 D7FB5C:26 DB8CB6:180 12B0A09:0 16E8861:0 D8F242:0 D8B348:0 D8B9B5:0 12B2284:0 D2F672:0 D8492B:25 D7FF2C:25 F4276C:0 CE3C40:0 1292634:0 B35BEE:180
client level=warn t=1956500 ev=vr.probe pose in_pos=66.31,-11.42,7.84 in_fwd=-0.994,0.064,-0.087 in_fov=1.2364 out_pos=66.31,-11.42,7.84 out_fwd=-0.994,0.064,-0.087 out_fov=1.2364
client level=warn t=1957796 ev=vr.pad stats injected=4 held=0 mouse=0,0 move=0.00,0.00 turn=0.00,0.00 trig=0.00,0.00 buttons=0x0
client level=warn t=1958593 ev=vr.weapon callers path=getter D5D832:0 B363FA:540 B3598D:180 B40A78:0
client level=warn t=1958593 ev=vr.weapon callers path=ptr D98F49:720 D7FB5C:23 DB8CB6:180 12B0A09:0 16E8861:0 D8F242:0 D8B348:0 D8B9B5:0 12B2284:0 D2F672:0 D8492B:24 D7FF2C:23 F4276C:0 CE3C40:0 1292634:0 B35BEE:180
client level=warn t=1958593 ev=vr.probe pose in_pos=66.38,-11.19,7.27 in_fwd=-0.994,0.064,-0.087 in_fov=1.2364 out_pos=66.38,-11.19,7.27 out_fwd=-0.994,0.064,-0.087 out_fov=1.2364
client level=warn t=1959812 ev=vr.pad stats injected=4 held=0 mouse=0,0 move=0.00,0.00 turn=0.00,0.00 trig=0.00,0.00 buttons=0x0
client level=warn t=1960468 ev=vr.weapon callers path=getter D5D832:0 B363FA:540 B3598D:180 B40A78:0
client level=warn t=1960468 ev=vr.weapon callers path=ptr D98F49:720 D7FB5C:21 DB8CB6:180 12B0A09:0 16E8861:0 D8F242:0 D8B348:0 D8B9B5:0 12B2284:0 D2F672:0 D8492B:21 D7FF2C:22 F4276C:0 CE3C40:0 1292634:0 B35BEE:180
client level=warn t=1960468 ev=vr.probe pose in_pos=66.39,-11.32,7.02 in_fwd=-0.994,0.064,-0.087 in_fov=1.2364 out_pos=66.39,-11.32,7.02 out_fwd=-0.994,0.064,-0.087 out_fov=1.2364
client level=warn t=1961609 ev=vr.pad stats injected=4 held=0 mouse=0,0 move=0.00,0.00 turn=0.00,0.00 trig=0.00,0.00 buttons=0x0
client level=warn t=1962250 ev=vr.weapon callers path=getter D5D832:0 B363FA:540 B3598D:180 B40A78:0
client level=warn t=1962250 ev=vr.weapon callers path=ptr D98F49:720 D7FB5C:27 DB8CB6:180 12B0A09:0 16E8861:0 D8F242:0 D8B348:0 D8B9B5:0 12B2284:0 D2F672:0 D8492B:27 D7FF2C:27 F4276C:0 CE3C40:0 1292634:0 B35BEE:180
client level=warn t=1962265 ev=vr.probe pose in_pos=66.40,-11.63,6.63 in_fwd=-0.994,0.064,-0.087 in_fov=1.2364 out_pos=66.40,-11.63,6.63 out_fwd=-0.994,0.064,-0.087 out_fov=1.2364
client level=warn t=1963328 ev=vr.pad stats injected=4 held=0 mouse=0,0 move=0.00,0.00 turn=0.00,0.00 trig=0.00,0.00 buttons=0x0
client level=warn t=1963953 ev=vr.weapon callers path=getter D5D832:0 B363FA:540 B3598D:180 B40A78:0
client level=warn t=1963953 ev=vr.weapon callers path=ptr D98F49:720 D7FB5C:28 DB8CB6:180 12B0A09:0 16E8861:0 D8F242:0 D8B348:0 D8B9B5:0 12B2284:0 D2F672:0 D8492B:28 D7FF2C:28 F4276C:0 CE3C40:0 1292634:0 B35BEE:180
client level=warn t=1963968 ev=vr.probe pose in_pos=66.39,-11.64,6.78 in_fwd=-0.994,0.064,-0.087 in_fov=1.2364 out_pos=66.39,-11.64,6.78 out_fwd=-0.994,0.064,-0.087 out_fov=1.2364
client level=warn t=1965093 ev=vr.pad stats injected=4 held=0 mouse=0,0 move=0.00,0.00 turn=0.00,0.00 trig=0.00,0.00 buttons=0x0
client level=warn t=1965750 ev=vr.weapon callers path=getter D5D832:0 B363FA:540 B3598D:180 B40A78:0
client level=warn t=1965750 ev=vr.weapon callers path=ptr D98F49:720 D7FB5C:29 DB8CB6:180 12B0A09:0 16E8861:0 D8F242:0 D8B348:0 D8B9B5:0 12B2284:0 D2F672:0 D8492B:28 D7FF2C:28 F4276C:0 CE3C40:0 1292634:0 B35BEE:180
client level=warn t=1965750 ev=vr.probe pose in_pos=66.37,-11.59,7.07 in_fwd=-0.994,0.064,-0.087 in_fov=1.2364 out_pos=66.37,-11.59,7.07 out_fwd=-0.994,0.064,-0.087 out_fov=1.2364
client level=warn t=1966984 ev=vr.pad stats injected=4 held=0 mouse=0,0 move=0.00,0.00 turn=0.00,0.00 trig=0.00,0.00 buttons=0x0
client level=warn t=1967671 ev=vr.weapon callers path=getter D5D832:0 B363FA:540 B3598D:180 B40A78:0
client level=warn t=1967671 ev=vr.weapon callers path=ptr D98F49:720 D7FB5C:20 DB8CB6:180 12B0A09:0 16E8861:0 D8F242:0 D8B348:0 D8B9B5:0 12B2284:0 D2F672:0 D8492B:20 D7FF2C:20 F4276C:0 CE3C40:0 1292634:0 B35BEE:180
client level=warn t=1967671 ev=vr.probe pose in_pos=66.39,-11.34,6.99 in_fwd=-0.994,0.064,-0.087 in_fov=1.2364 out_pos=66.39,-11.34,6.99 out_fwd=-0.994,0.064,-0.087 out_fov=1.2364
client level=warn t=1968812 ev=vr.pad stats injected=4 held=0 mouse=0,0 move=0.00,0.00 turn=0.00,0.00 trig=0.00,0.00 buttons=0x0
client level=warn t=1969453 ev=vr.weapon callers path=getter D5D832:0 B363FA:540 B3598D:180 B40A78:0
client level=warn t=1969453 ev=vr.weapon callers path=ptr D98F49:720 D7FB5C:27 DB8CB6:180 12B0A09:0 16E8861:0 D8F242:0 D8B348:0 D8B9B5:0 12B2284:0 D2F672:0 D8492B:28 D7FF2C:28 F4276C:0 CE3C40:0 1292634:0 B35BEE:180
client level=warn t=1969468 ev=vr.probe pose in_pos=66.44,-10.99,6.71 in_fwd=-0.994,0.064,-0.087 in_fov=1.2364 out_pos=66.44,-10.99,6.71 out_fwd=-0.994,0.064,-0.087 out_fov=1.2364
client level=warn t=1970687 ev=vr.pad stats injected=4 held=0 mouse=0,0 move=0.00,0.00 turn=0.00,0.00 trig=0.00,0.00 buttons=0x0
client level=warn t=1971390 ev=vr.weapon callers path=getter D5D832:0 B363FA:540 B3598D:180 B40A78:0
client level=warn t=1971390 ev=vr.weapon callers path=ptr D98F49:720 D7FB5C:27 DB8CB6:180 12B0A09:0 16E8861:0 D8F242:0 D8B348:0 D8B9B5:0 12B2284:0 D2F672:0 D8492B:27 D7FF2C:27 F4276C:0 CE3C40:0 1292634:0 B35BEE:180
client level=warn t=1971406 ev=vr.probe pose in_pos=66.46,-10.95,6.50 in_fwd=-0.994,0.064,-0.087 in_fov=1.2364 out_pos=66.46,-10.95,6.50 out_fwd=-0.994,0.064,-0.087 out_fov=1.2364
client level=warn t=1972734 ev=vr.pad stats injected=4 held=0 mouse=0,0 move=0.00,0.00 turn=0.00,0.00 trig=0.00,0.00 buttons=0x0
client level=warn t=1973468 ev=vr.weapon callers path=getter D5D832:0 B363FA:540 B3598D:180 B40A78:0
client level=warn t=1973468 ev=vr.weapon callers path=ptr D98F49:720 D7FB5C:24 DB8CB6:180 12B0A09:0 16E8861:0 D8F242:0 D8B348:0 D8B9B5:0 12B2284:0 D2F672:0 D8492B:24 D7FF2C:24 F4276C:0 CE3C40:0 1292634:0 B35BEE:180
client level=warn t=1973468 ev=vr.probe pose in_pos=66.45,-11.35,6.37 in_fwd=-0.994,0.064,-0.087 in_fov=1.2364 out_pos=66.45,-11.35,6.37 out_fwd=-0.994,0.064,-0.087 out_fov=1.2364
client level=warn t=1974718 ev=vr.pad stats injected=4 held=0 mouse=0,0 move=0.00,0.00 turn=0.00,0.00 trig=0.00,0.00 buttons=0x0
client level=warn t=1975390 ev=vr.weapon callers path=getter D5D832:0 B363FA:540 B3598D:180 B40A78:0
client level=warn t=1975390 ev=vr.weapon callers path=ptr D98F49:720 D7FB5C:25 DB8CB6:180 12B0A09:0 16E8861:0 D8F242:0 D8B348:0 D8B9B5:0 12B2284:0 D2F672:0 D8492B:25 D7FF2C:25 F4276C:0 CE3C40:0 1292634:0 B35BEE:180
client level=warn t=1975406 ev=vr.probe pose in_pos=66.41,-11.80,6.42 in_fwd=-0.994,0.064,-0.087 in_fov=1.2364 out_pos=66.41,-11.80,6.42 out_fwd=-0.994,0.064,-0.087 out_fov=1.2364
client level=warn t=1976562 ev=vr.pad stats injected=4 held=0 mouse=0,0 move=0.00,0.00 turn=0.00,0.00 trig=0.00,0.00 buttons=0x0
client level=warn t=1977250 ev=vr.weapon callers path=getter D5D832:0 B363FA:540 B3598D:180 B40A78:0
client level=warn t=1977250 ev=vr.weapon callers path=ptr D98F49:720 D7FB5C:26 DB8CB6:180 12B0A09:0 16E8861:0 D8F242:0 D8B348:0 D8B9B5:0 12B2284:0 D2F672:0 D8492B:26 D7FF2C:26 F4276C:0 CE3C40:0 1292634:0 B35BEE:180
client level=warn t=1977250 ev=vr.probe pose in_pos=66.36,-12.30,6.64 in_fwd=-0.994,0.064,-0.087 in_fov=1.2364 out_pos=66.36,-12.30,6.64 out_fwd=-0.994,0.064,-0.087 out_fov=1.2364
client level=warn t=1978375 ev=vr.pad stats injected=4 held=0 mouse=0,0 move=0.00,0.00 turn=0.00,0.00 trig=0.00,0.00 buttons=0x0
client level=warn t=1979046 ev=vr.weapon callers path=getter D5D832:0 B363FA:540 B3598D:180 B40A78:0
client level=warn t=1979046 ev=vr.weapon callers path=ptr D98F49:720 D7FB5C:29 DB8CB6:180 12B0A09:0 16E8861:0 D8F242:0 D8B348:0 D8B9B5:0 12B2284:0 D2F672:0 D8492B:29 D7FF2C:29 F4276C:0 CE3C40:0 1292634:0 B35BEE:180
client level=warn t=1979046 ev=vr.probe pose in_pos=66.35,-12.44,6.72 in_fwd=-0.994,0.064,-0.087 in_fov=1.2364 out_pos=66.35,-12.44,6.72 out_fwd=-0.994,0.064,-0.087 out_fov=1.2364
client level=warn t=1980250 ev=vr.pad stats injected=4 held=0 mouse=0,0 move=0.00,0.00 turn=0.00,0.00 trig=0.00,0.00 buttons=0x0
client level=warn t=1980937 ev=vr.weapon callers path=getter D5D832:0 B363FA:540 B3598D:180 B40A78:0
client level=warn t=1980937 ev=vr.weapon callers path=ptr D98F49:720 D7FB5C:25 DB8CB6:180 12B0A09:0 16E8861:0 D8F242:0 D8B348:0 D8B9B5:0 12B2284:0 D2F672:0 D8492B:25 D7FF2C:25 F4276C:0 CE3C40:0 1292634:0 B35BEE:180
client level=warn t=1980953 ev=vr.probe pose in_pos=66.36,-12.19,6.71 in_fwd=-0.994,0.064,-0.087 in_fov=1.2364 out_pos=66.36,-12.19,6.71 out_fwd=-0.994,0.064,-0.087 out_fov=1.2364
client level=warn t=1982156 ev=vr.pad stats injected=4 held=0 mouse=0,0 move=0.00,0.00 turn=0.00,0.00 trig=0.00,0.00 buttons=0x0
client level=warn t=1982875 ev=vr.weapon callers path=getter D5D832:0 B363FA:540 B3598D:180 B40A78:0
client level=warn t=1982875 ev=vr.weapon callers path=ptr D98F49:720 D7FB5C:25 DB8CB6:180 12B0A09:0 16E8861:0 D8F242:0 D8B348:0 D8B9B5:0 12B2284:0 D2F672:0 D8492B:25 D7FF2C:24 F4276C:0 CE3C40:0 1292634:0 B35BEE:180
client level=warn t=1982890 ev=vr.probe pose in_pos=66.38,-11.89,6.73 in_fwd=-0.994,0.064,-0.087 in_fov=1.2364 out_pos=66.38,-11.89,6.73 out_fwd=-0.994,0.064,-0.087 out_fov=1.2364
client level=warn t=1984093 ev=vr.pad stats injected=4 held=0 mouse=0,0 move=0.00,0.00 turn=0.00,0.00 trig=0.00,0.00 buttons=0x0
client level=warn t=1984750 ev=vr.weapon callers path=getter D5D832:0 B363FA:540 B3598D:180 B40A78:0
client level=warn t=1984750 ev=vr.weapon callers path=ptr D98F49:720 D7FB5C:25 DB8CB6:180 12B0A09:0 16E8861:0 D8F242:0 D8B348:0 D8B9B5:0 12B2284:0 D2F672:0 D8492B:25 D7FF2C:26 F4276C:0 CE3C40:0 1292634:0 B35BEE:180
client level=warn t=1984750 ev=vr.probe pose in_pos=66.33,-11.64,7.44 in_fwd=-0.994,0.064,-0.087 in_fov=1.2364 out_pos=66.33,-11.64,7.44 out_fwd=-0.994,0.064,-0.087 out_fov=1.2364
client level=warn t=1985937 ev=vr.pad stats injected=4 held=0 mouse=0,0 move=0.00,0.00 turn=0.00,0.00 trig=0.00,0.00 buttons=0x0
client level=warn t=1986625 ev=vr.weapon callers path=getter D5D832:0 B363FA:540 B3598D:180 B40A78:0
client level=warn t=1986625 ev=vr.weapon callers path=ptr D98F49:720 D7FB5C:28 DB8CB6:180 12B0A09:0 16E8861:0 D8F242:0 D8B348:0 D8B9B5:0 12B2284:0 D2F672:0 D8492B:28 D7FF2C:28 F4276C:0 CE3C40:0 1292634:0 B35BEE:180
client level=warn t=1986640 ev=vr.probe pose in_pos=66.32,-11.40,7.82 in_fwd=-0.994,0.064,-0.087 in_fov=1.2364 out_pos=66.32,-11.40,7.82 out_fwd=-0.994,0.064,-0.087 out_fov=1.2364
client level=warn t=1987796 ev=vr.pad stats injected=4 held=0 mouse=0,0 move=0.00,0.00 turn=0.00,0.00 trig=0.00,0.00 buttons=0x0
client level=warn t=1988484 ev=vr.weapon callers path=getter D5D832:0 B363FA:540 B3598D:180 B40A78:0
client level=warn t=1988484 ev=vr.weapon callers path=ptr D98F49:720 D7FB5C:28 DB8CB6:180 12B0A09:0 16E8861:0 D8F242:0 D8B348:0 D8B9B5:0 12B2284:0 D2F672:0 D8492B:28 D7FF2C:28 F4276C:0 CE3C40:0 1292634:0 B35BEE:180
client level=warn t=1988500 ev=vr.probe pose in_pos=66.37,-11.19,7.30 in_fwd=-0.994,0.064,-0.087 in_fov=1.2364 out_pos=66.37,-11.19,7.30 out_fwd=-0.994,0.064,-0.087 out_fov=1.2364
client level=warn t=1989703 ev=vr.pad stats injected=4 held=0 mouse=0,0 move=0.00,0.00 turn=0.00,0.00 trig=0.00,0.00 buttons=0x0
client level=warn t=1990375 ev=vr.weapon callers path=getter D5D832:0 B363FA:540 B3598D:180 B40A78:0
client level=warn t=1990375 ev=vr.weapon callers path=ptr D98F49:720 D7FB5C:27 DB8CB6:180 12B0A09:0 16E8861:0 D8F242:0 D8B348:0 D8B9B5:0 12B2284:0 D2F672:0 D8492B:26 D7FF2C:26 F4276C:0 CE3C40:0 1292634:0 B35BEE:180
client level=warn t=1990375 ev=vr.probe pose in_pos=66.39,-11.30,7.04 in_fwd=-0.994,0.064,-0.087 in_fov=1.2364 out_pos=66.39,-11.30,7.04 out_fwd=-0.994,0.064,-0.087 out_fov=1.2364
client level=warn t=1991437 ev=vr.pad stats injected=4 held=0 mouse=0,0 move=0.00,0.00 turn=0.00,0.00 trig=0.00,0.00 buttons=0x0
client level=warn t=1992125 ev=vr.weapon callers path=getter D5D832:0 B363FA:540 B3598D:180 B40A78:0
client level=warn t=1992125 ev=vr.weapon callers path=ptr D98F49:720 D7FB5C:23 DB8CB6:180 12B0A09:0 16E8861:0 D8F242:0 D8B348:0 D8B9B5:0 12B2284:0 D2F672:0 D8492B:23 D7FF2C:23 F4276C:0 CE3C40:0 1292634:0 B35BEE:180
client level=warn t=1992140 ev=vr.probe pose in_pos=66.40,-11.62,6.65 in_fwd=-0.994,0.064,-0.087 in_fov=1.2364 out_pos=66.40,-11.62,6.65 out_fwd=-0.994,0.064,-0.087 out_fov=1.2364
client level=warn t=1993281 ev=vr.pad stats injected=4 held=0 mouse=0,0 move=0.00,0.00 turn=0.00,0.00 trig=0.00,0.00 buttons=0x0
client level=warn t=1993937 ev=vr.weapon callers path=getter D5D832:0 B363FA:540 B3598D:180 B40A78:0
client level=warn t=1993937 ev=vr.weapon callers path=ptr D98F49:720 D7FB5C:26 DB8CB6:180 12B0A09:0 16E8861:0 D8F242:0 D8B348:0 D8B9B5:0 12B2284:0 D2F672:0 D8492B:27 D7FF2C:27 F4276C:0 CE3C40:0 1292634:0 B35BEE:180
client level=warn t=1993937 ev=vr.probe pose in_pos=66.39,-11.64,6.77 in_fwd=-0.994,0.064,-0.087 in_fov=1.2364 out_pos=66.39,-11.64,6.77 out_fwd=-0.994,0.064,-0.087 out_fov=1.2364
client level=warn t=1996859 ev=vr.pad stats injected=4 held=0 mouse=0,0 move=0.00,0.00 turn=0.00,0.00 trig=0.00,0.00 buttons=0x0
client level=warn t=1999093 ev=vr.weapon callers path=getter D5D832:0 B363FA:540 B3598D:180 B40A78:0
client level=warn t=1999093 ev=vr.weapon callers path=ptr D98F49:720 D7FB5C:26 DB8CB6:180 12B0A09:0 16E8861:0 D8F242:0 D8B348:0 D8B9B5:0 12B2284:0 D2F672:0 D8492B:26 D7FF2C:26 F4276C:0 CE3C40:0 1292634:0 B35BEE:180
client level=warn t=1999093 ev=vr.probe pose in_pos=66.43,-11.07,6.79 in_fwd=-0.994,0.064,-0.087 in_fov=1.2364 out_pos=66.43,-11.07,6.79 out_fwd=-0.994,0.064,-0.087 out_fov=1.2364
client level=warn t=2002875 ev=vr.pad stats injected=4 held=0 mouse=0,0 move=0.00,0.00 turn=0.00,0.00 trig=0.00,0.00 buttons=0x0
client level=warn t=2005093 ev=vr.weapon callers path=getter D5D832:0 B363FA:540 B3598D:180 B40A78:0
client level=warn t=2005093 ev=vr.weapon callers path=ptr D98F49:720 D7FB5C:29 DB8CB6:180 12B0A09:0 16E8861:0 D8F242:0 D8B348:0 D8B9B5:0 12B2284:0 D2F672:0 D8492B:29 D7FF2C:29 F4276C:0 CE3C40:0 1292634:0 B35BEE:180
client level=warn t=2005109 ev=vr.probe pose in_pos=66.42,-11.69,6.39 in_fwd=-0.994,0.064,-0.087 in_fov=1.2364 out_pos=66.42,-11.69,6.39 out_fwd=-0.994,0.064,-0.087 out_fov=1.2364
client level=warn t=2008875 ev=vr.pad stats injected=4 held=0 mouse=0,0 move=0.00,0.00 turn=0.00,0.00 trig=0.00,0.00 buttons=0x0
client level=warn t=2011109 ev=vr.weapon callers path=getter D5D832:0 B363FA:540 B3598D:180 B40A78:0
client level=warn t=2011109 ev=vr.weapon callers path=ptr D98F49:720 D7FB5C:30 DB8CB6:180 12B0A09:0 16E8861:0 D8F242:0 D8B348:0 D8B9B5:0 12B2284:0 D2F672:0 D8492B:30 D7FF2C:30 F4276C:0 CE3C40:0 1292634:0 B35BEE:180
client level=warn t=2011109 ev=vr.probe pose in_pos=66.36,-12.18,6.71 in_fwd=-0.994,0.064,-0.087 in_fov=1.2364 out_pos=66.36,-12.18,6.71 out_fwd=-0.994,0.064,-0.087 out_fov=1.2364
client level=warn t=2014890 ev=vr.pad stats injected=4 held=0 mouse=0,0 move=0.00,0.00 turn=0.00,0.00 trig=0.00,0.00 buttons=0x0
client level=warn t=2017109 ev=vr.weapon callers path=getter D5D832:0 B363FA:540 B3598D:180 B40A78:0
client level=warn t=2017109 ev=vr.weapon callers path=ptr D98F49:720 D7FB5C:30 DB8CB6:180 12B0A09:0 16E8861:0 D8F242:0 D8B348:0 D8B9B5:0 12B2284:0 D2F672:0 D8492B:29 D7FF2C:29 F4276C:0 CE3C40:0 1292634:0 B35BEE:180
client level=warn t=2017125 ev=vr.probe pose in_pos=66.33,-11.35,7.74 in_fwd=-0.994,0.064,-0.087 in_fov=1.2364 out_pos=66.33,-11.35,7.74 out_fwd=-0.994,0.064,-0.087 out_fov=1.2364
client level=warn t=2020890 ev=vr.pad stats injected=4 held=0 mouse=0,0 move=0.00,0.00 turn=0.00,0.00 trig=0.00,0.00 buttons=0x0
client level=warn t=2023125 ev=vr.weapon callers path=getter D5D832:0 B363FA:540 B3598D:180 B40A78:0
client level=warn t=2023125 ev=vr.weapon callers path=ptr D98F49:720 D7FB5C:30 DB8CB6:180 12B0A09:0 16E8861:0 D8F242:0 D8B348:0 D8B9B5:0 12B2284:0 D2F672:0 D8492B:30 D7FF2C:30 F4276C:0 CE3C40:0 1292634:0 B35BEE:180
client level=warn t=2023125 ev=vr.probe pose in_pos=66.40,-11.64,6.64 in_fwd=-0.994,0.064,-0.087 in_fov=1.2364 out_pos=66.40,-11.64,6.64 out_fwd=-0.994,0.064,-0.087 out_fov=1.2364
client level=warn t=2026906 ev=vr.pad stats injected=4 held=0 mouse=0,0 move=0.00,0.00 turn=0.00,0.00 trig=0.00,0.00 buttons=0x0
client level=warn t=2029125 ev=vr.weapon callers path=getter D5D832:0 B363FA:540 B3598D:180 B40A78:0
client level=warn t=2029125 ev=vr.weapon callers path=ptr D98F49:720 D7FB5C:29 DB8CB6:180 12B0A09:0 16E8861:0 D8F242:0 D8B348:0 D8B9B5:0 12B2284:0 D2F672:0 D8492B:30 D7FF2C:30 F4276C:0 CE3C40:0 1292634:0 B35BEE:180
client level=warn t=2029140 ev=vr.probe pose in_pos=66.43,-11.07,6.78 in_fwd=-0.994,0.064,-0.087 in_fov=1.2364 out_pos=66.43,-11.07,6.78 out_fwd=-0.994,0.064,-0.087 out_fov=1.2364
client level=warn t=2032906 ev=vr.pad stats injected=4 held=0 mouse=0,0 move=0.00,0.00 turn=0.00,0.00 trig=0.00,0.00 buttons=0x0
client level=warn t=2035140 ev=vr.weapon callers path=getter D5D832:0 B363FA:540 B3598D:180 B40A78:0
client level=warn t=2035140 ev=vr.weapon callers path=ptr D98F49:720 D7FB5C:30 DB8CB6:180 12B0A09:0 16E8861:0 D8F242:0 D8B348:0 D8B9B5:0 12B2284:0 D2F672:0 D8492B:30 D7FF2C:30 F4276C:0 CE3C40:0 1292634:0 B35BEE:180
client level=warn t=2035140 ev=vr.probe pose in_pos=66.42,-11.70,6.39 in_fwd=-0.994,0.064,-0.087 in_fov=1.2364 out_pos=66.42,-11.70,6.39 out_fwd=-0.994,0.064,-0.087 out_fov=1.2364
client level=warn t=2038921 ev=vr.pad stats injected=4 held=0 mouse=0,0 move=0.00,0.00 turn=0.00,0.00 trig=0.00,0.00 buttons=0x0
client level=warn t=2041140 ev=vr.weapon callers path=getter D5D832:0 B363FA:540 B3598D:180 B40A78:0
client level=warn t=2041140 ev=vr.weapon callers path=ptr D98F49:720 D7FB5C:30 DB8CB6:180 12B0A09:0 16E8861:0 D8F242:0 D8B348:0 D8B9B5:0 12B2284:0 D2F672:0 D8492B:30 D7FF2C:30 F4276C:0 CE3C40:0 1292634:0 B35BEE:180
client level=warn t=2041156 ev=vr.probe pose in_pos=66.36,-12.17,6.71 in_fwd=-0.994,0.064,-0.087 in_fov=1.2364 out_pos=66.36,-12.17,6.71 out_fwd=-0.994,0.064,-0.087 out_fov=1.2364
client level=warn t=2044921 ev=vr.pad stats injected=4 held=0 mouse=0,0 move=0.00,0.00 turn=0.00,0.00 trig=0.00,0.00 buttons=0x0
client level=warn t=2047156 ev=vr.weapon callers path=getter D5D832:0 B363FA:540 B3598D:180 B40A78:0
client level=warn t=2047156 ev=vr.weapon callers path=ptr D98F49:720 D7FB5C:30 DB8CB6:180 12B0A09:0 16E8861:0 D8F242:0 D8B348:0 D8B9B5:0 12B2284:0 D2F672:0 D8492B:30 D7FF2C:29 F4276C:0 CE3C40:0 1292634:0 B35BEE:180
client level=warn t=2047156 ev=vr.probe pose in_pos=66.33,-11.35,7.73 in_fwd=-0.994,0.064,-0.087 in_fov=1.2364 out_pos=66.33,-11.35,7.73 out_fwd=-0.994,0.064,-0.087 out_fov=1.2364
client level=warn t=2050937 ev=vr.pad stats injected=4 held=0 mouse=0,0 move=0.00,0.00 turn=0.00,0.00 trig=0.00,0.00 buttons=0x0
client level=warn t=2053156 ev=vr.weapon callers path=getter D5D832:0 B363FA:540 B3598D:180 B40A78:0
client level=warn t=2053156 ev=vr.weapon callers path=ptr D98F49:720 D7FB5C:30 DB8CB6:180 12B0A09:0 16E8861:0 D8F242:0 D8B348:0 D8B9B5:0 12B2284:0 D2F672:0 D8492B:30 D7FF2C:30 F4276C:0 CE3C40:0 1292634:0 B35BEE:180
client level=warn t=2053171 ev=vr.probe pose in_pos=66.40,-11.64,6.64 in_fwd=-0.994,0.064,-0.087 in_fov=1.2364 out_pos=66.40,-11.64,6.64 out_fwd=-0.994,0.064,-0.087 out_fov=1.2364
client level=warn t=2056937 ev=vr.pad stats injected=4 held=0 mouse=0,0 move=0.00,0.00 turn=0.00,0.00 trig=0.00,0.00 buttons=0x0
client level=warn t=2059171 ev=vr.weapon callers path=getter D5D832:0 B363FA:540 B3598D:180 B40A78:0
client level=warn t=2059171 ev=vr.weapon callers path=ptr D98F49:720 D7FB5C:29 DB8CB6:180 12B0A09:0 16E8861:0 D8F242:0 D8B348:0 D8B9B5:0 12B2284:0 D2F672:0 D8492B:29 D7FF2C:30 F4276C:0 CE3C40:0 1292634:0 B35BEE:180
client level=warn t=2059171 ev=vr.probe pose in_pos=66.43,-11.06,6.78 in_fwd=-0.994,0.064,-0.087 in_fov=1.2364 out_pos=66.43,-11.06,6.78 out_fwd=-0.994,0.064,-0.087 out_fov=1.2364
client level=warn t=2062953 ev=vr.pad stats injected=4 held=0 mouse=0,0 move=0.00,0.00 turn=0.00,0.00 trig=0.00,0.00 buttons=0x0
client level=warn t=2065171 ev=vr.weapon callers path=getter D5D832:0 B363FA:540 B3598D:180 B40A78:0
client level=warn t=2065187 ev=vr.weapon callers path=ptr D98F49:720 D7FB5C:30 DB8CB6:180 12B0A09:0 16E8861:0 D8F242:0 D8B348:0 D8B9B5:0 12B2284:0 D2F672:0 D8492B:30 D7FF2C:30 F4276C:0 CE3C40:0 1292634:0 B35BEE:180
client level=warn t=2065187 ev=vr.probe pose in_pos=66.42,-11.71,6.39 in_fwd=-0.994,0.064,-0.087 in_fov=1.2364 out_pos=66.42,-11.71,6.39 out_fwd=-0.994,0.064,-0.087 out_fov=1.2364
client level=warn t=2068953 ev=vr.pad stats injected=4 held=0 mouse=0,0 move=0.00,0.00 turn=0.00,0.00 trig=0.00,0.00 buttons=0x0
client level=warn t=2071187 ev=vr.weapon callers path=getter D5D832:0 B363FA:540 B3598D:180 B40A78:0
client level=warn t=2071187 ev=vr.weapon callers path=ptr D98F49:720 D7FB5C:30 DB8CB6:180 12B0A09:0 16E8861:0 D8F242:0 D8B348:0 D8B9B5:0 12B2284:0 D2F672:0 D8492B:30 D7FF2C:30 F4276C:0 CE3C40:0 1292634:0 B35BEE:180
client level=warn t=2071187 ev=vr.probe pose in_pos=66.36,-12.17,6.71 in_fwd=-0.994,0.064,-0.087 in_fov=1.2364 out_pos=66.36,-12.17,6.71 out_fwd=-0.994,0.064,-0.087 out_fov=1.2364
client level=warn t=2074968 ev=vr.pad stats injected=4 held=0 mouse=0,0 move=0.00,0.00 turn=0.00,0.00 trig=0.00,0.00 buttons=0x0
client level=warn t=2077203 ev=vr.weapon callers path=getter D5D832:0 B363FA:540 B3598D:180 B40A78:0
client level=warn t=2077203 ev=vr.weapon callers path=ptr D98F49:720 D7FB5C:30 DB8CB6:180 12B0A09:0 16E8861:0 D8F242:0 D8B348:0 D8B9B5:0 12B2284:0 D2F672:0 D8492B:30 D7FF2C:30 F4276C:0 CE3C40:0 1292634:0 B35BEE:180
client level=warn t=2077203 ev=vr.probe pose in_pos=66.33,-11.34,7.72 in_fwd=-0.994,0.064,-0.087 in_fov=1.2364 out_pos=66.33,-11.34,7.72 out_fwd=-0.994,0.064,-0.087 out_fov=1.2364
client level=warn t=2080968 ev=vr.pad stats injected=4 held=0 mouse=0,0 move=0.00,0.00 turn=0.00,0.00 trig=0.00,0.00 buttons=0x0
client level=warn t=2083203 ev=vr.weapon callers path=getter D5D832:0 B363FA:540 B3598D:180 B40A78:0
client level=warn t=2083203 ev=vr.weapon callers path=ptr D98F49:720 D7FB5C:30 DB8CB6:180 12B0A09:0 16E8861:0 D8F242:0 D8B348:0 D8B9B5:0 12B2284:0 D2F672:0 D8492B:30 D7FF2C:30 F4276C:0 CE3C40:0 1292634:0 B35BEE:180
client level=warn t=2083203 ev=vr.probe pose in_pos=66.40,-11.64,6.65 in_fwd=-0.994,0.064,-0.087 in_fov=1.2364 out_pos=66.40,-11.64,6.65 out_fwd=-0.994,0.064,-0.087 out_fov=1.2364
client level=warn t=2086984 ev=vr.pad stats injected=4 held=0 mouse=0,0 move=0.00,0.00 turn=0.00,0.00 trig=0.00,0.00 buttons=0x0
client level=warn t=2089218 ev=vr.weapon callers path=getter D5D832:0 B363FA:540 B3598D:180 B40A78:0
client level=warn t=2089218 ev=vr.weapon callers path=ptr D98F49:720 D7FB5C:30 DB8CB6:180 12B0A09:0 16E8861:0 D8F242:0 D8B348:0 D8B9B5:0 12B2284:0 D2F672:0 D8492B:29 D7FF2C:29 F4276C:0 CE3C40:0 1292634:0 B35BEE:180
client level=warn t=2089218 ev=vr.probe pose in_pos=66.43,-11.05,6.77 in_fwd=-0.994,0.064,-0.087 in_fov=1.2364 out_pos=66.43,-11.05,6.77 out_fwd=-0.994,0.064,-0.087 out_fov=1.2364
client level=warn t=2092984 ev=vr.pad stats injected=4 held=0 mouse=0,0 move=0.00,0.00 turn=0.00,0.00 trig=0.00,0.00 buttons=0x0
client level=warn t=2095218 ev=vr.weapon callers path=getter D5D832:0 B363FA:540 B3598D:180 B40A78:0
client level=warn t=2095218 ev=vr.weapon callers path=ptr D98F49:720 D7FB5C:30 DB8CB6:180 12B0A09:0 16E8861:0 D8F242:0 D8B348:0 D8B9B5:0 12B2284:0 D2F672:0 D8492B:30 D7FF2C:30 F4276C:0 CE3C40:0 1292634:0 B35BEE:180
client level=warn t=2095218 ev=vr.probe pose in_pos=66.42,-11.72,6.40 in_fwd=-0.994,0.064,-0.087 in_fov=1.2364 out_pos=66.42,-11.72,6.40 out_fwd=-0.994,0.064,-0.087 out_fov=1.2364
client level=warn t=2099000 ev=vr.pad stats injected=4 held=0 mouse=0,0 move=0.00,0.00 turn=0.00,0.00 trig=0.00,0.00 buttons=0x0
client level=warn t=2101234 ev=vr.weapon callers path=getter D5D832:0 B363FA:540 B3598D:180 B40A78:0
client level=warn t=2101234 ev=vr.weapon callers path=ptr D98F49:720 D7FB5C:29 DB8CB6:180 12B0A09:0 16E8861:0 D8F242:0 D8B348:0 D8B9B5:0 12B2284:0 D2F672:0 D8492B:30 D7FF2C:30 F4276C:0 CE3C40:0 1292634:0 B35BEE:180
client level=warn t=2101234 ev=vr.probe pose in_pos=66.36,-12.16,6.71 in_fwd=-0.994,0.064,-0.087 in_fov=1.2364 out_pos=66.36,-12.16,6.71 out_fwd=-0.994,0.064,-0.087 out_fov=1.2364
client level=warn t=2105015 ev=vr.pad stats injected=4 held=0 mouse=0,0 move=0.00,0.00 turn=0.00,0.00 trig=0.00,0.00 buttons=0x0
client level=warn t=2107234 ev=vr.weapon callers path=getter D5D832:0 B363FA:540 B3598D:180 B40A78:0
client level=warn t=2107234 ev=vr.weapon callers path=ptr D98F49:720 D7FB5C:30 DB8CB6:180 12B0A09:0 16E8861:0 D8F242:0 D8B348:0 D8B9B5:0 12B2284:0 D2F672:0 D8492B:30 D7FF2C:30 F4276C:0 CE3C40:0 1292634:0 B35BEE:180
client level=warn t=2107234 ev=vr.probe pose in_pos=66.33,-11.34,7.71 in_fwd=-0.994,0.064,-0.087 in_fov=1.2364 out_pos=66.33,-11.34,7.71 out_fwd=-0.994,0.064,-0.087 out_fov=1.2364
client level=warn t=2111015 ev=vr.pad stats injected=4 held=0 mouse=0,0 move=0.00,0.00 turn=0.00,0.00 trig=0.00,0.00 buttons=0x0
client level=warn t=2113250 ev=vr.weapon callers path=getter D5D832:0 B363FA:540 B3598D:180 B40A78:0
client level=warn t=2113250 ev=vr.weapon callers path=ptr D98F49:720 D7FB5C:30 DB8CB6:180 12B0A09:0 16E8861:0 D8F242:0 D8B348:0 D8B9B5:0 12B2284:0 D2F672:0 D8492B:30 D7FF2C:30 F4276C:0 CE3C40:0 1292634:0 B35BEE:180
client level=warn t=2113250 ev=vr.probe pose in_pos=66.40,-11.64,6.65 in_fwd=-0.994,0.064,-0.087 in_fov=1.2364 out_pos=66.40,-11.64,6.65 out_fwd=-0.994,0.064,-0.087 out_fov=1.2364
client level=warn t=2117031 ev=vr.pad stats injected=4 held=0 mouse=0,0 move=0.00,0.00 turn=0.00,0.00 trig=0.00,0.00 buttons=0x0
client level=warn t=2119250 ev=vr.weapon callers path=getter D5D832:0 B363FA:540 B3598D:180 B40A78:0
client level=warn t=2119250 ev=vr.weapon callers path=ptr D98F49:720 D7FB5C:30 DB8CB6:180 12B0A09:0 16E8861:0 D8F242:0 D8B348:0 D8B9B5:0 12B2284:0 D2F672:0 D8492B:30 D7FF2C:30 F4276C:0 CE3C40:0 1292634:0 B35BEE:180
client level=warn t=2119265 ev=vr.probe pose in_pos=66.43,-11.04,6.76 in_fwd=-0.994,0.064,-0.087 in_fov=1.2364 out_pos=66.43,-11.04,6.76 out_fwd=-0.994,0.064,-0.087 out_fov=1.2364
client level=warn t=2123031 ev=vr.pad stats injected=4 held=0 mouse=0,0 move=0.00,0.00 turn=0.00,0.00 trig=0.00,0.00 buttons=0x0
client level=warn t=2125265 ev=vr.weapon callers path=getter D5D832:0 B363FA:540 B3598D:180 B40A78:0
client level=warn t=2125265 ev=vr.weapon callers path=ptr D98F49:720 D7FB5C:30 DB8CB6:180 12B0A09:0 16E8861:0 D8F242:0 D8B348:0 D8B9B5:0 12B2284:0 D2F672:0 D8492B:30 D7FF2C:30 F4276C:0 CE3C40:0 1292634:0 B35BEE:180
client level=warn t=2125265 ev=vr.probe pose in_pos=66.42,-11.73,6.40 in_fwd=-0.994,0.064,-0.087 in_fov=1.2364 out_pos=66.42,-11.73,6.40 out_fwd=-0.994,0.064,-0.087 out_fov=1.2364
client level=warn t=2129046 ev=vr.pad stats injected=4 held=0 mouse=0,0 move=0.00,0.00 turn=0.00,0.00 trig=0.00,0.00 buttons=0x0
client level=warn t=2131265 ev=vr.weapon callers path=getter D5D832:0 B363FA:540 B3598D:180 B40A78:0
client level=warn t=2131265 ev=vr.weapon callers path=ptr D98F49:720 D7FB5C:30 DB8CB6:180 12B0A09:0 16E8861:0 D8F242:0 D8B348:0 D8B9B5:0 12B2284:0 D2F672:0 D8492B:30 D7FF2C:30 F4276C:0 CE3C40:0 1292634:0 B35BEE:180
client level=warn t=2131281 ev=vr.probe pose in_pos=66.36,-12.15,6.71 in_fwd=-0.994,0.064,-0.087 in_fov=1.2364 out_pos=66.36,-12.15,6.71 out_fwd=-0.994,0.064,-0.087 out_fov=1.2364
client level=warn t=2135046 ev=vr.pad stats injected=4 held=0 mouse=0,0 move=0.00,0.00 turn=0.00,0.00 trig=0.00,0.00 buttons=0x0
client level=warn t=2137281 ev=vr.weapon callers path=getter D5D832:0 B363FA:540 B3598D:180 B40A78:0
client level=warn t=2137281 ev=vr.weapon callers path=ptr D98F49:720 D7FB5C:30 DB8CB6:180 12B0A09:0 16E8861:0 D8F242:0 D8B348:0 D8B9B5:0 12B2284:0 D2F672:0 D8492B:30 D7FF2C:29 F4276C:0 CE3C40:0 1292634:0 B35BEE:180
client level=warn t=2137281 ev=vr.probe pose in_pos=66.33,-11.33,7.70 in_fwd=-0.994,0.064,-0.087 in_fov=1.2364 out_pos=66.33,-11.33,7.70 out_fwd=-0.994,0.064,-0.087 out_fov=1.2364
client level=warn t=2141062 ev=vr.pad stats injected=4 held=0 mouse=0,0 move=0.00,0.00 turn=0.00,0.00 trig=0.00,0.00 buttons=0x0
client level=warn t=2143296 ev=vr.weapon callers path=getter D5D832:0 B363FA:540 B3598D:180 B40A78:0
client level=warn t=2143296 ev=vr.weapon callers path=ptr D98F49:720 D7FB5C:30 DB8CB6:180 12B0A09:0 16E8861:0 D8F242:0 D8B348:0 D8B9B5:0 12B2284:0 D2F672:0 D8492B:29 D7FF2C:30 F4276C:0 CE3C40:0 1292634:0 B35BEE:180
client level=warn t=2143296 ev=vr.probe pose in_pos=66.40,-11.64,6.66 in_fwd=-0.994,0.064,-0.087 in_fov=1.2364 out_pos=66.40,-11.64,6.66 out_fwd=-0.994,0.064,-0.087 out_fov=1.2364
client level=warn t=2147062 ev=vr.pad stats injected=4 held=0 mouse=0,0 move=0.00,0.00 turn=0.00,0.00 trig=0.00,0.00 buttons=0x0
client level=warn t=2149296 ev=vr.weapon callers path=getter D5D832:0 B363FA:540 B3598D:180 B40A78:0
client level=warn t=2149296 ev=vr.weapon callers path=ptr D98F49:720 D7FB5C:29 DB8CB6:180 12B0A09:0 16E8861:0 D8F242:0 D8B348:0 D8B9B5:0 12B2284:0 D2F672:0 D8492B:30 D7FF2C:30 F4276C:0 CE3C40:0 1292634:0 B35BEE:180
client level=warn t=2149296 ev=vr.probe pose in_pos=66.43,-11.04,6.76 in_fwd=-0.994,0.064,-0.087 in_fov=1.2364 out_pos=66.43,-11.04,6.76 out_fwd=-0.994,0.064,-0.087 out_fov=1.2364
client level=warn t=2153078 ev=vr.pad stats injected=4 held=0 mouse=0,0 move=0.00,0.00 turn=0.00,0.00 trig=0.00,0.00 buttons=0x0
client level=warn t=2155312 ev=vr.weapon callers path=getter D5D832:0 B363FA:540 B3598D:180 B40A78:0
client level=warn t=2155312 ev=vr.weapon callers path=ptr D98F49:720 D7FB5C:30 DB8CB6:180 12B0A09:0 16E8861:0 D8F242:0 D8B348:0 D8B9B5:0 12B2284:0 D2F672:0 D8492B:30 D7FF2C:30 F4276C:0 CE3C40:0 1292634:0 B35BEE:180
client level=warn t=2155312 ev=vr.probe pose in_pos=66.42,-11.74,6.40 in_fwd=-0.994,0.064,-0.087 in_fov=1.2364 out_pos=66.42,-11.74,6.40 out_fwd=-0.994,0.064,-0.087 out_fov=1.2364
client level=warn t=2159093 ev=vr.pad stats injected=4 held=0 mouse=0,0 move=0.00,0.00 turn=0.00,0.00 trig=0.00,0.00 buttons=0x0
client level=warn t=2161312 ev=vr.weapon callers path=getter D5D832:0 B363FA:540 B3598D:180 B40A78:0
client level=warn t=2161312 ev=vr.weapon callers path=ptr D98F49:720 D7FB5C:30 DB8CB6:180 12B0A09:0 16E8861:0 D8F242:0 D8B348:0 D8B9B5:0 12B2284:0 D2F672:0 D8492B:30 D7FF2C:30 F4276C:0 CE3C40:0 1292634:0 B35BEE:180
client level=warn t=2161328 ev=vr.probe pose in_pos=66.37,-12.14,6.71 in_fwd=-0.994,0.064,-0.087 in_fov=1.2364 out_pos=66.37,-12.14,6.71 out_fwd=-0.994,0.064,-0.087 out_fov=1.2364
client level=warn t=2165093 ev=vr.pad stats injected=4 held=0 mouse=0,0 move=0.00,0.00 turn=0.00,0.00 trig=0.00,0.00 buttons=0x0
client level=warn t=2167328 ev=vr.weapon callers path=getter D5D832:0 B363FA:540 B3598D:180 B40A78:0
client level=warn t=2167328 ev=vr.weapon callers path=ptr D98F49:720 D7FB5C:30 DB8CB6:180 12B0A09:0 16E8861:0 D8F242:0 D8B348:0 D8B9B5:0 12B2284:0 D2F672:0 D8492B:30 D7FF2C:29 F4276C:0 CE3C40:0 1292634:0 B35BEE:180
client level=warn t=2167328 ev=vr.probe pose in_pos=66.33,-11.33,7.69 in_fwd=-0.994,0.064,-0.087 in_fov=1.2364 out_pos=66.33,-11.33,7.69 out_fwd=-0.994,0.064,-0.087 out_fov=1.2364
client level=warn t=2171109 ev=vr.pad stats injected=4 held=0 mouse=0,0 move=0.00,0.00 turn=0.00,0.00 trig=0.00,0.00 buttons=0x0
client level=warn t=2173328 ev=vr.weapon callers path=getter D5D832:0 B363FA:540 B3598D:180 B40A78:0
client level=warn t=2173328 ev=vr.weapon callers path=ptr D98F49:720 D7FB5C:30 DB8CB6:180 12B0A09:0 16E8861:0 D8F242:0 D8B348:0 D8B9B5:0 12B2284:0 D2F672:0 D8492B:30 D7FF2C:30 F4276C:0 CE3C40:0 1292634:0 B35BEE:180
client level=warn t=2173343 ev=vr.probe pose in_pos=66.40,-11.64,6.66 in_fwd=-0.994,0.064,-0.087 in_fov=1.2364 out_pos=66.40,-11.64,6.66 out_fwd=-0.994,0.064,-0.087 out_fov=1.2364
client level=warn t=2177109 ev=vr.pad stats injected=4 held=0 mouse=0,0 move=0.00,0.00 turn=0.00,0.00 trig=0.00,0.00 buttons=0x0
client level=warn t=2179343 ev=vr.weapon callers path=getter D5D832:0 B363FA:540 B3598D:180 B40A78:0
client level=warn t=2179343 ev=vr.weapon callers path=ptr D98F49:720 D7FB5C:30 DB8CB6:180 12B0A09:0 16E8861:0 D8F242:0 D8B348:0 D8B9B5:0 12B2284:0 D2F672:0 D8492B:29 D7FF2C:30 F4276C:0 CE3C40:0 1292634:0 B35BEE:180
client level=warn t=2179343 ev=vr.probe pose in_pos=66.43,-11.03,6.75 in_fwd=-0.994,0.064,-0.087 in_fov=1.2364 out_pos=66.43,-11.03,6.75 out_fwd=-0.994,0.064,-0.087 out_fov=1.2364
client level=warn t=2183125 ev=vr.pad stats injected=4 held=0 mouse=0,0 move=0.00,0.00 turn=0.00,0.00 trig=0.00,0.00 buttons=0x0
client level=warn t=2185359 ev=vr.weapon callers path=getter D5D832:0 B363FA:540 B3598D:180 B40A78:0
client level=warn t=2185359 ev=vr.weapon callers path=ptr D98F49:720 D7FB5C:30 DB8CB6:180 12B0A09:0 16E8861:0 D8F242:0 D8B348:0 D8B9B5:0 12B2284:0 D2F672:0 D8492B:30 D7FF2C:30 F4276C:0 CE3C40:0 1292634:0 B35BEE:180
client level=warn t=2185359 ev=vr.probe pose in_pos=66.42,-11.76,6.41 in_fwd=-0.994,0.064,-0.087 in_fov=1.2364 out_pos=66.42,-11.76,6.41 out_fwd=-0.994,0.064,-0.087 out_fov=1.2364
client level=warn t=2189140 ev=vr.pad stats injected=4 held=0 mouse=0,0 move=0.00,0.00 turn=0.00,0.00 trig=0.00,0.00 buttons=0x0
client level=warn t=2191359 ev=vr.weapon callers path=getter D5D832:0 B363FA:540 B3598D:180 B40A78:0
client level=warn t=2191359 ev=vr.weapon callers path=ptr D98F49:720 D7FB5C:29 DB8CB6:180 12B0A09:0 16E8861:0 D8F242:0 D8B348:0 D8B9B5:0 12B2284:0 D2F672:0 D8492B:30 D7FF2C:30 F4276C:0 CE3C40:0 1292634:0 B35BEE:180
client level=warn t=2191375 ev=vr.probe pose in_pos=66.37,-12.14,6.71 in_fwd=-0.994,0.064,-0.087 in_fov=1.2364 out_pos=66.37,-12.14,6.71 out_fwd=-0.994,0.064,-0.087 out_fov=1.2364
client level=warn t=2195140 ev=vr.pad stats injected=4 held=0 mouse=0,0 move=0.00,0.00 turn=0.00,0.00 trig=0.00,0.00 buttons=0x0
client level=warn t=2197375 ev=vr.weapon callers path=getter D5D832:0 B363FA:540 B3598D:180 B40A78:0
client level=warn t=2197375 ev=vr.weapon callers path=ptr D98F49:720 D7FB5C:30 DB8CB6:180 12B0A09:0 16E8861:0 D8F242:0 D8B348:0 D8B9B5:0 12B2284:0 D2F672:0 D8492B:30 D7FF2C:30 F4276C:0 CE3C40:0 1292634:0 B35BEE:180
client level=warn t=2197375 ev=vr.probe pose in_pos=66.33,-11.32,7.67 in_fwd=-0.994,0.064,-0.087 in_fov=1.2364 out_pos=66.33,-11.32,7.67 out_fwd=-0.994,0.064,-0.087 out_fov=1.2364
client level=warn t=2201156 ev=vr.pad stats injected=4 held=0 mouse=0,0 move=0.00,0.00 turn=0.00,0.00 trig=0.00,0.00 buttons=0x0
client level=warn t=2203375 ev=vr.weapon callers path=getter D5D832:0 B363FA:540 B3598D:180 B40A78:0
client level=warn t=2203375 ev=vr.weapon callers path=ptr D98F49:720 D7FB5C:30 DB8CB6:180 12B0A09:0 16E8861:0 D8F242:0 D8B348:0 D8B9B5:0 12B2284:0 D2F672:0 D8492B:30 D7FF2C:29 F4276C:0 CE3C40:0 1292634:0 B35BEE:180
client level=warn t=2203390 ev=vr.probe pose in_pos=66.40,-11.64,6.67 in_fwd=-0.994,0.064,-0.087 in_fov=1.2364 out_pos=66.40,-11.64,6.67 out_fwd=-0.994,0.064,-0.087 out_fov=1.2364
client level=warn t=2207156 ev=vr.pad stats injected=4 held=0 mouse=0,0 move=0.00,0.00 turn=0.00,0.00 trig=0.00,0.00 buttons=0x0
client level=warn t=2209390 ev=vr.weapon callers path=getter D5D832:0 B363FA:540 B3598D:180 B40A78:0
client level=warn t=2209390 ev=vr.weapon callers path=ptr D98F49:720 D7FB5C:29 DB8CB6:180 12B0A09:0 16E8861:0 D8F242:0 D8B348:0 D8B9B5:0 12B2284:0 D2F672:0 D8492B:29 D7FF2C:30 F4276C:0 CE3C40:0 1292634:0 B35BEE:180
client level=warn t=2209390 ev=vr.probe pose in_pos=66.43,-11.02,6.74 in_fwd=-0.994,0.064,-0.087 in_fov=1.2364 out_pos=66.43,-11.02,6.74 out_fwd=-0.994,0.064,-0.087 out_fov=1.2364
client level=warn t=2213171 ev=vr.pad stats injected=4 held=0 mouse=0,0 move=0.00,0.00 turn=0.00,0.00 trig=0.00,0.00 buttons=0x0
client level=warn t=2215406 ev=vr.weapon callers path=getter D5D832:0 B363FA:540 B3598D:180 B40A78:0
client level=warn t=2215406 ev=vr.weapon callers path=ptr D98F49:720 D7FB5C:30 DB8CB6:180 12B0A09:0 16E8861:0 D8F242:0 D8B348:0 D8B9B5:0 12B2284:0 D2F672:0 D8492B:30 D7FF2C:30 F4276C:0 CE3C40:0 1292634:0 B35BEE:180
client level=warn t=2215406 ev=vr.probe pose in_pos=66.42,-11.77,6.41 in_fwd=-0.994,0.064,-0.087 in_fov=1.2364 out_pos=66.42,-11.77,6.41 out_fwd=-0.994,0.064,-0.087 out_fov=1.2364
client level=warn t=2219171 ev=vr.pad stats injected=4 held=0 mouse=0,0 move=0.00,0.00 turn=0.00,0.00 trig=0.00,0.00 buttons=0x0
client level=warn t=2221406 ev=vr.weapon callers path=getter D5D832:0 B363FA:540 B3598D:180 B40A78:0
client level=warn t=2221406 ev=vr.weapon callers path=ptr D98F49:720 D7FB5C:29 DB8CB6:180 12B0A09:0 16E8861:0 D8F242:0 D8B348:0 D8B9B5:0 12B2284:0 D2F672:0 D8492B:29 D7FF2C:29 F4276C:0 CE3C40:0 1292634:0 B35BEE:180
client level=warn t=2221406 ev=vr.probe pose in_pos=66.37,-12.13,6.71 in_fwd=-0.994,0.064,-0.087 in_fov=1.2364 out_pos=66.37,-12.13,6.71 out_fwd=-0.994,0.064,-0.087 out_fov=1.2364
client level=warn t=2225187 ev=vr.pad stats injected=4 held=0 mouse=0,0 move=0.00,0.00 turn=0.00,0.00 trig=0.00,0.00 buttons=0x0
client level=warn t=2227421 ev=vr.weapon callers path=getter D5D832:0 B363FA:540 B3598D:180 B40A78:0
client level=warn t=2227421 ev=vr.weapon callers path=ptr D98F49:720 D7FB5C:30 DB8CB6:180 12B0A09:0 16E8861:0 D8F242:0 D8B348:0 D8B9B5:0 12B2284:0 D2F672:0 D8492B:30 D7FF2C:30 F4276C:0 CE3C40:0 1292634:0 B35BEE:180
client level=warn t=2227421 ev=vr.probe pose in_pos=66.34,-11.32,7.66 in_fwd=-0.994,0.064,-0.087 in_fov=1.2364 out_pos=66.34,-11.32,7.66 out_fwd=-0.994,0.064,-0.087 out_fov=1.2364
client level=warn t=2231203 ev=vr.pad stats injected=4 held=0 mouse=0,0 move=0.00,0.00 turn=0.00,0.00 trig=0.00,0.00 buttons=0x0
client level=warn t=2233421 ev=vr.weapon callers path=getter D5D832:0 B363FA:540 B3598D:180 B40A78:0
client level=warn t=2233421 ev=vr.weapon callers path=ptr D98F49:720 D7FB5C:30 DB8CB6:180 12B0A09:0 16E8861:0 D8F242:0 D8B348:0 D8B9B5:0 12B2284:0 D2F672:0 D8492B:30 D7FF2C:29 F4276C:0 CE3C40:0 1292634:0 B35BEE:180
client level=warn t=2233437 ev=vr.probe pose in_pos=66.40,-11.64,6.67 in_fwd=-0.994,0.064,-0.087 in_fov=1.2364 out_pos=66.40,-11.64,6.67 out_fwd=-0.994,0.064,-0.087 out_fov=1.2364
client level=warn t=2237203 ev=vr.pad stats injected=4 held=0 mouse=0,0 move=0.00,0.00 turn=0.00,0.00 trig=0.00,0.00 buttons=0x0
client level=warn t=2239437 ev=vr.weapon callers path=getter D5D832:0 B363FA:540 B3598D:180 B40A78:0
client level=warn t=2239437 ev=vr.weapon callers path=ptr D98F49:720 D7FB5C:29 DB8CB6:180 12B0A09:0 16E8861:0 D8F242:0 D8B348:0 D8B9B5:0 12B2284:0 D2F672:0 D8492B:29 D7FF2C:30 F4276C:0 CE3C40:0 1292634:0 B35BEE:180
client level=warn t=2239437 ev=vr.probe pose in_pos=66.44,-11.01,6.73 in_fwd=-0.994,0.064,-0.087 in_fov=1.2364 out_pos=66.44,-11.01,6.73 out_fwd=-0.994,0.064,-0.087 out_fov=1.2364
client level=warn t=2243218 ev=vr.pad stats injected=4 held=0 mouse=0,0 move=0.00,0.00 turn=0.00,0.00 trig=0.00,0.00 buttons=0x0
client level=warn t=2245453 ev=vr.weapon callers path=getter D5D832:0 B363FA:540 B3598D:180 B40A78:0
client level=warn t=2245453 ev=vr.weapon callers path=ptr D98F49:720 D7FB5C:29 DB8CB6:180 12B0A09:0 16E8861:0 D8F242:0 D8B348:0 D8B9B5:0 12B2284:0 D2F672:0 D8492B:29 D7FF2C:29 F4276C:0 CE3C40:0 1292634:0 B35BEE:180
client level=warn t=2245453 ev=vr.probe pose in_pos=66.41,-11.78,6.41 in_fwd=-0.994,0.064,-0.087 in_fov=1.2364 out_pos=66.41,-11.78,6.41 out_fwd=-0.994,0.064,-0.087 out_fov=1.2364
client level=warn t=2249234 ev=vr.pad stats injected=4 held=0 mouse=0,0 move=0.00,0.00 turn=0.00,0.00 trig=0.00,0.00 buttons=0x0
client level=warn t=2251453 ev=vr.weapon callers path=getter D5D832:0 B363FA:540 B3598D:180 B40A78:0
client level=warn t=2251453 ev=vr.weapon callers path=ptr D98F49:720 D7FB5C:29 DB8CB6:180 12B0A09:0 16E8861:0 D8F242:0 D8B348:0 D8B9B5:0 12B2284:0 D2F672:0 D8492B:29 D7FF2C:28 F4276C:0 CE3C40:0 1292634:0 B35BEE:180
client level=warn t=2251468 ev=vr.probe pose in_pos=66.37,-12.12,6.71 in_fwd=-0.994,0.064,-0.087 in_fov=1.2364 out_pos=66.37,-12.12,6.71 out_fwd=-0.994,0.064,-0.087 out_fov=1.2364
client level=warn t=2255234 ev=vr.pad stats injected=4 held=0 mouse=0,0 move=0.00,0.00 turn=0.00,0.00 trig=0.00,0.00 buttons=0x0
client level=warn t=2257468 ev=vr.weapon callers path=getter D5D832:0 B363FA:540 B3598D:180 B40A78:0
client level=warn t=2257468 ev=vr.weapon callers path=ptr D98F49:720 D7FB5C:29 DB8CB6:180 12B0A09:0 16E8861:0 D8F242:0 D8B348:0 D8B9B5:0 12B2284:0 D2F672:0 D8492B:29 D7FF2C:30 F4276C:0 CE3C40:0 1292634:0 B35BEE:180
client level=warn t=2257468 ev=vr.probe pose in_pos=66.34,-11.31,7.65 in_fwd=-0.994,0.064,-0.087 in_fov=1.2364 out_pos=66.34,-11.31,7.65 out_fwd=-0.994,0.064,-0.087 out_fov=1.2364
client level=warn t=2261250 ev=vr.pad stats injected=4 held=0 mouse=0,0 move=0.00,0.00 turn=0.00,0.00 trig=0.00,0.00 buttons=0x0
client level=warn t=2263468 ev=vr.weapon callers path=getter D5D832:0 B363FA:540 B3598D:180 B40A78:0
client level=warn t=2263468 ev=vr.weapon callers path=ptr D98F49:720 D7FB5C:30 DB8CB6:180 12B0A09:0 16E8861:0 D8F242:0 D8B348:0 D8B9B5:0 12B2284:0 D2F672:0 D8492B:29 D7FF2C:29 F4276C:0 CE3C40:0 1292634:0 B35BEE:180
client level=warn t=2263484 ev=vr.probe pose in_pos=66.40,-11.64,6.68 in_fwd=-0.994,0.064,-0.087 in_fov=1.2364 out_pos=66.40,-11.64,6.68 out_fwd=-0.994,0.064,-0.087 out_fov=1.2364
client level=warn t=2267250 ev=vr.pad stats injected=4 held=0 mouse=0,0 move=0.00,0.00 turn=0.00,0.00 trig=0.00,0.00 buttons=0x0
client level=warn t=2269484 ev=vr.weapon callers path=getter D5D832:0 B363FA:540 B3598D:180 B40A78:0
client level=warn t=2269484 ev=vr.weapon callers path=ptr D98F49:720 D7FB5C:29 DB8CB6:180 12B0A09:0 16E8861:0 D8F242:0 D8B348:0 D8B9B5:0 12B2284:0 D2F672:0 D8492B:30 D7FF2C:29 F4276C:0 CE3C40:0 1292634:0 B35BEE:180
client level=warn t=2269484 ev=vr.probe pose in_pos=66.44,-11.01,6.73 in_fwd=-0.994,0.064,-0.087 in_fov=1.2364 out_pos=66.44,-11.01,6.73 out_fwd=-0.994,0.064,-0.087 out_fov=1.2364
client level=warn t=2273265 ev=vr.pad stats injected=4 held=0 mouse=0,0 move=0.00,0.00 turn=0.00,0.00 trig=0.00,0.00 buttons=0x0
client level=warn t=2275484 ev=vr.weapon callers path=getter D5D832:0 B363FA:540 B3598D:180 B40A78:0
client level=warn t=2275484 ev=vr.weapon callers path=ptr D98F49:720 D7FB5C:29 DB8CB6:180 12B0A09:0 16E8861:0 D8F242:0 D8B348:0 D8B9B5:0 12B2284:0 D2F672:0 D8492B:29 D7FF2C:30 F4276C:0 CE3C40:0 1292634:0 B35BEE:180
client level=warn t=2275500 ev=vr.probe pose in_pos=66.41,-11.79,6.42 in_fwd=-0.994,0.064,-0.087 in_fov=1.2364 out_pos=66.41,-11.79,6.42 out_fwd=-0.994,0.064,-0.087 out_fov=1.2364
client level=warn t=2279265 ev=vr.pad stats injected=4 held=0 mouse=0,0 move=0.00,0.00 turn=0.00,0.00 trig=0.00,0.00 buttons=0x0
client level=warn t=2281500 ev=vr.weapon callers path=getter D5D832:0 B363FA:540 B3598D:180 B40A78:0
client level=warn t=2281500 ev=vr.weapon callers path=ptr D98F49:720 D7FB5C:30 DB8CB6:180 12B0A09:0 16E8861:0 D8F242:0 D8B348:0 D8B9B5:0 12B2284:0 D2F672:0 D8492B:30 D7FF2C:29 F4276C:0 CE3C40:0 1292634:0 B35BEE:180
client level=warn t=2281500 ev=vr.probe pose in_pos=66.37,-12.11,6.71 in_fwd=-0.994,0.064,-0.087 in_fov=1.2364 out_pos=66.37,-12.11,6.71 out_fwd=-0.994,0.064,-0.087 out_fov=1.2364
client level=warn t=2284359 ev=vr.pad stats injected=4 held=0 mouse=0,0 move=0.00,0.00 turn=0.00,0.00 trig=0.00,0.00 buttons=0x0
client level=warn t=2286593 ev=vr.weapon callers path=getter D5D832:0 B363FA:540 B3598D:180 B40A78:0
client level=warn t=2286593 ev=vr.weapon callers path=ptr D98F49:720 D7FB5C:29 DB8CB6:180 12B0A09:0 16E8861:0 D8F242:0 D8B348:0 D8B9B5:0 12B2284:0 D2F672:0 D8492B:28 D7FF2C:29 F4276C:0 CE3C40:0 1292634:0 B35BEE:180
client level=warn t=2286593 ev=vr.probe pose in_pos=66.31,-11.42,7.84 in_fwd=-0.994,0.064,-0.087 in_fov=1.2364 out_pos=66.31,-11.42,7.84 out_fwd=-0.994,0.064,-0.087 out_fov=1.2364
client level=warn t=2290375 ev=vr.pad stats injected=4 held=0 mouse=0,0 move=0.00,0.00 turn=0.00,0.00 trig=0.00,0.00 buttons=0x0
client level=warn t=2292609 ev=vr.weapon callers path=getter D5D832:0 B363FA:540 B3598D:180 B40A78:0
client level=warn t=2292609 ev=vr.weapon callers path=ptr D98F49:720 D7FB5C:29 DB8CB6:180 12B0A09:0 16E8861:0 D8F242:0 D8B348:0 D8B9B5:0 12B2284:0 D2F672:0 D8492B:29 D7FF2C:29 F4276C:0 CE3C40:0 1292634:0 B35BEE:180
client level=warn t=2292609 ev=vr.probe pose in_pos=66.41,-11.64,6.62 in_fwd=-0.994,0.064,-0.087 in_fov=1.2364 out_pos=66.41,-11.64,6.62 out_fwd=-0.994,0.064,-0.087 out_fov=1.2364
client level=warn t=2296375 ev=vr.pad stats injected=4 held=0 mouse=0,0 move=0.00,0.00 turn=0.00,0.00 trig=0.00,0.00 buttons=0x0
client level=warn t=2298609 ev=vr.weapon callers path=getter D5D832:0 B363FA:540 B3598D:180 B40A78:0
client level=warn t=2298609 ev=vr.weapon callers path=ptr D98F49:720 D7FB5C:28 DB8CB6:180 12B0A09:0 16E8861:0 D8F242:0 D8B348:0 D8B9B5:0 12B2284:0 D2F672:0 D8492B:29 D7FF2C:29 F4276C:0 CE3C40:0 1292634:0 B35BEE:180
client level=warn t=2298609 ev=vr.probe pose in_pos=66.41,-11.17,6.87 in_fwd=-0.994,0.064,-0.087 in_fov=1.2364 out_pos=66.41,-11.17,6.87 out_fwd=-0.994,0.064,-0.087 out_fov=1.2364
client level=warn t=2302390 ev=vr.pad stats injected=4 held=0 mouse=0,0 move=0.00,0.00 turn=0.00,0.00 trig=0.00,0.00 buttons=0x0
client level=warn t=2304625 ev=vr.weapon callers path=getter D5D832:0 B363FA:540 B3598D:180 B40A78:0
client level=warn t=2304625 ev=vr.weapon callers path=ptr D98F49:720 D7FB5C:29 DB8CB6:180 12B0A09:0 16E8861:0 D8F242:0 D8B348:0 D8B9B5:0 12B2284:0 D2F672:0 D8492B:29 D7FF2C:29 F4276C:0 CE3C40:0 1292634:0 B35BEE:180
client level=warn t=2304625 ev=vr.probe pose in_pos=66.43,-11.57,6.36 in_fwd=-0.994,0.064,-0.087 in_fov=1.2364 out_pos=66.43,-11.57,6.36 out_fwd=-0.994,0.064,-0.087 out_fov=1.2364
client level=warn t=2308406 ev=vr.pad stats injected=4 held=0 mouse=0,0 move=0.00,0.00 turn=0.00,0.00 trig=0.00,0.00 buttons=0x0
client level=warn t=2310625 ev=vr.weapon callers path=getter D5D832:0 B363FA:540 B3598D:180 B40A78:0
client level=warn t=2310625 ev=vr.weapon callers path=ptr D98F49:720 D7FB5C:29 DB8CB6:180 12B0A09:0 16E8861:0 D8F242:0 D8B348:0 D8B9B5:0 12B2284:0 D2F672:0 D8492B:29 D7FF2C:29 F4276C:0 CE3C40:0 1292634:0 B35BEE:180
client level=warn t=2310640 ev=vr.probe pose in_pos=66.36,-12.26,6.71 in_fwd=-0.994,0.064,-0.087 in_fov=1.2364 out_pos=66.36,-12.26,6.71 out_fwd=-0.994,0.064,-0.087 out_fov=1.2364
client level=warn t=2314406 ev=vr.pad stats injected=4 held=0 mouse=0,0 move=0.00,0.00 turn=0.00,0.00 trig=0.00,0.00 buttons=0x0
client level=warn t=2316640 ev=vr.weapon callers path=getter D5D832:0 B363FA:540 B3598D:180 B40A78:0
client level=warn t=2316640 ev=vr.weapon callers path=ptr D98F49:720 D7FB5C:29 DB8CB6:180 12B0A09:0 16E8861:0 D8F242:0 D8B348:0 D8B9B5:0 12B2284:0 D2F672:0 D8492B:29 D7FF2C:29 F4276C:0 CE3C40:0 1292634:0 B35BEE:180
client level=warn t=2316640 ev=vr.probe pose in_pos=66.31,-11.42,7.83 in_fwd=-0.994,0.064,-0.087 in_fov=1.2364 out_pos=66.31,-11.42,7.83 out_fwd=-0.994,0.064,-0.087 out_fov=1.2364
client level=warn t=2320421 ev=vr.pad stats injected=4 held=0 mouse=0,0 move=0.00,0.00 turn=0.00,0.00 trig=0.00,0.00 buttons=0x0
client level=warn t=2322640 ev=vr.weapon callers path=getter D5D832:0 B363FA:540 B3598D:180 B40A78:0
client level=warn t=2322640 ev=vr.weapon callers path=ptr D98F49:720 D7FB5C:29 DB8CB6:180 12B0A09:0 16E8861:0 D8F242:0 D8B348:0 D8B9B5:0 12B2284:0 D2F672:0 D8492B:29 D7FF2C:29 F4276C:0 CE3C40:0 1292634:0 B35BEE:180
client level=warn t=2322656 ev=vr.probe pose in_pos=66.41,-11.64,6.62 in_fwd=-0.994,0.064,-0.087 in_fov=1.2364 out_pos=66.41,-11.64,6.62 out_fwd=-0.994,0.064,-0.087 out_fov=1.2364
client level=warn t=2326421 ev=vr.pad stats injected=4 held=0 mouse=0,0 move=0.00,0.00 turn=0.00,0.00 trig=0.00,0.00 buttons=0x0
client level=warn t=2328656 ev=vr.weapon callers path=getter D5D832:0 B363FA:540 B3598D:180 B40A78:0
client level=warn t=2328656 ev=vr.weapon callers path=ptr D98F49:720 D7FB5C:29 DB8CB6:180 12B0A09:0 16E8861:0 D8F242:0 D8B348:0 D8B9B5:0 12B2284:0 D2F672:0 D8492B:28 D7FF2C:28 F4276C:0 CE3C40:0 1292634:0 B35BEE:180
client level=warn t=2328656 ev=vr.probe pose in_pos=66.41,-11.16,6.86 in_fwd=-0.994,0.064,-0.087 in_fov=1.2364 out_pos=66.41,-11.16,6.86 out_fwd=-0.994,0.064,-0.087 out_fov=1.2364
client level=warn t=2332437 ev=vr.pad stats injected=4 held=0 mouse=0,0 move=0.00,0.00 turn=0.00,0.00 trig=0.00,0.00 buttons=0x0
client level=warn t=2334671 ev=vr.weapon callers path=getter D5D832:0 B363FA:540 B3598D:180 B40A78:0
client level=warn t=2334671 ev=vr.weapon callers path=ptr D98F49:720 D7FB5C:29 DB8CB6:180 12B0A09:0 16E8861:0 D8F242:0 D8B348:0 D8B9B5:0 12B2284:0 D2F672:0 D8492B:30 D7FF2C:30 F4276C:0 CE3C40:0 1292634:0 B35BEE:180
client level=warn t=2334671 ev=vr.probe pose in_pos=66.43,-11.58,6.36 in_fwd=-0.994,0.064,-0.087 in_fov=1.2364 out_pos=66.43,-11.58,6.36 out_fwd=-0.994,0.064,-0.087 out_fov=1.2364
client level=warn t=2338453 ev=vr.pad stats injected=4 held=0 mouse=0,0 move=0.00,0.00 turn=0.00,0.00 trig=0.00,0.00 buttons=0x0
client level=warn t=2340671 ev=vr.weapon callers path=getter D5D832:0 B363FA:540 B3598D:180 B40A78:0
client level=warn t=2340671 ev=vr.weapon callers path=ptr D98F49:720 D7FB5C:29 DB8CB6:180 12B0A09:0 16E8861:0 D8F242:0 D8B348:0 D8B9B5:0 12B2284:0 D2F672:0 D8492B:29 D7FF2C:29 F4276C:0 CE3C40:0 1292634:0 B35BEE:180
client level=warn t=2340687 ev=vr.probe pose in_pos=66.36,-12.26,6.71 in_fwd=-0.994,0.064,-0.087 in_fov=1.2364 out_pos=66.36,-12.26,6.71 out_fwd=-0.994,0.064,-0.087 out_fov=1.2364
client level=warn t=2344453 ev=vr.pad stats injected=4 held=0 mouse=0,0 move=0.00,0.00 turn=0.00,0.00 trig=0.00,0.00 buttons=0x0
client level=warn t=2346687 ev=vr.weapon callers path=getter D5D832:0 B363FA:540 B3598D:180 B40A78:0
client level=warn t=2346687 ev=vr.weapon callers path=ptr D98F49:720 D7FB5C:29 DB8CB6:180 12B0A09:0 16E8861:0 D8F242:0 D8B348:0 D8B9B5:0 12B2284:0 D2F672:0 D8492B:29 D7FF2C:29 F4276C:0 CE3C40:0 1292634:0 B35BEE:180
client level=warn t=2346687 ev=vr.probe pose in_pos=66.31,-11.41,7.83 in_fwd=-0.994,0.064,-0.087 in_fov=1.2364 out_pos=66.31,-11.41,7.83 out_fwd=-0.994,0.064,-0.087 out_fov=1.2364
