server level=info t=563 ev=mission_script stage=initialize result=enabled session=0 activity_row=0
server level=info t=563 ev=transport stage=listen result=ok port=30974
server level=info t=563 ev=gameplay stage=endpoint result=ok mode=embedded port=30976 ports=16 of=16
client level=info t=641 ev=package_trust stage=attach result=ok mode=package_integrity_bypass
client level=info t=641 ev=bootflow_texture stage=attach count=18 result=ok
client level=info t=641 ev=steam_init result=ok
client level=info t=641 ev=hook stage=install group=egress count=31 result=ok
client level=info t=2641 ev=graphics stage=probe result=ok driver=hardware level=0xB000
client level=info t=2719 ev=cursor stage=install result=ok
client level=info t=2719 ev=polled_input stage=install result=ok
client level=info t=2719 ev=activate stage=graphics result=ok
client level=info t=2735 ev=activate stage=platform result=ok
client level=info t=2750 ev=renderer stage=init result=ok
client level=info t=3000 ev=bootstrap stage=token result=ok
client level=info t=3032 ev=investment stage=family5_commit result=ok
client level=info t=3032 ev=investment stage=install result=ok
client level=info t=3032 ev=activate stage=game_network result=ok
client level=info t=3032 ev=activate stage=package_keys result=ok
client level=info t=3032 ev=retail stage=install result=ok
client level=info t=3047 ev=assert stage=install result=ok
client level=info t=3063 ev=probe stage=hitch result=installed
client level=info t=3063 ev=probe stage=stall result=installed
client level=info t=3078 ev=probe stage=sense result=installed
client level=info t=3125 ev=async_io_guard stage=patch result=ok mode=cached_manager_owner
client level=info t=3125 ev=config_getter stage=install result=ok
client level=info t=3203 ev=bootflow stage=character_select result=ok
client level=info t=3203 ev=bootflow stage=slice_set result=ok
client level=info t=3203 ev=bootflow stage=composition result=ok
client level=info t=3203 ev=bootflow stage=orbit_handoff result=ok
client level=info t=3203 ev=bootflow stage=owner_slot result=ok
client level=info t=3203 ev=bootflow stage=region result=ok
client level=info t=3203 ev=bootflow stage=world_step result=ok
client level=info t=3219 ev=bootflow stage=current_slice result=ok
client level=info t=3266 ev=teleport stage=install result=ok
client level=info t=3282 ev=noclip stage=install result=ok
client level=info t=3313 ev=infinite_ammo stage=install result=ok
client level=info t=3313 ev=inactivity stage=install result=ok
client level=info t=3328 ev=queuez stage=notification result=ok
client level=info t=3344 ev=bitmap stage=ref_guard result=ok
client level=info t=3360 ev=probe stage=msg12 result=installed
client level=info t=3516 ev=probe stage=cine result=installed
client level=info t=3578 ev=probe stage=cine6 result=installed
client level=info t=3766 ev=world_objects stage=install result=ok
client level=info t=3766 ev=activate stage=main result=ok
client level=info t=3782 ev=nettick stage=resolve result=ok latch=0x00007FF6B91E0827
client level=info t=3782 ev=nettick stage=sample latch=1 callbacks=4
server level=info t=3782 ev=core stage=pump result=server_thread
client level=info t=3813 ev=pkg stage=abilities result=ok rows=12
client level=info t=3813 ev=build_data stage=items result=ok rows=15424
client level=info t=3828 ev=build_data stage=domains named=1 items=1 details=1 buckets=1 sockets=1 abilities=1 progressions=1 scenarios=1
client level=info t=3938 ev=inactivity stage=release result=noop
client level=info t=4969 ev=retail site=5 text=networking:stun: Created stun endpoint, advancing to DNS discovery
client level=info t=4985 ev=retail site=6 text=networking:stun: Using lookup type: [0]
client level=info t=5000 ev=retail site=6 text=networking:stun: Using lookup type: [0]
client level=info t=5016 ev=retail site=6 text=networking:stun: Using lookup type: [0]
client level=info t=5032 ev=retail site=6 text=networking:stun: Using lookup type: [0]
client level=info t=5047 ev=retail site=6 text=networking:stun: Using lookup type: [0]
client level=info t=5063 ev=retail site=6 text=networking:stun: Using lookup type: [0]
client level=info t=5063 ev=retail site=6 text=networking:stun: Using lookup type: [0]
client level=info t=5078 ev=retail site=6 text=networking:stun: Using lookup type: [0]
client level=info t=5094 ev=retail site=6 text=networking:stun: Using lookup type: [0]
client level=info t=5110 ev=retail site=6 text=networking:stun: Using lookup type: [0]
client level=info t=5125 ev=retail site=6 text=networking:stun: Using lookup type: [0]
client level=info t=5141 ev=retail site=6 text=networking:stun: Using lookup type: [0]
client level=info t=5157 ev=retail site=6 text=networking:stun: Using lookup type: [0]
client level=info t=5172 ev=retail site=6 text=networking:stun: Using lookup type: [0]
client level=info t=5188 ev=retail site=6 text=networking:stun: Using lookup type: [0]
client level=info t=5188 ev=retail site=6 text=networking:stun: Using lookup type: [0]
client level=info t=5203 ev=retail site=6 text=networking:stun: Using lookup type: [0]
client level=info t=5219 ev=retail site=6 text=networking:stun: Using lookup type: [0]
client level=info t=5219 ev=retail site=7 text=networking:stun: Selected stun server: [0] ip address: [127.0.0.1:3074] valid stun server count: [1]
client level=info t=5250 ev=retail site=8 text=networking:stun: client external ip address: [127.0.0.1:3097]
client level=info t=5282 ev=retail site=9 text=networking:stun: Reporting NAT type [1] and address [127.0.0.1:3097].
client level=info t=5782 ev=nettick stage=sample latch=1 callbacks=246
client level=info t=7782 ev=nettick stage=sample latch=1 callbacks=534
client level=info t=9782 ev=nettick stage=sample latch=1 callbacks=822
client level=info t=10860 ev=retail site=3 text=world_controller:state_manager: Entering state 'bootflow:start' for reason 'unavailable'.
client level=info t=11782 ev=nettick stage=sample latch=1 callbacks=1110
client level=info t=13782 ev=nettick stage=sample latch=1 callbacks=1398
client level=info t=15782 ev=nettick stage=sample latch=1 callbacks=1684
client level=info t=17782 ev=nettick stage=sample latch=1 callbacks=1972
client level=info t=19782 ev=nettick stage=sample latch=1 callbacks=2259
client level=info t=21782 ev=nettick stage=sample latch=1 callbacks=2546
client level=info t=23782 ev=nettick stage=sample latch=1 callbacks=2834
client level=info t=25782 ev=nettick stage=sample latch=1 callbacks=3122
client level=info t=27782 ev=nettick stage=sample latch=1 callbacks=3410
client level=info t=29782 ev=nettick stage=sample latch=1 callbacks=3698
client level=info t=31782 ev=nettick stage=sample latch=1 callbacks=3986
client level=info t=33782 ev=nettick stage=sample latch=1 callbacks=4274
client level=info t=35782 ev=nettick stage=sample latch=1 callbacks=4562
client level=info t=37782 ev=nettick stage=sample latch=1 callbacks=4850
client level=info t=39782 ev=nettick stage=sample latch=1 callbacks=5138
client level=info t=41782 ev=nettick stage=sample latch=1 callbacks=5426
client level=info t=43782 ev=nettick stage=sample latch=1 callbacks=5711
client level=info t=45782 ev=nettick stage=sample latch=1 callbacks=5998
client level=info t=47782 ev=nettick stage=sample latch=1 callbacks=6286
client level=info t=49782 ev=nettick stage=sample latch=1 callbacks=6574
client level=info t=51782 ev=nettick stage=sample latch=1 callbacks=6862
client level=info t=53782 ev=nettick stage=sample latch=1 callbacks=7150
client level=info t=55782 ev=nettick stage=sample latch=1 callbacks=7437
client level=info t=57782 ev=nettick stage=sample latch=1 callbacks=7724
client level=info t=59782 ev=nettick stage=sample latch=1 callbacks=8012
client level=info t=61782 ev=nettick stage=sample latch=1 callbacks=8300
client level=info t=63782 ev=nettick stage=sample latch=1 callbacks=8588
client level=info t=65782 ev=nettick stage=sample latch=1 callbacks=8876
client level=info t=67782 ev=nettick stage=sample latch=1 callbacks=9163
client level=info t=69782 ev=nettick stage=sample latch=1 callbacks=9451
client level=info t=71782 ev=nettick stage=sample latch=1 callbacks=9737
client level=info t=73782 ev=nettick stage=sample latch=1 callbacks=10024
client level=info t=75782 ev=nettick stage=sample latch=1 callbacks=10309
client level=info t=75985 ev=retail site=10 text=networking:link: Endpoint traffic is now: [disabled].
client level=info t=75985 ev=retail site=0 text=networking:UPnP: Resetting UPnP client.
client level=info t=75985 ev=retail site=3 text=world_controller:state_manager: Entering state 'bootflow:platform_signin' for reason 'unavailable'.
client level=info t=75985 ev=retail site=11 text=world_controller:retail_datamine: Timed operation: [ENUM(4)], took: [0 ms], average: [0.000000 ms], min: [0.000000], max: [0.000000], count: [1]
client level=info t=75985 ev=retail site=12 text=networking:logic:session: local user 0 set platform account id=unknown platform account id, live=1, online=1, free=0, user_content=1, friend_content=1
client level=info t=75985 ev=retail site=11 text=world_controller:retail_datamine: Timed operation: [ENUM(5)], took: [0 ms], average: [0.000000 ms], min: [0.000000], max: [0.000000], count: [1]
client level=info t=75985 ev=retail site=3 text=world_controller:state_manager: Entering state 'bootflow:platform_account_warnings' for reason 'unavailable'.
client level=info t=75985 ev=retail site=3 text=world_controller:state_manager: Entering state 'bootflow:enumerate_content_rights' for reason 'unavailable'.
client level=info t=76000 ev=retail site=3 text=world_controller:state_manager: Entering state 'bootflow:account_signin' for reason 'unavailable'.
server level=info t=76063 ev=http method=post route=signon result=ok
client level=info t=76063 ev=retail site=13 text=networking:signon:client: Server environment: live
client level=info t=76063 ev=retail site=14 text=networking:stun: Client external address from signon: [127.0.0.1:0].
client level=info t=76078 ev=retail site=15 text=world_controller:state:bootflow_account_signin_handler: Demonware lobby connection not desired, continuing without Demonware lobby connection.
client level=info t=76078 ev=retail site=11 text=world_controller:retail_datamine: Timed operation: [ENUM(8)], took: [68 ms], average: [68.000000 ms], min: [68.000000], max: [68.000000], count: [1]
client level=info t=76078 ev=retail site=16 text=networking:stun: Using STUN discovered address and NAT type.
client level=info t=76078 ev=retail site=17 text=world_controller:retail_datamine: Total time spent: [76] ms in world controller state: [7] name: [bootflow:account_signin]
client level=info t=76078 ev=retail site=3 text=world_controller:state_manager: Entering state 'bootflow:content_check' for reason 'unavailable'.
client level=info t=76078 ev=content_config stage=get route=manifest bytes=105232 result=ok
client level=info t=76250 ev=retail site=17 text=world_controller:retail_datamine: Total time spent: [167] ms in world controller state: [16] name: [bootflow:content_check]
client level=info t=76250 ev=retail site=3 text=world_controller:state_manager: Entering state 'bootflow:package_registration' for reason 'unavailable'.
client level=info t=77782 ev=nettick stage=sample latch=1 callbacks=10596
client level=info t=78797 ev=retail site=17 text=world_controller:retail_datamine: Total time spent: [2548] ms in world controller state: [21] name: [bootflow:package_registration]
client level=info t=78797 ev=retail site=3 text=world_controller:state_manager: Entering state 'bootflow:bap_signin' for reason 'unavailable'.
client level=info t=78797 ev=retail site=18 text=world_controller:task_manager: Started   task 'ENUM(0)'.
client level=info t=78797 ev=retail site=18 text=world_controller:task_manager: Started   task 'ENUM(1)'.
client level=info t=78797 ev=retail site=18 text=world_controller:task_manager: Started   task 'ENUM(2)'.
client level=info t=78797 ev=retail site=18 text=world_controller:task_manager: Started   task 'ENUM(3)'.
client level=info t=78797 ev=retail site=19 text=world_controller:task_manager: Completed task 'ENUM(3)' after '0ms'.
client level=info t=78797 ev=retail site=18 text=world_controller:task_manager: Started   task 'ENUM(4)'.
client level=info t=78797 ev=retail site=19 text=world_controller:task_manager: Completed task 'ENUM(4)' after '0ms'.
client level=info t=78797 ev=retail site=20 text=networking:server:bap: primary BAP server IP address: 1.0.0.127, port: 30974
server level=info t=78797 ev=transport stage=accept result=ok conn=1
client level=info t=78891 ev=retail site=19 text=world_controller:task_manager: Completed task 'ENUM(0)' after '98ms'.
client level=info t=78891 ev=retail site=11 text=world_controller:retail_datamine: Timed operation: [ENUM(13)], took: [98 ms], average: [98.000000 ms], min: [98.000000], max: [98.000000], count: [1]
client level=info t=79297 ev=retail site=19 text=world_controller:task_manager: Completed task 'ENUM(1)' after '500ms'.
client level=info t=79297 ev=retail site=18 text=world_controller:task_manager: Started   task 'ENUM(14)'.
client level=info t=79313 ev=retail site=19 text=world_controller:task_manager: Completed task 'ENUM(14)' after '13ms'.
client level=info t=79782 ev=nettick stage=sample latch=1 callbacks=10884
client level=info t=81782 ev=nettick stage=sample latch=1 callbacks=11172
client level=info t=83782 ev=nettick stage=sample latch=1 callbacks=11460
client level=info t=83922 ev=retail site=19 text=world_controller:task_manager: Completed task 'ENUM(2)' after '5125ms'.
client level=info t=83922 ev=retail site=18 text=world_controller:task_manager: Started   task 'ENUM(5)'.
client level=info t=83922 ev=retail site=19 text=world_controller:task_manager: Completed task 'ENUM(5)' after '6ms'.
client level=info t=83922 ev=retail site=18 text=world_controller:task_manager: Started   task 'ENUM(6)'.
client level=info t=83922 ev=retail site=18 text=world_controller:task_manager: Started   task 'ENUM(7)'.
client level=info t=84047 ev=retail site=19 text=world_controller:task_manager: Completed task 'ENUM(6)' after '112ms'.
client level=info t=84047 ev=retail site=11 text=world_controller:retail_datamine: Timed operation: [ENUM(11)], took: [118 ms], average: [118.000000 ms], min: [118.000000], max: [118.000000], count: [1]
client level=info t=84125 ev=retail site=19 text=world_controller:task_manager: Completed task 'ENUM(7)' after '195ms'.
client level=info t=84125 ev=retail site=18 text=world_controller:task_manager: Started   task 'ENUM(8)'.
client level=info t=84125 ev=retail site=19 text=world_controller:task_manager: Completed task 'ENUM(8)' after '0ms'.
client level=info t=84125 ev=retail site=18 text=world_controller:task_manager: Started   task 'ENUM(9)'.
client level=info t=84297 ev=retail site=19 text=world_controller:task_manager: Completed task 'ENUM(9)' after '180ms'.
client level=info t=84297 ev=retail site=18 text=world_controller:task_manager: Started   task 'ENUM(10)'.
client level=info t=84297 ev=retail site=18 text=world_controller:task_manager: Started   task 'ENUM(15)'.
client level=info t=84594 ev=retail site=19 text=world_controller:task_manager: Completed task 'ENUM(10)' after '299ms'.
client level=info t=84594 ev=retail site=18 text=world_controller:task_manager: Started   task 'ENUM(13)'.
client level=info t=84719 ev=retail site=19 text=world_controller:task_manager: Completed task 'ENUM(13)' after '119ms'.
client level=info t=84719 ev=retail site=11 text=world_controller:retail_datamine: Timed operation: [ENUM(12)], took: [598 ms], average: [598.000000 ms], min: [598.000000], max: [598.000000], count: [1]
client level=info t=84875 ev=retail site=19 text=world_controller:task_manager: Completed task 'ENUM(15)' after '577ms'.
client level=info t=84875 ev=retail site=18 text=world_controller:task_manager: Started   task 'ENUM(16)'.
client level=info t=84875 ev=retail site=18 text=world_controller:task_manager: Started   task 'ENUM(17)'.
client level=info t=84875 ev=retail site=18 text=world_controller:task_manager: Started   task 'ENUM(18)'.
client level=info t=84875 ev=retail site=19 text=world_controller:task_manager: Completed task 'ENUM(18)' after '0ms'.
client level=info t=84922 ev=retail site=19 text=world_controller:task_manager: Completed task 'ENUM(16)' after '48ms'.
client level=info t=85782 ev=nettick stage=sample latch=1 callbacks=11732
client level=info t=86375 ev=retail site=19 text=world_controller:task_manager: Completed task 'ENUM(17)' after '1500ms'.
client level=info t=86375 ev=retail site=17 text=world_controller:retail_datamine: Total time spent: [7583] ms in world controller state: [22] name: [bootflow:bap_signin]
client level=info t=86375 ev=retail site=3 text=world_controller:state_manager: Entering state 'bootflow:investment_signin' for reason 'unavailable'.
client level=info t=86375 ev=retail site=21 text=world_controller:task_manager: Started   task 'ENUM(0)'.
client level=info t=86375 ev=retail site=21 text=world_controller:task_manager: Started   task 'ENUM(1)'.
client level=info t=86375 ev=retail site=22 text=world_controller:task_manager: Completed task 'ENUM(1)' after '0ms'.
client level=info t=86375 ev=retail site=21 text=world_controller:task_manager: Started   task 'ENUM(2)'.
client level=info t=86375 ev=retail site=21 text=world_controller:task_manager: Started   task 'ENUM(6)'.
client level=info t=86438 ev=retail site=22 text=world_controller:task_manager: Completed task 'ENUM(6)' after '55ms'.
client level=info t=87313 ev=retail site=22 text=world_controller:task_manager: Completed task 'ENUM(2)' after '930ms'.
client level=info t=87313 ev=retail site=21 text=world_controller:task_manager: Started   task 'ENUM(4)'.
client level=info t=87313 ev=retail site=21 text=world_controller:task_manager: Started   task 'ENUM(5)'.
client level=info t=87313 ev=retail site=22 text=world_controller:task_manager: Completed task 'ENUM(5)' after '0ms'.
client level=info t=87532 ev=retail site=23 text=world_controller: successfully changed world to: ambient_bootstrap
client level=info t=87532 ev=retail site=22 text=world_controller:task_manager: Completed task 'ENUM(4)' after '221ms'.
client level=info t=87610 ev=lore_visibility result=applied conditions=24
client level=info t=87610 ev=retail site=24 text=content_table_patching: patch contents have been cleared
client level=warn t=87672 ev=queuez stage=notification result=skipped reason=null_payload
client level=info t=87672 ev=retail site=25 text=networking:investment:push:queuez: failed to process update for [family_type ENUM(0), family_root_soid 0x9EAA300100100100, version 0, flags 0x01, object_count 2]
client level=info t=87703 ev=retail site=22 text=world_controller:task_manager: Completed task 'ENUM(0)' after '1326ms'.
client level=info t=87703 ev=retail site=26 text=networking:link: Starting port collsion resolution for endpoint type: [2], using port: [2003], max attempts: [100], max upnp attempts: [6]
client level=info t=87703 ev=retail site=27 text=networking:port_collision_resolver: Starting port collision resolution for endpoint type: [2] port: [2003].
client level=info t=87703 ev=retail site=21 text=world_controller:task_manager: Started   task 'ENUM(7)'.
client level=info t=87703 ev=retail site=22 text=world_controller:task_manager: Completed task 'ENUM(7)' after '0ms'.
client level=info t=87703 ev=retail site=17 text=world_controller:retail_datamine: Total time spent: [1326] ms in world controller state: [23] name: [bootflow:investment_signin]
client level=info t=87703 ev=retail site=3 text=world_controller:state_manager: Entering state 'bootflow:prepare_for_orbit' for reason 'unavailable'.
client level=info t=87719 ev=retail site=28 text=networking:UPnP: Started UPnP client for port: [2003].
client level=info t=87782 ev=nettick stage=sample latch=1 callbacks=11998
client level=info t=88188 ev=retail site=25 text=networking:investment:push:queuez: failed to process update for [family_type ENUM(0), family_root_soid 0x9EAA300100100100, version 0, flags 0x01, object_count 2]
client level=info t=89782 ev=nettick stage=sample latch=1 callbacks=12991
client level=info t=90891 ev=retail site=23 text=world_controller: successfully changed world to: orbit_d2
client level=info t=91047 ev=retail site=29 text=world_controller:state:prepare_for_orbit: Waiting for bubble host port collision resolution.
client level=info t=91782 ev=nettick stage=sample latch=1 callbacks=13983
client level=info t=93782 ev=nettick stage=sample latch=1 callbacks=15152
client level=info t=93907 ev=retail site=30 text=networking:UPnP: Client completed with status: [2], port: [2003].
client level=info t=93907 ev=retail site=31 text=networking:port_collision_resolver: Unsuccessful UPnP reservation, UPnP client state: [2], endpoint type: [2] port: [2003].
client level=info t=93907 ev=retail site=0 text=networking:UPnP: Resetting UPnP client.
client level=info t=93907 ev=retail site=32 text=networking:link: Swapping out endpoint type: [2] with collision resolved endpoint using port: [2003]
client level=info t=93907 ev=retail site=17 text=world_controller:retail_datamine: Total time spent: [6200] ms in world controller state: [25] name: [bootflow:prepare_for_orbit]
client level=info t=93907 ev=retail site=10 text=networking:link: Endpoint traffic is now: [enabled].
client level=info t=93907 ev=retail site=3 text=world_controller:state_manager: Entering state 'bootflow:rejoin_activity' for reason 'unavailable'.
client level=info t=93907 ev=retail site=17 text=world_controller:retail_datamine: Total time spent: [0] ms in world controller state: [26] name: [bootflow:rejoin_activity]
client level=info t=93907 ev=retail site=3 text=world_controller:state_manager: Entering state 'character:signin' for reason 'unavailable'.
client level=info t=93907 ev=bootflow stage=character_select result=held
client level=warn t=93907 ev=vr.dest forced result=ok name=eden_freeroam bubble=20 slice_set=160 activity=7 spawn=0x0 active=1
client level=info t=95782 ev=nettick stage=sample latch=1 callbacks=16029
client level=info t=97782 ev=nettick stage=sample latch=1 callbacks=16904
client level=info t=99782 ev=nettick stage=sample latch=1 callbacks=17749
client level=info t=101782 ev=nettick stage=sample latch=1 callbacks=18622
client level=info t=103782 ev=nettick stage=sample latch=1 callbacks=19479
client level=info t=105782 ev=nettick stage=sample latch=1 callbacks=20323
client level=info t=107782 ev=nettick stage=sample latch=1 callbacks=21158
client level=info t=109782 ev=nettick stage=sample latch=1 callbacks=21988
client level=info t=111782 ev=nettick stage=sample latch=1 callbacks=22791
client level=info t=113782 ev=nettick stage=sample latch=1 callbacks=23607
client level=info t=115782 ev=nettick stage=sample latch=1 callbacks=24394
client level=info t=117750 ev=retail site=25 text=networking:investment:push:queuez: failed to process update for [family_type ENUM(0), family_root_soid 0x9EAA300100100100, version 1, flags 0x01, object_count 2]
client level=info t=117782 ev=retail site=17 text=world_controller:retail_datamine: Total time spent: [23873] ms in world controller state: [27] name: [character:signin]
client level=info t=117782 ev=retail site=11 text=world_controller:retail_datamine: Timed operation: [ENUM(15)], took: [23873 ms], average: [23873.000000 ms], min: [23873.000000], max: [23873.000000], count: [1]
client level=info t=117782 ev=retail site=3 text=world_controller:state_manager: Entering state 'cleanup' for reason 'unavailable'.
client level=info t=117782 ev=retail site=33 text=world_controller:state:cleanup: Requested task mask: '0x00e0010c30fbdf3c'
client level=info t=117782 ev=retail site=34 text=world_controller:task_manager: Started   task 'ENUM(2)'.
client level=info t=117782 ev=retail site=35 text=world_controller:task_manager: Completed task 'ENUM(2)' after '0ms'.
client level=info t=117782 ev=retail site=34 text=world_controller:task_manager: Started   task 'ENUM(3)'.
client level=info t=117782 ev=retail site=35 text=world_controller:task_manager: Completed task 'ENUM(3)' after '0ms'.
client level=info t=117782 ev=retail site=34 text=world_controller:task_manager: Started   task 'ENUM(4)'.
client level=info t=117782 ev=retail site=35 text=world_controller:task_manager: Completed task 'ENUM(4)' after '0ms'.
client level=info t=117782 ev=retail site=34 text=world_controller:task_manager: Started   task 'ENUM(5)'.
client level=info t=117782 ev=retail site=35 text=world_controller:task_manager: Completed task 'ENUM(5)' after '0ms'.
client level=info t=117782 ev=retail site=34 text=world_controller:task_manager: Started   task 'ENUM(8)'.
client level=info t=117782 ev=retail site=36 text=networking:session: [fireteam:00000000:00000000] session state is changing from 'none' to 'host-established'.
client level=info t=117782 ev=retail site=34 text=world_controller:task_manager: Started   task 'ENUM(10)'.
client level=info t=117782 ev=retail site=35 text=world_controller:task_manager: Completed task 'ENUM(10)' after '0ms'.
client level=info t=117782 ev=retail site=34 text=world_controller:task_manager: Started   task 'ENUM(11)'.
client level=info t=117782 ev=retail site=35 text=world_controller:task_manager: Completed task 'ENUM(11)' after '0ms'.
client level=info t=117782 ev=retail site=34 text=world_controller:task_manager: Started   task 'ENUM(12)'.
client level=info t=117782 ev=retail site=35 text=world_controller:task_manager: Completed task 'ENUM(12)' after '0ms'.
client level=info t=117782 ev=retail site=34 text=world_controller:task_manager: Started   task 'ENUM(14)'.
client level=info t=117782 ev=retail site=35 text=world_controller:task_manager: Completed task 'ENUM(14)' after '0ms'.
client level=info t=117782 ev=retail site=34 text=world_controller:task_manager: Started   task 'ENUM(15)'.
client level=info t=117782 ev=retail site=35 text=world_controller:task_manager: Completed task 'ENUM(15)' after '0ms'.
client level=info t=117782 ev=retail site=34 text=world_controller:task_manager: Started   task 'ENUM(16)'.
client level=info t=117782 ev=retail site=35 text=world_controller:task_manager: Completed task 'ENUM(16)' after '0ms'.
client level=info t=117782 ev=retail site=34 text=world_controller:task_manager: Started   task 'ENUM(17)'.
client level=info t=117782 ev=retail site=34 text=world_controller:task_manager: Started   task 'ENUM(19)'.
client level=info t=117782 ev=retail site=34 text=world_controller:task_manager: Started   task 'ENUM(20)'.
client level=info t=117782 ev=retail site=35 text=world_controller:task_manager: Completed task 'ENUM(20)' after '0ms'.
client level=info t=117782 ev=retail site=34 text=world_controller:task_manager: Started   task 'ENUM(21)'.
client level=info t=117782 ev=retail site=34 text=world_controller:task_manager: Started   task 'ENUM(28)'.
client level=info t=117782 ev=retail site=37 text=world_controller:retail_datamine: About to attempt retail log upload. We have '157' events, dropped '0' from THIS session due to upload cap, and have '38' unique event IDs.
client level=info t=117782 ev=retail site=34 text=world_controller:task_manager: Started   task 'ENUM(29)'.
client level=info t=117782 ev=retail site=35 text=world_controller:task_manager: Completed task 'ENUM(29)' after '0ms'.
client level=info t=117782 ev=retail site=34 text=world_controller:task_manager: Started   task 'ENUM(34)'.
client level=info t=117782 ev=retail site=35 text=world_controller:task_manager: Completed task 'ENUM(34)' after '0ms'.
client level=info t=117782 ev=retail site=34 text=world_controller:task_manager: Started   task 'ENUM(54)'.
client level=info t=117782 ev=retail site=35 text=world_controller:task_manager: Completed task 'ENUM(54)' after '0ms'.
client level=info t=117782 ev=retail site=34 text=world_controller:task_manager: Started   task 'ENUM(55)'.
client level=info t=117782 ev=retail site=38 text=world_controller:state:cleanup: After 2ms, status: '2', tasks active: '0x00800000102a0100', pending: '0x0020010800c00200', requested: '0x00e0010c30fbdf3c'
client level=info t=117782 ev=nettick stage=sample latch=1 callbacks=25164
client level=info t=117782 ev=retail site=39 text=networking:session:membership:dump: [fireteam:00000000:00000000] update_number: 7, leader_peer_index: # 0, host_peer_index: # 0
client level=info t=117782 ev=retail site=40 text=networking:session:membership:dump:   peers valid: 0x1, non-dormant: 0x1, changed: 0x1, removed: 0x0; players valid: 0x1, changed: 0x0, removed: 0x0
client level=info t=117782 ev=retail site=41 text=networking:session:membership:dump:   peer # 0 a=[steamid:76561198776753861#3c94f23bc642f1a5] s=            _joining o=-1 j=[78425F75-C181EF5B] amb=[XXXXXXXX-XXXXXXXX] pc=1 peer_name=<UNKNOWN PEER NAME> session_id= flags=0
client level=info t=117922 ev=retail site=23 text=world_controller: successfully changed world to:
client level=info t=117922 ev=retail site=35 text=world_controller:task_manager: Completed task 'ENUM(19)' after '144ms'.
client level=info t=117922 ev=retail site=35 text=world_controller:task_manager: Completed task 'ENUM(21)' after '144ms'.
client level=info t=117922 ev=retail site=34 text=world_controller:task_manager: Started   task 'ENUM(22)'.
client level=info t=117922 ev=retail site=34 text=world_controller:task_manager: Started   task 'ENUM(23)'.
client level=info t=117922 ev=retail site=35 text=world_controller:task_manager: Completed task 'ENUM(23)' after '0ms'.
client level=info t=117922 ev=retail site=35 text=world_controller:task_manager: Completed task 'ENUM(28)' after '144ms'.
client level=info t=117922 ev=retail site=34 text=world_controller:task_manager: Started   task 'ENUM(53)'.
client level=info t=117922 ev=retail site=35 text=world_controller:task_manager: Completed task 'ENUM(17)' after '146ms'.
client level=info t=117922 ev=retail site=35 text=world_controller:task_manager: Completed task 'ENUM(55)' after '147ms'.
client level=info t=117938 ev=retail site=42 text=networking:session:process-pending-joins: [fireteam:CC27DB65:ADFE3CD2] marking all peers in join [78425F75-C181EF5B] as joined
client level=info t=117938 ev=retail site=39 text=networking:session:membership:dump: [fireteam:CC27DB65:ADFE3CD2] update_number: 11, leader_peer_index: # 0, host_peer_index: # 0
client level=info t=117938 ev=retail site=40 text=networking:session:membership:dump:   peers valid: 0x1, non-dormant: 0x1, changed: 0x1, removed: 0x0; players valid: 0x1, changed: 0x0, removed: 0x0
client level=info t=117938 ev=retail site=41 text=networking:session:membership:dump:   peer # 0 a=[steamid:76561198776753861#3c94f23bc642f1a5] s=            _waiting o=-1 j=[78425F75-C181EF5B] amb=[XXXXXXXX-XXXXXXXX] pc=1 peer_name=<UNKNOWN PEER NAME> session_id= flags=0
client level=info t=117938 ev=retail site=43 text=networking:session:process-pending-joins: [fireteam:CC27DB65:ADFE3CD2] marking all peers in join [78425F75-C181EF5B] as ready, [150] ms since peer [0] created, [118054] since join was queued
client level=info t=117938 ev=retail site=39 text=networking:session:membership:dump: [fireteam:CC27DB65:ADFE3CD2] update_number: 12, leader_peer_index: # 0, host_peer_index: # 0
client level=info t=117938 ev=retail site=40 text=networking:session:membership:dump:   peers valid: 0x1, non-dormant: 0x1, changed: 0x1, removed: 0x0; players valid: 0x1, changed: 0x0, removed: 0x0
client level=info t=117938 ev=retail site=41 text=networking:session:membership:dump:   peer # 0 a=[steamid:76561198776753861#3c94f23bc642f1a5] s=              _ready o=-1 j=[78425F75-C181EF5B] amb=[XXXXXXXX-XXXXXXXX] pc=1 peer_name=<UNKNOWN PEER NAME> session_id= flags=0
client level=info t=117938 ev=retail site=44 text=networking:session:process-pending-joins: [fireteam:CC27DB65:ADFE3CD2] marking all peers in join [78425F75-C181EF5B] as established
client level=info t=117938 ev=retail site=39 text=networking:session:membership:dump: [fireteam:CC27DB65:ADFE3CD2] update_number: 14, leader_peer_index: # 0, host_peer_index: # 0
client level=info t=117938 ev=retail site=40 text=networking:session:membership:dump:   peers valid: 0x1, non-dormant: 0x1, changed: 0x1, removed: 0x0; players valid: 0x1, changed: 0x0, removed: 0x0
client level=info t=117938 ev=retail site=41 text=networking:session:membership:dump:   peer # 0 a=[steamid:76561198776753861#3c94f23bc642f1a5] s=        _established o=-1 j=[XXXXXXXX-XXXXXXXX] amb=[XXXXXXXX-XXXXXXXX] pc=1 peer_name=<UNKNOWN PEER NAME> session_id= flags=0
client level=info t=117938 ev=retail site=35 text=world_controller:task_manager: Completed task 'ENUM(8)' after '152ms'.
client level=info t=117938 ev=retail site=34 text=world_controller:task_manager: Started   task 'ENUM(9)'.
client level=info t=117938 ev=retail site=35 text=world_controller:task_manager: Completed task 'ENUM(9)' after '0ms'.
client level=info t=117938 ev=retail site=39 text=networking:session:membership:dump: [fireteam:CC27DB65:ADFE3CD2] update_number: 16, leader_peer_index: # 0, host_peer_index: # 0
client level=info t=117938 ev=retail site=40 text=networking:session:membership:dump:   peers valid: 0x1, non-dormant: 0x1, changed: 0xffffffff, removed: 0x0; players valid: 0x1, changed: 0xffffffff, removed: 0x0
client level=info t=117938 ev=retail site=41 text=networking:session:membership:dump:   peer # 0 a=[steamid:76561198776753861#3c94f23bc642f1a5] s=        _established o=-1 j=[XXXXXXXX-XXXXXXXX] amb=[XXXXXXXX-XXXXXXXX] pc=1 peer_name=<UNKNOWN PEER NAME> session_id=Wed_09092026_003231_010212@x64@unknown_pc_user@B0_A1_25_FC_EC_00_F935 flags=0
client level=info t=118032 ev=retail site=35 text=world_controller:task_manager: Completed task 'ENUM(22)' after '107ms'.
client level=info t=118032 ev=retail site=34 text=world_controller:task_manager: Started   task 'ENUM(35)'.
client level=info t=118032 ev=retail site=34 text=world_controller:task_manager: Started   task 'ENUM(40)'.
client level=info t=118032 ev=retail site=35 text=world_controller:task_manager: Completed task 'ENUM(40)' after '0ms'.
client level=info t=118266 ev=retail site=23 text=world_controller: successfully changed world to: orbit_d2
client level=info t=118266 ev=retail site=35 text=world_controller:task_manager: Completed task 'ENUM(35)' after '236ms'.
server level=info t=118297 ev=queuez stage=translate result=paired kind=account identity=0x0110000130AA9EC5 soid=0x9EAA300100100100
server level=info t=118297 ev=ws701 stage=profile_setup result=complete
server level=info t=118313 ev=activity stage=writeback result=ok world_state=0
server level=info t=118328 ev=queuez stage=social_roster result=ok soid=0x9EAA300100100100 objects=2 bytes=176 emblem=1273 hash=0x71B4CC1A
client level=info t=118828 ev=retail site=35 text=world_controller:task_manager: Completed task 'ENUM(53)' after '904ms'.
client level=info t=118828 ev=retail site=17 text=world_controller:retail_datamine: Total time spent: [1049] ms in world controller state: [28] name: [cleanup]
client level=info t=118828 ev=retail site=3 text=world_controller:state_manager: Entering state 'setup:orbit' for reason 'unavailable'.
client level=info t=118828 ev=retail site=45 text=world_controller:slice_set_transition_manager: Mode changed from 'disabled' to 'fully_enabled'.
client level=info t=118828 ev=retail site=11 text=world_controller:retail_datamine: Timed operation: [ENUM(14)], took: [42838 ms], average: [42838.000000 ms], min: [42838.000000], max: [42838.000000], count: [1]
client level=info t=118828 ev=retail site=46 text=world_controller:slice_set_transition_manager: Failed to find the Orbit slice-set name for destination 'HASH(0x13a023bc)', so we're falling back to a new character (Orbit destination 'HASH(0x59ad083e)', slice-set 'HASH(0x841b4ef7)').
client level=info t=118828 ev=retail site=47 text=world_controller:slice_set_transition_manager: Starting a new transition of type 'transitioning:orbit' to 'PRV24.24 (HASH: 0x841b4ef7)'; token advanced to 001
client level=info t=119110 ev=bootflow stage=orbit_handoff result=native
client level=info t=119110 ev=retail site=48 text=world_controller:slice_set_transition_manager: Stopping transition of type 'transitioning:orbit' due to completed
server level=info t=119235 ev=ws701 stage=profile_setup result=complete
server level=info t=119235 ev=activity stage=writeback result=ok world_state=0
client level=info t=119782 ev=nettick stage=sample latch=1 callbacks=25894
client level=info t=121782 ev=nettick stage=sample latch=1 callbacks=26615
client level=info t=123782 ev=nettick stage=sample latch=1 callbacks=27358
client level=info t=125782 ev=nettick stage=sample latch=1 callbacks=28082
client level=info t=127782 ev=nettick stage=sample latch=1 callbacks=28822
client level=info t=129782 ev=nettick stage=sample latch=1 callbacks=29573
client level=info t=131782 ev=nettick stage=sample latch=1 callbacks=30324
client level=info t=133782 ev=nettick stage=sample latch=1 callbacks=31059
client level=info t=135782 ev=nettick stage=sample latch=1 callbacks=31782
client level=info t=137782 ev=nettick stage=sample latch=1 callbacks=32479
client level=info t=139782 ev=nettick stage=sample latch=1 callbacks=33204
client level=info t=141782 ev=nettick stage=sample latch=1 callbacks=33928
client level=info t=143782 ev=nettick stage=sample latch=1 callbacks=34644
client level=info t=145782 ev=nettick stage=sample latch=1 callbacks=35345
client level=info t=147782 ev=nettick stage=sample latch=1 callbacks=36067
client level=info t=148828 ev=retail site=46 text=world_controller:slice_set_transition_manager: Failed to find the Orbit slice-set name for destination 'HASH(0x13a023bc)', so we're falling back to a new character (Orbit destination 'HASH(0x59ad083e)', slice-set 'HASH(0x841b4ef7)').
server level=info t=149266 ev=ws701 stage=profile_setup result=complete
server level=info t=149282 ev=activity stage=writeback result=ok world_state=0
client level=info t=149782 ev=nettick stage=sample latch=1 callbacks=36787
client level=info t=151782 ev=nettick stage=sample latch=1 callbacks=37509
client level=info t=153782 ev=nettick stage=sample latch=1 callbacks=38226
client level=info t=155782 ev=nettick stage=sample latch=1 callbacks=38946
client level=info t=157782 ev=nettick stage=sample latch=1 callbacks=39661
client level=info t=159782 ev=nettick stage=sample latch=1 callbacks=40379
client level=info t=161782 ev=nettick stage=sample latch=1 callbacks=41065
client level=info t=163782 ev=nettick stage=sample latch=1 callbacks=41779
client level=info t=165782 ev=nettick stage=sample latch=1 callbacks=42495
client level=info t=167782 ev=nettick stage=sample latch=1 callbacks=43207
client level=info t=169782 ev=nettick stage=sample latch=1 callbacks=43895
client level=info t=171782 ev=nettick stage=sample latch=1 callbacks=44611
client level=info t=173782 ev=nettick stage=sample latch=1 callbacks=45324
client level=info t=175782 ev=nettick stage=sample latch=1 callbacks=46040
client level=info t=177782 ev=nettick stage=sample latch=1 callbacks=46719
client level=info t=178828 ev=retail site=46 text=world_controller:slice_set_transition_manager: Failed to find the Orbit slice-set name for destination 'HASH(0x13a023bc)', so we're falling back to a new character (Orbit destination 'HASH(0x59ad083e)', slice-set 'HASH(0x841b4ef7)').
server level=info t=179313 ev=ws701 stage=profile_setup result=complete
server level=info t=179313 ev=activity stage=writeback result=ok world_state=0
client level=info t=179782 ev=nettick stage=sample latch=1 callbacks=47431
client level=info t=181782 ev=nettick stage=sample latch=1 callbacks=48143
client level=info t=183782 ev=nettick stage=sample latch=1 callbacks=48854
client level=info t=185782 ev=nettick stage=sample latch=1 callbacks=49566
client level=info t=187782 ev=nettick stage=sample latch=1 callbacks=50270
client level=info t=189782 ev=nettick stage=sample latch=1 callbacks=50981
client level=info t=191782 ev=nettick stage=sample latch=1 callbacks=51693
client level=info t=193782 ev=nettick stage=sample latch=1 callbacks=52372
client level=info t=195782 ev=nettick stage=sample latch=1 callbacks=53076
client level=info t=197782 ev=nettick stage=sample latch=1 callbacks=53783
client level=info t=199782 ev=nettick stage=sample latch=1 callbacks=54487
client level=info t=201782 ev=nettick stage=sample latch=1 callbacks=55170
client level=info t=203782 ev=nettick stage=sample latch=1 callbacks=55862
client level=info t=205782 ev=nettick stage=sample latch=1 callbacks=56561
client level=info t=207782 ev=nettick stage=sample latch=1 callbacks=57216
client level=info t=208828 ev=retail site=46 text=world_controller:slice_set_transition_manager: Failed to find the Orbit slice-set name for destination 'HASH(0x13a023bc)', so we're falling back to a new character (Orbit destination 'HASH(0x59ad083e)', slice-set 'HASH(0x841b4ef7)').
server level=info t=209375 ev=ws701 stage=profile_setup result=complete
server level=info t=209375 ev=activity stage=writeback result=ok world_state=0
client level=info t=209782 ev=nettick stage=sample latch=1 callbacks=57783
client level=info t=211782 ev=nettick stage=sample latch=1 callbacks=58421
client level=info t=213782 ev=nettick stage=sample latch=1 callbacks=59063
client level=info t=215782 ev=nettick stage=sample latch=1 callbacks=59567
client level=info t=217782 ev=nettick stage=sample latch=1 callbacks=60114
client level=info t=219782 ev=nettick stage=sample latch=1 callbacks=60673
client level=info t=221782 ev=nettick stage=sample latch=1 callbacks=61226
client level=info t=223782 ev=nettick stage=sample latch=1 callbacks=61700
client level=info t=225782 ev=nettick stage=sample latch=1 callbacks=62155
client level=info t=227782 ev=nettick stage=sample latch=1 callbacks=62639
client level=info t=229641 ev=retail site=17 text=world_controller:retail_datamine: Total time spent: [110807] ms in world controller state: [29] name: [setup:orbit]
client level=info t=229641 ev=retail site=45 text=world_controller:slice_set_transition_manager: Mode changed from 'fully_enabled' to 'disabled'.
client level=info t=229641 ev=retail site=49 text=networking:online:matchmaking: Active matchmaking interface type: 0
client level=info t=229641 ev=retail site=3 text=world_controller:state_manager: Entering state 'setup:activity_session_creation' for reason 'unavailable'.
client level=info t=229641 ev=retail site=50 text=world_controller:task_manager: Started   task 'ENUM(0)'.
client level=info t=229641 ev=retail site=50 text=world_controller:task_manager: Started   task 'ENUM(4)'.
client level=info t=229641 ev=retail site=51 text=world_controller:task_manager: Completed task 'ENUM(4)' after '0ms'.
client level=info t=229641 ev=retail site=52 text=world_controller:state:activity_session_creation: Waiting for session peer properties to be in the expected state (no AH ids). FT [EXPECTED], POSSE [WAITING]
client level=info t=229641 ev=retail site=50 text=world_controller:task_manager: Started   task 'ENUM(5)'.
client level=info t=229657 ev=retail site=49 text=networking:online:matchmaking: Active matchmaking interface type: 0
client level=info t=229657 ev=retail site=51 text=world_controller:task_manager: Completed task 'ENUM(0)' after '25ms'.
client level=info t=229657 ev=retail site=50 text=world_controller:task_manager: Started   task 'ENUM(1)'.
server level=info t=229657 ev=bap svc=42 stage=configuration result=ok activity_hash=0x11882989 type_hash=0x5EC025C8 activity=255 name=nadir_endgame current_activity_policy=0 changed=0
client level=info t=229688 ev=retail site=51 text=world_controller:task_manager: Completed task 'ENUM(1)' after '20ms'.
client level=info t=229688 ev=retail site=50 text=world_controller:task_manager: Started   task 'ENUM(2)'.
client level=info t=229688 ev=retail site=39 text=networking:session:membership:dump: [posse:00000000:00000000] update_number: 2, leader_peer_index: # 0, host_peer_index: # 0
client level=info t=229688 ev=retail site=40 text=networking:session:membership:dump:   peers valid: 0x1, non-dormant: 0x1, changed: 0x1, removed: 0x0; players valid: 0x1, changed: 0x0, removed: 0x0
client level=info t=229688 ev=retail site=41 text=networking:session:membership:dump:   peer # 0 a=[steamid:76561198776753861#3c94f23bc642f1a5] s=          _connected o=-1 j=[XXXXXXXX-XXXXXXXX] amb=[XXXXXXXX-XXXXXXXX] pc=1 peer_name=<UNKNOWN PEER NAME> session_id=Wed_09092026_003231_010212@x64@unknown_pc_user@B0_A1_25_FC_EC_00_F935 flags=4
client level=info t=229688 ev=retail site=36 text=networking:session: [posse:00000000:00000000] session state is changing from 'none' to 'host-established'.
client level=info t=229688 ev=retail site=53 text=networking:session:create: join-driven session creation (local and remote peers) assigned a promordial join nonce of 1158EDEF-43C91736
client level=info t=229688 ev=retail site=39 text=networking:session:membership:dump: [posse:00000000:00000000] update_number: 5, leader_peer_index: # 0, host_peer_index: # 0
client level=info t=229688 ev=retail site=40 text=networking:session:membership:dump:   peers valid: 0x1, non-dormant: 0x1, changed: 0x1, removed: 0x0; players valid: 0x1, changed: 0x0, removed: 0x0
client level=info t=229688 ev=retail site=41 text=networking:session:membership:dump:   peer # 0 a=[steamid:76561198776753861#3c94f23bc642f1a5] s=            _joining o=-1 j=[1158EDEF-43C91736] amb=[XXXXXXXX-XXXXXXXX] pc=1 peer_name=<UNKNOWN PEER NAME> session_id=Wed_09092026_003231_010212@x64@unknown_pc_user@B0_A1_25_FC_EC_00_F935 flags=4
client level=info t=229703 ev=retail site=51 text=world_controller:task_manager: Completed task 'ENUM(5)' after '61ms'.
client level=info t=229703 ev=retail site=54 text=world_controller:session_manager: PRIVATE session [posse:00000000:00000000] unable to get session keys.
client level=info t=229703 ev=retail site=50 text=world_controller:task_manager: Started   task 'ENUM(3)'.
client level=info t=229703 ev=retail site=51 text=world_controller:task_manager: Completed task 'ENUM(3)' after '0ms'.
client level=info t=229719 ev=retail site=51 text=world_controller:task_manager: Completed task 'ENUM(2)' after '32ms'.
client level=info t=229719 ev=retail site=55 text=world_controller:state:activity_session_creation: As HOST, peers done: skill read: , config refresh: , reputation read: 0
client level=info t=229719 ev=retail site=42 text=networking:session:process-pending-joins: [posse:3B66848D:22E283D2] marking all peers in join [1158EDEF-43C91736] as joined
client level=info t=229719 ev=retail site=39 text=networking:session:membership:dump: [posse:3B66848D:22E283D2] update_number: 8, leader_peer_index: # 0, host_peer_index: # 0
client level=info t=229719 ev=retail site=40 text=networking:session:membership:dump:   peers valid: 0x1, non-dormant: 0x1, changed: 0x1, removed: 0x0; players valid: 0x1, changed: 0x0, removed: 0x0
client level=info t=229719 ev=retail site=41 text=networking:session:membership:dump:   peer # 0 a=[steamid:76561198776753861#3c94f23bc642f1a5] s=            _waiting o=-1 j=[1158EDEF-43C91736] amb=[XXXXXXXX-XXXXXXXX] pc=1 peer_name=<UNKNOWN PEER NAME> session_id=Wed_09092026_003231_010212@x64@unknown_pc_user@B0_A1_25_FC_EC_00_F935 flags=4
client level=info t=229719 ev=retail site=43 text=networking:session:process-pending-joins: [posse:3B66848D:22E283D2] marking all peers in join [1158EDEF-43C91736] as ready, [32] ms since peer [0] created, [229845] since join was queued
client level=info t=229719 ev=retail site=39 text=networking:session:membership:dump: [posse:3B66848D:22E283D2] update_number: 9, leader_peer_index: # 0, host_peer_index: # 0
client level=info t=229719 ev=retail site=40 text=networking:session:membership:dump:   peers valid: 0x1, non-dormant: 0x1, changed: 0x1, removed: 0x0; players valid: 0x1, changed: 0x0, removed: 0x0
client level=info t=229719 ev=retail site=41 text=networking:session:membership:dump:   peer # 0 a=[steamid:76561198776753861#3c94f23bc642f1a5] s=              _ready o=-1 j=[1158EDEF-43C91736] amb=[XXXXXXXX-XXXXXXXX] pc=1 peer_name=<UNKNOWN PEER NAME> session_id=Wed_09092026_003231_010212@x64@unknown_pc_user@B0_A1_25_FC_EC_00_F935 flags=4
client level=info t=229735 ev=retail site=39 text=networking:session:membership:dump: [posse:3B66848D:22E283D2] update_number: 10, leader_peer_index: # 0, host_peer_index: # 0
client level=info t=229735 ev=retail site=40 text=networking:session:membership:dump:   peers valid: 0x1, non-dormant: 0x1, changed: 0xffffffff, removed: 0x0; players valid: 0x1, changed: 0xffffffff, removed: 0x0
client level=info t=229735 ev=retail site=41 text=networking:session:membership:dump:   peer # 0 a=[steamid:76561198776753861#3c94f23bc642f1a5] s=              _ready o=-1 j=[1158EDEF-43C91736] amb=[XXXXXXXX-XXXXXXXX] pc=1 peer_name=<UNKNOWN PEER NAME> session_id=Wed_09092026_003231_010212@x64@unknown_pc_user@B0_A1_25_FC_EC_00_F935 flags=4000007
client level=info t=229735 ev=retail site=56 text=world_controller:state:activity_session_creation: Activity session 'posse:3B66848D:22E283D2' successfully created, trying to move on.
client level=info t=229735 ev=retail site=57 text=world_controller:state_manager: State 'setup:matchmaking' requested for reason 'unavailable', but we can't: 'active outbound FT join [IN-PROGRESS]'.
client level=info t=229735 ev=retail site=44 text=networking:session:process-pending-joins: [posse:3B66848D:22E283D2] marking all peers in join [1158EDEF-43C91736] as established
client level=info t=229735 ev=retail site=39 text=networking:session:membership:dump: [posse:3B66848D:22E283D2] update_number: 12, leader_peer_index: # 0, host_peer_index: # 0
client level=info t=229735 ev=retail site=40 text=networking:session:membership:dump:   peers valid: 0x1, non-dormant: 0x1, changed: 0x1, removed: 0x0; players valid: 0x1, changed: 0x0, removed: 0x0
client level=info t=229735 ev=retail site=41 text=networking:session:membership:dump:   peer # 0 a=[steamid:76561198776753861#3c94f23bc642f1a5] s=        _established o=-1 j=[XXXXXXXX-XXXXXXXX] amb=[XXXXXXXX-XXXXXXXX] pc=1 peer_name=<UNKNOWN PEER NAME> session_id=Wed_09092026_003231_010212@x64@unknown_pc_user@B0_A1_25_FC_EC_00_F935 flags=4000007
client level=info t=229766 ev=retail site=17 text=world_controller:retail_datamine: Total time spent: [124] ms in world controller state: [30] name: [setup:activity_session_creation]
client level=info t=229766 ev=retail site=3 text=world_controller:state_manager: Entering state 'setup:matchmaking' for reason 'unavailable'.
client level=info t=229766 ev=bootflow stage=composition result=zeroed count=1
client level=info t=229766 ev=retail site=39 text=networking:session:membership:dump: [posse:3B66848D:22E283D2] update_number: 15, leader_peer_index: # 0, host_peer_index: # 0
client level=info t=229766 ev=retail site=40 text=networking:session:membership:dump:   peers valid: 0x1, non-dormant: 0x1, changed: 0xffffffff, removed: 0x0; players valid: 0x1, changed: 0xffffffff, removed: 0x0
client level=info t=229766 ev=retail site=41 text=networking:session:membership:dump:   peer # 0 a=[steamid:76561198776753861#3c94f23bc642f1a5] s=        _established o=-1 j=[XXXXXXXX-XXXXXXXX] amb=[XXXXXXXX-XXXXXXXX] pc=1 peer_name=<UNKNOWN PEER NAME> session_id=Wed_09092026_003231_010212@x64@unknown_pc_user@B0_A1_25_FC_EC_00_F935 flags=4000007
client level=info t=229782 ev=bootflow stage=composition result=zeroed count=1
client level=info t=229782 ev=retail site=58 text=world_controller:state:matchmaking: Teams have been picked for activity: 255, membership update number: 16
client level=info t=229782 ev=retail site=17 text=world_controller:retail_datamine: Total time spent: [16] ms in world controller state: [31] name: [setup:matchmaking]
client level=info t=229782 ev=retail site=59 text=world_controller:retail_datamine: Timed operation Matchmaking, took: [0 seconds]
client level=info t=229782 ev=retail site=3 text=world_controller:state_manager: Entering state 'setup:activity_host_setup' for reason 'unavailable'.
client level=info t=229782 ev=nettick stage=sample latch=1 callbacks=63117
client level=info t=229797 ev=retail site=60 text=networking:activity_client:messaging_interface:bap: AH IP resolution successful: 'proxy -> 127.0.0.1:30974'.
server level=info t=229797 ev=transport stage=accept result=ok conn=2
server level=warn t=229828 ev=bap svc=25 stage=plaintext result=shape_accepted conn=2 len=36 b0=0A b1=20 b34=10 b35=02
client level=info t=229828 ev=retail site=61 text=world_controller:activity_manager: Connected 'PRIVATE CURRENT' activity client.
client level=info t=229828 ev=retail site=62 text=world_controller:activity_manager: 'PRIVATE CURRENT' activity client requesting activity host startup [activity: 0x00ff (HASH(0x11882989))(type: HASH(0x5ec025c8))(grognok: nadir_endgame)(destination: HASH(0x9bb2169b))(nonce: 31C7AE20-46F481BC) for reason 'ENUM(0)'(override: nadir_endgame)][reservation count 1].
server level=info t=229844 ev=bap svc=6 stage=selection result=forced name=eden_freeroam bubble=20 slice_set=160 spawn=0x811C9DC5
server level=warn t=229844 ev=mission_script stage=attach result=activity_join_pending session=11433003384888623105
client level=info t=229844 ev=retail site=63 text=networking:activity_client:receive_message_from_host: [AC PRIVATE CURRENT CON-Y EST-N AH->0 MEM-0] received startup response from AH [id 9EAA3001:00200001][session ]
client level=info t=229844 ev=retail site=64 text=networking:activity_client: [AC PRIVATE CURRENT CON-Y EST-N AH->0 MEM-0] Sent join request: [AH 9EAA3001:00200001][nonce 263838889] identity:[account -7013740688821976832][character -7013740688821976831][machine B0:A1:25:FC:EC:00:F935][player FE:9A:F5:50:4E:CD:63:3F] [global resources 0x6c] (part 1/2)
client level=info t=229844 ev=retail site=65 text=networking:activity_client: [AC PRIVATE CURRENT CON-Y EST-N AH->0 MEM-0] Properties [session Wed_09092026_003231_010212@x64@76561198776753861@B0_A1_25_FC_EC_00_F935][FAH --------:--------][GAH --------:--------][FTID 0x337b013e5c420f1f] (part 2/2)
client level=info t=229844 ev=retail site=66 text=world_controller:activity_manager: 'PRIVATE CURRENT' activity client sent join request to AH 9EAA3001:00200001, host=Wed_09092026_003231_010212@x64@unknown_pc_user@B0_A1_25_FC_EC_00_F935
server level=info t=229891 ev=gameplay stage=activityhost result=allocated session=0x9EAA300100200002 group=0x13BEF1109C8506C6 generation=1 port=30976 held=1
server level=info t=229891 ev=gameplay stage=advertise result=ok region=160 region_source=arrival ambassador_slot=1
server level=warn t=229907 ev=activity stage=roster result=no_epoch soid=0x9EAA300100200001 public=0 dest= groups=0 top=0 sub=0 subkeys=0 objects=0 bytes=0 state=0 auth=0 authstate=-1 authfirst=-1:-1:0x0:0x0 authlast=-1:-1:0x0:0x0 sceneempty=0 engageempty=0 keygroup=0x0 grant=-1 region=0 slice=0 spawn=0x0 join=0x9EAA300100100101 player=0x0 pending_region=-1 current_region=-1 client_bubble=-1 held=-1 entered=0 selected=0 hash=0x0000000000000000 force=0x00
client level=info t=229907 ev=retail site=67 text=networking:activity_client:receive_message_from_host: [AC PRIVATE CURRENT CON-Y EST-N AH->0 MEM-0] Received join result from AH '9EAA3001:00200001' [nonce 263838889][result 0][session id ][replication epoch 0].
client level=info t=229907 ev=retail site=68 text=networking:activity_client:activity_host_changed: instance=PRIVATE CURRENT, ah-sid=, zombie-instance-nonce=0
client level=info t=229907 ev=probe stage=msg12 result=received client=0x1AAA2F4F980 slot=0 label=PRIVATE CURRENT member=0x35F900ECFC25A1B0 status=0x00FE->0x01FE flag=1
client level=info t=229907 ev=probe stage=bind client=0x1AAA2F4F980 established=0x9EAA300100200001 slotrec=0x1AA8A42D9A0 roster=0x1AB479DBC80 receipt=0
client level=info t=229907 ev=probe stage=hosttail client=0x1AAA2F4F980 b=00000000000000000000000000000000000000000000000000000000000000000000000000000000FFFFFFFF00000000
client level=info t=229907 ev=probe stage=grant client=0x1AAA2F4F980 status=0x01FE pending=7936 dirty=0 receipt=0
server level=info t=229907 ev=mission_script stage=open result=no_script session=11433003384888623105 activity_row=8
server level=warn t=229907 ev=mission_script stage=attach result=no_script session=11433003384888623105 activity_row=8
server level=warn t=229907 ev=mission_script stage=attach result=no_activity_link session=11433003384888623106
server level=info t=229907 ev=gameplay stage=activityhost result=allocated session=0x9EAA300100200003 group=0x0D6A0500EE1773E6 generation=2 port=30978 held=2
server level=info t=229907 ev=gameplay stage=activityhost result=allocated session=0x9EAA300100200004 group=0x1CAE3B3CE8C3534E generation=3 port=30980 held=3
server level=info t=229907 ev=gameplay stage=activityhost result=allocated session=0x9EAA300100200005 group=0x12F269E8E2AF3296 generation=4 port=30982 held=4
server level=info t=229907 ev=gameplay stage=activityhost result=allocated session=0x9EAA300100200006 group=0xE0379FA4FF1B11FE generation=5 port=30984 held=5
server level=info t=229907 ev=gameplay stage=activityhost result=allocated session=0x9EAA300100200007 group=0xF67BCC50F9C4F146 generation=6 port=30986 held=6
server level=info t=229907 ev=gameplay stage=activityhost result=allocated session=0x9EAA300100200008 group=0xC5BF020CF3B0D0AE generation=7 port=30988 held=7
server level=info t=229907 ev=gameplay stage=activityhost result=allocated session=0x9EAA300100200009 group=0xDBC33038CC1CCFF6 generation=8 port=30990 held=8
client level=info t=229922 ev=retail site=69 text=world_controller:state:activity_setup: 'NOJIP' flow, waiting. posse_peers_not_ready_sanitized=0, posse_peers_not_ready=0
client level=info t=229938 ev=probe stage=msg12 result=received client=0x1AAA2F4F980 slot=0 label=PRIVATE CURRENT member=0x35F900ECFC25A1B0 status=0x01FE->0x01FE flag=1
client level=info t=229938 ev=probe stage=bind client=0x1AAA2F4F980 established=0x9EAA300100200001 slotrec=0x1AA8A42D9A0 roster=0x1AB479DBC80 receipt=0
server level=warn t=229953 ev=mission_script stage=attach result=no_activity_link session=11433003384888623107
server level=warn t=229953 ev=mission_script stage=attach result=no_activity_link session=11433003384888623108
server level=warn t=229953 ev=mission_script stage=attach result=no_activity_link session=11433003384888623109
server level=warn t=229953 ev=mission_script stage=attach result=no_activity_link session=11433003384888623110
server level=warn t=229953 ev=mission_script stage=attach result=no_activity_link session=11433003384888623111
server level=warn t=229953 ev=mission_script stage=attach result=no_activity_link session=11433003384888623112
server level=warn t=229953 ev=mission_script stage=attach result=no_activity_link session=11433003384888623113
client level=info t=229969 ev=probe stage=msg12 result=received client=0x1AAA2F4F980 slot=0 label=PRIVATE CURRENT member=0x35F900ECFC25A1B0 status=0x01FE->0x01FE flag=1
client level=info t=229969 ev=probe stage=bind client=0x1AAA2F4F980 established=0x9EAA300100200001 slotrec=0x1AA8A42D9A0 roster=0x1AB479DBC80 receipt=0
server level=info t=230657 ev=ws701 stage=profile_setup result=complete
server level=info t=230657 ev=activity stage=writeback result=ok world_state=1
client level=info t=230766 ev=retail site=17 text=world_controller:retail_datamine: Total time spent: [991] ms in world controller state: [32] name: [setup:activity_host_setup]
client level=info t=230766 ev=retail site=3 text=world_controller:state_manager: Entering state 'setup:prologue_intro_loading' for reason 'unavailable'.
client level=info t=230766 ev=retail site=70 text=world_controller:task_manager: Started   task 'ENUM(0)'.
client level=info t=230828 ev=bubbleauth stage=decode result=ok
client level=info t=230828 ev=bubbleauth stage=force result=ok
client level=info t=230860 ev=probe stage=msg12 result=received client=0x1AAA2F4F980 slot=0 label=PRIVATE CURRENT member=0x35F900ECFC25A1B0 status=0x01FE->0x01FE flag=1
client level=info t=230860 ev=probe stage=bind client=0x1AAA2F4F980 established=0x9EAA300100200001 slotrec=0x1AA8A42D9A0 roster=0x1AB479DBC80 receipt=0
client level=info t=230907 ev=retail site=71 text=world_controller:task_manager: Completed task 'ENUM(0)' after '137ms'.
client level=info t=230907 ev=retail site=70 text=world_controller:task_manager: Started   task 'ENUM(1)'.
client level=info t=230938 ev=retail site=71 text=world_controller:task_manager: Completed task 'ENUM(1)' after '40ms'.
client level=info t=230953 ev=retail site=17 text=world_controller:retail_datamine: Total time spent: [179] ms in world controller state: [33] name: [setup:prologue_intro_loading]
client level=info t=230953 ev=retail site=3 text=world_controller:state_manager: Entering state 'setup:orbit_outro' for reason 'unavailable'.
client level=info t=231782 ev=nettick stage=sample latch=1 callbacks=63865
client level=info t=231907 ev=probe stage=hosttail client=0x1AAA2F4F980 b=00000000000000000000000000000000000000000000000000000000000000000000000000000000FFFFFFFF00000000
client level=info t=231907 ev=probe stage=grant client=0x1AAA2F4F980 status=0x01FE pending=7936 dirty=0 receipt=0
client level=info t=232875 ev=probe stage=msg12 result=received client=0x1AAA2F4F980 slot=0 label=PRIVATE CURRENT member=0x35F900ECFC25A1B0 status=0x01FE->0x01FE flag=1
client level=info t=232875 ev=probe stage=bind client=0x1AAA2F4F980 established=0x9EAA300100200001 slotrec=0x1AA8A42D9A0 roster=0x1AB479DBC80 receipt=0
client level=info t=233782 ev=nettick stage=sample latch=1 callbacks=64622
client level=info t=233907 ev=probe stage=hosttail client=0x1AAA2F4F980 b=00000000000000000000000000000000000000000000000000000000000000000000000000000000FFFFFFFF00000000
client level=info t=233907 ev=probe stage=grant client=0x1AAA2F4F980 status=0x01FE pending=7936 dirty=0 receipt=0
client level=info t=235719 ev=retail site=17 text=world_controller:retail_datamine: Total time spent: [4773] ms in world controller state: [34] name: [setup:orbit_outro]
client level=info t=235719 ev=retail site=3 text=world_controller:state_manager: Entering state 'setup:activity_world_transition' for reason 'unavailable'.
client level=info t=235719 ev=retail site=72 text=world_controller:task_manager: Started   task 'ENUM(0)'.
client level=info t=235719 ev=retail site=72 text=world_controller:task_manager: Started   task 'ENUM(1)'.
client level=info t=235719 ev=retail site=73 text=world_controller:task_manager: Completed task 'ENUM(1)' after '0ms'.
client level=info t=236000 ev=bootflow stage=owner_slot result=forced was=0 now=1
client level=info t=236000 ev=retail site=23 text=world_controller: successfully changed world to: eden_freeroam
client level=info t=236000 ev=retail site=74 text=networking:update: *** it has been 274 milliseconds since the last network update (longest expected: '500')
client level=info t=236000 ev=retail site=73 text=world_controller:task_manager: Completed task 'ENUM(0)' after '273ms'.
client level=info t=236000 ev=retail site=17 text=world_controller:retail_datamine: Total time spent: [273] ms in world controller state: [35] name: [setup:activity_world_transition]
client level=info t=236000 ev=retail site=3 text=world_controller:state_manager: Entering state 'activity:initial_slice_set_loading' for reason 'unavailable'.
client level=info t=236000 ev=retail site=75 text=world_controller:task_manager: Started   task 'ENUM(0)'.
client level=info t=236000 ev=retail site=75 text=world_controller:task_manager: Started   task 'ENUM(1)'.
client level=info t=236000 ev=retail site=75 text=world_controller:task_manager: Started   task 'ENUM(4)'.
client level=info t=236000 ev=nettick stage=sample latch=1 callbacks=65401
client level=info t=236000 ev=probe stage=hosttail client=0x1AAA2F4F980 b=00000000000000000000000000000000000000000000000000000000000000000000000000000000FFFFFFFF00000000
client level=info t=236000 ev=probe stage=grant client=0x1AAA2F4F980 status=0x01FE pending=7936 dirty=1 receipt=1
client level=info t=236016 ev=retail site=76 text=world_controller:task_manager: Completed task 'ENUM(1)' after '5ms'.
client level=info t=236016 ev=retail site=45 text=world_controller:slice_set_transition_manager: Mode changed from 'disabled' to 'initial_slice_set_precaching'.
client level=info t=236016 ev=retail site=75 text=world_controller:task_manager: Started   task 'ENUM(2)'.
client level=info t=236016 ev=retail site=75 text=world_controller:task_manager: Started   task 'ENUM(3)'.
client level=info t=236016 ev=retail site=76 text=world_controller:task_manager: Completed task 'ENUM(4)' after '5ms'.
client level=info t=236016 ev=retail site=75 text=world_controller:task_manager: Started   task 'ENUM(6)'.
client level=info t=236016 ev=retail site=75 text=world_controller:task_manager: Started   task 'ENUM(7)'.
client level=info t=236016 ev=bootflow stage=region result=forced slice_set=160
client level=info t=236016 ev=retail site=47 text=world_controller:slice_set_transition_manager: Starting a new transition of type 'transitioning:initial_slice_set' to 'PRV160.1 (HASH: 0x4542380a)'; token advanced to 001
client level=info t=236016 ev=retail site=77 text=networking:online:matchmaking:bungie: The activity player count '26' > public slice-set player count '9' (this is a content error), fixing up values to avoid asserts but the content needs to be fixed.
client level=info t=236016 ev=retail site=76 text=world_controller:task_manager: Completed task 'ENUM(0)' after '12ms'.
client level=info t=236016 ev=retail site=75 text=world_controller:task_manager: Started   task 'ENUM(5)'.
server level=info t=236016 ev=gameplay stage=receive result=ok from=0x7F000001:2003 bytes=295 b0=0x00
server level=info t=236016 ev=gameplay stage=response result=ok wordb=1 signon=0
server level=info t=236032 ev=ws701 stage=profile_setup result=complete
server level=info t=236032 ev=activity stage=writeback result=ok world_state=1
server level=info t=236047 ev=gameplay stage=advertise result=ok region=160 region_source=reported ambassador_slot=1
client level=info t=236078 ev=probe stage=msg12 result=received client=0x1AAA2F4F980 slot=0 label=PRIVATE CURRENT member=0x35F900ECFC25A1B0 status=0x01FE->0x01FE flag=1
client level=info t=236078 ev=probe stage=bind client=0x1AAA2F4F980 established=0x9EAA300100200001 slotrec=0x1AA8A42D9A0 roster=0x1AB479DBC80 receipt=1
client level=info t=236078 ev=probe stage=msg12 result=received client=0x1AAA2F4F980 slot=0 label=PRIVATE CURRENT member=0x35F900ECFC25A1B0 status=0x01FE->0x01FE flag=1
client level=info t=236078 ev=probe stage=bind client=0x1AAA2F4F980 established=0x9EAA300100200001 slotrec=0x1AA8A42D9A0 roster=0x1AB479DBC80 receipt=1
server level=info t=236094 ev=gameplay stage=receive result=ok from=0x7F000001:2003 bytes=128 b0=0x00
server level=info t=236094 ev=gameplay stage=connect result=ok peer=2003 local=0x00000001 remote=0x00000000 rebuilt=0
server level=info t=236094 ev=gameplay stage=establish result=queued local=0x00000001 remote=0x00000000
client level=info t=236203 ev=retail site=76 text=world_controller:task_manager: Completed task 'ENUM(6)' after '192ms'.
client level=info t=237000 ev=retail site=76 text=world_controller:task_manager: Completed task 'ENUM(5)' after '992ms'.
server level=info t=237094 ev=gameplay stage=receive result=ok from=0x7F000001:2003 bytes=51 b0=0x00
server level=info t=237094 ev=gameplay stage=message result=ok id=8 peerstage=5
server level=info t=237094 ev=gameplay stage=sendqueue result=cleared packet=1 base=5 entries=0
server level=info t=237125 ev=gameplay stage=receive result=ok from=0x7F000001:2003 bytes=1166 b0=0x00
server level=info t=237125 ev=gameplay stage=message result=ok id=40 peerstage=5
server level=info t=237125 ev=gameplay stage=view result=queued remote=1 local=1 token=0x9EAA300100200001 list=0
server level=info t=237172 ev=gameplay stage=receive result=ok from=0x7F000001:2003 bytes=182 b0=0x00
server level=info t=237172 ev=gameplay stage=message result=ok id=40 peerstage=5
server level=info t=237172 ev=gameplay stage=view result=queued remote=2 local=2 token=0x9EAA300100200001 list=15
server level=info t=237172 ev=gameplay stage=sendqueue result=cleared packet=7 base=7 entries=0
server level=info t=237219 ev=gameplay stage=receive result=ok from=0x7F000001:2003 bytes=174 b0=0x00
server level=info t=237219 ev=gameplay stage=message result=ok id=40 peerstage=5
server level=info t=237219 ev=gameplay stage=view result=queued remote=3 local=3 token=0x9EAA300100200001 list=0
server level=info t=237219 ev=gameplay stage=message result=ok id=40 peerstage=5
server level=info t=237219 ev=gameplay stage=view result=queued remote=4 local=4 token=0x9EAA300100200001 list=0
server level=info t=237235 ev=gameplay stage=sendqueue result=cleared packet=8 base=8 entries=0
server level=info t=237266 ev=gameplay stage=receive result=ok from=0x7F000001:2003 bytes=182 b0=0x00
server level=info t=237266 ev=gameplay stage=message result=ok id=40 peerstage=5
server level=warn t=237266 ev=gameplay stage=view result=refused remote=5 local=0 token=0x9EAA300100200001 list=0
server level=info t=237328 ev=gameplay stage=receive result=ok from=0x7F000001:2003 bytes=190 b0=0x00
server level=info t=237328 ev=gameplay stage=sendqueue result=cleared packet=9 base=9 entries=0
server level=info t=237375 ev=gameplay stage=receive result=ok from=0x7F000001:2003 bytes=182 b0=0x00
server level=info t=237438 ev=gameplay stage=receive result=ok from=0x7F000001:2003 bytes=190 b0=0x00
server level=info t=237485 ev=gameplay stage=receive result=ok from=0x7F000001:2003 bytes=182 b0=0x00
server level=info t=237532 ev=gameplay stage=receive result=ok from=0x7F000001:2003 bytes=174 b0=0x00
server level=info t=237594 ev=gameplay stage=receive result=ok from=0x7F000001:2003 bytes=182 b0=0x00
server level=info t=237641 ev=gameplay stage=receive result=ok from=0x7F000001:2003 bytes=174 b0=0x00
server level=info t=237688 ev=gameplay stage=receive result=ok from=0x7F000001:2003 bytes=190 b0=0x00
server level=info t=237735 ev=gameplay stage=receive result=ok from=0x7F000001:2003 bytes=182 b0=0x00
server level=info t=237797 ev=gameplay stage=receive result=ok from=0x7F000001:2003 bytes=174 b0=0x00
server level=info t=237860 ev=gameplay stage=receive result=ok from=0x7F000001:2003 bytes=190 b0=0x00
server level=info t=237891 ev=gameplay stage=receive result=ok from=0x7F000001:2003 bytes=174 b0=0x00
server level=info t=237953 ev=gameplay stage=receive result=ok from=0x7F000001:2003 bytes=190 b0=0x00
client level=info t=238000 ev=nettick stage=sample latch=1 callbacks=66136
client level=info t=238000 ev=probe stage=hosttail client=0x1AAA2F4F980 b=00000000000000000000000000000000000000000000000000000000000000000000000000000000FFFFFFFF00000000
client level=info t=238000 ev=probe stage=grant client=0x1AAA2F4F980 status=0x01FE pending=0 dirty=0 receipt=1
server level=info t=238016 ev=gameplay stage=receive result=ok from=0x7F000001:2003 bytes=190 b0=0x00
server level=info t=238063 ev=gameplay stage=receive result=ok from=0x7F000001:2003 bytes=182 b0=0x00
server level=info t=238110 ev=gameplay stage=receive result=ok from=0x7F000001:2003 bytes=174 b0=0x00
server level=info t=238172 ev=gameplay stage=receive result=ok from=0x7F000001:2003 bytes=174 b0=0x00
server level=info t=238219 ev=gameplay stage=receive result=ok from=0x7F000001:2003 bytes=182 b0=0x00
server level=info t=238266 ev=gameplay stage=receive result=ok from=0x7F000001:2003 bytes=174 b0=0x00
server level=info t=238313 ev=gameplay stage=receive result=ok from=0x7F000001:2003 bytes=182 b0=0x00
server level=info t=238375 ev=gameplay stage=receive result=ok from=0x7F000001:2003 bytes=174 b0=0x00
server level=info t=238422 ev=gameplay stage=receive result=ok from=0x7F000001:2003 bytes=182 b0=0x00
server level=info t=238469 ev=gameplay stage=receive result=ok from=0x7F000001:2003 bytes=190 b0=0x00
server level=info t=238516 ev=gameplay stage=receive result=ok from=0x7F000001:2003 bytes=182 b0=0x00
server level=info t=238563 ev=gameplay stage=receive result=ok from=0x7F000001:2003 bytes=174 b0=0x00
server level=info t=238625 ev=gameplay stage=receive result=ok from=0x7F000001:2003 bytes=174 b0=0x00
server level=info t=238672 ev=gameplay stage=receive result=ok from=0x7F000001:2003 bytes=174 b0=0x00
server level=info t=238735 ev=gameplay stage=receive result=ok from=0x7F000001:2003 bytes=182 b0=0x00
server level=info t=238782 ev=gameplay stage=receive result=ok from=0x7F000001:2003 bytes=182 b0=0x00
server level=info t=238844 ev=gameplay stage=receive result=ok from=0x7F000001:2003 bytes=214 b0=0x00
server level=info t=238844 ev=gameplay stage=message result=ok id=4 peerstage=5
server level=info t=238891 ev=gameplay stage=receive result=ok from=0x7F000001:2003 bytes=182 b0=0x00
server level=info t=238938 ev=gameplay stage=receive result=ok from=0x7F000001:2003 bytes=190 b0=0x00
server level=info t=238985 ev=gameplay stage=receive result=ok from=0x7F000001:2003 bytes=174 b0=0x00
server level=info t=239047 ev=gameplay stage=receive result=ok from=0x7F000001:2003 bytes=174 b0=0x00
server level=info t=239110 ev=gameplay stage=receive result=ok from=0x7F000001:2003 bytes=174 b0=0x00
server level=info t=239157 ev=gameplay stage=receive result=ok from=0x7F000001:2003 bytes=190 b0=0x00
server level=info t=239203 ev=gameplay stage=receive result=ok from=0x7F000001:2003 bytes=190 b0=0x00
server level=info t=239250 ev=gameplay stage=receive result=ok from=0x7F000001:2003 bytes=182 b0=0x00
server level=info t=239297 ev=gameplay stage=receive result=ok from=0x7F000001:2003 bytes=174 b0=0x00
server level=info t=239360 ev=gameplay stage=receive result=ok from=0x7F000001:2003 bytes=174 b0=0x00
server level=info t=239422 ev=gameplay stage=receive result=ok from=0x7F000001:2003 bytes=174 b0=0x00
server level=info t=239453 ev=gameplay stage=receive result=ok from=0x7F000001:2003 bytes=174 b0=0x00
server level=info t=239516 ev=gameplay stage=receive result=ok from=0x7F000001:2003 bytes=182 b0=0x00
server level=info t=239563 ev=gameplay stage=receive result=ok from=0x7F000001:2003 bytes=190 b0=0x00
server level=info t=239625 ev=gameplay stage=receive result=ok from=0x7F000001:2003 bytes=190 b0=0x00
server level=info t=239672 ev=gameplay stage=receive result=ok from=0x7F000001:2003 bytes=174 b0=0x00
server level=info t=239766 ev=gameplay stage=receive result=ok from=0x7F000001:2003 bytes=294 b0=0x00
server level=info t=239813 ev=gameplay stage=receive result=ok from=0x7F000001:2003 bytes=190 b0=0x00
server level=info t=239860 ev=gameplay stage=receive result=ok from=0x7F000001:2003 bytes=174 b0=0x00
client level=info t=239891 ev=retail site=78 text=networking:bandwidth: min_channels: 0 max channels: 1 max bps: 37536 avg cong bps: -1 low cong bps: -1 hi cong bps: -1 lat avg: -1 lat hi avg: 0 lat avg var: -1 pct loss: 0.00 pct loss hi avg: [0.00].
client level=info t=239891 ev=retail site=79 text=networking:bandwidth: machine [C6:06:85:9C:10:F1:BE13] longest reception gap [-1ms] longest ack gap [-1ms] pct loss [0.00] disc count [0] sps [19] rps [19] bh: [y].
server level=info t=239907 ev=gameplay stage=receive result=ok from=0x7F000001:2003 bytes=174 b0=0x00
server level=info t=239969 ev=gameplay stage=receive result=ok from=0x7F000001:2003 bytes=190 b0=0x00
client level=info t=240000 ev=nettick stage=sample latch=1 callbacks=66809
client level=info t=240000 ev=probe stage=hosttail client=0x1AAA2F4F980 b=00000000000000000000000000000000000000000000000000000000000000000000000000000000FFFFFFFF00000000
client level=info t=240000 ev=probe stage=grant client=0x1AAA2F4F980 status=0x01FE pending=0 dirty=0 receipt=1
server level=info t=240000 ev=gameplay stage=receive result=ok from=0x7F000001:2003 bytes=190 b0=0x00
server level=info t=240063 ev=gameplay stage=receive result=ok from=0x7F000001:2003 bytes=182 b0=0x00
server level=info t=240110 ev=gameplay stage=receive result=ok from=0x7F000001:2003 bytes=190 b0=0x00
server level=info t=240172 ev=gameplay stage=receive result=ok from=0x7F000001:2003 bytes=190 b0=0x00
server level=info t=240250 ev=gameplay stage=receive result=ok from=0x7F000001:2003 bytes=318 b0=0x00
server level=info t=240297 ev=gameplay stage=receive result=ok from=0x7F000001:2003 bytes=190 b0=0x00
server level=info t=240516 ev=gameplay stage=message result=ok id=4 peerstage=5
client level=info t=241016 ev=retail site=80 text=world_controller:state:activity:initial_slice_set_loading: Timeout entering the prologue-filler (given 5000ms).
client level=info t=241016 ev=retail site=75 text=world_controller:task_manager: Started   task 'ENUM(9)'.
client level=info t=241203 ev=retail site=81 text=networking:channel:packet_loss_stats: [dir:127.0.0.1(id=0):30976#bh64] Incoming packet read result summary - 8 ok, 0 discard, 74 discard-expected, 0 corrupt
client level=info t=241203 ev=retail site=82 text=networking:channel:packet_loss_stats: [dir:127.0.0.1(id=0):30976#bh64] Outgoing packet delivery summary - 77 delivered, 0 of those out-of-order, 0 lost - highest loss fraction seen 0.000
client level=info t=241203 ev=retail site=83 text=networking:stream_manager:retail: # 0 rx18.0/rxbps10.4kb tx18.0/txbps32.8kb cx15.0pkts/33.0cxkbps lat=  0avg,  -1cg to=9999 aloc45.0kb max513.0kbps, loss=0.00pct loss dev 2.00pct rel=N, name=                            bh64
client level=info t=241203 ev=retail site=84 text=networking:stream_manager:retail: Local peer network quality = 1.000000/1.0, worst_axis = -1
client level=info t=241282 ev=retail site=76 text=world_controller:task_manager: Completed task 'ENUM(2)' after '5268ms'.
client level=info t=241453 ev=retail site=76 text=world_controller:task_manager: Completed task 'ENUM(3)' after '5451ms'.
client level=info t=241453 ev=retail site=45 text=world_controller:slice_set_transition_manager: Mode changed from 'initial_slice_set_precaching' to 'initial_slice_set_instantion'.
client level=info t=241453 ev=retail site=75 text=world_controller:task_manager: Started   task 'ENUM(8)'.
client level=info t=241469 ev=retail site=76 text=world_controller:task_manager: Completed task 'ENUM(8)' after '15ms'.
client level=info t=241469 ev=retail site=48 text=world_controller:slice_set_transition_manager: Stopping transition of type 'transitioning:initial_slice_set' due to completed
client level=info t=241469 ev=retail site=77 text=networking:online:matchmaking:bungie: The activity player count '26' > public slice-set player count '9' (this is a content error), fixing up values to avoid asserts but the content needs to be fixed.
client level=info t=241516 ev=probe stage=msg12 result=received client=0x1AAA2F4F980 slot=0 label=PRIVATE CURRENT member=0x35F900ECFC25A1B0 status=0x01FE->0x01FE flag=1
client level=info t=241516 ev=probe stage=bind client=0x1AAA2F4F980 established=0x9EAA300100200001 slotrec=0x1AA8A42D9A0 roster=0x1AB479DBC80 receipt=1
client level=info t=241516 ev=retail site=76 text=world_controller:task_manager: Completed task 'ENUM(9)' after '509ms'.
client level=info t=241516 ev=retail site=75 text=world_controller:task_manager: Started   task 'ENUM(10)'.
client level=info t=241516 ev=retail site=76 text=world_controller:task_manager: Completed task 'ENUM(10)' after '0ms'.
client level=info t=241516 ev=retail site=17 text=world_controller:retail_datamine: Total time spent: [5527] ms in world controller state: [36] name: [activity:initial_slice_set_loading]
client level=info t=241516 ev=retail site=3 text=world_controller:state_manager: Entering state 'activity:physics_join' for reason 'unavailable'.
client level=info t=241516 ev=retail site=85 text=world_controller:task_manager: Started   task 'ENUM(0)'.
client level=info t=241532 ev=probe stage=msg12 result=received client=0x1AAA2F4F980 slot=0 label=PRIVATE CURRENT member=0x35F900ECFC25A1B0 status=0x01FE->0x01FE flag=1
client level=info t=241532 ev=probe stage=bind client=0x1AAA2F4F980 established=0x9EAA300100200001 slotrec=0x1AA8A42D9A0 roster=0x1AB479DBC80 receipt=1
client level=info t=242000 ev=nettick stage=sample latch=1 callbacks=67510
client level=info t=242000 ev=probe stage=hosttail client=0x1AAA2F4F980 b=00000000000000000000000000000000000000000000000000000000000000000000000000000000FFFFFFFF00000000
client level=info t=242000 ev=probe stage=grant client=0x1AAA2F4F980 status=0x01FE pending=0 dirty=0 receipt=1
server level=info t=242969 ev=gameplay stage=message result=ok id=4 peerstage=5
client level=info t=244000 ev=nettick stage=sample latch=1 callbacks=68136
client level=info t=244000 ev=probe stage=hosttail client=0x1AAA2F4F980 b=00000000000000000000000000000000000000000000000000000000000000000000000000000000FFFFFFFF00000000
client level=info t=244000 ev=probe stage=grant client=0x1AAA2F4F980 status=0x01FE pending=0 dirty=0 receipt=1
client level=info t=246000 ev=nettick stage=sample latch=1 callbacks=68822
client level=info t=246000 ev=probe stage=hosttail client=0x1AAA2F4F980 b=00000000000000000000000000000000000000000000000000000000000000000000000000000000FFFFFFFF00000000
client level=info t=246000 ev=probe stage=grant client=0x1AAA2F4F980 status=0x01FE pending=0 dirty=0 receipt=1
server level=info t=246094 ev=gameplay stage=message result=ok id=4 peerstage=5
client level=info t=247563 ev=retail site=86 text=world_controller:task_manager: Completed task 'ENUM(0)' after '6041ms'.
client level=info t=247563 ev=retail site=17 text=world_controller:retail_datamine: Total time spent: [6041] ms in world controller state: [37] name: [activity:physics_join]
client level=info t=247563 ev=retail site=3 text=world_controller:state_manager: Entering state 'activity:in_world' for reason 'unavailable'.
client level=info t=247563 ev=retail site=87 text=world_controller:state:in_world: Starting activity '0x00ff (HASH(0x11882989))(type: HASH(0x5ec025c8))(grognok: nadir_endgame)(destination: HASH(0x9bb2169b))(nonce: 31C7AE20-46F481BC) for reason 'ENUM(0)'(override: nadir_endgame)'.
client level=info t=247563 ev=retail site=11 text=world_controller:retail_datamine: Timed operation: [ENUM(17)], took: [17925 ms], average: [17925.000000 ms], min: [17925.000000], max: [17925.000000], count: [1]
client level=info t=247563 ev=retail site=77 text=networking:online:matchmaking:bungie: The activity player count '26' > public slice-set player count '9' (this is a content error), fixing up values to avoid asserts but the content needs to be fixed.
client level=info t=247610 ev=retail site=45 text=world_controller:slice_set_transition_manager: Mode changed from 'initial_slice_set_instantion' to 'fully_enabled'.
client level=info t=248000 ev=nettick stage=sample latch=1 callbacks=69497
client level=info t=248000 ev=probe stage=hosttail client=0x1AAA2F4F980 b=00000000000000000000000000000000000000000000000000000000000000000000000000000000FFFFFFFF00000000
client level=info t=248000 ev=probe stage=grant client=0x1AAA2F4F980 status=0x01FE pending=0 dirty=0 receipt=1
server level=info t=248594 ev=ws701 stage=profile_setup result=complete
server level=info t=248594 ev=activity stage=writeback result=ok world_state=8
server level=info t=249188 ev=gameplay stage=message result=ok id=4 peerstage=5
client level=info t=249563 ev=retail site=88 text=networking:logic:life_cycle:life_cycle_component_gather: we should be gathering, but our qos has not been set!
client level=info t=249578 ev=bootflow stage=region result=forced slice_set=136
client level=info t=249578 ev=retail site=47 text=world_controller:slice_set_transition_manager: Starting a new transition of type 'transitioning:normal_z_leg' to 'PRV136.1 (HASH: 0x299009a8)'; token advanced to 002
server level=info t=249625 ev=gameplay stage=activityhost result=allocated session=0x9EAA30010020000A group=0x38ED58FC8F8168CE generation=9 port=30992 held=9
server level=warn t=249641 ev=mission_script stage=attach result=no_activity_link session=11433003384888623114
client level=info t=250000 ev=nettick stage=sample latch=1 callbacks=70095
client level=info t=250000 ev=probe stage=hosttail client=0x1AAA2F4F980 b=00000000000000000000000000000000000000000000000000000000000000000000000000000000FFFFFFFF00000000
client level=info t=250000 ev=probe stage=grant client=0x1AAA2F4F980 status=0x01FE pending=0 dirty=0 receipt=1
server level=info t=251657 ev=gameplay stage=advertise result=ok region=136 region_source=reported ambassador_slot=1
client level=info t=251672 ev=probe stage=msg12 result=received client=0x1AAA2F4F980 slot=0 label=PRIVATE CURRENT member=0x35F900ECFC25A1B0 status=0x01FE->0x01FE flag=1
client level=info t=251672 ev=probe stage=bind client=0x1AAA2F4F980 established=0x9EAA300100200001 slotrec=0x1AA8A42D9A0 roster=0x1AB479DBC80 receipt=1
client level=info t=251672 ev=retail site=81 text=networking:channel:packet_loss_stats: [dir:127.0.0.1(id=0):30976#bh64] Incoming packet read result summary - 0 ok, 0 discard, 106 discard-expected, 0 corrupt
client level=info t=251672 ev=retail site=82 text=networking:channel:packet_loss_stats: [dir:127.0.0.1(id=0):30976#bh64] Outgoing packet delivery summary - 109 delivered, 0 of those out-of-order, 0 lost - highest loss fraction seen 0.000
client level=info t=251672 ev=retail site=89 text=networking:channel: channel dir:127.0.0.1(id=0):30976#bh64(id '0') (ra: ''dir:127.0.0.1(id=0):30976'') state change connected -> closed
client level=info t=251672 ev=retail site=90 text=networking:channel_manager: channel 'dir:127.0.0.1(id=0):30976#bh64' (0): channel closed (reason=channel-manager-owners-released) because 'dir:127.0.0.1(id=0):30976' can't be reached, resetting security
server level=info t=251672 ev=gameplay stage=peer result=closed reason=10
server level=info t=251672 ev=gameplay stage=response result=ok wordb=2 signon=0
server level=info t=251688 ev=gameplay stage=connect result=ok peer=2003 local=0x00000002 remote=0x00000004 rebuilt=0
server level=info t=251688 ev=gameplay stage=establish result=queued local=0x00000002 remote=0x00000004
client level=info t=252000 ev=nettick stage=sample latch=1 callbacks=70432
client level=info t=252000 ev=probe stage=hosttail client=0x1AAA2F4F980 b=00000000000000000000000000000000000000000000000000000000000000000000000000000000FFFFFFFF00000000
client level=info t=252000 ev=probe stage=grant client=0x1AAA2F4F980 status=0x01FE pending=0 dirty=0 receipt=1
server level=info t=252688 ev=gameplay stage=message result=ok id=8 peerstage=5
server level=info t=252688 ev=gameplay stage=sendqueue result=cleared packet=1 base=4 entries=0
server level=info t=252735 ev=gameplay stage=message result=ok id=40 peerstage=5
server level=info t=252735 ev=gameplay stage=view result=queued remote=1 local=1 token=0x9EAA300100200001 list=0
server level=info t=252782 ev=gameplay stage=message result=ok id=40 peerstage=5
server level=info t=252782 ev=gameplay stage=view result=queued remote=2 local=2 token=0x9EAA300100200001 list=15
server level=info t=252782 ev=gameplay stage=sendqueue result=cleared packet=6 base=6 entries=0
server level=info t=252828 ev=gameplay stage=message result=ok id=40 peerstage=5
server level=info t=252844 ev=gameplay stage=view result=queued remote=3 local=3 token=0x9EAA300100200001 list=0
server level=info t=252844 ev=gameplay stage=message result=ok id=40 peerstage=5
server level=info t=252844 ev=gameplay stage=view result=queued remote=4 local=4 token=0x9EAA300100200001 list=0
server level=info t=252844 ev=gameplay stage=sendqueue result=cleared packet=7 base=7 entries=0
server level=info t=252907 ev=gameplay stage=message result=ok id=40 peerstage=5
server level=warn t=252907 ev=gameplay stage=view result=refused remote=5 local=0 token=0x9EAA300100200001 list=0
server level=info t=252907 ev=gameplay stage=sendqueue result=cleared packet=8 base=8 entries=0
client level=info t=254000 ev=nettick stage=sample latch=1 callbacks=70786
client level=info t=254000 ev=probe stage=hosttail client=0x1AAA2F4F980 b=00000000000000000000000000000000000000000000000000000000000000000000000000000000FFFFFFFF00000000
client level=info t=254000 ev=probe stage=grant client=0x1AAA2F4F980 status=0x01FE pending=0 dirty=0 receipt=1
server level=info t=254469 ev=gameplay stage=message result=ok id=4 peerstage=5
client level=info t=256000 ev=nettick stage=sample latch=1 callbacks=71160
client level=info t=256000 ev=probe stage=hosttail client=0x1AAA2F4F980 b=00000000000000000000000000000000000000000000000000000000000000000000000000000000FFFFFFFF00000000
client level=info t=256000 ev=probe stage=grant client=0x1AAA2F4F980 status=0x01FE pending=0 dirty=0 receipt=1
server level=info t=256360 ev=gameplay stage=message result=ok id=4 peerstage=5
client level=info t=258000 ev=nettick stage=sample latch=1 callbacks=71548
client level=info t=258000 ev=probe stage=hosttail client=0x1AAA2F4F980 b=00000000000000000000000000000000000000000000000000000000000000000000000000000000FFFFFFFF00000000
client level=info t=258000 ev=probe stage=grant client=0x1AAA2F4F980 status=0x01FE pending=0 dirty=0 receipt=1
server level=info t=259266 ev=gameplay stage=message result=ok id=4 peerstage=5
client level=info t=260000 ev=nettick stage=sample latch=1 callbacks=71846
client level=info t=260000 ev=probe stage=hosttail client=0x1AAA2F4F980 b=00000000000000000000000000000000000000000000000000000000000000000000000000000000FFFFFFFF00000000
client level=info t=260000 ev=probe stage=grant client=0x1AAA2F4F980 status=0x01FE pending=0 dirty=0 receipt=1
server level=info t=261688 ev=gameplay stage=association result=timeout
client level=info t=262000 ev=nettick stage=sample latch=1 callbacks=72226
client level=info t=262000 ev=probe stage=hosttail client=0x1AAA2F4F980 b=00000000000000000000000000000000000000000000000000000000000000000000000000000000FFFFFFFF00000000
client level=info t=262000 ev=probe stage=grant client=0x1AAA2F4F980 status=0x01FE pending=0 dirty=0 receipt=1
server level=info t=262375 ev=gameplay stage=message result=ok id=4 peerstage=5
client level=info t=264000 ev=nettick stage=sample latch=1 callbacks=72615
client level=info t=264000 ev=probe stage=hosttail client=0x1AAA2F4F980 b=00000000000000000000000000000000000000000000000000000000000000000000000000000000FFFFFFFF00000000
client level=info t=264000 ev=probe stage=grant client=0x1AAA2F4F980 status=0x01FE pending=0 dirty=0 receipt=1
server level=info t=265500 ev=gameplay stage=message result=ok id=4 peerstage=5
client level=info t=266000 ev=nettick stage=sample latch=1 callbacks=72902
client level=info t=266000 ev=probe stage=hosttail client=0x1AAA2F4F980 b=00000000000000000000000000000000000000000000000000000000000000000000000000000000FFFFFFFF00000000
client level=info t=266000 ev=probe stage=grant client=0x1AAA2F4F980 status=0x01FE pending=0 dirty=0 receipt=1
client level=info t=268000 ev=nettick stage=sample latch=1 callbacks=73285
client level=info t=268000 ev=probe stage=hosttail client=0x1AAA2F4F980 b=00000000000000000000000000000000000000000000000000000000000000000000000000000000FFFFFFFF00000000
client level=info t=268000 ev=probe stage=grant client=0x1AAA2F4F980 status=0x01FE pending=0 dirty=0 receipt=1
server level=info t=268610 ev=gameplay stage=message result=ok id=4 peerstage=5
client level=info t=270000 ev=nettick stage=sample latch=1 callbacks=73580
client level=info t=270000 ev=probe stage=hosttail client=0x1AAA2F4F980 b=00000000000000000000000000000000000000000000000000000000000000000000000000000000FFFFFFFF00000000
client level=info t=270000 ev=probe stage=grant client=0x1AAA2F4F980 status=0x01FE pending=0 dirty=0 receipt=1
server level=info t=271703 ev=gameplay stage=message result=ok id=4 peerstage=5
client level=info t=272000 ev=nettick stage=sample latch=1 callbacks=73967
client level=info t=272000 ev=probe stage=hosttail client=0x1AAA2F4F980 b=00000000000000000000000000000000000000000000000000000000000000000000000000000000FFFFFFFF00000000
client level=info t=272000 ev=probe stage=grant client=0x1AAA2F4F980 status=0x01FE pending=0 dirty=0 receipt=1
client level=info t=274000 ev=nettick stage=sample latch=1 callbacks=74152
client level=info t=274000 ev=probe stage=hosttail client=0x1AAA2F4F980 b=00000000000000000000000000000000000000000000000000000000000000000000000000000000FFFFFFFF00000000
client level=info t=274000 ev=probe stage=grant client=0x1AAA2F4F980 status=0x01FE pending=0 dirty=0 receipt=1
server level=info t=274813 ev=gameplay stage=message result=ok id=4 peerstage=5
client level=info t=276000 ev=nettick stage=sample latch=1 callbacks=74472
client level=info t=276000 ev=probe stage=hosttail client=0x1AAA2F4F980 b=00000000000000000000000000000000000000000000000000000000000000000000000000000000FFFFFFFF00000000
client level=info t=276000 ev=probe stage=grant client=0x1AAA2F4F980 status=0x01FE pending=0 dirty=0 receipt=1
server level=info t=277907 ev=gameplay stage=message result=ok id=4 peerstage=5
client level=info t=278000 ev=nettick stage=sample latch=1 callbacks=74839
client level=info t=278000 ev=probe stage=hosttail client=0x1AAA2F4F980 b=00000000000000000000000000000000000000000000000000000000000000000000000000000000FFFFFFFF00000000
client level=info t=278000 ev=probe stage=grant client=0x1AAA2F4F980 status=0x01FE pending=0 dirty=0 receipt=1
server level=info t=278625 ev=ws701 stage=profile_setup result=complete
server level=info t=278641 ev=activity stage=writeback result=ok world_state=8
client level=info t=280000 ev=nettick stage=sample latch=1 callbacks=75135
client level=info t=280000 ev=probe stage=hosttail client=0x1AAA2F4F980 b=00000000000000000000000000000000000000000000000000000000000000000000000000000000FFFFFFFF00000000
client level=info t=280000 ev=probe stage=grant client=0x1AAA2F4F980 status=0x01FE pending=0 dirty=0 receipt=1
server level=info t=281016 ev=gameplay stage=message result=ok id=4 peerstage=5
client level=info t=282000 ev=nettick stage=sample latch=1 callbacks=75432
client level=info t=284000 ev=nettick stage=sample latch=1 callbacks=75814
server level=info t=284110 ev=gameplay stage=message result=ok id=4 peerstage=5
client level=info t=286000 ev=nettick stage=sample latch=1 callbacks=76146
server level=info t=287219 ev=gameplay stage=message result=ok id=4 peerstage=5
client level=info t=288000 ev=nettick stage=sample latch=1 callbacks=76490
client level=info t=290000 ev=nettick stage=sample latch=1 callbacks=76785
server level=info t=290328 ev=gameplay stage=message result=ok id=4 peerstage=5
client level=info t=292000 ev=nettick stage=sample latch=1 callbacks=77083
server level=info t=293422 ev=gameplay stage=message result=ok id=4 peerstage=5
client level=info t=294000 ev=nettick stage=sample latch=1 callbacks=77473
client level=info t=296000 ev=nettick stage=sample latch=1 callbacks=77813
server level=info t=296532 ev=gameplay stage=message result=ok id=4 peerstage=5
client level=info t=298000 ev=nettick stage=sample latch=1 callbacks=78126
server level=info t=299641 ev=gameplay stage=message result=ok id=4 peerstage=5
client level=info t=299891 ev=retail site=78 text=networking:bandwidth: min_channels: 0 max channels: 1 max bps: 59968 avg cong bps: -1 low cong bps: -1 hi cong bps: -1 lat avg: -1 lat hi avg: 0 lat avg var: -1 pct loss: 0.00 pct loss hi avg: [0.00].
client level=info t=299891 ev=retail site=79 text=networking:bandwidth: machine [CE:68:81:8F:FC:58:ED38] longest reception gap [123ms] longest ack gap [123ms] pct loss [0.00] disc count [0] sps [10] rps [10] bh: [y].
client level=info t=300000 ev=nettick stage=sample latch=1 callbacks=78420
client level=info t=301203 ev=retail site=81 text=networking:channel:packet_loss_stats: [dir:127.0.0.1(id=0):30992#bh64] Incoming packet read result summary - 7 ok, 0 discard, 512 discard-expected, 0 corrupt
client level=info t=301203 ev=retail site=82 text=networking:channel:packet_loss_stats: [dir:127.0.0.1(id=0):30992#bh64] Outgoing packet delivery summary - 518 delivered, 0 of those out-of-order, 0 lost - highest loss fraction seen 0.000
client level=info t=301203 ev=retail site=83 text=networking:stream_manager:retail: # 1 rx10.0/rxbps 5.8kb tx10.0/txbps32.6kb cx15.0pkts/33.0cxkbps lat=  0avg,  -1cg to=9999 aloc45.0kb max513.0kbps, loss=0.00pct loss dev 2.00pct rel=N, name=                            bh64
client level=info t=301203 ev=retail site=84 text=networking:stream_manager:retail: Local peer network quality = 1.000000/1.0, worst_axis = -1
client level=info t=302000 ev=nettick stage=sample latch=1 callbacks=78715
server level=info t=302735 ev=gameplay stage=message result=ok id=4 peerstage=5
client level=info t=304000 ev=nettick stage=sample latch=1 callbacks=79011
server level=info t=305828 ev=gameplay stage=message result=ok id=4 peerstage=5
client level=info t=306000 ev=nettick stage=sample latch=1 callbacks=79400
client level=info t=308000 ev=nettick stage=sample latch=1 callbacks=79768
server level=info t=308719 ev=ws701 stage=profile_setup result=complete
server level=info t=308735 ev=activity stage=writeback result=ok world_state=8
server level=info t=308938 ev=gameplay stage=message result=ok id=4 peerstage=5
client level=info t=310000 ev=nettick stage=sample latch=1 callbacks=80063
client level=info t=312000 ev=nettick stage=sample latch=1 callbacks=80363
server level=info t=312032 ev=gameplay stage=message result=ok id=4 peerstage=5
client level=info t=314000 ev=nettick stage=sample latch=1 callbacks=80591
server level=info t=315141 ev=gameplay stage=message result=ok id=4 peerstage=5
client level=info t=316000 ev=nettick stage=sample latch=1 callbacks=80978
client level=info t=318000 ev=nettick stage=sample latch=1 callbacks=81267
server level=info t=318235 ev=gameplay stage=message result=ok id=4 peerstage=5
client level=info t=320000 ev=nettick stage=sample latch=1 callbacks=81576
server level=info t=321344 ev=gameplay stage=message result=ok id=4 peerstage=5
client level=info t=322000 ev=nettick stage=sample latch=1 callbacks=81946
client level=info t=324000 ev=nettick stage=sample latch=1 callbacks=82243
server level=info t=324438 ev=gameplay stage=message result=ok id=4 peerstage=5
client level=info t=326000 ev=nettick stage=sample latch=1 callbacks=82633
server level=info t=327547 ev=gameplay stage=message result=ok id=4 peerstage=5
client level=info t=328000 ev=nettick stage=sample latch=1 callbacks=82928
client level=info t=330000 ev=nettick stage=sample latch=1 callbacks=83300
server level=info t=330641 ev=gameplay stage=message result=ok id=4 peerstage=5
client level=info t=332000 ev=nettick stage=sample latch=1 callbacks=83595
client level=warn t=332938 ev=vr.probe state on=1 yaw=0.0 height=0.00 fov=0.0
client level=warn t=332938 ev=vr.probe block player=0 addr=0x1AA8A395810
client level=warn t=332938 ev=vr.xr load path=C:\Games\Sunrise\SunriseVR_MockXR.dll
client level=warn t=332953 ev=vr.xr unhook module=kernelbase.dll export=LoadLibraryExW result=ok bytes=2
client level=warn t=332953 ev=vr.xr unhook module=kernel32.dll export=GetProcAddress result=ok bytes=2
client level=warn t=332953 ev=vr.xr ldr_notify callback=destiny2.exe+0x3AB4B0 foreign=1
client level=warn t=332953 ev=vr.xr ldr_notify result=ok seen=1 neutralised=1
client level=warn t=332953 ev=vr.xr load result=ok interface=1 runtime_api=1.0.31
client level=warn t=332953 ev=vr.xr views count=2 eye=1824x1968 runtime=DishonoredVR Mock Runtime
client level=warn t=332953 ev=vr.xr bindings profile=/interaction_profiles/oculus/touch_controller count=15 result=0
client level=warn t=332953 ev=vr.xr bindings profile=/interaction_profiles/khr/simple_controller count=5 result=0
client level=warn t=332953 ev=vr.xr actions result=ok spaces=1
client level=warn t=332953 ev=vr.xr init result=ok runtime=DishonoredVR Mock Runtime
client level=warn t=332953 ev=vr.xr session state=running
client level=warn t=332953 ev=vr.xr recentre x=0.000 y=1.600 z=0.000
client level=warn t=332969 ev=vr.xr swapchain result=ok size=1280x720 source_format=28 format=29 direct=1 images=2
server level=info t=333735 ev=gameplay stage=message result=ok id=4 peerstage=5
client level=warn t=333797 ev=vr.xr hand yaw=-1.8095 r_valid=1 r_fwd=-0.236,-0.972,0.000 r_up=0.000,0.000,1.000 r_off=-0.265,-0.244,-0.200 l_valid=1 l_fwd=-0.236,-0.972,0.000 l_off=0.123,-0.339,-0.200 h_off=0.000,0.000,0.000
client level=info t=334000 ev=nettick stage=sample latch=1 callbacks=83848
client level=warn t=334532 ev=vr.xr hand yaw=-1.8095 r_valid=1 r_fwd=-0.236,-0.972,0.000 r_up=0.000,0.000,1.000 r_off=-0.265,-0.244,-0.200 l_valid=1 l_fwd=-0.236,-0.972,0.000 l_off=0.123,-0.339,-0.200 h_off=0.000,0.000,0.000
client level=warn t=335282 ev=vr.xr hand yaw=-1.8095 r_valid=1 r_fwd=-0.236,-0.972,0.000 r_up=0.000,0.000,1.000 r_off=-0.265,-0.244,-0.200 l_valid=1 l_fwd=-0.236,-0.972,0.000 l_off=0.123,-0.339,-0.200 h_off=0.000,0.000,0.000
client level=warn t=335282 ev=vr.xr pose fwd=-0.492,-0.870,0.000 off=0.000,0.000,0.000 fov=1.8151 aspect=1.074
client level=warn t=335282 ev=vr.pad stats injected=0 held=0 mouse=0,0 move=0.00,0.00 turn=0.00,0.00 trig=0.00,0.00 buttons=0x0
client level=warn t=335282 ev=vr.probe pose in_pos=625.50,300.01,41.80 in_fwd=-0.236,-0.972,0.000 in_fov=1.4242 out_pos=625.50,300.01,41.80 out_fwd=-0.483,-0.876,0.000 out_fov=1.8151
client level=info t=336000 ev=nettick stage=sample latch=1 callbacks=84011
client level=warn t=336000 ev=vr.xr hand yaw=-1.8095 r_valid=1 r_fwd=-0.236,-0.972,0.000 r_up=0.000,0.000,1.000 r_off=-0.265,-0.244,-0.200 l_valid=1 l_fwd=-0.236,-0.972,0.000 l_off=0.123,-0.339,-0.200 h_off=0.000,0.000,0.000
client level=warn t=336735 ev=vr.xr hand yaw=-1.8095 r_valid=1 r_fwd=-0.236,-0.972,0.000 r_up=0.000,0.000,1.000 r_off=-0.265,-0.244,-0.200 l_valid=1 l_fwd=-0.236,-0.972,0.000 l_off=0.123,-0.339,-0.200 h_off=0.000,0.000,0.000
client level=warn t=336735 ev=vr.xr submit layers=1 result=0 fov=1.8151
server level=info t=336844 ev=gameplay stage=message result=ok id=4 peerstage=5
client level=warn t=337485 ev=vr.xr hand yaw=-1.8095 r_valid=1 r_fwd=-0.236,-0.972,0.000 r_up=0.000,0.000,1.000 r_off=-0.265,-0.244,-0.200 l_valid=1 l_fwd=-0.236,-0.972,0.000 l_off=0.123,-0.339,-0.200 h_off=0.000,0.000,0.000
client level=warn t=337485 ev=vr.xr pose fwd=0.242,-0.970,0.000 off=0.000,0.000,0.000 fov=1.8151 aspect=1.074
client level=warn t=337485 ev=vr.pad stats injected=0 held=0 mouse=0,0 move=0.00,0.00 turn=0.00,0.00 trig=0.00,0.00 buttons=0x0
client level=warn t=337500 ev=vr.probe pose in_pos=625.50,300.01,41.80 in_fwd=-0.236,-0.972,0.000 in_fov=1.4242 out_pos=625.50,300.01,41.80 out_fwd=0.235,-0.972,0.000 out_fov=1.8151
client level=info t=338000 ev=nettick stage=sample latch=1 callbacks=84172
client level=warn t=338235 ev=vr.xr hand yaw=-1.8095 r_valid=1 r_fwd=-0.236,-0.972,0.000 r_up=0.000,0.000,1.000 r_off=-0.265,-0.244,-0.200 l_valid=1 l_fwd=-0.236,-0.972,0.000 l_off=0.123,-0.339,-0.200 h_off=0.000,0.000,0.000
server level=info t=338766 ev=ws701 stage=profile_setup result=complete
server level=info t=338766 ev=activity stage=writeback result=ok world_state=8
client level=warn t=338985 ev=vr.xr hand yaw=-1.8095 r_valid=1 r_fwd=-0.236,-0.972,0.000 r_up=0.000,0.000,1.000 r_off=-0.265,-0.244,-0.200 l_valid=1 l_fwd=-0.236,-0.972,0.000 l_off=0.123,-0.339,-0.200 h_off=0.000,0.000,0.000
client level=warn t=339735 ev=vr.xr hand yaw=-1.8095 r_valid=1 r_fwd=-0.236,-0.972,0.000 r_up=0.000,0.000,1.000 r_off=-0.265,-0.244,-0.200 l_valid=1 l_fwd=-0.236,-0.972,0.000 l_off=0.123,-0.339,-0.200 h_off=0.000,0.000,0.000
client level=warn t=339735 ev=vr.xr pose fwd=-0.738,-0.675,0.000 off=0.000,0.000,0.000 fov=1.8151 aspect=1.074
client level=warn t=339735 ev=vr.pad stats injected=0 held=0 mouse=0,0 move=0.00,0.00 turn=0.00,0.00 trig=0.00,0.00 buttons=0x0
client level=warn t=339750 ev=vr.probe pose in_pos=625.50,300.01,41.80 in_fwd=-0.236,-0.972,0.000 in_fov=1.4242 out_pos=625.50,300.01,41.80 out_fwd=-0.736,-0.677,0.000 out_fov=1.8151
server level=info t=339938 ev=gameplay stage=message result=ok id=4 peerstage=5
client level=info t=340000 ev=nettick stage=sample latch=1 callbacks=84332
client level=warn t=340485 ev=vr.xr hand yaw=-1.8095 r_valid=1 r_fwd=-0.236,-0.972,0.000 r_up=0.000,0.000,1.000 r_off=-0.265,-0.244,-0.200 l_valid=1 l_fwd=-0.236,-0.972,0.000 l_off=0.123,-0.339,-0.200 h_off=0.000,0.000,0.000
client level=warn t=340485 ev=vr.xr submit layers=1 result=0 fov=1.8151
client level=warn t=341219 ev=vr.xr hand yaw=-1.8095 r_valid=1 r_fwd=-0.236,-0.972,0.000 r_up=0.000,0.000,1.000 r_off=-0.265,-0.244,-0.200 l_valid=1 l_fwd=-0.236,-0.972,0.000 l_off=0.123,-0.339,-0.200 h_off=0.000,0.000,0.000
client level=warn t=341938 ev=vr.xr hand yaw=-1.8095 r_valid=1 r_fwd=-0.236,-0.972,0.000 r_up=0.000,0.000,1.000 r_off=-0.265,-0.244,-0.200 l_valid=1 l_fwd=-0.236,-0.972,0.000 l_off=0.123,-0.339,-0.200 h_off=0.000,0.000,0.000
client level=warn t=341938 ev=vr.xr pose fwd=0.331,-0.944,0.000 off=0.000,0.000,0.000 fov=1.8151 aspect=1.074
client level=warn t=341938 ev=vr.pad stats injected=0 held=0 mouse=0,0 move=0.00,0.00 turn=0.00,0.00 trig=0.00,0.00 buttons=0x0
client level=warn t=341953 ev=vr.probe pose in_pos=625.50,300.01,41.80 in_fwd=-0.236,-0.972,0.000 in_fov=1.4242 out_pos=625.50,300.01,41.80 out_fwd=0.334,-0.943,0.000 out_fov=1.8151
client level=info t=342000 ev=nettick stage=sample latch=1 callbacks=84496
client level=warn t=342672 ev=vr.xr hand yaw=-1.8095 r_valid=1 r_fwd=-0.236,-0.972,0.000 r_up=0.000,0.000,1.000 r_off=-0.265,-0.244,-0.200 l_valid=1 l_fwd=-0.236,-0.972,0.000 l_off=0.123,-0.339,-0.200 h_off=0.000,0.000,0.000
server level=info t=343032 ev=gameplay stage=message result=ok id=4 peerstage=5
client level=warn t=343407 ev=vr.xr hand yaw=-1.8095 r_valid=1 r_fwd=-0.236,-0.972,0.000 r_up=0.000,0.000,1.000 r_off=-0.265,-0.244,-0.200 l_valid=1 l_fwd=-0.236,-0.972,0.000 l_off=0.123,-0.339,-0.200 h_off=0.000,0.000,0.000
client level=info t=344000 ev=nettick stage=sample latch=1 callbacks=84660
client level=warn t=344125 ev=vr.xr hand yaw=-1.8095 r_valid=1 r_fwd=-0.236,-0.972,0.000 r_up=0.000,0.000,1.000 r_off=-0.265,-0.244,-0.200 l_valid=1 l_fwd=-0.236,-0.972,0.000 l_off=0.123,-0.339,-0.200 h_off=0.000,0.000,0.000
client level=warn t=344125 ev=vr.xr pose fwd=-0.630,-0.777,0.000 off=0.000,0.000,0.000 fov=1.8151 aspect=1.074
client level=warn t=344125 ev=vr.xr submit layers=1 result=0 fov=1.8151
client level=warn t=344125 ev=vr.pad stats injected=0 held=0 mouse=0,0 move=0.00,0.00 turn=0.00,0.00 trig=0.00,0.00 buttons=0x0
client level=warn t=344141 ev=vr.probe pose in_pos=625.50,300.01,41.80 in_fwd=-0.236,-0.972,0.000 in_fov=1.4242 out_pos=625.50,300.01,41.80 out_fwd=-0.636,-0.772,0.000 out_fov=1.8151
client level=warn t=344860 ev=vr.xr hand yaw=-1.8095 r_valid=1 r_fwd=-0.236,-0.972,0.000 r_up=0.000,0.000,1.000 r_off=-0.265,-0.244,-0.200 l_valid=1 l_fwd=-0.236,-0.972,0.000 l_off=0.123,-0.339,-0.200 h_off=0.000,0.000,0.000
client level=warn t=345594 ev=vr.xr hand yaw=-1.8095 r_valid=1 r_fwd=-0.236,-0.972,0.000 r_up=0.000,0.000,1.000 r_off=-0.265,-0.244,-0.200 l_valid=1 l_fwd=-0.236,-0.972,0.000 l_off=0.123,-0.339,-0.200 h_off=0.000,0.000,0.000
client level=info t=346000 ev=nettick stage=sample latch=1 callbacks=84825
server level=info t=346141 ev=gameplay stage=message result=ok id=4 peerstage=5
client level=warn t=346313 ev=vr.xr hand yaw=-1.8095 r_valid=1 r_fwd=-0.236,-0.972,0.000 r_up=0.000,0.000,1.000 r_off=-0.265,-0.244,-0.200 l_valid=1 l_fwd=-0.236,-0.972,0.000 l_off=0.123,-0.339,-0.200 h_off=0.000,0.000,0.000
client level=warn t=346313 ev=vr.xr pose fwd=-0.021,-1.000,0.000 off=0.000,0.000,0.000 fov=1.8151 aspect=1.074
client level=warn t=346313 ev=vr.pad stats injected=0 held=0 mouse=0,0 move=0.00,0.00 turn=0.00,0.00 trig=0.00,0.00 buttons=0x0
client level=warn t=346313 ev=vr.probe pose in_pos=625.50,300.01,41.80 in_fwd=-0.236,-0.972,0.000 in_fov=1.4242 out_pos=625.50,300.01,41.80 out_fwd=-0.010,-1.000,0.000 out_fov=1.8151
client level=warn t=347032 ev=vr.xr hand yaw=-1.8095 r_valid=1 r_fwd=-0.236,-0.972,0.000 r_up=0.000,0.000,1.000 r_off=-0.265,-0.244,-0.200 l_valid=1 l_fwd=-0.236,-0.972,0.000 l_off=0.123,-0.339,-0.200 h_off=0.000,0.000,0.000
client level=warn t=347828 ev=vr.xr hand yaw=-1.8095 r_valid=1 r_fwd=-0.236,-0.972,0.000 r_up=0.000,0.000,1.000 r_off=-0.265,-0.244,-0.200 l_valid=1 l_fwd=-0.236,-0.972,0.000 l_off=0.123,-0.339,-0.200 h_off=0.000,0.000,0.000
client level=warn t=347828 ev=vr.xr submit layers=1 result=0 fov=1.8151
client level=info t=348000 ev=nettick stage=sample latch=1 callbacks=84981
client level=warn t=348750 ev=vr.xr hand yaw=-1.8095 r_valid=1 r_fwd=-0.236,-0.972,0.000 r_up=0.000,0.000,1.000 r_off=-0.265,-0.244,-0.200 l_valid=1 l_fwd=-0.236,-0.972,0.000 l_off=0.123,-0.339,-0.200 h_off=0.000,0.000,0.000
client level=warn t=348750 ev=vr.xr pose fwd=-0.185,-0.983,0.000 off=0.000,0.000,0.000 fov=1.8151 aspect=1.074
client level=warn t=348750 ev=vr.pad stats injected=0 held=0 mouse=0,0 move=0.00,0.00 turn=0.00,0.00 trig=0.00,0.00 buttons=0x0
client level=warn t=348750 ev=vr.probe pose in_pos=625.50,300.01,41.80 in_fwd=-0.236,-0.972,0.000 in_fov=1.4242 out_pos=625.50,300.01,41.80 out_fwd=-0.197,-0.980,0.000 out_fov=1.8151
server level=info t=349250 ev=gameplay stage=message result=ok id=4 peerstage=5
client level=warn t=349485 ev=vr.xr hand yaw=-1.8095 r_valid=1 r_fwd=-0.236,-0.972,0.000 r_up=0.000,0.000,1.000 r_off=-0.265,-0.244,-0.200 l_valid=1 l_fwd=-0.236,-0.972,0.000 l_off=0.123,-0.339,-0.200 h_off=0.000,0.000,0.000
client level=info t=350000 ev=nettick stage=sample latch=1 callbacks=85134
client level=warn t=350203 ev=vr.xr hand yaw=-1.8095 r_valid=1 r_fwd=-0.236,-0.972,0.000 r_up=0.000,0.000,1.000 r_off=-0.265,-0.244,-0.200 l_valid=1 l_fwd=-0.236,-0.972,0.000 l_off=0.123,-0.339,-0.200 h_off=0.000,0.000,0.000
client level=warn t=350907 ev=vr.xr hand yaw=-1.8095 r_valid=1 r_fwd=-0.236,-0.972,0.000 r_up=0.000,0.000,1.000 r_off=-0.265,-0.244,-0.200 l_valid=1 l_fwd=-0.236,-0.972,0.000 l_off=0.123,-0.339,-0.200 h_off=0.000,0.000,0.000
client level=warn t=350907 ev=vr.xr pose fwd=-0.523,-0.852,0.000 off=0.000,0.000,0.000 fov=1.8151 aspect=1.074
client level=warn t=350907 ev=vr.pad stats injected=0 held=0 mouse=0,0 move=0.00,0.00 turn=0.00,0.00 trig=0.00,0.00 buttons=0x0
client level=warn t=350907 ev=vr.probe pose in_pos=625.50,300.01,41.80 in_fwd=-0.236,-0.972,0.000 in_fov=1.4242 out_pos=625.50,300.01,41.80 out_fwd=-0.514,-0.858,0.000 out_fov=1.8151
client level=warn t=351610 ev=vr.xr hand yaw=-1.8095 r_valid=1 r_fwd=-0.236,-0.972,0.000 r_up=0.000,0.000,1.000 r_off=-0.265,-0.244,-0.200 l_valid=1 l_fwd=-0.236,-0.972,0.000 l_off=0.123,-0.339,-0.200 h_off=0.000,0.000,0.000
client level=warn t=351610 ev=vr.xr submit layers=1 result=0 fov=1.8151
client level=info t=352000 ev=nettick stage=sample latch=1 callbacks=85303
server level=info t=352344 ev=gameplay stage=message result=ok id=4 peerstage=5
client level=warn t=352360 ev=vr.xr hand yaw=-1.8095 r_valid=1 r_fwd=-0.236,-0.972,0.000 r_up=0.000,0.000,1.000 r_off=-0.265,-0.244,-0.200 l_valid=1 l_fwd=-0.236,-0.972,0.000 l_off=0.123,-0.339,-0.200 h_off=0.000,0.000,0.000
client level=warn t=353125 ev=vr.xr hand yaw=-1.8095 r_valid=1 r_fwd=-0.236,-0.972,0.000 r_up=0.000,0.000,1.000 r_off=-0.265,-0.244,-0.200 l_valid=1 l_fwd=-0.236,-0.972,0.000 l_off=0.123,-0.339,-0.200 h_off=0.000,0.000,0.000
client level=warn t=353125 ev=vr.xr pose fwd=0.264,-0.964,0.000 off=0.000,0.000,0.000 fov=1.8151 aspect=1.074
client level=warn t=353125 ev=vr.pad stats injected=0 held=0 mouse=0,0 move=0.00,0.00 turn=0.00,0.00 trig=0.00,0.00 buttons=0x0
client level=warn t=353125 ev=vr.probe pose in_pos=625.50,300.01,41.80 in_fwd=-0.236,-0.972,0.000 in_fov=1.4242 out_pos=625.50,300.01,41.80 out_fwd=0.258,-0.966,0.000 out_fov=1.8151
client level=warn t=353860 ev=vr.xr hand yaw=-1.8095 r_valid=1 r_fwd=-0.236,-0.972,0.000 r_up=0.000,0.000,1.000 r_off=-0.265,-0.244,-0.200 l_valid=1 l_fwd=-0.236,-0.972,0.000 l_off=0.123,-0.339,-0.200 h_off=0.000,0.000,0.000
client level=info t=354000 ev=nettick stage=sample latch=1 callbacks=85463
client level=warn t=354719 ev=vr.xr hand yaw=-1.8095 r_valid=1 r_fwd=-0.236,-0.972,0.000 r_up=0.000,0.000,1.000 r_off=-0.265,-0.244,-0.200 l_valid=1 l_fwd=-0.236,-0.972,0.000 l_off=0.123,-0.339,-0.200 h_off=0.000,0.000,0.000
server level=info t=355453 ev=gameplay stage=message result=ok id=4 peerstage=5
client level=warn t=355516 ev=vr.xr hand yaw=-1.8095 r_valid=1 r_fwd=-0.236,-0.972,0.000 r_up=0.000,0.000,1.000 r_off=-0.265,-0.244,-0.200 l_valid=1 l_fwd=-0.236,-0.972,0.000 l_off=0.123,-0.339,-0.200 h_off=0.000,0.000,0.000
client level=warn t=355516 ev=vr.xr pose fwd=-0.741,-0.671,0.000 off=0.000,0.000,0.000 fov=1.8151 aspect=1.074
client level=warn t=355516 ev=vr.xr submit layers=1 result=0 fov=1.8151
client level=warn t=355516 ev=vr.pad stats injected=0 held=0 mouse=0,0 move=0.00,0.00 turn=0.00,0.00 trig=0.00,0.00 buttons=0x0
client level=warn t=355516 ev=vr.probe pose in_pos=625.50,300.01,41.80 in_fwd=-0.236,-0.972,0.000 in_fov=1.4242 out_pos=625.50,300.01,41.80 out_fwd=-0.740,-0.672,0.000 out_fov=1.8151
client level=info t=356000 ev=nettick stage=sample latch=1 callbacks=85613
client level=warn t=356219 ev=vr.xr hand yaw=-1.8095 r_valid=1 r_fwd=-0.236,-0.972,0.000 r_up=0.000,0.000,1.000 r_off=-0.265,-0.244,-0.200 l_valid=1 l_fwd=-0.236,-0.972,0.000 l_off=0.123,-0.339,-0.200 h_off=0.000,0.000,0.000
client level=warn t=356985 ev=vr.xr hand yaw=-1.8095 r_valid=1 r_fwd=-0.236,-0.972,0.000 r_up=0.000,0.000,1.000 r_off=-0.265,-0.244,-0.200 l_valid=1 l_fwd=-0.236,-0.972,0.000 l_off=0.123,-0.339,-0.200 h_off=0.000,0.000,0.000
client level=warn t=357719 ev=vr.weapon install result=ok getter=0x12D22C0 ptr=0x12D50F0 xform=0xD5D7F0
client level=warn t=357719 ev=vr.weapon block position=on orientation=on
client level=warn t=357719 ev=vr.weapon rule path=getter targets=D5D832 source=hand rvas=1 all=0 rules=1
client level=warn t=357719 ev=vr.weapon xform cleared
client level=warn t=357719 ev=vr.weapon xform lanes=4,5,6
client level=warn t=357719 ev=vr.weapon xform delta=on mode=relative
client level=warn t=357719 ev=vr.weapon callers path=getter
client level=warn t=357719 ev=vr.weapon callers path=ptr
client level=warn t=357719 ev=vr.weapon callers path=xform
client level=warn t=357719 ev=vr.xr hand yaw=-1.8095 r_valid=1 r_fwd=-0.236,-0.972,0.000 r_up=0.000,0.000,1.000 r_off=-0.265,-0.244,-0.200 l_valid=1 l_fwd=-0.236,-0.972,0.000 l_off=0.123,-0.339,-0.200 h_off=0.000,0.000,0.000
client level=warn t=357719 ev=vr.xr pose fwd=0.319,-0.948,0.000 off=0.000,0.000,0.000 fov=1.8151 aspect=1.074
client level=warn t=357719 ev=vr.pad stats injected=0 held=0 mouse=0,0 move=0.00,0.00 turn=0.00,0.00 trig=0.00,0.00 buttons=0x0
client level=warn t=357719 ev=vr.probe pose in_pos=625.50,300.01,41.80 in_fwd=-0.236,-0.972,0.000 in_fov=1.4242 out_pos=625.50,300.01,41.80 out_fwd=0.323,-0.946,0.000 out_fov=1.8151
client level=info t=358000 ev=nettick stage=sample latch=1 callbacks=85775
client level=warn t=358422 ev=vr.xr hand yaw=-1.8095 r_valid=1 r_fwd=-0.236,-0.972,0.000 r_up=0.000,0.000,1.000 r_off=-0.265,-0.244,-0.200 l_valid=1 l_fwd=-0.236,-0.972,0.000 l_off=0.123,-0.339,-0.200 h_off=0.000,0.000,0.000
server level=info t=358547 ev=gameplay stage=message result=ok id=4 peerstage=5
client level=warn t=359141 ev=vr.xr hand yaw=-1.8095 r_valid=1 r_fwd=-0.236,-0.972,0.000 r_up=0.000,0.000,1.000 r_off=-0.265,-0.244,-0.200 l_valid=1 l_fwd=-0.236,-0.972,0.000 l_off=0.123,-0.339,-0.200 h_off=0.000,0.000,0.000
client level=warn t=359141 ev=vr.xr submit layers=1 result=0 fov=1.8151
client level=warn t=359860 ev=vr.weapon callers path=getter D5D832:180 B363FA:540 B3598D:180
client level=warn t=359860 ev=vr.weapon callers path=ptr D98F49:900 DB8CB6:180 12B0A09:180 16E8861:180 D8F242:180 D8B348:180 D8B9B5:180 12B2284:18 D2F672:18 D7FB5C:66 F4276C:3 D8492B:44 D7FF2C:11
client level=warn t=359860 ev=vr.weapon callers path=xform D5896F:180
client level=warn t=359860 ev=vr.xr hand yaw=-1.8095 r_valid=1 r_fwd=-0.236,-0.972,0.000 r_up=0.000,0.000,1.000 r_off=-0.265,-0.244,-0.200 l_valid=1 l_fwd=-0.236,-0.972,0.000 l_off=0.123,-0.339,-0.200 h_off=0.000,0.000,0.000
client level=warn t=359860 ev=vr.xr pose fwd=-0.608,-0.794,0.000 off=0.000,0.000,0.000 fov=1.8151 aspect=1.074
client level=warn t=359860 ev=vr.pad stats injected=0 held=0 mouse=0,0 move=0.00,0.00 turn=0.00,0.00 trig=0.00,0.00 buttons=0x0
client level=warn t=359875 ev=vr.probe pose in_pos=625.50,300.01,41.80 in_fwd=-0.236,-0.972,0.000 in_fov=1.4242 out_pos=625.50,300.01,41.80 out_fwd=-0.614,-0.789,0.000 out_fov=1.8151
client level=info t=359907 ev=retail site=78 text=networking:bandwidth: min_channels: 1 max channels: 1 max bps: 34128 avg cong bps: -1 low cong bps: -1 hi cong bps: -1 lat avg: -1 lat hi avg: 0 lat avg var: -1 pct loss: 0.00 pct loss hi avg: [0.00].
client level=info t=359907 ev=retail site=79 text=networking:bandwidth: machine [CE:68:81:8F:FC:58:ED38] longest reception gap [125ms] longest ack gap [125ms] pct loss [0.00] disc count [0] sps [10] rps [10] bh: [y].
client level=info t=360000 ev=nettick stage=sample latch=1 callbacks=85942
client level=warn t=360594 ev=vr.xr hand yaw=-1.8095 r_valid=1 r_fwd=-0.236,-0.972,0.000 r_up=0.000,0.000,1.000 r_off=-0.265,-0.244,-0.200 l_valid=1 l_fwd=-0.236,-0.972,0.000 l_off=0.123,-0.339,-0.200 h_off=0.000,0.000,0.000
client level=warn t=360953 ev=vr.weapon callers path=getter D5D832:90 B363FA:270 B3598D:90
client level=warn t=360953 ev=vr.weapon callers path=ptr D98F49:450 DB8CB6:90 12B0A09:90 16E8861:90 D8F242:90 D8B348:90 D8B9B5:90 12B2284:9 D2F672:9 D7FB5C:36 F4276C:1 D8492B:23 D7FF2C:5
client level=warn t=360953 ev=vr.weapon callers path=xform D5896F:90
client level=info t=361203 ev=retail site=81 text=networking:channel:packet_loss_stats: [dir:127.0.0.1(id=0):30992#bh64] Incoming packet read result summary - 0 ok, 0 discard, 600 discard-expected, 0 corrupt
client level=info t=361203 ev=retail site=82 text=networking:channel:packet_loss_stats: [dir:127.0.0.1(id=0):30992#bh64] Outgoing packet delivery summary - 600 delivered, 0 of those out-of-order, 0 lost - highest loss fraction seen 0.000
client level=info t=361203 ev=retail site=83 text=networking:stream_manager:retail: # 1 rx10.0/rxbps 5.8kb tx10.0/txbps32.7kb cx15.0pkts/33.0cxkbps lat=  0avg,  -1cg to=9999 aloc45.0kb max513.0kbps, loss=0.00pct loss dev 2.00pct rel=N, name=                            bh64
client level=info t=361203 ev=retail site=84 text=networking:stream_manager:retail: Local peer network quality = 1.000000/1.0, worst_axis = -1
client level=warn t=361313 ev=vr.xr hand yaw=-1.8095 r_valid=1 r_fwd=-0.236,-0.972,0.000 r_up=0.000,0.000,1.000 r_off=-0.265,-0.244,-0.200 l_valid=1 l_fwd=-0.236,-0.972,0.000 l_off=0.123,-0.339,-0.200 h_off=0.000,0.000,0.000
server level=info t=361657 ev=gameplay stage=message result=ok id=4 peerstage=5
client level=info t=362000 ev=nettick stage=sample latch=1 callbacks=86109
client level=warn t=362016 ev=vr.weapon callers path=getter D5D832:90 B363FA:270 B3598D:90
client level=warn t=362016 ev=vr.weapon callers path=ptr D98F49:450 DB8CB6:90 12B0A09:90 16E8861:90 D8F242:90 D8B348:90 D8B9B5:90 12B2284:9 D2F672:9 D7FB5C:33 F4276C:1 D8492B:21 D7FF2C:6
client level=warn t=362016 ev=vr.weapon callers path=xform D5896F:90
client level=warn t=362032 ev=vr.xr hand yaw=-1.8095 r_valid=1 r_fwd=-0.236,-0.972,0.000 r_up=0.000,0.000,1.000 r_off=-0.265,-0.244,-0.200 l_valid=1 l_fwd=-0.236,-0.972,0.000 l_off=0.123,-0.339,-0.200 h_off=0.000,0.000,0.000
client level=warn t=362032 ev=vr.xr pose fwd=-0.059,-0.998,0.000 off=0.000,0.000,0.000 fov=1.8151 aspect=1.074
client level=warn t=362032 ev=vr.pad stats injected=0 held=0 mouse=0,0 move=0.00,0.00 turn=0.00,0.00 trig=0.00,0.00 buttons=0x0
client level=warn t=362032 ev=vr.probe pose in_pos=625.50,300.01,41.80 in_fwd=-0.236,-0.972,0.000 in_fov=1.4242 out_pos=625.50,300.01,41.80 out_fwd=-0.048,-0.999,0.000 out_fov=1.8151
client level=warn t=362766 ev=vr.xr hand yaw=-1.8095 r_valid=1 r_fwd=-0.236,-0.972,0.000 r_up=0.000,0.000,1.000 r_off=-0.265,-0.244,-0.200 l_valid=1 l_fwd=-0.236,-0.972,0.000 l_off=0.123,-0.339,-0.200 h_off=0.000,0.000,0.000
client level=warn t=362766 ev=vr.xr submit layers=1 result=0 fov=1.8151
client level=warn t=363469 ev=vr.xr hand yaw=-1.8095 r_valid=1 r_fwd=-0.236,-0.972,0.000 r_up=0.000,0.000,1.000 r_off=-0.265,-0.244,-0.200 l_valid=1 l_fwd=-0.236,-0.972,0.000 l_off=0.123,-0.339,-0.200 h_off=0.000,0.000,0.000
client level=info t=364000 ev=nettick stage=sample latch=1 callbacks=86275
client level=warn t=364188 ev=vr.weapon callers path=getter D5D832:180 B363FA:540 B3598D:180
client level=warn t=364188 ev=vr.weapon callers path=ptr D98F49:900 DB8CB6:180 12B0A09:180 16E8861:180 D8F242:180 D8B348:180 D8B9B5:180 12B2284:18 D2F672:18 D7FB5C:69 F4276C:2 D8492B:45 D7FF2C:11
client level=warn t=364188 ev=vr.weapon callers path=xform D5896F:180
client level=warn t=364188 ev=vr.xr hand yaw=-1.8095 r_valid=1 r_fwd=-0.236,-0.972,0.000 r_up=0.000,0.000,1.000 r_off=-0.265,-0.244,-0.200 l_valid=1 l_fwd=-0.236,-0.972,0.000 l_off=0.123,-0.339,-0.200 h_off=0.000,0.000,0.000
client level=warn t=364188 ev=vr.xr pose fwd=-0.236,-0.972,0.000 off=0.000,0.000,0.000 fov=1.8151 aspect=1.074
client level=warn t=364188 ev=vr.pad stats injected=0 held=0 mouse=0,0 move=0.00,0.00 turn=0.00,0.00 trig=0.00,0.00 buttons=0x0
client level=warn t=364203 ev=vr.probe pose in_pos=625.50,300.01,41.80 in_fwd=-0.236,-0.972,0.000 in_fov=1.4242 out_pos=625.50,300.01,41.80 out_fwd=-0.236,-0.972,0.000 out_fov=1.8151
server level=info t=364750 ev=gameplay stage=message result=ok id=4 peerstage=5
client level=warn t=364907 ev=vr.xr hand yaw=-1.8095 r_valid=1 r_fwd=-0.236,-0.972,0.000 r_up=0.000,0.000,1.000 r_off=-0.265,-0.244,-0.200 l_valid=1 l_fwd=-0.236,-0.972,0.000 l_off=0.123,-0.339,-0.200 h_off=0.000,0.000,0.000
client level=warn t=365672 ev=vr.xr hand yaw=-1.8095 r_valid=1 r_fwd=-0.236,-0.972,0.000 r_up=0.000,0.000,1.000 r_off=-0.265,-0.244,-0.200 l_valid=1 l_fwd=-0.236,-0.972,0.000 l_off=0.123,-0.339,-0.200 h_off=0.000,0.000,0.000
client level=info t=366000 ev=nettick stage=sample latch=1 callbacks=86436
client level=warn t=366500 ev=vr.weapon callers path=getter D5D832:180 B363FA:540 B3598D:180
client level=warn t=366500 ev=vr.weapon callers path=ptr D98F49:900 DB8CB6:180 12B0A09:180 16E8861:180 D8F242:180 D8B348:180 D8B9B5:180 12B2284:19 D2F672:19 D7FB5C:66 F4276C:2 D8492B:47 D7FF2C:11
client level=warn t=366500 ev=vr.weapon callers path=xform D5896F:180
client level=warn t=366500 ev=vr.xr hand yaw=-1.8095 r_valid=1 r_fwd=-0.236,-0.972,0.000 r_up=0.000,0.000,1.000 r_off=-0.265,-0.244,-0.200 l_valid=1 l_fwd=-0.236,-0.972,0.000 l_off=0.123,-0.339,-0.200 h_off=0.000,0.000,0.000
client level=warn t=366500 ev=vr.xr pose fwd=-0.236,-0.972,0.000 off=0.000,0.000,0.000 fov=1.8151 aspect=1.074
client level=warn t=366500 ev=vr.xr submit layers=1 result=0 fov=1.8151
client level=warn t=366500 ev=vr.pad stats injected=0 held=0 mouse=0,0 move=0.00,0.00 turn=0.00,0.00 trig=0.00,0.00 buttons=0x0
client level=warn t=366500 ev=vr.probe pose in_pos=625.50,300.01,41.80 in_fwd=-0.236,-0.972,0.000 in_fov=1.4242 out_pos=625.50,300.01,41.80 out_fwd=-0.236,-0.972,0.000 out_fov=1.8151
client level=warn t=367219 ev=vr.xr hand yaw=-1.8095 r_valid=1 r_fwd=-0.236,-0.972,0.000 r_up=0.000,0.000,1.000 r_off=-0.265,-0.244,-0.200 l_valid=1 l_fwd=-0.236,-0.972,0.000 l_off=0.123,-0.339,-0.200 h_off=0.000,0.000,0.000
server level=info t=367860 ev=gameplay stage=message result=ok id=4 peerstage=5
client level=warn t=367953 ev=vr.xr hand yaw=-1.8095 r_valid=1 r_fwd=-0.236,-0.972,0.000 r_up=0.000,0.000,1.000 r_off=-0.265,-0.244,-0.200 l_valid=1 l_fwd=-0.236,-0.972,0.000 l_off=0.123,-0.339,-0.200 h_off=0.000,0.000,0.000
client level=info t=368000 ev=nettick stage=sample latch=1 callbacks=86595
client level=warn t=368672 ev=vr.weapon callers path=getter D5D832:180 B363FA:540 B3598D:180
client level=warn t=368672 ev=vr.weapon callers path=ptr D98F49:900 DB8CB6:180 12B0A09:180 16E8861:180 D8F242:180 D8B348:180 D8B9B5:180 12B2284:18 D2F672:18 D7FB5C:66 F4276C:2 D8492B:44 D7FF2C:12
client level=warn t=368672 ev=vr.weapon callers path=xform D5896F:180
client level=warn t=368688 ev=vr.xr hand yaw=-1.8095 r_valid=1 r_fwd=-0.236,-0.972,0.000 r_up=0.000,0.000,1.000 r_off=-0.265,-0.244,-0.200 l_valid=1 l_fwd=-0.236,-0.972,0.000 l_off=0.123,-0.339,-0.200 h_off=0.000,0.000,0.000
client level=warn t=368688 ev=vr.xr pose fwd=-0.236,-0.972,0.000 off=0.000,0.000,0.000 fov=1.8151 aspect=1.074
client level=warn t=368688 ev=vr.pad stats injected=0 held=0 mouse=0,0 move=0.00,0.00 turn=0.00,0.00 trig=0.00,0.00 buttons=0x0
client level=warn t=368688 ev=vr.probe pose in_pos=625.50,300.01,41.80 in_fwd=-0.236,-0.972,0.000 in_fov=1.4242 out_pos=625.50,300.01,41.80 out_fwd=-0.236,-0.972,0.000 out_fov=1.8151
server level=info t=368828 ev=ws701 stage=profile_setup result=complete
server level=info t=368828 ev=activity stage=writeback result=ok world_state=8
client level=warn t=369438 ev=vr.xr hand yaw=-1.8095 r_valid=1 r_fwd=0.281,-0.960,0.000 r_up=0.000,0.000,1.000 r_off=-0.265,-0.244,-0.200 l_valid=1 l_fwd=-0.236,-0.972,0.000 l_off=0.123,-0.339,-0.200 h_off=0.000,0.000,0.000
client level=info t=370000 ev=nettick stage=sample latch=1 callbacks=86754
client level=warn t=370219 ev=vr.xr hand yaw=-1.8095 r_valid=1 r_fwd=0.281,-0.960,0.000 r_up=0.000,0.000,1.000 r_off=-0.265,-0.244,-0.200 l_valid=1 l_fwd=-0.236,-0.972,0.000 l_off=0.123,-0.339,-0.200 h_off=0.000,0.000,0.000
client level=warn t=370219 ev=vr.xr submit layers=1 result=0 fov=1.8151
client level=warn t=370938 ev=vr.weapon callers path=getter D5D832:180 B363FA:540 B3598D:180
client level=warn t=370938 ev=vr.weapon callers path=ptr D98F49:900 DB8CB6:180 12B0A09:180 16E8861:180 D8F242:180 D8B348:180 D8B9B5:180 12B2284:20 D2F672:20 D7FB5C:67 F4276C:3 D8492B:44 D7FF2C:11
client level=warn t=370938 ev=vr.weapon callers path=xform D5896F:180
client level=warn t=370938 ev=vr.xr hand yaw=-1.8095 r_valid=1 r_fwd=0.281,-0.960,0.000 r_up=0.000,0.000,1.000 r_off=-0.265,-0.244,-0.200 l_valid=1 l_fwd=-0.236,-0.972,0.000 l_off=0.123,-0.339,-0.200 h_off=0.000,0.000,0.000
client level=warn t=370938 ev=vr.xr pose fwd=-0.236,-0.972,0.000 off=0.000,0.000,0.000 fov=1.8151 aspect=1.074
client level=warn t=370938 ev=vr.pad stats injected=0 held=0 mouse=0,0 move=0.00,0.00 turn=0.00,0.00 trig=0.00,0.00 buttons=0x0
client level=warn t=370938 ev=vr.probe pose in_pos=625.50,300.01,41.80 in_fwd=-0.236,-0.972,0.000 in_fov=1.4242 out_pos=625.50,300.01,41.80 out_fwd=-0.236,-0.972,0.000 out_fov=1.8151
server level=info t=370953 ev=gameplay stage=message result=ok id=4 peerstage=5
client level=warn t=371641 ev=vr.xr hand yaw=-1.8095 r_valid=1 r_fwd=0.281,-0.960,0.000 r_up=0.000,0.000,1.000 r_off=-0.265,-0.244,-0.200 l_valid=1 l_fwd=-0.236,-0.972,0.000 l_off=0.123,-0.339,-0.200 h_off=0.000,0.000,0.000
client level=info t=372000 ev=nettick stage=sample latch=1 callbacks=86921
client level=warn t=372360 ev=vr.xr hand yaw=-1.8095 r_valid=1 r_fwd=0.281,-0.960,0.000 r_up=0.000,0.000,1.000 r_off=-0.265,-0.244,-0.200 l_valid=1 l_fwd=-0.236,-0.972,0.000 l_off=0.123,-0.339,-0.200 h_off=0.000,0.000,0.000
client level=warn t=373094 ev=vr.weapon callers path=getter D5D832:180 B363FA:540 B3598D:180
client level=warn t=373094 ev=vr.weapon callers path=ptr D98F49:900 DB8CB6:180 12B0A09:180 16E8861:180 D8F242:180 D8B348:180 D8B9B5:180 12B2284:18 D2F672:18 D7FB5C:70 F4276C:2 D8492B:44 D7FF2C:11
client level=warn t=373094 ev=vr.weapon callers path=xform D5896F:180
client level=warn t=373094 ev=vr.xr hand yaw=-1.8095 r_valid=1 r_fwd=0.281,-0.960,0.000 r_up=0.000,0.000,1.000 r_off=-0.265,-0.244,-0.200 l_valid=1 l_fwd=-0.236,-0.972,0.000 l_off=0.123,-0.339,-0.200 h_off=0.000,0.000,0.000
client level=warn t=373094 ev=vr.xr pose fwd=-0.236,-0.972,0.000 off=0.000,0.000,0.000 fov=1.8151 aspect=1.074
client level=warn t=373094 ev=vr.pad stats injected=0 held=0 mouse=0,0 move=0.00,0.00 turn=0.00,0.00 trig=0.00,0.00 buttons=0x0
client level=warn t=373094 ev=vr.probe pose in_pos=625.50,300.01,41.80 in_fwd=-0.236,-0.972,0.000 in_fov=1.4242 out_pos=625.50,300.01,41.80 out_fwd=-0.236,-0.972,0.000 out_fov=1.8151
client level=warn t=373828 ev=vr.xr hand yaw=-1.8095 r_valid=1 r_fwd=-0.691,-0.723,0.000 r_up=0.000,0.000,1.000 r_off=-0.265,-0.244,-0.200 l_valid=1 l_fwd=-0.236,-0.972,0.000 l_off=0.123,-0.339,-0.200 h_off=0.000,0.000,0.000
client level=warn t=373828 ev=vr.xr submit layers=1 result=0 fov=1.8151
client level=info t=374000 ev=nettick stage=sample latch=1 callbacks=87085
server level=info t=374047 ev=gameplay stage=message result=ok id=4 peerstage=5
client level=warn t=374594 ev=vr.xr hand yaw=-1.8095 r_valid=1 r_fwd=-0.691,-0.723,0.000 r_up=0.000,0.000,1.000 r_off=-0.265,-0.244,-0.200 l_valid=1 l_fwd=-0.236,-0.972,0.000 l_off=0.123,-0.339,-0.200 h_off=0.000,0.000,0.000
client level=warn t=375344 ev=vr.weapon callers path=getter D5D832:180 B363FA:540 B3598D:180
client level=warn t=375344 ev=vr.weapon callers path=ptr D98F49:900 DB8CB6:180 12B0A09:180 16E8861:180 D8F242:180 D8B348:180 D8B9B5:180 12B2284:19 D2F672:19 D7FB5C:67 F4276C:2 D8492B:47 D7FF2C:11
client level=warn t=375344 ev=vr.weapon callers path=xform D5896F:180
client level=warn t=375344 ev=vr.xr hand yaw=-1.8095 r_valid=1 r_fwd=-0.691,-0.723,0.000 r_up=0.000,0.000,1.000 r_off=-0.265,-0.244,-0.200 l_valid=1 l_fwd=-0.236,-0.972,0.000 l_off=0.123,-0.339,-0.200 h_off=0.000,0.000,0.000
client level=warn t=375344 ev=vr.xr pose fwd=-0.236,-0.972,0.000 off=0.000,0.000,0.000 fov=1.8151 aspect=1.074
client level=warn t=375344 ev=vr.pad stats injected=0 held=0 mouse=0,0 move=0.00,0.00 turn=0.00,0.00 trig=0.00,0.00 buttons=0x0
client level=warn t=375360 ev=vr.probe pose in_pos=625.50,300.01,41.80 in_fwd=-0.236,-0.972,0.000 in_fov=1.4242 out_pos=625.50,300.01,41.80 out_fwd=-0.236,-0.972,0.000 out_fov=1.8151
client level=info t=376000 ev=nettick stage=sample latch=1 callbacks=87246
client level=warn t=376063 ev=vr.xr hand yaw=-1.8095 r_valid=1 r_fwd=-0.691,-0.723,0.000 r_up=0.000,0.000,1.000 r_off=-0.265,-0.244,-0.200 l_valid=1 l_fwd=-0.236,-0.972,0.000 l_off=0.123,-0.339,-0.200 h_off=0.000,0.000,0.000
client level=warn t=376813 ev=vr.xr hand yaw=-1.8095 r_valid=1 r_fwd=-0.691,-0.723,0.000 r_up=0.000,0.000,1.000 r_off=-0.265,-0.244,-0.200 l_valid=1 l_fwd=-0.236,-0.972,0.000 l_off=0.123,-0.339,-0.200 h_off=0.000,0.000,0.000
server level=info t=377141 ev=gameplay stage=message result=ok id=4 peerstage=5
client level=warn t=377625 ev=vr.weapon callers path=getter D5D832:180 B363FA:540 B3598D:180
client level=warn t=377625 ev=vr.weapon callers path=ptr D98F49:900 DB8CB6:180 12B0A09:180 16E8861:180 D8F242:180 D8B348:180 D8B9B5:180 12B2284:19 D2F672:19 D7FB5C:66 F4276C:2 D8492B:45 D7FF2C:12
client level=warn t=377625 ev=vr.weapon callers path=xform D5896F:180
client level=warn t=377625 ev=vr.xr hand yaw=-1.8095 r_valid=1 r_fwd=-0.691,-0.723,0.000 r_up=0.000,0.000,1.000 r_off=-0.265,-0.244,-0.200 l_valid=1 l_fwd=-0.236,-0.972,0.000 l_off=0.123,-0.339,-0.200 h_off=0.000,0.000,0.000
client level=warn t=377625 ev=vr.xr pose fwd=-0.236,-0.972,0.000 off=0.000,0.000,0.000 fov=1.8151 aspect=1.074
client level=warn t=377625 ev=vr.xr submit layers=1 result=0 fov=1.8151
client level=warn t=377625 ev=vr.pad stats injected=0 held=0 mouse=0,0 move=0.00,0.00 turn=0.00,0.00 trig=0.00,0.00 buttons=0x0
client level=warn t=377625 ev=vr.probe pose in_pos=625.50,300.01,41.80 in_fwd=-0.236,-0.972,0.000 in_fov=1.4242 out_pos=625.50,300.01,41.80 out_fwd=-0.236,-0.972,0.000 out_fov=1.8151
client level=info t=378000 ev=nettick stage=sample latch=1 callbacks=87402
client level=warn t=378344 ev=vr.xr hand yaw=-1.8095 r_valid=1 r_fwd=-0.691,-0.723,0.000 r_up=0.000,0.000,1.000 r_off=-0.265,-0.244,-0.200 l_valid=1 l_fwd=-0.236,-0.972,0.000 l_off=0.123,-0.339,-0.200 h_off=0.000,0.000,0.000
client level=warn t=379078 ev=vr.xr hand yaw=-1.8095 r_valid=1 r_fwd=-0.214,-0.881,0.423 r_up=0.100,0.411,0.906 r_off=-0.265,-0.244,-0.200 l_valid=1 l_fwd=-0.236,-0.972,0.000 l_off=0.123,-0.339,-0.200 h_off=0.000,0.000,0.000
client level=warn t=379875 ev=vr.weapon callers path=getter D5D832:180 B363FA:540 B3598D:180
client level=warn t=379875 ev=vr.weapon callers path=ptr D98F49:900 DB8CB6:180 12B0A09:180 16E8861:180 D8F242:180 D8B348:180 D8B9B5:180 12B2284:19 D2F672:19 D7FB5C:66 F4276C:3 D8492B:44 D7FF2C:11
client level=warn t=379875 ev=vr.weapon callers path=xform D5896F:180
client level=warn t=379875 ev=vr.xr hand yaw=-1.8095 r_valid=1 r_fwd=-0.214,-0.881,0.423 r_up=0.100,0.411,0.906 r_off=-0.265,-0.244,-0.200 l_valid=1 l_fwd=-0.236,-0.972,0.000 l_off=0.123,-0.339,-0.200 h_off=0.000,0.000,0.000
client level=warn t=379875 ev=vr.xr pose fwd=-0.236,-0.972,0.000 off=0.000,0.000,0.000 fov=1.8151 aspect=1.074
client level=warn t=379875 ev=vr.pad stats injected=0 held=0 mouse=0,0 move=0.00,0.00 turn=0.00,0.00 trig=0.00,0.00 buttons=0x0
client level=warn t=379875 ev=vr.probe pose in_pos=625.50,300.01,41.80 in_fwd=-0.236,-0.972,0.000 in_fov=1.4242 out_pos=625.50,300.01,41.80 out_fwd=-0.236,-0.972,0.000 out_fov=1.8151
client level=info t=380000 ev=nettick stage=sample latch=1 callbacks=87561
server level=info t=380266 ev=gameplay stage=message result=ok id=4 peerstage=5
client level=warn t=380610 ev=vr.xr hand yaw=-1.8095 r_valid=1 r_fwd=-0.214,-0.881,0.423 r_up=0.100,0.411,0.906 r_off=-0.265,-0.244,-0.200 l_valid=1 l_fwd=-0.236,-0.972,0.000 l_off=0.123,-0.339,-0.200 h_off=0.000,0.000,0.000
client level=warn t=381344 ev=vr.xr hand yaw=-1.8095 r_valid=1 r_fwd=-0.214,-0.881,0.423 r_up=0.100,0.411,0.906 r_off=-0.265,-0.244,-0.200 l_valid=1 l_fwd=-0.236,-0.972,0.000 l_off=0.123,-0.339,-0.200 h_off=0.000,0.000,0.000
client level=warn t=381344 ev=vr.xr submit layers=1 result=0 fov=1.8151
client level=info t=382000 ev=nettick stage=sample latch=1 callbacks=87726
client level=warn t=382063 ev=vr.weapon callers path=getter D5D832:180 B363FA:540 B3598D:180
client level=warn t=382063 ev=vr.weapon callers path=ptr D98F49:900 DB8CB6:180 12B0A09:180 16E8861:180 D8F242:180 D8B348:180 D8B9B5:180 12B2284:18 D2F672:18 D7FB5C:69 F4276C:2 D8492B:44 D7FF2C:11
client level=warn t=382063 ev=vr.weapon callers path=xform D5896F:180
client level=warn t=382063 ev=vr.xr hand yaw=-1.8095 r_valid=1 r_fwd=-0.214,-0.881,0.423 r_up=0.100,0.411,0.906 r_off=-0.265,-0.244,-0.200 l_valid=1 l_fwd=-0.236,-0.972,0.000 l_off=0.123,-0.339,-0.200 h_off=0.000,0.000,0.000
client level=warn t=382063 ev=vr.xr pose fwd=-0.236,-0.972,0.000 off=0.000,0.000,0.000 fov=1.8151 aspect=1.074
client level=warn t=382063 ev=vr.pad stats injected=0 held=0 mouse=0,0 move=0.00,0.00 turn=0.00,0.00 trig=0.00,0.00 buttons=0x0
client level=warn t=382063 ev=vr.probe pose in_pos=625.50,300.01,41.80 in_fwd=-0.236,-0.972,0.000 in_fov=1.4242 out_pos=625.50,300.01,41.80 out_fwd=-0.236,-0.972,0.000 out_fov=1.8151
client level=warn t=382797 ev=vr.xr hand yaw=-1.8095 r_valid=1 r_fwd=-0.214,-0.881,0.423 r_up=0.100,0.411,0.906 r_off=-0.265,-0.244,-0.200 l_valid=1 l_fwd=-0.236,-0.972,0.000 l_off=0.123,-0.339,-0.200 h_off=0.000,0.000,0.000
server level=info t=383360 ev=gameplay stage=message result=ok id=4 peerstage=5
client level=warn t=383516 ev=vr.xr hand yaw=-1.8095 r_valid=1 r_fwd=-0.214,-0.881,0.423 r_up=0.100,0.411,0.906 r_off=-0.265,-0.244,-0.200 l_valid=1 l_fwd=-0.236,-0.972,0.000 l_off=0.123,-0.339,-0.200 h_off=0.000,0.000,0.000
client level=info t=384000 ev=nettick stage=sample latch=1 callbacks=87891
client level=warn t=384266 ev=vr.weapon callers path=getter D5D832:180 B363FA:540 B3598D:180
client level=warn t=384266 ev=vr.weapon callers path=ptr D98F49:900 DB8CB6:180 12B0A09:180 16E8861:180 D8F242:180 D8B348:180 D8B9B5:180 12B2284:18 D2F672:18 D7FB5C:69 F4276C:2 D8492B:46 D7FF2C:11
client level=warn t=384266 ev=vr.weapon callers path=xform D5896F:180
client level=warn t=384266 ev=vr.xr hand yaw=-1.8095 r_valid=1 r_fwd=-0.214,-0.881,-0.423 r_up=-0.100,-0.411,0.906 r_off=-0.265,-0.244,-0.200 l_valid=1 l_fwd=-0.236,-0.972,0.000 l_off=0.123,-0.339,-0.200 h_off=0.000,0.000,0.000
client level=warn t=384266 ev=vr.xr pose fwd=-0.236,-0.972,0.000 off=0.000,0.000,0.000 fov=1.8151 aspect=1.074
client level=warn t=384266 ev=vr.pad stats injected=0 held=0 mouse=0,0 move=0.00,0.00 turn=0.00,0.00 trig=0.00,0.00 buttons=0x0
client level=warn t=384266 ev=vr.probe pose in_pos=625.50,300.01,41.80 in_fwd=-0.236,-0.972,0.000 in_fov=1.4242 out_pos=625.50,300.01,41.80 out_fwd=-0.236,-0.972,0.000 out_fov=1.8151
client level=warn t=385032 ev=vr.xr hand yaw=-1.8095 r_valid=1 r_fwd=-0.214,-0.881,-0.423 r_up=-0.100,-0.411,0.906 r_off=-0.265,-0.244,-0.200 l_valid=1 l_fwd=-0.236,-0.972,0.000 l_off=0.123,-0.339,-0.200 h_off=0.000,0.000,0.000
client level=warn t=385032 ev=vr.xr submit layers=1 result=0 fov=1.8151
client level=warn t=385735 ev=vr.xr hand yaw=-1.8095 r_valid=1 r_fwd=-0.214,-0.881,-0.423 r_up=-0.100,-0.411,0.906 r_off=-0.265,-0.244,-0.200 l_valid=1 l_fwd=-0.236,-0.972,0.000 l_off=0.123,-0.339,-0.200 h_off=0.000,0.000,0.000
client level=info t=386000 ev=nettick stage=sample latch=1 callbacks=88053
server level=info t=386453 ev=gameplay stage=message result=ok id=4 peerstage=5
client level=warn t=386453 ev=vr.weapon callers path=getter D5D832:180 B363FA:540 B3598D:180
client level=warn t=386453 ev=vr.weapon callers path=ptr D98F49:900 DB8CB6:180 12B0A09:180 16E8861:180 D8F242:180 D8B348:180 D8B9B5:180 12B2284:19 D2F672:19 D7FB5C:66 F4276C:2 D8492B:46 D7FF2C:12
client level=warn t=386453 ev=vr.weapon callers path=xform D5896F:180
client level=warn t=386469 ev=vr.xr hand yaw=-1.8095 r_valid=1 r_fwd=-0.214,-0.881,-0.423 r_up=-0.100,-0.411,0.906 r_off=-0.265,-0.244,-0.200 l_valid=1 l_fwd=-0.236,-0.972,0.000 l_off=0.123,-0.339,-0.200 h_off=0.000,0.000,0.000
client level=warn t=386469 ev=vr.xr pose fwd=-0.236,-0.972,0.000 off=0.000,0.000,0.000 fov=1.8151 aspect=1.074
client level=warn t=386469 ev=vr.pad stats injected=0 held=0 mouse=0,0 move=0.00,0.00 turn=0.00,0.00 trig=0.00,0.00 buttons=0x0
client level=warn t=386469 ev=vr.probe pose in_pos=625.50,300.01,41.80 in_fwd=-0.236,-0.972,0.000 in_fov=1.4242 out_pos=625.50,300.01,41.80 out_fwd=-0.236,-0.972,0.000 out_fov=1.8151
client level=warn t=387188 ev=vr.xr hand yaw=-1.8095 r_valid=1 r_fwd=-0.214,-0.881,-0.423 r_up=-0.100,-0.411,0.906 r_off=-0.265,-0.244,-0.200 l_valid=1 l_fwd=-0.236,-0.972,0.000 l_off=0.123,-0.339,-0.200 h_off=0.000,0.000,0.000
client level=warn t=387969 ev=vr.xr hand yaw=-1.8095 r_valid=1 r_fwd=-0.214,-0.881,-0.423 r_up=-0.100,-0.411,0.906 r_off=-0.265,-0.244,-0.200 l_valid=1 l_fwd=-0.236,-0.972,0.000 l_off=0.123,-0.339,-0.200 h_off=0.000,0.000,0.000
client level=info t=388000 ev=nettick stage=sample latch=1 callbacks=88213
client level=warn t=388844 ev=vr.weapon callers path=getter D5D832:180 B363FA:540 B3598D:180
client level=warn t=388844 ev=vr.weapon callers path=ptr D98F49:900 DB8CB6:180 12B0A09:180 16E8861:180 D8F242:180 D8B348:180 D8B9B5:180 12B2284:19 D2F672:19 D7FB5C:67 F4276C:3 D8492B:44 D7FF2C:11
client level=warn t=388844 ev=vr.weapon callers path=xform D5896F:180
client level=warn t=388844 ev=vr.xr hand yaw=-1.8095 r_valid=1 r_fwd=-0.236,-0.972,0.000 r_up=0.000,0.000,1.000 r_off=-0.557,-0.173,-0.200 l_valid=1 l_fwd=-0.236,-0.972,0.000 l_off=0.123,-0.339,-0.200 h_off=0.000,0.000,0.000
client level=warn t=388844 ev=vr.xr pose fwd=-0.236,-0.972,0.000 off=0.000,0.000,0.000 fov=1.8151 aspect=1.074
client level=warn t=388844 ev=vr.xr submit layers=1 result=0 fov=1.8151
client level=warn t=388844 ev=vr.pad stats injected=0 held=0 mouse=0,0 move=0.00,0.00 turn=0.00,0.00 trig=0.00,0.00 buttons=0x0
client level=warn t=388844 ev=vr.probe pose in_pos=625.50,300.01,41.80 in_fwd=-0.236,-0.972,0.000 in_fov=1.4242 out_pos=625.50,300.01,41.80 out_fwd=-0.236,-0.972,0.000 out_fov=1.8151
server level=info t=389563 ev=gameplay stage=message result=ok id=4 peerstage=5
client level=warn t=389625 ev=vr.xr hand yaw=-1.8095 r_valid=1 r_fwd=-0.236,-0.972,0.000 r_up=0.000,0.000,1.000 r_off=-0.557,-0.173,-0.200 l_valid=1 l_fwd=-0.236,-0.972,0.000 l_off=0.123,-0.339,-0.200 h_off=0.000,0.000,0.000
client level=info t=390000 ev=nettick stage=sample latch=1 callbacks=88362
client level=warn t=390344 ev=vr.xr hand yaw=-1.8095 r_valid=1 r_fwd=-0.236,-0.972,0.000 r_up=0.000,0.000,1.000 r_off=-0.557,-0.173,-0.200 l_valid=1 l_fwd=-0.236,-0.972,0.000 l_off=0.123,-0.339,-0.200 h_off=0.000,0.000,0.000
client level=warn t=391047 ev=vr.weapon callers path=getter D5D832:180 B363FA:540 B3598D:180
client level=warn t=391047 ev=vr.weapon callers path=ptr D98F49:900 DB8CB6:180 12B0A09:180 16E8861:180 D8F242:180 D8B348:180 D8B9B5:180 12B2284:19 D2F672:19 D7FB5C:69 F4276C:2 D8492B:44 D7FF2C:11
client level=warn t=391047 ev=vr.weapon callers path=xform D5896F:180
client level=warn t=391047 ev=vr.xr hand yaw=-1.8095 r_valid=1 r_fwd=-0.236,-0.972,0.000 r_up=0.000,0.000,1.000 r_off=-0.557,-0.173,-0.200 l_valid=1 l_fwd=-0.236,-0.972,0.000 l_off=0.123,-0.339,-0.200 h_off=0.000,0.000,0.000
client level=warn t=391047 ev=vr.xr pose fwd=-0.236,-0.972,0.000 off=0.000,0.000,0.000 fov=1.8151 aspect=1.074
client level=warn t=391047 ev=vr.pad stats injected=0 held=0 mouse=0,0 move=0.00,0.00 turn=0.00,0.00 trig=0.00,0.00 buttons=0x0
client level=warn t=391047 ev=vr.probe pose in_pos=625.50,300.01,41.80 in_fwd=-0.236,-0.972,0.000 in_fov=1.4242 out_pos=625.50,300.01,41.80 out_fwd=-0.236,-0.972,0.000 out_fov=1.8151
client level=warn t=391766 ev=vr.xr hand yaw=-1.8095 r_valid=1 r_fwd=-0.236,-0.972,0.000 r_up=0.000,0.000,1.000 r_off=-0.557,-0.173,-0.200 l_valid=1 l_fwd=-0.236,-0.972,0.000 l_off=0.123,-0.339,-0.200 h_off=0.000,0.000,0.000
client level=info t=392000 ev=nettick stage=sample latch=1 callbacks=88531
client level=warn t=392469 ev=vr.xr hand yaw=-1.8095 r_valid=1 r_fwd=-0.236,-0.972,0.000 r_up=0.000,0.000,1.000 r_off=-0.557,-0.173,-0.200 l_valid=1 l_fwd=-0.236,-0.972,0.000 l_off=0.123,-0.339,-0.200 h_off=0.000,0.000,0.000
client level=warn t=392469 ev=vr.xr submit layers=1 result=0 fov=1.8151
server level=info t=392657 ev=gameplay stage=message result=ok id=4 peerstage=5
client level=warn t=393188 ev=vr.weapon callers path=getter D5D832:180 B363FA:540 B3598D:180
client level=warn t=393188 ev=vr.weapon callers path=ptr D98F49:900 DB8CB6:180 12B0A09:180 16E8861:180 D8F242:180 D8B348:180 D8B9B5:180 12B2284:18 D2F672:18 D7FB5C:68 F4276C:2 D8492B:46 D7FF2C:11
client level=warn t=393188 ev=vr.weapon callers path=xform D5896F:180
client level=warn t=393188 ev=vr.xr hand yaw=-1.8095 r_valid=1 r_fwd=-0.236,-0.972,0.000 r_up=0.000,0.000,1.000 r_off=-0.557,-0.173,-0.200 l_valid=1 l_fwd=-0.236,-0.972,0.000 l_off=0.123,-0.339,-0.200 h_off=0.000,0.000,0.000
client level=warn t=393188 ev=vr.xr pose fwd=-0.236,-0.972,0.000 off=0.000,0.000,0.000 fov=1.8151 aspect=1.074
client level=warn t=393188 ev=vr.pad stats injected=0 held=0 mouse=0,0 move=0.00,0.00 turn=0.00,0.00 trig=0.00,0.00 buttons=0x0
client level=warn t=393203 ev=vr.probe pose in_pos=625.50,300.01,41.80 in_fwd=-0.236,-0.972,0.000 in_fov=1.4242 out_pos=625.50,300.01,41.80 out_fwd=-0.236,-0.972,0.000 out_fov=1.8151
client level=warn t=393938 ev=vr.xr hand yaw=-1.8095 r_valid=1 r_fwd=-0.236,-0.972,0.000 r_up=0.000,0.000,1.000 r_off=0.026,-0.315,-0.200 l_valid=1 l_fwd=-0.236,-0.972,0.000 l_off=0.123,-0.339,-0.200 h_off=0.000,0.000,0.000
client level=info t=394000 ev=nettick stage=sample latch=1 callbacks=88696
client level=warn t=394703 ev=vr.xr hand yaw=-1.8095 r_valid=1 r_fwd=-0.236,-0.972,0.000 r_up=0.000,0.000,1.000 r_off=0.026,-0.315,-0.200 l_valid=1 l_fwd=-0.236,-0.972,0.000 l_off=0.123,-0.339,-0.200 h_off=0.000,0.000,0.000
client level=warn t=395453 ev=vr.weapon callers path=getter D5D832:180 B363FA:540 B3598D:180
client level=warn t=395453 ev=vr.weapon callers path=ptr D98F49:900 DB8CB6:180 12B0A09:180 16E8861:180 D8F242:180 D8B348:180 D8B9B5:180 12B2284:19 D2F672:19 D7FB5C:66 F4276C:2 D8492B:46 D7FF2C:12
client level=warn t=395453 ev=vr.weapon callers path=xform D5896F:180
client level=warn t=395453 ev=vr.xr hand yaw=-1.8095 r_valid=1 r_fwd=-0.236,-0.972,0.000 r_up=0.000,0.000,1.000 r_off=0.026,-0.315,-0.200 l_valid=1 l_fwd=-0.236,-0.972,0.000 l_off=0.123,-0.339,-0.200 h_off=0.000,0.000,0.000
client level=warn t=395453 ev=vr.xr pose fwd=-0.236,-0.972,0.000 off=0.000,0.000,0.000 fov=1.8151 aspect=1.074
client level=warn t=395453 ev=vr.pad stats injected=0 held=0 mouse=0,0 move=0.00,0.00 turn=0.00,0.00 trig=0.00,0.00 buttons=0x0
client level=warn t=395453 ev=vr.probe pose in_pos=625.50,300.01,41.80 in_fwd=-0.236,-0.972,0.000 in_fov=1.4242 out_pos=625.50,300.01,41.80 out_fwd=-0.236,-0.972,0.000 out_fov=1.8151
server level=info t=395750 ev=gameplay stage=message result=ok id=4 peerstage=5
client level=info t=396000 ev=nettick stage=sample latch=1 callbacks=88857
client level=warn t=396157 ev=vr.xr hand yaw=-1.8095 r_valid=1 r_fwd=-0.236,-0.972,0.000 r_up=0.000,0.000,1.000 r_off=0.026,-0.315,-0.200 l_valid=1 l_fwd=-0.236,-0.972,0.000 l_off=0.123,-0.339,-0.200 h_off=0.000,0.000,0.000
client level=warn t=396157 ev=vr.xr submit layers=1 result=0 fov=1.8151
client level=warn t=396875 ev=vr.xr hand yaw=-1.8095 r_valid=1 r_fwd=-0.236,-0.972,0.000 r_up=0.000,0.000,1.000 r_off=0.026,-0.315,-0.200 l_valid=1 l_fwd=-0.236,-0.972,0.000 l_off=0.123,-0.339,-0.200 h_off=0.000,0.000,0.000
client level=warn t=397594 ev=vr.weapon callers path=getter D5D832:180 B363FA:540 B3598D:180
client level=warn t=397594 ev=vr.weapon callers path=ptr D98F49:900 DB8CB6:180 12B0A09:180 16E8861:180 D8F242:180 D8B348:180 D8B9B5:180 12B2284:18 D2F672:18 D7FB5C:66 F4276C:2 D8492B:44 D7FF2C:11
client level=warn t=397594 ev=vr.weapon callers path=xform D5896F:180
client level=warn t=397594 ev=vr.xr hand yaw=-1.8095 r_valid=1 r_fwd=-0.236,-0.972,0.000 r_up=0.000,0.000,1.000 r_off=0.026,-0.315,-0.200 l_valid=1 l_fwd=-0.236,-0.972,0.000 l_off=0.123,-0.339,-0.200 h_off=0.000,0.000,0.000
client level=warn t=397594 ev=vr.xr pose fwd=-0.236,-0.972,0.000 off=0.000,0.000,0.000 fov=1.8151 aspect=1.074
client level=warn t=397594 ev=vr.pad stats injected=0 held=0 mouse=0,0 move=0.00,0.00 turn=0.00,0.00 trig=0.00,0.00 buttons=0x0
client level=warn t=397594 ev=vr.probe pose in_pos=625.50,300.01,41.80 in_fwd=-0.236,-0.972,0.000 in_fov=1.4242 out_pos=625.50,300.01,41.80 out_fwd=-0.236,-0.972,0.000 out_fov=1.8151
client level=info t=398000 ev=nettick stage=sample latch=1 callbacks=89026
client level=warn t=398297 ev=vr.xr hand yaw=-1.8095 r_valid=1 r_fwd=-0.236,-0.972,0.000 r_up=0.000,0.000,1.000 r_off=0.026,-0.315,-0.200 l_valid=1 l_fwd=-0.236,-0.972,0.000 l_off=0.123,-0.339,-0.200 h_off=0.000,0.000,0.000
server level=info t=398844 ev=ws701 stage=profile_setup result=complete
server level=info t=398860 ev=activity stage=writeback result=ok world_state=8
server level=info t=398860 ev=gameplay stage=message result=ok id=4 peerstage=5
client level=warn t=399094 ev=vr.xr hand yaw=-1.8095 r_valid=1 r_fwd=-0.236,-0.972,0.000 r_up=0.000,0.000,1.000 r_off=-0.265,-0.244,0.100 l_valid=1 l_fwd=-0.236,-0.972,0.000 l_off=0.123,-0.339,-0.200 h_off=0.000,0.000,0.000
client level=warn t=399938 ev=vr.weapon callers path=getter D5D832:180 B363FA:540 B3598D:180
client level=warn t=399938 ev=vr.weapon callers path=ptr D98F49:900 DB8CB6:180 12B0A09:180 16E8861:180 D8F242:180 D8B348:180 D8B9B5:180 12B2284:19 D2F672:19 D7FB5C:71 F4276C:3 D8492B:44 D7FF2C:11
client level=warn t=399938 ev=vr.weapon callers path=xform D5896F:180
client level=warn t=399938 ev=vr.xr hand yaw=-1.8095 r_valid=1 r_fwd=-0.236,-0.972,0.000 r_up=0.000,0.000,1.000 r_off=-0.265,-0.244,0.100 l_valid=1 l_fwd=-0.236,-0.972,0.000 l_off=0.123,-0.339,-0.200 h_off=0.000,0.000,0.000
client level=warn t=399938 ev=vr.xr pose fwd=-0.236,-0.972,0.000 off=0.000,0.000,0.000 fov=1.8151 aspect=1.074
client level=warn t=399938 ev=vr.xr submit layers=1 result=0 fov=1.8151
client level=warn t=399938 ev=vr.pad stats injected=0 held=0 mouse=0,0 move=0.00,0.00 turn=0.00,0.00 trig=0.00,0.00 buttons=0x0
client level=warn t=399938 ev=vr.probe pose in_pos=625.50,300.01,41.80 in_fwd=-0.236,-0.972,0.000 in_fov=1.4242 out_pos=625.50,300.01,41.80 out_fwd=-0.236,-0.972,0.000 out_fov=1.8151
client level=info t=400000 ev=nettick stage=sample latch=1 callbacks=89176
client level=warn t=400703 ev=vr.xr hand yaw=-1.8095 r_valid=1 r_fwd=-0.236,-0.972,0.000 r_up=0.000,0.000,1.000 r_off=-0.265,-0.244,0.100 l_valid=1 l_fwd=-0.236,-0.972,0.000 l_off=0.123,-0.339,-0.200 h_off=0.000,0.000,0.000
client level=warn t=401422 ev=vr.xr hand yaw=-1.8095 r_valid=1 r_fwd=-0.236,-0.972,0.000 r_up=0.000,0.000,1.000 r_off=-0.265,-0.244,0.100 l_valid=1 l_fwd=-0.236,-0.972,0.000 l_off=0.123,-0.339,-0.200 h_off=0.000,0.000,0.000
server level=info t=401969 ev=gameplay stage=message result=ok id=4 peerstage=5
client level=info t=402000 ev=nettick stage=sample latch=1 callbacks=89339
client level=warn t=402141 ev=vr.weapon callers path=getter D5D832:180 B363FA:540 B3598D:180
client level=warn t=402141 ev=vr.weapon callers path=ptr D98F49:900 DB8CB6:180 12B0A09:180 16E8861:180 D8F242:180 D8B348:180 D8B9B5:180 12B2284:19 D2F672:19 D7FB5C:67 F4276C:2 D8492B:47 D7FF2C:11
client level=warn t=402141 ev=vr.weapon callers path=xform D5896F:180
client level=warn t=402141 ev=vr.xr hand yaw=-1.8095 r_valid=1 r_fwd=-0.236,-0.972,0.000 r_up=0.000,0.000,1.000 r_off=-0.265,-0.244,0.100 l_valid=1 l_fwd=-0.236,-0.972,0.000 l_off=0.123,-0.339,-0.200 h_off=0.000,0.000,0.000
client level=warn t=402141 ev=vr.xr pose fwd=-0.236,-0.972,0.000 off=0.000,0.000,0.000 fov=1.8151 aspect=1.074
client level=warn t=402141 ev=vr.pad stats injected=0 held=0 mouse=0,0 move=0.00,0.00 turn=0.00,0.00 trig=0.00,0.00 buttons=0x0
client level=warn t=402157 ev=vr.probe pose in_pos=625.50,300.01,41.80 in_fwd=-0.236,-0.972,0.000 in_fov=1.4242 out_pos=625.50,300.01,41.80 out_fwd=-0.236,-0.972,0.000 out_fov=1.8151
client level=warn t=402875 ev=vr.xr hand yaw=-1.8095 r_valid=1 r_fwd=-0.236,-0.972,0.000 r_up=0.000,0.000,1.000 r_off=-0.265,-0.244,0.100 l_valid=1 l_fwd=-0.236,-0.972,0.000 l_off=0.123,-0.339,-0.200 h_off=0.000,0.000,0.000
client level=warn t=403594 ev=vr.xr hand yaw=-1.8095 r_valid=1 r_fwd=-0.236,-0.972,0.000 r_up=0.000,0.000,1.000 r_off=-0.265,-0.244,0.100 l_valid=1 l_fwd=-0.236,-0.972,0.000 l_off=0.123,-0.339,-0.200 h_off=0.000,0.000,0.000
client level=warn t=403594 ev=vr.xr submit layers=1 result=0 fov=1.8151
client level=info t=404000 ev=nettick stage=sample latch=1 callbacks=89504
client level=warn t=404328 ev=vr.weapon callers path=getter D5D832:180 B363FA:540 B3598D:180
client level=warn t=404328 ev=vr.weapon callers path=ptr D98F49:900 DB8CB6:180 12B0A09:180 16E8861:180 D8F242:180 D8B348:180 D8B9B5:180 12B2284:18 D2F672:18 D7FB5C:66 F4276C:2 D8492B:45 D7FF2C:12
client level=warn t=404328 ev=vr.weapon callers path=xform D5896F:180
client level=warn t=404328 ev=vr.xr hand yaw=-1.8095 r_valid=1 r_fwd=-0.236,-0.972,0.000 r_up=0.000,0.000,1.000 r_off=-0.265,-0.244,-0.500 l_valid=1 l_fwd=-0.236,-0.972,0.000 l_off=0.123,-0.339,-0.200 h_off=0.000,0.000,0.000
client level=warn t=404328 ev=vr.xr pose fwd=-0.236,-0.972,0.000 off=0.000,0.000,0.000 fov=1.8151 aspect=1.074
client level=warn t=404328 ev=vr.pad stats injected=0 held=0 mouse=0,0 move=0.00,0.00 turn=0.00,0.00 trig=0.00,0.00 buttons=0x0
client level=warn t=404344 ev=vr.probe pose in_pos=625.50,300.01,41.80 in_fwd=-0.236,-0.972,0.000 in_fov=1.4242 out_pos=625.50,300.01,41.80 out_fwd=-0.236,-0.972,0.000 out_fov=1.8151
server level=info t=405047 ev=gameplay stage=message result=ok id=4 peerstage=5
client level=warn t=405110 ev=vr.xr hand yaw=-1.8095 r_valid=1 r_fwd=-0.236,-0.972,0.000 r_up=0.000,0.000,1.000 r_off=-0.265,-0.244,-0.500 l_valid=1 l_fwd=-0.236,-0.972,0.000 l_off=0.123,-0.339,-0.200 h_off=0.000,0.000,0.000
client level=warn t=405828 ev=vr.xr hand yaw=-1.8095 r_valid=1 r_fwd=-0.236,-0.972,0.000 r_up=0.000,0.000,1.000 r_off=-0.265,-0.244,-0.500 l_valid=1 l_fwd=-0.236,-0.972,0.000 l_off=0.123,-0.339,-0.200 h_off=0.000,0.000,0.000
client level=info t=406000 ev=nettick stage=sample latch=1 callbacks=89665
client level=warn t=406532 ev=vr.weapon callers path=getter D5D832:180 B363FA:540 B3598D:180
client level=warn t=406532 ev=vr.weapon callers path=ptr D98F49:900 DB8CB6:180 12B0A09:180 16E8861:180 D8F242:180 D8B348:180 D8B9B5:180 12B2284:19 D2F672:19 D7FB5C:66 F4276C:2 D8492B:44 D7FF2C:11
client level=warn t=406532 ev=vr.weapon callers path=xform D5896F:180
client level=warn t=406547 ev=vr.xr hand yaw=-1.8095 r_valid=1 r_fwd=-0.236,-0.972,0.000 r_up=0.000,0.000,1.000 r_off=-0.265,-0.244,-0.500 l_valid=1 l_fwd=-0.236,-0.972,0.000 l_off=0.123,-0.339,-0.200 h_off=0.000,0.000,0.000
client level=warn t=406547 ev=vr.xr pose fwd=-0.236,-0.972,0.000 off=0.000,0.000,0.000 fov=1.8151 aspect=1.074
client level=warn t=406547 ev=vr.pad stats injected=0 held=0 mouse=0,0 move=0.00,0.00 turn=0.00,0.00 trig=0.00,0.00 buttons=0x0
client level=warn t=406547 ev=vr.probe pose in_pos=625.50,300.01,41.80 in_fwd=-0.236,-0.972,0.000 in_fov=1.4242 out_pos=625.50,300.01,41.80 out_fwd=-0.236,-0.972,0.000 out_fov=1.8151
client level=warn t=407266 ev=vr.xr hand yaw=-1.8095 r_valid=1 r_fwd=-0.236,-0.972,0.000 r_up=0.000,0.000,1.000 r_off=-0.265,-0.244,-0.500 l_valid=1 l_fwd=-0.236,-0.972,0.000 l_off=0.123,-0.339,-0.200 h_off=0.000,0.000,0.000
client level=warn t=407266 ev=vr.xr submit layers=1 result=0 fov=1.8151
client level=warn t=407985 ev=vr.xr hand yaw=-1.8095 r_valid=1 r_fwd=-0.236,-0.972,0.000 r_up=0.000,0.000,1.000 r_off=-0.265,-0.244,-0.500 l_valid=1 l_fwd=-0.236,-0.972,0.000 l_off=0.123,-0.339,-0.200 h_off=0.000,0.000,0.000
client level=info t=408000 ev=nettick stage=sample latch=1 callbacks=89832
server level=info t=408157 ev=gameplay stage=message result=ok id=4 peerstage=5
client level=warn t=408719 ev=vr.weapon callers path=getter D5D832:180 B363FA:540 B3598D:180
client level=warn t=408719 ev=vr.weapon callers path=ptr D98F49:900 DB8CB6:180 12B0A09:180 16E8861:180 D8F242:180 D8B348:180 D8B9B5:180 12B2284:18 D2F672:18 D7FB5C:69 F4276C:2 D8492B:44 D7FF2C:11
client level=warn t=408719 ev=vr.weapon callers path=xform D5896F:180
client level=warn t=408719 ev=vr.xr hand yaw=-1.8095 r_valid=1 r_fwd=-0.236,-0.972,0.000 r_up=0.000,0.000,1.000 r_off=-0.348,-0.584,-0.200 l_valid=1 l_fwd=-0.236,-0.972,0.000 l_off=0.123,-0.339,-0.200 h_off=0.000,0.000,0.000
client level=warn t=408719 ev=vr.xr pose fwd=-0.236,-0.972,0.000 off=0.000,0.000,0.000 fov=1.8151 aspect=1.074
client level=warn t=408719 ev=vr.pad stats injected=0 held=0 mouse=0,0 move=0.00,0.00 turn=0.00,0.00 trig=0.00,0.00 buttons=0x0
client level=warn t=408719 ev=vr.probe pose in_pos=625.50,300.01,41.80 in_fwd=-0.236,-0.972,0.000 in_fov=1.4242 out_pos=625.50,300.01,41.80 out_fwd=-0.236,-0.972,0.000 out_fov=1.8151
client level=warn t=409500 ev=vr.xr hand yaw=-1.8095 r_valid=1 r_fwd=-0.236,-0.972,0.000 r_up=0.000,0.000,1.000 r_off=-0.348,-0.584,-0.200 l_valid=1 l_fwd=-0.236,-0.972,0.000 l_off=0.123,-0.339,-0.200 h_off=0.000,0.000,0.000
client level=info t=410000 ev=nettick stage=sample latch=1 callbacks=89990
client level=warn t=410250 ev=vr.xr hand yaw=-1.8095 r_valid=1 r_fwd=-0.236,-0.972,0.000 r_up=0.000,0.000,1.000 r_off=-0.348,-0.584,-0.200 l_valid=1 l_fwd=-0.236,-0.972,0.000 l_off=0.123,-0.339,-0.200 h_off=0.000,0.000,0.000
client level=warn t=410938 ev=vr.weapon callers path=getter D5D832:180 B363FA:540 B3598D:180
client level=warn t=410938 ev=vr.weapon callers path=ptr D98F49:900 DB8CB6:180 12B0A09:180 16E8861:180 D8F242:180 D8B348:180 D8B9B5:180 12B2284:19 D2F672:19 D7FB5C:69 F4276C:3 D8492B:45 D7FF2C:11
client level=warn t=410938 ev=vr.weapon callers path=xform D5896F:180
client level=warn t=410953 ev=vr.xr hand yaw=-1.8095 r_valid=1 r_fwd=-0.236,-0.972,0.000 r_up=0.000,0.000,1.000 r_off=-0.348,-0.584,-0.200 l_valid=1 l_fwd=-0.236,-0.972,0.000 l_off=0.123,-0.339,-0.200 h_off=0.000,0.000,0.000
client level=warn t=410953 ev=vr.xr pose fwd=-0.236,-0.972,0.000 off=0.000,0.000,0.000 fov=1.8151 aspect=1.074
client level=warn t=410953 ev=vr.xr submit layers=1 result=0 fov=1.8151
client level=warn t=410953 ev=vr.pad stats injected=0 held=0 mouse=0,0 move=0.00,0.00 turn=0.00,0.00 trig=0.00,0.00 buttons=0x0
client level=warn t=410953 ev=vr.probe pose in_pos=625.50,300.01,41.80 in_fwd=-0.236,-0.972,0.000 in_fov=1.4242 out_pos=625.50,300.01,41.80 out_fwd=-0.236,-0.972,0.000 out_fov=1.8151
server level=info t=411266 ev=gameplay stage=message result=ok id=4 peerstage=5
client level=warn t=411641 ev=vr.xr hand yaw=-1.8095 r_valid=1 r_fwd=-0.236,-0.972,0.000 r_up=0.000,0.000,1.000 r_off=-0.348,-0.584,-0.200 l_valid=1 l_fwd=-0.236,-0.972,0.000 l_off=0.123,-0.339,-0.200 h_off=0.000,0.000,0.000
client level=info t=412000 ev=nettick stage=sample latch=1 callbacks=90161
client level=warn t=412360 ev=vr.xr hand yaw=-1.8095 r_valid=1 r_fwd=-0.236,-0.972,0.000 r_up=0.000,0.000,1.000 r_off=-0.348,-0.584,-0.200 l_valid=1 l_fwd=-0.236,-0.972,0.000 l_off=0.123,-0.339,-0.200 h_off=0.000,0.000,0.000
client level=warn t=413141 ev=vr.weapon callers path=getter D5D832:180 B363FA:540 B3598D:180
client level=warn t=413141 ev=vr.weapon callers path=ptr D98F49:900 DB8CB6:180 12B0A09:180 16E8861:180 D8F242:180 D8B348:180 D8B9B5:180 12B2284:18 D2F672:18 D7FB5C:66 F4276C:2 D8492B:47 D7FF2C:12
client level=warn t=413141 ev=vr.weapon callers path=xform D5896F:180
client level=warn t=413157 ev=vr.xr hand yaw=-1.8095 r_valid=1 r_fwd=-0.236,-0.972,0.000 r_up=0.000,0.000,1.000 r_off=-0.348,-0.584,-0.200 l_valid=1 l_fwd=-0.236,-0.972,0.000 l_off=0.123,-0.339,-0.200 h_off=0.000,0.000,0.000
client level=warn t=413157 ev=vr.xr pose fwd=-0.236,-0.972,0.000 off=0.000,0.000,0.000 fov=1.8151 aspect=1.074
client level=warn t=413157 ev=vr.pad stats injected=0 held=0 mouse=0,0 move=0.00,0.00 turn=0.00,0.00 trig=0.00,0.00 buttons=0x0
client level=warn t=413157 ev=vr.probe pose in_pos=625.50,300.01,41.80 in_fwd=-0.236,-0.972,0.000 in_fov=1.4242 out_pos=625.50,300.01,41.80 out_fwd=-0.236,-0.972,0.000 out_fov=1.8151
client level=warn t=413922 ev=vr.xr hand yaw=-1.8095 r_valid=1 r_fwd=-0.236,-0.972,0.000 r_up=0.000,0.000,1.000 r_off=-0.183,0.096,-0.200 l_valid=1 l_fwd=-0.236,-0.972,0.000 l_off=0.123,-0.339,-0.200 h_off=0.000,0.000,0.000
client level=info t=414000 ev=nettick stage=sample latch=1 callbacks=90317
server level=info t=414375 ev=gameplay stage=message result=ok id=4 peerstage=5
client level=warn t=414782 ev=vr.xr hand yaw=-1.8095 r_valid=1 r_fwd=-0.236,-0.972,0.000 r_up=0.000,0.000,1.000 r_off=-0.183,0.096,-0.200 l_valid=1 l_fwd=-0.236,-0.972,0.000 l_off=0.123,-0.339,-0.200 h_off=0.000,0.000,0.000
client level=warn t=414782 ev=vr.xr submit layers=1 result=0 fov=1.8151
client level=warn t=415578 ev=vr.weapon callers path=getter D5D832:180 B363FA:540 B3598D:180
client level=warn t=415578 ev=vr.weapon callers path=ptr D98F49:900 DB8CB6:180 12B0A09:180 16E8861:180 D8F242:180 D8B348:180 D8B9B5:180 12B2284:21 D2F672:21 D7FB5C:66 F4276C:2 D8492B:44 D7FF2C:11
client level=warn t=415578 ev=vr.weapon callers path=xform D5896F:180
client level=warn t=415578 ev=vr.xr hand yaw=-1.8095 r_valid=1 r_fwd=-0.236,-0.972,0.000 r_up=0.000,0.000,1.000 r_off=-0.183,0.096,-0.200 l_valid=1 l_fwd=-0.236,-0.972,0.000 l_off=0.123,-0.339,-0.200 h_off=0.000,0.000,0.000
client level=warn t=415578 ev=vr.xr pose fwd=-0.236,-0.972,0.000 off=0.000,0.000,0.000 fov=1.8151 aspect=1.074
client level=warn t=415578 ev=vr.pad stats injected=0 held=0 mouse=0,0 move=0.00,0.00 turn=0.00,0.00 trig=0.00,0.00 buttons=0x0
client level=warn t=415578 ev=vr.probe pose in_pos=625.50,300.01,41.80 in_fwd=-0.236,-0.972,0.000 in_fov=1.4242 out_pos=625.50,300.01,41.80 out_fwd=-0.236,-0.972,0.000 out_fov=1.8151
client level=info t=416000 ev=nettick stage=sample latch=1 callbacks=90465
client level=warn t=416328 ev=vr.xr hand yaw=-1.8095 r_valid=1 r_fwd=-0.236,-0.972,0.000 r_up=0.000,0.000,1.000 r_off=-0.183,0.096,-0.200 l_valid=1 l_fwd=-0.236,-0.972,0.000 l_off=0.123,-0.339,-0.200 h_off=0.000,0.000,0.000
client level=warn t=417063 ev=vr.xr hand yaw=-1.8095 r_valid=1 r_fwd=-0.236,-0.972,0.000 r_up=0.000,0.000,1.000 r_off=-0.183,0.096,-0.200 l_valid=1 l_fwd=-0.236,-0.972,0.000 l_off=0.123,-0.339,-0.200 h_off=0.000,0.000,0.000
server level=info t=417453 ev=gameplay stage=message result=ok id=4 peerstage=5
client level=warn t=417797 ev=vr.weapon callers path=getter D5D832:180 B363FA:540 B3598D:180
client level=warn t=417797 ev=vr.weapon callers path=ptr D98F49:900 DB8CB6:180 12B0A09:180 16E8861:180 D8F242:180 D8B348:180 D8B9B5:180 12B2284:19 D2F672:19 D7FB5C:70 F4276C:2 D8492B:44 D7FF2C:11
client level=warn t=417797 ev=vr.weapon callers path=xform D5896F:180
client level=warn t=417797 ev=vr.xr hand yaw=-1.8095 r_valid=1 r_fwd=-0.236,-0.972,0.000 r_up=0.000,0.000,1.000 r_off=-0.183,0.096,-0.200 l_valid=1 l_fwd=-0.236,-0.972,0.000 l_off=0.123,-0.339,-0.200 h_off=0.000,0.000,0.000
client level=warn t=417797 ev=vr.xr pose fwd=-0.236,-0.972,0.000 off=0.000,0.000,0.000 fov=1.8151 aspect=1.074
client level=warn t=417797 ev=vr.pad stats injected=0 held=0 mouse=0,0 move=0.00,0.00 turn=0.00,0.00 trig=0.00,0.00 buttons=0x0
client level=warn t=417797 ev=vr.probe pose in_pos=625.50,300.01,41.80 in_fwd=-0.236,-0.972,0.000 in_fov=1.4242 out_pos=625.50,300.01,41.80 out_fwd=-0.236,-0.972,0.000 out_fov=1.8151
client level=info t=418000 ev=nettick stage=sample latch=1 callbacks=90629
client level=warn t=418500 ev=vr.xr hand yaw=-1.8095 r_valid=1 r_fwd=-0.236,-0.972,0.000 r_up=0.000,0.000,1.000 r_off=-0.183,0.096,-0.200 l_valid=1 l_fwd=-0.236,-0.972,0.000 l_off=0.123,-0.339,-0.200 h_off=0.000,0.000,0.000
client level=warn t=418500 ev=vr.xr submit layers=1 result=0 fov=1.8151
client level=warn t=419235 ev=vr.xr hand yaw=-1.8095 r_valid=1 r_fwd=-0.236,-0.972,0.000 r_up=0.000,0.000,1.000 r_off=-0.265,-0.244,-0.200 l_valid=1 l_fwd=-0.236,-0.972,0.000 l_off=0.123,-0.339,-0.200 h_off=0.000,0.000,0.000
client level=info t=419907 ev=retail site=78 text=networking:bandwidth: min_channels: 1 max channels: 1 max bps: 34109 avg cong bps: -1 low cong bps: -1 hi cong bps: -1 lat avg: -1 lat hi avg: 0 lat avg var: -1 pct loss: 0.00 pct loss hi avg: [0.00].
client level=info t=419907 ev=retail site=79 text=networking:bandwidth: machine [CE:68:81:8F:FC:58:ED38] longest reception gap [124ms] longest ack gap [124ms] pct loss [0.00] disc count [0] sps [10] rps [10] bh: [y].
client level=info t=420000 ev=nettick stage=sample latch=1 callbacks=90788
client level=warn t=420032 ev=vr.weapon callers path=getter D5D832:180 B363FA:540 B3598D:180
client level=warn t=420032 ev=vr.weapon callers path=ptr D98F49:900 DB8CB6:180 12B0A09:180 16E8861:180 D8F242:180 D8B348:180 D8B9B5:180 12B2284:18 D2F672:18 D7FB5C:68 F4276C:3 D8492B:45 D7FF2C:11
client level=warn t=420032 ev=vr.weapon callers path=xform D5896F:180
client level=warn t=420032 ev=vr.xr hand yaw=-1.8095 r_valid=1 r_fwd=-0.236,-0.972,0.000 r_up=0.000,0.000,1.000 r_off=-0.265,-0.244,-0.200 l_valid=1 l_fwd=-0.236,-0.972,0.000 l_off=0.123,-0.339,-0.200 h_off=0.000,0.000,0.000
client level=warn t=420032 ev=vr.xr pose fwd=-0.236,-0.972,0.000 off=0.000,0.000,0.000 fov=1.8151 aspect=1.074
client level=warn t=420032 ev=vr.pad stats injected=0 held=0 mouse=0,0 move=0.00,0.00 turn=0.00,0.00 trig=0.00,0.00 buttons=0x0
client level=warn t=420032 ev=vr.probe pose in_pos=625.50,300.01,41.80 in_fwd=-0.236,-0.972,0.000 in_fov=1.4242 out_pos=625.50,300.01,41.80 out_fwd=-0.236,-0.972,0.000 out_fov=1.8151
server level=info t=420563 ev=gameplay stage=message result=ok id=4 peerstage=5
client level=warn t=420750 ev=vr.xr hand yaw=-1.8095 r_valid=1 r_fwd=-0.236,-0.972,0.000 r_up=0.000,0.000,1.000 r_off=-0.265,-0.244,-0.200 l_valid=1 l_fwd=-0.236,-0.972,0.000 l_off=0.123,-0.339,-0.200 h_off=0.000,0.000,0.000
client level=info t=421203 ev=retail site=81 text=networking:channel:packet_loss_stats: [dir:127.0.0.1(id=0):30992#bh64] Incoming packet read result summary - 0 ok, 0 discard, 600 discard-expected, 0 corrupt
client level=info t=421203 ev=retail site=82 text=networking:channel:packet_loss_stats: [dir:127.0.0.1(id=0):30992#bh64] Outgoing packet delivery summary - 600 delivered, 0 of those out-of-order, 0 lost - highest loss fraction seen 0.000
client level=info t=421203 ev=retail site=83 text=networking:stream_manager:retail: # 1 rx10.0/rxbps 5.8kb tx10.0/txbps32.9kb cx15.0pkts/33.0cxkbps lat=  0avg,  -1cg to=9999 aloc45.0kb max513.0kbps, loss=0.00pct loss dev 2.00pct rel=N, name=                            bh64
client level=info t=421203 ev=retail site=84 text=networking:stream_manager:retail: Local peer network quality = 1.000000/1.0, worst_axis = -1
client level=warn t=421485 ev=vr.xr hand yaw=-1.8095 r_valid=1 r_fwd=-0.236,-0.972,0.000 r_up=0.000,0.000,1.000 r_off=-0.265,-0.244,-0.200 l_valid=1 l_fwd=-0.236,-0.972,0.000 l_off=0.123,-0.339,-0.200 h_off=0.000,0.000,0.000
client level=info t=422000 ev=nettick stage=sample latch=1 callbacks=90954
client level=warn t=422203 ev=vr.weapon callers path=getter D5D832:180 B363FA:540 B3598D:180
client level=warn t=422203 ev=vr.weapon callers path=ptr D98F49:900 DB8CB6:180 12B0A09:180 16E8861:180 D8F242:180 D8B348:180 D8B9B5:180 12B2284:18 D2F672:18 D7FB5C:66 F4276C:2 D8492B:47 D7FF2C:12
client level=warn t=422203 ev=vr.weapon callers path=xform D5896F:180
client level=warn t=422203 ev=vr.xr hand yaw=-1.8095 r_valid=1 r_fwd=-0.236,-0.972,0.000 r_up=0.000,0.000,1.000 r_off=-0.265,-0.244,-0.200 l_valid=1 l_fwd=-0.236,-0.972,0.000 l_off=0.123,-0.339,-0.200 h_off=0.000,0.000,0.000
client level=warn t=422203 ev=vr.xr pose fwd=-0.236,-0.972,0.000 off=0.000,0.000,0.000 fov=1.8151 aspect=1.074
client level=warn t=422203 ev=vr.xr submit layers=1 result=0 fov=1.8151
client level=warn t=422203 ev=vr.pad stats injected=0 held=0 mouse=0,0 move=0.00,0.00 turn=0.00,0.00 trig=0.00,0.00 buttons=0x0
client level=warn t=422203 ev=vr.probe pose in_pos=625.50,300.01,41.80 in_fwd=-0.236,-0.972,0.000 in_fov=1.4242 out_pos=625.50,300.01,41.80 out_fwd=-0.236,-0.972,0.000 out_fov=1.8151
client level=warn t=422938 ev=vr.xr hand yaw=-1.8095 r_valid=1 r_fwd=-0.236,-0.972,0.000 r_up=0.000,0.000,1.000 r_off=-0.265,-0.244,-0.200 l_valid=1 l_fwd=-0.236,-0.972,0.000 l_off=0.123,-0.339,-0.200 h_off=0.000,0.000,0.000
server level=info t=423657 ev=gameplay stage=message result=ok id=4 peerstage=5
client level=warn t=423688 ev=vr.xr hand yaw=-1.8095 r_valid=1 r_fwd=-0.236,-0.972,0.000 r_up=0.000,0.000,1.000 r_off=-0.265,-0.244,-0.200 l_valid=1 l_fwd=-0.236,-0.972,0.000 l_off=0.123,-0.339,-0.200 h_off=0.000,0.000,0.000
client level=info t=424000 ev=nettick stage=sample latch=1 callbacks=91114
client level=warn t=424516 ev=vr.weapon callers path=getter D5D832:180 B363FA:540 B3598D:180
client level=warn t=424516 ev=vr.weapon callers path=ptr D98F49:900 DB8CB6:180 12B0A09:180 16E8861:180 D8F242:180 D8B348:180 D8B9B5:180 12B2284:19 D2F672:19 D7FB5C:66 F4276C:2 D8492B:44 D7FF2C:11
client level=warn t=424516 ev=vr.weapon callers path=xform D5896F:180
client level=warn t=424516 ev=vr.xr hand yaw=-1.8095 r_valid=1 r_fwd=-0.236,-0.972,0.000 r_up=0.000,0.000,1.000 r_off=-0.265,-0.244,-0.200 l_valid=1 l_fwd=-0.236,-0.972,0.000 l_off=0.123,-0.339,-0.200 h_off=-0.095,-0.389,0.000
client level=warn t=424516 ev=vr.xr pose fwd=-0.236,-0.972,0.000 off=-0.095,-0.389,0.000 fov=1.8151 aspect=1.074
client level=warn t=424516 ev=vr.pad stats injected=0 held=0 mouse=0,0 move=0.00,0.00 turn=0.00,0.00 trig=0.00,0.00 buttons=0x0
client level=warn t=424532 ev=vr.probe pose in_pos=625.50,300.01,41.80 in_fwd=-0.236,-0.972,0.000 in_fov=1.4242 out_pos=625.40,299.62,41.80 out_fwd=-0.236,-0.972,0.000 out_fov=1.8151
client level=warn t=425297 ev=vr.xr hand yaw=-1.8095 r_valid=1 r_fwd=-0.236,-0.972,0.000 r_up=0.000,0.000,1.000 r_off=-0.265,-0.244,-0.200 l_valid=1 l_fwd=-0.236,-0.972,0.000 l_off=0.123,-0.339,-0.200 h_off=-0.095,-0.389,0.000
client level=warn t=425985 ev=vr.xr hand yaw=-1.8095 r_valid=1 r_fwd=-0.236,-0.972,0.000 r_up=0.000,0.000,1.000 r_off=-0.265,-0.244,-0.200 l_valid=1 l_fwd=-0.236,-0.972,0.000 l_off=0.123,-0.339,-0.200 h_off=-0.095,-0.389,0.000
client level=warn t=425985 ev=vr.xr submit layers=1 result=0 fov=1.8151
client level=info t=426000 ev=nettick stage=sample latch=1 callbacks=91272
client level=warn t=426688 ev=vr.weapon callers path=getter D5D832:180 B363FA:540 B3598D:180
client level=warn t=426688 ev=vr.weapon callers path=ptr D98F49:900 DB8CB6:180 12B0A09:180 16E8861:180 D8F242:180 D8B348:180 D8B9B5:180 12B2284:19 D2F672:19 D7FB5C:67 F4276C:2 D8492B:44 D7FF2C:11
client level=warn t=426688 ev=vr.weapon callers path=xform D5896F:180
client level=warn t=426688 ev=vr.xr hand yaw=-1.8095 r_valid=1 r_fwd=-0.236,-0.972,0.000 r_up=0.000,0.000,1.000 r_off=-0.265,-0.244,-0.200 l_valid=1 l_fwd=-0.236,-0.972,0.000 l_off=0.123,-0.339,-0.200 h_off=-0.095,-0.389,0.000
client level=warn t=426688 ev=vr.xr pose fwd=-0.236,-0.972,0.000 off=-0.095,-0.389,0.000 fov=1.8151 aspect=1.074
client level=warn t=426688 ev=vr.pad stats injected=0 held=0 mouse=0,0 move=0.00,0.00 turn=0.00,0.00 trig=0.00,0.00 buttons=0x0
client level=warn t=426703 ev=vr.probe pose in_pos=625.50,300.01,41.80 in_fwd=-0.236,-0.972,0.000 in_fov=1.4242 out_pos=625.40,299.62,41.80 out_fwd=-0.236,-0.972,0.000 out_fov=1.8151
server level=info t=426766 ev=gameplay stage=message result=ok id=4 peerstage=5
client level=warn t=427407 ev=vr.xr hand yaw=-1.8095 r_valid=1 r_fwd=-0.236,-0.972,0.000 r_up=0.000,0.000,1.000 r_off=-0.265,-0.244,-0.200 l_valid=1 l_fwd=-0.236,-0.972,0.000 l_off=0.123,-0.339,-0.200 h_off=-0.095,-0.389,0.000
client level=info t=428000 ev=nettick stage=sample latch=1 callbacks=91440
client level=warn t=428141 ev=vr.xr hand yaw=-1.8095 r_valid=1 r_fwd=-0.236,-0.972,0.000 r_up=0.000,0.000,1.000 r_off=-0.265,-0.244,-0.200 l_valid=1 l_fwd=-0.236,-0.972,0.000 l_off=0.123,-0.339,-0.200 h_off=-0.095,-0.389,0.000
client level=warn t=428875 ev=vr.weapon callers path=getter D5D832:180 B363FA:540 B3598D:180
client level=warn t=428875 ev=vr.weapon callers path=ptr D98F49:900 DB8CB6:180 12B0A09:180 16E8861:180 D8F242:180 D8B348:180 D8B9B5:180 12B2284:18 D2F672:18 D7FB5C:70 F4276C:3 D8492B:44 D7FF2C:11
client level=warn t=428875 ev=vr.weapon callers path=xform D5896F:180
client level=warn t=428875 ev=vr.xr hand yaw=-1.8095 r_valid=1 r_fwd=-0.236,-0.972,0.000 r_up=0.000,0.000,1.000 r_off=-0.265,-0.244,-0.200 l_valid=1 l_fwd=-0.236,-0.972,0.000 l_off=0.123,-0.339,-0.200 h_off=0.095,0.389,0.000
client level=warn t=428875 ev=vr.xr pose fwd=-0.236,-0.972,0.000 off=0.095,0.389,0.000 fov=1.8151 aspect=1.074
client level=warn t=428875 ev=vr.pad stats injected=0 held=0 mouse=0,0 move=0.00,0.00 turn=0.00,0.00 trig=0.00,0.00 buttons=0x0
server level=info t=428875 ev=ws701 stage=profile_setup result=complete
server level=info t=428891 ev=activity stage=writeback result=ok world_state=8
client level=warn t=428891 ev=vr.probe pose in_pos=625.50,300.01,41.80 in_fwd=-0.236,-0.972,0.000 in_fov=1.4242 out_pos=625.59,300.40,41.80 out_fwd=-0.236,-0.972,0.000 out_fov=1.8151
client level=warn t=429672 ev=vr.xr hand yaw=-1.8095 r_valid=1 r_fwd=-0.236,-0.972,0.000 r_up=0.000,0.000,1.000 r_off=-0.265,-0.244,-0.200 l_valid=1 l_fwd=-0.236,-0.972,0.000 l_off=0.123,-0.339,-0.200 h_off=0.095,0.389,0.000
client level=warn t=429672 ev=vr.xr submit layers=1 result=0 fov=1.8151
server level=info t=429875 ev=gameplay stage=message result=ok id=4 peerstage=5
client level=info t=430000 ev=nettick stage=sample latch=1 callbacks=91597
client level=warn t=430407 ev=vr.xr hand yaw=-1.8095 r_valid=1 r_fwd=-0.236,-0.972,0.000 r_up=0.000,0.000,1.000 r_off=-0.265,-0.244,-0.200 l_valid=1 l_fwd=-0.236,-0.972,0.000 l_off=0.123,-0.339,-0.200 h_off=0.095,0.389,0.000
client level=warn t=431110 ev=vr.weapon callers path=getter D5D832:180 B363FA:540 B3598D:180
client level=warn t=431110 ev=vr.weapon callers path=ptr D98F49:900 DB8CB6:180 12B0A09:180 16E8861:180 D8F242:180 D8B348:180 D8B9B5:180 12B2284:19 D2F672:19 D7FB5C:67 F4276C:2 D8492B:46 D7FF2C:11
client level=warn t=431110 ev=vr.weapon callers path=xform D5896F:180
client level=warn t=431110 ev=vr.xr hand yaw=-1.8095 r_valid=1 r_fwd=-0.236,-0.972,0.000 r_up=0.000,0.000,1.000 r_off=-0.265,-0.244,-0.200 l_valid=1 l_fwd=-0.236,-0.972,0.000 l_off=0.123,-0.339,-0.200 h_off=0.095,0.389,0.000
client level=warn t=431110 ev=vr.xr pose fwd=-0.236,-0.972,0.000 off=0.095,0.389,0.000 fov=1.8151 aspect=1.074
client level=warn t=431110 ev=vr.pad stats injected=0 held=0 mouse=0,0 move=0.00,0.00 turn=0.00,0.00 trig=0.00,0.00 buttons=0x0
client level=warn t=431110 ev=vr.probe pose in_pos=625.50,300.01,41.80 in_fwd=-0.236,-0.972,0.000 in_fov=1.4242 out_pos=625.59,300.40,41.80 out_fwd=-0.236,-0.972,0.000 out_fov=1.8151
client level=warn t=431828 ev=vr.xr hand yaw=-1.8095 r_valid=1 r_fwd=-0.236,-0.972,0.000 r_up=0.000,0.000,1.000 r_off=-0.265,-0.244,-0.200 l_valid=1 l_fwd=-0.236,-0.972,0.000 l_off=0.123,-0.339,-0.200 h_off=0.095,0.389,0.000
client level=info t=432000 ev=nettick stage=sample latch=1 callbacks=91766
client level=warn t=432532 ev=vr.xr hand yaw=-1.8095 r_valid=1 r_fwd=-0.236,-0.972,0.000 r_up=0.000,0.000,1.000 r_off=-0.265,-0.244,-0.200 l_valid=1 l_fwd=-0.236,-0.972,0.000 l_off=0.123,-0.339,-0.200 h_off=0.095,0.389,0.000
server level=info t=432953 ev=gameplay stage=message result=ok id=4 peerstage=5
client level=warn t=433250 ev=vr.weapon callers path=getter D5D832:180 B363FA:540 B3598D:180
client level=warn t=433250 ev=vr.weapon callers path=ptr D98F49:900 DB8CB6:180 12B0A09:180 16E8861:180 D8F242:180 D8B348:180 D8B9B5:180 12B2284:18 D2F672:18 D7FB5C:66 F4276C:2 D8492B:46 D7FF2C:12
client level=warn t=433250 ev=vr.weapon callers path=xform D5896F:180
client level=warn t=433250 ev=vr.xr hand yaw=-1.8095 r_valid=1 r_fwd=-0.236,-0.972,0.000 r_up=0.000,0.000,1.000 r_off=-0.265,-0.244,-0.200 l_valid=1 l_fwd=-0.236,-0.972,0.000 l_off=0.123,-0.339,-0.200 h_off=0.095,0.389,0.000
client level=warn t=433250 ev=vr.xr pose fwd=-0.236,-0.972,0.000 off=0.095,0.389,0.000 fov=1.8151 aspect=1.074
client level=warn t=433250 ev=vr.xr submit layers=1 result=0 fov=1.8151
client level=warn t=433250 ev=vr.pad stats injected=0 held=0 mouse=0,0 move=0.00,0.00 turn=0.00,0.00 trig=0.00,0.00 buttons=0x0
client level=warn t=433250 ev=vr.probe pose in_pos=625.50,300.01,41.80 in_fwd=-0.236,-0.972,0.000 in_fov=1.4242 out_pos=625.59,300.40,41.80 out_fwd=-0.236,-0.972,0.000 out_fov=1.8151
client level=info t=434000 ev=nettick stage=sample latch=1 callbacks=91930
client level=warn t=434016 ev=vr.xr hand yaw=-1.8095 r_valid=1 r_fwd=-0.236,-0.972,0.000 r_up=0.000,0.000,1.000 r_off=-0.265,-0.244,-0.200 l_valid=1 l_fwd=-0.236,-0.972,0.000 l_off=0.123,-0.339,-0.200 h_off=-0.291,0.071,0.000
client level=warn t=434844 ev=vr.xr hand yaw=-1.8095 r_valid=1 r_fwd=-0.236,-0.972,0.000 r_up=0.000,0.000,1.000 r_off=-0.265,-0.244,-0.200 l_valid=1 l_fwd=-0.236,-0.972,0.000 l_off=0.123,-0.339,-0.200 h_off=-0.291,0.071,0.000
client level=warn t=435594 ev=vr.weapon callers path=getter D5D832:180 B363FA:540 B3598D:180
client level=warn t=435594 ev=vr.weapon callers path=ptr D98F49:900 DB8CB6:180 12B0A09:180 16E8861:180 D8F242:180 D8B348:180 D8B9B5:180 12B2284:19 D2F672:19 D7FB5C:66 F4276C:2 D8492B:44 D7FF2C:11
client level=warn t=435594 ev=vr.weapon callers path=xform D5896F:180
client level=warn t=435594 ev=vr.xr hand yaw=-1.8095 r_valid=1 r_fwd=-0.236,-0.972,0.000 r_up=0.000,0.000,1.000 r_off=-0.265,-0.244,-0.200 l_valid=1 l_fwd=-0.236,-0.972,0.000 l_off=0.123,-0.339,-0.200 h_off=-0.291,0.071,0.000
client level=warn t=435594 ev=vr.xr pose fwd=-0.236,-0.972,0.000 off=-0.291,0.071,0.000 fov=1.8151 aspect=1.074
client level=warn t=435594 ev=vr.pad stats injected=0 held=0 mouse=0,0 move=0.00,0.00 turn=0.00,0.00 trig=0.00,0.00 buttons=0x0
client level=warn t=435610 ev=vr.probe pose in_pos=625.50,300.01,41.80 in_fwd=-0.236,-0.972,0.000 in_fov=1.4242 out_pos=625.21,300.08,41.80 out_fwd=-0.236,-0.972,0.000 out_fov=1.8151
client level=info t=436000 ev=nettick stage=sample latch=1 callbacks=92085
server level=info t=436063 ev=gameplay stage=message result=ok id=4 peerstage=5
client level=warn t=436313 ev=vr.xr hand yaw=-1.8095 r_valid=1 r_fwd=-0.236,-0.972,0.000 r_up=0.000,0.000,1.000 r_off=-0.265,-0.244,-0.200 l_valid=1 l_fwd=-0.236,-0.972,0.000 l_off=0.123,-0.339,-0.200 h_off=-0.291,0.071,0.000
client level=warn t=437032 ev=vr.xr hand yaw=-1.8095 r_valid=1 r_fwd=-0.236,-0.972,0.000 r_up=0.000,0.000,1.000 r_off=-0.265,-0.244,-0.200 l_valid=1 l_fwd=-0.236,-0.972,0.000 l_off=0.123,-0.339,-0.200 h_off=-0.291,0.071,0.000
client level=warn t=437032 ev=vr.xr submit layers=1 result=0 fov=1.8151
client level=warn t=437766 ev=vr.weapon callers path=getter D5D832:180 B363FA:540 B3598D:180
client level=warn t=437766 ev=vr.weapon callers path=ptr D98F49:900 DB8CB6:180 12B0A09:180 16E8861:180 D8F242:180 D8B348:180 D8B9B5:180 12B2284:19 D2F672:19 D7FB5C:67 F4276C:2 D8492B:44 D7FF2C:11
client level=warn t=437766 ev=vr.weapon callers path=xform D5896F:180
client level=warn t=437766 ev=vr.xr hand yaw=-1.8095 r_valid=1 r_fwd=-0.236,-0.972,0.000 r_up=0.000,0.000,1.000 r_off=-0.265,-0.244,-0.200 l_valid=1 l_fwd=-0.236,-0.972,0.000 l_off=0.123,-0.339,-0.200 h_off=-0.291,0.071,0.000
client level=warn t=437766 ev=vr.xr pose fwd=-0.236,-0.972,0.000 off=-0.291,0.071,0.000 fov=1.8151 aspect=1.074
client level=warn t=437766 ev=vr.pad stats injected=0 held=0 mouse=0,0 move=0.00,0.00 turn=0.00,0.00 trig=0.00,0.00 buttons=0x0
client level=warn t=437766 ev=vr.probe pose in_pos=625.50,300.01,41.80 in_fwd=-0.236,-0.972,0.000 in_fov=1.4242 out_pos=625.21,300.08,41.80 out_fwd=-0.236,-0.972,0.000 out_fov=1.8151
client level=info t=438000 ev=nettick stage=sample latch=1 callbacks=92251
client level=warn t=438469 ev=vr.xr hand yaw=-1.8095 r_valid=1 r_fwd=-0.236,-0.972,0.000 r_up=0.000,0.000,1.000 r_off=-0.265,-0.244,-0.200 l_valid=1 l_fwd=-0.236,-0.972,0.000 l_off=0.123,-0.339,-0.200 h_off=-0.291,0.071,0.000
server level=info t=439157 ev=gameplay stage=message result=ok id=4 peerstage=5
client level=warn t=439219 ev=vr.xr hand yaw=-1.8095 r_valid=1 r_fwd=-0.236,-0.972,0.000 r_up=0.000,0.000,1.000 r_off=-0.265,-0.244,-0.200 l_valid=1 l_fwd=-0.236,-0.972,0.000 l_off=0.123,-0.339,-0.200 h_off=0.291,-0.071,0.000
client level=warn t=439985 ev=vr.weapon callers path=getter D5D832:180 B363FA:540 B3598D:180
client level=warn t=439985 ev=vr.weapon callers path=ptr D98F49:900 DB8CB6:180 12B0A09:180 16E8861:180 D8F242:180 D8B348:180 D8B9B5:180 12B2284:19 D2F672:19 D7FB5C:70 F4276C:3 D8492B:44 D7FF2C:11
client level=warn t=439985 ev=vr.weapon callers path=xform D5896F:180
client level=warn t=439985 ev=vr.xr hand yaw=-1.8095 r_valid=1 r_fwd=-0.236,-0.972,0.000 r_up=0.000,0.000,1.000 r_off=-0.265,-0.244,-0.200 l_valid=1 l_fwd=-0.236,-0.972,0.000 l_off=0.123,-0.339,-0.200 h_off=0.291,-0.071,0.000
client level=warn t=439985 ev=vr.xr pose fwd=-0.236,-0.972,0.000 off=0.291,-0.071,0.000 fov=1.8151 aspect=1.074
client level=warn t=439985 ev=vr.pad stats injected=0 held=0 mouse=0,0 move=0.00,0.00 turn=0.00,0.00 trig=0.00,0.00 buttons=0x0
client level=warn t=440000 ev=vr.probe pose in_pos=625.50,300.01,41.80 in_fwd=-0.236,-0.972,0.000 in_fov=1.4242 out_pos=625.79,299.94,41.80 out_fwd=-0.236,-0.972,0.000 out_fov=1.8151
client level=info t=440000 ev=nettick stage=sample latch=1 callbacks=92412
client level=warn t=440703 ev=vr.xr hand yaw=-1.8095 r_valid=1 r_fwd=-0.236,-0.972,0.000 r_up=0.000,0.000,1.000 r_off=-0.265,-0.244,-0.200 l_valid=1 l_fwd=-0.236,-0.972,0.000 l_off=0.123,-0.339,-0.200 h_off=0.291,-0.071,0.000
client level=warn t=440703 ev=vr.xr submit layers=1 result=0 fov=1.8151
client level=warn t=441422 ev=vr.xr hand yaw=-1.8095 r_valid=1 r_fwd=-0.236,-0.972,0.000 r_up=0.000,0.000,1.000 r_off=-0.265,-0.244,-0.200 l_valid=1 l_fwd=-0.236,-0.972,0.000 l_off=0.123,-0.339,-0.200 h_off=0.291,-0.071,0.000
client level=info t=442000 ev=nettick stage=sample latch=1 callbacks=92580
client level=warn t=442141 ev=vr.weapon callers path=getter D5D832:180 B363FA:540 B3598D:180
client level=warn t=442141 ev=vr.weapon callers path=ptr D98F49:900 DB8CB6:180 12B0A09:180 16E8861:180 D8F242:180 D8B348:180 D8B9B5:180 12B2284:18 D2F672:18 D7FB5C:67 F4276C:2 D8492B:48 D7FF2C:12
client level=warn t=442141 ev=vr.weapon callers path=xform D5896F:180
client level=warn t=442141 ev=vr.xr hand yaw=-1.8095 r_valid=1 r_fwd=-0.236,-0.972,0.000 r_up=0.000,0.000,1.000 r_off=-0.265,-0.244,-0.200 l_valid=1 l_fwd=-0.236,-0.972,0.000 l_off=0.123,-0.339,-0.200 h_off=0.291,-0.071,0.000
client level=warn t=442141 ev=vr.xr pose fwd=-0.236,-0.972,0.000 off=0.291,-0.071,0.000 fov=1.8151 aspect=1.074
client level=warn t=442141 ev=vr.pad stats injected=0 held=0 mouse=0,0 move=0.00,0.00 turn=0.00,0.00 trig=0.00,0.00 buttons=0x0
client level=warn t=442141 ev=vr.probe pose in_pos=625.50,300.01,41.80 in_fwd=-0.236,-0.972,0.000 in_fov=1.4242 out_pos=625.79,299.94,41.80 out_fwd=-0.236,-0.972,0.000 out_fov=1.8151
server level=info t=442266 ev=gameplay stage=message result=ok id=4 peerstage=5
client level=warn t=442875 ev=vr.xr hand yaw=-1.8095 r_valid=1 r_fwd=-0.236,-0.972,0.000 r_up=0.000,0.000,1.000 r_off=-0.265,-0.244,-0.200 l_valid=1 l_fwd=-0.236,-0.972,0.000 l_off=0.123,-0.339,-0.200 h_off=0.291,-0.071,0.000
client level=warn t=443610 ev=vr.xr hand yaw=-1.8095 r_valid=1 r_fwd=-0.236,-0.972,0.000 r_up=0.000,0.000,1.000 r_off=-0.265,-0.244,-0.200 l_valid=1 l_fwd=-0.236,-0.972,0.000 l_off=0.123,-0.339,-0.200 h_off=0.291,-0.071,0.000
client level=info t=444000 ev=nettick stage=sample latch=1 callbacks=92739
client level=warn t=444422 ev=vr.weapon callers path=getter D5D832:180 B363FA:540 B3598D:180
client level=warn t=444422 ev=vr.weapon callers path=ptr D98F49:900 DB8CB6:180 12B0A09:180 16E8861:180 D8F242:180 D8B348:180 D8B9B5:180 12B2284:18 D2F672:18 D7FB5C:66 F4276C:2 D8492B:44 D7FF2C:11
client level=warn t=444422 ev=vr.weapon callers path=xform D5896F:180
client level=warn t=444438 ev=vr.xr hand yaw=-1.8095 r_valid=1 r_fwd=-0.236,-0.972,0.000 r_up=0.000,0.000,1.000 r_off=-0.265,-0.244,-0.200 l_valid=1 l_fwd=-0.236,-0.972,0.000 l_off=0.123,-0.339,-0.200 h_off=0.000,0.000,0.250
client level=warn t=444438 ev=vr.xr pose fwd=-0.236,-0.972,0.000 off=0.000,0.000,0.250 fov=1.8151 aspect=1.074
client level=warn t=444438 ev=vr.xr submit layers=1 result=0 fov=1.8151
client level=warn t=444438 ev=vr.pad stats injected=0 held=0 mouse=0,0 move=0.00,0.00 turn=0.00,0.00 trig=0.00,0.00 buttons=0x0
client level=warn t=444438 ev=vr.probe pose in_pos=625.50,300.01,41.80 in_fwd=-0.236,-0.972,0.000 in_fov=1.4242 out_pos=625.50,300.01,42.05 out_fwd=-0.236,-0.972,0.000 out_fov=1.8151
client level=warn t=445235 ev=vr.xr hand yaw=-1.8095 r_valid=1 r_fwd=-0.236,-0.972,0.000 r_up=0.000,0.000,1.000 r_off=-0.265,-0.244,-0.200 l_valid=1 l_fwd=-0.236,-0.972,0.000 l_off=0.123,-0.339,-0.200 h_off=0.000,0.000,0.250
server level=info t=445375 ev=gameplay stage=message result=ok id=4 peerstage=5
client level=warn t=445938 ev=vr.xr hand yaw=-1.8095 r_valid=1 r_fwd=-0.236,-0.972,0.000 r_up=0.000,0.000,1.000 r_off=-0.265,-0.244,-0.200 l_valid=1 l_fwd=-0.236,-0.972,0.000 l_off=0.123,-0.339,-0.200 h_off=0.000,0.000,0.250
client level=info t=446000 ev=nettick stage=sample latch=1 callbacks=92897
client level=warn t=446641 ev=vr.weapon callers path=getter D5D832:180 B363FA:540 B3598D:180
client level=warn t=446641 ev=vr.weapon callers path=ptr D98F49:900 DB8CB6:180 12B0A09:180 16E8861:180 D8F242:180 D8B348:180 D8B9B5:180 12B2284:19 D2F672:19 D7FB5C:66 F4276C:2 D8492B:44 D7FF2C:11
client level=warn t=446641 ev=vr.weapon callers path=xform D5896F:180
client level=warn t=446641 ev=vr.xr hand yaw=-1.8095 r_valid=1 r_fwd=-0.236,-0.972,0.000 r_up=0.000,0.000,1.000 r_off=-0.265,-0.244,-0.200 l_valid=1 l_fwd=-0.236,-0.972,0.000 l_off=0.123,-0.339,-0.200 h_off=0.000,0.000,0.250
client level=warn t=446641 ev=vr.xr pose fwd=-0.236,-0.972,0.000 off=0.000,0.000,0.250 fov=1.8151 aspect=1.074
client level=warn t=446641 ev=vr.pad stats injected=0 held=0 mouse=0,0 move=0.00,0.00 turn=0.00,0.00 trig=0.00,0.00 buttons=0x0
client level=warn t=446641 ev=vr.probe pose in_pos=625.50,300.01,41.80 in_fwd=-0.236,-0.972,0.000 in_fov=1.4242 out_pos=625.50,300.01,42.05 out_fwd=-0.236,-0.972,0.000 out_fov=1.8151
client level=warn t=447344 ev=vr.xr hand yaw=-1.8095 r_valid=1 r_fwd=-0.236,-0.972,0.000 r_up=0.000,0.000,1.000 r_off=-0.265,-0.244,-0.200 l_valid=1 l_fwd=-0.236,-0.972,0.000 l_off=0.123,-0.339,-0.200 h_off=0.000,0.000,0.250
client level=info t=448000 ev=nettick stage=sample latch=1 callbacks=93065
client level=warn t=448078 ev=vr.xr hand yaw=-1.8095 r_valid=1 r_fwd=-0.236,-0.972,0.000 r_up=0.000,0.000,1.000 r_off=-0.265,-0.244,-0.200 l_valid=1 l_fwd=-0.236,-0.972,0.000 l_off=0.123,-0.339,-0.200 h_off=0.000,0.000,0.250
client level=warn t=448078 ev=vr.xr submit layers=1 result=0 fov=1.8151
server level=info t=448469 ev=gameplay stage=message result=ok id=4 peerstage=5
client level=warn t=448813 ev=vr.weapon callers path=getter D5D832:180 B363FA:540 B3598D:180
client level=warn t=448813 ev=vr.weapon callers path=ptr D98F49:900 DB8CB6:180 12B0A09:180 16E8861:180 D8F242:180 D8B348:180 D8B9B5:180 12B2284:18 D2F672:18 D7FB5C:70 F4276C:2 D8492B:44 D7FF2C:11
client level=warn t=448813 ev=vr.weapon callers path=xform D5896F:180
client level=warn t=448813 ev=vr.xr hand yaw=-1.8095 r_valid=1 r_fwd=-0.236,-0.972,0.000 r_up=0.000,0.000,1.000 r_off=-0.265,-0.244,-0.200 l_valid=1 l_fwd=-0.236,-0.972,0.000 l_off=0.123,-0.339,-0.200 h_off=0.000,0.000,-0.250
client level=warn t=448813 ev=vr.xr pose fwd=-0.236,-0.972,0.000 off=0.000,0.000,-0.250 fov=1.8151 aspect=1.074
client level=warn t=448813 ev=vr.pad stats injected=0 held=0 mouse=0,0 move=0.00,0.00 turn=0.00,0.00 trig=0.00,0.00 buttons=0x0
client level=warn t=448828 ev=vr.probe pose in_pos=625.50,300.01,41.80 in_fwd=-0.236,-0.972,0.000 in_fov=1.4242 out_pos=625.50,300.01,41.55 out_fwd=-0.236,-0.972,0.000 out_fov=1.8151
client level=warn t=449610 ev=vr.xr hand yaw=-1.8095 r_valid=1 r_fwd=-0.236,-0.972,0.000 r_up=0.000,0.000,1.000 r_off=-0.265,-0.244,-0.200 l_valid=1 l_fwd=-0.236,-0.972,0.000 l_off=0.123,-0.339,-0.200 h_off=0.000,0.000,-0.250
client level=info t=450000 ev=nettick stage=sample latch=1 callbacks=93222
client level=warn t=450344 ev=vr.xr hand yaw=-1.8095 r_valid=1 r_fwd=-0.236,-0.972,0.000 r_up=0.000,0.000,1.000 r_off=-0.265,-0.244,-0.200 l_valid=1 l_fwd=-0.236,-0.972,0.000 l_off=0.123,-0.339,-0.200 h_off=0.000,0.000,-0.250
client level=warn t=451047 ev=vr.weapon callers path=getter D5D832:180 B363FA:540 B3598D:180
client level=warn t=451047 ev=vr.weapon callers path=ptr D98F49:900 DB8CB6:180 12B0A09:180 16E8861:180 D8F242:180 D8B348:180 D8B9B5:180 12B2284:19 D2F672:19 D7FB5C:68 F4276C:3 D8492B:44 D7FF2C:11
client level=warn t=451047 ev=vr.weapon callers path=xform D5896F:180
client level=warn t=451047 ev=vr.xr hand yaw=-1.8095 r_valid=1 r_fwd=-0.236,-0.972,0.000 r_up=0.000,0.000,1.000 r_off=-0.265,-0.244,-0.200 l_valid=1 l_fwd=-0.236,-0.972,0.000 l_off=0.123,-0.339,-0.200 h_off=0.000,0.000,-0.250
client level=warn t=451047 ev=vr.xr pose fwd=-0.236,-0.972,0.000 off=0.000,0.000,-0.250 fov=1.8151 aspect=1.074
client level=warn t=451047 ev=vr.pad stats injected=0 held=0 mouse=0,0 move=0.00,0.00 turn=0.00,0.00 trig=0.00,0.00 buttons=0x0
client level=warn t=451063 ev=vr.probe pose in_pos=625.50,300.01,41.80 in_fwd=-0.236,-0.972,0.000 in_fov=1.4242 out_pos=625.50,300.01,41.55 out_fwd=-0.236,-0.972,0.000 out_fov=1.8151
server level=info t=451578 ev=gameplay stage=message result=ok id=4 peerstage=5
client level=warn t=451735 ev=vr.xr hand yaw=-1.8095 r_valid=1 r_fwd=-0.236,-0.972,0.000 r_up=0.000,0.000,1.000 r_off=-0.265,-0.244,-0.200 l_valid=1 l_fwd=-0.236,-0.972,0.000 l_off=0.123,-0.339,-0.200 h_off=0.000,0.000,-0.250
client level=warn t=451735 ev=vr.xr submit layers=1 result=0 fov=1.8151
client level=info t=452000 ev=nettick stage=sample latch=1 callbacks=93393
client level=warn t=452453 ev=vr.xr hand yaw=-1.8095 r_valid=1 r_fwd=-0.236,-0.972,0.000 r_up=0.000,0.000,1.000 r_off=-0.265,-0.244,-0.200 l_valid=1 l_fwd=-0.236,-0.972,0.000 l_off=0.123,-0.339,-0.200 h_off=0.000,0.000,-0.250
client level=warn t=453157 ev=vr.weapon callers path=getter D5D832:180 B363FA:540 B3598D:180
client level=warn t=453157 ev=vr.weapon callers path=ptr D98F49:900 DB8CB6:180 12B0A09:180 16E8861:180 D8F242:180 D8B348:180 D8B9B5:180 12B2284:18 D2F672:18 D7FB5C:66 F4276C:2 D8492B:48 D7FF2C:11
client level=warn t=453157 ev=vr.weapon callers path=xform D5896F:180
client level=warn t=453157 ev=vr.xr hand yaw=-1.8095 r_valid=1 r_fwd=-0.236,-0.972,0.000 r_up=0.000,0.000,1.000 r_off=-0.265,-0.244,-0.200 l_valid=1 l_fwd=-0.236,-0.972,0.000 l_off=0.123,-0.339,-0.200 h_off=0.000,0.000,-0.250
client level=warn t=453157 ev=vr.xr pose fwd=-0.236,-0.972,0.000 off=0.000,0.000,-0.250 fov=1.8151 aspect=1.074
client level=warn t=453157 ev=vr.pad stats injected=0 held=0 mouse=0,0 move=0.00,0.00 turn=0.00,0.00 trig=0.00,0.00 buttons=0x0
client level=warn t=453172 ev=vr.probe pose in_pos=625.50,300.01,41.80 in_fwd=-0.236,-0.972,0.000 in_fov=1.4242 out_pos=625.50,300.01,41.55 out_fwd=-0.236,-0.972,0.000 out_fov=1.8151
client level=warn t=453875 ev=vr.xr hand yaw=-1.8095 r_valid=1 r_fwd=-0.236,-0.972,0.000 r_up=0.000,0.000,1.000 r_off=-0.265,-0.244,-0.200 l_valid=1 l_fwd=-0.236,-0.972,0.000 l_off=0.123,-0.339,-0.200 h_off=0.000,0.000,0.000
client level=info t=454000 ev=nettick stage=sample latch=1 callbacks=93561
client level=warn t=454641 ev=vr.xr hand yaw=-1.8095 r_valid=1 r_fwd=-0.236,-0.972,0.000 r_up=0.000,0.000,1.000 r_off=-0.265,-0.244,-0.200 l_valid=1 l_fwd=-0.236,-0.972,0.000 l_off=0.123,-0.339,-0.200 h_off=0.000,0.000,0.000
server level=info t=454672 ev=gameplay stage=message result=ok id=4 peerstage=5
client level=warn t=455375 ev=vr.weapon callers path=getter D5D832:180 B363FA:540 B3598D:180
client level=warn t=455375 ev=vr.weapon callers path=ptr D98F49:900 DB8CB6:180 12B0A09:180 16E8861:180 D8F242:180 D8B348:180 D8B9B5:180 12B2284:19 D2F672:19 D7FB5C:66 F4276C:2 D8492B:44 D7FF2C:12
client level=warn t=455375 ev=vr.weapon callers path=xform D5896F:180
client level=warn t=455375 ev=vr.xr hand yaw=-1.8095 r_valid=1 r_fwd=-0.236,-0.972,0.000 r_up=0.000,0.000,1.000 r_off=-0.265,-0.244,-0.200 l_valid=1 l_fwd=-0.236,-0.972,0.000 l_off=0.123,-0.339,-0.200 h_off=0.000,0.000,0.000
client level=warn t=455375 ev=vr.xr pose fwd=0.281,-0.960,0.000 off=0.000,0.000,0.000 fov=1.8151 aspect=1.074
client level=warn t=455375 ev=vr.xr submit layers=1 result=0 fov=1.8151
client level=warn t=455375 ev=vr.pad stats injected=0 held=0 mouse=0,0 move=0.00,0.00 turn=0.00,0.00 trig=0.00,0.00 buttons=0x0
client level=warn t=455391 ev=vr.probe pose in_pos=625.50,300.01,41.80 in_fwd=-0.236,-0.972,0.000 in_fov=1.4242 out_pos=625.50,300.01,41.80 out_fwd=0.281,-0.960,0.000 out_fov=1.8151
client level=info t=456000 ev=nettick stage=sample latch=1 callbacks=93723
client level=warn t=456094 ev=vr.xr hand yaw=-1.8095 r_valid=1 r_fwd=-0.236,-0.972,0.000 r_up=0.000,0.000,1.000 r_off=-0.265,-0.244,-0.200 l_valid=1 l_fwd=-0.236,-0.972,0.000 l_off=0.123,-0.339,-0.200 h_off=0.000,0.000,0.000
client level=warn t=456797 ev=vr.xr hand yaw=-1.8095 r_valid=1 r_fwd=-0.236,-0.972,0.000 r_up=0.000,0.000,1.000 r_off=-0.265,-0.244,-0.200 l_valid=1 l_fwd=-0.236,-0.972,0.000 l_off=0.123,-0.339,-0.200 h_off=0.000,0.000,0.000
client level=warn t=457500 ev=vr.weapon callers path=getter D5D832:180 B363FA:540 B3598D:180
client level=warn t=457500 ev=vr.weapon callers path=ptr D98F49:900 DB8CB6:180 12B0A09:180 16E8861:180 D8F242:180 D8B348:180 D8B9B5:180 12B2284:18 D2F672:18 D7FB5C:66 F4276C:2 D8492B:44 D7FF2C:11
client level=warn t=457500 ev=vr.weapon callers path=xform D5896F:180
client level=warn t=457500 ev=vr.xr hand yaw=-1.8095 r_valid=1 r_fwd=-0.236,-0.972,0.000 r_up=0.000,0.000,1.000 r_off=-0.265,-0.244,-0.200 l_valid=1 l_fwd=-0.236,-0.972,0.000 l_off=0.123,-0.339,-0.200 h_off=0.000,0.000,0.000
client level=warn t=457500 ev=vr.xr pose fwd=0.281,-0.960,0.000 off=0.000,0.000,0.000 fov=1.8151 aspect=1.074
client level=warn t=457500 ev=vr.pad stats injected=0 held=0 mouse=0,0 move=0.00,0.00 turn=0.00,0.00 trig=0.00,0.00 buttons=0x0
client level=warn t=457500 ev=vr.probe pose in_pos=625.50,300.01,41.80 in_fwd=-0.236,-0.972,0.000 in_fov=1.4242 out_pos=625.50,300.01,41.80 out_fwd=0.281,-0.960,0.000 out_fov=1.8151
server level=info t=457766 ev=gameplay stage=message result=ok id=4 peerstage=5
client level=info t=458000 ev=nettick stage=sample latch=1 callbacks=93894
client level=warn t=458203 ev=vr.xr hand yaw=-1.8095 r_valid=1 r_fwd=-0.236,-0.972,0.000 r_up=0.000,0.000,1.000 r_off=-0.265,-0.244,-0.200 l_valid=1 l_fwd=-0.236,-0.972,0.000 l_off=0.123,-0.339,-0.200 h_off=0.000,0.000,0.000
client level=warn t=458922 ev=vr.xr hand yaw=-1.8095 r_valid=1 r_fwd=-0.236,-0.972,0.000 r_up=0.000,0.000,1.000 r_off=-0.265,-0.244,-0.200 l_valid=1 l_fwd=-0.236,-0.972,0.000 l_off=0.123,-0.339,-0.200 h_off=0.000,0.000,0.000
client level=warn t=458922 ev=vr.xr submit layers=1 result=0 fov=1.8151
server level=info t=458922 ev=ws701 stage=profile_setup result=complete
server level=info t=458938 ev=activity stage=writeback result=ok world_state=8
client level=warn t=459703 ev=vr.weapon callers path=getter D5D832:180 B363FA:540 B3598D:180
client level=warn t=459703 ev=vr.weapon callers path=ptr D98F49:900 DB8CB6:180 12B0A09:180 16E8861:180 D8F242:180 D8B348:180 D8B9B5:180 12B2284:18 D2F672:18 D7FB5C:68 F4276C:2 D8492B:44 D7FF2C:11
client level=warn t=459703 ev=vr.weapon callers path=xform D5896F:180
client level=warn t=459703 ev=vr.xr hand yaw=-1.8095 r_valid=1 r_fwd=-0.236,-0.972,0.000 r_up=0.000,0.000,1.000 r_off=-0.265,-0.244,-0.200 l_valid=1 l_fwd=-0.236,-0.972,0.000 l_off=0.123,-0.339,-0.200 h_off=0.000,0.000,0.000
client level=warn t=459703 ev=vr.xr pose fwd=-0.691,-0.723,0.000 off=0.000,0.000,0.000 fov=1.8151 aspect=1.074
client level=warn t=459703 ev=vr.pad stats injected=0 held=0 mouse=0,0 move=0.00,0.00 turn=0.00,0.00 trig=0.00,0.00 buttons=0x0
client level=warn t=459703 ev=vr.probe pose in_pos=625.50,300.01,41.80 in_fwd=-0.236,-0.972,0.000 in_fov=1.4242 out_pos=625.50,300.01,41.80 out_fwd=-0.691,-0.723,0.000 out_fov=1.8151
client level=info t=460000 ev=nettick stage=sample latch=1 callbacks=94056
client level=warn t=460422 ev=vr.xr hand yaw=-1.8095 r_valid=1 r_fwd=-0.236,-0.972,0.000 r_up=0.000,0.000,1.000 r_off=-0.265,-0.244,-0.200 l_valid=1 l_fwd=-0.236,-0.972,0.000 l_off=0.123,-0.339,-0.200 h_off=0.000,0.000,0.000
server level=info t=460860 ev=gameplay stage=message result=ok id=4 peerstage=5
client level=warn t=461203 ev=vr.xr hand yaw=-1.8095 r_valid=1 r_fwd=-0.236,-0.972,0.000 r_up=0.000,0.000,1.000 r_off=-0.265,-0.244,-0.200 l_valid=1 l_fwd=-0.236,-0.972,0.000 l_off=0.123,-0.339,-0.200 h_off=0.000,0.000,0.000
client level=warn t=461938 ev=vr.weapon callers path=getter D5D832:180 B363FA:540 B3598D:180
client level=warn t=461938 ev=vr.weapon callers path=ptr D98F49:900 DB8CB6:180 12B0A09:180 16E8861:180 D8F242:180 D8B348:180 D8B9B5:180 12B2284:19 D2F672:19 D7FB5C:68 F4276C:3 D8492B:44 D7FF2C:11
client level=warn t=461938 ev=vr.weapon callers path=xform D5896F:180
client level=warn t=461938 ev=vr.xr hand yaw=-1.8095 r_valid=1 r_fwd=-0.236,-0.972,0.000 r_up=0.000,0.000,1.000 r_off=-0.265,-0.244,-0.200 l_valid=1 l_fwd=-0.236,-0.972,0.000 l_off=0.123,-0.339,-0.200 h_off=0.000,0.000,0.000
client level=warn t=461938 ev=vr.xr pose fwd=-0.691,-0.723,0.000 off=0.000,0.000,0.000 fov=1.8151 aspect=1.074
client level=warn t=461938 ev=vr.pad stats injected=0 held=0 mouse=0,0 move=0.00,0.00 turn=0.00,0.00 trig=0.00,0.00 buttons=0x0
client level=warn t=461938 ev=vr.probe pose in_pos=625.50,300.01,41.80 in_fwd=-0.236,-0.972,0.000 in_fov=1.4242 out_pos=625.50,300.01,41.80 out_fwd=-0.691,-0.723,0.000 out_fov=1.8151
client level=info t=462000 ev=nettick stage=sample latch=1 callbacks=94217
client level=warn t=462657 ev=vr.xr hand yaw=-1.8095 r_valid=1 r_fwd=-0.236,-0.972,0.000 r_up=0.000,0.000,1.000 r_off=-0.265,-0.244,-0.200 l_valid=1 l_fwd=-0.236,-0.972,0.000 l_off=0.123,-0.339,-0.200 h_off=0.000,0.000,0.000
client level=warn t=462657 ev=vr.xr submit layers=1 result=0 fov=1.8151
client level=warn t=463391 ev=vr.xr hand yaw=-1.8095 r_valid=1 r_fwd=-0.236,-0.972,0.000 r_up=0.000,0.000,1.000 r_off=-0.265,-0.244,-0.200 l_valid=1 l_fwd=-0.236,-0.972,0.000 l_off=0.123,-0.339,-0.200 h_off=0.000,0.000,0.000
server level=info t=463985 ev=gameplay stage=message result=ok id=4 peerstage=5
client level=info t=464000 ev=nettick stage=sample latch=1 callbacks=94381
client level=warn t=464141 ev=vr.weapon callers path=getter D5D832:180 B363FA:540 B3598D:180
client level=warn t=464141 ev=vr.weapon callers path=ptr D98F49:900 DB8CB6:180 12B0A09:180 16E8861:180 D8F242:180 D8B348:180 D8B9B5:180 12B2284:19 D2F672:19 D7FB5C:68 F4276C:2 D8492B:46 D7FF2C:11
client level=warn t=464141 ev=vr.weapon callers path=xform D5896F:180
client level=warn t=464141 ev=vr.xr hand yaw=-1.8095 r_valid=1 r_fwd=-0.236,-0.972,0.000 r_up=0.000,0.000,1.000 r_off=-0.265,-0.244,-0.200 l_valid=1 l_fwd=-0.236,-0.972,0.000 l_off=0.123,-0.339,-0.200 h_off=0.000,0.000,0.000
client level=warn t=464141 ev=vr.xr pose fwd=-0.222,-0.913,0.342 off=0.000,0.000,0.000 fov=1.8151 aspect=1.074
client level=warn t=464141 ev=vr.pad stats injected=0 held=0 mouse=0,0 move=0.00,0.00 turn=0.00,0.00 trig=0.00,0.00 buttons=0x0
client level=warn t=464141 ev=vr.probe pose in_pos=625.50,300.01,41.80 in_fwd=-0.236,-0.972,0.000 in_fov=1.4242 out_pos=625.50,300.01,41.80 out_fwd=-0.222,-0.913,0.342 out_fov=1.8151
client level=warn t=464922 ev=vr.xr hand yaw=-1.8095 r_valid=1 r_fwd=-0.236,-0.972,0.000 r_up=0.000,0.000,1.000 r_off=-0.265,-0.244,-0.200 l_valid=1 l_fwd=-0.236,-0.972,0.000 l_off=0.123,-0.339,-0.200 h_off=0.000,0.000,0.000
client level=warn t=465641 ev=vr.xr hand yaw=-1.8095 r_valid=1 r_fwd=-0.236,-0.972,0.000 r_up=0.000,0.000,1.000 r_off=-0.265,-0.244,-0.200 l_valid=1 l_fwd=-0.236,-0.972,0.000 l_off=0.123,-0.339,-0.200 h_off=0.000,0.000,0.000
client level=info t=466000 ev=nettick stage=sample latch=1 callbacks=94542
client level=warn t=466328 ev=vr.weapon callers path=getter D5D832:180 B363FA:540 B3598D:180
client level=warn t=466328 ev=vr.weapon callers path=ptr D98F49:900 DB8CB6:180 12B0A09:180 16E8861:180 D8F242:180 D8B348:180 D8B9B5:180 12B2284:18 D2F672:18 D7FB5C:66 F4276C:2 D8492B:46 D7FF2C:12
client level=warn t=466328 ev=vr.weapon callers path=xform D5896F:180
client level=warn t=466344 ev=vr.xr hand yaw=-1.8095 r_valid=1 r_fwd=-0.236,-0.972,0.000 r_up=0.000,0.000,1.000 r_off=-0.265,-0.244,-0.200 l_valid=1 l_fwd=-0.236,-0.972,0.000 l_off=0.123,-0.339,-0.200 h_off=0.000,0.000,0.000
client level=warn t=466344 ev=vr.xr pose fwd=-0.222,-0.913,0.342 off=0.000,0.000,0.000 fov=1.8151 aspect=1.074
client level=warn t=466344 ev=vr.xr submit layers=1 result=0 fov=1.8151
client level=warn t=466344 ev=vr.pad stats injected=0 held=0 mouse=0,0 move=0.00,0.00 turn=0.00,0.00 trig=0.00,0.00 buttons=0x0
client level=warn t=466344 ev=vr.probe pose in_pos=625.50,300.01,41.80 in_fwd=-0.236,-0.972,0.000 in_fov=1.4242 out_pos=625.50,300.01,41.80 out_fwd=-0.222,-0.913,0.342 out_fov=1.8151
client level=warn t=467032 ev=vr.xr hand yaw=-1.8095 r_valid=1 r_fwd=-0.236,-0.972,0.000 r_up=0.000,0.000,1.000 r_off=-0.265,-0.244,-0.200 l_valid=1 l_fwd=-0.236,-0.972,0.000 l_off=0.123,-0.339,-0.200 h_off=0.000,0.000,0.000
server level=info t=467063 ev=gameplay stage=message result=ok id=4 peerstage=5
client level=warn t=467782 ev=vr.xr hand yaw=-1.8095 r_valid=1 r_fwd=-0.236,-0.972,0.000 r_up=0.000,0.000,1.000 r_off=-0.265,-0.244,-0.200 l_valid=1 l_fwd=-0.236,-0.972,0.000 l_off=0.123,-0.339,-0.200 h_off=0.000,0.000,0.000
client level=info t=468000 ev=nettick stage=sample latch=1 callbacks=94707
client level=warn t=468610 ev=vr.weapon callers path=getter D5D832:180 B363FA:540 B3598D:180
client level=warn t=468610 ev=vr.weapon callers path=ptr D98F49:900 DB8CB6:180 12B0A09:180 16E8861:180 D8F242:180 D8B348:180 D8B9B5:180 12B2284:19 D2F672:19 D7FB5C:66 F4276C:2 D8492B:44 D7FF2C:11
client level=warn t=468610 ev=vr.weapon callers path=xform D5896F:180
client level=warn t=468610 ev=vr.xr hand yaw=-1.8095 r_valid=1 r_fwd=-0.236,-0.972,0.000 r_up=0.000,0.000,1.000 r_off=-0.265,-0.244,-0.200 l_valid=1 l_fwd=-0.236,-0.972,0.000 l_off=0.123,-0.339,-0.200 h_off=0.000,0.000,0.000
client level=warn t=468610 ev=vr.xr pose fwd=-0.222,-0.913,0.342 off=0.000,0.000,0.000 fov=1.8151 aspect=1.074
client level=warn t=468610 ev=vr.pad stats injected=0 held=0 mouse=0,0 move=0.00,0.00 turn=0.00,0.00 trig=0.00,0.00 buttons=0x0
client level=warn t=468610 ev=vr.probe pose in_pos=625.50,300.01,41.80 in_fwd=-0.236,-0.972,0.000 in_fov=1.4242 out_pos=625.50,300.01,41.80 out_fwd=-0.222,-0.913,0.342 out_fov=1.8151
client level=warn t=469360 ev=vr.xr hand yaw=-1.8095 r_valid=1 r_fwd=-0.236,-0.972,0.000 r_up=0.000,0.000,1.000 r_off=-0.265,-0.244,-0.200 l_valid=1 l_fwd=-0.236,-0.972,0.000 l_off=0.123,-0.339,-0.200 h_off=0.000,0.000,0.000
client level=info t=470000 ev=nettick stage=sample latch=1 callbacks=94861
client level=warn t=470110 ev=vr.xr hand yaw=-1.8095 r_valid=1 r_fwd=-0.236,-0.972,0.000 r_up=0.000,0.000,1.000 r_off=-0.265,-0.244,-0.200 l_valid=1 l_fwd=-0.236,-0.972,0.000 l_off=0.123,-0.339,-0.200 h_off=0.000,0.000,0.000
client level=warn t=470110 ev=vr.xr submit layers=1 result=0 fov=1.8151
server level=info t=470188 ev=gameplay stage=message result=ok id=4 peerstage=5
client level=warn t=470828 ev=vr.weapon callers path=getter D5D832:180 B363FA:540 B3598D:180
client level=warn t=470828 ev=vr.weapon callers path=ptr D98F49:900 DB8CB6:180 12B0A09:180 16E8861:180 D8F242:180 D8B348:180 D8B9B5:180 12B2284:19 D2F672:19 D7FB5C:69 F4276C:2 D8492B:44 D7FF2C:11
client level=warn t=470828 ev=vr.weapon callers path=xform D5896F:180
client level=warn t=470828 ev=vr.xr hand yaw=-1.8095 r_valid=1 r_fwd=-0.236,-0.972,0.000 r_up=0.000,0.000,1.000 r_off=-0.265,-0.244,-0.200 l_valid=1 l_fwd=-0.236,-0.972,0.000 l_off=0.123,-0.339,-0.200 h_off=0.000,0.000,0.000
client level=warn t=470828 ev=vr.xr pose fwd=-0.222,-0.913,-0.342 off=0.000,0.000,0.000 fov=1.8151 aspect=1.074
client level=warn t=470828 ev=vr.pad stats injected=0 held=0 mouse=0,0 move=0.00,0.00 turn=0.00,0.00 trig=0.00,0.00 buttons=0x0
client level=warn t=470828 ev=vr.probe pose in_pos=625.50,300.01,41.80 in_fwd=-0.236,-0.972,0.000 in_fov=1.4242 out_pos=625.50,300.01,41.80 out_fwd=-0.222,-0.913,-0.342 out_fov=1.8151
client level=warn t=471516 ev=vr.xr hand yaw=-1.8095 r_valid=1 r_fwd=-0.236,-0.972,0.000 r_up=0.000,0.000,1.000 r_off=-0.265,-0.244,-0.200 l_valid=1 l_fwd=-0.236,-0.972,0.000 l_off=0.123,-0.339,-0.200 h_off=0.000,0.000,0.000
client level=info t=472000 ev=nettick stage=sample latch=1 callbacks=95034
client level=warn t=472203 ev=vr.xr hand yaw=-1.8095 r_valid=1 r_fwd=-0.236,-0.972,0.000 r_up=0.000,0.000,1.000 r_off=-0.265,-0.244,-0.200 l_valid=1 l_fwd=-0.236,-0.972,0.000 l_off=0.123,-0.339,-0.200 h_off=0.000,0.000,0.000
client level=warn t=472907 ev=vr.weapon callers path=getter D5D832:180 B363FA:540 B3598D:180
client level=warn t=472907 ev=vr.weapon callers path=ptr D98F49:900 DB8CB6:180 12B0A09:180 16E8861:180 D8F242:180 D8B348:180 D8B9B5:180 12B2284:18 D2F672:18 D7FB5C:69 F4276C:3 D8492B:45 D7FF2C:11
client level=warn t=472907 ev=vr.weapon callers path=xform D5896F:180
client level=warn t=472907 ev=vr.xr hand yaw=-1.8095 r_valid=1 r_fwd=-0.236,-0.972,0.000 r_up=0.000,0.000,1.000 r_off=-0.265,-0.244,-0.200 l_valid=1 l_fwd=-0.236,-0.972,0.000 l_off=0.123,-0.339,-0.200 h_off=0.000,0.000,0.000
client level=warn t=472907 ev=vr.xr pose fwd=-0.222,-0.913,-0.342 off=0.000,0.000,0.000 fov=1.8151 aspect=1.074
client level=warn t=472907 ev=vr.pad stats injected=0 held=0 mouse=0,0 move=0.00,0.00 turn=0.00,0.00 trig=0.00,0.00 buttons=0x0
client level=warn t=472907 ev=vr.probe pose in_pos=625.50,300.01,41.80 in_fwd=-0.236,-0.972,0.000 in_fov=1.4242 out_pos=625.50,300.01,41.80 out_fwd=-0.222,-0.913,-0.342 out_fov=1.8151
server level=info t=473266 ev=gameplay stage=message result=ok id=4 peerstage=5
client level=warn t=473594 ev=vr.xr hand yaw=-1.8095 r_valid=1 r_fwd=-0.236,-0.972,0.000 r_up=0.000,0.000,1.000 r_off=-0.265,-0.244,-0.200 l_valid=1 l_fwd=-0.236,-0.972,0.000 l_off=0.123,-0.339,-0.200 h_off=0.000,0.000,0.000
client level=warn t=473594 ev=vr.xr submit layers=1 result=0 fov=1.8151
client level=info t=474000 ev=nettick stage=sample latch=1 callbacks=95204
client level=warn t=474360 ev=vr.xr hand yaw=-1.8095 r_valid=1 r_fwd=-0.236,-0.972,0.000 r_up=0.000,0.000,1.000 r_off=-0.218,-0.050,-0.050 l_valid=1 l_fwd=-0.236,-0.972,0.000 l_off=0.123,-0.339,-0.200 h_off=-0.059,-0.243,0.000
client level=warn t=475125 ev=vr.weapon callers path=getter D5D832:180 B363FA:540 B3598D:180
client level=warn t=475125 ev=vr.weapon callers path=ptr D98F49:900 DB8CB6:180 12B0A09:180 16E8861:180 D8F242:180 D8B348:180 D8B9B5:180 12B2284:19 D2F672:19 D7FB5C:66 F4276C:2 D8492B:46 D7FF2C:11
client level=warn t=475125 ev=vr.weapon callers path=xform D5896F:180
client level=warn t=475125 ev=vr.xr hand yaw=-1.8095 r_valid=1 r_fwd=-0.236,-0.972,0.000 r_up=0.000,0.000,1.000 r_off=-0.218,-0.050,-0.050 l_valid=1 l_fwd=-0.236,-0.972,0.000 l_off=0.123,-0.339,-0.200 h_off=-0.059,-0.243,0.000
client level=warn t=475125 ev=vr.xr pose fwd=-0.236,-0.972,0.000 off=-0.059,-0.243,0.000 fov=1.8151 aspect=1.074
client level=warn t=475125 ev=vr.pad stats injected=0 held=0 mouse=0,0 move=0.00,0.00 turn=0.00,0.00 trig=0.00,0.00 buttons=0x0
client level=warn t=475125 ev=vr.probe pose in_pos=625.50,300.01,41.80 in_fwd=-0.236,-0.972,0.000 in_fov=1.4242 out_pos=625.44,299.77,41.80 out_fwd=-0.236,-0.972,0.000 out_fov=1.8151
client level=warn t=475828 ev=vr.xr hand yaw=-1.8095 r_valid=1 r_fwd=-0.236,-0.972,0.000 r_up=0.000,0.000,1.000 r_off=-0.218,-0.050,-0.050 l_valid=1 l_fwd=-0.236,-0.972,0.000 l_off=0.123,-0.339,-0.200 h_off=-0.059,-0.243,0.000
client level=info t=476000 ev=nettick stage=sample latch=1 callbacks=95365
server level=info t=476375 ev=gameplay stage=message result=ok id=4 peerstage=5
client level=warn t=476563 ev=vr.xr hand yaw=-1.8095 r_valid=1 r_fwd=-0.236,-0.972,0.000 r_up=0.000,0.000,1.000 r_off=-0.218,-0.050,-0.050 l_valid=1 l_fwd=-0.236,-0.972,0.000 l_off=0.123,-0.339,-0.200 h_off=-0.059,-0.243,0.000
client level=warn t=477375 ev=vr.weapon callers path=getter D5D832:180 B363FA:540 B3598D:180
client level=warn t=477375 ev=vr.weapon callers path=ptr D98F49:900 DB8CB6:180 12B0A09:180 16E8861:180 D8F242:180 D8B348:180 D8B9B5:180 12B2284:18 D2F672:18 D7FB5C:66 F4276C:2 D8492B:45 D7FF2C:12
client level=warn t=477375 ev=vr.weapon callers path=xform D5896F:180
client level=warn t=477375 ev=vr.xr hand yaw=-1.8095 r_valid=1 r_fwd=-0.236,-0.972,0.000 r_up=0.000,0.000,1.000 r_off=-0.218,-0.050,-0.050 l_valid=1 l_fwd=-0.236,-0.972,0.000 l_off=0.123,-0.339,-0.200 h_off=-0.059,-0.243,0.000
client level=warn t=477375 ev=vr.xr pose fwd=-0.236,-0.972,0.000 off=-0.059,-0.243,0.000 fov=1.8151 aspect=1.074
client level=warn t=477375 ev=vr.xr submit layers=1 result=0 fov=1.8151
client level=warn t=477375 ev=vr.pad stats injected=0 held=0 mouse=0,0 move=0.00,0.00 turn=0.00,0.00 trig=0.00,0.00 buttons=0x0
client level=warn t=477375 ev=vr.probe pose in_pos=625.50,300.01,41.80 in_fwd=-0.236,-0.972,0.000 in_fov=1.4242 out_pos=625.44,299.77,41.80 out_fwd=-0.236,-0.972,0.000 out_fov=1.8151
client level=info t=478000 ev=nettick stage=sample latch=1 callbacks=95522
client level=warn t=478094 ev=vr.xr hand yaw=-1.8095 r_valid=1 r_fwd=-0.236,-0.972,0.000 r_up=0.000,0.000,1.000 r_off=-0.218,-0.050,-0.050 l_valid=1 l_fwd=-0.236,-0.972,0.000 l_off=0.123,-0.339,-0.200 h_off=-0.059,-0.243,0.000
client level=warn t=478828 ev=vr.xr hand yaw=-1.8095 r_valid=1 r_fwd=-0.236,-0.972,0.000 r_up=0.000,0.000,1.000 r_off=-0.265,-0.244,-0.200 l_valid=1 l_fwd=-0.236,-0.972,0.000 l_off=0.123,-0.339,-0.200 h_off=0.000,0.000,0.000
server level=info t=479469 ev=gameplay stage=message result=ok id=4 peerstage=5
client level=warn t=479672 ev=vr.weapon callers path=getter D5D832:180 B363FA:540 B3598D:180
client level=warn t=479672 ev=vr.weapon callers path=ptr D98F49:900 DB8CB6:180 12B0A09:180 16E8861:180 D8F242:180 D8B348:180 D8B9B5:180 12B2284:19 D2F672:19 D7FB5C:66 F4276C:2 D8492B:44 D7FF2C:11
client level=warn t=479672 ev=vr.weapon callers path=xform D5896F:180
client level=warn t=479672 ev=vr.xr hand yaw=-1.8095 r_valid=1 r_fwd=-0.236,-0.972,0.000 r_up=0.000,0.000,1.000 r_off=-0.265,-0.244,-0.200 l_valid=1 l_fwd=-0.236,-0.972,0.000 l_off=0.123,-0.339,-0.200 h_off=0.000,0.000,0.000
client level=warn t=479672 ev=vr.xr pose fwd=-0.236,-0.972,0.000 off=0.000,0.000,0.000 fov=1.8151 aspect=1.074
client level=warn t=479672 ev=vr.pad stats injected=0 held=0 mouse=0,0 move=0.00,0.00 turn=0.00,0.00 trig=0.00,0.00 buttons=0x0
client level=warn t=479672 ev=vr.probe pose in_pos=625.50,300.01,41.80 in_fwd=-0.236,-0.972,0.000 in_fov=1.4242 out_pos=625.50,300.01,41.80 out_fwd=-0.236,-0.972,0.000 out_fov=1.8151
client level=info t=479922 ev=retail site=78 text=networking:bandwidth: min_channels: 1 max channels: 1 max bps: 34134 avg cong bps: -1 low cong bps: -1 hi cong bps: -1 lat avg: -1 lat hi avg: 0 lat avg var: -1 pct loss: 0.00 pct loss hi avg: [0.00].
client level=info t=479922 ev=retail site=79 text=networking:bandwidth: machine [CE:68:81:8F:FC:58:ED38] longest reception gap [128ms] longest ack gap [128ms] pct loss [0.00] disc count [0] sps [10] rps [10] bh: [y].
client level=info t=480000 ev=nettick stage=sample latch=1 callbacks=95674
client level=warn t=480500 ev=vr.xr hand yaw=-1.8095 r_valid=1 r_fwd=-0.236,-0.972,0.000 r_up=0.000,0.000,1.000 r_off=-0.265,-0.244,-0.200 l_valid=1 l_fwd=-0.236,-0.972,0.000 l_off=0.123,-0.339,-0.200 h_off=0.000,0.000,0.000
client level=info t=481203 ev=retail site=81 text=networking:channel:packet_loss_stats: [dir:127.0.0.1(id=0):30992#bh64] Incoming packet read result summary - 0 ok, 0 discard, 600 discard-expected, 0 corrupt
client level=info t=481203 ev=retail site=82 text=networking:channel:packet_loss_stats: [dir:127.0.0.1(id=0):30992#bh64] Outgoing packet delivery summary - 600 delivered, 0 of those out-of-order, 0 lost - highest loss fraction seen 0.000
client level=info t=481203 ev=retail site=83 text=networking:stream_manager:retail: # 1 rx10.0/rxbps 5.8kb tx10.0/txbps32.6kb cx15.0pkts/33.0cxkbps lat=  0avg,  -1cg to=9999 aloc45.0kb max513.0kbps, loss=0.00pct loss dev 2.00pct rel=N, name=                            bh64
client level=info t=481203 ev=retail site=84 text=networking:stream_manager:retail: Local peer network quality = 1.000000/1.0, worst_axis = -1
client level=warn t=481282 ev=vr.xr hand yaw=-1.8095 r_valid=1 r_fwd=-0.236,-0.972,0.000 r_up=0.000,0.000,1.000 r_off=-0.265,-0.244,-0.200 l_valid=1 l_fwd=-0.236,-0.972,0.000 l_off=0.123,-0.339,-0.200 h_off=0.000,0.000,0.000
client level=warn t=481282 ev=vr.xr submit layers=1 result=0 fov=1.8151
client level=info t=482000 ev=nettick stage=sample latch=1 callbacks=95827
client level=warn t=482063 ev=vr.weapon callers path=getter D5D832:180 B363FA:540 B3598D:180
client level=warn t=482063 ev=vr.weapon callers path=ptr D98F49:900 DB8CB6:180 12B0A09:180 16E8861:180 D8F242:180 D8B348:180 D8B9B5:180 12B2284:21 D2F672:21 D7FB5C:68 F4276C:3 D8492B:44 D7FF2C:11
client level=warn t=482063 ev=vr.weapon callers path=xform D5896F:180
client level=warn t=482063 ev=vr.xr hand yaw=-1.8095 r_valid=1 r_fwd=-0.236,-0.972,0.000 r_up=0.000,0.000,1.000 r_off=-0.265,-0.244,-0.200 l_valid=1 l_fwd=-0.236,-0.972,0.000 l_off=0.123,-0.339,-0.200 h_off=0.000,0.000,0.000
client level=warn t=482063 ev=vr.xr pose fwd=-0.236,-0.972,0.000 off=0.000,0.000,0.000 fov=1.8151 aspect=1.074
client level=warn t=482063 ev=vr.pad stats injected=0 held=0 mouse=0,0 move=0.00,0.00 turn=0.00,0.00 trig=0.00,0.00 buttons=0x0
client level=warn t=482063 ev=vr.probe pose in_pos=625.50,300.01,41.80 in_fwd=-0.236,-0.972,0.000 in_fov=1.4242 out_pos=625.50,300.01,41.80 out_fwd=-0.236,-0.972,0.000 out_fov=1.8151
server level=info t=482563 ev=gameplay stage=message result=ok id=4 peerstage=5
client level=warn t=482844 ev=vr.xr hand yaw=-1.8095 r_valid=1 r_fwd=-0.236,-0.972,0.000 r_up=0.000,0.000,1.000 r_off=-0.265,-0.244,-0.200 l_valid=1 l_fwd=-0.236,-0.972,0.000 l_off=0.123,-0.339,-0.200 h_off=0.000,0.000,0.000
client level=warn t=483672 ev=vr.xr hand yaw=-1.8095 r_valid=1 r_fwd=-0.236,-0.972,0.000 r_up=0.000,0.000,1.000 r_off=-0.265,-0.244,-0.200 l_valid=1 l_fwd=-0.236,-0.972,0.000 l_off=0.123,-0.339,-0.200 h_off=0.000,0.000,0.000
client level=info t=484000 ev=nettick stage=sample latch=1 callbacks=95977
client level=warn t=484438 ev=vr.weapon callers path=getter D5D832:180 B363FA:540 B3598D:180
client level=warn t=484438 ev=vr.weapon callers path=ptr D98F49:900 DB8CB6:180 12B0A09:180 16E8861:180 D8F242:180 D8B348:180 D8B9B5:180 12B2284:20 D2F672:20 D7FB5C:66 F4276C:2 D8492B:44 D7FF2C:11
client level=warn t=484438 ev=vr.weapon callers path=xform D5896F:180
client level=warn t=484438 ev=vr.xr hand yaw=-1.8095 r_valid=1 r_fwd=-0.236,-0.972,0.000 r_up=0.000,0.000,1.000 r_off=-0.265,-0.244,-0.200 l_valid=1 l_fwd=-0.236,-0.972,0.000 l_off=0.123,-0.339,-0.200 h_off=0.000,0.000,0.000
client level=warn t=484438 ev=vr.xr pose fwd=-0.236,-0.972,0.000 off=0.000,0.000,0.000 fov=1.8151 aspect=1.074
client level=warn t=484438 ev=vr.pad stats injected=0 held=0 mouse=0,0 move=0.00,0.00 turn=0.00,0.00 trig=0.00,0.00 buttons=0x0
client level=warn t=484438 ev=vr.probe pose in_pos=625.50,300.01,41.80 in_fwd=-0.236,-0.972,0.000 in_fov=1.4242 out_pos=625.50,300.01,41.80 out_fwd=-0.236,-0.972,0.000 out_fov=1.8151
client level=warn t=484813 ev=vr.weapon callers path=getter D5D832:30 B363FA:90 B3598D:30
client level=warn t=484813 ev=vr.weapon callers path=ptr D98F49:150 DB8CB6:30 12B0A09:30 16E8861:30 D8F242:30 D8B348:30 D8B9B5:30 12B2284:3 D2F672:3 D7FB5C:10 F4276C:0 D8492B:8 D7FF2C:2
client level=warn t=484813 ev=vr.weapon callers path=xform D5896F:30
client level=warn t=485157 ev=vr.xr hand yaw=-1.8095 r_valid=1 r_fwd=-0.236,-0.972,0.000 r_up=0.000,0.000,1.000 r_off=-0.265,-0.244,-0.200 l_valid=1 l_fwd=-0.236,-0.972,0.000 l_off=0.123,-0.339,-0.200 h_off=0.000,0.000,0.000
client level=warn t=485157 ev=vr.xr submit layers=1 result=0 fov=1.8151
server level=info t=485672 ev=gameplay stage=message result=ok id=4 peerstage=5
client level=warn t=485860 ev=vr.xr hand yaw=-1.8095 r_valid=1 r_fwd=-0.236,-0.972,0.000 r_up=0.000,0.000,1.000 r_off=-0.265,-0.244,-0.200 l_valid=1 l_fwd=-0.236,-0.972,0.000 l_off=0.123,-0.339,-0.200 h_off=0.000,0.000,0.000
client level=info t=486000 ev=nettick stage=sample latch=1 callbacks=96143
client level=warn t=486563 ev=vr.weapon callers path=getter D5D832:150 B363FA:450 B3598D:150
client level=warn t=486563 ev=vr.weapon callers path=ptr D98F49:750 DB8CB6:150 12B0A09:150 16E8861:150 D8F242:150 D8B348:150 D8B9B5:150 12B2284:15 D2F672:15 D7FB5C:60 F4276C:2 D8492B:36 D7FF2C:9
client level=warn t=486563 ev=vr.weapon callers path=xform D5896F:150
client level=warn t=486563 ev=vr.xr hand yaw=-1.8095 r_valid=1 r_fwd=-0.236,-0.972,0.000 r_up=0.000,0.000,1.000 r_off=-0.265,-0.244,-0.200 l_valid=1 l_fwd=-0.236,-0.972,0.000 l_off=0.123,-0.339,-0.200 h_off=0.000,0.000,0.000
client level=warn t=486563 ev=vr.xr pose fwd=-0.236,-0.972,0.000 off=0.000,0.000,0.000 fov=1.8151 aspect=1.074
client level=warn t=486563 ev=vr.pad stats injected=0 held=0 mouse=0,0 move=0.00,0.00 turn=0.00,0.00 trig=0.00,0.00 buttons=0x0
client level=warn t=486563 ev=vr.probe pose in_pos=625.50,300.01,41.80 in_fwd=-0.236,-0.972,0.000 in_fov=1.4242 out_pos=625.50,300.01,41.80 out_fwd=-0.236,-0.972,0.000 out_fov=1.8151
client level=warn t=487250 ev=vr.xr hand yaw=-1.8095 r_valid=1 r_fwd=-0.236,-0.972,0.000 r_up=0.000,0.000,1.000 r_off=-0.265,-0.244,-0.200 l_valid=1 l_fwd=-0.236,-0.972,0.000 l_off=0.123,-0.339,-0.200 h_off=0.000,0.000,0.000
client level=info t=488000 ev=nettick stage=sample latch=1 callbacks=96310
client level=warn t=488016 ev=vr.xr hand yaw=-1.8095 r_valid=1 r_fwd=-0.236,-0.972,0.000 r_up=0.000,0.000,1.000 r_off=-0.265,-0.244,-0.200 l_valid=1 l_fwd=-0.236,-0.972,0.000 l_off=0.123,-0.339,-0.200 h_off=0.000,0.000,0.000
server level=info t=488766 ev=gameplay stage=message result=ok id=4 peerstage=5
client level=warn t=488828 ev=vr.weapon callers path=getter D5D832:180 B363FA:540 B3598D:180
client level=warn t=488828 ev=vr.weapon callers path=ptr D98F49:900 DB8CB6:180 12B0A09:180 16E8861:180 D8F242:180 D8B348:180 D8B9B5:180 12B2284:19 D2F672:19 D7FB5C:66 F4276C:3 D8492B:48 D7FF2C:12
client level=warn t=488828 ev=vr.weapon callers path=xform D5896F:180
client level=warn t=488828 ev=vr.xr hand yaw=-1.8095 r_valid=1 r_fwd=-0.236,-0.972,0.000 r_up=0.000,0.000,1.000 r_off=-0.265,-0.244,-0.200 l_valid=1 l_fwd=-0.236,-0.972,0.000 l_off=0.123,-0.339,-0.200 h_off=0.000,0.000,0.000
client level=warn t=488828 ev=vr.xr pose fwd=-0.236,-0.972,0.000 off=0.000,0.000,0.000 fov=1.8151 aspect=1.074
client level=warn t=488828 ev=vr.xr submit layers=1 result=0 fov=1.8151
client level=warn t=488828 ev=vr.pad stats injected=0 held=0 mouse=0,0 move=0.00,0.00 turn=0.00,0.00 trig=0.00,0.00 buttons=0x0
client level=warn t=488844 ev=vr.probe pose in_pos=625.50,300.01,41.80 in_fwd=-0.236,-0.972,0.000 in_fov=1.4242 out_pos=625.50,300.01,41.80 out_fwd=-0.236,-0.972,0.000 out_fov=1.8151
server level=info t=488953 ev=ws701 stage=profile_setup result=complete
server level=info t=488953 ev=activity stage=writeback result=ok world_state=8
client level=warn t=489578 ev=vr.xr hand yaw=-1.8095 r_valid=1 r_fwd=-0.236,-0.972,0.000 r_up=0.000,0.000,1.000 r_off=-0.265,-0.244,-0.200 l_valid=1 l_fwd=-0.236,-0.972,0.000 l_off=0.123,-0.339,-0.200 h_off=0.000,0.000,0.000
client level=info t=490000 ev=nettick stage=sample latch=1 callbacks=96467
client level=warn t=490282 ev=vr.xr hand yaw=-1.8095 r_valid=1 r_fwd=-0.236,-0.972,0.000 r_up=0.000,0.000,1.000 r_off=-0.265,-0.244,-0.200 l_valid=1 l_fwd=-0.236,-0.972,0.000 l_off=0.123,-0.339,-0.200 h_off=0.000,0.000,0.000
client level=warn t=491000 ev=vr.weapon callers path=getter D5D832:180 B363FA:540 B3598D:180
client level=warn t=491000 ev=vr.weapon callers path=ptr D98F49:900 DB8CB6:180 12B0A09:180 16E8861:180 D8F242:180 D8B348:180 D8B9B5:180 12B2284:18 D2F672:18 D7FB5C:66 F4276C:2 D8492B:44 D7FF2C:11
client level=warn t=491000 ev=vr.weapon callers path=xform D5896F:180
client level=warn t=491000 ev=vr.xr hand yaw=-1.8095 r_valid=1 r_fwd=-0.236,-0.972,0.000 r_up=0.000,0.000,1.000 r_off=-0.265,-0.244,-0.200 l_valid=1 l_fwd=-0.236,-0.972,0.000 l_off=0.123,-0.339,-0.200 h_off=0.000,0.000,0.000
client level=warn t=491000 ev=vr.xr pose fwd=-0.236,-0.972,0.000 off=0.000,0.000,0.000 fov=1.8151 aspect=1.074
client level=warn t=491000 ev=vr.pad stats injected=0 held=0 mouse=0,0 move=0.00,0.00 turn=0.00,0.00 trig=0.00,0.00 buttons=0x0
client level=warn t=491000 ev=vr.probe pose in_pos=625.50,300.01,41.80 in_fwd=-0.236,-0.972,0.000 in_fov=1.4242 out_pos=625.50,300.01,41.80 out_fwd=-0.236,-0.972,0.000 out_fov=1.8151
client level=warn t=491719 ev=vr.xr hand yaw=-1.8095 r_valid=1 r_fwd=-0.236,-0.972,0.000 r_up=0.000,0.000,1.000 r_off=-0.265,-0.244,-0.200 l_valid=1 l_fwd=-0.236,-0.972,0.000 l_off=0.123,-0.339,-0.200 h_off=0.000,0.000,0.000
server level=info t=491875 ev=gameplay stage=message result=ok id=4 peerstage=5
client level=info t=492000 ev=nettick stage=sample latch=1 callbacks=96635
client level=warn t=492438 ev=vr.xr hand yaw=-1.8095 r_valid=1 r_fwd=-0.236,-0.972,0.000 r_up=0.000,0.000,1.000 r_off=-0.265,-0.244,-0.200 l_valid=1 l_fwd=-0.236,-0.972,0.000 l_off=0.123,-0.339,-0.200 h_off=0.000,0.000,0.000
client level=warn t=492438 ev=vr.xr submit layers=1 result=0 fov=1.8151
client level=warn t=493141 ev=vr.weapon callers path=getter D5D832:180 B363FA:540 B3598D:180
client level=warn t=493141 ev=vr.weapon callers path=ptr D98F49:900 DB8CB6:180 12B0A09:180 16E8861:180 D8F242:180 D8B348:180 D8B9B5:180 12B2284:19 D2F672:19 D7FB5C:68 F4276C:2 D8492B:44 D7FF2C:11
client level=warn t=493141 ev=vr.xr hand yaw=-1.8095 r_valid=1 r_fwd=-0.236,-0.972,0.000 r_up=0.000,0.000,1.000 r_off=-0.265,-0.244,-0.200 l_valid=1 l_fwd=-0.236,-0.972,0.000 l_off=0.123,-0.339,-0.200 h_off=0.000,0.000,0.000
client level=warn t=493141 ev=vr.weapon callers path=xform D5896F:180
client level=warn t=493141 ev=vr.xr pose fwd=-0.236,-0.972,0.000 off=0.000,0.000,0.000 fov=1.8151 aspect=1.074
client level=warn t=493141 ev=vr.pad stats injected=0 held=0 mouse=0,0 move=0.00,0.00 turn=0.00,0.00 trig=0.00,0.00 buttons=0x0
client level=warn t=493141 ev=vr.probe pose in_pos=625.50,300.01,41.80 in_fwd=-0.236,-0.972,0.000 in_fov=1.4242 out_pos=625.50,300.01,41.80 out_fwd=-0.236,-0.972,0.000 out_fov=1.8151
client level=warn t=493844 ev=vr.xr hand yaw=-1.8095 r_valid=1 r_fwd=-0.236,-0.972,0.000 r_up=0.000,0.000,1.000 r_off=-0.265,-0.244,-0.200 l_valid=1 l_fwd=-0.236,-0.972,0.000 l_off=0.123,-0.339,-0.200 h_off=0.000,0.000,0.000
client level=info t=494000 ev=nettick stage=sample latch=1 callbacks=96804
client level=warn t=494563 ev=vr.xr hand yaw=-1.8095 r_valid=1 r_fwd=-0.236,-0.972,0.000 r_up=0.000,0.000,1.000 r_off=-0.265,-0.244,-0.200 l_valid=1 l_fwd=-0.236,-0.972,0.000 l_off=0.123,-0.339,-0.200 h_off=0.000,0.000,0.000
server level=info t=494985 ev=gameplay stage=message result=ok id=4 peerstage=5
client level=warn t=495282 ev=vr.weapon callers path=getter D5D832:180 B363FA:540 B3598D:180
client level=warn t=495282 ev=vr.weapon callers path=ptr D98F49:900 DB8CB6:180 12B0A09:180 16E8861:180 D8F242:180 D8B348:180 D8B9B5:180 12B2284:18 D2F672:18 D7FB5C:69 F4276C:2 D8492B:44 D7FF2C:11
client level=warn t=495282 ev=vr.weapon callers path=xform D5896F:180
client level=warn t=495282 ev=vr.xr hand yaw=-1.8095 r_valid=1 r_fwd=-0.236,-0.972,0.000 r_up=0.000,0.000,1.000 r_off=-0.265,-0.244,-0.200 l_valid=1 l_fwd=-0.236,-0.972,0.000 l_off=0.123,-0.339,-0.200 h_off=0.000,0.000,0.000
client level=warn t=495282 ev=vr.xr pose fwd=-0.236,-0.972,0.000 off=0.000,0.000,0.000 fov=1.8151 aspect=1.074
client level=warn t=495282 ev=vr.pad stats injected=0 held=0 mouse=0,0 move=0.00,0.00 turn=0.00,0.00 trig=0.00,0.00 buttons=0x0
client level=warn t=495282 ev=vr.probe pose in_pos=625.50,300.01,41.80 in_fwd=-0.236,-0.972,0.000 in_fov=1.4242 out_pos=625.50,300.01,41.80 out_fwd=-0.236,-0.972,0.000 out_fov=1.8151
client level=info t=496000 ev=nettick stage=sample latch=1 callbacks=96970
client level=warn t=496016 ev=vr.xr hand yaw=-1.8095 r_valid=1 r_fwd=-0.236,-0.972,0.000 r_up=0.000,0.000,1.000 r_off=-0.265,-0.244,-0.200 l_valid=1 l_fwd=-0.236,-0.972,0.000 l_off=0.123,-0.339,-0.200 h_off=0.000,0.000,0.000
client level=warn t=496016 ev=vr.xr submit layers=1 result=0 fov=1.8151
client level=warn t=496735 ev=vr.xr hand yaw=-1.8095 r_valid=1 r_fwd=-0.236,-0.972,0.000 r_up=0.000,0.000,1.000 r_off=-0.265,-0.244,-0.200 l_valid=1 l_fwd=-0.236,-0.972,0.000 l_off=0.123,-0.339,-0.200 h_off=0.000,0.000,0.000
client level=warn t=497453 ev=vr.weapon callers path=getter D5D832:180 B363FA:540 B3598D:180
client level=warn t=497453 ev=vr.weapon callers path=ptr D98F49:900 DB8CB6:180 12B0A09:180 16E8861:180 D8F242:180 D8B348:180 D8B9B5:180 12B2284:18 D2F672:18 D7FB5C:67 F4276C:2 D8492B:47 D7FF2C:11
client level=warn t=497453 ev=vr.weapon callers path=xform D5896F:180
client level=warn t=497453 ev=vr.xr hand yaw=-1.8095 r_valid=1 r_fwd=-0.236,-0.972,0.000 r_up=0.000,0.000,1.000 r_off=-0.265,-0.244,-0.200 l_valid=1 l_fwd=-0.236,-0.972,0.000 l_off=0.123,-0.339,-0.200 h_off=0.000,0.000,0.000
client level=warn t=497453 ev=vr.xr pose fwd=-0.236,-0.972,0.000 off=0.000,0.000,0.000 fov=1.8151 aspect=1.074
client level=warn t=497453 ev=vr.pad stats injected=0 held=0 mouse=0,0 move=0.00,0.00 turn=0.00,0.00 trig=0.00,0.00 buttons=0x0
client level=warn t=497469 ev=vr.probe pose in_pos=625.50,300.01,41.80 in_fwd=-0.236,-0.972,0.000 in_fov=1.4242 out_pos=625.50,300.01,41.80 out_fwd=-0.236,-0.972,0.000 out_fov=1.8151
client level=info t=498000 ev=nettick stage=sample latch=1 callbacks=97136
server level=info t=498078 ev=gameplay stage=message result=ok id=4 peerstage=5
client level=warn t=498188 ev=vr.xr hand yaw=-1.8095 r_valid=1 r_fwd=-0.236,-0.972,0.000 r_up=0.000,0.000,1.000 r_off=-0.265,-0.244,-0.200 l_valid=1 l_fwd=-0.236,-0.972,0.000 l_off=0.123,-0.339,-0.200 h_off=0.000,0.000,0.000
client level=warn t=498891 ev=vr.xr hand yaw=-1.8095 r_valid=1 r_fwd=-0.236,-0.972,0.000 r_up=0.000,0.000,1.000 r_off=-0.265,-0.244,-0.200 l_valid=1 l_fwd=-0.236,-0.972,0.000 l_off=0.123,-0.339,-0.200 h_off=0.000,0.000,0.000
client level=warn t=499657 ev=vr.weapon callers path=getter D5D832:180 B363FA:540 B3598D:180
client level=warn t=499657 ev=vr.weapon callers path=ptr D98F49:900 DB8CB6:180 12B0A09:180 16E8861:180 D8F242:180 D8B348:180 D8B9B5:180 12B2284:18 D2F672:18 D7FB5C:66 F4276C:2 D8492B:45 D7FF2C:12
client level=warn t=499657 ev=vr.weapon callers path=xform D5896F:180
client level=warn t=499657 ev=vr.xr hand yaw=-1.8095 r_valid=1 r_fwd=-0.236,-0.972,0.000 r_up=0.000,0.000,1.000 r_off=-0.265,-0.244,-0.200 l_valid=1 l_fwd=-0.236,-0.972,0.000 l_off=0.123,-0.339,-0.200 h_off=0.000,0.000,0.000
client level=warn t=499657 ev=vr.xr pose fwd=-0.236,-0.972,0.000 off=0.000,0.000,0.000 fov=1.8151 aspect=1.074
client level=warn t=499657 ev=vr.xr submit layers=1 result=0 fov=1.8151
client level=warn t=499657 ev=vr.pad stats injected=0 held=0 mouse=0,0 move=0.00,0.00 turn=0.00,0.00 trig=0.00,0.00 buttons=0x0
client level=warn t=499657 ev=vr.probe pose in_pos=625.50,300.01,41.80 in_fwd=-0.236,-0.972,0.000 in_fov=1.4242 out_pos=625.50,300.01,41.80 out_fwd=-0.236,-0.972,0.000 out_fov=1.8151
client level=info t=500000 ev=nettick stage=sample latch=1 callbacks=97299
client level=warn t=500375 ev=vr.xr hand yaw=-1.8095 r_valid=1 r_fwd=-0.236,-0.972,0.000 r_up=0.000,0.000,1.000 r_off=-0.265,-0.244,-0.200 l_valid=1 l_fwd=-0.236,-0.972,0.000 l_off=0.123,-0.339,-0.200 h_off=0.000,0.000,0.000
client level=warn t=501078 ev=vr.xr hand yaw=-1.8095 r_valid=1 r_fwd=-0.236,-0.972,0.000 r_up=0.000,0.000,1.000 r_off=-0.265,-0.244,-0.200 l_valid=1 l_fwd=-0.236,-0.972,0.000 l_off=0.123,-0.339,-0.200 h_off=0.000,0.000,0.000
server level=info t=501188 ev=gameplay stage=message result=ok id=4 peerstage=5
client level=warn t=501797 ev=vr.weapon callers path=getter D5D832:180 B363FA:540 B3598D:180
client level=warn t=501797 ev=vr.weapon callers path=ptr D98F49:900 DB8CB6:180 12B0A09:180 16E8861:180 D8F242:180 D8B348:180 D8B9B5:180 12B2284:18 D2F672:18 D7FB5C:66 F4276C:2 D8492B:44 D7FF2C:11
client level=warn t=501797 ev=vr.weapon callers path=xform D5896F:180
client level=warn t=501797 ev=vr.xr hand yaw=-1.8095 r_valid=1 r_fwd=-0.236,-0.972,0.000 r_up=0.000,0.000,1.000 r_off=-0.265,-0.244,-0.200 l_valid=1 l_fwd=-0.236,-0.972,0.000 l_off=0.123,-0.339,-0.200 h_off=0.000,0.000,0.000
client level=warn t=501797 ev=vr.xr pose fwd=-0.236,-0.972,0.000 off=0.000,0.000,0.000 fov=1.8151 aspect=1.074
client level=warn t=501797 ev=vr.pad stats injected=0 held=0 mouse=0,0 move=0.00,0.00 turn=0.00,0.00 trig=0.00,0.00 buttons=0x0
client level=warn t=501797 ev=vr.probe pose in_pos=625.50,300.01,41.80 in_fwd=-0.236,-0.972,0.000 in_fov=1.4242 out_pos=625.50,300.01,41.80 out_fwd=-0.236,-0.972,0.000 out_fov=1.8151
client level=info t=502000 ev=nettick stage=sample latch=1 callbacks=97468
client level=warn t=502532 ev=vr.xr hand yaw=-1.8095 r_valid=1 r_fwd=-0.236,-0.972,0.000 r_up=0.000,0.000,1.000 r_off=-0.265,-0.244,-0.200 l_valid=1 l_fwd=-0.236,-0.972,0.000 l_off=0.123,-0.339,-0.200 h_off=0.000,0.000,0.000
client level=warn t=503250 ev=vr.xr hand yaw=-1.8095 r_valid=1 r_fwd=-0.236,-0.972,0.000 r_up=0.000,0.000,1.000 r_off=-0.265,-0.244,-0.200 l_valid=1 l_fwd=-0.236,-0.972,0.000 l_off=0.123,-0.339,-0.200 h_off=0.000,0.000,0.000
client level=warn t=503250 ev=vr.xr submit layers=1 result=0 fov=1.8151
client level=warn t=503985 ev=vr.weapon callers path=getter D5D832:180 B363FA:540 B3598D:180
client level=warn t=503985 ev=vr.xr hand yaw=-1.8095 r_valid=1 r_fwd=-0.236,-0.972,0.000 r_up=0.000,0.000,1.000 r_off=-0.265,-0.244,-0.200 l_valid=1 l_fwd=-0.236,-0.972,0.000 l_off=0.123,-0.339,-0.200 h_off=0.000,0.000,0.000
client level=warn t=503985 ev=vr.xr pose fwd=-0.236,-0.972,0.000 off=0.000,0.000,0.000 fov=1.8151 aspect=1.074
client level=warn t=503985 ev=vr.weapon callers path=ptr D98F49:900 DB8CB6:180 12B0A09:180 16E8861:180 D8F242:180 D8B348:180 D8B9B5:180 12B2284:18 D2F672:18 D7FB5C:71 F4276C:3 D8492B:44 D7FF2C:11
client level=warn t=503985 ev=vr.pad stats injected=0 held=0 mouse=0,0 move=0.00,0.00 turn=0.00,0.00 trig=0.00,0.00 buttons=0x0
client level=warn t=503985 ev=vr.weapon callers path=xform D5896F:180
client level=warn t=504000 ev=vr.probe pose in_pos=625.50,300.01,41.80 in_fwd=-0.236,-0.972,0.000 in_fov=1.4242 out_pos=625.50,300.01,41.80 out_fwd=-0.236,-0.972,0.000 out_fov=1.8151
client level=info t=504000 ev=nettick stage=sample latch=1 callbacks=97632
server level=info t=504282 ev=gameplay stage=message result=ok id=4 peerstage=5
client level=warn t=504735 ev=vr.xr hand yaw=-1.8095 r_valid=1 r_fwd=-0.236,-0.972,0.000 r_up=0.000,0.000,1.000 r_off=-0.265,-0.244,-0.200 l_valid=1 l_fwd=-0.236,-0.972,0.000 l_off=0.123,-0.339,-0.200 h_off=0.000,0.000,0.000
client level=warn t=505532 ev=vr.xr hand yaw=-1.8095 r_valid=1 r_fwd=-0.236,-0.972,0.000 r_up=0.000,0.000,1.000 r_off=-0.265,-0.244,-0.200 l_valid=1 l_fwd=-0.236,-0.972,0.000 l_off=0.123,-0.339,-0.200 h_off=0.000,0.000,0.000
client level=info t=506000 ev=nettick stage=sample latch=1 callbacks=97792
client level=warn t=506219 ev=vr.weapon callers path=getter D5D832:180 B363FA:540 B3598D:180
client level=warn t=506219 ev=vr.weapon callers path=ptr D98F49:900 DB8CB6:180 12B0A09:180 16E8861:180 D8F242:180 D8B348:180 D8B9B5:180 12B2284:19 D2F672:19 D7FB5C:67 F4276C:2 D8492B:47 D7FF2C:11
client level=warn t=506219 ev=vr.weapon callers path=xform D5896F:180
client level=warn t=506219 ev=vr.xr hand yaw=-1.8095 r_valid=1 r_fwd=-0.236,-0.972,0.000 r_up=0.000,0.000,1.000 r_off=-0.265,-0.244,-0.200 l_valid=1 l_fwd=-0.236,-0.972,0.000 l_off=0.123,-0.339,-0.200 h_off=0.000,0.000,0.000
client level=warn t=506219 ev=vr.xr pose fwd=-0.236,-0.972,0.000 off=0.000,0.000,0.000 fov=1.8151 aspect=1.074
client level=warn t=506219 ev=vr.pad stats injected=0 held=0 mouse=0,0 move=0.00,0.00 turn=0.00,0.00 trig=0.00,0.00 buttons=0x0
client level=warn t=506235 ev=vr.probe pose in_pos=625.50,300.01,41.80 in_fwd=-0.236,-0.972,0.000 in_fov=1.4242 out_pos=625.50,300.01,41.80 out_fwd=-0.236,-0.972,0.000 out_fov=1.8151
client level=warn t=506922 ev=vr.xr hand yaw=-1.8095 r_valid=1 r_fwd=-0.236,-0.972,0.000 r_up=0.000,0.000,1.000 r_off=-0.265,-0.244,-0.200 l_valid=1 l_fwd=-0.236,-0.972,0.000 l_off=0.123,-0.339,-0.200 h_off=0.000,0.000,0.000
client level=warn t=506922 ev=vr.xr submit layers=1 result=0 fov=1.8151
server level=info t=507391 ev=gameplay stage=message result=ok id=4 peerstage=5
client level=warn t=507641 ev=vr.xr hand yaw=-1.8095 r_valid=1 r_fwd=-0.236,-0.972,0.000 r_up=0.000,0.000,1.000 r_off=-0.265,-0.244,-0.200 l_valid=1 l_fwd=-0.236,-0.972,0.000 l_off=0.123,-0.339,-0.200 h_off=0.000,0.000,0.000
client level=info t=508000 ev=nettick stage=sample latch=1 callbacks=97961
client level=warn t=508344 ev=vr.weapon callers path=getter D5D832:180 B363FA:540 B3598D:180
client level=warn t=508344 ev=vr.weapon callers path=ptr D98F49:900 DB8CB6:180 12B0A09:180 16E8861:180 D8F242:180 D8B348:180 D8B9B5:180 12B2284:18 D2F672:18 D7FB5C:66 F4276C:2 D8492B:45 D7FF2C:12
client level=warn t=508344 ev=vr.weapon callers path=xform D5896F:180
client level=warn t=508360 ev=vr.xr hand yaw=-1.8095 r_valid=1 r_fwd=-0.236,-0.972,0.000 r_up=0.000,0.000,1.000 r_off=-0.265,-0.244,-0.200 l_valid=1 l_fwd=-0.236,-0.972,0.000 l_off=0.123,-0.339,-0.200 h_off=0.000,0.000,0.000
client level=warn t=508360 ev=vr.xr pose fwd=-0.236,-0.972,0.000 off=0.000,0.000,0.000 fov=1.8151 aspect=1.074
client level=warn t=508360 ev=vr.pad stats injected=0 held=0 mouse=0,0 move=0.00,0.00 turn=0.00,0.00 trig=0.00,0.00 buttons=0x0
client level=warn t=508360 ev=vr.probe pose in_pos=625.50,300.01,41.80 in_fwd=-0.236,-0.972,0.000 in_fov=1.4242 out_pos=625.50,300.01,41.80 out_fwd=-0.236,-0.972,0.000 out_fov=1.8151
client level=warn t=509063 ev=vr.xr hand yaw=-1.8095 r_valid=1 r_fwd=-0.236,-0.972,0.000 r_up=0.000,0.000,1.000 r_off=-0.265,-0.244,-0.200 l_valid=1 l_fwd=-0.236,-0.972,0.000 l_off=0.123,-0.339,-0.200 h_off=0.000,0.000,0.000
client level=warn t=509782 ev=vr.xr hand yaw=-1.8095 r_valid=1 r_fwd=-0.236,-0.972,0.000 r_up=0.000,0.000,1.000 r_off=-0.265,-0.244,-0.200 l_valid=1 l_fwd=-0.236,-0.972,0.000 l_off=0.123,-0.339,-0.200 h_off=0.000,0.000,0.000
client level=info t=510000 ev=nettick stage=sample latch=1 callbacks=98129
server level=info t=510485 ev=gameplay stage=message result=ok id=4 peerstage=5
client level=warn t=510500 ev=vr.weapon callers path=getter D5D832:180 B363FA:540 B3598D:180
client level=warn t=510500 ev=vr.weapon callers path=ptr D98F49:900 DB8CB6:180 12B0A09:180 16E8861:180 D8F242:180 D8B348:180 D8B9B5:180 12B2284:18 D2F672:18 D7FB5C:67 F4276C:2 D8492B:44 D7FF2C:11
client level=warn t=510500 ev=vr.weapon callers path=xform D5896F:180
client level=warn t=510500 ev=vr.xr hand yaw=-1.8095 r_valid=1 r_fwd=-0.236,-0.972,0.000 r_up=0.000,0.000,1.000 r_off=-0.265,-0.244,-0.200 l_valid=1 l_fwd=-0.236,-0.972,0.000 l_off=0.123,-0.339,-0.200 h_off=0.000,0.000,0.000
client level=warn t=510500 ev=vr.xr pose fwd=-0.236,-0.972,0.000 off=0.000,0.000,0.000 fov=1.8151 aspect=1.074
client level=warn t=510500 ev=vr.xr submit layers=1 result=0 fov=1.8151
client level=warn t=510500 ev=vr.pad stats injected=0 held=0 mouse=0,0 move=0.00,0.00 turn=0.00,0.00 trig=0.00,0.00 buttons=0x0
client level=warn t=510516 ev=vr.probe pose in_pos=625.50,300.01,41.80 in_fwd=-0.236,-0.972,0.000 in_fov=1.4242 out_pos=625.50,300.01,41.80 out_fwd=-0.236,-0.972,0.000 out_fov=1.8151
client level=warn t=511219 ev=vr.xr hand yaw=-1.8095 r_valid=1 r_fwd=-0.236,-0.972,0.000 r_up=0.000,0.000,1.000 r_off=-0.265,-0.244,-0.200 l_valid=1 l_fwd=-0.236,-0.972,0.000 l_off=0.123,-0.339,-0.200 h_off=0.000,0.000,0.000
client level=warn t=511953 ev=vr.xr hand yaw=-1.8095 r_valid=1 r_fwd=-0.236,-0.972,0.000 r_up=0.000,0.000,1.000 r_off=-0.265,-0.244,-0.200 l_valid=1 l_fwd=-0.236,-0.972,0.000 l_off=0.123,-0.339,-0.200 h_off=0.000,0.000,0.000
client level=info t=512000 ev=nettick stage=sample latch=1 callbacks=98295
client level=warn t=512750 ev=vr.weapon callers path=getter D5D832:180 B363FA:540 B3598D:180
client level=warn t=512750 ev=vr.weapon callers path=ptr D98F49:900 DB8CB6:180 12B0A09:180 16E8861:180 D8F242:180 D8B348:180 D8B9B5:180 12B2284:19 D2F672:19 D7FB5C:70 F4276C:2 D8492B:44 D7FF2C:11
client level=warn t=512750 ev=vr.weapon callers path=xform D5896F:180
client level=warn t=512750 ev=vr.xr hand yaw=-1.8095 r_valid=1 r_fwd=-0.236,-0.972,0.000 r_up=0.000,0.000,1.000 r_off=-0.265,-0.244,-0.200 l_valid=1 l_fwd=-0.236,-0.972,0.000 l_off=0.123,-0.339,-0.200 h_off=0.000,0.000,0.000
client level=warn t=512750 ev=vr.xr pose fwd=-0.236,-0.972,0.000 off=0.000,0.000,0.000 fov=1.8151 aspect=1.074
client level=warn t=512750 ev=vr.pad stats injected=0 held=0 mouse=0,0 move=0.00,0.00 turn=0.00,0.00 trig=0.00,0.00 buttons=0x0
client level=warn t=512750 ev=vr.probe pose in_pos=625.50,300.01,41.80 in_fwd=-0.236,-0.972,0.000 in_fov=1.4242 out_pos=625.50,300.01,41.80 out_fwd=-0.236,-0.972,0.000 out_fov=1.8151
client level=warn t=513500 ev=vr.xr hand yaw=-1.8095 r_valid=1 r_fwd=-0.236,-0.972,0.000 r_up=0.000,0.000,1.000 r_off=-0.265,-0.244,-0.200 l_valid=1 l_fwd=-0.236,-0.972,0.000 l_off=0.123,-0.339,-0.200 h_off=0.000,0.000,0.000
server level=info t=513578 ev=gameplay stage=message result=ok id=4 peerstage=5
client level=info t=514000 ev=nettick stage=sample latch=1 callbacks=98450
client level=warn t=514297 ev=vr.xr hand yaw=-1.8095 r_valid=1 r_fwd=-0.236,-0.972,0.000 r_up=0.000,0.000,1.000 r_off=-0.265,-0.244,-0.200 l_valid=1 l_fwd=-0.236,-0.972,0.000 l_off=0.123,-0.339,-0.200 h_off=0.000,0.000,0.000
client level=warn t=514297 ev=vr.xr submit layers=1 result=0 fov=1.8151
client level=warn t=515016 ev=vr.weapon callers path=getter D5D832:180 B363FA:540 B3598D:180
client level=warn t=515016 ev=vr.weapon callers path=ptr D98F49:900 DB8CB6:180 12B0A09:180 16E8861:180 D8F242:180 D8B348:180 D8B9B5:180 12B2284:19 D2F672:19 D7FB5C:67 F4276C:3 D8492B:47 D7FF2C:11
client level=warn t=515016 ev=vr.weapon callers path=xform D5896F:180
client level=warn t=515016 ev=vr.xr hand yaw=-1.8095 r_valid=1 r_fwd=-0.236,-0.972,0.000 r_up=0.000,0.000,1.000 r_off=-0.265,-0.244,-0.200 l_valid=1 l_fwd=-0.236,-0.972,0.000 l_off=0.123,-0.339,-0.200 h_off=0.000,0.000,0.000
client level=warn t=515016 ev=vr.xr pose fwd=-0.236,-0.972,0.000 off=0.000,0.000,0.000 fov=1.8151 aspect=1.074
client level=warn t=515016 ev=vr.pad stats injected=0 held=0 mouse=0,0 move=0.00,0.00 turn=0.00,0.00 trig=0.00,0.00 buttons=0x0
client level=warn t=515016 ev=vr.probe pose in_pos=625.50,300.01,41.80 in_fwd=-0.236,-0.972,0.000 in_fov=1.4242 out_pos=625.50,300.01,41.80 out_fwd=-0.236,-0.972,0.000 out_fov=1.8151
client level=warn t=515719 ev=vr.xr hand yaw=-1.8095 r_valid=1 r_fwd=-0.236,-0.972,0.000 r_up=0.000,0.000,1.000 r_off=-0.265,-0.244,-0.200 l_valid=1 l_fwd=-0.236,-0.972,0.000 l_off=0.123,-0.339,-0.200 h_off=0.000,0.000,0.000
client level=info t=516000 ev=nettick stage=sample latch=1 callbacks=98614
client level=warn t=516438 ev=vr.xr hand yaw=-1.8095 r_valid=1 r_fwd=-0.236,-0.972,0.000 r_up=0.000,0.000,1.000 r_off=-0.265,-0.244,-0.200 l_valid=1 l_fwd=-0.236,-0.972,0.000 l_off=0.123,-0.339,-0.200 h_off=0.000,0.000,0.000
server level=info t=516688 ev=gameplay stage=message result=ok id=4 peerstage=5
client level=warn t=517157 ev=vr.weapon callers path=getter D5D832:180 B363FA:540 B3598D:180
client level=warn t=517157 ev=vr.weapon callers path=ptr D98F49:900 DB8CB6:180 12B0A09:180 16E8861:180 D8F242:180 D8B348:180 D8B9B5:180 12B2284:18 D2F672:18 D7FB5C:66 F4276C:2 D8492B:45 D7FF2C:12
client level=warn t=517157 ev=vr.weapon callers path=xform D5896F:180
client level=warn t=517157 ev=vr.xr hand yaw=-1.8095 r_valid=1 r_fwd=-0.236,-0.972,0.000 r_up=0.000,0.000,1.000 r_off=-0.265,-0.244,-0.200 l_valid=1 l_fwd=-0.236,-0.972,0.000 l_off=0.123,-0.339,-0.200 h_off=0.000,0.000,0.000
client level=warn t=517157 ev=vr.xr pose fwd=-0.236,-0.972,0.000 off=0.000,0.000,0.000 fov=1.8151 aspect=1.074
client level=warn t=517157 ev=vr.pad stats injected=0 held=0 mouse=0,0 move=0.00,0.00 turn=0.00,0.00 trig=0.00,0.00 buttons=0x0
client level=warn t=517157 ev=vr.probe pose in_pos=625.50,300.01,41.80 in_fwd=-0.236,-0.972,0.000 in_fov=1.4242 out_pos=625.50,300.01,41.80 out_fwd=-0.236,-0.972,0.000 out_fov=1.8151
client level=warn t=517891 ev=vr.xr hand yaw=-1.8095 r_valid=1 r_fwd=-0.236,-0.972,0.000 r_up=0.000,0.000,1.000 r_off=-0.265,-0.244,-0.200 l_valid=1 l_fwd=-0.236,-0.972,0.000 l_off=0.123,-0.339,-0.200 h_off=0.000,0.000,0.000
client level=warn t=517891 ev=vr.xr submit layers=1 result=0 fov=1.8151
client level=info t=518000 ev=nettick stage=sample latch=1 callbacks=98780
client level=warn t=518610 ev=vr.xr hand yaw=-1.8095 r_valid=1 r_fwd=-0.236,-0.972,0.000 r_up=0.000,0.000,1.000 r_off=-0.265,-0.244,-0.200 l_valid=1 l_fwd=-0.236,-0.972,0.000 l_off=0.123,-0.339,-0.200 h_off=0.000,0.000,0.000
server level=info t=518938 ev=ws701 stage=profile_setup result=complete
server level=info t=518953 ev=activity stage=writeback result=ok world_state=8
client level=warn t=519375 ev=vr.weapon callers path=getter D5D832:180 B363FA:540 B3598D:180
client level=warn t=519375 ev=vr.weapon callers path=ptr D98F49:900 DB8CB6:180 12B0A09:180 16E8861:180 D8F242:180 D8B348:180 D8B9B5:180 12B2284:19 D2F672:19 D7FB5C:68 F4276C:2 D8492B:44 D7FF2C:11
client level=warn t=519375 ev=vr.weapon callers path=xform D5896F:180
client level=warn t=519375 ev=vr.xr hand yaw=-1.8095 r_valid=1 r_fwd=-0.236,-0.972,0.000 r_up=0.000,0.000,1.000 r_off=-0.265,-0.244,-0.200 l_valid=1 l_fwd=-0.236,-0.972,0.000 l_off=0.123,-0.339,-0.200 h_off=0.000,0.000,0.000
client level=warn t=519375 ev=vr.xr pose fwd=-0.236,-0.972,0.000 off=0.000,0.000,0.000 fov=1.8151 aspect=1.074
client level=warn t=519375 ev=vr.pad stats injected=0 held=0 mouse=0,0 move=0.00,0.00 turn=0.00,0.00 trig=0.00,0.00 buttons=0x0
client level=warn t=519375 ev=vr.probe pose in_pos=625.50,300.01,41.80 in_fwd=-0.236,-0.972,0.000 in_fov=1.4242 out_pos=625.50,300.01,41.80 out_fwd=-0.236,-0.972,0.000 out_fov=1.8151
server level=info t=519782 ev=gameplay stage=message result=ok id=4 peerstage=5
client level=info t=520000 ev=nettick stage=sample latch=1 callbacks=98941
client level=warn t=520125 ev=vr.xr hand yaw=-1.8095 r_valid=1 r_fwd=-0.236,-0.972,0.000 r_up=0.000,0.000,1.000 r_off=-0.265,-0.244,-0.200 l_valid=1 l_fwd=-0.236,-0.972,0.000 l_off=0.123,-0.339,-0.200 h_off=0.000,0.000,0.000
client level=warn t=520844 ev=vr.xr hand yaw=-1.8095 r_valid=1 r_fwd=-0.236,-0.972,0.000 r_up=0.000,0.000,1.000 r_off=-0.265,-0.244,-0.200 l_valid=1 l_fwd=-0.236,-0.972,0.000 l_off=0.123,-0.339,-0.200 h_off=0.000,0.000,0.000
client level=warn t=521594 ev=vr.weapon callers path=getter D5D832:180 B363FA:540 B3598D:180
client level=warn t=521594 ev=vr.weapon callers path=ptr D98F49:900 DB8CB6:180 12B0A09:180 16E8861:180 D8F242:180 D8B348:180 D8B9B5:180 12B2284:18 D2F672:18 D7FB5C:70 F4276C:2 D8492B:45 D7FF2C:11
client level=warn t=521594 ev=vr.weapon callers path=xform D5896F:180
client level=warn t=521594 ev=vr.xr hand yaw=-1.8095 r_valid=1 r_fwd=-0.236,-0.972,0.000 r_up=0.000,0.000,1.000 r_off=-0.265,-0.244,-0.200 l_valid=1 l_fwd=-0.236,-0.972,0.000 l_off=0.123,-0.339,-0.200 h_off=0.000,0.000,0.000
client level=warn t=521594 ev=vr.xr pose fwd=-0.236,-0.972,0.000 off=0.000,0.000,0.000 fov=1.8151 aspect=1.074
client level=warn t=521594 ev=vr.xr submit layers=1 result=0 fov=1.8151
client level=warn t=521594 ev=vr.pad stats injected=0 held=0 mouse=0,0 move=0.00,0.00 turn=0.00,0.00 trig=0.00,0.00 buttons=0x0
client level=warn t=521610 ev=vr.probe pose in_pos=625.50,300.01,41.80 in_fwd=-0.236,-0.972,0.000 in_fov=1.4242 out_pos=625.50,300.01,41.80 out_fwd=-0.236,-0.972,0.000 out_fov=1.8151
client level=info t=522000 ev=nettick stage=sample latch=1 callbacks=99103
client level=warn t=522391 ev=vr.xr hand yaw=-1.8095 r_valid=1 r_fwd=-0.236,-0.972,0.000 r_up=0.000,0.000,1.000 r_off=-0.265,-0.244,-0.200 l_valid=1 l_fwd=-0.236,-0.972,0.000 l_off=0.123,-0.339,-0.200 h_off=0.000,0.000,0.000
server level=info t=522891 ev=gameplay stage=message result=ok id=4 peerstage=5
client level=warn t=523110 ev=vr.xr hand yaw=-1.8095 r_valid=1 r_fwd=-0.236,-0.972,0.000 r_up=0.000,0.000,1.000 r_off=-0.265,-0.244,-0.200 l_valid=1 l_fwd=-0.236,-0.972,0.000 l_off=0.123,-0.339,-0.200 h_off=0.000,0.000,0.000
client level=warn t=523844 ev=vr.weapon callers path=getter D5D832:180 B363FA:540 B3598D:180
client level=warn t=523844 ev=vr.weapon callers path=ptr D98F49:900 DB8CB6:180 12B0A09:180 16E8861:180 D8F242:180 D8B348:180 D8B9B5:180 12B2284:19 D2F672:19 D7FB5C:66 F4276C:3 D8492B:47 D7FF2C:12
client level=warn t=523844 ev=vr.weapon callers path=xform D5896F:180
client level=warn t=523844 ev=vr.xr hand yaw=-1.8095 r_valid=1 r_fwd=-0.236,-0.972,0.000 r_up=0.000,0.000,1.000 r_off=-0.265,-0.244,-0.200 l_valid=1 l_fwd=-0.236,-0.972,0.000 l_off=0.123,-0.339,-0.200 h_off=0.000,0.000,0.000
client level=warn t=523844 ev=vr.xr pose fwd=-0.236,-0.972,0.000 off=0.000,0.000,0.000 fov=1.8151 aspect=1.074
client level=warn t=523844 ev=vr.pad stats injected=0 held=0 mouse=0,0 move=0.00,0.00 turn=0.00,0.00 trig=0.00,0.00 buttons=0x0
client level=warn t=523844 ev=vr.probe pose in_pos=625.50,300.01,41.80 in_fwd=-0.236,-0.972,0.000 in_fov=1.4242 out_pos=625.50,300.01,41.80 out_fwd=-0.236,-0.972,0.000 out_fov=1.8151
client level=info t=524000 ev=nettick stage=sample latch=1 callbacks=99265
client level=warn t=524547 ev=vr.xr hand yaw=-1.8095 r_valid=1 r_fwd=-0.236,-0.972,0.000 r_up=0.000,0.000,1.000 r_off=-0.265,-0.244,-0.200 l_valid=1 l_fwd=-0.236,-0.972,0.000 l_off=0.123,-0.339,-0.200 h_off=0.000,0.000,0.000
client level=warn t=525250 ev=vr.xr hand yaw=-1.8095 r_valid=1 r_fwd=-0.236,-0.972,0.000 r_up=0.000,0.000,1.000 r_off=-0.265,-0.244,-0.200 l_valid=1 l_fwd=-0.236,-0.972,0.000 l_off=0.123,-0.339,-0.200 h_off=0.000,0.000,0.000
client level=warn t=525250 ev=vr.xr submit layers=1 result=0 fov=1.8151
client level=warn t=525985 ev=vr.weapon callers path=getter D5D832:180 B363FA:540 B3598D:180
client level=warn t=525985 ev=vr.weapon callers path=ptr D98F49:900 DB8CB6:180 12B0A09:180 16E8861:180 D8F242:180 D8B348:180 D8B9B5:180 12B2284:18 D2F672:18 D7FB5C:69 F4276C:2 D8492B:44 D7FF2C:11
client level=warn t=525985 ev=vr.weapon callers path=xform D5896F:180
client level=warn t=525985 ev=vr.xr hand yaw=-1.8095 r_valid=1 r_fwd=-0.236,-0.972,0.000 r_up=0.000,0.000,1.000 r_off=-0.265,-0.244,-0.200 l_valid=1 l_fwd=-0.236,-0.972,0.000 l_off=0.123,-0.339,-0.200 h_off=0.000,0.000,0.000
client level=warn t=525985 ev=vr.xr pose fwd=-0.236,-0.972,0.000 off=0.000,0.000,0.000 fov=1.8151 aspect=1.074
client level=warn t=525985 ev=vr.pad stats injected=0 held=0 mouse=0,0 move=0.00,0.00 turn=0.00,0.00 trig=0.00,0.00 buttons=0x0
client level=warn t=525985 ev=vr.probe pose in_pos=625.50,300.01,41.80 in_fwd=-0.236,-0.972,0.000 in_fov=1.4242 out_pos=625.50,300.01,41.80 out_fwd=-0.236,-0.972,0.000 out_fov=1.8151
server level=info t=525985 ev=gameplay stage=message result=ok id=4 peerstage=5
client level=info t=526000 ev=nettick stage=sample latch=1 callbacks=99433
client level=warn t=526703 ev=vr.xr hand yaw=-1.8095 r_valid=1 r_fwd=-0.236,-0.972,0.000 r_up=0.000,0.000,1.000 r_off=-0.265,-0.244,-0.200 l_valid=1 l_fwd=-0.236,-0.972,0.000 l_off=0.123,-0.339,-0.200 h_off=0.000,0.000,0.000
client level=warn t=527438 ev=vr.xr hand yaw=-1.8095 r_valid=1 r_fwd=-0.236,-0.972,0.000 r_up=0.000,0.000,1.000 r_off=-0.265,-0.244,-0.200 l_valid=1 l_fwd=-0.236,-0.972,0.000 l_off=0.123,-0.339,-0.200 h_off=0.000,0.000,0.000
client level=info t=528000 ev=nettick stage=sample latch=1 callbacks=99593
client level=warn t=528235 ev=vr.weapon callers path=getter D5D832:180 B363FA:540 B3598D:180
client level=warn t=528235 ev=vr.weapon callers path=ptr D98F49:900 DB8CB6:180 12B0A09:180 16E8861:180 D8F242:180 D8B348:180 D8B9B5:180 12B2284:19 D2F672:19 D7FB5C:69 F4276C:2 D8492B:45 D7FF2C:11
client level=warn t=528235 ev=vr.weapon callers path=xform D5896F:180
client level=warn t=528235 ev=vr.xr hand yaw=-1.8095 r_valid=1 r_fwd=-0.236,-0.972,0.000 r_up=0.000,0.000,1.000 r_off=-0.265,-0.244,-0.200 l_valid=1 l_fwd=-0.236,-0.972,0.000 l_off=0.123,-0.339,-0.200 h_off=0.000,0.000,0.000
client level=warn t=528235 ev=vr.xr pose fwd=-0.236,-0.972,0.000 off=0.000,0.000,0.000 fov=1.8151 aspect=1.074
client level=warn t=528235 ev=vr.pad stats injected=0 held=0 mouse=0,0 move=0.00,0.00 turn=0.00,0.00 trig=0.00,0.00 buttons=0x0
client level=warn t=528235 ev=vr.probe pose in_pos=625.50,300.01,41.80 in_fwd=-0.236,-0.972,0.000 in_fov=1.4242 out_pos=625.50,300.01,41.80 out_fwd=-0.236,-0.972,0.000 out_fov=1.8151
server level=info t=529078 ev=gameplay stage=message result=ok id=4 peerstage=5
client level=warn t=529110 ev=vr.xr hand yaw=-1.8095 r_valid=1 r_fwd=-0.236,-0.972,0.000 r_up=0.000,0.000,1.000 r_off=-0.265,-0.244,-0.200 l_valid=1 l_fwd=-0.236,-0.972,0.000 l_off=0.123,-0.339,-0.200 h_off=0.000,0.000,0.000
client level=warn t=529110 ev=vr.xr submit layers=1 result=0 fov=1.8151
client level=warn t=529922 ev=vr.xr hand yaw=-1.8095 r_valid=1 r_fwd=-0.236,-0.972,0.000 r_up=0.000,0.000,1.000 r_off=-0.265,-0.244,-0.200 l_valid=1 l_fwd=-0.236,-0.972,0.000 l_off=0.123,-0.339,-0.200 h_off=0.000,0.000,0.000
client level=info t=530000 ev=nettick stage=sample latch=1 callbacks=99737
client level=warn t=530688 ev=vr.weapon callers path=getter D5D832:180 B363FA:540 B3598D:180
client level=warn t=530688 ev=vr.weapon callers path=ptr D98F49:900 DB8CB6:180 12B0A09:180 16E8861:180 D8F242:180 D8B348:180 D8B9B5:180 12B2284:20 D2F672:20 D7FB5C:66 F4276C:2 D8492B:47 D7FF2C:12
client level=warn t=530688 ev=vr.weapon callers path=xform D5896F:180
client level=warn t=530703 ev=vr.xr hand yaw=-1.8095 r_valid=1 r_fwd=-0.236,-0.972,0.000 r_up=0.000,0.000,1.000 r_off=-0.265,-0.244,-0.200 l_valid=1 l_fwd=-0.236,-0.972,0.000 l_off=0.123,-0.339,-0.200 h_off=0.000,0.000,0.000
client level=warn t=530703 ev=vr.xr pose fwd=-0.236,-0.972,0.000 off=0.000,0.000,0.000 fov=1.8151 aspect=1.074
client level=warn t=530703 ev=vr.pad stats injected=0 held=0 mouse=0,0 move=0.00,0.00 turn=0.00,0.00 trig=0.00,0.00 buttons=0x0
client level=warn t=530703 ev=vr.probe pose in_pos=625.50,300.01,41.80 in_fwd=-0.236,-0.972,0.000 in_fov=1.4242 out_pos=625.50,300.01,41.80 out_fwd=-0.236,-0.972,0.000 out_fov=1.8151
client level=warn t=531422 ev=vr.xr hand yaw=-1.8095 r_valid=1 r_fwd=-0.236,-0.972,0.000 r_up=0.000,0.000,1.000 r_off=-0.265,-0.244,-0.200 l_valid=1 l_fwd=-0.236,-0.972,0.000 l_off=0.123,-0.339,-0.200 h_off=0.000,0.000,0.000
client level=info t=532000 ev=nettick stage=sample latch=1 callbacks=99900
client level=warn t=532141 ev=vr.xr hand yaw=-1.8095 r_valid=1 r_fwd=-0.236,-0.972,0.000 r_up=0.000,0.000,1.000 r_off=-0.265,-0.244,-0.200 l_valid=1 l_fwd=-0.236,-0.972,0.000 l_off=0.123,-0.339,-0.200 h_off=0.000,0.000,0.000
server level=info t=532188 ev=gameplay stage=message result=ok id=4 peerstage=5
client level=warn t=532891 ev=vr.weapon callers path=getter D5D832:180 B363FA:540 B3598D:180
client level=warn t=532907 ev=vr.weapon callers path=ptr D98F49:900 DB8CB6:180 12B0A09:180 16E8861:180 D8F242:180 D8B348:180 D8B9B5:180 12B2284:19 D2F672:19 D7FB5C:66 F4276C:3 D8492B:44 D7FF2C:11
client level=warn t=532907 ev=vr.weapon callers path=xform D5896F:180
client level=warn t=532907 ev=vr.xr hand yaw=-1.8095 r_valid=1 r_fwd=-0.236,-0.972,0.000 r_up=0.000,0.000,1.000 r_off=-0.265,-0.244,-0.200 l_valid=1 l_fwd=-0.236,-0.972,0.000 l_off=0.123,-0.339,-0.200 h_off=0.000,0.000,0.000
client level=warn t=532907 ev=vr.xr pose fwd=-0.236,-0.972,0.000 off=0.000,0.000,0.000 fov=1.8151 aspect=1.074
client level=warn t=532907 ev=vr.xr submit layers=1 result=0 fov=1.8151
client level=warn t=532907 ev=vr.pad stats injected=0 held=0 mouse=0,0 move=0.00,0.00 turn=0.00,0.00 trig=0.00,0.00 buttons=0x0
client level=warn t=532907 ev=vr.probe pose in_pos=625.50,300.01,41.80 in_fwd=-0.236,-0.972,0.000 in_fov=1.4242 out_pos=625.50,300.01,41.80 out_fwd=-0.236,-0.972,0.000 out_fov=1.8151
client level=warn t=533750 ev=vr.xr hand yaw=-1.8095 r_valid=1 r_fwd=-0.236,-0.972,0.000 r_up=0.000,0.000,1.000 r_off=-0.265,-0.244,-0.200 l_valid=1 l_fwd=-0.236,-0.972,0.000 l_off=0.123,-0.339,-0.200 h_off=0.000,0.000,0.000
client level=info t=534000 ev=nettick stage=sample latch=1 callbacks=100053
client level=warn t=534453 ev=vr.xr hand yaw=-1.8095 r_valid=1 r_fwd=-0.236,-0.972,0.000 r_up=0.000,0.000,1.000 r_off=-0.265,-0.244,-0.200 l_valid=1 l_fwd=-0.236,-0.972,0.000 l_off=0.123,-0.339,-0.200 h_off=0.000,0.000,0.000
client level=warn t=535157 ev=vr.weapon callers path=getter D5D832:180 B363FA:540 B3598D:180
client level=warn t=535157 ev=vr.weapon callers path=ptr D98F49:900 DB8CB6:180 12B0A09:180 16E8861:180 D8F242:180 D8B348:180 D8B9B5:180 12B2284:19 D2F672:19 D7FB5C:68 F4276C:2 D8492B:44 D7FF2C:11
client level=warn t=535157 ev=vr.weapon callers path=xform D5896F:180
client level=warn t=535157 ev=vr.xr hand yaw=-1.8095 r_valid=1 r_fwd=-0.236,-0.972,0.000 r_up=0.000,0.000,1.000 r_off=-0.265,-0.244,-0.200 l_valid=1 l_fwd=-0.236,-0.972,0.000 l_off=0.123,-0.339,-0.200 h_off=0.000,0.000,0.000
client level=warn t=535157 ev=vr.xr pose fwd=-0.236,-0.972,0.000 off=0.000,0.000,0.000 fov=1.8151 aspect=1.074
client level=warn t=535157 ev=vr.pad stats injected=0 held=0 mouse=0,0 move=0.00,0.00 turn=0.00,0.00 trig=0.00,0.00 buttons=0x0
client level=warn t=535172 ev=vr.probe pose in_pos=625.50,300.01,41.80 in_fwd=-0.236,-0.972,0.000 in_fov=1.4242 out_pos=625.50,300.01,41.80 out_fwd=-0.236,-0.972,0.000 out_fov=1.8151
server level=info t=535297 ev=gameplay stage=message result=ok id=4 peerstage=5
client level=warn t=535844 ev=vr.xr hand yaw=-1.8095 r_valid=1 r_fwd=-0.236,-0.972,0.000 r_up=0.000,0.000,1.000 r_off=-0.265,-0.244,-0.200 l_valid=1 l_fwd=-0.236,-0.972,0.000 l_off=0.123,-0.339,-0.200 h_off=0.000,0.000,0.000
client level=info t=536000 ev=nettick stage=sample latch=1 callbacks=100224
client level=warn t=536563 ev=vr.xr hand yaw=-1.8095 r_valid=1 r_fwd=-0.236,-0.972,0.000 r_up=0.000,0.000,1.000 r_off=-0.265,-0.244,-0.200 l_valid=1 l_fwd=-0.236,-0.972,0.000 l_off=0.123,-0.339,-0.200 h_off=0.000,0.000,0.000
client level=warn t=536563 ev=vr.xr submit layers=1 result=0 fov=1.8151
client level=warn t=537282 ev=vr.weapon callers path=getter D5D832:180 B363FA:540 B3598D:180
client level=warn t=537282 ev=vr.weapon callers path=ptr D98F49:900 DB8CB6:180 12B0A09:180 16E8861:180 D8F242:180 D8B348:180 D8B9B5:180 12B2284:18 D2F672:18 D7FB5C:69 F4276C:2 D8492B:44 D7FF2C:11
client level=warn t=537282 ev=vr.weapon callers path=xform D5896F:180
client level=warn t=537282 ev=vr.xr hand yaw=-1.8095 r_valid=1 r_fwd=-0.236,-0.972,0.000 r_up=0.000,0.000,1.000 r_off=-0.265,-0.244,-0.200 l_valid=1 l_fwd=-0.236,-0.972,0.000 l_off=0.123,-0.339,-0.200 h_off=0.000,0.000,0.000
client level=warn t=537282 ev=vr.xr pose fwd=-0.236,-0.972,0.000 off=0.000,0.000,0.000 fov=1.8151 aspect=1.074
client level=warn t=537282 ev=vr.pad stats injected=0 held=0 mouse=0,0 move=0.00,0.00 turn=0.00,0.00 trig=0.00,0.00 buttons=0x0
client level=warn t=537282 ev=vr.probe pose in_pos=625.50,300.01,41.80 in_fwd=-0.236,-0.972,0.000 in_fov=1.4242 out_pos=625.50,300.01,41.80 out_fwd=-0.236,-0.972,0.000 out_fov=1.8151
client level=info t=538000 ev=nettick stage=sample latch=1 callbacks=100388
client level=warn t=538032 ev=vr.xr hand yaw=-1.8095 r_valid=1 r_fwd=-0.236,-0.972,0.000 r_up=0.000,0.000,1.000 r_off=-0.265,-0.244,-0.200 l_valid=1 l_fwd=-0.236,-0.972,0.000 l_off=0.123,-0.339,-0.200 h_off=0.000,0.000,0.000
server level=info t=538391 ev=gameplay stage=message result=ok id=4 peerstage=5
client level=warn t=538766 ev=vr.xr hand yaw=-1.8095 r_valid=1 r_fwd=-0.236,-0.972,0.000 r_up=0.000,0.000,1.000 r_off=-0.265,-0.244,-0.200 l_valid=1 l_fwd=-0.236,-0.972,0.000 l_off=0.123,-0.339,-0.200 h_off=0.000,0.000,0.000
client level=warn t=539469 ev=vr.weapon callers path=getter D5D832:180 B363FA:540 B3598D:180
client level=warn t=539469 ev=vr.weapon callers path=ptr D98F49:900 DB8CB6:180 12B0A09:180 16E8861:180 D8F242:180 D8B348:180 D8B9B5:180 12B2284:18 D2F672:18 D7FB5C:67 F4276C:2 D8492B:46 D7FF2C:11
client level=warn t=539469 ev=vr.weapon callers path=xform D5896F:180
client level=warn t=539469 ev=vr.xr hand yaw=-1.8095 r_valid=1 r_fwd=-0.236,-0.972,0.000 r_up=0.000,0.000,1.000 r_off=-0.265,-0.244,-0.200 l_valid=1 l_fwd=-0.236,-0.972,0.000 l_off=0.123,-0.339,-0.200 h_off=0.000,0.000,0.000
client level=warn t=539469 ev=vr.xr pose fwd=-0.236,-0.972,0.000 off=0.000,0.000,0.000 fov=1.8151 aspect=1.074
client level=warn t=539469 ev=vr.pad stats injected=0 held=0 mouse=0,0 move=0.00,0.00 turn=0.00,0.00 trig=0.00,0.00 buttons=0x0
client level=warn t=539469 ev=vr.probe pose in_pos=625.50,300.01,41.80 in_fwd=-0.236,-0.972,0.000 in_fov=1.4242 out_pos=625.50,300.01,41.80 out_fwd=-0.236,-0.972,0.000 out_fov=1.8151
client level=info t=539922 ev=retail site=78 text=networking:bandwidth: min_channels: 1 max channels: 1 max bps: 34200 avg cong bps: -1 low cong bps: -1 hi cong bps: -1 lat avg: -1 lat hi avg: 0 lat avg var: -1 pct loss: 0.00 pct loss hi avg: [0.00].
client level=info t=539922 ev=retail site=79 text=networking:bandwidth: machine [CE:68:81:8F:FC:58:ED38] longest reception gap [124ms] longest ack gap [124ms] pct loss [0.00] disc count [0] sps [10] rps [10] bh: [y].
client level=info t=540000 ev=nettick stage=sample latch=1 callbacks=100552
client level=warn t=540219 ev=vr.xr hand yaw=-1.8095 r_valid=1 r_fwd=-0.236,-0.972,0.000 r_up=0.000,0.000,1.000 r_off=-0.265,-0.244,-0.200 l_valid=1 l_fwd=-0.236,-0.972,0.000 l_off=0.123,-0.339,-0.200 h_off=0.000,0.000,0.000
client level=warn t=540219 ev=vr.xr submit layers=1 result=0 fov=1.8151
client level=warn t=540938 ev=vr.xr hand yaw=-1.8095 r_valid=1 r_fwd=-0.236,-0.972,0.000 r_up=0.000,0.000,1.000 r_off=-0.265,-0.244,-0.200 l_valid=1 l_fwd=-0.236,-0.972,0.000 l_off=0.123,-0.339,-0.200 h_off=0.000,0.000,0.000
client level=info t=541219 ev=retail site=81 text=networking:channel:packet_loss_stats: [dir:127.0.0.1(id=0):30992#bh64] Incoming packet read result summary - 0 ok, 0 discard, 600 discard-expected, 0 corrupt
client level=info t=541219 ev=retail site=82 text=networking:channel:packet_loss_stats: [dir:127.0.0.1(id=0):30992#bh64] Outgoing packet delivery summary - 600 delivered, 0 of those out-of-order, 0 lost - highest loss fraction seen 0.000
client level=info t=541219 ev=retail site=83 text=networking:stream_manager:retail: # 1 rx10.0/rxbps 5.8kb tx10.0/txbps32.8kb cx15.0pkts/33.0cxkbps lat=  0avg,  -1cg to=9999 aloc45.0kb max513.0kbps, loss=0.00pct loss dev 2.00pct rel=N, name=                            bh64
client level=info t=541219 ev=retail site=84 text=networking:stream_manager:retail: Local peer network quality = 1.000000/1.0, worst_axis = -1
server level=info t=541485 ev=gameplay stage=message result=ok id=4 peerstage=5
client level=warn t=541657 ev=vr.weapon callers path=getter D5D832:180 B363FA:540 B3598D:180
client level=warn t=541657 ev=vr.weapon callers path=ptr D98F49:900 DB8CB6:180 12B0A09:180 16E8861:180 D8F242:180 D8B348:180 D8B9B5:180 12B2284:18 D2F672:18 D7FB5C:66 F4276C:2 D8492B:46 D7FF2C:12
client level=warn t=541657 ev=vr.weapon callers path=xform D5896F:180
client level=warn t=541657 ev=vr.xr hand yaw=-1.8095 r_valid=1 r_fwd=-0.236,-0.972,0.000 r_up=0.000,0.000,1.000 r_off=-0.265,-0.244,-0.200 l_valid=1 l_fwd=-0.236,-0.972,0.000 l_off=0.123,-0.339,-0.200 h_off=0.000,0.000,0.000
client level=warn t=541657 ev=vr.xr pose fwd=-0.236,-0.972,0.000 off=0.000,0.000,0.000 fov=1.8151 aspect=1.074
client level=warn t=541657 ev=vr.pad stats injected=0 held=0 mouse=0,0 move=0.00,0.00 turn=0.00,0.00 trig=0.00,0.00 buttons=0x0
client level=warn t=541657 ev=vr.probe pose in_pos=625.50,300.01,41.80 in_fwd=-0.236,-0.972,0.000 in_fov=1.4242 out_pos=625.50,300.01,41.80 out_fwd=-0.236,-0.972,0.000 out_fov=1.8151
client level=info t=542000 ev=nettick stage=sample latch=1 callbacks=100719
client level=warn t=542375 ev=vr.xr hand yaw=-1.8095 r_valid=1 r_fwd=-0.236,-0.972,0.000 r_up=0.000,0.000,1.000 r_off=-0.265,-0.244,-0.200 l_valid=1 l_fwd=-0.236,-0.972,0.000 l_off=0.123,-0.339,-0.200 h_off=0.000,0.000,0.000
client level=warn t=543110 ev=vr.xr hand yaw=-1.8095 r_valid=1 r_fwd=-0.236,-0.972,0.000 r_up=0.000,0.000,1.000 r_off=-0.265,-0.244,-0.200 l_valid=1 l_fwd=-0.236,-0.972,0.000 l_off=0.123,-0.339,-0.200 h_off=0.000,0.000,0.000
client level=warn t=543891 ev=vr.weapon callers path=getter D5D832:180 B363FA:540 B3598D:180
client level=warn t=543891 ev=vr.weapon callers path=ptr D98F49:900 DB8CB6:180 12B0A09:180 16E8861:180 D8F242:180 D8B348:180 D8B9B5:180 12B2284:19 D2F672:19 D7FB5C:66 F4276C:3 D8492B:44 D7FF2C:11
client level=warn t=543891 ev=vr.weapon callers path=xform D5896F:180
client level=warn t=543891 ev=vr.xr hand yaw=-1.8095 r_valid=1 r_fwd=-0.236,-0.972,0.000 r_up=0.000,0.000,1.000 r_off=-0.265,-0.244,-0.200 l_valid=1 l_fwd=-0.236,-0.972,0.000 l_off=0.123,-0.339,-0.200 h_off=0.000,0.000,0.000
client level=warn t=543891 ev=vr.xr pose fwd=-0.236,-0.972,0.000 off=0.000,0.000,0.000 fov=1.8151 aspect=1.074
client level=warn t=543891 ev=vr.xr submit layers=1 result=0 fov=1.8151
client level=warn t=543891 ev=vr.pad stats injected=0 held=0 mouse=0,0 move=0.00,0.00 turn=0.00,0.00 trig=0.00,0.00 buttons=0x0
client level=warn t=543907 ev=vr.probe pose in_pos=625.50,300.01,41.80 in_fwd=-0.236,-0.972,0.000 in_fov=1.4242 out_pos=625.50,300.01,41.80 out_fwd=-0.236,-0.972,0.000 out_fov=1.8151
client level=info t=544000 ev=nettick stage=sample latch=1 callbacks=100879
server level=info t=544594 ev=gameplay stage=message result=ok id=4 peerstage=5
client level=warn t=544688 ev=vr.xr hand yaw=-1.8095 r_valid=1 r_fwd=-0.236,-0.972,0.000 r_up=0.000,0.000,1.000 r_off=-0.265,-0.244,-0.200 l_valid=1 l_fwd=-0.236,-0.972,0.000 l_off=0.123,-0.339,-0.200 h_off=0.000,0.000,0.000
client level=warn t=545407 ev=vr.xr hand yaw=-1.8095 r_valid=1 r_fwd=-0.236,-0.972,0.000 r_up=0.000,0.000,1.000 r_off=-0.265,-0.244,-0.200 l_valid=1 l_fwd=-0.236,-0.972,0.000 l_off=0.123,-0.339,-0.200 h_off=0.000,0.000,0.000
client level=info t=546000 ev=nettick stage=sample latch=1 callbacks=101040
client level=warn t=546125 ev=vr.weapon callers path=getter D5D832:180 B363FA:540 B3598D:180
client level=warn t=546125 ev=vr.weapon callers path=ptr D98F49:900 DB8CB6:180 12B0A09:180 16E8861:180 D8F242:180 D8B348:180 D8B9B5:180 12B2284:19 D2F672:19 D7FB5C:69 F4276C:2 D8492B:44 D7FF2C:11
client level=warn t=546125 ev=vr.weapon callers path=xform D5896F:180
client level=warn t=546141 ev=vr.xr hand yaw=-1.8095 r_valid=1 r_fwd=-0.236,-0.972,0.000 r_up=0.000,0.000,1.000 r_off=-0.265,-0.244,-0.200 l_valid=1 l_fwd=-0.236,-0.972,0.000 l_off=0.123,-0.339,-0.200 h_off=0.000,0.000,0.000
client level=warn t=546141 ev=vr.xr pose fwd=-0.236,-0.972,0.000 off=0.000,0.000,0.000 fov=1.8151 aspect=1.074
client level=warn t=546141 ev=vr.pad stats injected=0 held=0 mouse=0,0 move=0.00,0.00 turn=0.00,0.00 trig=0.00,0.00 buttons=0x0
client level=warn t=546141 ev=vr.probe pose in_pos=625.50,300.01,41.80 in_fwd=-0.236,-0.972,0.000 in_fov=1.4242 out_pos=625.50,300.01,41.80 out_fwd=-0.236,-0.972,0.000 out_fov=1.8151
client level=warn t=546860 ev=vr.xr hand yaw=-1.8095 r_valid=1 r_fwd=-0.236,-0.972,0.000 r_up=0.000,0.000,1.000 r_off=-0.265,-0.244,-0.200 l_valid=1 l_fwd=-0.236,-0.972,0.000 l_off=0.123,-0.339,-0.200 h_off=0.000,0.000,0.000
client level=warn t=547594 ev=vr.xr hand yaw=-1.8095 r_valid=1 r_fwd=-0.236,-0.972,0.000 r_up=0.000,0.000,1.000 r_off=-0.265,-0.244,-0.200 l_valid=1 l_fwd=-0.236,-0.972,0.000 l_off=0.123,-0.339,-0.200 h_off=0.000,0.000,0.000
client level=warn t=547594 ev=vr.xr submit layers=1 result=0 fov=1.8151
server level=info t=547703 ev=gameplay stage=message result=ok id=4 peerstage=5
client level=info t=548000 ev=nettick stage=sample latch=1 callbacks=101206
client level=warn t=548313 ev=vr.weapon callers path=getter D5D832:180 B363FA:540 B3598D:180
client level=warn t=548313 ev=vr.weapon callers path=ptr D98F49:900 DB8CB6:180 12B0A09:180 16E8861:180 D8F242:180 D8B348:180 D8B9B5:180 12B2284:18 D2F672:18 D7FB5C:69 F4276C:2 D8492B:45 D7FF2C:11
client level=warn t=548313 ev=vr.weapon callers path=xform D5896F:180
client level=warn t=548313 ev=vr.xr hand yaw=-1.8095 r_valid=1 r_fwd=-0.236,-0.972,0.000 r_up=0.000,0.000,1.000 r_off=-0.265,-0.244,-0.200 l_valid=1 l_fwd=-0.236,-0.972,0.000 l_off=0.123,-0.339,-0.200 h_off=0.000,0.000,0.000
client level=warn t=548313 ev=vr.xr pose fwd=-0.236,-0.972,0.000 off=0.000,0.000,0.000 fov=1.8151 aspect=1.074
client level=warn t=548313 ev=vr.pad stats injected=0 held=0 mouse=0,0 move=0.00,0.00 turn=0.00,0.00 trig=0.00,0.00 buttons=0x0
client level=warn t=548313 ev=vr.probe pose in_pos=625.50,300.01,41.80 in_fwd=-0.236,-0.972,0.000 in_fov=1.4242 out_pos=625.50,300.01,41.80 out_fwd=-0.236,-0.972,0.000 out_fov=1.8151
server level=info t=548969 ev=ws701 stage=profile_setup result=complete
server level=info t=548969 ev=activity stage=writeback result=ok world_state=8
client level=warn t=549016 ev=vr.xr hand yaw=-1.8095 r_valid=1 r_fwd=-0.236,-0.972,0.000 r_up=0.000,0.000,1.000 r_off=-0.265,-0.244,-0.200 l_valid=1 l_fwd=-0.236,-0.972,0.000 l_off=0.123,-0.339,-0.200 h_off=0.000,0.000,0.000
client level=warn t=549735 ev=vr.xr hand yaw=-1.8095 r_valid=1 r_fwd=-0.236,-0.972,0.000 r_up=0.000,0.000,1.000 r_off=-0.265,-0.244,-0.200 l_valid=1 l_fwd=-0.236,-0.972,0.000 l_off=0.123,-0.339,-0.200 h_off=0.000,0.000,0.000
client level=info t=550000 ev=nettick stage=sample latch=1 callbacks=101373
client level=warn t=550453 ev=vr.weapon callers path=getter D5D832:180 B363FA:540 B3598D:180
client level=warn t=550453 ev=vr.weapon callers path=ptr D98F49:900 DB8CB6:180 12B0A09:180 16E8861:180 D8F242:180 D8B348:180 D8B9B5:180 12B2284:19 D2F672:18 D7FB5C:66 F4276C:2 D8492B:47 D7FF2C:12
client level=warn t=550453 ev=vr.weapon callers path=xform D5896F:180
client level=warn t=550453 ev=vr.xr hand yaw=-1.8097 r_valid=1 r_fwd=-0.237,-0.972,0.000 r_up=0.000,0.000,1.000 r_off=-0.265,-0.244,-0.200 l_valid=1 l_fwd=-0.237,-0.972,0.000 l_off=0.123,-0.339,-0.200 h_off=0.000,0.000,0.000
client level=warn t=550453 ev=vr.xr pose fwd=-0.237,-0.972,0.000 off=0.000,0.000,0.000 fov=1.8151 aspect=1.074
client level=warn t=550453 ev=vr.pad stats injected=0 held=0 mouse=0,0 move=0.00,0.00 turn=0.00,0.00 trig=0.00,0.00 buttons=0x0
client level=warn t=550469 ev=vr.probe pose in_pos=625.52,300.00,41.80 in_fwd=-0.237,-0.972,0.000 in_fov=1.4242 out_pos=625.52,300.00,41.80 out_fwd=-0.237,-0.972,0.000 out_fov=1.8151
server level=info t=550813 ev=gameplay stage=message result=ok id=4 peerstage=5
client level=warn t=551219 ev=vr.xr hand yaw=-1.8097 r_valid=1 r_fwd=-0.237,-0.972,0.000 r_up=0.000,0.000,1.000 r_off=-0.265,-0.244,-0.200 l_valid=1 l_fwd=-0.237,-0.972,0.000 l_off=0.123,-0.339,-0.200 h_off=0.000,0.000,0.000
client level=warn t=551219 ev=vr.xr submit layers=1 result=0 fov=1.8151
client level=warn t=551953 ev=vr.xr hand yaw=-1.8097 r_valid=1 r_fwd=-0.237,-0.972,0.000 r_up=0.000,0.000,1.000 r_off=-0.265,-0.244,-0.200 l_valid=1 l_fwd=-0.237,-0.972,0.000 l_off=0.123,-0.339,-0.200 h_off=0.000,0.000,0.000
client level=info t=552000 ev=nettick stage=sample latch=1 callbacks=101535
client level=warn t=552672 ev=vr.weapon callers path=getter D5D832:180 B363FA:540 B3598D:180
client level=warn t=552672 ev=vr.weapon callers path=ptr D98F49:900 DB8CB6:180 12B0A09:180 16E8861:180 D8F242:180 D8B348:180 D8B9B5:180 12B2284:19 D2F672:18 D7FB5C:66 F4276C:2 D8492B:44 D7FF2C:11
client level=warn t=552672 ev=vr.weapon callers path=xform D5896F:180
client level=warn t=552672 ev=vr.xr hand yaw=-1.8097 r_valid=1 r_fwd=-0.237,-0.972,0.000 r_up=0.000,0.000,1.000 r_off=-0.265,-0.244,-0.200 l_valid=1 l_fwd=-0.237,-0.972,0.000 l_off=0.123,-0.339,-0.200 h_off=0.000,0.000,0.000
client level=warn t=552672 ev=vr.xr pose fwd=-0.237,-0.972,0.000 off=0.000,0.000,0.000 fov=1.8151 aspect=1.074
client level=warn t=552672 ev=vr.pad stats injected=0 held=0 mouse=0,0 move=0.00,0.00 turn=0.00,0.00 trig=0.00,0.00 buttons=0x0
client level=warn t=552688 ev=vr.probe pose in_pos=625.52,300.00,41.80 in_fwd=-0.237,-0.972,0.000 in_fov=1.4242 out_pos=625.52,300.00,41.80 out_fwd=-0.237,-0.972,0.000 out_fov=1.8151
client level=warn t=553391 ev=vr.xr hand yaw=-1.8097 r_valid=1 r_fwd=-0.237,-0.972,0.000 r_up=0.000,0.000,1.000 r_off=-0.265,-0.244,-0.200 l_valid=1 l_fwd=-0.237,-0.972,0.000 l_off=0.123,-0.339,-0.200 h_off=0.000,0.000,0.000
server level=info t=553891 ev=gameplay stage=message result=ok id=4 peerstage=5
client level=info t=554000 ev=nettick stage=sample latch=1 callbacks=101703
client level=warn t=554094 ev=vr.xr hand yaw=-1.8097 r_valid=1 r_fwd=-0.237,-0.972,0.000 r_up=0.000,0.000,1.000 r_off=-0.265,-0.244,-0.200 l_valid=1 l_fwd=-0.237,-0.972,0.000 l_off=0.123,-0.339,-0.200 h_off=0.000,0.000,0.000
client level=warn t=554797 ev=vr.weapon callers path=getter D5D832:180 B363FA:540 B3598D:180
client level=warn t=554797 ev=vr.weapon callers path=ptr D98F49:900 DB8CB6:180 12B0A09:180 16E8861:180 D8F242:180 D8B348:180 D8B9B5:180 12B2284:18 D2F672:18 D7FB5C:68 F4276C:2 D8492B:44 D7FF2C:11
client level=warn t=554797 ev=vr.weapon callers path=xform D5896F:180
client level=warn t=554797 ev=vr.xr hand yaw=-1.8097 r_valid=1 r_fwd=-0.237,-0.972,0.000 r_up=0.000,0.000,1.000 r_off=-0.265,-0.244,-0.200 l_valid=1 l_fwd=-0.237,-0.972,0.000 l_off=0.123,-0.339,-0.200 h_off=0.000,0.000,0.000
client level=warn t=554797 ev=vr.xr pose fwd=-0.237,-0.972,0.000 off=0.000,0.000,0.000 fov=1.8151 aspect=1.074
client level=warn t=554797 ev=vr.xr submit layers=1 result=0 fov=1.8151
client level=warn t=554797 ev=vr.pad stats injected=0 held=0 mouse=0,0 move=0.00,0.00 turn=0.00,0.00 trig=0.00,0.00 buttons=0x0
client level=warn t=554797 ev=vr.probe pose in_pos=625.52,300.00,41.80 in_fwd=-0.237,-0.972,0.000 in_fov=1.4242 out_pos=625.52,300.00,41.80 out_fwd=-0.237,-0.972,0.000 out_fov=1.8151
client level=warn t=555485 ev=vr.xr hand yaw=-1.8097 r_valid=1 r_fwd=-0.237,-0.972,0.000 r_up=0.000,0.000,1.000 r_off=-0.265,-0.244,-0.200 l_valid=1 l_fwd=-0.237,-0.972,0.000 l_off=0.123,-0.339,-0.200 h_off=0.000,0.000,0.000
client level=info t=556000 ev=nettick stage=sample latch=1 callbacks=101871
client level=warn t=556266 ev=vr.xr hand yaw=-1.8097 r_valid=1 r_fwd=-0.237,-0.972,0.000 r_up=0.000,0.000,1.000 r_off=-0.265,-0.244,-0.200 l_valid=1 l_fwd=-0.237,-0.972,0.000 l_off=0.123,-0.339,-0.200 h_off=0.000,0.000,0.000
server level=info t=556985 ev=gameplay stage=message result=ok id=4 peerstage=5
client level=warn t=557047 ev=vr.weapon callers path=getter D5D832:180 B363FA:540 B3598D:180
client level=warn t=557047 ev=vr.weapon callers path=ptr D98F49:900 DB8CB6:180 12B0A09:180 16E8861:180 D8F242:180 D8B348:180 D8B9B5:180 12B2284:19 D2F672:19 D7FB5C:69 F4276C:3 D8492B:44 D7FF2C:11
client level=warn t=557047 ev=vr.weapon callers path=xform D5896F:180
client level=warn t=557047 ev=vr.xr hand yaw=-1.8097 r_valid=1 r_fwd=-0.237,-0.972,0.000 r_up=0.000,0.000,1.000 r_off=-0.265,-0.244,-0.200 l_valid=1 l_fwd=-0.237,-0.972,0.000 l_off=0.123,-0.339,-0.200 h_off=0.000,0.000,0.000
client level=warn t=557047 ev=vr.xr pose fwd=-0.237,-0.972,0.000 off=0.000,0.000,0.000 fov=1.8151 aspect=1.074
client level=warn t=557047 ev=vr.pad stats injected=0 held=0 mouse=0,0 move=0.00,0.00 turn=0.00,0.00 trig=0.00,0.00 buttons=0x0
client level=warn t=557047 ev=vr.probe pose in_pos=625.52,300.00,41.80 in_fwd=-0.237,-0.972,0.000 in_fov=1.4242 out_pos=625.52,300.00,41.80 out_fwd=-0.237,-0.972,0.000 out_fov=1.8151
client level=warn t=557766 ev=vr.xr hand yaw=-1.8097 r_valid=1 r_fwd=-0.237,-0.972,0.000 r_up=0.000,0.000,1.000 r_off=-0.265,-0.244,-0.200 l_valid=1 l_fwd=-0.237,-0.972,0.000 l_off=0.123,-0.339,-0.200 h_off=0.000,0.000,0.000
client level=info t=558000 ev=nettick stage=sample latch=1 callbacks=102030
client level=warn t=558500 ev=vr.xr hand yaw=-1.8097 r_valid=1 r_fwd=-0.237,-0.972,0.000 r_up=0.000,0.000,1.000 r_off=-0.265,-0.244,-0.200 l_valid=1 l_fwd=-0.237,-0.972,0.000 l_off=0.123,-0.339,-0.200 h_off=0.000,0.000,0.000
client level=warn t=558500 ev=vr.xr submit layers=1 result=0 fov=1.8151
client level=warn t=559219 ev=vr.weapon callers path=getter D5D832:180 B363FA:540 B3598D:180
client level=warn t=559219 ev=vr.weapon callers path=ptr D98F49:900 DB8CB6:180 12B0A09:180 16E8861:180 D8F242:180 D8B348:180 D8B9B5:180 12B2284:18 D2F672:18 D7FB5C:67 F4276C:2 D8492B:48 D7FF2C:12
client level=warn t=559219 ev=vr.weapon callers path=xform D5896F:180
client level=warn t=559219 ev=vr.xr hand yaw=-1.8097 r_valid=1 r_fwd=-0.237,-0.972,0.000 r_up=0.000,0.000,1.000 r_off=-0.265,-0.244,-0.200 l_valid=1 l_fwd=-0.237,-0.972,0.000 l_off=0.123,-0.339,-0.200 h_off=0.000,0.000,0.000
client level=warn t=559219 ev=vr.xr pose fwd=-0.237,-0.972,0.000 off=0.000,0.000,0.000 fov=1.8151 aspect=1.074
client level=warn t=559219 ev=vr.pad stats injected=0 held=0 mouse=0,0 move=0.00,0.00 turn=0.00,0.00 trig=0.00,0.00 buttons=0x0
client level=warn t=559219 ev=vr.probe pose in_pos=625.52,300.00,41.80 in_fwd=-0.237,-0.972,0.000 in_fov=1.4242 out_pos=625.52,300.00,41.80 out_fwd=-0.237,-0.972,0.000 out_fov=1.8151
client level=warn t=559922 ev=vr.xr hand yaw=-1.8097 r_valid=1 r_fwd=-0.237,-0.972,0.000 r_up=0.000,0.000,1.000 r_off=-0.265,-0.244,-0.200 l_valid=1 l_fwd=-0.237,-0.972,0.000 l_off=0.123,-0.339,-0.200 h_off=0.000,0.000,0.000
client level=info t=560000 ev=nettick stage=sample latch=1 callbacks=102197
server level=info t=560094 ev=gameplay stage=message result=ok id=4 peerstage=5
client level=warn t=560625 ev=vr.xr hand yaw=-1.8097 r_valid=1 r_fwd=-0.237,-0.972,0.000 r_up=0.000,0.000,1.000 r_off=-0.265,-0.244,-0.200 l_valid=1 l_fwd=-0.237,-0.972,0.000 l_off=0.123,-0.339,-0.200 h_off=0.000,0.000,0.000
client level=warn t=561328 ev=vr.weapon callers path=getter D5D832:180 B363FA:540 B3598D:180
client level=warn t=561328 ev=vr.weapon callers path=ptr D98F49:900 DB8CB6:180 12B0A09:180 16E8861:180 D8F242:180 D8B348:180 D8B9B5:180 12B2284:18 D2F672:18 D7FB5C:66 F4276C:2 D8492B:44 D7FF2C:11
client level=warn t=561328 ev=vr.weapon callers path=xform D5896F:180
client level=warn t=561344 ev=vr.xr hand yaw=-1.8097 r_valid=1 r_fwd=-0.237,-0.972,0.000 r_up=0.000,0.000,1.000 r_off=-0.265,-0.244,-0.200 l_valid=1 l_fwd=-0.237,-0.972,0.000 l_off=0.123,-0.339,-0.200 h_off=0.000,0.000,0.000
client level=warn t=561344 ev=vr.xr pose fwd=-0.237,-0.972,0.000 off=0.000,0.000,0.000 fov=1.8151 aspect=1.074
client level=warn t=561344 ev=vr.pad stats injected=0 held=0 mouse=0,0 move=0.00,0.00 turn=0.00,0.00 trig=0.00,0.00 buttons=0x0
client level=warn t=561344 ev=vr.probe pose in_pos=625.52,300.00,41.80 in_fwd=-0.237,-0.972,0.000 in_fov=1.4242 out_pos=625.52,300.00,41.80 out_fwd=-0.237,-0.972,0.000 out_fov=1.8151
client level=info t=562000 ev=nettick stage=sample latch=1 callbacks=102368
client level=warn t=562032 ev=vr.xr hand yaw=-1.8097 r_valid=1 r_fwd=-0.237,-0.972,0.000 r_up=0.000,0.000,1.000 r_off=-0.265,-0.244,-0.200 l_valid=1 l_fwd=-0.237,-0.972,0.000 l_off=0.123,-0.339,-0.200 h_off=0.000,0.000,0.000
client level=warn t=562032 ev=vr.xr submit layers=1 result=0 fov=1.8151
client level=warn t=562766 ev=vr.xr hand yaw=-1.8097 r_valid=1 r_fwd=-0.237,-0.972,0.000 r_up=0.000,0.000,1.000 r_off=-0.265,-0.244,-0.200 l_valid=1 l_fwd=-0.237,-0.972,0.000 l_off=0.123,-0.339,-0.200 h_off=0.000,0.000,0.000
server level=info t=563203 ev=gameplay stage=message result=ok id=4 peerstage=5
client level=warn t=563500 ev=vr.weapon callers path=getter D5D832:180 B363FA:540 B3598D:180
client level=warn t=563500 ev=vr.weapon callers path=ptr D98F49:900 DB8CB6:180 12B0A09:180 16E8861:180 D8F242:180 D8B348:180 D8B9B5:180 12B2284:19 D2F672:19 D7FB5C:68 F4276C:2 D8492B:44 D7FF2C:11
client level=warn t=563500 ev=vr.weapon callers path=xform D5896F:180
client level=warn t=563500 ev=vr.xr hand yaw=-1.8097 r_valid=1 r_fwd=-0.237,-0.972,0.000 r_up=0.000,0.000,1.000 r_off=-0.265,-0.244,-0.200 l_valid=1 l_fwd=-0.237,-0.972,0.000 l_off=0.123,-0.339,-0.200 h_off=0.000,0.000,0.000
client level=warn t=563500 ev=vr.xr pose fwd=-0.237,-0.972,0.000 off=0.000,0.000,0.000 fov=1.8151 aspect=1.074
client level=warn t=563500 ev=vr.pad stats injected=0 held=0 mouse=0,0 move=0.00,0.00 turn=0.00,0.00 trig=0.00,0.00 buttons=0x0
client level=warn t=563516 ev=vr.probe pose in_pos=625.52,300.00,41.80 in_fwd=-0.237,-0.972,0.000 in_fov=1.4242 out_pos=625.52,300.00,41.80 out_fwd=-0.237,-0.972,0.000 out_fov=1.8151
client level=info t=564000 ev=nettick stage=sample latch=1 callbacks=102531
client level=warn t=564250 ev=vr.xr hand yaw=-1.8097 r_valid=1 r_fwd=-0.237,-0.972,0.000 r_up=0.000,0.000,1.000 r_off=-0.265,-0.244,-0.200 l_valid=1 l_fwd=-0.237,-0.972,0.000 l_off=0.123,-0.339,-0.200 h_off=0.000,0.000,0.000
client level=warn t=564969 ev=vr.xr hand yaw=-1.8097 r_valid=1 r_fwd=-0.237,-0.972,0.000 r_up=0.000,0.000,1.000 r_off=-0.265,-0.244,-0.200 l_valid=1 l_fwd=-0.237,-0.972,0.000 l_off=0.123,-0.339,-0.200 h_off=0.000,0.000,0.000
client level=warn t=565703 ev=vr.weapon callers path=getter D5D832:180 B363FA:540 B3598D:180
client level=warn t=565703 ev=vr.weapon callers path=ptr D98F49:900 DB8CB6:180 12B0A09:180 16E8861:180 D8F242:180 D8B348:180 D8B9B5:180 12B2284:18 D2F672:18 D7FB5C:70 F4276C:2 D8492B:44 D7FF2C:11
client level=warn t=565703 ev=vr.weapon callers path=xform D5896F:180
client level=warn t=565719 ev=vr.xr hand yaw=-1.8097 r_valid=1 r_fwd=-0.237,-0.972,0.000 r_up=0.000,0.000,1.000 r_off=-0.265,-0.244,-0.200 l_valid=1 l_fwd=-0.237,-0.972,0.000 l_off=0.123,-0.339,-0.200 h_off=0.000,0.000,0.000
client level=warn t=565719 ev=vr.xr pose fwd=-0.237,-0.972,0.000 off=0.000,0.000,0.000 fov=1.8151 aspect=1.074
client level=warn t=565719 ev=vr.xr submit layers=1 result=0 fov=1.8151
client level=warn t=565719 ev=vr.pad stats injected=0 held=0 mouse=0,0 move=0.00,0.00 turn=0.00,0.00 trig=0.00,0.00 buttons=0x0
client level=warn t=565719 ev=vr.probe pose in_pos=625.52,300.00,41.80 in_fwd=-0.237,-0.972,0.000 in_fov=1.4242 out_pos=625.52,300.00,41.80 out_fwd=-0.237,-0.972,0.000 out_fov=1.8151
client level=info t=566000 ev=nettick stage=sample latch=1 callbacks=102693
server level=info t=566297 ev=gameplay stage=message result=ok id=4 peerstage=5
client level=warn t=566453 ev=vr.xr hand yaw=-1.8097 r_valid=1 r_fwd=-0.237,-0.972,0.000 r_up=0.000,0.000,1.000 r_off=-0.265,-0.244,-0.200 l_valid=1 l_fwd=-0.237,-0.972,0.000 l_off=0.123,-0.339,-0.200 h_off=0.000,0.000,0.000
client level=warn t=567172 ev=vr.xr hand yaw=-1.8097 r_valid=1 r_fwd=-0.237,-0.972,0.000 r_up=0.000,0.000,1.000 r_off=-0.265,-0.244,-0.200 l_valid=1 l_fwd=-0.237,-0.972,0.000 l_off=0.123,-0.339,-0.200 h_off=0.000,0.000,0.000
client level=warn t=567891 ev=vr.weapon callers path=getter D5D832:180 B363FA:540 B3598D:180
client level=warn t=567891 ev=vr.weapon callers path=ptr D98F49:900 DB8CB6:180 12B0A09:180 16E8861:180 D8F242:180 D8B348:180 D8B9B5:180 12B2284:18 D2F672:18 D7FB5C:66 F4276C:3 D8492B:48 D7FF2C:11
client level=warn t=567891 ev=vr.weapon callers path=xform D5896F:180
client level=warn t=567891 ev=vr.xr hand yaw=-1.8097 r_valid=1 r_fwd=-0.237,-0.972,0.000 r_up=0.000,0.000,1.000 r_off=-0.265,-0.244,-0.200 l_valid=1 l_fwd=-0.237,-0.972,0.000 l_off=0.123,-0.339,-0.200 h_off=0.000,0.000,0.000
client level=warn t=567891 ev=vr.xr pose fwd=-0.237,-0.972,0.000 off=0.000,0.000,0.000 fov=1.8151 aspect=1.074
client level=warn t=567891 ev=vr.pad stats injected=0 held=0 mouse=0,0 move=0.00,0.00 turn=0.00,0.00 trig=0.00,0.00 buttons=0x0
client level=warn t=567907 ev=vr.probe pose in_pos=625.52,300.00,41.80 in_fwd=-0.237,-0.972,0.000 in_fov=1.4242 out_pos=625.52,300.00,41.80 out_fwd=-0.237,-0.972,0.000 out_fov=1.8151
client level=info t=568000 ev=nettick stage=sample latch=1 callbacks=102860
client level=warn t=568625 ev=vr.xr hand yaw=-1.8097 r_valid=1 r_fwd=-0.237,-0.972,0.000 r_up=0.000,0.000,1.000 r_off=-0.265,-0.244,-0.200 l_valid=1 l_fwd=-0.237,-0.972,0.000 l_off=0.123,-0.339,-0.200 h_off=0.000,0.000,0.000
client level=warn t=569328 ev=vr.xr hand yaw=-1.8097 r_valid=1 r_fwd=-0.237,-0.972,0.000 r_up=0.000,0.000,1.000 r_off=-0.265,-0.244,-0.200 l_valid=1 l_fwd=-0.237,-0.972,0.000 l_off=0.123,-0.339,-0.200 h_off=0.000,0.000,0.000
client level=warn t=569328 ev=vr.xr submit layers=1 result=0 fov=1.8151
server level=info t=569407 ev=gameplay stage=message result=ok id=4 peerstage=5
client level=info t=570000 ev=nettick stage=sample latch=1 callbacks=103027
client level=warn t=570047 ev=vr.weapon callers path=getter D5D832:180 B363FA:540 B3598D:180
client level=warn t=570047 ev=vr.weapon callers path=ptr D98F49:900 DB8CB6:180 12B0A09:180 16E8861:180 D8F242:180 D8B348:180 D8B9B5:180 12B2284:18 D2F672:18 D7FB5C:66 F4276C:2 D8492B:44 D7FF2C:12
client level=warn t=570047 ev=vr.weapon callers path=xform D5896F:180
client level=warn t=570047 ev=vr.xr hand yaw=-1.8097 r_valid=1 r_fwd=-0.237,-0.972,0.000 r_up=0.000,0.000,1.000 r_off=-0.265,-0.244,-0.200 l_valid=1 l_fwd=-0.237,-0.972,0.000 l_off=0.123,-0.339,-0.200 h_off=0.000,0.000,0.000
client level=warn t=570047 ev=vr.xr pose fwd=-0.237,-0.972,0.000 off=0.000,0.000,0.000 fov=1.8151 aspect=1.074
client level=warn t=570047 ev=vr.pad stats injected=0 held=0 mouse=0,0 move=0.00,0.00 turn=0.00,0.00 trig=0.00,0.00 buttons=0x0
client level=warn t=570047 ev=vr.probe pose in_pos=625.52,300.00,41.80 in_fwd=-0.237,-0.972,0.000 in_fov=1.4242 out_pos=625.52,300.00,41.80 out_fwd=-0.237,-0.972,0.000 out_fov=1.8151
client level=warn t=570766 ev=vr.xr hand yaw=-1.8097 r_valid=1 r_fwd=-0.237,-0.972,0.000 r_up=0.000,0.000,1.000 r_off=-0.265,-0.244,-0.200 l_valid=1 l_fwd=-0.237,-0.972,0.000 l_off=0.123,-0.339,-0.200 h_off=0.000,0.000,0.000
client level=warn t=571485 ev=vr.xr hand yaw=-1.8097 r_valid=1 r_fwd=-0.237,-0.972,0.000 r_up=0.000,0.000,1.000 r_off=-0.265,-0.244,-0.200 l_valid=1 l_fwd=-0.237,-0.972,0.000 l_off=0.123,-0.339,-0.200 h_off=0.000,0.000,0.000
client level=info t=572000 ev=nettick stage=sample latch=1 callbacks=103194
client level=warn t=572203 ev=vr.weapon callers path=getter D5D832:180 B363FA:540 B3598D:180
client level=warn t=572203 ev=vr.weapon callers path=ptr D98F49:900 DB8CB6:180 12B0A09:180 16E8861:180 D8F242:180 D8B348:180 D8B9B5:180 12B2284:18 D2F672:18 D7FB5C:68 F4276C:2 D8492B:44 D7FF2C:11
client level=warn t=572203 ev=vr.weapon callers path=xform D5896F:180
client level=warn t=572203 ev=vr.xr hand yaw=-1.8097 r_valid=1 r_fwd=-0.237,-0.972,0.000 r_up=0.000,0.000,1.000 r_off=-0.265,-0.244,-0.200 l_valid=1 l_fwd=-0.237,-0.972,0.000 l_off=0.123,-0.339,-0.200 h_off=0.000,0.000,0.000
client level=warn t=572203 ev=vr.xr pose fwd=-0.237,-0.972,0.000 off=0.000,0.000,0.000 fov=1.8151 aspect=1.074
client level=warn t=572203 ev=vr.pad stats injected=0 held=0 mouse=0,0 move=0.00,0.00 turn=0.00,0.00 trig=0.00,0.00 buttons=0x0
client level=warn t=572203 ev=vr.probe pose in_pos=625.52,300.00,41.80 in_fwd=-0.237,-0.972,0.000 in_fov=1.4242 out_pos=625.52,300.00,41.80 out_fwd=-0.237,-0.972,0.000 out_fov=1.8151
server level=info t=572516 ev=gameplay stage=message result=ok id=4 peerstage=5
client level=warn t=572985 ev=vr.xr hand yaw=-1.8097 r_valid=1 r_fwd=-0.237,-0.972,0.000 r_up=0.000,0.000,1.000 r_off=-0.265,-0.244,-0.200 l_valid=1 l_fwd=-0.237,-0.972,0.000 l_off=0.123,-0.339,-0.200 h_off=0.000,0.000,0.000
client level=warn t=572985 ev=vr.xr submit layers=1 result=0 fov=1.8151
client level=warn t=573782 ev=vr.xr hand yaw=-1.8097 r_valid=1 r_fwd=-0.237,-0.972,0.000 r_up=0.000,0.000,1.000 r_off=-0.265,-0.244,-0.200 l_valid=1 l_fwd=-0.237,-0.972,0.000 l_off=0.123,-0.339,-0.200 h_off=0.000,0.000,0.000
client level=info t=574000 ev=nettick stage=sample latch=1 callbacks=103348
client level=warn t=574578 ev=vr.weapon callers path=getter D5D832:180 B363FA:540 B3598D:180
client level=warn t=574578 ev=vr.weapon callers path=ptr D98F49:900 DB8CB6:180 12B0A09:180 16E8861:180 D8F242:180 D8B348:180 D8B9B5:180 12B2284:20 D2F672:20 D7FB5C:68 F4276C:2 D8492B:44 D7FF2C:11
client level=warn t=574578 ev=vr.weapon callers path=xform D5896F:180
client level=warn t=574578 ev=vr.xr hand yaw=-1.8097 r_valid=1 r_fwd=-0.237,-0.972,0.000 r_up=0.000,0.000,1.000 r_off=-0.265,-0.244,-0.200 l_valid=1 l_fwd=-0.237,-0.972,0.000 l_off=0.123,-0.339,-0.200 h_off=0.000,0.000,0.000
client level=warn t=574578 ev=vr.xr pose fwd=-0.237,-0.972,0.000 off=0.000,0.000,0.000 fov=1.8151 aspect=1.074
client level=warn t=574578 ev=vr.pad stats injected=0 held=0 mouse=0,0 move=0.00,0.00 turn=0.00,0.00 trig=0.00,0.00 buttons=0x0
client level=warn t=574594 ev=vr.probe pose in_pos=625.52,300.00,41.80 in_fwd=-0.237,-0.972,0.000 in_fov=1.4242 out_pos=625.52,300.00,41.80 out_fwd=-0.237,-0.972,0.000 out_fov=1.8151
client level=warn t=575328 ev=vr.xr hand yaw=-1.8097 r_valid=1 r_fwd=-0.237,-0.972,0.000 r_up=0.000,0.000,1.000 r_off=-0.265,-0.244,-0.200 l_valid=1 l_fwd=-0.237,-0.972,0.000 l_off=0.123,-0.339,-0.200 h_off=0.000,0.000,0.000
server level=info t=575610 ev=gameplay stage=message result=ok id=4 peerstage=5
client level=info t=576000 ev=nettick stage=sample latch=1 callbacks=103509
client level=warn t=576032 ev=vr.xr hand yaw=-1.8097 r_valid=1 r_fwd=-0.237,-0.972,0.000 r_up=0.000,0.000,1.000 r_off=-0.265,-0.244,-0.200 l_valid=1 l_fwd=-0.237,-0.972,0.000 l_off=0.123,-0.339,-0.200 h_off=0.000,0.000,0.000
client level=warn t=576735 ev=vr.weapon callers path=getter D5D832:180 B363FA:540 B3598D:180
client level=warn t=576735 ev=vr.weapon callers path=ptr D98F49:900 DB8CB6:180 12B0A09:180 16E8861:180 D8F242:180 D8B348:180 D8B9B5:180 12B2284:18 D2F672:18 D7FB5C:68 F4276C:2 D8492B:46 D7FF2C:11
client level=warn t=576735 ev=vr.weapon callers path=xform D5896F:180
client level=warn t=576735 ev=vr.xr hand yaw=-1.8097 r_valid=1 r_fwd=-0.237,-0.972,0.000 r_up=0.000,0.000,1.000 r_off=-0.265,-0.244,-0.200 l_valid=1 l_fwd=-0.237,-0.972,0.000 l_off=0.123,-0.339,-0.200 h_off=0.000,0.000,0.000
client level=warn t=576735 ev=vr.xr pose fwd=-0.237,-0.972,0.000 off=0.000,0.000,0.000 fov=1.8151 aspect=1.074
client level=warn t=576735 ev=vr.xr submit layers=1 result=0 fov=1.8151
client level=warn t=576735 ev=vr.pad stats injected=0 held=0 mouse=0,0 move=0.00,0.00 turn=0.00,0.00 trig=0.00,0.00 buttons=0x0
client level=warn t=576750 ev=vr.probe pose in_pos=625.52,300.00,41.80 in_fwd=-0.237,-0.972,0.000 in_fov=1.4242 out_pos=625.52,300.00,41.80 out_fwd=-0.237,-0.972,0.000 out_fov=1.8151
client level=warn t=577532 ev=vr.xr hand yaw=-1.8097 r_valid=1 r_fwd=-0.237,-0.972,0.000 r_up=0.000,0.000,1.000 r_off=-0.265,-0.244,-0.200 l_valid=1 l_fwd=-0.237,-0.972,0.000 l_off=0.123,-0.339,-0.200 h_off=0.000,0.000,0.000
client level=info t=578000 ev=nettick stage=sample latch=1 callbacks=103665
client level=warn t=578313 ev=vr.xr hand yaw=-1.8097 r_valid=1 r_fwd=-0.237,-0.972,0.000 r_up=0.000,0.000,1.000 r_off=-0.265,-0.244,-0.200 l_valid=1 l_fwd=-0.237,-0.972,0.000 l_off=0.123,-0.339,-0.200 h_off=0.000,0.000,0.000
server level=info t=578703 ev=gameplay stage=message result=ok id=4 peerstage=5
server level=info t=579016 ev=ws701 stage=profile_setup result=complete
client level=warn t=579016 ev=vr.weapon callers path=getter D5D832:180 B363FA:540 B3598D:180
client level=warn t=579016 ev=vr.weapon callers path=ptr D98F49:900 DB8CB6:180 12B0A09:180 16E8861:180 D8F242:180 D8B348:180 D8B9B5:180 12B2284:19 D2F672:19 D7FB5C:66 F4276C:3 D8492B:46 D7FF2C:12
client level=warn t=579016 ev=vr.weapon callers path=xform D5896F:180
client level=warn t=579032 ev=vr.xr hand yaw=-1.8097 r_valid=1 r_fwd=-0.237,-0.972,0.000 r_up=0.000,0.000,1.000 r_off=-0.265,-0.244,-0.200 l_valid=1 l_fwd=-0.237,-0.972,0.000 l_off=0.123,-0.339,-0.200 h_off=0.000,0.000,0.000
client level=warn t=579032 ev=vr.xr pose fwd=-0.237,-0.972,0.000 off=0.000,0.000,0.000 fov=1.8151 aspect=1.074
client level=warn t=579032 ev=vr.pad stats injected=0 held=0 mouse=0,0 move=0.00,0.00 turn=0.00,0.00 trig=0.00,0.00 buttons=0x0
server level=info t=579032 ev=activity stage=writeback result=ok world_state=8
client level=warn t=579032 ev=vr.probe pose in_pos=625.52,300.00,41.80 in_fwd=-0.237,-0.972,0.000 in_fov=1.4242 out_pos=625.52,300.00,41.80 out_fwd=-0.237,-0.972,0.000 out_fov=1.8151
client level=warn t=579735 ev=vr.xr hand yaw=-1.8097 r_valid=1 r_fwd=-0.237,-0.972,0.000 r_up=0.000,0.000,1.000 r_off=-0.265,-0.244,-0.200 l_valid=1 l_fwd=-0.237,-0.972,0.000 l_off=0.123,-0.339,-0.200 h_off=0.000,0.000,0.000
client level=info t=580000 ev=nettick stage=sample latch=1 callbacks=103833
client level=warn t=580453 ev=vr.xr hand yaw=-1.8097 r_valid=1 r_fwd=-0.237,-0.972,0.000 r_up=0.000,0.000,1.000 r_off=-0.265,-0.244,-0.200 l_valid=1 l_fwd=-0.237,-0.972,0.000 l_off=0.123,-0.339,-0.200 h_off=0.000,0.000,0.000
client level=warn t=580453 ev=vr.xr submit layers=1 result=0 fov=1.8151
client level=warn t=581172 ev=vr.weapon callers path=getter D5D832:180 B363FA:540 B3598D:180
client level=warn t=581172 ev=vr.weapon callers path=ptr D98F49:900 DB8CB6:180 12B0A09:180 16E8861:180 D8F242:180 D8B348:180 D8B9B5:180 12B2284:19 D2F672:19 D7FB5C:66 F4276C:2 D8492B:44 D7FF2C:11
client level=warn t=581172 ev=vr.weapon callers path=xform D5896F:180
client level=warn t=581172 ev=vr.xr hand yaw=-1.8097 r_valid=1 r_fwd=-0.237,-0.972,0.000 r_up=0.000,0.000,1.000 r_off=-0.265,-0.244,-0.200 l_valid=1 l_fwd=-0.237,-0.972,0.000 l_off=0.123,-0.339,-0.200 h_off=0.000,0.000,0.000
client level=warn t=581172 ev=vr.xr pose fwd=-0.237,-0.972,0.000 off=0.000,0.000,0.000 fov=1.8151 aspect=1.074
client level=warn t=581172 ev=vr.pad stats injected=0 held=0 mouse=0,0 move=0.00,0.00 turn=0.00,0.00 trig=0.00,0.00 buttons=0x0
client level=warn t=581172 ev=vr.probe pose in_pos=625.52,300.00,41.80 in_fwd=-0.237,-0.972,0.000 in_fov=1.4242 out_pos=625.52,300.00,41.80 out_fwd=-0.237,-0.972,0.000 out_fov=1.8151
server level=info t=581797 ev=gameplay stage=message result=ok id=4 peerstage=5
client level=warn t=581875 ev=vr.xr hand yaw=-1.8097 r_valid=1 r_fwd=-0.237,-0.972,0.000 r_up=0.000,0.000,1.000 r_off=-0.265,-0.244,-0.200 l_valid=1 l_fwd=-0.237,-0.972,0.000 l_off=0.123,-0.339,-0.200 h_off=0.000,0.000,0.000
client level=info t=582000 ev=nettick stage=sample latch=1 callbacks=104001
client level=warn t=582610 ev=vr.xr hand yaw=-1.8097 r_valid=1 r_fwd=-0.237,-0.972,0.000 r_up=0.000,0.000,1.000 r_off=-0.265,-0.244,-0.200 l_valid=1 l_fwd=-0.237,-0.972,0.000 l_off=0.123,-0.339,-0.200 h_off=0.000,0.000,0.000
client level=warn t=583328 ev=vr.weapon callers path=getter D5D832:180 B363FA:540 B3598D:180
client level=warn t=583328 ev=vr.weapon callers path=ptr D98F49:900 DB8CB6:180 12B0A09:180 16E8861:180 D8F242:180 D8B348:180 D8B9B5:180 12B2284:18 D2F672:18 D7FB5C:69 F4276C:2 D8492B:44 D7FF2C:11
client level=warn t=583328 ev=vr.weapon callers path=xform D5896F:180
client level=warn t=583328 ev=vr.xr hand yaw=-1.8097 r_valid=1 r_fwd=-0.237,-0.972,0.000 r_up=0.000,0.000,1.000 r_off=-0.265,-0.244,-0.200 l_valid=1 l_fwd=-0.237,-0.972,0.000 l_off=0.123,-0.339,-0.200 h_off=0.000,0.000,0.000
client level=warn t=583328 ev=vr.xr pose fwd=-0.237,-0.972,0.000 off=0.000,0.000,0.000 fov=1.8151 aspect=1.074
client level=warn t=583328 ev=vr.pad stats injected=0 held=0 mouse=0,0 move=0.00,0.00 turn=0.00,0.00 trig=0.00,0.00 buttons=0x0
client level=warn t=583328 ev=vr.probe pose in_pos=625.52,300.00,41.80 in_fwd=-0.237,-0.972,0.000 in_fov=1.4242 out_pos=625.52,300.00,41.80 out_fwd=-0.237,-0.972,0.000 out_fov=1.8151
client level=info t=584000 ev=nettick stage=sample latch=1 callbacks=104167
client level=warn t=584047 ev=vr.xr hand yaw=-1.8097 r_valid=1 r_fwd=-0.237,-0.972,0.000 r_up=0.000,0.000,1.000 r_off=-0.265,-0.244,-0.200 l_valid=1 l_fwd=-0.237,-0.972,0.000 l_off=0.123,-0.339,-0.200 h_off=0.000,0.000,0.000
client level=warn t=584047 ev=vr.xr submit layers=1 result=0 fov=1.8151
client level=warn t=584782 ev=vr.xr hand yaw=-1.8097 r_valid=1 r_fwd=-0.237,-0.972,0.000 r_up=0.000,0.000,1.000 r_off=-0.265,-0.244,-0.200 l_valid=1 l_fwd=-0.237,-0.972,0.000 l_off=0.123,-0.339,-0.200 h_off=0.000,0.000,0.000
server level=info t=584922 ev=gameplay stage=message result=ok id=4 peerstage=5
client level=warn t=585485 ev=vr.weapon callers path=getter D5D832:180 B363FA:540 B3598D:180
client level=warn t=585485 ev=vr.weapon callers path=ptr D98F49:900 DB8CB6:180 12B0A09:180 16E8861:180 D8F242:180 D8B348:180 D8B9B5:180 12B2284:18 D2F672:18 D7FB5C:69 F4276C:2 D8492B:45 D7FF2C:11
client level=warn t=585485 ev=vr.weapon callers path=xform D5896F:180
client level=warn t=585485 ev=vr.xr hand yaw=-1.8097 r_valid=1 r_fwd=-0.237,-0.972,0.000 r_up=0.000,0.000,1.000 r_off=-0.265,-0.244,-0.200 l_valid=1 l_fwd=-0.237,-0.972,0.000 l_off=0.123,-0.339,-0.200 h_off=0.000,0.000,0.000
client level=warn t=585485 ev=vr.xr pose fwd=-0.237,-0.972,0.000 off=0.000,0.000,0.000 fov=1.8151 aspect=1.074
client level=warn t=585485 ev=vr.pad stats injected=0 held=0 mouse=0,0 move=0.00,0.00 turn=0.00,0.00 trig=0.00,0.00 buttons=0x0
client level=warn t=585485 ev=vr.probe pose in_pos=625.52,300.00,41.80 in_fwd=-0.237,-0.972,0.000 in_fov=1.4242 out_pos=625.52,300.00,41.80 out_fwd=-0.237,-0.972,0.000 out_fov=1.8151
client level=info t=586000 ev=nettick stage=sample latch=1 callbacks=104335
client level=warn t=586203 ev=vr.xr hand yaw=-1.8097 r_valid=1 r_fwd=-0.237,-0.972,0.000 r_up=0.000,0.000,1.000 r_off=-0.265,-0.244,-0.200 l_valid=1 l_fwd=-0.237,-0.972,0.000 l_off=0.123,-0.339,-0.200 h_off=0.000,0.000,0.000
client level=warn t=586922 ev=vr.xr hand yaw=-1.8097 r_valid=1 r_fwd=-0.237,-0.972,0.000 r_up=0.000,0.000,1.000 r_off=-0.265,-0.244,-0.200 l_valid=1 l_fwd=-0.237,-0.972,0.000 l_off=0.123,-0.339,-0.200 h_off=0.000,0.000,0.000
client level=warn t=587641 ev=vr.weapon callers path=getter D5D832:180 B363FA:540 B3598D:180
client level=warn t=587641 ev=vr.weapon callers path=ptr D98F49:900 DB8CB6:180 12B0A09:180 16E8861:180 D8F242:180 D8B348:180 D8B9B5:180 12B2284:18 D2F672:18 D7FB5C:66 F4276C:2 D8492B:47 D7FF2C:12
client level=warn t=587641 ev=vr.weapon callers path=xform D5896F:180
client level=warn t=587641 ev=vr.xr hand yaw=-1.8097 r_valid=1 r_fwd=-0.237,-0.972,0.000 r_up=0.000,0.000,1.000 r_off=-0.265,-0.244,-0.200 l_valid=1 l_fwd=-0.237,-0.972,0.000 l_off=0.123,-0.339,-0.200 h_off=0.000,0.000,0.000
client level=warn t=587641 ev=vr.xr pose fwd=-0.237,-0.972,0.000 off=0.000,0.000,0.000 fov=1.8151 aspect=1.074
client level=warn t=587641 ev=vr.xr submit layers=1 result=0 fov=1.8151
client level=warn t=587641 ev=vr.pad stats injected=0 held=0 mouse=0,0 move=0.00,0.00 turn=0.00,0.00 trig=0.00,0.00 buttons=0x0
client level=warn t=587657 ev=vr.probe pose in_pos=625.52,300.00,41.80 in_fwd=-0.237,-0.972,0.000 in_fov=1.4242 out_pos=625.52,300.00,41.80 out_fwd=-0.237,-0.972,0.000 out_fov=1.8151
client level=info t=588000 ev=nettick stage=sample latch=1 callbacks=104501
server level=info t=588016 ev=gameplay stage=message result=ok id=4 peerstage=5
client level=warn t=588407 ev=vr.xr hand yaw=-1.8097 r_valid=1 r_fwd=-0.237,-0.972,0.000 r_up=0.000,0.000,1.000 r_off=-0.265,-0.244,-0.200 l_valid=1 l_fwd=-0.237,-0.972,0.000 l_off=0.123,-0.339,-0.200 h_off=0.000,0.000,0.000
client level=warn t=589125 ev=vr.xr hand yaw=-1.8097 r_valid=1 r_fwd=-0.237,-0.972,0.000 r_up=0.000,0.000,1.000 r_off=-0.265,-0.244,-0.200 l_valid=1 l_fwd=-0.237,-0.972,0.000 l_off=0.123,-0.339,-0.200 h_off=0.000,0.000,0.000
client level=warn t=589828 ev=vr.weapon callers path=getter D5D832:180 B363FA:540 B3598D:180
client level=warn t=589828 ev=vr.weapon callers path=ptr D98F49:900 DB8CB6:180 12B0A09:180 16E8861:180 D8F242:180 D8B348:180 D8B9B5:180 12B2284:18 D2F672:18 D7FB5C:66 F4276C:2 D8492B:44 D7FF2C:11
client level=warn t=589828 ev=vr.weapon callers path=xform D5896F:180
client level=warn t=589828 ev=vr.xr hand yaw=-1.8097 r_valid=1 r_fwd=-0.237,-0.972,0.000 r_up=0.000,0.000,1.000 r_off=-0.265,-0.244,-0.200 l_valid=1 l_fwd=-0.237,-0.972,0.000 l_off=0.123,-0.339,-0.200 h_off=0.000,0.000,0.000
client level=warn t=589828 ev=vr.xr pose fwd=-0.237,-0.972,0.000 off=0.000,0.000,0.000 fov=1.8151 aspect=1.074
client level=warn t=589828 ev=vr.pad stats injected=0 held=0 mouse=0,0 move=0.00,0.00 turn=0.00,0.00 trig=0.00,0.00 buttons=0x0
client level=warn t=589844 ev=vr.probe pose in_pos=625.52,300.00,41.80 in_fwd=-0.237,-0.972,0.000 in_fov=1.4242 out_pos=625.52,300.00,41.80 out_fwd=-0.237,-0.972,0.000 out_fov=1.8151
client level=info t=590000 ev=nettick stage=sample latch=1 callbacks=104665
