server level=info t=500 ev=mission_script stage=initialize result=enabled session=0 activity_row=0
server level=info t=500 ev=transport stage=listen result=ok port=30974
server level=info t=500 ev=gameplay stage=endpoint result=ok mode=embedded port=30976 ports=16 of=16
client level=info t=563 ev=package_trust stage=attach result=ok mode=package_integrity_bypass
client level=info t=578 ev=bootflow_texture stage=attach count=18 result=ok
client level=info t=578 ev=steam_init result=ok
client level=info t=578 ev=hook stage=install group=egress count=31 result=ok
client level=info t=1578 ev=graphics stage=probe result=ok driver=hardware level=0xB000
client level=info t=1641 ev=cursor stage=install result=ok
client level=info t=1641 ev=polled_input stage=install result=ok
client level=info t=1641 ev=activate stage=graphics result=ok
client level=info t=1656 ev=activate stage=platform result=ok
client level=info t=1672 ev=renderer stage=init result=ok
client level=info t=1938 ev=bootstrap stage=token result=ok
client level=info t=1969 ev=investment stage=family5_commit result=ok
client level=info t=1969 ev=investment stage=install result=ok
client level=info t=1969 ev=activate stage=game_network result=ok
client level=info t=1969 ev=activate stage=package_keys result=ok
client level=info t=1969 ev=retail stage=install result=ok
client level=info t=1969 ev=assert stage=install result=ok
client level=info t=2000 ev=probe stage=hitch result=installed
client level=info t=2000 ev=probe stage=stall result=installed
client level=info t=2016 ev=probe stage=sense result=installed
client level=info t=2063 ev=async_io_guard stage=patch result=ok mode=cached_manager_owner
client level=info t=2063 ev=config_getter stage=install result=ok
client level=info t=2141 ev=bootflow stage=character_select result=ok
client level=info t=2141 ev=bootflow stage=slice_set result=ok
client level=info t=2141 ev=bootflow stage=composition result=ok
client level=info t=2141 ev=bootflow stage=orbit_handoff result=ok
client level=info t=2141 ev=bootflow stage=owner_slot result=ok
client level=info t=2141 ev=bootflow stage=region result=ok
client level=info t=2141 ev=bootflow stage=world_step result=ok
client level=info t=2156 ev=bootflow stage=current_slice result=ok
client level=info t=2203 ev=teleport stage=install result=ok
client level=info t=2219 ev=noclip stage=install result=ok
client level=info t=2250 ev=infinite_ammo stage=install result=ok
client level=info t=2266 ev=inactivity stage=install result=ok
client level=info t=2266 ev=queuez stage=notification result=ok
client level=info t=2281 ev=bitmap stage=ref_guard result=ok
client level=info t=2297 ev=probe stage=msg12 result=installed
client level=info t=2453 ev=probe stage=cine result=installed
client level=info t=2500 ev=probe stage=cine6 result=installed
client level=info t=2703 ev=world_objects stage=install result=ok
client level=info t=2703 ev=activate stage=main result=ok
client level=info t=2703 ev=nettick stage=resolve result=ok latch=0x00007FF686230827
client level=info t=2703 ev=nettick stage=sample latch=1 callbacks=4
server level=info t=2703 ev=core stage=pump result=server_thread
client level=info t=2735 ev=pkg stage=abilities result=ok rows=12
client level=info t=2735 ev=build_data stage=items result=ok rows=15424
client level=info t=2750 ev=build_data stage=domains named=1 items=1 details=1 buckets=1 sockets=1 abilities=1 progressions=1 scenarios=1
client level=info t=2860 ev=inactivity stage=release result=noop
client level=info t=3891 ev=retail site=5 text=networking:stun: Created stun endpoint, advancing to DNS discovery
client level=info t=3906 ev=retail site=6 text=networking:stun: Using lookup type: [0]
client level=info t=3922 ev=retail site=6 text=networking:stun: Using lookup type: [0]
client level=info t=3938 ev=retail site=6 text=networking:stun: Using lookup type: [0]
client level=info t=3953 ev=retail site=6 text=networking:stun: Using lookup type: [0]
client level=info t=3969 ev=retail site=6 text=networking:stun: Using lookup type: [0]
client level=info t=3985 ev=retail site=6 text=networking:stun: Using lookup type: [0]
client level=info t=4000 ev=retail site=6 text=networking:stun: Using lookup type: [0]
client level=info t=4016 ev=retail site=6 text=networking:stun: Using lookup type: [0]
client level=info t=4016 ev=retail site=6 text=networking:stun: Using lookup type: [0]
client level=info t=4031 ev=retail site=6 text=networking:stun: Using lookup type: [0]
client level=info t=4047 ev=retail site=6 text=networking:stun: Using lookup type: [0]
client level=info t=4063 ev=retail site=6 text=networking:stun: Using lookup type: [0]
client level=info t=4078 ev=retail site=6 text=networking:stun: Using lookup type: [0]
client level=info t=4094 ev=retail site=6 text=networking:stun: Using lookup type: [0]
client level=info t=4110 ev=retail site=6 text=networking:stun: Using lookup type: [0]
client level=info t=4125 ev=retail site=6 text=networking:stun: Using lookup type: [0]
client level=info t=4141 ev=retail site=6 text=networking:stun: Using lookup type: [0]
client level=info t=4156 ev=retail site=6 text=networking:stun: Using lookup type: [0]
client level=info t=4156 ev=retail site=7 text=networking:stun: Selected stun server: [0] ip address: [127.0.0.1:3074] valid stun server count: [1]
client level=info t=4172 ev=retail site=8 text=networking:stun: client external ip address: [127.0.0.1:3097]
client level=info t=4203 ev=retail site=9 text=networking:stun: Reporting NAT type [1] and address [127.0.0.1:3097].
client level=info t=4703 ev=nettick stage=sample latch=1 callbacks=245
client level=info t=6703 ev=nettick stage=sample latch=1 callbacks=533
client level=info t=8703 ev=nettick stage=sample latch=1 callbacks=821
client level=info t=9750 ev=retail site=3 text=world_controller:state_manager: Entering state 'bootflow:start' for reason 'unavailable'.
client level=info t=10703 ev=nettick stage=sample latch=1 callbacks=1109
client level=info t=12703 ev=nettick stage=sample latch=1 callbacks=1396
client level=info t=14703 ev=nettick stage=sample latch=1 callbacks=1683
client level=info t=16703 ev=nettick stage=sample latch=1 callbacks=1971
client level=info t=18703 ev=nettick stage=sample latch=1 callbacks=2259
client level=info t=20703 ev=nettick stage=sample latch=1 callbacks=2547
client level=info t=22719 ev=nettick stage=sample latch=1 callbacks=2824
client level=info t=24719 ev=nettick stage=sample latch=1 callbacks=3085
client level=info t=26719 ev=nettick stage=sample latch=1 callbacks=3361
client level=info t=28672 ev=retail site=10 text=networking:link: Endpoint traffic is now: [disabled].
client level=info t=28672 ev=retail site=0 text=networking:UPnP: Resetting UPnP client.
client level=info t=28672 ev=retail site=3 text=world_controller:state_manager: Entering state 'bootflow:platform_signin' for reason 'unavailable'.
client level=info t=28672 ev=retail site=11 text=world_controller:retail_datamine: Timed operation: [ENUM(4)], took: [0 ms], average: [0.000000 ms], min: [0.000000], max: [0.000000], count: [1]
client level=info t=28672 ev=retail site=12 text=networking:logic:session: local user 0 set platform account id=unknown platform account id, live=1, online=1, free=0, user_content=1, friend_content=1
client level=info t=28672 ev=retail site=11 text=world_controller:retail_datamine: Timed operation: [ENUM(5)], took: [0 ms], average: [0.000000 ms], min: [0.000000], max: [0.000000], count: [1]
client level=info t=28672 ev=retail site=3 text=world_controller:state_manager: Entering state 'bootflow:platform_account_warnings' for reason 'unavailable'.
client level=info t=28672 ev=retail site=3 text=world_controller:state_manager: Entering state 'bootflow:enumerate_content_rights' for reason 'unavailable'.
client level=info t=28672 ev=retail site=3 text=world_controller:state_manager: Entering state 'bootflow:account_signin' for reason 'unavailable'.
client level=info t=28719 ev=nettick stage=sample latch=1 callbacks=3639
server level=info t=28735 ev=http method=post route=signon result=ok
client level=info t=28735 ev=retail site=13 text=networking:signon:client: Server environment: live
client level=info t=28735 ev=retail site=14 text=networking:stun: Client external address from signon: [127.0.0.1:0].
client level=info t=28750 ev=retail site=15 text=world_controller:state:bootflow_account_signin_handler: Demonware lobby connection not desired, continuing without Demonware lobby connection.
client level=info t=28750 ev=retail site=11 text=world_controller:retail_datamine: Timed operation: [ENUM(8)], took: [70 ms], average: [70.000000 ms], min: [70.000000], max: [70.000000], count: [1]
client level=info t=28750 ev=retail site=16 text=networking:stun: Using STUN discovered address and NAT type.
client level=info t=28750 ev=retail site=17 text=world_controller:retail_datamine: Total time spent: [77] ms in world controller state: [7] name: [bootflow:account_signin]
client level=info t=28750 ev=retail site=3 text=world_controller:state_manager: Entering state 'bootflow:content_check' for reason 'unavailable'.
client level=info t=28750 ev=content_config stage=get route=manifest bytes=105232 result=ok
client level=info t=28922 ev=retail site=17 text=world_controller:retail_datamine: Total time spent: [168] ms in world controller state: [16] name: [bootflow:content_check]
client level=info t=28922 ev=retail site=3 text=world_controller:state_manager: Entering state 'bootflow:package_registration' for reason 'unavailable'.
client level=info t=30719 ev=nettick stage=sample latch=1 callbacks=3924
client level=info t=31578 ev=retail site=17 text=world_controller:retail_datamine: Total time spent: [2650] ms in world controller state: [21] name: [bootflow:package_registration]
client level=info t=31578 ev=retail site=3 text=world_controller:state_manager: Entering state 'bootflow:bap_signin' for reason 'unavailable'.
client level=info t=31578 ev=retail site=18 text=world_controller:task_manager: Started   task 'ENUM(0)'.
client level=info t=31578 ev=retail site=18 text=world_controller:task_manager: Started   task 'ENUM(1)'.
client level=info t=31578 ev=retail site=18 text=world_controller:task_manager: Started   task 'ENUM(2)'.
client level=info t=31578 ev=retail site=18 text=world_controller:task_manager: Started   task 'ENUM(3)'.
client level=info t=31578 ev=retail site=19 text=world_controller:task_manager: Completed task 'ENUM(3)' after '0ms'.
client level=info t=31578 ev=retail site=18 text=world_controller:task_manager: Started   task 'ENUM(4)'.
client level=info t=31578 ev=retail site=19 text=world_controller:task_manager: Completed task 'ENUM(4)' after '0ms'.
client level=info t=31578 ev=retail site=20 text=networking:server:bap: primary BAP server IP address: 1.0.0.127, port: 30974
server level=info t=31578 ev=transport stage=accept result=ok conn=1
client level=info t=31688 ev=retail site=19 text=world_controller:task_manager: Completed task 'ENUM(0)' after '105ms'.
client level=info t=31688 ev=retail site=11 text=world_controller:retail_datamine: Timed operation: [ENUM(13)], took: [105 ms], average: [105.000000 ms], min: [105.000000], max: [105.000000], count: [1]
client level=info t=32078 ev=retail site=19 text=world_controller:task_manager: Completed task 'ENUM(1)' after '500ms'.
client level=info t=32078 ev=retail site=18 text=world_controller:task_manager: Started   task 'ENUM(14)'.
client level=info t=32094 ev=retail site=19 text=world_controller:task_manager: Completed task 'ENUM(14)' after '15ms'.
client level=info t=32719 ev=nettick stage=sample latch=1 callbacks=4208
client level=info t=34719 ev=nettick stage=sample latch=1 callbacks=4494
client level=info t=36688 ev=retail site=19 text=world_controller:task_manager: Completed task 'ENUM(2)' after '5112ms'.
client level=info t=36688 ev=retail site=18 text=world_controller:task_manager: Started   task 'ENUM(5)'.
client level=info t=36703 ev=retail site=19 text=world_controller:task_manager: Completed task 'ENUM(5)' after '13ms'.
client level=info t=36703 ev=retail site=18 text=world_controller:task_manager: Started   task 'ENUM(6)'.
client level=info t=36703 ev=retail site=18 text=world_controller:task_manager: Started   task 'ENUM(7)'.
client level=info t=36719 ev=nettick stage=sample latch=1 callbacks=4775
client level=info t=36828 ev=retail site=19 text=world_controller:task_manager: Completed task 'ENUM(6)' after '125ms'.
client level=info t=36828 ev=retail site=11 text=world_controller:retail_datamine: Timed operation: [ENUM(11)], took: [138 ms], average: [138.000000 ms], min: [138.000000], max: [138.000000], count: [1]
client level=info t=36906 ev=retail site=19 text=world_controller:task_manager: Completed task 'ENUM(7)' after '207ms'.
client level=info t=36906 ev=retail site=18 text=world_controller:task_manager: Started   task 'ENUM(8)'.
client level=info t=36906 ev=retail site=19 text=world_controller:task_manager: Completed task 'ENUM(8)' after '0ms'.
client level=info t=36906 ev=retail site=18 text=world_controller:task_manager: Started   task 'ENUM(9)'.
client level=info t=37094 ev=retail site=19 text=world_controller:task_manager: Completed task 'ENUM(9)' after '182ms'.
client level=info t=37094 ev=retail site=18 text=world_controller:task_manager: Started   task 'ENUM(10)'.
client level=info t=37094 ev=retail site=18 text=world_controller:task_manager: Started   task 'ENUM(15)'.
client level=info t=37406 ev=retail site=19 text=world_controller:task_manager: Completed task 'ENUM(10)' after '318ms'.
client level=info t=37406 ev=retail site=18 text=world_controller:task_manager: Started   task 'ENUM(13)'.
client level=info t=37547 ev=retail site=19 text=world_controller:task_manager: Completed task 'ENUM(13)' after '140ms'.
client level=info t=37547 ev=retail site=11 text=world_controller:retail_datamine: Timed operation: [ENUM(12)], took: [640 ms], average: [640.000000 ms], min: [640.000000], max: [640.000000], count: [1]
client level=info t=37735 ev=retail site=19 text=world_controller:task_manager: Completed task 'ENUM(15)' after '645ms'.
client level=info t=37735 ev=retail site=18 text=world_controller:task_manager: Started   task 'ENUM(16)'.
client level=info t=37735 ev=retail site=18 text=world_controller:task_manager: Started   task 'ENUM(17)'.
client level=info t=37735 ev=retail site=18 text=world_controller:task_manager: Started   task 'ENUM(18)'.
client level=info t=37735 ev=retail site=19 text=world_controller:task_manager: Completed task 'ENUM(18)' after '0ms'.
client level=info t=37781 ev=retail site=19 text=world_controller:task_manager: Completed task 'ENUM(16)' after '49ms'.
client level=info t=38719 ev=nettick stage=sample latch=1 callbacks=5043
client level=info t=39235 ev=retail site=19 text=world_controller:task_manager: Completed task 'ENUM(17)' after '1500ms'.
client level=info t=39235 ev=retail site=17 text=world_controller:retail_datamine: Total time spent: [7659] ms in world controller state: [22] name: [bootflow:bap_signin]
client level=info t=39235 ev=retail site=3 text=world_controller:state_manager: Entering state 'bootflow:investment_signin' for reason 'unavailable'.
client level=info t=39235 ev=retail site=21 text=world_controller:task_manager: Started   task 'ENUM(0)'.
client level=info t=39235 ev=retail site=21 text=world_controller:task_manager: Started   task 'ENUM(1)'.
client level=info t=39235 ev=retail site=22 text=world_controller:task_manager: Completed task 'ENUM(1)' after '0ms'.
client level=info t=39235 ev=retail site=21 text=world_controller:task_manager: Started   task 'ENUM(2)'.
client level=info t=39235 ev=retail site=21 text=world_controller:task_manager: Started   task 'ENUM(6)'.
client level=info t=39281 ev=retail site=22 text=world_controller:task_manager: Completed task 'ENUM(6)' after '51ms'.
client level=info t=40250 ev=retail site=22 text=world_controller:task_manager: Completed task 'ENUM(2)' after '1009ms'.
client level=info t=40250 ev=retail site=21 text=world_controller:task_manager: Started   task 'ENUM(4)'.
client level=info t=40250 ev=retail site=21 text=world_controller:task_manager: Started   task 'ENUM(5)'.
client level=info t=40250 ev=retail site=22 text=world_controller:task_manager: Completed task 'ENUM(5)' after '0ms'.
client level=info t=40469 ev=retail site=23 text=world_controller: successfully changed world to: ambient_bootstrap
client level=info t=40469 ev=retail site=22 text=world_controller:task_manager: Completed task 'ENUM(4)' after '220ms'.
client level=info t=40531 ev=lore_visibility result=applied conditions=24
client level=info t=40531 ev=retail site=24 text=content_table_patching: patch contents have been cleared
client level=warn t=40625 ev=queuez stage=notification result=skipped reason=null_payload
client level=info t=40625 ev=retail site=25 text=networking:investment:push:queuez: failed to process update for [family_type ENUM(0), family_root_soid 0x9EAA300100100100, version 0, flags 0x01, object_count 2]
client level=info t=40656 ev=retail site=22 text=world_controller:task_manager: Completed task 'ENUM(0)' after '1418ms'.
client level=info t=40656 ev=retail site=26 text=networking:link: Starting port collsion resolution for endpoint type: [2], using port: [2003], max attempts: [100], max upnp attempts: [6]
client level=info t=40656 ev=retail site=27 text=networking:port_collision_resolver: Starting port collision resolution for endpoint type: [2] port: [2003].
client level=info t=40656 ev=retail site=21 text=world_controller:task_manager: Started   task 'ENUM(7)'.
client level=info t=40656 ev=retail site=22 text=world_controller:task_manager: Completed task 'ENUM(7)' after '0ms'.
client level=info t=40656 ev=retail site=17 text=world_controller:retail_datamine: Total time spent: [1420] ms in world controller state: [23] name: [bootflow:investment_signin]
client level=info t=40656 ev=retail site=3 text=world_controller:state_manager: Entering state 'bootflow:prepare_for_orbit' for reason 'unavailable'.
client level=info t=40656 ev=retail site=28 text=networking:UPnP: Started UPnP client for port: [2003].
client level=info t=40719 ev=nettick stage=sample latch=1 callbacks=5308
client level=info t=41125 ev=retail site=25 text=networking:investment:push:queuez: failed to process update for [family_type ENUM(0), family_root_soid 0x9EAA300100100100, version 0, flags 0x01, object_count 2]
client level=info t=42719 ev=nettick stage=sample latch=1 callbacks=5855
client level=info t=44125 ev=retail site=23 text=world_controller: successfully changed world to: orbit_d2
client level=info t=44297 ev=retail site=29 text=world_controller:state:prepare_for_orbit: Waiting for bubble host port collision resolution.
client level=info t=44719 ev=nettick stage=sample latch=1 callbacks=6342
client level=info t=46672 ev=retail site=30 text=networking:UPnP: Client completed with status: [2], port: [2003].
client level=info t=46672 ev=retail site=31 text=networking:port_collision_resolver: Unsuccessful UPnP reservation, UPnP client state: [2], endpoint type: [2] port: [2003].
client level=info t=46672 ev=retail site=0 text=networking:UPnP: Resetting UPnP client.
client level=info t=46672 ev=retail site=32 text=networking:link: Swapping out endpoint type: [2] with collision resolved endpoint using port: [2003]
client level=info t=46672 ev=retail site=17 text=world_controller:retail_datamine: Total time spent: [6022] ms in world controller state: [25] name: [bootflow:prepare_for_orbit]
client level=info t=46672 ev=retail site=10 text=networking:link: Endpoint traffic is now: [enabled].
client level=info t=46672 ev=retail site=3 text=world_controller:state_manager: Entering state 'bootflow:rejoin_activity' for reason 'unavailable'.
client level=info t=46672 ev=retail site=17 text=world_controller:retail_datamine: Total time spent: [0] ms in world controller state: [26] name: [bootflow:rejoin_activity]
client level=info t=46672 ev=retail site=3 text=world_controller:state_manager: Entering state 'character:signin' for reason 'unavailable'.
client level=info t=46672 ev=bootflow stage=character_select result=held
client level=info t=46719 ev=nettick stage=sample latch=1 callbacks=6910
client level=info t=48719 ev=nettick stage=sample latch=1 callbacks=7305
client level=info t=50375 ev=retail site=25 text=networking:investment:push:queuez: failed to process update for [family_type ENUM(0), family_root_soid 0x9EAA300100100100, version 1, flags 0x01, object_count 2]
client level=info t=50422 ev=retail site=17 text=world_controller:retail_datamine: Total time spent: [3739] ms in world controller state: [27] name: [character:signin]
client level=info t=50422 ev=retail site=11 text=world_controller:retail_datamine: Timed operation: [ENUM(15)], took: [3738 ms], average: [3738.000000 ms], min: [3738.000000], max: [3738.000000], count: [1]
client level=info t=50422 ev=retail site=3 text=world_controller:state_manager: Entering state 'cleanup' for reason 'unavailable'.
client level=info t=50422 ev=retail site=33 text=world_controller:state:cleanup: Requested task mask: '0x00e0010c30fbdf3c'
client level=info t=50422 ev=retail site=34 text=world_controller:task_manager: Started   task 'ENUM(2)'.
client level=info t=50422 ev=retail site=35 text=world_controller:task_manager: Completed task 'ENUM(2)' after '0ms'.
client level=info t=50422 ev=retail site=34 text=world_controller:task_manager: Started   task 'ENUM(3)'.
client level=info t=50422 ev=retail site=35 text=world_controller:task_manager: Completed task 'ENUM(3)' after '0ms'.
client level=info t=50422 ev=retail site=34 text=world_controller:task_manager: Started   task 'ENUM(4)'.
client level=info t=50422 ev=retail site=35 text=world_controller:task_manager: Completed task 'ENUM(4)' after '0ms'.
client level=info t=50422 ev=retail site=34 text=world_controller:task_manager: Started   task 'ENUM(5)'.
client level=info t=50422 ev=retail site=35 text=world_controller:task_manager: Completed task 'ENUM(5)' after '0ms'.
client level=info t=50422 ev=retail site=34 text=world_controller:task_manager: Started   task 'ENUM(8)'.
client level=info t=50422 ev=retail site=36 text=networking:session: [fireteam:00000000:00000000] session state is changing from 'none' to 'host-established'.
client level=info t=50422 ev=retail site=34 text=world_controller:task_manager: Started   task 'ENUM(10)'.
client level=info t=50422 ev=retail site=35 text=world_controller:task_manager: Completed task 'ENUM(10)' after '0ms'.
client level=info t=50422 ev=retail site=34 text=world_controller:task_manager: Started   task 'ENUM(11)'.
client level=info t=50422 ev=retail site=35 text=world_controller:task_manager: Completed task 'ENUM(11)' after '0ms'.
client level=info t=50422 ev=retail site=34 text=world_controller:task_manager: Started   task 'ENUM(12)'.
client level=info t=50422 ev=retail site=35 text=world_controller:task_manager: Completed task 'ENUM(12)' after '0ms'.
client level=info t=50422 ev=retail site=34 text=world_controller:task_manager: Started   task 'ENUM(14)'.
client level=info t=50422 ev=retail site=35 text=world_controller:task_manager: Completed task 'ENUM(14)' after '0ms'.
client level=info t=50422 ev=retail site=34 text=world_controller:task_manager: Started   task 'ENUM(15)'.
client level=info t=50422 ev=retail site=35 text=world_controller:task_manager: Completed task 'ENUM(15)' after '0ms'.
client level=info t=50422 ev=retail site=34 text=world_controller:task_manager: Started   task 'ENUM(16)'.
client level=info t=50422 ev=retail site=35 text=world_controller:task_manager: Completed task 'ENUM(16)' after '0ms'.
client level=info t=50422 ev=retail site=34 text=world_controller:task_manager: Started   task 'ENUM(17)'.
client level=info t=50422 ev=retail site=34 text=world_controller:task_manager: Started   task 'ENUM(19)'.
client level=info t=50422 ev=retail site=34 text=world_controller:task_manager: Started   task 'ENUM(20)'.
client level=info t=50422 ev=retail site=35 text=world_controller:task_manager: Completed task 'ENUM(20)' after '0ms'.
client level=info t=50422 ev=retail site=34 text=world_controller:task_manager: Started   task 'ENUM(21)'.
client level=info t=50422 ev=retail site=34 text=world_controller:task_manager: Started   task 'ENUM(28)'.
client level=info t=50422 ev=retail site=37 text=world_controller:retail_datamine: About to attempt retail log upload. We have '157' events, dropped '0' from THIS session due to upload cap, and have '38' unique event IDs.
client level=info t=50422 ev=retail site=34 text=world_controller:task_manager: Started   task 'ENUM(29)'.
client level=info t=50422 ev=retail site=35 text=world_controller:task_manager: Completed task 'ENUM(29)' after '0ms'.
client level=info t=50422 ev=retail site=34 text=world_controller:task_manager: Started   task 'ENUM(34)'.
client level=info t=50422 ev=retail site=35 text=world_controller:task_manager: Completed task 'ENUM(34)' after '0ms'.
client level=info t=50422 ev=retail site=34 text=world_controller:task_manager: Started   task 'ENUM(54)'.
client level=info t=50422 ev=retail site=35 text=world_controller:task_manager: Completed task 'ENUM(54)' after '0ms'.
client level=info t=50422 ev=retail site=34 text=world_controller:task_manager: Started   task 'ENUM(55)'.
client level=info t=50422 ev=retail site=38 text=world_controller:state:cleanup: After 0ms, status: '2', tasks active: '0x00800000102a0100', pending: '0x0020010800c00200', requested: '0x00e0010c30fbdf3c'
client level=info t=50422 ev=retail site=39 text=networking:session:membership:dump: [fireteam:00000000:00000000] update_number: 7, leader_peer_index: # 0, host_peer_index: # 0
client level=info t=50422 ev=retail site=40 text=networking:session:membership:dump:   peers valid: 0x1, non-dormant: 0x1, changed: 0x1, removed: 0x0; players valid: 0x1, changed: 0x0, removed: 0x0
client level=info t=50422 ev=retail site=41 text=networking:session:membership:dump:   peer # 0 a=[steamid:76561198776753861#7c18166875b90f9d] s=            _joining o=-1 j=[DFBDCF24-C07C4685] amb=[XXXXXXXX-XXXXXXXX] pc=1 peer_name=<UNKNOWN PEER NAME> session_id= flags=0
client level=info t=50547 ev=retail site=23 text=world_controller: successfully changed world to:
client level=info t=50547 ev=retail site=35 text=world_controller:task_manager: Completed task 'ENUM(19)' after '133ms'.
client level=info t=50547 ev=retail site=35 text=world_controller:task_manager: Completed task 'ENUM(21)' after '133ms'.
client level=info t=50547 ev=retail site=34 text=world_controller:task_manager: Started   task 'ENUM(22)'.
client level=info t=50547 ev=retail site=34 text=world_controller:task_manager: Started   task 'ENUM(23)'.
client level=info t=50547 ev=retail site=35 text=world_controller:task_manager: Completed task 'ENUM(23)' after '0ms'.
client level=info t=50547 ev=retail site=35 text=world_controller:task_manager: Completed task 'ENUM(28)' after '133ms'.
client level=info t=50547 ev=retail site=34 text=world_controller:task_manager: Started   task 'ENUM(53)'.
client level=info t=50547 ev=retail site=35 text=world_controller:task_manager: Completed task 'ENUM(17)' after '135ms'.
client level=info t=50547 ev=retail site=35 text=world_controller:task_manager: Completed task 'ENUM(55)' after '138ms'.
client level=info t=50563 ev=retail site=42 text=networking:session:process-pending-joins: [fireteam:9871436D:E9B75208] marking all peers in join [DFBDCF24-C07C4685] as joined
client level=info t=50563 ev=retail site=39 text=networking:session:membership:dump: [fireteam:9871436D:E9B75208] update_number: 11, leader_peer_index: # 0, host_peer_index: # 0
client level=info t=50563 ev=retail site=40 text=networking:session:membership:dump:   peers valid: 0x1, non-dormant: 0x1, changed: 0x1, removed: 0x0; players valid: 0x1, changed: 0x0, removed: 0x0
client level=info t=50563 ev=retail site=41 text=networking:session:membership:dump:   peer # 0 a=[steamid:76561198776753861#7c18166875b90f9d] s=            _waiting o=-1 j=[DFBDCF24-C07C4685] amb=[XXXXXXXX-XXXXXXXX] pc=1 peer_name=<UNKNOWN PEER NAME> session_id= flags=0
client level=info t=50563 ev=retail site=43 text=networking:session:process-pending-joins: [fireteam:9871436D:E9B75208] marking all peers in join [DFBDCF24-C07C4685] as ready, [141] ms since peer [0] created, [50614] since join was queued
client level=info t=50563 ev=retail site=39 text=networking:session:membership:dump: [fireteam:9871436D:E9B75208] update_number: 12, leader_peer_index: # 0, host_peer_index: # 0
client level=info t=50563 ev=retail site=40 text=networking:session:membership:dump:   peers valid: 0x1, non-dormant: 0x1, changed: 0x1, removed: 0x0; players valid: 0x1, changed: 0x0, removed: 0x0
client level=info t=50563 ev=retail site=41 text=networking:session:membership:dump:   peer # 0 a=[steamid:76561198776753861#7c18166875b90f9d] s=              _ready o=-1 j=[DFBDCF24-C07C4685] amb=[XXXXXXXX-XXXXXXXX] pc=1 peer_name=<UNKNOWN PEER NAME> session_id= flags=0
client level=info t=50563 ev=retail site=44 text=networking:session:process-pending-joins: [fireteam:9871436D:E9B75208] marking all peers in join [DFBDCF24-C07C4685] as established
client level=info t=50563 ev=retail site=39 text=networking:session:membership:dump: [fireteam:9871436D:E9B75208] update_number: 14, leader_peer_index: # 0, host_peer_index: # 0
client level=info t=50563 ev=retail site=40 text=networking:session:membership:dump:   peers valid: 0x1, non-dormant: 0x1, changed: 0x1, removed: 0x0; players valid: 0x1, changed: 0x0, removed: 0x0
client level=info t=50563 ev=retail site=41 text=networking:session:membership:dump:   peer # 0 a=[steamid:76561198776753861#7c18166875b90f9d] s=        _established o=-1 j=[XXXXXXXX-XXXXXXXX] amb=[XXXXXXXX-XXXXXXXX] pc=1 peer_name=<UNKNOWN PEER NAME> session_id= flags=0
client level=info t=50563 ev=retail site=35 text=world_controller:task_manager: Completed task 'ENUM(8)' after '142ms'.
client level=info t=50563 ev=retail site=34 text=world_controller:task_manager: Started   task 'ENUM(9)'.
client level=info t=50563 ev=retail site=35 text=world_controller:task_manager: Completed task 'ENUM(9)' after '0ms'.
client level=info t=50563 ev=retail site=39 text=networking:session:membership:dump: [fireteam:9871436D:E9B75208] update_number: 16, leader_peer_index: # 0, host_peer_index: # 0
client level=info t=50563 ev=retail site=40 text=networking:session:membership:dump:   peers valid: 0x1, non-dormant: 0x1, changed: 0xffffffff, removed: 0x0; players valid: 0x1, changed: 0xffffffff, removed: 0x0
client level=info t=50563 ev=retail site=41 text=networking:session:membership:dump:   peer # 0 a=[steamid:76561198776753861#7c18166875b90f9d] s=        _established o=-1 j=[XXXXXXXX-XXXXXXXX] amb=[XXXXXXXX-XXXXXXXX] pc=1 peer_name=<UNKNOWN PEER NAME> session_id=Wed_09092026_131449_018132@x64@unknown_pc_user@B0_A1_25_FC_EC_00_F935 flags=0
client level=info t=50672 ev=retail site=35 text=world_controller:task_manager: Completed task 'ENUM(22)' after '131ms'.
client level=info t=50672 ev=retail site=34 text=world_controller:task_manager: Started   task 'ENUM(35)'.
client level=info t=50672 ev=retail site=34 text=world_controller:task_manager: Started   task 'ENUM(40)'.
client level=info t=50672 ev=retail site=35 text=world_controller:task_manager: Completed task 'ENUM(40)' after '0ms'.
client level=info t=50719 ev=nettick stage=sample latch=1 callbacks=7675
client level=info t=50922 ev=retail site=23 text=world_controller: successfully changed world to: orbit_d2
client level=info t=50922 ev=retail site=35 text=world_controller:task_manager: Completed task 'ENUM(35)' after '248ms'.
server level=info t=50953 ev=queuez stage=translate result=paired kind=account identity=0x0110000130AA9EC5 soid=0x9EAA300100100100
server level=info t=50953 ev=ws701 stage=profile_setup result=complete
server level=info t=50969 ev=queuez stage=social_roster result=ok soid=0x9EAA300100100100 objects=2 bytes=176 emblem=1273 hash=0x71B4CC1A
client level=info t=51578 ev=retail site=35 text=world_controller:task_manager: Completed task 'ENUM(53)' after '1037ms'.
client level=info t=51578 ev=retail site=17 text=world_controller:retail_datamine: Total time spent: [1170] ms in world controller state: [28] name: [cleanup]
client level=info t=51578 ev=retail site=3 text=world_controller:state_manager: Entering state 'setup:orbit' for reason 'unavailable'.
client level=info t=51578 ev=retail site=45 text=world_controller:slice_set_transition_manager: Mode changed from 'disabled' to 'fully_enabled'.
client level=info t=51578 ev=retail site=11 text=world_controller:retail_datamine: Timed operation: [ENUM(14)], took: [22919 ms], average: [22919.000000 ms], min: [22919.000000], max: [22919.000000], count: [1]
client level=info t=51578 ev=retail site=46 text=world_controller:slice_set_transition_manager: Failed to find the Orbit slice-set name for destination 'HASH(0x13a023bc)', so we're falling back to a new character (Orbit destination 'HASH(0x59ad083e)', slice-set 'HASH(0x841b4ef7)').
client level=info t=51578 ev=retail site=47 text=world_controller:slice_set_transition_manager: Starting a new transition of type 'transitioning:orbit' to 'PRV24.24 (HASH: 0x841b4ef7)'; token advanced to 001
server level=info t=51891 ev=ws701 stage=profile_setup result=complete
server level=info t=51891 ev=activity stage=writeback result=ok world_state=0
client level=info t=51922 ev=bootflow stage=orbit_handoff result=native
client level=info t=51922 ev=retail site=48 text=world_controller:slice_set_transition_manager: Stopping transition of type 'transitioning:orbit' due to completed
client level=info t=52719 ev=nettick stage=sample latch=1 callbacks=8107
client level=info t=54719 ev=nettick stage=sample latch=1 callbacks=8450
client level=info t=56719 ev=nettick stage=sample latch=1 callbacks=8798
client level=info t=58719 ev=nettick stage=sample latch=1 callbacks=9161
client level=info t=60719 ev=nettick stage=sample latch=1 callbacks=9627
client level=info t=62719 ev=nettick stage=sample latch=1 callbacks=10050
client level=info t=64719 ev=nettick stage=sample latch=1 callbacks=10466
client level=info t=66719 ev=nettick stage=sample latch=1 callbacks=10881
client level=info t=66906 ev=retail site=17 text=world_controller:retail_datamine: Total time spent: [15318] ms in world controller state: [29] name: [setup:orbit]
client level=info t=66906 ev=retail site=45 text=world_controller:slice_set_transition_manager: Mode changed from 'fully_enabled' to 'disabled'.
client level=info t=66906 ev=retail site=49 text=networking:online:matchmaking: Active matchmaking interface type: 0
client level=info t=66906 ev=retail site=3 text=world_controller:state_manager: Entering state 'setup:activity_session_creation' for reason 'unavailable'.
client level=info t=66906 ev=retail site=50 text=world_controller:task_manager: Started   task 'ENUM(0)'.
client level=info t=66906 ev=retail site=50 text=world_controller:task_manager: Started   task 'ENUM(4)'.
client level=info t=66906 ev=retail site=51 text=world_controller:task_manager: Completed task 'ENUM(4)' after '0ms'.
client level=info t=66906 ev=retail site=52 text=world_controller:state:activity_session_creation: Waiting for session peer properties to be in the expected state (no AH ids). FT [EXPECTED], POSSE [WAITING]
client level=info t=66906 ev=retail site=50 text=world_controller:task_manager: Started   task 'ENUM(5)'.
client level=info t=66922 ev=retail site=49 text=networking:online:matchmaking: Active matchmaking interface type: 0
client level=info t=66922 ev=retail site=51 text=world_controller:task_manager: Completed task 'ENUM(0)' after '26ms'.
client level=info t=66922 ev=retail site=50 text=world_controller:task_manager: Started   task 'ENUM(1)'.
server level=info t=66938 ev=bap svc=42 stage=configuration result=ok activity_hash=0xF7E8ADC5 type_hash=0xD07BB2D7 activity=7 name=eden_freeroam current_activity_policy=0 changed=0
client level=info t=66938 ev=retail site=51 text=world_controller:task_manager: Completed task 'ENUM(1)' after '14ms'.
client level=info t=66938 ev=retail site=50 text=world_controller:task_manager: Started   task 'ENUM(2)'.
client level=info t=66953 ev=retail site=39 text=networking:session:membership:dump: [posse:00000000:00000000] update_number: 2, leader_peer_index: # 0, host_peer_index: # 0
client level=info t=66953 ev=retail site=40 text=networking:session:membership:dump:   peers valid: 0x1, non-dormant: 0x1, changed: 0x1, removed: 0x0; players valid: 0x1, changed: 0x0, removed: 0x0
client level=info t=66953 ev=retail site=41 text=networking:session:membership:dump:   peer # 0 a=[steamid:76561198776753861#7c18166875b90f9d] s=          _connected o=-1 j=[XXXXXXXX-XXXXXXXX] amb=[XXXXXXXX-XXXXXXXX] pc=1 peer_name=<UNKNOWN PEER NAME> session_id=Wed_09092026_131449_018132@x64@unknown_pc_user@B0_A1_25_FC_EC_00_F935 flags=4
client level=info t=66953 ev=retail site=36 text=networking:session: [posse:00000000:00000000] session state is changing from 'none' to 'host-established'.
client level=info t=66953 ev=retail site=53 text=networking:session:create: join-driven session creation (local and remote peers) assigned a promordial join nonce of C94041E1-927FDD6A
client level=info t=66953 ev=retail site=39 text=networking:session:membership:dump: [posse:00000000:00000000] update_number: 5, leader_peer_index: # 0, host_peer_index: # 0
client level=info t=66953 ev=retail site=40 text=networking:session:membership:dump:   peers valid: 0x1, non-dormant: 0x1, changed: 0x1, removed: 0x0; players valid: 0x1, changed: 0x0, removed: 0x0
client level=info t=66953 ev=retail site=41 text=networking:session:membership:dump:   peer # 0 a=[steamid:76561198776753861#7c18166875b90f9d] s=            _joining o=-1 j=[C94041E1-927FDD6A] amb=[XXXXXXXX-XXXXXXXX] pc=1 peer_name=<UNKNOWN PEER NAME> session_id=Wed_09092026_131449_018132@x64@unknown_pc_user@B0_A1_25_FC_EC_00_F935 flags=4
client level=info t=66953 ev=retail site=51 text=world_controller:task_manager: Completed task 'ENUM(5)' after '52ms'.
client level=info t=66953 ev=retail site=54 text=world_controller:session_manager: PRIVATE session [posse:00000000:00000000] unable to get session keys.
client level=info t=66969 ev=retail site=50 text=world_controller:task_manager: Started   task 'ENUM(3)'.
client level=info t=66969 ev=retail site=51 text=world_controller:task_manager: Completed task 'ENUM(3)' after '0ms'.
client level=info t=66969 ev=retail site=51 text=world_controller:task_manager: Completed task 'ENUM(2)' after '23ms'.
client level=info t=66969 ev=retail site=55 text=world_controller:state:activity_session_creation: As HOST, peers done: skill read: , config refresh: , reputation read: 0
client level=info t=66969 ev=retail site=42 text=networking:session:process-pending-joins: [posse:E5A006EA:377F90F8] marking all peers in join [C94041E1-927FDD6A] as joined
client level=info t=66969 ev=retail site=39 text=networking:session:membership:dump: [posse:E5A006EA:377F90F8] update_number: 8, leader_peer_index: # 0, host_peer_index: # 0
client level=info t=66969 ev=retail site=40 text=networking:session:membership:dump:   peers valid: 0x1, non-dormant: 0x1, changed: 0x1, removed: 0x0; players valid: 0x1, changed: 0x0, removed: 0x0
client level=info t=66969 ev=retail site=41 text=networking:session:membership:dump:   peer # 0 a=[steamid:76561198776753861#7c18166875b90f9d] s=            _waiting o=-1 j=[C94041E1-927FDD6A] amb=[XXXXXXXX-XXXXXXXX] pc=1 peer_name=<UNKNOWN PEER NAME> session_id=Wed_09092026_131449_018132@x64@unknown_pc_user@B0_A1_25_FC_EC_00_F935 flags=4
client level=info t=66969 ev=retail site=43 text=networking:session:process-pending-joins: [posse:E5A006EA:377F90F8] marking all peers in join [C94041E1-927FDD6A] as ready, [25] ms since peer [0] created, [67033] since join was queued
client level=info t=66969 ev=retail site=39 text=networking:session:membership:dump: [posse:E5A006EA:377F90F8] update_number: 9, leader_peer_index: # 0, host_peer_index: # 0
client level=info t=66969 ev=retail site=40 text=networking:session:membership:dump:   peers valid: 0x1, non-dormant: 0x1, changed: 0x1, removed: 0x0; players valid: 0x1, changed: 0x0, removed: 0x0
client level=info t=66969 ev=retail site=41 text=networking:session:membership:dump:   peer # 0 a=[steamid:76561198776753861#7c18166875b90f9d] s=              _ready o=-1 j=[C94041E1-927FDD6A] amb=[XXXXXXXX-XXXXXXXX] pc=1 peer_name=<UNKNOWN PEER NAME> session_id=Wed_09092026_131449_018132@x64@unknown_pc_user@B0_A1_25_FC_EC_00_F935 flags=4
client level=info t=66985 ev=retail site=39 text=networking:session:membership:dump: [posse:E5A006EA:377F90F8] update_number: 10, leader_peer_index: # 0, host_peer_index: # 0
client level=info t=66985 ev=retail site=40 text=networking:session:membership:dump:   peers valid: 0x1, non-dormant: 0x1, changed: 0xffffffff, removed: 0x0; players valid: 0x1, changed: 0xffffffff, removed: 0x0
client level=info t=66985 ev=retail site=41 text=networking:session:membership:dump:   peer # 0 a=[steamid:76561198776753861#7c18166875b90f9d] s=              _ready o=-1 j=[C94041E1-927FDD6A] amb=[XXXXXXXX-XXXXXXXX] pc=1 peer_name=<UNKNOWN PEER NAME> session_id=Wed_09092026_131449_018132@x64@unknown_pc_user@B0_A1_25_FC_EC_00_F935 flags=7
client level=info t=66985 ev=retail site=56 text=world_controller:state:activity_session_creation: Activity session 'posse:E5A006EA:377F90F8' successfully created, trying to move on.
client level=info t=66985 ev=retail site=57 text=world_controller:state_manager: State 'setup:matchmaking' requested for reason 'unavailable', but we can't: 'active outbound FT join [IN-PROGRESS]'.
client level=info t=66985 ev=retail site=44 text=networking:session:process-pending-joins: [posse:E5A006EA:377F90F8] marking all peers in join [C94041E1-927FDD6A] as established
client level=info t=66985 ev=retail site=39 text=networking:session:membership:dump: [posse:E5A006EA:377F90F8] update_number: 12, leader_peer_index: # 0, host_peer_index: # 0
client level=info t=66985 ev=retail site=40 text=networking:session:membership:dump:   peers valid: 0x1, non-dormant: 0x1, changed: 0x1, removed: 0x0; players valid: 0x1, changed: 0x0, removed: 0x0
client level=info t=66985 ev=retail site=41 text=networking:session:membership:dump:   peer # 0 a=[steamid:76561198776753861#7c18166875b90f9d] s=        _established o=-1 j=[XXXXXXXX-XXXXXXXX] amb=[XXXXXXXX-XXXXXXXX] pc=1 peer_name=<UNKNOWN PEER NAME> session_id=Wed_09092026_131449_018132@x64@unknown_pc_user@B0_A1_25_FC_EC_00_F935 flags=7
client level=info t=67000 ev=retail site=17 text=world_controller:retail_datamine: Total time spent: [105] ms in world controller state: [30] name: [setup:activity_session_creation]
client level=info t=67000 ev=retail site=3 text=world_controller:state_manager: Entering state 'setup:matchmaking' for reason 'unavailable'.
client level=info t=67000 ev=retail site=17 text=world_controller:retail_datamine: Total time spent: [0] ms in world controller state: [31] name: [setup:matchmaking]
client level=info t=67000 ev=retail site=58 text=world_controller:retail_datamine: Timed operation Matchmaking, took: [0 seconds]
client level=info t=67000 ev=retail site=3 text=world_controller:state_manager: Entering state 'setup:activity_host_setup' for reason 'unavailable'.
client level=info t=67031 ev=retail site=59 text=networking:activity_client:messaging_interface:bap: AH IP resolution successful: 'proxy -> 127.0.0.1:30974'.
server level=info t=67063 ev=transport stage=accept result=ok conn=2
server level=warn t=67078 ev=bap svc=25 stage=plaintext result=shape_accepted conn=2 len=36 b0=0A b1=20 b34=10 b35=02
client level=info t=67094 ev=retail site=60 text=world_controller:activity_manager: Connected 'PRIVATE CURRENT' activity client.
client level=info t=67094 ev=retail site=61 text=world_controller:activity_manager: 'PRIVATE CURRENT' activity client requesting activity host startup [activity: 0x0007 (HASH(0xf7e8adc5))(type: HASH(0xd07bb2d7))(grognok: eden_freeroam)(destination: HASH(0x8441fff9))(nonce: 51FC21A1-EFE20D3D) for reason 'ENUM(0)'(override: eden_freeroam)][reservation count 1].
server level=warn t=67094 ev=mission_script stage=attach result=activity_join_pending session=11433003384888623105
client level=info t=67110 ev=retail site=62 text=networking:activity_client:receive_message_from_host: [AC PRIVATE CURRENT CON-Y EST-N AH->0 MEM-0] received startup response from AH [id 9EAA3001:00200001][session ]
client level=info t=67110 ev=retail site=63 text=networking:activity_client: [AC PRIVATE CURRENT CON-Y EST-N AH->0 MEM-0] Sent join request: [AH 9EAA3001:00200001][nonce 1341907641] identity:[account -7013740688821976832][character -7013740688821976831][machine B0:A1:25:FC:EC:00:F935][player 34:6C:90:EC:06:DE:F2:A7] [global resources 0x6c] (part 1/2)
client level=info t=67110 ev=retail site=64 text=networking:activity_client: [AC PRIVATE CURRENT CON-Y EST-N AH->0 MEM-0] Properties [session Wed_09092026_131449_018132@x64@76561198776753861@B0_A1_25_FC_EC_00_F935][FAH --------:--------][GAH --------:--------][FTID 0x0f95c4ea3ea47950] (part 2/2)
client level=info t=67110 ev=retail site=65 text=world_controller:activity_manager: 'PRIVATE CURRENT' activity client sent join request to AH 9EAA3001:00200001, host=Wed_09092026_131449_018132@x64@unknown_pc_user@B0_A1_25_FC_EC_00_F935
server level=info t=67156 ev=gameplay stage=activityhost result=allocated session=0x9EAA300100200002 group=0xFCDEFF733BD0326F generation=1 port=30976 held=1
server level=info t=67172 ev=gameplay stage=advertise result=ok region=160 region_source=arrival ambassador_slot=1
server level=warn t=67172 ev=activity stage=roster result=no_epoch soid=0x9EAA300100200001 public=0 dest= groups=0 top=0 sub=0 subkeys=0 objects=0 bytes=0 state=0 auth=0 authstate=-1 authfirst=-1:-1:0x0:0x0 authlast=-1:-1:0x0:0x0 sceneempty=0 engageempty=0 keygroup=0x0 grant=-1 region=0 slice=0 spawn=0x0 join=0x9EAA300100100101 player=0x0 pending_region=-1 current_region=-1 client_bubble=-1 held=-1 entered=0 selected=0 hash=0x0000000000000000 force=0x00
server level=info t=67172 ev=mission_script stage=open result=no_script session=11433003384888623105 activity_row=8
server level=warn t=67172 ev=mission_script stage=attach result=no_script session=11433003384888623105 activity_row=8
server level=warn t=67172 ev=mission_script stage=attach result=no_activity_link session=11433003384888623106
server level=info t=67172 ev=gameplay stage=activityhost result=allocated session=0x9EAA300100200003 group=0xE20A0B634942474F generation=2 port=30978 held=2
server level=info t=67172 ev=gameplay stage=activityhost result=allocated session=0x9EAA300100200004 group=0xF3CE355F4F9667E7 generation=3 port=30980 held=3
server level=info t=67172 ev=gameplay stage=activityhost result=allocated session=0x9EAA300100200005 group=0xFD92678B45FA063F generation=4 port=30982 held=4
server level=info t=67172 ev=gameplay stage=activityhost result=allocated session=0x9EAA300100200006 group=0x0F5791C7584E2557 generation=5 port=30984 held=5
server level=info t=67172 ev=gameplay stage=activityhost result=allocated session=0x9EAA300100200007 group=0x191BC2335E91C5EF generation=6 port=30986 held=6
server level=info t=67172 ev=gameplay stage=activityhost result=allocated session=0x9EAA300100200008 group=0x2ADF0C6F54E5E407 generation=7 port=30988 held=7
server level=info t=67172 ev=gameplay stage=activityhost result=allocated session=0x9EAA300100200009 group=0x34A33E5B6B49FB5F generation=8 port=30990 held=8
client level=info t=67188 ev=retail site=66 text=networking:activity_client:receive_message_from_host: [AC PRIVATE CURRENT CON-Y EST-N AH->0 MEM-0] Received join result from AH '9EAA3001:00200001' [nonce 1341907641][result 0][session id ][replication epoch 0].
client level=info t=67188 ev=retail site=67 text=networking:activity_client:activity_host_changed: instance=PRIVATE CURRENT, ah-sid=, zombie-instance-nonce=0
client level=info t=67188 ev=probe stage=msg12 result=received client=0x1433F0CF980 slot=0 label=PRIVATE CURRENT member=0x35F900ECFC25A1B0 status=0x00FE->0x01FE flag=1
client level=info t=67188 ev=probe stage=bind client=0x1433F0CF980 established=0x9EAA300100200001 slotrec=0x143265AD9A0 roster=0x143E3B5BC80 receipt=0
client level=info t=67188 ev=probe stage=hosttail client=0x1433F0CF980 b=00000000000000000000000000000000000000000000000000000000000000000000000000000000FFFFFFFF00000000
client level=info t=67188 ev=probe stage=grant client=0x1433F0CF980 status=0x01FE pending=7936 dirty=0 receipt=0
client level=info t=67203 ev=retail site=68 text=world_controller:state:activity_setup: 'NOJIP' flow, waiting. posse_peers_not_ready_sanitized=0, posse_peers_not_ready=0
client level=info t=67219 ev=probe stage=msg12 result=received client=0x1433F0CF980 slot=0 label=PRIVATE CURRENT member=0x35F900ECFC25A1B0 status=0x01FE->0x01FE flag=1
client level=info t=67219 ev=probe stage=bind client=0x1433F0CF980 established=0x9EAA300100200001 slotrec=0x143265AD9A0 roster=0x143E3B5BC80 receipt=0
server level=warn t=67219 ev=mission_script stage=attach result=no_activity_link session=11433003384888623107
server level=warn t=67219 ev=mission_script stage=attach result=no_activity_link session=11433003384888623108
server level=warn t=67219 ev=mission_script stage=attach result=no_activity_link session=11433003384888623109
server level=warn t=67219 ev=mission_script stage=attach result=no_activity_link session=11433003384888623110
server level=warn t=67219 ev=mission_script stage=attach result=no_activity_link session=11433003384888623111
server level=warn t=67219 ev=mission_script stage=attach result=no_activity_link session=11433003384888623112
server level=warn t=67219 ev=mission_script stage=attach result=no_activity_link session=11433003384888623113
client level=info t=67219 ev=probe stage=msg12 result=received client=0x1433F0CF980 slot=0 label=PRIVATE CURRENT member=0x35F900ECFC25A1B0 status=0x01FE->0x01FE flag=1
client level=info t=67219 ev=probe stage=bind client=0x1433F0CF980 established=0x9EAA300100200001 slotrec=0x143265AD9A0 roster=0x143E3B5BC80 receipt=0
server level=info t=67953 ev=ws701 stage=profile_setup result=complete
server level=info t=67953 ev=activity stage=writeback result=ok world_state=1
client level=info t=68000 ev=retail site=17 text=world_controller:retail_datamine: Total time spent: [990] ms in world controller state: [32] name: [setup:activity_host_setup]
client level=info t=68000 ev=retail site=3 text=world_controller:state_manager: Entering state 'setup:prologue_intro_loading' for reason 'unavailable'.
client level=info t=68000 ev=retail site=69 text=world_controller:task_manager: Started   task 'ENUM(0)'.
client level=info t=68078 ev=bubbleauth stage=decode result=ok
client level=info t=68078 ev=bubbleauth stage=force result=ok
client level=info t=68110 ev=probe stage=msg12 result=received client=0x1433F0CF980 slot=0 label=PRIVATE CURRENT member=0x35F900ECFC25A1B0 status=0x01FE->0x01FE flag=1
client level=info t=68110 ev=probe stage=bind client=0x1433F0CF980 established=0x9EAA300100200001 slotrec=0x143265AD9A0 roster=0x143E3B5BC80 receipt=0
client level=info t=68156 ev=retail site=70 text=world_controller:task_manager: Completed task 'ENUM(0)' after '157ms'.
client level=info t=68156 ev=retail site=69 text=world_controller:task_manager: Started   task 'ENUM(1)'.
client level=info t=68172 ev=retail site=70 text=world_controller:task_manager: Completed task 'ENUM(1)' after '23ms'.
client level=info t=68172 ev=retail site=17 text=world_controller:retail_datamine: Total time spent: [182] ms in world controller state: [33] name: [setup:prologue_intro_loading]
client level=info t=68172 ev=retail site=3 text=world_controller:state_manager: Entering state 'setup:orbit_outro' for reason 'unavailable'.
client level=info t=68719 ev=nettick stage=sample latch=1 callbacks=11185
client level=info t=69188 ev=probe stage=hosttail client=0x1433F0CF980 b=00000000000000000000000000000000000000000000000000000000000000000000000000000000FFFFFFFF00000000
client level=info t=69188 ev=probe stage=grant client=0x1433F0CF980 status=0x01FE pending=7936 dirty=0 receipt=0
client level=info t=70156 ev=probe stage=msg12 result=received client=0x1433F0CF980 slot=0 label=PRIVATE CURRENT member=0x35F900ECFC25A1B0 status=0x01FE->0x01FE flag=1
client level=info t=70156 ev=probe stage=bind client=0x1433F0CF980 established=0x9EAA300100200001 slotrec=0x143265AD9A0 roster=0x143E3B5BC80 receipt=0
client level=info t=70719 ev=nettick stage=sample latch=1 callbacks=11488
client level=info t=71188 ev=probe stage=hosttail client=0x1433F0CF980 b=00000000000000000000000000000000000000000000000000000000000000000000000000000000FFFFFFFF00000000
client level=info t=71188 ev=probe stage=grant client=0x1433F0CF980 status=0x01FE pending=7936 dirty=0 receipt=0
client level=info t=72719 ev=nettick stage=sample latch=1 callbacks=11804
client level=info t=73188 ev=probe stage=hosttail client=0x1433F0CF980 b=00000000000000000000000000000000000000000000000000000000000000000000000000000000FFFFFFFF00000000
client level=info t=73188 ev=probe stage=grant client=0x1433F0CF980 status=0x01FE pending=7936 dirty=0 receipt=0
client level=info t=74719 ev=nettick stage=sample latch=1 callbacks=12170
client level=info t=74813 ev=retail site=17 text=world_controller:retail_datamine: Total time spent: [6627] ms in world controller state: [34] name: [setup:orbit_outro]
client level=info t=74813 ev=retail site=3 text=world_controller:state_manager: Entering state 'setup:activity_world_transition' for reason 'unavailable'.
client level=info t=74813 ev=retail site=71 text=world_controller:task_manager: Started   task 'ENUM(0)'.
client level=info t=74813 ev=retail site=71 text=world_controller:task_manager: Started   task 'ENUM(1)'.
client level=info t=74813 ev=retail site=72 text=world_controller:task_manager: Completed task 'ENUM(1)' after '0ms'.
client level=info t=75063 ev=bootflow stage=owner_slot result=forced was=0 now=1
client level=info t=75063 ev=retail site=23 text=world_controller: successfully changed world to: eden_freeroam
client level=info t=75063 ev=retail site=73 text=networking:update: *** it has been 263 milliseconds since the last network update (longest expected: '500')
client level=info t=75063 ev=retail site=72 text=world_controller:task_manager: Completed task 'ENUM(0)' after '262ms'.
client level=info t=75063 ev=retail site=17 text=world_controller:retail_datamine: Total time spent: [262] ms in world controller state: [35] name: [setup:activity_world_transition]
client level=info t=75063 ev=retail site=3 text=world_controller:state_manager: Entering state 'activity:initial_slice_set_loading' for reason 'unavailable'.
client level=info t=75078 ev=retail site=74 text=world_controller:task_manager: Started   task 'ENUM(0)'.
client level=info t=75078 ev=retail site=74 text=world_controller:task_manager: Started   task 'ENUM(1)'.
client level=info t=75078 ev=retail site=74 text=world_controller:task_manager: Started   task 'ENUM(4)'.
client level=info t=75078 ev=retail site=75 text=world_controller:task_manager: Completed task 'ENUM(1)' after '5ms'.
client level=info t=75078 ev=retail site=45 text=world_controller:slice_set_transition_manager: Mode changed from 'disabled' to 'initial_slice_set_precaching'.
client level=info t=75078 ev=retail site=74 text=world_controller:task_manager: Started   task 'ENUM(2)'.
client level=info t=75078 ev=retail site=74 text=world_controller:task_manager: Started   task 'ENUM(3)'.
client level=info t=75078 ev=retail site=75 text=world_controller:task_manager: Completed task 'ENUM(4)' after '5ms'.
client level=info t=75078 ev=retail site=74 text=world_controller:task_manager: Started   task 'ENUM(6)'.
client level=info t=75078 ev=retail site=74 text=world_controller:task_manager: Started   task 'ENUM(7)'.
client level=info t=75078 ev=bootflow stage=region result=forced slice_set=160
client level=info t=75078 ev=retail site=47 text=world_controller:slice_set_transition_manager: Starting a new transition of type 'transitioning:initial_slice_set' to 'PRV160.1 (HASH: 0x4542380a)'; token advanced to 001
client level=info t=75094 ev=retail site=75 text=world_controller:task_manager: Completed task 'ENUM(0)' after '8ms'.
client level=info t=75094 ev=retail site=74 text=world_controller:task_manager: Started   task 'ENUM(5)'.
server level=info t=75094 ev=gameplay stage=receive result=ok from=0x7F000001:2003 bytes=295 b0=0x00
server level=info t=75094 ev=gameplay stage=response result=ok wordb=1 signon=0
server level=info t=75110 ev=ws701 stage=profile_setup result=complete
server level=info t=75125 ev=activity stage=writeback result=ok world_state=1
server level=info t=75125 ev=gameplay stage=advertise result=ok region=160 region_source=reported ambassador_slot=1
server level=info t=75156 ev=gameplay stage=receive result=ok from=0x7F000001:2003 bytes=128 b0=0x00
server level=info t=75156 ev=gameplay stage=connect result=ok peer=2003 local=0x00000001 remote=0x00000000 rebuilt=0
server level=info t=75156 ev=gameplay stage=establish result=queued local=0x00000001 remote=0x00000000
client level=info t=75156 ev=probe stage=msg12 result=received client=0x1433F0CF980 slot=0 label=PRIVATE CURRENT member=0x35F900ECFC25A1B0 status=0x01FE->0x01FE flag=1
client level=info t=75156 ev=probe stage=bind client=0x1433F0CF980 established=0x9EAA300100200001 slotrec=0x143265AD9A0 roster=0x143E3B5BC80 receipt=1
client level=info t=75156 ev=probe stage=msg12 result=received client=0x1433F0CF980 slot=0 label=PRIVATE CURRENT member=0x35F900ECFC25A1B0 status=0x01FE->0x01FE flag=1
client level=info t=75156 ev=probe stage=bind client=0x1433F0CF980 established=0x9EAA300100200001 slotrec=0x143265AD9A0 roster=0x143E3B5BC80 receipt=1
client level=info t=75188 ev=probe stage=hosttail client=0x1433F0CF980 b=00000000000000000000000000000000000000000000000000000000000000000000000000000000FFFFFFFF00000000
client level=info t=75188 ev=probe stage=grant client=0x1433F0CF980 status=0x01FE pending=0 dirty=0 receipt=1
client level=info t=75797 ev=retail site=75 text=world_controller:task_manager: Completed task 'ENUM(6)' after '715ms'.
client level=info t=75828 ev=retail site=75 text=world_controller:task_manager: Completed task 'ENUM(5)' after '736ms'.
server level=info t=76156 ev=gameplay stage=receive result=ok from=0x7F000001:2003 bytes=51 b0=0x00
server level=info t=76156 ev=gameplay stage=message result=ok id=8 peerstage=5
server level=info t=76156 ev=gameplay stage=sendqueue result=cleared packet=1 base=5 entries=0
server level=info t=76203 ev=gameplay stage=receive result=ok from=0x7F000001:2003 bytes=1166 b0=0x00
server level=info t=76203 ev=gameplay stage=message result=ok id=40 peerstage=5
server level=info t=76203 ev=gameplay stage=view result=queued remote=1 local=1 token=0x9EAA300100200001 list=0
server level=info t=76250 ev=gameplay stage=receive result=ok from=0x7F000001:2003 bytes=174 b0=0x00
server level=info t=76250 ev=gameplay stage=message result=ok id=40 peerstage=5
server level=info t=76250 ev=gameplay stage=view result=queued remote=2 local=2 token=0x9EAA300100200001 list=15
server level=info t=76250 ev=gameplay stage=sendqueue result=cleared packet=7 base=7 entries=0
server level=info t=76297 ev=gameplay stage=receive result=ok from=0x7F000001:2003 bytes=174 b0=0x00
server level=info t=76297 ev=gameplay stage=message result=ok id=40 peerstage=5
server level=info t=76297 ev=gameplay stage=view result=queued remote=3 local=3 token=0x9EAA300100200001 list=0
server level=info t=76297 ev=gameplay stage=message result=ok id=40 peerstage=5
server level=info t=76297 ev=gameplay stage=view result=queued remote=4 local=4 token=0x9EAA300100200001 list=0
server level=info t=76297 ev=gameplay stage=sendqueue result=cleared packet=8 base=8 entries=0
server level=info t=76360 ev=gameplay stage=receive result=ok from=0x7F000001:2003 bytes=174 b0=0x00
server level=info t=76360 ev=gameplay stage=message result=ok id=40 peerstage=5
server level=warn t=76360 ev=gameplay stage=view result=refused remote=5 local=0 token=0x9EAA300100200001 list=0
server level=info t=76406 ev=gameplay stage=receive result=ok from=0x7F000001:2003 bytes=198 b0=0x00
server level=info t=76422 ev=gameplay stage=sendqueue result=cleared packet=9 base=9 entries=0
server level=info t=76469 ev=gameplay stage=receive result=ok from=0x7F000001:2003 bytes=206 b0=0x00
server level=info t=76531 ev=gameplay stage=receive result=ok from=0x7F000001:2003 bytes=198 b0=0x00
server level=info t=76578 ev=gameplay stage=receive result=ok from=0x7F000001:2003 bytes=190 b0=0x00
server level=info t=76641 ev=gameplay stage=receive result=ok from=0x7F000001:2003 bytes=198 b0=0x00
server level=info t=76688 ev=gameplay stage=receive result=ok from=0x7F000001:2003 bytes=198 b0=0x00
client level=info t=76719 ev=nettick stage=sample latch=1 callbacks=12421
server level=info t=76750 ev=gameplay stage=receive result=ok from=0x7F000001:2003 bytes=206 b0=0x00
server level=info t=76797 ev=gameplay stage=receive result=ok from=0x7F000001:2003 bytes=190 b0=0x00
server level=info t=76860 ev=gameplay stage=receive result=ok from=0x7F000001:2003 bytes=206 b0=0x00
server level=info t=76906 ev=gameplay stage=receive result=ok from=0x7F000001:2003 bytes=206 b0=0x00
server level=info t=76969 ev=gameplay stage=receive result=ok from=0x7F000001:2003 bytes=190 b0=0x00
server level=info t=77031 ev=gameplay stage=receive result=ok from=0x7F000001:2003 bytes=190 b0=0x00
server level=info t=77094 ev=gameplay stage=receive result=ok from=0x7F000001:2003 bytes=198 b0=0x00
server level=info t=77141 ev=gameplay stage=receive result=ok from=0x7F000001:2003 bytes=206 b0=0x00
client level=info t=77188 ev=probe stage=hosttail client=0x1433F0CF980 b=00000000000000000000000000000000000000000000000000000000000000000000000000000000FFFFFFFF00000000
client level=info t=77188 ev=probe stage=grant client=0x1433F0CF980 status=0x01FE pending=0 dirty=0 receipt=1
server level=info t=77188 ev=gameplay stage=receive result=ok from=0x7F000001:2003 bytes=198 b0=0x00
server level=info t=77250 ev=gameplay stage=receive result=ok from=0x7F000001:2003 bytes=198 b0=0x00
server level=info t=77297 ev=gameplay stage=receive result=ok from=0x7F000001:2003 bytes=190 b0=0x00
server level=info t=77360 ev=gameplay stage=receive result=ok from=0x7F000001:2003 bytes=190 b0=0x00
server level=info t=77422 ev=gameplay stage=receive result=ok from=0x7F000001:2003 bytes=214 b0=0x00
server level=info t=77485 ev=gameplay stage=receive result=ok from=0x7F000001:2003 bytes=198 b0=0x00
server level=info t=77531 ev=gameplay stage=receive result=ok from=0x7F000001:2003 bytes=198 b0=0x00
server level=info t=77578 ev=gameplay stage=receive result=ok from=0x7F000001:2003 bytes=190 b0=0x00
server level=info t=77641 ev=gameplay stage=receive result=ok from=0x7F000001:2003 bytes=174 b0=0x00
server level=info t=77688 ev=gameplay stage=receive result=ok from=0x7F000001:2003 bytes=190 b0=0x00
server level=info t=77735 ev=gameplay stage=receive result=ok from=0x7F000001:2003 bytes=174 b0=0x00
server level=info t=77797 ev=gameplay stage=receive result=ok from=0x7F000001:2003 bytes=190 b0=0x00
server level=info t=77844 ev=gameplay stage=receive result=ok from=0x7F000001:2003 bytes=182 b0=0x00
server level=info t=77906 ev=gameplay stage=receive result=ok from=0x7F000001:2003 bytes=238 b0=0x00
server level=info t=77969 ev=gameplay stage=receive result=ok from=0x7F000001:2003 bytes=190 b0=0x00
server level=info t=78016 ev=gameplay stage=receive result=ok from=0x7F000001:2003 bytes=190 b0=0x00
server level=info t=78016 ev=gameplay stage=message result=ok id=4 peerstage=5
server level=info t=78063 ev=gameplay stage=receive result=ok from=0x7F000001:2003 bytes=182 b0=0x00
server level=info t=78125 ev=gameplay stage=receive result=ok from=0x7F000001:2003 bytes=198 b0=0x00
server level=info t=78172 ev=gameplay stage=receive result=ok from=0x7F000001:2003 bytes=206 b0=0x00
server level=info t=78235 ev=gameplay stage=receive result=ok from=0x7F000001:2003 bytes=198 b0=0x00
server level=info t=78281 ev=gameplay stage=receive result=ok from=0x7F000001:2003 bytes=190 b0=0x00
server level=info t=78344 ev=gameplay stage=receive result=ok from=0x7F000001:2003 bytes=206 b0=0x00
server level=info t=78406 ev=gameplay stage=receive result=ok from=0x7F000001:2003 bytes=238 b0=0x00
server level=info t=78469 ev=gameplay stage=receive result=ok from=0x7F000001:2003 bytes=198 b0=0x00
server level=info t=78516 ev=gameplay stage=receive result=ok from=0x7F000001:2003 bytes=206 b0=0x00
server level=info t=78578 ev=gameplay stage=receive result=ok from=0x7F000001:2003 bytes=206 b0=0x00
server level=info t=78641 ev=gameplay stage=receive result=ok from=0x7F000001:2003 bytes=190 b0=0x00
server level=info t=78703 ev=gameplay stage=receive result=ok from=0x7F000001:2003 bytes=270 b0=0x00
client level=info t=78719 ev=nettick stage=sample latch=1 callbacks=12659
server level=info t=78766 ev=gameplay stage=receive result=ok from=0x7F000001:2003 bytes=206 b0=0x00
server level=info t=78828 ev=gameplay stage=receive result=ok from=0x7F000001:2003 bytes=182 b0=0x00
server level=info t=78875 ev=gameplay stage=receive result=ok from=0x7F000001:2003 bytes=174 b0=0x00
server level=info t=78922 ev=gameplay stage=receive result=ok from=0x7F000001:2003 bytes=206 b0=0x00
server level=info t=79000 ev=gameplay stage=receive result=ok from=0x7F000001:2003 bytes=206 b0=0x00
server level=info t=79031 ev=gameplay stage=receive result=ok from=0x7F000001:2003 bytes=214 b0=0x00
server level=info t=79110 ev=gameplay stage=receive result=ok from=0x7F000001:2003 bytes=254 b0=0x00
server level=info t=79188 ev=gameplay stage=receive result=ok from=0x7F000001:2003 bytes=190 b0=0x00
client level=info t=79188 ev=probe stage=hosttail client=0x1433F0CF980 b=00000000000000000000000000000000000000000000000000000000000000000000000000000000FFFFFFFF00000000
client level=info t=79188 ev=probe stage=grant client=0x1433F0CF980 status=0x01FE pending=0 dirty=0 receipt=1
server level=info t=79219 ev=gameplay stage=receive result=ok from=0x7F000001:2003 bytes=190 b0=0x00
server level=info t=79281 ev=gameplay stage=receive result=ok from=0x7F000001:2003 bytes=190 b0=0x00
server level=info t=79328 ev=gameplay stage=receive result=ok from=0x7F000001:2003 bytes=206 b0=0x00
server level=info t=79422 ev=gameplay stage=receive result=ok from=0x7F000001:2003 bytes=318 b0=0x00
server level=info t=79469 ev=gameplay stage=receive result=ok from=0x7F000001:2003 bytes=174 b0=0x00
server level=info t=79531 ev=gameplay stage=receive result=ok from=0x7F000001:2003 bytes=214 b0=0x00
server level=info t=79578 ev=gameplay stage=receive result=ok from=0x7F000001:2003 bytes=182 b0=0x00
server level=info t=79828 ev=gameplay stage=message result=ok id=4 peerstage=5
client level=info t=80094 ev=retail site=76 text=world_controller:state:activity:initial_slice_set_loading: Timeout entering the prologue-filler (given 5000ms).
client level=info t=80094 ev=retail site=74 text=world_controller:task_manager: Started   task 'ENUM(9)'.
client level=info t=80500 ev=retail site=75 text=world_controller:task_manager: Completed task 'ENUM(2)' after '5409ms'.
client level=info t=80719 ev=nettick stage=sample latch=1 callbacks=12902
client level=info t=80906 ev=retail site=75 text=world_controller:task_manager: Completed task 'ENUM(3)' after '5826ms'.
client level=info t=80906 ev=retail site=45 text=world_controller:slice_set_transition_manager: Mode changed from 'initial_slice_set_precaching' to 'initial_slice_set_instantion'.
client level=info t=80906 ev=retail site=74 text=world_controller:task_manager: Started   task 'ENUM(8)'.
client level=info t=80938 ev=retail site=75 text=world_controller:task_manager: Completed task 'ENUM(8)' after '25ms'.
client level=info t=80938 ev=retail site=48 text=world_controller:slice_set_transition_manager: Stopping transition of type 'transitioning:initial_slice_set' due to completed
client level=info t=80969 ev=probe stage=msg12 result=received client=0x1433F0CF980 slot=0 label=PRIVATE CURRENT member=0x35F900ECFC25A1B0 status=0x01FE->0x01FE flag=1
client level=info t=80969 ev=probe stage=bind client=0x1433F0CF980 established=0x9EAA300100200001 slotrec=0x143265AD9A0 roster=0x143E3B5BC80 receipt=1
client level=info t=80985 ev=retail site=75 text=world_controller:task_manager: Completed task 'ENUM(9)' after '893ms'.
client level=info t=80985 ev=retail site=74 text=world_controller:task_manager: Started   task 'ENUM(10)'.
client level=info t=81000 ev=probe stage=msg12 result=received client=0x1433F0CF980 slot=0 label=PRIVATE CURRENT member=0x35F900ECFC25A1B0 status=0x01FE->0x01FE flag=1
client level=info t=81000 ev=probe stage=bind client=0x1433F0CF980 established=0x9EAA300100200001 slotrec=0x143265AD9A0 roster=0x143E3B5BC80 receipt=1
client level=info t=81188 ev=probe stage=hosttail client=0x1433F0CF980 b=00000000000000000000000000000000000000000000000000000000000000000000000000000000FFFFFFFF00000000
client level=info t=81188 ev=probe stage=grant client=0x1433F0CF980 status=0x01FE pending=0 dirty=0 receipt=1
server level=info t=82547 ev=gameplay stage=message result=ok id=4 peerstage=5
client level=info t=82719 ev=retail site=75 text=world_controller:task_manager: Completed task 'ENUM(10)' after '1721ms'.
client level=info t=82719 ev=retail site=17 text=world_controller:retail_datamine: Total time spent: [7643] ms in world controller state: [36] name: [activity:initial_slice_set_loading]
client level=info t=82719 ev=retail site=3 text=world_controller:state_manager: Entering state 'activity:physics_join' for reason 'unavailable'.
client level=info t=82719 ev=retail site=77 text=world_controller:task_manager: Started   task 'ENUM(0)'.
client level=info t=82719 ev=nettick stage=sample latch=1 callbacks=13140
client level=info t=83188 ev=probe stage=hosttail client=0x1433F0CF980 b=00000000000000000000000000000000000000000000000000000000000000000000000000000000FFFFFFFF00000000
client level=info t=83188 ev=probe stage=grant client=0x1433F0CF980 status=0x01FE pending=0 dirty=0 receipt=1
client level=info t=84719 ev=nettick stage=sample latch=1 callbacks=13359
client level=info t=85188 ev=probe stage=hosttail client=0x1433F0CF980 b=00000000000000000000000000000000000000000000000000000000000000000000000000000000FFFFFFFF00000000
client level=info t=85188 ev=probe stage=grant client=0x1433F0CF980 status=0x01FE pending=0 dirty=0 receipt=1
server level=info t=85656 ev=gameplay stage=message result=ok id=4 peerstage=5
client level=info t=86719 ev=nettick stage=sample latch=1 callbacks=13572
client level=info t=87188 ev=probe stage=hosttail client=0x1433F0CF980 b=00000000000000000000000000000000000000000000000000000000000000000000000000000000FFFFFFFF00000000
client level=info t=87188 ev=probe stage=grant client=0x1433F0CF980 status=0x01FE pending=0 dirty=0 receipt=1
client level=info t=88719 ev=nettick stage=sample latch=1 callbacks=13822
client level=info t=88735 ev=retail site=78 text=world_controller:task_manager: Completed task 'ENUM(0)' after '6024ms'.
client level=info t=88735 ev=retail site=17 text=world_controller:retail_datamine: Total time spent: [6024] ms in world controller state: [37] name: [activity:physics_join]
client level=info t=88735 ev=retail site=3 text=world_controller:state_manager: Entering state 'activity:in_world' for reason 'unavailable'.
client level=info t=88735 ev=retail site=79 text=world_controller:state:in_world: Starting activity '0x0007 (HASH(0xf7e8adc5))(type: HASH(0xd07bb2d7))(grognok: eden_freeroam)(destination: HASH(0x8441fff9))(nonce: 51FC21A1-EFE20D3D) for reason 'ENUM(0)'(override: eden_freeroam)'.
client level=info t=88735 ev=retail site=11 text=world_controller:retail_datamine: Timed operation: [ENUM(17)], took: [21833 ms], average: [21833.000000 ms], min: [21833.000000], max: [21833.000000], count: [1]
server level=info t=88766 ev=gameplay stage=message result=ok id=4 peerstage=5
client level=info t=88860 ev=retail site=45 text=world_controller:slice_set_transition_manager: Mode changed from 'initial_slice_set_instantion' to 'fully_enabled'.
client level=info t=89235 ev=probe stage=hosttail client=0x1433F0CF980 b=00000000000000000000000000000000000000000000000000000000000000000000000000000000FFFFFFFF00000000
client level=info t=89235 ev=probe stage=grant client=0x1433F0CF980 status=0x01FE pending=0 dirty=0 receipt=1
server level=info t=90000 ev=ws701 stage=profile_setup result=complete
server level=info t=90000 ev=activity stage=writeback result=ok world_state=8
client level=info t=90719 ev=nettick stage=sample latch=1 callbacks=13962
client level=info t=91094 ev=bootflow stage=region result=forced slice_set=136
client level=info t=91094 ev=retail site=47 text=world_controller:slice_set_transition_manager: Starting a new transition of type 'transitioning:normal_z_leg' to 'PRV136.1 (HASH: 0x299009a8)'; token advanced to 002
server level=info t=91156 ev=gameplay stage=activityhost result=allocated session=0x9EAA30010020000A group=0xD78D569F28D45C67 generation=9 port=30992 held=9
server level=warn t=91188 ev=mission_script stage=attach result=no_activity_link session=11433003384888623114
client level=info t=91235 ev=probe stage=hosttail client=0x1433F0CF980 b=00000000000000000000000000000000000000000000000000000000000000000000000000000000FFFFFFFF00000000
client level=info t=91235 ev=probe stage=grant client=0x1433F0CF980 status=0x01FE pending=0 dirty=0 receipt=1
server level=info t=91766 ev=gameplay stage=message result=ok id=4 peerstage=5
client level=info t=92719 ev=nettick stage=sample latch=1 callbacks=14122
server level=info t=93172 ev=gameplay stage=advertise result=ok region=136 region_source=reported ambassador_slot=1
client level=info t=93203 ev=probe stage=msg12 result=received client=0x1433F0CF980 slot=0 label=PRIVATE CURRENT member=0x35F900ECFC25A1B0 status=0x01FE->0x01FE flag=1
client level=info t=93203 ev=probe stage=bind client=0x1433F0CF980 established=0x9EAA300100200001 slotrec=0x143265AD9A0 roster=0x143E3B5BC80 receipt=1
client level=info t=93203 ev=retail site=80 text=networking:channel:packet_loss_stats: [dir:127.0.0.1(id=0):30976#bh64] Incoming packet read result summary - 8 ok, 0 discard, 201 discard-expected, 0 corrupt
client level=info t=93203 ev=retail site=81 text=networking:channel:packet_loss_stats: [dir:127.0.0.1(id=0):30976#bh64] Outgoing packet delivery summary - 205 delivered, 0 of those out-of-order, 0 lost - highest loss fraction seen 0.000
client level=info t=93203 ev=retail site=82 text=networking:channel: channel dir:127.0.0.1(id=0):30976#bh64(id '0') (ra: ''dir:127.0.0.1(id=0):30976'') state change connected -> closed
client level=info t=93203 ev=retail site=83 text=networking:channel_manager: channel 'dir:127.0.0.1(id=0):30976#bh64' (0): channel closed (reason=channel-manager-owners-released) because 'dir:127.0.0.1(id=0):30976' can't be reached, resetting security
server level=info t=93203 ev=gameplay stage=peer result=closed reason=10
server level=info t=93203 ev=gameplay stage=response result=ok wordb=2 signon=0
client level=info t=93235 ev=probe stage=hosttail client=0x1433F0CF980 b=00000000000000000000000000000000000000000000000000000000000000000000000000000000FFFFFFFF00000000
client level=info t=93235 ev=probe stage=grant client=0x1433F0CF980 status=0x01FE pending=0 dirty=0 receipt=1
server level=info t=93235 ev=gameplay stage=connect result=ok peer=2003 local=0x00000002 remote=0x00000004 rebuilt=0
server level=info t=93235 ev=gameplay stage=establish result=queued local=0x00000002 remote=0x00000004
server level=info t=94250 ev=gameplay stage=message result=ok id=8 peerstage=5
server level=info t=94250 ev=gameplay stage=sendqueue result=cleared packet=1 base=4 entries=0
server level=info t=94297 ev=gameplay stage=message result=ok id=40 peerstage=5
server level=info t=94297 ev=gameplay stage=view result=queued remote=1 local=1 token=0x9EAA300100200001 list=0
server level=info t=94344 ev=gameplay stage=message result=ok id=40 peerstage=5
server level=info t=94344 ev=gameplay stage=view result=queued remote=2 local=2 token=0x9EAA300100200001 list=15
server level=info t=94344 ev=gameplay stage=sendqueue result=cleared packet=7 base=7 entries=0
server level=info t=94422 ev=gameplay stage=message result=ok id=40 peerstage=5
server level=info t=94422 ev=gameplay stage=view result=queued remote=3 local=3 token=0x9EAA300100200001 list=0
server level=info t=94422 ev=gameplay stage=message result=ok id=40 peerstage=5
server level=info t=94422 ev=gameplay stage=view result=queued remote=4 local=4 token=0x9EAA300100200001 list=0
server level=info t=94422 ev=gameplay stage=sendqueue result=cleared packet=8 base=8 entries=0
server level=info t=94469 ev=gameplay stage=sendqueue result=cleared packet=9 base=9 entries=0
server level=info t=94531 ev=gameplay stage=message result=ok id=40 peerstage=5
server level=warn t=94531 ev=gameplay stage=view result=refused remote=5 local=0 token=0x9EAA300100200001 list=0
client level=info t=94719 ev=nettick stage=sample latch=1 callbacks=14275
client level=info t=95235 ev=probe stage=hosttail client=0x1433F0CF980 b=00000000000000000000000000000000000000000000000000000000000000000000000000000000FFFFFFFF00000000
client level=info t=95235 ev=probe stage=grant client=0x1433F0CF980 status=0x01FE pending=0 dirty=0 receipt=1
client level=warn t=95485 ev=vr.probe state on=1 yaw=0.0 height=0.00 fov=0.0
client level=warn t=95485 ev=vr.probe block player=0 addr=0x14326515810
client level=warn t=95485 ev=vr.xr load path=C:\Program Files\Meta Horizon\Support\oculus-runtime\.\LibOVRRTImpl64_1.dll
client level=warn t=95500 ev=vr.xr unhook module=kernelbase.dll export=LoadLibraryExW result=ok bytes=2
client level=warn t=95500 ev=vr.xr unhook module=kernel32.dll export=GetProcAddress result=ok bytes=2
client level=warn t=95500 ev=vr.xr ldr_notify callback=destiny2.exe+0x3AB4B0 foreign=1
client level=warn t=95500 ev=vr.xr ldr_notify result=ok seen=1 neutralised=1
client level=warn t=95516 ev=vr.xr load result=ok interface=1 runtime_api=1.1.61
client level=warn t=95672 ev=vr.xr views count=2 eye=1824x1968 runtime=Oculus
client level=warn t=95906 ev=vr.xr bindings profile=/interaction_profiles/oculus/touch_controller count=16 result=0
client level=warn t=95906 ev=vr.xr bindings profile=/interaction_profiles/khr/simple_controller count=7 result=0
client level=warn t=95906 ev=vr.xr actions result=ok spaces=1 palm_spaces=1
client level=warn t=95906 ev=vr.xr init result=ok runtime=Oculus
client level=warn t=95906 ev=vr.xr session state=running
client level=warn t=95938 ev=vr.xr submit layers=0 result=0 fov=1.4242 aspect=1.7778
client level=info t=95938 ev=retail site=73 text=networking:update: *** it has been 446 milliseconds since the last network update (longest expected: '500')
client level=warn t=95938 ev=vr.weapon install result=ok getter=0x12D22C0 ptr=0x12D50F0 xform=0xD5D7F0
client level=warn t=95938 ev=vr.weapon rule path=getter targets=D5D832 source=hand rvas=1 all=0 rules=1
client level=warn t=95938 ev=vr.weapon defaults applied=1 anchor=palm pivot=-0.3300,-0.0915,0.1090
client level=warn t=95953 ev=vr.xr submit layers=0 result=0 fov=1.4242 aspect=1.7778
client level=warn t=95953 ev=vr.xr submit layers=0 result=0 fov=1.4242 aspect=1.7778
client level=warn t=95969 ev=vr.xr submit layers=0 result=0 fov=1.4242 aspect=1.7778
client level=warn t=95985 ev=vr.xr submit layers=0 result=0 fov=1.4242 aspect=1.7778
client level=warn t=96000 ev=vr.xr submit layers=0 result=0 fov=1.4242 aspect=1.7778
client level=warn t=96016 ev=vr.xr submit layers=0 result=0 fov=1.4242 aspect=1.7778
client level=warn t=96031 ev=vr.xr submit layers=0 result=0 fov=1.4242 aspect=1.7778
client level=warn t=96047 ev=vr.xr submit layers=0 result=0 fov=1.4242 aspect=1.7778
client level=warn t=96063 ev=vr.xr submit layers=0 result=0 fov=1.4242 aspect=1.7778
client level=warn t=96078 ev=vr.xr submit layers=0 result=0 fov=1.4242 aspect=1.7778
client level=warn t=96078 ev=vr.xr submit layers=0 result=0 fov=1.4242 aspect=1.7778
client level=warn t=96094 ev=vr.xr submit layers=0 result=0 fov=1.4242 aspect=1.7778
client level=warn t=96110 ev=vr.xr submit layers=0 result=0 fov=1.4242 aspect=1.7778
client level=warn t=96125 ev=vr.xr submit layers=0 result=0 fov=1.4242 aspect=1.7778
client level=warn t=96141 ev=vr.xr submit layers=0 result=0 fov=1.4242 aspect=1.7778
client level=warn t=96156 ev=vr.xr submit layers=0 result=0 fov=1.4242 aspect=1.7778
client level=warn t=96172 ev=vr.xr submit layers=0 result=0 fov=1.4242 aspect=1.7778
client level=warn t=96188 ev=vr.xr submit layers=0 result=0 fov=1.4242 aspect=1.7778
client level=warn t=96203 ev=vr.xr submit layers=0 result=0 fov=1.4242 aspect=1.7778
client level=warn t=96203 ev=vr.xr submit layers=0 result=0 fov=1.4242 aspect=1.7778
client level=warn t=96219 ev=vr.xr submit layers=0 result=0 fov=1.4242 aspect=1.7778
client level=warn t=96235 ev=vr.xr submit layers=0 result=0 fov=1.4242 aspect=1.7778
client level=warn t=96250 ev=vr.xr submit layers=0 result=0 fov=1.4242 aspect=1.7778
client level=warn t=96266 ev=vr.xr submit layers=0 result=0 fov=1.4242 aspect=1.7778
client level=warn t=96281 ev=vr.xr submit layers=0 result=0 fov=1.4242 aspect=1.7778
client level=warn t=96297 ev=vr.xr submit layers=0 result=0 fov=1.4242 aspect=1.7778
client level=warn t=96313 ev=vr.xr submit layers=0 result=0 fov=1.4242 aspect=1.7778
client level=warn t=96328 ev=vr.xr submit layers=0 result=0 fov=1.4242 aspect=1.7778
client level=warn t=96344 ev=vr.xr submit layers=0 result=0 fov=1.4242 aspect=1.7778
client level=warn t=96344 ev=vr.xr submit layers=0 result=0 fov=1.4242 aspect=1.7778
client level=warn t=96360 ev=vr.xr submit layers=0 result=0 fov=1.4242 aspect=1.7778
client level=warn t=96375 ev=vr.xr submit layers=0 result=0 fov=1.4242 aspect=1.7778
client level=warn t=96391 ev=vr.xr submit layers=0 result=0 fov=1.4242 aspect=1.7778
client level=warn t=96406 ev=vr.xr submit layers=0 result=0 fov=1.4242 aspect=1.7778
client level=warn t=96422 ev=vr.xr submit layers=0 result=0 fov=1.4242 aspect=1.7778
client level=warn t=96438 ev=vr.xr submit layers=0 result=0 fov=1.4242 aspect=1.7778
client level=warn t=96453 ev=vr.xr submit layers=0 result=0 fov=1.4242 aspect=1.7778
client level=warn t=96469 ev=vr.xr submit layers=0 result=0 fov=1.4242 aspect=1.7778
client level=warn t=96469 ev=vr.xr submit layers=0 result=0 fov=1.4242 aspect=1.7778
client level=warn t=96485 ev=vr.xr submit layers=0 result=0 fov=1.4242 aspect=1.7778
client level=warn t=96500 ev=vr.xr submit layers=0 result=0 fov=1.4242 aspect=1.7778
client level=warn t=96516 ev=vr.xr submit layers=0 result=0 fov=1.4242 aspect=1.7778
server level=info t=96516 ev=gameplay stage=message result=ok id=4 peerstage=5
client level=warn t=96531 ev=vr.xr submit layers=0 result=0 fov=1.4242 aspect=1.7778
client level=warn t=96547 ev=vr.xr submit layers=0 result=0 fov=1.4242 aspect=1.7778
client level=warn t=96563 ev=vr.xr submit layers=0 result=0 fov=1.4242 aspect=1.7778
client level=warn t=96578 ev=vr.xr submit layers=0 result=0 fov=1.4242 aspect=1.7778
client level=warn t=96578 ev=vr.xr submit layers=0 result=0 fov=1.4242 aspect=1.7778
client level=warn t=96594 ev=vr.xr submit layers=0 result=0 fov=1.4242 aspect=1.7778
client level=warn t=96610 ev=vr.xr submit layers=0 result=0 fov=1.4242 aspect=1.7778
client level=warn t=96625 ev=vr.xr submit layers=0 result=0 fov=1.4242 aspect=1.7778
client level=warn t=96641 ev=vr.xr submit layers=0 result=0 fov=1.4242 aspect=1.7778
client level=warn t=96656 ev=vr.xr submit layers=0 result=0 fov=1.4242 aspect=1.7778
client level=warn t=96672 ev=vr.xr eyes index=0 pos=-0.0640,0.0049,-0.0508 quat=0.01137,0.03124,-0.01062,0.99939 fov_lrud=-0.9425,0.6981,0.7679,-0.9599
client level=warn t=96672 ev=vr.xr eyes index=1 pos=-0.0022,0.0036,-0.0547 quat=0.01137,0.03124,-0.01062,0.99939 fov_lrud=-0.6981,0.9425,0.7679,-0.9599
client level=warn t=96672 ev=vr.xr recentre x=-0.033 y=0.004 z=-0.053
client level=warn t=96672 ev=vr.xr recentre_yaw room=0.0623
client level=warn t=96688 ev=vr.xr swapchain result=ok size=1920x1080 source_format=28 format=29 direct=1 images=3
client level=info t=96719 ev=nettick stage=sample latch=1 callbacks=14389
client level=info t=97235 ev=probe stage=hosttail client=0x1433F0CF980 b=00000000000000000000000000000000000000000000000000000000000000000000000000000000FFFFFFFF00000000
client level=info t=97235 ev=probe stage=grant client=0x1433F0CF980 status=0x01FE pending=0 dirty=0 receipt=1
client level=warn t=97563 ev=vr.xr hand yaw=-2.4740 r_valid=0 r_stale=0 r_fwd=0.000,0.000,0.000 r_up=0.000,0.000,0.000 r_off=0.000,0.000,0.000 r_palm=0.000,0.000,0.000 l_valid=0 l_fwd=0.000,0.000,0.000 l_off=0.000,0.000,0.000 h_off=0.001,0.008,-0.003
client level=warn t=97875 ev=vr.weapon callers path=getter D5D832:133 B363FA:399 B3598D:133
client level=warn t=97891 ev=vr.weapon callers path=ptr D98F49:665 D7FB5C:50 DB8CB6:133 12B0A09:133 16E8861:133 D8F242:133 D8B348:133 D8B9B5:133 D8492B:36 12B2284:16 D2F672:16 D7FF2C:8
client level=warn t=97891 ev=vr.weapon callers path=xform D5896F:133
client level=warn t=97891 ev=vr.probe pose in_pos=661.01,268.12,58.20 in_fwd=-0.872,-0.490,0.000 in_fov=1.4242 out_pos=661.01,268.14,58.19 out_fwd=-0.867,-0.479,-0.135 out_fov=1.8850
client level=warn t=98422 ev=vr.xr hand yaw=-2.4740 r_valid=1 r_stale=0 r_fwd=-0.165,-0.982,-0.093 r_up=0.793,-0.188,0.580 r_off=-0.435,-0.049,-0.363 r_palm=-0.443,0.050,-0.372 l_valid=1 l_fwd=-0.964,0.257,-0.064 l_off=-0.520,-0.022,-0.367 h_off=-0.014,0.012,-0.013
client level=warn t=98516 ev=vr.body anchor=-2.4118 head_yaw=-0.2705 body_yaw=-2.6779 error=-0.0046 counts_per_rad=579 servo=1
client level=warn t=98516 ev=vr.pad stats injected=0 held=0 mouse=154,0 move=0.00,0.00 turn=0.00,0.00 trig=0.00,0.00 buttons=0x0
client level=info t=98719 ev=nettick stage=sample latch=1 callbacks=14525
server level=info t=98828 ev=gameplay stage=message result=ok id=4 peerstage=5
client level=info t=99235 ev=probe stage=hosttail client=0x1433F0CF980 b=00000000000000000000000000000000000000000000000000000000000000000000000000000000FFFFFFFF00000000
client level=info t=99235 ev=probe stage=grant client=0x1433F0CF980 status=0x01FE pending=0 dirty=0 receipt=1
client level=warn t=99281 ev=vr.xr hand yaw=-2.4740 r_valid=1 r_stale=0 r_fwd=-0.722,-0.681,-0.121 r_up=-0.453,0.334,0.827 r_off=-0.524,-0.087,-0.200 r_palm=-0.442,-0.033,-0.213 l_valid=1 l_fwd=-0.964,0.258,-0.070 l_off=-0.516,-0.023,-0.365 h_off=-0.011,0.033,-0.013
client level=warn t=99281 ev=vr.xr pose fwd=-0.944,-0.278,-0.178 off=-0.011,0.033,-0.013 fov=1.8850 aspect=0.964
client level=warn t=100156 ev=vr.xr hand yaw=-2.4740 r_valid=1 r_stale=0 r_fwd=0.516,-0.573,0.637 r_up=0.562,-0.334,-0.757 r_off=-0.295,-0.073,-0.102 r_palm=-0.361,-0.008,-0.140 l_valid=1 l_fwd=-0.964,0.258,-0.070 l_off=-0.516,-0.023,-0.365 h_off=-0.012,0.037,-0.011
client level=warn t=100485 ev=vr.weapon callers path=getter D5D832:180 B363FA:540 B3598D:180
client level=warn t=100485 ev=vr.weapon callers path=ptr D98F49:900 D7FB5C:65 DB8CB6:180 12B0A09:180 16E8861:180 D8F242:180 D8B348:180 D8B9B5:180 D8492B:40 12B2284:22 D2F672:22 D7FF2C:11
client level=warn t=100485 ev=vr.weapon callers path=xform D5896F:180
client level=warn t=100485 ev=vr.probe pose in_pos=661.01,268.12,58.20 in_fwd=-0.982,-0.188,0.000 in_fov=1.4242 out_pos=661.00,268.17,58.19 out_fwd=-0.977,-0.171,-0.128 out_fov=1.8850
client level=info t=100719 ev=nettick stage=sample latch=1 callbacks=14664
client level=warn t=101000 ev=vr.xr hand yaw=-2.4740 r_valid=1 r_stale=0 r_fwd=-0.963,-0.204,0.177 r_up=0.070,0.446,0.892 r_off=-0.622,0.061,-0.094 r_palm=-0.533,0.067,-0.138 l_valid=1 l_fwd=-0.964,0.258,-0.070 l_off=-0.516,-0.023,-0.365 h_off=-0.026,0.057,-0.030
client level=warn t=101000 ev=vr.xr submit layers=1 result=0 fov=1.8850 aspect=0.9638
client level=warn t=101094 ev=vr.body anchor=-2.4118 head_yaw=-0.6349 body_yaw=-3.0684 error=0.0142 counts_per_rad=579 servo=1
client level=warn t=101094 ev=vr.pad stats injected=0 held=0 mouse=378,0 move=0.00,0.00 turn=0.00,0.00 trig=0.00,0.00 buttons=0x0
client level=info t=101235 ev=probe stage=hosttail client=0x1433F0CF980 b=00000000000000000000000000000000000000000000000000000000000000000000000000000000FFFFFFFF00000000
client level=info t=101235 ev=probe stage=grant client=0x1433F0CF980 status=0x01FE pending=0 dirty=0 receipt=1
client level=warn t=101860 ev=vr.xr hand yaw=-2.4740 r_valid=1 r_stale=0 r_fwd=-0.857,-0.430,-0.285 r_up=-0.272,-0.094,0.958 r_off=-0.521,-0.281,-0.147 r_palm=-0.431,-0.237,-0.149 l_valid=1 l_fwd=-0.964,0.258,-0.070 l_off=-0.516,-0.023,-0.365 h_off=0.041,0.055,0.014
client level=warn t=101860 ev=vr.xr pose fwd=-0.865,-0.501,0.010 off=0.041,0.055,0.014 fov=1.8850 aspect=0.964
server level=info t=101938 ev=gameplay stage=message result=ok id=4 peerstage=5
client level=warn t=102703 ev=vr.xr hand yaw=-2.4740 r_valid=1 r_stale=0 r_fwd=-0.786,-0.618,0.015 r_up=-0.025,0.055,0.998 r_off=-0.460,-0.298,-0.065 r_palm=-0.385,-0.241,-0.096 l_valid=1 l_fwd=-0.964,0.258,-0.070 l_off=-0.516,-0.023,-0.365 h_off=0.025,0.050,-0.002
client level=info t=102719 ev=nettick stage=sample latch=1 callbacks=14806
client level=warn t=103031 ev=vr.weapon callers path=getter D5D832:180 B363FA:540 B3598D:180
client level=warn t=103031 ev=vr.weapon callers path=ptr D98F49:900 D7FB5C:67 DB8CB6:180 12B0A09:180 16E8861:180 D8F242:180 D8B348:180 D8B9B5:180 D8492B:45 12B2284:20 D2F672:20 D7FF2C:11 F4276C:1
client level=warn t=103031 ev=vr.weapon callers path=xform D5896F:180
client level=warn t=103031 ev=vr.probe pose in_pos=661.01,268.12,58.20 in_fwd=-0.794,-0.608,0.000 in_fov=1.4242 out_pos=661.05,268.17,58.21 out_fwd=-0.791,-0.605,-0.091 out_fov=1.8850
server level=info t=103219 ev=gameplay stage=association result=timeout
client level=info t=103235 ev=probe stage=hosttail client=0x1433F0CF980 b=00000000000000000000000000000000000000000000000000000000000000000000000000000000FFFFFFFF00000000
client level=info t=103235 ev=probe stage=grant client=0x1433F0CF980 status=0x01FE pending=0 dirty=0 receipt=1
client level=warn t=103563 ev=vr.xr hand yaw=-2.4740 r_valid=1 r_stale=0 r_fwd=-0.806,-0.590,-0.039 r_up=-0.041,-0.011,0.999 r_off=-0.493,-0.283,-0.127 r_palm=-0.416,-0.226,-0.153 l_valid=1 l_fwd=-0.964,0.258,-0.070 l_off=-0.516,-0.023,-0.365 h_off=0.037,0.049,0.008
client level=warn t=103656 ev=vr.body anchor=-2.4118 head_yaw=-0.0360 body_yaw=-2.4688 error=0.0184 counts_per_rad=579 servo=1
client level=warn t=103656 ev=vr.pad stats injected=0 held=0 mouse=30,0 move=0.00,0.00 turn=0.00,0.00 trig=0.00,0.00 buttons=0x0
client level=warn t=104406 ev=vr.xr hand yaw=-2.4740 r_valid=1 r_stale=0 r_fwd=-0.743,-0.644,0.184 r_up=-0.081,0.359,0.930 r_off=-0.441,-0.207,-0.141 r_palm=-0.368,-0.157,-0.187 l_valid=1 l_fwd=-0.964,0.258,-0.070 l_off=-0.516,-0.023,-0.365 h_off=0.032,0.049,0.003
client level=warn t=104406 ev=vr.xr pose fwd=-0.795,-0.600,-0.091 off=0.032,0.049,0.003 fov=1.8850 aspect=0.964
client level=info t=104719 ev=nettick stage=sample latch=1 callbacks=14947
server level=info t=105063 ev=gameplay stage=message result=ok id=4 peerstage=5
client level=info t=105235 ev=probe stage=hosttail client=0x1433F0CF980 b=00000000000000000000000000000000000000000000000000000000000000000000000000000000FFFFFFFF00000000
client level=info t=105235 ev=probe stage=grant client=0x1433F0CF980 status=0x01FE pending=0 dirty=0 receipt=1
client level=warn t=105250 ev=vr.xr hand yaw=-2.4740 r_valid=1 r_stale=0 r_fwd=-0.987,-0.144,0.071 r_up=0.079,-0.051,0.996 r_off=-0.563,-0.175,-0.149 r_palm=-0.472,-0.159,-0.185 l_valid=1 l_fwd=-0.964,0.258,-0.070 l_off=-0.516,-0.023,-0.365 h_off=0.032,0.063,0.009
client level=warn t=105250 ev=vr.xr submit layers=1 result=0 fov=1.8850 aspect=0.9638
client level=warn t=105594 ev=vr.weapon callers path=getter D5D832:180 B363FA:540 B3598D:180 B40A78:4
client level=warn t=105594 ev=vr.weapon callers path=ptr D98F49:900 D7FB5C:60 DB8CB6:180 12B0A09:180 16E8861:180 D8F242:180 D8B348:180 D8B9B5:180 D8492B:43 12B2284:23 D2F672:23 D7FF2C:11 F4276C:3 CE3C40:2
client level=warn t=105594 ev=vr.weapon callers path=xform D5896F:180
client level=warn t=105594 ev=vr.probe pose in_pos=661.09,268.15,58.20 in_fwd=-0.946,-0.321,0.035 in_fov=1.4242 out_pos=661.12,268.22,58.21 out_fwd=-0.952,-0.305,-0.002 out_fov=1.8850
client level=warn t=106141 ev=vr.xr hand yaw=-2.4740 r_valid=1 r_stale=0 r_fwd=-0.986,-0.167,-0.018 r_up=-0.026,0.042,0.999 r_off=-0.597,-0.130,-0.156 r_palm=-0.502,-0.115,-0.184 l_valid=1 l_fwd=-0.964,0.258,-0.070 l_off=-0.516,-0.023,-0.365 h_off=0.029,0.073,0.010
client level=warn t=106235 ev=vr.body anchor=-2.4118 head_yaw=-0.4076 body_yaw=-2.8302 error=0.0088 counts_per_rad=712 servo=1
client level=warn t=106235 ev=vr.pad stats injected=4 held=0 mouse=253,0 move=0.00,0.00 turn=0.00,0.00 trig=0.00,0.00 buttons=0x0
client level=info t=106719 ev=nettick stage=sample latch=1 callbacks=15085
client level=warn t=107000 ev=vr.xr hand yaw=-2.4740 r_valid=1 r_stale=0 r_fwd=-0.819,0.560,0.126 r_up=-0.025,-0.254,0.967 r_off=-0.610,-0.062,-0.154 r_palm=-0.532,-0.107,-0.195 l_valid=1 l_fwd=-0.964,0.258,-0.070 l_off=-0.516,-0.023,-0.365 h_off=0.020,0.089,0.012
client level=warn t=107000 ev=vr.xr pose fwd=-0.992,-0.128,0.015 off=0.020,0.089,0.012 fov=1.8850 aspect=0.964
client level=info t=107235 ev=probe stage=hosttail client=0x1433F0CF980 b=00000000000000000000000000000000000000000000000000000000000000000000000000000000FFFFFFFF00000000
client level=info t=107235 ev=probe stage=grant client=0x1433F0CF980 status=0x01FE pending=0 dirty=0 receipt=1
client level=warn t=107844 ev=vr.xr hand yaw=-2.4740 r_valid=1 r_stale=0 r_fwd=-0.927,-0.361,-0.107 r_up=-0.226,0.306,0.925 r_off=-0.552,-0.169,-0.147 r_palm=-0.458,-0.144,-0.165 l_valid=1 l_fwd=-0.964,0.258,-0.070 l_off=-0.516,-0.023,-0.365 h_off=0.023,0.067,0.004
client level=warn t=108156 ev=vr.weapon callers path=getter D5D832:180 B363FA:540 B3598D:180 B40A78:2
client level=warn t=108156 ev=vr.weapon callers path=ptr D98F49:900 D7FB5C:64 DB8CB6:180 12B0A09:180 16E8861:180 D8F242:180 D8B348:180 D8B9B5:180 D8492B:40 12B2284:22 D2F672:22 D7FF2C:10 F4276C:3 CE3C40:1
client level=warn t=108156 ev=vr.weapon callers path=xform D5896F:180
server level=info t=108156 ev=gameplay stage=message result=ok id=4 peerstage=5
client level=warn t=108172 ev=vr.probe pose in_pos=661.01,268.12,58.20 in_fwd=-0.912,-0.410,0.001 in_fov=1.4242 out_pos=661.04,268.20,58.20 out_fwd=-0.892,-0.436,-0.122 out_fov=1.8850
client level=warn t=108688 ev=vr.xr hand yaw=-2.4740 r_valid=1 r_stale=0 r_fwd=-0.806,-0.587,-0.079 r_up=-0.078,-0.028,0.997 r_off=-0.408,-0.322,-0.111 r_palm=-0.329,-0.265,-0.134 l_valid=1 l_fwd=-0.964,0.258,-0.070 l_off=-0.516,-0.023,-0.365 h_off=0.035,0.065,0.001
client level=info t=108719 ev=nettick stage=sample latch=1 callbacks=15226
client level=warn t=108781 ev=vr.body anchor=-2.4118 head_yaw=-0.1288 body_yaw=-2.5446 error=0.0034 counts_per_rad=579 servo=1
client level=warn t=108781 ev=vr.pad stats injected=6 held=0 mouse=89,0 move=0.00,0.00 turn=0.00,0.00 trig=0.00,0.00 buttons=0x0
client level=info t=109235 ev=probe stage=hosttail client=0x1433F0CF980 b=00000000000000000000000000000000000000000000000000000000000000000000000000000000FFFFFFFF00000000
client level=info t=109235 ev=probe stage=grant client=0x1433F0CF980 status=0x01FE pending=0 dirty=0 receipt=1
client level=warn t=109547 ev=vr.xr hand yaw=-2.4740 r_valid=1 r_stale=0 r_fwd=-0.746,-0.664,-0.057 r_up=0.241,-0.348,0.906 r_off=-0.397,-0.345,-0.136 r_palm=-0.334,-0.271,-0.158 l_valid=1 l_fwd=-0.964,0.258,-0.070 l_off=-0.516,-0.023,-0.365 h_off=0.038,0.066,0.003
client level=warn t=109547 ev=vr.xr pose fwd=-0.819,-0.563,-0.114 off=0.038,0.066,0.003 fov=1.8850 aspect=0.964
client level=warn t=109547 ev=vr.xr submit layers=1 result=0 fov=1.8850 aspect=0.9638
client level=warn t=110391 ev=vr.xr hand yaw=-2.4740 r_valid=1 r_stale=0 r_fwd=0.169,-0.603,0.780 r_up=0.086,-0.779,-0.621 r_off=-0.502,-0.125,-0.021 r_palm=-0.521,-0.044,-0.077 l_valid=1 l_fwd=-0.964,0.258,-0.070 l_off=-0.516,-0.023,-0.365 h_off=0.024,0.086,0.000
client level=warn t=110719 ev=vr.weapon callers path=getter D5D832:180 B363FA:540 B3598D:180 B40A78:2
client level=warn t=110719 ev=vr.weapon callers path=ptr D98F49:900 D7FB5C:66 DB8CB6:180 12B0A09:180 16E8861:180 D8F242:180 D8B348:180 D8B9B5:180 D8492B:44 12B2284:22 D2F672:22 D7FF2C:11 F4276C:2 CE3C40:1
client level=warn t=110719 ev=vr.weapon callers path=xform D5896F:180
client level=warn t=110719 ev=vr.probe pose in_pos=661.01,268.12,58.20 in_fwd=-0.996,0.088,0.000 in_fov=1.4242 out_pos=661.03,268.22,58.20 out_fwd=-0.990,0.101,-0.095 out_fov=1.8850
client level=info t=110719 ev=nettick stage=sample latch=1 callbacks=15368
client level=info t=111235 ev=probe stage=hosttail client=0x1433F0CF980 b=00000000000000000000000000000000000000000000000000000000000000000000000000000000FFFFFFFF00000000
client level=info t=111235 ev=probe stage=grant client=0x1433F0CF980 status=0x01FE pending=0 dirty=0 receipt=1
client level=warn t=111250 ev=vr.xr hand yaw=-2.4740 r_valid=1 r_stale=0 r_fwd=-0.218,-0.071,0.973 r_up=0.895,-0.412,0.171 r_off=-0.515,-0.046,0.031 r_palm=-0.521,-0.027,-0.066 l_valid=1 l_fwd=-0.964,0.258,-0.070 l_off=-0.516,-0.023,-0.365 h_off=0.013,0.105,-0.006
server level=info t=111297 ev=gameplay stage=message result=ok id=4 peerstage=5
client level=warn t=111344 ev=vr.body anchor=-2.4118 head_yaw=-0.7554 body_yaw=3.0757 error=0.0309 counts_per_rad=579 servo=1
client level=warn t=111344 ev=vr.pad stats injected=8 held=0 mouse=469,0 move=0.00,0.00 turn=0.00,0.00 trig=0.00,0.00 buttons=0x0
client level=warn t=112094 ev=vr.xr hand yaw=-2.4740 r_valid=1 r_stale=0 r_fwd=-0.196,-0.610,0.768 r_up=0.458,-0.750,-0.478 r_off=-0.518,-0.111,-0.065 r_palm=-0.513,-0.031,-0.123 l_valid=1 l_fwd=-0.964,0.258,-0.070 l_off=-0.516,-0.023,-0.365 h_off=0.018,0.082,-0.005
client level=warn t=112094 ev=vr.xr pose fwd=-0.985,-0.100,-0.137 off=0.018,0.082,-0.005 fov=1.8850 aspect=0.964
client level=info t=112719 ev=nettick stage=sample latch=1 callbacks=15509
client level=warn t=112938 ev=vr.xr hand yaw=-2.4740 r_valid=1 r_stale=0 r_fwd=-0.400,-0.836,0.377 r_up=-0.782,0.525,0.336 r_off=-0.401,-0.068,-0.177 r_palm=-0.340,-0.004,-0.222 l_valid=1 l_fwd=-0.964,0.258,-0.070 l_off=-0.516,-0.023,-0.365 h_off=0.004,0.084,-0.020
client level=info t=113235 ev=probe stage=hosttail client=0x1433F0CF980 b=00000000000000000000000000000000000000000000000000000000000000000000000000000000FFFFFFFF00000000
client level=info t=113235 ev=probe stage=grant client=0x1433F0CF980 status=0x01FE pending=0 dirty=0 receipt=1
client level=warn t=113266 ev=vr.weapon callers path=getter D5D832:180 B363FA:540 B3598D:180 B40A78:0
client level=warn t=113266 ev=vr.weapon callers path=ptr D98F49:900 D7FB5C:66 DB8CB6:180 12B0A09:180 16E8861:180 D8F242:180 D8B348:180 D8B9B5:180 D8492B:44 12B2284:21 D2F672:21 D7FF2C:11 F4276C:3 CE3C40:0
client level=warn t=113266 ev=vr.weapon callers path=xform D5896F:180
client level=warn t=113281 ev=vr.probe pose in_pos=661.01,268.12,58.20 in_fwd=-0.940,-0.340,0.000 in_fov=1.4242 out_pos=661.02,268.18,58.17 out_fwd=-0.859,-0.368,-0.355 out_fov=1.8850
client level=warn t=113797 ev=vr.xr hand yaw=-2.4740 r_valid=1 r_stale=0 r_fwd=-0.598,-0.725,0.342 r_up=0.683,-0.238,0.690 r_off=-0.288,-0.227,-0.227 r_palm=-0.252,-0.151,-0.280 l_valid=1 l_fwd=-0.964,0.258,-0.070 l_off=-0.516,-0.023,-0.365 h_off=0.020,0.041,-0.020
client level=warn t=113797 ev=vr.xr submit layers=1 result=0 fov=1.8850 aspect=0.9638
client level=warn t=113906 ev=vr.body anchor=-2.4118 head_yaw=-0.0654 body_yaw=-2.4956 error=0.0153 counts_per_rad=579 servo=1
client level=warn t=113906 ev=vr.pad stats injected=8 held=0 mouse=60,0 move=0.00,0.00 turn=0.00,0.00 trig=0.00,0.00 buttons=0x0
server level=info t=114375 ev=gameplay stage=message result=ok id=4 peerstage=5
client level=warn t=114656 ev=vr.xr hand yaw=-2.4740 r_valid=1 r_stale=0 r_fwd=-0.729,-0.683,-0.052 r_up=-0.025,-0.049,0.999 r_off=-0.340,-0.362,-0.121 r_palm=-0.270,-0.295,-0.146 l_valid=1 l_fwd=-0.964,0.258,-0.070 l_off=-0.516,-0.023,-0.365 h_off=0.050,0.057,0.008
client level=warn t=114656 ev=vr.xr pose fwd=-0.745,-0.665,-0.044 off=0.050,0.057,0.008 fov=1.8850 aspect=0.964
client level=info t=114719 ev=nettick stage=sample latch=1 callbacks=15650
client level=info t=115235 ev=probe stage=hosttail client=0x1433F0CF980 b=00000000000000000000000000000000000000000000000000000000000000000000000000000000FFFFFFFF00000000
client level=info t=115235 ev=probe stage=grant client=0x1433F0CF980 status=0x01FE pending=0 dirty=0 receipt=1
client level=warn t=115500 ev=vr.xr hand yaw=-2.4740 r_valid=1 r_stale=0 r_fwd=-0.245,-0.937,0.248 r_up=-0.819,0.337,0.465 r_off=-0.278,-0.244,-0.191 r_palm=-0.230,-0.165,-0.229 l_valid=1 l_fwd=-0.964,0.258,-0.070 l_off=-0.516,-0.023,-0.365 h_off=0.040,0.011,-0.004
client level=warn t=115813 ev=vr.weapon callers path=getter D5D832:180 B363FA:540 B3598D:180 B40A78:2
client level=warn t=115813 ev=vr.weapon callers path=ptr D98F49:900 D7FB5C:50 DB8CB6:180 12B0A09:180 16E8861:180 D8F242:180 D8B348:180 D8B9B5:180 D8492B:36 12B2284:22 D2F672:22 D7FF2C:9 F4276C:2 CE3C40:1
client level=warn t=115813 ev=vr.weapon callers path=xform D5896F:180
client level=warn t=115828 ev=vr.probe pose in_pos=661.01,268.12,58.20 in_fwd=-0.786,-0.618,0.001 in_fov=1.4242 out_pos=661.03,268.10,58.19 out_fwd=-0.777,-0.610,-0.155 out_fov=1.8850
client level=warn t=116360 ev=vr.xr hand yaw=-2.4740 r_valid=1 r_stale=0 r_fwd=-0.422,-0.845,0.328 r_up=0.235,0.248,0.940 r_off=-0.253,-0.099,-0.279 r_palm=-0.220,-0.026,-0.338 l_valid=1 l_fwd=-0.964,0.258,-0.070 l_off=-0.516,-0.023,-0.365 h_off=0.032,0.002,0.036
client level=warn t=116453 ev=vr.body anchor=-2.4118 head_yaw=0.9388 body_yaw=-1.5437 error=0.0550 counts_per_rad=579 servo=1
client level=warn t=116453 ev=vr.pad stats injected=12 held=0 mouse=-499,0 move=0.00,0.00 turn=0.00,0.00 trig=0.00,0.00 buttons=0x0
client level=info t=116719 ev=nettick stage=sample latch=1 callbacks=15791
client level=warn t=117188 ev=vr.xr hand yaw=-2.4740 r_valid=1 r_stale=0 r_fwd=-0.414,-0.701,0.581 r_up=0.893,-0.190,0.408 r_off=-0.293,-0.054,-0.274 r_palm=-0.280,0.018,-0.342 l_valid=1 l_fwd=-0.964,0.258,-0.070 l_off=-0.516,-0.023,-0.365 h_off=-0.033,0.077,0.027
client level=warn t=117188 ev=vr.xr pose fwd=-0.458,-0.868,0.194 off=-0.033,0.077,0.027 fov=1.8850 aspect=0.964
client level=info t=117235 ev=probe stage=hosttail client=0x1433F0CF980 b=00000000000000000000000000000000000000000000000000000000000000000000000000000000FFFFFFFF00000000
client level=info t=117235 ev=probe stage=grant client=0x1433F0CF980 status=0x01FE pending=0 dirty=0 receipt=1
server level=info t=117485 ev=gameplay stage=message result=ok id=4 peerstage=5
client level=warn t=118031 ev=vr.xr hand yaw=-2.4740 r_valid=1 r_stale=0 r_fwd=-0.062,-0.787,0.614 r_up=0.783,0.343,0.519 r_off=-0.152,-0.287,-0.114 r_palm=-0.170,-0.223,-0.188 l_valid=1 l_fwd=-0.964,0.258,-0.070 l_off=-0.516,-0.023,-0.365 h_off=-0.086,0.062,-0.006
client level=warn t=118031 ev=vr.xr submit layers=1 result=0 fov=1.8850 aspect=0.9638
client level=warn t=118344 ev=vr.weapon callers path=getter D5D832:180 B363FA:540 B3598D:180 B40A78:0
client level=warn t=118344 ev=vr.weapon callers path=ptr D98F49:900 D7FB5C:69 DB8CB6:180 12B0A09:180 16E8861:180 D8F242:180 D8B348:180 D8B9B5:180 D8492B:44 12B2284:20 D2F672:20 D7FF2C:11 F4276C:3 CE3C40:0
client level=warn t=118344 ev=vr.weapon callers path=xform D5896F:180
client level=warn t=118360 ev=vr.probe pose in_pos=661.01,268.12,58.20 in_fwd=-0.273,-0.962,0.001 in_fov=1.4242 out_pos=660.93,268.19,58.20 out_fwd=-0.266,-0.963,0.051 out_fov=1.8850
client level=info t=118719 ev=nettick stage=sample latch=1 callbacks=15934
client level=warn t=118875 ev=vr.xr hand yaw=-2.4740 r_valid=1 r_stale=0 r_fwd=-0.156,-0.955,0.253 r_up=0.288,0.201,0.936 r_off=-0.114,-0.435,-0.090 r_palm=-0.108,-0.350,-0.142 l_valid=1 l_fwd=-0.964,0.258,-0.070 l_off=-0.516,-0.023,-0.365 h_off=-0.081,0.074,-0.003
client level=warn t=118969 ev=vr.body anchor=-2.4118 head_yaw=0.5564 body_yaw=-1.8539 error=-0.0019 counts_per_rad=579 servo=1
client level=warn t=118969 ev=vr.pad stats injected=13 held=0 mouse=-310,0 move=0.00,0.00 turn=0.00,0.00 trig=0.00,1.00 buttons=0x0
client level=info t=119235 ev=probe stage=hosttail client=0x1433F0CF980 b=00000000000000000000000000000000000000000000000000000000000000000000000000000000FFFFFFFF00000000
client level=info t=119235 ev=probe stage=grant client=0x1433F0CF980 status=0x01FE pending=0 dirty=0 receipt=1
client level=warn t=119703 ev=vr.xr hand yaw=-2.4740 r_valid=1 r_stale=0 r_fwd=-0.719,-0.622,0.311 r_up=0.694,-0.613,0.378 r_off=-0.395,-0.028,-0.302 r_palm=-0.347,0.049,-0.342 l_valid=1 l_fwd=-0.964,0.258,-0.070 l_off=-0.516,-0.023,-0.365 h_off=0.007,-0.000,0.021
client level=warn t=119703 ev=vr.xr pose fwd=-0.093,-0.994,0.053 off=0.007,-0.000,0.021 fov=1.8850 aspect=0.964
client level=info t=119953 ev=retail site=84 text=networking:bandwidth: min_channels: 0 max channels: 1 max bps: 56224 avg cong bps: -1 low cong bps: -1 hi cong bps: -1 lat avg: -1 lat hi avg: 0 lat avg var: -1 pct loss: 0.00 pct loss hi avg: [0.00].
client level=info t=119953 ev=retail site=85 text=networking:bandwidth: machine [67:5C:D4:28:9F:56:8DD7] longest reception gap [125ms] longest ack gap [125ms] pct loss [0.00] disc count [0] sps [10] rps [10] bh: [y].
server level=info t=120344 ev=ws701 stage=profile_setup result=complete
server level=info t=120344 ev=activity stage=writeback result=ok world_state=8
client level=warn t=120563 ev=vr.xr hand yaw=-2.4740 r_valid=1 r_stale=0 r_fwd=-0.737,-0.669,-0.100 r_up=0.511,-0.647,0.567 r_off=-0.484,-0.028,-0.372 r_palm=-0.429,0.055,-0.380 l_valid=1 l_fwd=-0.962,0.261,-0.076 l_off=-0.516,-0.022,-0.365 h_off=0.152,-0.208,0.002
server level=info t=120594 ev=gameplay stage=message result=ok id=4 peerstage=5
client level=info t=120719 ev=nettick stage=sample latch=1 callbacks=16076
client level=warn t=120875 ev=vr.weapon callers path=getter D5D832:180 B363FA:540 B3598D:180 B40A78:2
client level=warn t=120875 ev=vr.weapon callers path=ptr D98F49:900 D7FB5C:58 DB8CB6:180 12B0A09:180 16E8861:180 D8F242:180 D8B348:180 D8B9B5:180 D8492B:40 12B2284:22 D2F672:22 D7FF2C:10 F4276C:2 CE3C40:1
client level=warn t=120875 ev=vr.weapon callers path=xform D5896F:180
client level=warn t=120875 ev=vr.probe pose in_pos=661.01,268.12,58.20 in_fwd=0.185,-0.983,0.001 in_fov=1.4242 out_pos=661.22,267.81,58.15 out_fwd=0.172,-0.985,-0.015 out_fov=1.8850
client level=info t=121172 ev=retail site=80 text=networking:channel:packet_loss_stats: [dir:127.0.0.1(id=0):30992#bh64] Incoming packet read result summary - 8 ok, 0 discard, 285 discard-expected, 0 corrupt
client level=info t=121172 ev=retail site=81 text=networking:channel:packet_loss_stats: [dir:127.0.0.1(id=0):30992#bh64] Outgoing packet delivery summary - 290 delivered, 0 of those out-of-order, 0 lost - highest loss fraction seen 0.000
client level=info t=121172 ev=retail site=86 text=networking:stream_manager:retail: # 1 rx10.0/rxbps 5.8kb tx 9.5/txbps31.3kb cx15.0pkts/33.0cxkbps lat=  0avg,  -1cg to=9999 aloc45.0kb max513.0kbps, loss=0.00pct loss dev 2.00pct rel=N, name=                            bh64
client level=info t=121172 ev=retail site=87 text=networking:stream_manager:retail: Local peer network quality = 1.000000/1.0, worst_axis = -1
client level=info t=121235 ev=probe stage=hosttail client=0x1433F0CF980 b=00000000000000000000000000000000000000000000000000000000000000000000000000000000FFFFFFFF00000000
client level=info t=121235 ev=probe stage=grant client=0x1433F0CF980 status=0x01FE pending=0 dirty=0 receipt=1
client level=warn t=121406 ev=vr.xr hand yaw=-2.4740 r_valid=1 r_stale=1 r_fwd=-0.737,-0.669,-0.100 r_up=0.510,-0.647,0.567 r_off=-0.475,-0.032,-0.365 r_palm=-0.421,0.051,-0.372 l_valid=1 l_fwd=-0.963,0.260,-0.076 l_off=-0.516,-0.022,-0.365 h_off=0.254,-0.414,-0.112
client level=warn t=121500 ev=vr.body anchor=-2.4118 head_yaw=0.9493 body_yaw=-1.4578 error=-0.0036 counts_per_rad=579 servo=1
client level=warn t=121500 ev=vr.pad stats injected=14 held=0 mouse=-539,0 move=0.00,0.00 turn=0.00,0.00 trig=0.00,0.00 buttons=0x0
client level=warn t=122406 ev=vr.xr hand yaw=-2.4740 r_valid=1 r_stale=1 r_fwd=-0.737,-0.669,-0.100 r_up=0.510,-0.647,0.567 r_off=-0.475,-0.032,-0.365 r_palm=-0.421,0.051,-0.372 l_valid=1 l_fwd=-0.963,0.260,-0.076 l_off=-0.516,-0.022,-0.365 h_off=0.236,-0.390,-0.078
client level=warn t=122406 ev=vr.xr pose fwd=0.098,-0.980,0.172 off=0.236,-0.390,-0.078 fov=1.8850 aspect=0.964
client level=warn t=122406 ev=vr.xr submit layers=1 result=0 fov=1.8850 aspect=0.9638
client level=info t=122719 ev=nettick stage=sample latch=1 callbacks=16198
server level=info t=123688 ev=gameplay stage=message result=ok id=4 peerstage=5
client level=warn t=123953 ev=vr.xr hand yaw=-2.4740 r_valid=1 r_stale=1 r_fwd=-0.737,-0.669,-0.100 r_up=0.510,-0.647,0.567 r_off=-0.475,-0.032,-0.365 r_palm=-0.421,0.051,-0.372 l_valid=1 l_fwd=-0.963,0.260,-0.076 l_off=-0.516,-0.022,-0.365 h_off=0.225,-0.389,-0.076
client level=warn t=124485 ev=vr.weapon callers path=getter D5D832:180 B363FA:540 B3598D:180 B40A78:0
client level=warn t=124485 ev=vr.weapon callers path=ptr D98F49:900 D7FB5C:65 DB8CB6:180 12B0A09:180 16E8861:180 D8F242:180 D8B348:180 D8B9B5:180 D8492B:42 12B2284:27 D2F672:27 D7FF2C:10 F4276C:4 CE3C40:0
client level=warn t=124485 ev=vr.weapon callers path=xform D5896F:180
client level=warn t=124500 ev=vr.probe pose in_pos=661.01,268.12,58.20 in_fwd=0.044,-0.999,0.001 in_fov=1.4242 out_pos=661.24,267.74,58.13 out_fwd=0.075,-0.982,0.173 out_fov=1.8850
client level=info t=124719 ev=nettick stage=sample latch=1 callbacks=16278
client level=warn t=125250 ev=vr.xr hand yaw=-2.4740 r_valid=1 r_stale=1 r_fwd=-0.737,-0.669,-0.100 r_up=0.510,-0.647,0.567 r_off=-0.475,-0.032,-0.365 r_palm=-0.421,0.051,-0.372 l_valid=1 l_fwd=-0.963,0.260,-0.076 l_off=-0.516,-0.022,-0.365 h_off=0.225,-0.388,-0.077
client level=warn t=125375 ev=vr.body anchor=-2.4118 head_yaw=0.9248 body_yaw=-1.5269 error=0.0403 counts_per_rad=579 servo=1
client level=warn t=125375 ev=vr.pad stats injected=14 held=0 mouse=-953,0 move=0.00,0.00 turn=0.00,0.00 trig=0.00,0.00 buttons=0x0
client level=warn t=126250 ev=vr.xr hand yaw=-2.4740 r_valid=1 r_stale=1 r_fwd=-0.737,-0.669,-0.100 r_up=0.510,-0.647,0.567 r_off=-0.475,-0.032,-0.365 r_palm=-0.421,0.051,-0.372 l_valid=1 l_fwd=-0.963,0.260,-0.076 l_off=-0.516,-0.022,-0.365 h_off=0.193,-0.395,-0.080
client level=warn t=126250 ev=vr.xr pose fwd=0.015,-0.993,0.114 off=0.193,-0.395,-0.080 fov=1.8850 aspect=0.964
client level=info t=126719 ev=nettick stage=sample latch=1 callbacks=16395
server level=info t=126797 ev=gameplay stage=message result=ok id=4 peerstage=5
client level=warn t=127172 ev=vr.xr hand yaw=-2.4740 r_valid=1 r_stale=1 r_fwd=-0.737,-0.669,-0.100 r_up=0.510,-0.647,0.567 r_off=-0.475,-0.032,-0.365 r_palm=-0.421,0.051,-0.372 l_valid=1 l_fwd=-0.963,0.260,-0.076 l_off=-0.516,-0.022,-0.365 h_off=0.200,-0.391,-0.079
client level=warn t=127500 ev=vr.weapon callers path=getter D5D832:180 B363FA:540 B3598D:180 B40A78:0
client level=warn t=127500 ev=vr.weapon callers path=ptr D98F49:900 D7FB5C:70 DB8CB6:180 12B0A09:180 16E8861:180 D8F242:180 D8B348:180 D8B9B5:180 D8492B:46 12B2284:24 D2F672:24 D7FF2C:12 F4276C:3 CE3C40:0
client level=warn t=127500 ev=vr.weapon callers path=xform D5896F:180
client level=warn t=127516 ev=vr.probe pose in_pos=661.01,268.12,58.20 in_fwd=0.044,-0.999,0.001 in_fov=1.4242 out_pos=661.21,267.73,58.12 out_fwd=0.023,-0.993,0.113 out_fov=1.8850
client level=warn t=128047 ev=vr.xr hand yaw=-2.4740 r_valid=1 r_stale=1 r_fwd=-0.737,-0.669,-0.100 r_up=0.510,-0.647,0.567 r_off=-0.475,-0.032,-0.365 r_palm=-0.421,0.051,-0.372 l_valid=1 l_fwd=-0.963,0.260,-0.076 l_off=-0.516,-0.022,-0.365 h_off=0.194,-0.395,-0.081
client level=warn t=128047 ev=vr.xr submit layers=1 result=0 fov=1.8850 aspect=0.9638
client level=warn t=128156 ev=vr.body anchor=-2.4118 head_yaw=0.8674 body_yaw=-1.5269 error=-0.0178 counts_per_rad=579 servo=1
client level=warn t=128156 ev=vr.pad stats injected=14 held=0 mouse=-850,0 move=0.00,0.00 turn=0.00,0.00 trig=0.00,0.00 buttons=0x0
client level=info t=128719 ev=nettick stage=sample latch=1 callbacks=16526
client level=warn t=129016 ev=vr.xr hand yaw=-2.4740 r_valid=1 r_stale=1 r_fwd=-0.737,-0.669,-0.100 r_up=0.510,-0.647,0.567 r_off=-0.475,-0.032,-0.365 r_palm=-0.421,0.051,-0.372 l_valid=1 l_fwd=-0.963,0.260,-0.076 l_off=-0.516,-0.022,-0.365 h_off=0.187,-0.387,-0.069
client level=warn t=129016 ev=vr.xr pose fwd=-0.092,-0.976,0.196 off=0.187,-0.387,-0.069 fov=1.8850 aspect=0.964
server level=info t=129891 ev=gameplay stage=message result=ok id=4 peerstage=5
client level=warn t=129922 ev=vr.xr hand yaw=-2.4740 r_valid=1 r_stale=1 r_fwd=-0.737,-0.669,-0.100 r_up=0.510,-0.647,0.567 r_off=-0.475,-0.032,-0.365 r_palm=-0.421,0.051,-0.372 l_valid=1 l_fwd=-0.963,0.260,-0.076 l_off=-0.516,-0.022,-0.365 h_off=0.209,-0.429,-0.114
client level=warn t=130266 ev=vr.weapon callers path=getter D5D832:180 B363FA:540 B3598D:180 B40A78:0
client level=warn t=130266 ev=vr.weapon callers path=ptr D98F49:900 D7FB5C:68 DB8CB6:180 12B0A09:180 16E8861:180 D8F242:180 D8B348:180 D8B9B5:180 D8492B:47 12B2284:22 D2F672:22 D7FF2C:11 F4276C:3 CE3C40:0
client level=warn t=130266 ev=vr.weapon callers path=xform D5896F:180
client level=warn t=130281 ev=vr.probe pose in_pos=661.01,268.12,58.20 in_fwd=0.044,-0.999,0.001 in_fov=1.4242 out_pos=661.23,267.70,58.09 out_fwd=0.059,-0.998,0.008 out_fov=1.8850
client level=info t=130719 ev=nettick stage=sample latch=1 callbacks=16656
client level=warn t=130844 ev=vr.xr hand yaw=-2.4740 r_valid=1 r_stale=1 r_fwd=-0.737,-0.669,-0.100 r_up=0.510,-0.647,0.567 r_off=-0.475,-0.032,-0.365 r_palm=-0.421,0.051,-0.372 l_valid=1 l_fwd=-0.963,0.260,-0.076 l_off=-0.516,-0.022,-0.365 h_off=0.199,-0.364,-0.056
client level=warn t=130938 ev=vr.body anchor=-2.4118 head_yaw=0.7392 body_yaw=-1.6669 error=-0.0071 counts_per_rad=579 servo=1
client level=warn t=130938 ev=vr.pad stats injected=14 held=0 mouse=-209,0 move=0.00,0.00 turn=0.00,0.00 trig=0.00,0.00 buttons=0x0
client level=warn t=131781 ev=vr.xr hand yaw=-2.4740 r_valid=1 r_stale=1 r_fwd=-0.737,-0.669,-0.100 r_up=0.510,-0.647,0.567 r_off=-0.475,-0.032,-0.365 r_palm=-0.421,0.051,-0.372 l_valid=1 l_fwd=-0.963,0.260,-0.076 l_off=-0.516,-0.022,-0.365 h_off=0.141,-0.287,-0.023
client level=warn t=131781 ev=vr.xr pose fwd=-0.192,-0.959,0.210 off=0.141,-0.287,-0.023 fov=1.8850 aspect=0.964
client level=info t=132719 ev=nettick stage=sample latch=1 callbacks=16784
client level=warn t=132735 ev=vr.xr hand yaw=-2.4740 r_valid=1 r_stale=1 r_fwd=-0.737,-0.669,-0.100 r_up=0.510,-0.647,0.567 r_off=-0.475,-0.032,-0.365 r_palm=-0.421,0.051,-0.372 l_valid=1 l_fwd=-0.963,0.260,-0.076 l_off=-0.516,-0.022,-0.365 h_off=0.164,-0.320,-0.033
client level=warn t=132735 ev=vr.xr submit layers=1 result=0 fov=1.8850 aspect=0.9638
server level=info t=133000 ev=gameplay stage=message result=ok id=4 peerstage=5
client level=warn t=133094 ev=vr.weapon callers path=getter D5D832:180 B363FA:540 B3598D:180 B40A78:0
client level=warn t=133094 ev=vr.weapon callers path=ptr D98F49:900 D7FB5C:69 DB8CB6:180 12B0A09:180 16E8861:180 D8F242:180 D8B348:180 D8B9B5:180 D8492B:45 12B2284:23 D2F672:23 D7FF2C:12 F4276C:2 CE3C40:0
client level=warn t=133094 ev=vr.weapon callers path=xform D5896F:180
client level=warn t=133094 ev=vr.probe pose in_pos=661.01,268.12,58.20 in_fwd=-0.348,-0.938,0.001 in_fov=1.4242 out_pos=661.10,267.90,58.20 out_fwd=-0.451,-0.892,0.026 out_fov=1.8850
client level=warn t=133688 ev=vr.xr hand yaw=-2.4740 r_valid=1 r_stale=1 r_fwd=-0.737,-0.669,-0.100 r_up=0.510,-0.647,0.567 r_off=-0.475,-0.032,-0.365 r_palm=-0.421,0.051,-0.372 l_valid=1 l_fwd=-0.963,0.260,-0.076 l_off=-0.516,-0.022,-0.365 h_off=-0.171,0.072,-0.030
client level=warn t=133797 ev=vr.body anchor=-2.4118 head_yaw=-0.1104 body_yaw=-2.5550 error=0.0259 counts_per_rad=579 servo=1
client level=warn t=133797 ev=vr.pad stats injected=14 held=0 mouse=300,0 move=0.00,0.00 turn=0.00,0.00 trig=0.00,0.00 buttons=0x0
client level=warn t=134656 ev=vr.xr hand yaw=-2.4740 r_valid=1 r_stale=0 r_fwd=-0.925,-0.229,0.302 r_up=0.364,-0.314,0.877 r_off=-0.472,0.010,-0.285 r_palm=-0.395,0.041,-0.340 l_valid=1 l_fwd=-0.989,0.131,-0.076 l_off=-0.526,-0.041,-0.363 h_off=0.008,-0.065,0.001
client level=warn t=134656 ev=vr.xr pose fwd=-0.901,-0.415,-0.126 off=0.008,-0.065,0.001 fov=1.8850 aspect=0.964
client level=info t=134719 ev=nettick stage=sample latch=1 callbacks=16909
client level=warn t=135625 ev=vr.xr hand yaw=-2.4740 r_valid=1 r_stale=0 r_fwd=-0.883,-0.460,-0.098 r_up=0.331,-0.756,0.564 r_off=-0.472,-0.049,-0.364 r_palm=-0.399,0.018,-0.372 l_valid=1 l_fwd=-0.995,0.065,-0.077 l_off=-0.530,-0.051,-0.359 h_off=0.101,-0.127,0.026
client level=warn t=136000 ev=vr.weapon callers path=getter D5D832:180 B363FA:540 B3598D:180 B40A78:0
client level=warn t=136000 ev=vr.weapon callers path=ptr D98F49:900 D7FB5C:69 DB8CB6:180 12B0A09:180 16E8861:180 D8F242:180 D8B348:180 D8B9B5:180 D8492B:47 12B2284:23 D2F672:23 D7FF2C:11 F4276C:3 CE3C40:0
client level=warn t=136000 ev=vr.weapon callers path=xform D5896F:180
client level=warn t=136000 ev=vr.probe pose in_pos=661.01,268.12,58.20 in_fwd=-0.312,-0.950,0.001 in_fov=1.4242 out_pos=661.07,268.01,58.22 out_fwd=-0.364,-0.926,0.095 out_fov=1.8850
server level=info t=136094 ev=gameplay stage=message result=ok id=4 peerstage=5
client level=warn t=136594 ev=vr.xr hand yaw=-2.4740 r_valid=1 r_stale=0 r_fwd=-0.865,-0.492,-0.100 r_up=0.360,-0.746,0.560 r_off=-0.476,-0.050,-0.372 r_palm=-0.405,0.020,-0.379 l_valid=1 l_fwd=-0.995,0.065,-0.077 l_off=-0.530,-0.051,-0.358 h_off=-0.039,-0.045,0.006
client level=warn t=136719 ev=vr.body anchor=-2.4118 head_yaw=-0.0581 body_yaw=-2.4030 error=-0.0681 counts_per_rad=579 servo=1
client level=warn t=136719 ev=vr.pad stats injected=14 held=0 mouse=230,0 move=0.00,0.00 turn=0.00,0.00 trig=0.00,0.00 buttons=0x0
client level=info t=136719 ev=nettick stage=sample latch=1 callbacks=17032
client level=warn t=137360 ev=vr.xr session state=stopped
client level=warn t=138656 ev=vr.weapon callers path=getter D5D832:180 B363FA:540 B3598D:180 B40A78:0
client level=warn t=138656 ev=vr.weapon callers path=ptr D98F49:900 D7FB5C:69 DB8CB6:180 12B0A09:180 16E8861:180 D8F242:180 D8B348:180 D8B9B5:180 D8492B:45 12B2284:21 D2F672:21 D7FF2C:12 F4276C:3 CE3C40:0
client level=warn t=138656 ev=vr.weapon callers path=xform D5896F:180
client level=warn t=138656 ev=vr.probe pose in_pos=661.01,268.12,58.20 in_fwd=-0.818,-0.575,0.001 in_fov=1.4242 out_pos=661.01,268.12,58.20 out_fwd=-0.818,-0.575,0.001 out_fov=1.4242
client level=info t=138719 ev=nettick stage=sample latch=1 callbacks=17172
client level=info t=139031 ev=retail site=88 text=application_state: Suspend state changed from [active] to [partial]
server level=info t=139188 ev=gameplay stage=message result=ok id=4 peerstage=5
client level=warn t=139563 ev=vr.body anchor=-2.4118 head_yaw=-0.1461 body_yaw=-2.5291 error=0.0000 counts_per_rad=579 servo=1
client level=warn t=139563 ev=vr.pad stats injected=14 held=0 mouse=290,0 move=0.00,0.00 turn=0.00,0.00 trig=0.00,0.00 buttons=0x0
client level=info t=140719 ev=nettick stage=sample latch=1 callbacks=17245
server level=info t=142281 ev=gameplay stage=message result=ok id=4 peerstage=5
client level=info t=142719 ev=nettick stage=sample latch=1 callbacks=17305
client level=warn t=144125 ev=vr.weapon callers path=getter D5D832:180 B363FA:540 B3598D:180 B40A78:0
client level=warn t=144125 ev=vr.weapon callers path=ptr D98F49:900 D7FB5C:71 DB8CB6:180 12B0A09:180 16E8861:180 D8F242:180 D8B348:180 D8B9B5:180 D8492B:48 12B2284:40 D2F672:40 D7FF2C:12 F4276C:5 CE3C40:0
client level=warn t=144125 ev=vr.weapon callers path=xform D5896F:180
client level=warn t=144125 ev=vr.probe pose in_pos=661.01,268.12,58.20 in_fwd=-0.818,-0.575,0.001 in_fov=1.4242 out_pos=661.01,268.12,58.20 out_fwd=-0.818,-0.575,0.001 out_fov=1.4242
client level=info t=144719 ev=nettick stage=sample latch=1 callbacks=17365
server level=info t=145391 ev=gameplay stage=message result=ok id=4 peerstage=5
client level=warn t=145578 ev=vr.body anchor=-2.4118 head_yaw=-0.1461 body_yaw=-2.5291 error=0.0000 counts_per_rad=579 servo=1
client level=warn t=145578 ev=vr.pad stats injected=14 held=0 mouse=290,0 move=0.00,0.00 turn=0.00,0.00 trig=0.00,0.00 buttons=0x0
client level=info t=146735 ev=nettick stage=sample latch=1 callbacks=17425
client level=info t=148422 ev=retail site=88 text=application_state: Suspend state changed from [partial] to [active]
server level=info t=148516 ev=gameplay stage=message result=ok id=4 peerstage=5
client level=info t=148735 ev=nettick stage=sample latch=1 callbacks=17499
client level=warn t=149110 ev=vr.weapon callers path=getter D5D832:180 B363FA:540 B3598D:180 B40A78:0
client level=warn t=149110 ev=vr.weapon callers path=ptr D98F49:900 D7FB5C:70 DB8CB6:180 12B0A09:180 16E8861:180 D8F242:180 D8B348:180 D8B9B5:180 D8492B:48 12B2284:38 D2F672:38 D7FF2C:12 F4276C:5 CE3C40:0
client level=warn t=149110 ev=vr.weapon callers path=xform D5896F:180
client level=warn t=149125 ev=vr.probe pose in_pos=661.01,268.12,58.20 in_fwd=-0.659,-0.428,0.618 in_fov=1.4242 out_pos=661.01,268.12,58.20 out_fwd=-0.659,-0.428,0.618 out_fov=1.4242
client level=warn t=149672 ev=vr.body anchor=-2.4118 head_yaw=-0.1461 body_yaw=-2.5498 error=0.0000 counts_per_rad=579 servo=1
client level=warn t=149672 ev=vr.pad stats injected=14 held=0 mouse=290,0 move=0.00,0.00 turn=0.00,0.00 trig=0.00,0.00 buttons=0x0
server level=info t=150391 ev=ws701 stage=profile_setup result=complete
server level=info t=150391 ev=activity stage=writeback result=ok world_state=8
client level=info t=150735 ev=nettick stage=sample latch=1 callbacks=17654
client level=warn t=151422 ev=vr.weapon callers path=getter D5D832:180 B363FA:540 B3598D:180 B40A78:0
client level=warn t=151422 ev=vr.weapon callers path=ptr D98F49:900 D7FB5C:67 DB8CB6:180 12B0A09:180 16E8861:180 D8F242:180 D8B348:180 D8B9B5:180 D8492B:44 12B2284:20 D2F672:20 D7FF2C:11 F4276C:3 CE3C40:0
client level=warn t=151422 ev=vr.weapon callers path=xform D5896F:180
client level=warn t=151438 ev=vr.probe pose in_pos=661.01,268.12,58.20 in_fwd=-0.829,-0.559,0.033 in_fov=1.4242 out_pos=661.01,268.12,58.20 out_fwd=-0.829,-0.559,0.033 out_fov=1.4242
server level=info t=151610 ev=gameplay stage=message result=ok id=4 peerstage=5
client level=warn t=152000 ev=vr.body anchor=-2.4118 head_yaw=-0.1461 body_yaw=-2.5481 error=0.0000 counts_per_rad=579 servo=1
client level=warn t=152000 ev=vr.pad stats injected=14 held=0 mouse=290,0 move=0.00,0.00 turn=0.00,0.00 trig=0.00,0.00 buttons=0x0
client level=info t=152735 ev=nettick stage=sample latch=1 callbacks=17806
client level=warn t=153844 ev=vr.weapon callers path=getter D5D832:180 B363FA:540 B3598D:180 B40A78:2
client level=warn t=153844 ev=vr.weapon callers path=ptr D98F49:900 D7FB5C:68 DB8CB6:180 12B0A09:180 16E8861:180 D8F242:180 D8B348:180 D8B9B5:180 D8492B:44 12B2284:21 D2F672:21 D7FF2C:11 F4276C:2 CE3C40:1
client level=warn t=153844 ev=vr.weapon callers path=xform D5896F:180
client level=warn t=153860 ev=vr.probe pose in_pos=661.10,268.17,58.20 in_fwd=-0.885,-0.466,0.022 in_fov=1.4242 out_pos=661.10,268.17,58.20 out_fwd=-0.885,-0.466,0.022 out_fov=1.4242
client level=warn t=154406 ev=vr.body anchor=-2.4118 head_yaw=-0.1461 body_yaw=-2.6626 error=0.0000 counts_per_rad=579 servo=1
client level=warn t=154406 ev=vr.pad stats injected=14 held=0 mouse=290,0 move=0.00,0.00 turn=0.00,0.00 trig=0.00,0.00 buttons=0x0
server level=info t=154703 ev=gameplay stage=message result=ok id=4 peerstage=5
client level=info t=154735 ev=nettick stage=sample latch=1 callbacks=17955
client level=warn t=156125 ev=vr.weapon callers path=getter D5D832:180 B363FA:540 B3598D:180 B40A78:0
client level=warn t=156125 ev=vr.weapon callers path=ptr D98F49:900 D7FB5C:63 DB8CB6:180 12B0A09:180 16E8861:180 D8F242:180 D8B348:180 D8B9B5:180 D8492B:44 12B2284:19 D2F672:19 D7FF2C:11 F4276C:2 CE3C40:0
client level=warn t=156125 ev=vr.weapon callers path=xform D5896F:180
client level=warn t=156125 ev=vr.probe pose in_pos=661.01,268.12,58.20 in_fwd=-0.887,-0.459,-0.044 in_fov=1.4242 out_pos=661.01,268.12,58.20 out_fwd=-0.887,-0.459,-0.044 out_fov=1.4242
client level=warn t=156688 ev=vr.body anchor=-2.4118 head_yaw=-0.1461 body_yaw=-2.6637 error=0.0000 counts_per_rad=579 servo=1
client level=warn t=156688 ev=vr.pad stats injected=14 held=0 mouse=290,0 move=0.00,0.00 turn=0.00,0.00 trig=0.00,0.00 buttons=0x0
client level=info t=156735 ev=nettick stage=sample latch=1 callbacks=18115
server level=info t=157797 ev=gameplay stage=message result=ok id=4 peerstage=5
client level=warn t=158406 ev=vr.weapon callers path=getter D5D832:180 B363FA:540 B3598D:180 B40A78:0
client level=warn t=158406 ev=vr.weapon callers path=ptr D98F49:900 D7FB5C:67 DB8CB6:180 12B0A09:180 16E8861:180 D8F242:180 D8B348:180 D8B9B5:180 D8492B:44 12B2284:19 D2F672:19 D7FF2C:11 F4276C:3 CE3C40:0
client level=warn t=158406 ev=vr.weapon callers path=xform D5896F:180
client level=warn t=158406 ev=vr.probe pose in_pos=661.01,268.12,58.20 in_fwd=-0.887,-0.459,-0.044 in_fov=1.4242 out_pos=661.01,268.12,58.20 out_fwd=-0.887,-0.459,-0.044 out_fov=1.4242
client level=info t=158735 ev=nettick stage=sample latch=1 callbacks=18273
client level=warn t=158953 ev=vr.body anchor=-2.4118 head_yaw=-0.1461 body_yaw=-2.6637 error=0.0000 counts_per_rad=579 servo=1
client level=warn t=158953 ev=vr.pad stats injected=14 held=0 mouse=290,0 move=0.00,0.00 turn=0.00,0.00 trig=0.00,0.00 buttons=0x0
client level=warn t=160625 ev=vr.xr session state=running
client level=warn t=160672 ev=vr.weapon callers path=getter D5D832:180 B363FA:540 B3598D:180 B40A78:0
client level=warn t=160672 ev=vr.weapon callers path=ptr D98F49:900 D7FB5C:65 DB8CB6:180 12B0A09:180 16E8861:180 D8F242:180 D8B348:180 D8B9B5:180 D8492B:41 12B2284:20 D2F672:20 D7FF2C:10 F4276C:2 CE3C40:0
client level=warn t=160672 ev=vr.weapon callers path=xform D5896F:180
client level=warn t=160688 ev=vr.probe pose in_pos=661.01,268.12,58.20 in_fwd=-0.930,-0.365,-0.044 in_fov=1.4242 out_pos=660.93,267.96,58.20 out_fwd=-0.765,-0.506,-0.398 out_fov=1.8850
client level=info t=160735 ev=nettick stage=sample latch=1 callbacks=18431
server level=info t=160906 ev=gameplay stage=message result=ok id=4 peerstage=5
client level=warn t=160953 ev=vr.xr hand yaw=-2.7260 r_valid=1 r_stale=0 r_fwd=-0.968,-0.176,-0.181 r_up=0.049,-0.834,0.549 r_off=-0.425,0.199,-0.338 r_palm=-0.334,0.241,-0.337 l_valid=1 l_fwd=-0.947,0.311,-0.077 l_off=-0.526,0.082,-0.358 h_off=0.040,0.060,0.009
client level=warn t=160953 ev=vr.xr pose fwd=-0.950,-0.310,-0.045 off=0.040,0.060,0.009 fov=1.8850 aspect=0.964
client level=warn t=160953 ev=vr.xr submit layers=1 result=0 fov=1.8850 aspect=0.9638
client level=warn t=161422 ev=vr.body anchor=-2.6637 head_yaw=-0.3006 body_yaw=-2.9661 error=-0.0096 counts_per_rad=579 servo=1
client level=warn t=161422 ev=vr.pad stats injected=14 held=0 mouse=465,0 move=0.00,0.00 turn=0.00,0.00 trig=0.00,0.00 buttons=0x0
client level=warn t=161922 ev=vr.xr hand yaw=-2.7260 r_valid=1 r_stale=0 r_fwd=-0.968,-0.227,-0.102 r_up=0.124,-0.796,0.593 r_off=-0.409,0.181,-0.347 r_palm=-0.321,0.227,-0.355 l_valid=1 l_fwd=0.817,0.198,-0.541 l_off=0.292,-0.250,-0.654 h_off=0.022,0.084,-0.012
client level=info t=162735 ev=nettick stage=sample latch=1 callbacks=18556
client level=warn t=162844 ev=vr.xr hand yaw=-2.7260 r_valid=1 r_stale=0 r_fwd=-0.876,-0.475,0.085 r_up=0.060,0.067,0.996 r_off=-0.387,0.034,-0.271 r_palm=-0.306,0.077,-0.309 l_valid=1 l_fwd=-0.990,-0.122,-0.076 l_off=-0.459,-0.023,-0.330 h_off=0.031,0.090,0.025
client level=warn t=163516 ev=vr.weapon callers path=getter D5D832:180 B363FA:540 B3598D:180 B40A78:0
client level=warn t=163516 ev=vr.weapon callers path=ptr D98F49:900 D7FB5C:69 DB8CB6:180 12B0A09:180 16E8861:180 D8F242:180 D8B348:180 D8B9B5:180 D8492B:47 12B2284:23 D2F672:23 D7FF2C:12 F4276C:3 CE3C40:0
client level=warn t=163516 ev=vr.weapon callers path=xform D5896F:180
client level=warn t=163516 ev=vr.probe pose in_pos=661.01,268.12,58.20 in_fwd=-0.798,-0.601,-0.044 in_fov=1.4242 out_pos=661.03,268.22,58.23 out_fwd=-0.787,-0.604,-0.125 out_fov=1.8850
client level=warn t=163750 ev=vr.xr hand yaw=-2.7260 r_valid=1 r_stale=0 r_fwd=-0.943,-0.326,0.072 r_up=0.057,0.056,0.997 r_off=-0.368,0.075,-0.300 r_palm=-0.280,0.104,-0.337 l_valid=1 l_fwd=-0.996,0.066,-0.068 l_off=-0.446,0.052,-0.361 h_off=0.039,0.047,-0.005
client level=warn t=163750 ev=vr.xr pose fwd=-0.904,-0.412,-0.118 off=0.039,0.047,-0.005 fov=1.8850 aspect=0.964
server level=info t=164000 ev=gameplay stage=message result=ok id=4 peerstage=5
client level=warn t=164172 ev=vr.body anchor=-2.6637 head_yaw=-0.0489 body_yaw=-2.7103 error=-0.0020 counts_per_rad=579 servo=1
client level=warn t=164172 ev=vr.pad stats injected=14 held=0 mouse=317,0 move=0.00,0.00 turn=0.00,0.00 trig=0.00,0.00 buttons=0x0
client level=warn t=164656 ev=vr.xr hand yaw=-2.7260 r_valid=1 r_stale=0 r_fwd=-0.874,-0.478,0.081 r_up=-0.070,0.289,0.955 r_off=-0.431,-0.044,-0.132 r_palm=-0.346,-0.007,-0.169 l_valid=1 l_fwd=-0.946,0.254,0.203 l_off=-0.167,-0.154,-0.271 h_off=0.057,0.032,-0.003
client level=info t=164735 ev=nettick stage=sample latch=1 callbacks=18688
client level=warn t=165563 ev=vr.xr hand yaw=-2.7260 r_valid=1 r_stale=0 r_fwd=-0.898,-0.395,0.192 r_up=0.286,-0.193,0.939 r_off=-0.407,-0.186,-0.138 r_palm=-0.330,-0.143,-0.184 l_valid=1 l_fwd=-0.893,-0.220,0.391 l_off=-0.303,-0.257,-0.314 h_off=0.086,0.040,0.002
client level=warn t=165563 ev=vr.xr submit layers=1 result=0 fov=1.8850 aspect=0.9638
client level=warn t=166219 ev=vr.weapon callers path=getter D5D832:180 B363FA:540 B3598D:180 B40A78:0
client level=warn t=166219 ev=vr.weapon callers path=ptr D98F49:900 D7FB5C:69 DB8CB6:180 12B0A09:180 16E8861:180 D8F242:180 D8B348:180 D8B9B5:180 D8492B:48 12B2284:22 D2F672:22 D7FF2C:11 F4276C:3 CE3C40:0
client level=warn t=166219 ev=vr.weapon callers path=xform D5896F:180
client level=warn t=166235 ev=vr.probe pose in_pos=661.01,268.12,58.20 in_fwd=-0.965,-0.260,-0.044 in_fov=1.4242 out_pos=661.12,268.16,58.21 out_fwd=-0.961,-0.251,-0.118 out_fov=1.8850
client level=warn t=166469 ev=vr.xr hand yaw=-2.7260 r_valid=1 r_stale=0 r_fwd=-0.908,-0.412,0.080 r_up=-0.006,0.204,0.979 r_off=-0.422,-0.131,-0.143 r_palm=-0.336,-0.098,-0.180 l_valid=1 l_fwd=-0.856,-0.208,0.473 l_off=-0.203,-0.244,-0.167 h_off=0.101,0.043,0.005
client level=warn t=166469 ev=vr.xr pose fwd=-0.955,-0.263,-0.135 off=0.101,0.043,0.005 fov=1.8850 aspect=0.964
client level=info t=166735 ev=nettick stage=sample latch=1 callbacks=18821
client level=warn t=166891 ev=vr.body anchor=-2.6637 head_yaw=-0.2952 body_yaw=-2.9540 error=-0.0033 counts_per_rad=579 servo=1
client level=warn t=166891 ev=vr.pad stats injected=19 held=1 mouse=458,0 move=-0.33,0.95 turn=0.00,0.00 trig=0.00,0.00 buttons=0x0
server level=info t=167110 ev=gameplay stage=message result=ok id=4 peerstage=5
client level=warn t=167375 ev=vr.xr hand yaw=-2.7260 r_valid=1 r_stale=0 r_fwd=-1.000,-0.008,0.008 r_up=0.007,0.163,0.987 r_off=-0.516,0.033,-0.075 r_palm=-0.422,0.029,-0.106 l_valid=1 l_fwd=-0.157,0.915,-0.372 l_off=0.072,0.083,-0.379 h_off=0.129,0.076,-0.003
client level=warn t=168250 ev=vr.xr hand yaw=-2.7260 r_valid=1 r_stale=0 r_fwd=-0.942,-0.107,0.316 r_up=0.334,-0.347,0.876 r_off=-0.400,0.176,-0.163 r_palm=-0.321,0.196,-0.220 l_valid=1 l_fwd=-0.819,0.422,0.388 l_off=-0.025,-0.051,-0.290 h_off=0.099,0.093,-0.005
client level=info t=168735 ev=nettick stage=sample latch=1 callbacks=18955
client level=warn t=168906 ev=vr.weapon callers path=getter D5D832:180 B363FA:540 B3598D:180 B40A78:0
client level=warn t=168906 ev=vr.weapon callers path=ptr D98F49:900 D7FB5C:66 DB8CB6:180 12B0A09:180 16E8861:180 D8F242:180 D8B348:180 D8B9B5:180 D8492B:44 12B2284:23 D2F672:23 D7FF2C:11 F4276C:2 CE3C40:0
client level=warn t=168906 ev=vr.weapon callers path=xform D5896F:180
client level=warn t=168922 ev=vr.probe pose in_pos=648.29,267.08,56.56 in_fwd=-0.989,-0.142,-0.044 in_fov=1.4242 out_pos=648.38,267.13,56.52 out_fwd=-0.864,-0.091,-0.495 out_fov=1.8850
client level=warn t=169141 ev=vr.xr hand yaw=-2.7260 r_valid=1 r_stale=0 r_fwd=-0.980,-0.135,-0.145 r_up=-0.149,0.018,0.989 r_off=-0.417,0.117,-0.255 r_palm=-0.319,0.129,-0.271 l_valid=1 l_fwd=-0.883,0.273,0.382 l_off=-0.034,-0.087,-0.283 h_off=0.091,0.071,-0.012
client level=warn t=169141 ev=vr.xr pose fwd=-0.949,0.048,-0.311 off=0.091,0.071,-0.012 fov=1.8850 aspect=0.964
client level=warn t=169563 ev=vr.body anchor=-2.6637 head_yaw=-0.2385 body_yaw=-2.9764 error=0.0472 counts_per_rad=583 servo=1
client level=warn t=169563 ev=vr.pad stats injected=29 held=1 mouse=462,0 move=0.13,0.99 turn=0.00,0.00 trig=0.00,0.00 buttons=0x0
client level=warn t=170063 ev=vr.xr hand yaw=-2.7260 r_valid=1 r_stale=0 r_fwd=-0.524,-0.544,0.655 r_up=0.502,-0.819,-0.279 r_off=-0.369,-0.203,-0.088 r_palm=-0.334,-0.127,-0.142 l_valid=1 l_fwd=-0.887,0.267,0.376 l_off=-0.026,-0.087,-0.267 h_off=0.139,0.055,0.010
client level=warn t=170063 ev=vr.xr submit layers=1 result=0 fov=1.8850 aspect=0.9638
server level=info t=170203 ev=gameplay stage=message result=ok id=4 peerstage=5
client level=info t=170735 ev=nettick stage=sample latch=1 callbacks=19088
client level=warn t=170969 ev=vr.xr hand yaw=-2.7260 r_valid=1 r_stale=0 r_fwd=-0.834,-0.198,0.515 r_up=0.487,0.174,0.856 r_off=-0.422,-0.023,0.009 r_palm=-0.357,-0.009,-0.066 l_valid=1 l_fwd=-0.875,0.244,0.418 l_off=-0.021,-0.090,-0.269 h_off=0.153,0.080,0.025
client level=warn t=171656 ev=vr.weapon callers path=getter D5D832:180 B363FA:540 B3598D:180 B40A78:34
client level=warn t=171656 ev=vr.weapon callers path=ptr D98F49:900 D7FB5C:54 DB8CB6:180 12B0A09:180 16E8861:180 D8F242:180 D8B348:180 D8B9B5:180 D8492B:36 12B2284:26 D2F672:26 D7FF2C:10 F4276C:5 CE3C40:2
client level=warn t=171656 ev=vr.weapon callers path=xform D5896F:180
client level=warn t=171656 ev=vr.probe pose in_pos=629.60,261.38,61.99 in_fwd=-0.988,-0.155,0.026 in_fov=1.4242 out_pos=629.75,261.45,62.01 out_fwd=-0.985,-0.168,-0.025 out_fov=1.8850
client level=warn t=171891 ev=vr.xr hand yaw=-2.7260 r_valid=1 r_stale=0 r_fwd=-0.766,-0.639,0.063 r_up=0.122,-0.048,0.991 r_off=-0.389,-0.208,-0.095 r_palm=-0.320,-0.146,-0.130 l_valid=1 l_fwd=-0.899,0.242,0.365 l_off=-0.024,-0.087,-0.283 h_off=0.155,0.062,0.026
client level=warn t=171891 ev=vr.xr pose fwd=-0.961,-0.277,0.004 off=0.155,0.062,0.026 fov=1.8850 aspect=0.964
client level=warn t=172328 ev=vr.body anchor=-2.6637 head_yaw=-0.4005 body_yaw=-2.9877 error=-0.0427 counts_per_rad=612 servo=1
client level=warn t=172328 ev=vr.pad stats injected=37 held=1 mouse=496,0 move=0.12,0.99 turn=0.00,0.00 trig=0.00,0.00 buttons=0x0
client level=info t=172735 ev=nettick stage=sample latch=1 callbacks=19218
client level=warn t=172813 ev=vr.xr hand yaw=-2.7260 r_valid=1 r_stale=0 r_fwd=-0.978,-0.081,0.192 r_up=0.156,0.331,0.931 r_off=-0.402,0.169,-0.178 r_palm=-0.314,0.167,-0.224 l_valid=1 l_fwd=-0.888,0.275,0.369 l_off=-0.024,-0.062,-0.321 h_off=0.110,0.080,-0.002
server level=info t=173313 ev=gameplay stage=message result=ok id=4 peerstage=5
client level=warn t=173703 ev=vr.xr hand yaw=-2.7260 r_valid=1 r_stale=0 r_fwd=-0.921,-0.162,0.353 r_up=0.123,0.740,0.661 r_off=-0.412,0.183,-0.036 r_palm=-0.329,0.177,-0.089 l_valid=1 l_fwd=-0.951,0.042,0.307 l_off=-0.024,-0.081,-0.325 h_off=0.147,0.071,0.021
client level=warn t=174391 ev=vr.weapon callers path=getter D5D832:180 B363FA:540 B3598D:180 B40A78:2
client level=warn t=174391 ev=vr.weapon callers path=ptr D98F49:900 D7FB5C:61 DB8CB6:180 12B0A09:180 16E8861:180 D8F242:180 D8B348:180 D8B9B5:180 D8492B:40 12B2284:27 D2F672:27 D7FF2C:10 F4276C:3 CE3C40:1
client level=warn t=174391 ev=vr.weapon callers path=xform D5896F:180
client level=warn t=174406 ev=vr.probe pose in_pos=619.97,262.61,44.99 in_fwd=-0.946,0.320,-0.044 in_fov=1.4242 out_pos=620.11,262.70,45.01 out_fwd=-0.942,0.334,0.030 out_fov=1.8850
client level=warn t=174641 ev=vr.xr hand yaw=-2.7260 r_valid=1 r_stale=0 r_fwd=-0.840,0.240,0.487 r_up=0.471,0.768,0.434 r_off=-0.398,0.345,0.012 r_palm=-0.332,0.299,-0.047 l_valid=1 l_fwd=-0.925,0.072,0.374 l_off=-0.023,-0.057,-0.333 h_off=0.153,0.094,0.026
client level=warn t=174641 ev=vr.xr pose fwd=-0.904,0.423,0.068 off=0.153,0.094,0.026 fov=1.8850 aspect=0.964
client level=warn t=174641 ev=vr.xr submit layers=1 result=0 fov=1.8850 aspect=0.9638
client level=info t=174735 ev=nettick stage=sample latch=1 callbacks=19350
client level=warn t=175047 ev=vr.body anchor=-2.6637 head_yaw=-0.9039 body_yaw=2.7032 error=0.0099 counts_per_rad=542 servo=1
client level=warn t=175047 ev=vr.pad stats injected=48 held=2 mouse=826,0 move=0.68,0.73 turn=0.00,0.00 trig=0.00,0.00 buttons=0x0
client level=warn t=175516 ev=vr.xr hand yaw=-2.7260 r_valid=1 r_stale=0 r_fwd=-0.648,0.283,0.707 r_up=0.185,-0.842,0.507 r_off=-0.437,0.314,-0.028 r_palm=-0.380,0.312,-0.110 l_valid=1 l_fwd=-0.920,0.060,0.388 l_off=-0.025,-0.067,-0.332 h_off=0.149,0.089,0.023
server level=info t=176422 ev=gameplay stage=message result=ok id=4 peerstage=5
client level=warn t=176438 ev=vr.xr hand yaw=-2.7260 r_valid=1 r_stale=0 r_fwd=-0.546,-0.811,-0.208 r_up=0.164,-0.347,0.923 r_off=-0.293,-0.164,-0.175 r_palm=-0.246,-0.076,-0.183 l_valid=1 l_fwd=-0.809,-0.332,0.486 l_off=-0.041,-0.084,-0.274 h_off=0.151,0.066,-0.002
client level=info t=176735 ev=nettick stage=sample latch=1 callbacks=19483
client level=warn t=177094 ev=vr.weapon callers path=getter D5D832:180 B363FA:540 B3598D:180 B40A78:0
client level=warn t=177094 ev=vr.weapon callers path=ptr D98F49:900 D7FB5C:59 DB8CB6:180 12B0A09:180 16E8861:180 D8F242:180 D8B348:180 D8B9B5:180 D8492B:37 12B2284:23 D2F672:22 D7FF2C:9 F4276C:3 CE3C40:163
client level=warn t=177094 ev=vr.weapon callers path=xform D5896F:180
client level=warn t=177094 ev=vr.probe pose in_pos=613.84,270.88,45.03 in_fwd=-0.301,-0.953,-0.044 in_fov=1.4242 out_pos=614.02,270.74,44.98 out_fwd=-0.319,-0.885,-0.339 out_fov=1.8850
client level=warn t=177344 ev=vr.xr hand yaw=-2.7260 r_valid=1 r_stale=0 r_fwd=-0.328,-0.879,-0.346 r_up=0.211,-0.425,0.880 r_off=0.068,-0.524,-0.411 r_palm=0.093,-0.427,-0.404 l_valid=1 l_fwd=-0.571,-0.809,-0.139 l_off=0.167,-0.336,-0.499 h_off=0.186,-0.241,-0.075
client level=warn t=177344 ev=vr.xr pose fwd=-0.291,-0.874,-0.388 off=0.186,-0.241,-0.075 fov=1.8850 aspect=0.964
client level=warn t=177750 ev=vr.body anchor=-2.6637 head_yaw=0.7983 body_yaw=-1.8523 error=-0.0080 counts_per_rad=579 servo=1
client level=warn t=177750 ev=vr.pad stats injected=58 held=0 mouse=-174,0 move=0.00,0.00 turn=0.00,0.00 trig=0.00,0.00 buttons=0x0
client level=warn t=178250 ev=vr.xr hand yaw=-2.7260 r_valid=1 r_stale=0 r_fwd=-0.169,-0.805,-0.568 r_up=-0.042,-0.570,0.820 r_off=0.048,-0.573,-0.457 r_palm=0.066,-0.479,-0.427 l_valid=1 l_fwd=-0.470,-0.860,-0.200 l_off=0.193,-0.327,-0.538 h_off=0.152,-0.270,-0.133
client level=info t=178735 ev=nettick stage=sample latch=1 callbacks=19615
client level=warn t=179188 ev=vr.xr hand yaw=-2.7260 r_valid=1 r_stale=0 r_fwd=-0.267,-0.962,-0.054 r_up=-0.415,0.064,0.908 r_off=-0.028,-0.379,-0.325 r_palm=0.010,-0.290,-0.347 l_valid=1 l_fwd=-0.633,-0.774,0.036 l_off=0.107,-0.290,-0.435 h_off=0.108,-0.146,-0.079
client level=warn t=179188 ev=vr.xr submit layers=1 result=0 fov=1.8850 aspect=0.9638
server level=info t=179516 ev=gameplay stage=message result=ok id=4 peerstage=5
client level=warn t=179844 ev=vr.weapon callers path=getter D5D832:180 B363FA:540 B3598D:180 B40A78:4
client level=warn t=179844 ev=vr.weapon callers path=ptr D98F49:900 D7FB5C:66 DB8CB6:180 12B0A09:180 16E8861:180 D8F242:180 D8B348:180 D8B9B5:180 D8492B:47 12B2284:27 D2F672:26 D7FF2C:12 F4276C:3 CE3C40:180
client level=warn t=179844 ev=vr.weapon callers path=xform D5896F:180
client level=warn t=179860 ev=vr.probe pose in_pos=612.27,271.88,44.80 in_fwd=-0.997,0.057,-0.042 in_fov=1.4242 out_pos=612.44,271.94,44.83 out_fwd=-0.986,0.066,0.155 out_fov=1.8850
client level=info t=179969 ev=retail site=84 text=networking:bandwidth: min_channels: 1 max channels: 1 max bps: 35104 avg cong bps: -1 low cong bps: -1 hi cong bps: -1 lat avg: -1 lat hi avg: 0 lat avg var: -1 pct loss: 0.00 pct loss hi avg: [0.00].
client level=info t=179969 ev=retail site=85 text=networking:bandwidth: machine [67:5C:D4:28:9F:56:8DD7] longest reception gap [129ms] longest ack gap [129ms] pct loss [0.00] disc count [0] sps [10] rps [9] bh: [y].
client level=warn t=180110 ev=vr.xr hand yaw=-2.7260 r_valid=1 r_stale=0 r_fwd=-0.982,0.104,0.158 r_up=0.157,-0.011,0.987 r_off=-0.454,0.181,-0.014 r_palm=-0.365,0.172,-0.058 l_valid=1 l_fwd=-0.541,-0.084,0.837 l_off=-0.040,-0.117,-0.098 h_off=0.165,0.069,0.029
client level=warn t=180110 ev=vr.xr pose fwd=-0.991,0.118,0.065 off=0.165,0.069,0.029 fov=1.8850 aspect=0.964
server level=info t=180422 ev=ws701 stage=profile_setup result=complete
server level=info t=180422 ev=activity stage=writeback result=ok world_state=8
client level=warn t=180516 ev=vr.body anchor=-2.6637 head_yaw=-0.6504 body_yaw=2.9794 error=-0.0088 counts_per_rad=579 servo=1
client level=warn t=180516 ev=vr.pad stats injected=66 held=1 mouse=664,0 move=-0.35,0.94 turn=0.00,0.00 trig=0.00,0.00 buttons=0x0
client level=info t=180735 ev=nettick stage=sample latch=1 callbacks=19746
client level=warn t=181000 ev=vr.xr hand yaw=-2.7260 r_valid=1 r_stale=0 r_fwd=-0.941,-0.095,0.326 r_up=0.336,-0.407,0.850 r_off=-0.450,0.039,-0.052 r_palm=-0.370,0.061,-0.108 l_valid=1 l_fwd=-0.694,0.006,0.720 l_off=-0.059,-0.109,-0.140 h_off=0.131,0.064,0.020
client level=info t=181172 ev=retail site=80 text=networking:channel:packet_loss_stats: [dir:127.0.0.1(id=0):30992#bh64] Incoming packet read result summary - 0 ok, 0 discard, 600 discard-expected, 0 corrupt
client level=info t=181172 ev=retail site=81 text=networking:channel:packet_loss_stats: [dir:127.0.0.1(id=0):30992#bh64] Outgoing packet delivery summary - 600 delivered, 0 of those out-of-order, 0 lost - highest loss fraction seen 0.000
client level=info t=181172 ev=retail site=86 text=networking:stream_manager:retail: # 1 rx10.0/rxbps 5.8kb tx10.0/txbps32.7kb cx15.0pkts/33.0cxkbps lat=  0avg,  -1cg to=9999 aloc45.0kb max513.0kbps, loss=0.00pct loss dev 2.00pct rel=N, name=                            bh64
client level=info t=181172 ev=retail site=87 text=networking:stream_manager:retail: Local peer network quality = 1.000000/1.0, worst_axis = -1
client level=warn t=181922 ev=vr.xr hand yaw=-2.7260 r_valid=1 r_stale=0 r_fwd=-0.611,-0.622,0.490 r_up=0.780,-0.577,0.241 r_off=-0.264,-0.325,-0.110 r_palm=-0.229,-0.249,-0.164 l_valid=1 l_fwd=-0.738,-0.269,0.618 l_off=0.048,-0.195,-0.164 h_off=0.136,0.064,0.016
client level=warn t=182578 ev=vr.weapon callers path=getter D5D832:180 B363FA:540 B3598D:180 B40A78:0
client level=warn t=182578 ev=vr.weapon callers path=ptr D98F49:900 D7FB5C:60 DB8CB6:180 12B0A09:180 16E8861:180 D8F242:180 D8B348:180 D8B9B5:180 D8492B:37 12B2284:22 D2F672:22 D7FF2C:9 F4276C:4 CE3C40:180
client level=warn t=182578 ev=vr.weapon callers path=xform D5896F:180
client level=warn t=182594 ev=vr.probe pose in_pos=596.41,263.75,46.92 in_fwd=-0.796,-0.603,-0.044 in_fov=1.5794 out_pos=596.55,263.81,46.94 out_fwd=-0.780,-0.625,-0.029 out_fov=1.8850
server level=info t=182610 ev=gameplay stage=message result=ok id=4 peerstage=5
client level=info t=182735 ev=nettick stage=sample latch=1 callbacks=19878
client level=warn t=182828 ev=vr.xr hand yaw=-2.7260 r_valid=1 r_stale=0 r_fwd=0.022,-0.997,0.077 r_up=-0.706,0.040,0.707 r_off=-0.133,-0.386,-0.096 r_palm=-0.114,-0.292,-0.125 l_valid=1 l_fwd=-0.743,-0.348,0.572 l_off=0.068,-0.215,-0.183 h_off=0.150,0.044,0.022
client level=warn t=182828 ev=vr.xr pose fwd=-0.717,-0.698,-0.008 off=0.150,0.044,0.022 fov=1.8850 aspect=0.964
client level=warn t=183250 ev=vr.body anchor=-2.6637 head_yaw=0.3104 body_yaw=-2.3571 error=0.0045 counts_per_rad=579 servo=1
client level=warn t=183250 ev=vr.pad stats injected=69 held=2 mouse=116,0 move=-0.94,0.35 turn=0.00,0.00 trig=0.00,0.00 buttons=0x0
client level=info t=183703 ev=retail site=48 text=world_controller:slice_set_transition_manager: Stopping transition of type 'transitioning:normal_z_leg' due to completed
client level=warn t=183735 ev=vr.xr hand yaw=-2.7260 r_valid=1 r_stale=0 r_fwd=-0.356,-0.896,-0.264 r_up=-0.231,-0.190,0.954 r_off=-0.125,-0.403,-0.186 r_palm=-0.084,-0.312,-0.189 l_valid=1 l_fwd=-0.756,-0.352,0.552 l_off=0.062,-0.210,-0.198 h_off=0.147,0.029,0.017
client level=warn t=183735 ev=vr.xr submit layers=1 result=0 fov=1.8850 aspect=0.9638
server level=info t=183766 ev=gameplay stage=advertise result=ok region=160 region_source=reported ambassador_slot=1
client level=info t=183797 ev=probe stage=msg12 result=received client=0x1433F0CF980 slot=0 label=PRIVATE CURRENT member=0x35F900ECFC25A1B0 status=0x01FE->0x01FE flag=1
client level=info t=183797 ev=probe stage=bind client=0x1433F0CF980 established=0x9EAA300100200001 slotrec=0x143265AD9A0 roster=0x143E3B5BC80 receipt=1
client level=info t=183797 ev=probe stage=hosttail client=0x1433F0CF980 b=00000000000000000000000000000000000000000000000000000000000000000000000000000000FFFFFFFF00000000
client level=info t=183797 ev=probe stage=grant client=0x1433F0CF980 status=0x01FE pending=0 dirty=0 receipt=1
client level=info t=183797 ev=retail site=80 text=networking:channel:packet_loss_stats: [dir:127.0.0.1(id=0):30992#bh64] Incoming packet read result summary - 0 ok, 0 discard, 26 discard-expected, 0 corrupt
client level=info t=183797 ev=retail site=81 text=networking:channel:packet_loss_stats: [dir:127.0.0.1(id=0):30992#bh64] Outgoing packet delivery summary - 26 delivered, 0 of those out-of-order, 0 lost - highest loss fraction seen 0.000
client level=info t=183797 ev=retail site=82 text=networking:channel: channel dir:127.0.0.1(id=0):30992#bh64(id '4') (ra: ''dir:127.0.0.1(id=0):30992'') state change connected -> closed
client level=info t=183797 ev=retail site=83 text=networking:channel_manager: channel 'dir:127.0.0.1(id=0):30992#bh64' (1): channel closed (reason=channel-manager-owners-released) because 'dir:127.0.0.1(id=0):30992' can't be reached, resetting security
server level=info t=183797 ev=gameplay stage=response result=ok wordb=3 signon=0
server level=info t=183797 ev=gameplay stage=peer result=closed reason=10
server level=info t=183828 ev=gameplay stage=connect result=ok peer=2003 local=0x00000003 remote=0x00000008 rebuilt=0
server level=info t=183828 ev=gameplay stage=establish result=queued local=0x00000003 remote=0x00000008
client level=warn t=184641 ev=vr.xr hand yaw=-2.7260 r_valid=1 r_stale=0 r_fwd=-0.305,-0.804,0.511 r_up=0.863,-0.460,-0.209 r_off=-0.118,-0.407,-0.081 r_palm=-0.115,-0.317,-0.123 l_valid=1 l_fwd=-0.726,-0.457,0.514 l_off=0.022,-0.203,-0.211 h_off=0.193,0.004,0.017
client level=info t=184735 ev=nettick stage=sample latch=1 callbacks=20009
server level=info t=184844 ev=gameplay stage=message result=ok id=8 peerstage=5
server level=info t=184844 ev=gameplay stage=sendqueue result=cleared packet=1 base=4 entries=0
server level=info t=184922 ev=gameplay stage=message result=ok id=40 peerstage=5
server level=info t=184922 ev=gameplay stage=view result=queued remote=1 local=1 token=0x9EAA300100200001 list=0
server level=info t=184985 ev=gameplay stage=message result=ok id=40 peerstage=5
server level=info t=184985 ev=gameplay stage=view result=queued remote=2 local=2 token=0x9EAA300100200001 list=15
server level=info t=184985 ev=gameplay stage=sendqueue result=cleared packet=7 base=7 entries=0
server level=info t=185047 ev=gameplay stage=message result=ok id=40 peerstage=5
server level=info t=185047 ev=gameplay stage=view result=queued remote=3 local=3 token=0x9EAA300100200001 list=0
server level=info t=185047 ev=gameplay stage=message result=ok id=40 peerstage=5
server level=info t=185047 ev=gameplay stage=view result=queued remote=4 local=4 token=0x9EAA300100200001 list=0
server level=info t=185063 ev=gameplay stage=sendqueue result=cleared packet=8 base=8 entries=0
server level=info t=185110 ev=gameplay stage=sendqueue result=cleared packet=9 base=9 entries=0
server level=info t=185172 ev=gameplay stage=message result=ok id=40 peerstage=5
server level=warn t=185172 ev=gameplay stage=view result=refused remote=5 local=0 token=0x9EAA300100200001 list=0
client level=warn t=185297 ev=vr.weapon callers path=getter D5D832:180 B363FA:540 B3598D:180 B40A78:0
client level=warn t=185297 ev=vr.weapon callers path=ptr D98F49:900 D7FB5C:54 DB8CB6:180 12B0A09:180 16E8861:180 D8F242:180 D8B348:180 D8B9B5:180 D8492B:39 12B2284:23 D2F672:23 D7FF2C:10 F4276C:1 CE3C40:180
client level=warn t=185297 ev=vr.weapon callers path=xform D5896F:180
client level=warn t=185313 ev=vr.probe pose in_pos=595.06,250.10,47.76 in_fwd=-0.922,-0.384,-0.044 in_fov=1.4242 out_pos=595.20,250.14,47.75 out_fwd=-0.876,-0.341,-0.341 out_fov=1.8850
client level=warn t=185547 ev=vr.xr hand yaw=-2.7260 r_valid=1 r_stale=0 r_fwd=-0.242,-0.920,0.307 r_up=-0.668,0.387,0.636 r_off=-0.223,-0.008,-0.185 r_palm=-0.180,0.068,-0.233 l_valid=1 l_fwd=-0.802,-0.369,0.469 l_off=-0.044,-0.189,-0.186 h_off=0.134,0.082,0.003
client level=warn t=185547 ev=vr.xr pose fwd=-0.958,-0.126,-0.256 off=0.134,0.082,0.003 fov=1.8850 aspect=0.964
client level=info t=185797 ev=probe stage=hosttail client=0x1433F0CF980 b=00000000000000000000000000000000000000000000000000000000000000000000000000000000FFFFFFFF00000000
client level=info t=185797 ev=probe stage=grant client=0x1433F0CF980 status=0x01FE pending=0 dirty=0 receipt=1
client level=warn t=185969 ev=vr.body anchor=-2.6637 head_yaw=-0.4293 body_yaw=-3.0757 error=-0.0120 counts_per_rad=579 servo=1
client level=warn t=185969 ev=vr.pad stats injected=74 held=0 mouse=534,0 move=0.00,0.00 turn=0.00,0.00 trig=0.00,0.00 buttons=0x0
client level=warn t=186453 ev=vr.xr hand yaw=-2.7260 r_valid=1 r_stale=0 r_fwd=-0.604,-0.472,0.642 r_up=0.698,-0.703,0.140 r_off=-0.231,0.089,-0.239 r_palm=-0.195,0.155,-0.305 l_valid=1 l_fwd=-0.819,-0.476,0.320 l_off=-0.020,-0.173,-0.245 h_off=0.115,0.104,-0.010
client level=info t=186735 ev=nettick stage=sample latch=1 callbacks=20143
server level=info t=186781 ev=gameplay stage=message result=ok id=4 peerstage=5
client level=warn t=187328 ev=vr.xr hand yaw=-2.7260 r_valid=1 r_stale=0 r_fwd=-0.853,-0.495,0.168 r_up=0.162,0.057,0.985 r_off=-0.237,0.078,-0.240 r_palm=-0.161,0.123,-0.286 l_valid=1 l_fwd=-0.903,-0.359,0.237 l_off=-0.027,-0.151,-0.258 h_off=0.124,0.097,-0.002
client level=info t=187797 ev=probe stage=hosttail client=0x1433F0CF980 b=00000000000000000000000000000000000000000000000000000000000000000000000000000000FFFFFFFF00000000
client level=info t=187797 ev=probe stage=grant client=0x1433F0CF980 status=0x01FE pending=0 dirty=0 receipt=1
client level=warn t=187969 ev=vr.weapon callers path=getter D5D832:180 B363FA:540 B3598D:180 B40A78:0
client level=warn t=187969 ev=vr.weapon callers path=ptr D98F49:900 D7FB5C:62 DB8CB6:180 12B0A09:180 16E8861:180 D8F242:180 D8B348:180 D8B9B5:180 D8492B:40 12B2284:24 D2F672:23 D7FF2C:10 F4276C:1 CE3C40:180
client level=warn t=187969 ev=vr.weapon callers path=xform D5896F:180
client level=warn t=187985 ev=vr.probe pose in_pos=594.14,248.64,47.79 in_fwd=-0.999,-0.006,-0.044 in_fov=1.4242 out_pos=594.27,248.73,47.80 out_fwd=-0.972,0.001,-0.233 out_fov=1.8850
client level=warn t=188219 ev=vr.xr hand yaw=-2.7260 r_valid=1 r_stale=0 r_fwd=-0.850,-0.434,0.299 r_up=0.287,0.096,0.953 r_off=-0.268,0.074,-0.159 r_palm=-0.196,0.112,-0.216 l_valid=1 l_fwd=-0.901,-0.308,0.304 l_off=-0.025,-0.130,-0.259 h_off=0.140,0.100,0.018
client level=warn t=188219 ev=vr.xr pose fwd=-0.992,0.062,-0.107 off=0.140,0.100,0.018 fov=1.8850 aspect=0.964
client level=warn t=188219 ev=vr.xr submit layers=1 result=0 fov=1.8850 aspect=0.9638
client level=warn t=188641 ev=vr.body anchor=-2.6637 head_yaw=-0.3431 body_yaw=-3.0359 error=0.0281 counts_per_rad=579 servo=1
client level=warn t=188641 ev=vr.pad stats injected=78 held=0 mouse=504,0 move=0.00,0.00 turn=0.00,0.00 trig=0.00,0.00 buttons=0x0
client level=info t=188735 ev=nettick stage=sample latch=1 callbacks=20277
client level=warn t=189125 ev=vr.xr hand yaw=-2.7260 r_valid=1 r_stale=0 r_fwd=-0.785,-0.610,0.107 r_up=-0.256,0.477,0.841 r_off=-0.363,-0.018,-0.104 r_palm=-0.280,0.026,-0.139 l_valid=1 l_fwd=-0.677,-0.233,0.698 l_off=-0.145,-0.101,-0.102 h_off=0.158,0.079,0.020
server level=info t=189141 ev=gameplay stage=message result=ok id=4 peerstage=5
client level=info t=189797 ev=probe stage=hosttail client=0x1433F0CF980 b=00000000000000000000000000000000000000000000000000000000000000000000000000000000FFFFFFFF00000000
client level=info t=189797 ev=probe stage=grant client=0x1433F0CF980 status=0x01FE pending=0 dirty=0 receipt=1
client level=warn t=190000 ev=vr.xr hand yaw=-2.7260 r_valid=1 r_stale=0 r_fwd=-0.976,-0.212,0.055 r_up=0.067,-0.048,0.997 r_off=-0.402,-0.092,-0.057 r_palm=-0.311,-0.070,-0.092 l_valid=1 l_fwd=-0.636,-0.156,0.756 l_off=-0.173,-0.102,-0.039 h_off=0.167,0.077,0.028
client level=warn t=190656 ev=vr.weapon callers path=getter D5D832:180 B363FA:540 B3598D:180 B40A78:0
client level=warn t=190656 ev=vr.weapon callers path=ptr D98F49:870 D7FB5C:59 DB8CB6:180 12B0A09:180 16E8861:180 D8F242:180 D8B348:180 D8B9B5:180 D8492B:40 12B2284:22 D2F672:22 D7FF2C:10 F4276C:0 CE3C40:180
client level=warn t=190656 ev=vr.weapon callers path=xform D5896F:180
client level=warn t=190672 ev=vr.probe pose in_pos=595.47,248.55,47.72 in_fwd=-0.973,-0.228,-0.044 in_fov=1.0173 out_pos=595.65,248.63,47.75 out_fwd=-0.972,-0.232,0.043 out_fov=1.8850
client level=info t=190735 ev=nettick stage=sample latch=1 callbacks=20413
client level=warn t=190891 ev=vr.xr hand yaw=-2.7260 r_valid=1 r_stale=0 r_fwd=-0.911,-0.407,0.064 r_up=0.052,0.039,0.998 r_off=-0.438,-0.113,0.005 r_palm=-0.353,-0.076,-0.030 l_valid=1 l_fwd=-0.585,-0.112,0.803 l_off=-0.014,-0.126,-0.087 h_off=0.186,0.076,0.033
client level=warn t=190891 ev=vr.xr pose fwd=-0.968,-0.238,0.079 off=0.186,0.076,0.033 fov=1.8850 aspect=0.964
client level=warn t=191313 ev=vr.body anchor=-2.6637 head_yaw=-0.2281 body_yaw=-2.8967 error=0.0066 counts_per_rad=743 servo=1
client level=warn t=191313 ev=vr.pad stats injected=83 held=0 mouse=408,0 move=0.00,0.00 turn=0.00,0.00 trig=1.00,0.00 buttons=0x0
client level=warn t=191781 ev=vr.xr hand yaw=-2.7260 r_valid=1 r_stale=0 r_fwd=-0.913,-0.403,0.053 r_up=0.036,0.052,0.998 r_off=-0.432,-0.131,0.003 r_palm=-0.346,-0.095,-0.032 l_valid=1 l_fwd=-0.563,-0.045,0.825 l_off=-0.009,-0.112,-0.084 h_off=0.184,0.074,0.030
client level=info t=191797 ev=probe stage=hosttail client=0x1433F0CF980 b=00000000000000000000000000000000000000000000000000000000000000000000000000000000FFFFFFFF00000000
client level=info t=191797 ev=probe stage=grant client=0x1433F0CF980 status=0x01FE pending=0 dirty=0 receipt=1
server level=info t=192250 ev=gameplay stage=message result=ok id=4 peerstage=5
client level=warn t=192672 ev=vr.xr hand yaw=-2.7260 r_valid=1 r_stale=0 r_fwd=-0.968,-0.248,-0.032 r_up=-0.055,0.085,0.995 r_off=-0.453,-0.076,0.002 r_palm=-0.359,-0.055,-0.025 l_valid=1 l_fwd=-0.575,-0.072,0.815 l_off=-0.014,-0.117,-0.097 h_off=0.180,0.067,0.030
client level=warn t=192672 ev=vr.xr submit layers=1 result=0 fov=1.8850 aspect=0.9638
client level=info t=192735 ev=nettick stage=sample latch=1 callbacks=20548
client level=warn t=193328 ev=vr.weapon callers path=getter D5D832:180 B363FA:540 B3598D:180 B40A78:2
client level=warn t=193328 ev=vr.weapon callers path=ptr D98F49:866 D7FB5C:65 DB8CB6:180 12B0A09:180 16E8861:180 D8F242:180 D8B348:180 D8B9B5:180 D8492B:44 12B2284:24 D2F672:23 D7FF2C:11 F4276C:0 CE3C40:180
client level=warn t=193328 ev=vr.weapon callers path=xform D5896F:180
client level=warn t=193328 ev=vr.probe pose in_pos=595.47,248.55,47.73 in_fwd=-0.998,0.045,-0.044 in_fov=1.4242 out_pos=595.65,248.57,47.75 out_fwd=-0.998,0.028,0.063 out_fov=1.8850
client level=warn t=193578 ev=vr.xr hand yaw=-2.7260 r_valid=1 r_stale=0 r_fwd=-0.816,-0.370,0.444 r_up=0.518,-0.809,0.278 r_off=-0.392,-0.121,-0.061 r_palm=-0.330,-0.062,-0.111 l_valid=1 l_fwd=-0.957,-0.130,0.260 l_off=-0.053,-0.082,-0.244 h_off=0.164,0.035,0.021
client level=warn t=193578 ev=vr.xr pose fwd=-0.978,-0.207,-0.020 off=0.164,0.035,0.021 fov=1.8850 aspect=0.964
client level=info t=193797 ev=probe stage=hosttail client=0x1433F0CF980 b=00000000000000000000000000000000000000000000000000000000000000000000000000000000FFFFFFFF00000000
client level=info t=193797 ev=probe stage=grant client=0x1433F0CF980 status=0x01FE pending=0 dirty=0 receipt=1
server level=info t=193813 ev=gameplay stage=association result=timeout
client level=warn t=194000 ev=vr.body anchor=-2.6637 head_yaw=0.5689 body_yaw=-2.3103 error=0.1605 counts_per_rad=579 servo=1
client level=warn t=194000 ev=vr.pad stats injected=90 held=2 mouse=43,0 move=-0.72,0.69 turn=0.00,0.00 trig=0.00,0.00 buttons=0x0
client level=warn t=194485 ev=vr.xr hand yaw=-2.7260 r_valid=1 r_stale=0 r_fwd=-0.230,-0.972,0.057 r_up=-0.484,0.164,0.859 r_off=-0.192,-0.329,-0.094 r_palm=-0.155,-0.242,-0.125 l_valid=1 l_fwd=-0.566,-0.483,0.668 l_off=0.073,-0.238,-0.111 h_off=0.120,0.098,0.008
client level=info t=194735 ev=nettick stage=sample latch=1 callbacks=20681
client level=warn t=195375 ev=vr.xr hand yaw=-2.7260 r_valid=1 r_stale=0 r_fwd=-0.673,-0.728,0.132 r_up=0.377,-0.185,0.908 r_off=-0.250,-0.277,-0.152 r_palm=-0.197,-0.202,-0.192 l_valid=1 l_fwd=-0.646,-0.526,0.553 l_off=0.023,-0.239,-0.162 h_off=0.122,0.063,-0.000
server level=info t=195375 ev=gameplay stage=message result=ok id=4 peerstage=5
client level=info t=195797 ev=probe stage=hosttail client=0x1433F0CF980 b=00000000000000000000000000000000000000000000000000000000000000000000000000000000FFFFFFFF00000000
client level=info t=195797 ev=probe stage=grant client=0x1433F0CF980 status=0x01FE pending=0 dirty=0 receipt=1
client level=warn t=196016 ev=vr.weapon callers path=getter D5D832:180 B363FA:540 B3598D:180 B40A78:0
client level=warn t=196031 ev=vr.weapon callers path=ptr D98F49:900 D7FB5C:60 DB8CB6:180 12B0A09:180 16E8861:180 D8F242:180 D8B348:180 D8B9B5:180 D8492B:40 12B2284:26 D2F672:23 D7FF2C:10 F4276C:0 CE3C40:180
client level=warn t=196031 ev=vr.weapon callers path=xform D5896F:180
client level=warn t=196031 ev=vr.probe pose in_pos=588.59,239.31,48.83 in_fwd=-0.861,-0.507,-0.044 in_fov=1.4242 out_pos=588.76,239.34,48.85 out_fwd=-0.868,-0.495,-0.017 out_fov=1.8850
client level=warn t=196281 ev=vr.xr hand yaw=-2.7260 r_valid=1 r_stale=0 r_fwd=-0.592,-0.805,0.034 r_up=-0.001,0.043,0.999 r_off=-0.244,-0.275,-0.116 r_palm=-0.187,-0.200,-0.149 l_valid=1 l_fwd=-0.773,-0.491,0.402 l_off=-0.016,-0.251,-0.189 h_off=0.165,0.043,0.019
client level=warn t=196281 ev=vr.xr pose fwd=-0.887,-0.459,-0.055 off=0.165,0.043,0.019 fov=1.8850 aspect=0.964
client level=warn t=196688 ev=vr.body anchor=-2.6637 head_yaw=-0.0087 body_yaw=-2.6664 error=-0.0068 counts_per_rad=578 servo=1
client level=warn t=196688 ev=vr.pad stats injected=95 held=1 mouse=281,0 move=-0.54,0.16 turn=0.00,0.00 trig=0.00,0.00 buttons=0x0
client level=info t=196735 ev=nettick stage=sample latch=1 callbacks=20814
client level=warn t=197156 ev=vr.xr hand yaw=-2.7260 r_valid=1 r_stale=0 r_fwd=-0.789,-0.612,0.060 r_up=0.029,0.060,0.998 r_off=-0.286,-0.246,-0.119 r_palm=-0.212,-0.190,-0.155 l_valid=1 l_fwd=-0.708,-0.668,0.231 l_off=-0.072,-0.235,-0.167 h_off=0.163,0.049,0.018
client level=warn t=197156 ev=vr.xr submit layers=1 result=0 fov=1.8850 aspect=0.9638
client level=info t=197797 ev=probe stage=hosttail client=0x1433F0CF980 b=00000000000000000000000000000000000000000000000000000000000000000000000000000000FFFFFFFF00000000
client level=info t=197797 ev=probe stage=grant client=0x1433F0CF980 status=0x01FE pending=0 dirty=0 receipt=1
client level=warn t=198047 ev=vr.xr hand yaw=-2.7260 r_valid=1 r_stale=0 r_fwd=-0.801,-0.589,0.112 r_up=0.031,0.146,0.989 r_off=-0.317,-0.204,-0.106 r_palm=-0.242,-0.153,-0.146 l_valid=1 l_fwd=-0.720,-0.444,0.533 l_off=-0.046,-0.203,-0.167 h_off=0.156,0.056,0.018
server level=info t=198469 ev=gameplay stage=message result=ok id=4 peerstage=5
client level=warn t=198688 ev=vr.weapon callers path=getter D5D832:180 B363FA:540 B3598D:180 B40A78:0
client level=warn t=198688 ev=vr.weapon callers path=ptr D98F49:900 D7FB5C:54 DB8CB6:180 12B0A09:180 16E8861:180 D8F242:180 D8B348:180 D8B9B5:180 D8492B:35 12B2284:22 D2F672:22 D7FF2C:9 F4276C:0 CE3C40:180
client level=warn t=198688 ev=vr.weapon callers path=xform D5896F:180
client level=warn t=198703 ev=vr.probe pose in_pos=591.13,234.43,48.85 in_fwd=-0.964,-0.261,-0.044 in_fov=1.4242 out_pos=591.28,234.50,48.86 out_fwd=-0.963,-0.239,-0.126 out_fov=1.8850
client level=info t=198735 ev=nettick stage=sample latch=1 callbacks=20950
client level=warn t=198938 ev=vr.xr hand yaw=-2.7260 r_valid=1 r_stale=0 r_fwd=-0.962,0.267,0.059 r_up=0.045,-0.056,0.997 r_off=-0.420,-0.122,-0.083 r_palm=-0.330,-0.145,-0.118 l_valid=1 l_fwd=-0.822,-0.418,0.387 l_off=-0.021,-0.193,-0.223 h_off=0.147,0.069,0.014
client level=warn t=198938 ev=vr.xr pose fwd=-0.961,-0.245,-0.126 off=0.147,0.069,0.014 fov=1.8850 aspect=0.964
client level=warn t=199375 ev=vr.body anchor=-2.6637 head_yaw=-0.2423 body_yaw=-2.9048 error=0.0035 counts_per_rad=579 servo=1
client level=warn t=199375 ev=vr.pad stats injected=102 held=0 mouse=419,0 move=0.00,0.00 turn=0.00,0.00 trig=0.00,0.00 buttons=0x0
client level=info t=199797 ev=probe stage=hosttail client=0x1433F0CF980 b=00000000000000000000000000000000000000000000000000000000000000000000000000000000FFFFFFFF00000000
client level=info t=199797 ev=probe stage=grant client=0x1433F0CF980 status=0x01FE pending=0 dirty=0 receipt=1
client level=warn t=199860 ev=vr.xr hand yaw=-2.7260 r_valid=1 r_stale=0 r_fwd=-0.942,-0.257,0.216 r_up=0.272,-0.207,0.940 r_off=-0.385,-0.147,-0.118 r_palm=-0.303,-0.117,-0.167 l_valid=1 l_fwd=-0.825,-0.428,0.368 l_off=-0.019,-0.194,-0.229 h_off=0.143,0.068,0.013
client level=info t=200735 ev=nettick stage=sample latch=1 callbacks=21082
client level=warn t=200766 ev=vr.xr hand yaw=-2.7260 r_valid=1 r_stale=0 r_fwd=-0.982,0.003,0.191 r_up=0.172,-0.417,0.893 r_off=-0.343,0.281,-0.127 r_palm=-0.255,0.293,-0.172 l_valid=1 l_fwd=-0.929,-0.195,0.316 l_off=-0.043,-0.139,-0.276 h_off=0.142,0.085,0.002
client level=warn t=201406 ev=vr.weapon callers path=getter D5D832:180 B363FA:540 B3598D:180 B40A78:0
client level=warn t=201406 ev=vr.weapon callers path=ptr D98F49:900 D7FB5C:66 DB8CB6:180 12B0A09:180 16E8861:180 D8F242:180 D8B348:180 D8B9B5:180 D8492B:33 12B2284:23 D2F672:23 D7FF2C:11 F4276C:0 CE3C40:7
client level=warn t=201406 ev=vr.weapon callers path=xform D5896F:180
client level=warn t=201422 ev=vr.probe pose in_pos=591.13,234.43,48.85 in_fwd=-0.964,0.261,-0.044 in_fov=1.4242 out_pos=591.31,234.47,48.87 out_fwd=-0.973,0.221,0.068 out_fov=1.8850
server level=info t=201578 ev=gameplay stage=message result=ok id=4 peerstage=5
client level=warn t=201656 ev=vr.xr hand yaw=-2.7260 r_valid=1 r_stale=0 r_fwd=-0.555,-0.439,0.707 r_up=0.292,-0.898,-0.329 r_off=-0.411,0.058,-0.074 r_palm=-0.367,0.127,-0.132 l_valid=1 l_fwd=-0.909,-0.271,0.317 l_off=-0.029,-0.171,-0.284 h_off=0.203,0.010,0.054
client level=warn t=201656 ev=vr.xr pose fwd=-0.893,-0.234,0.385 off=0.203,0.010,0.054 fov=1.8850 aspect=0.964
client level=warn t=201656 ev=vr.xr submit layers=1 result=0 fov=1.8850 aspect=0.9638
client level=info t=201797 ev=probe stage=hosttail client=0x1433F0CF980 b=00000000000000000000000000000000000000000000000000000000000000000000000000000000FFFFFFFF00000000
client level=info t=201797 ev=probe stage=grant client=0x1433F0CF980 status=0x01FE pending=0 dirty=0 receipt=1
client level=warn t=202063 ev=vr.body anchor=-2.6637 head_yaw=0.1391 body_yaw=-2.5904 error=0.0505 counts_per_rad=579 servo=1
client level=warn t=202063 ev=vr.pad stats injected=104 held=2 mouse=227,0 move=0.93,0.37 turn=0.00,0.00 trig=0.00,0.00 buttons=0x0
client level=warn t=202547 ev=vr.xr hand yaw=-2.9338 r_valid=1 r_stale=0 r_fwd=-0.905,0.226,0.360 r_up=0.241,-0.425,0.872 r_off=-0.311,0.320,-0.106 r_palm=-0.232,0.312,-0.166 l_valid=1 l_fwd=-0.907,0.114,0.405 l_off=-0.082,-0.097,-0.286 h_off=0.158,-0.012,0.011
client level=info t=202735 ev=nettick stage=sample latch=1 callbacks=21216
client level=warn t=203438 ev=vr.xr hand yaw=2.5166 r_valid=1 r_stale=0 r_fwd=-0.314,0.910,0.269 r_up=-0.097,-0.312,0.945 r_off=0.124,0.474,-0.121 r_palm=0.157,0.397,-0.175 l_valid=1 l_fwd=-0.376,0.754,0.538 l_off=-0.085,0.008,-0.274 h_off=0.134,-0.118,0.019
client level=info t=203797 ev=probe stage=hosttail client=0x1433F0CF980 b=00000000000000000000000000000000000000000000000000000000000000000000000000000000FFFFFFFF00000000
client level=info t=203797 ev=probe stage=grant client=0x1433F0CF980 status=0x01FE pending=0 dirty=0 receipt=1
client level=warn t=204094 ev=vr.weapon callers path=getter D5D832:180 B363FA:540 B3598D:180 B40A78:0
client level=warn t=204094 ev=vr.weapon callers path=ptr D98F49:900 D7FB5C:60 DB8CB6:180 12B0A09:180 16E8861:180 D8F242:180 D8B348:180 D8B9B5:180 D8492B:30 12B2284:22 D2F672:22 D7FF2C:9 F4276C:0 CE3C40:0
client level=warn t=204094 ev=vr.weapon callers path=xform D5896F:180
client level=warn t=204094 ev=vr.probe pose in_pos=595.77,236.60,48.33 in_fwd=0.417,0.908,-0.044 in_fov=1.4242 out_pos=595.76,236.46,48.35 out_fwd=0.387,0.921,0.038 out_fov=1.8850
client level=warn t=204328 ev=vr.xr hand yaw=1.2665 r_valid=1 r_stale=0 r_fwd=0.115,0.959,0.261 r_up=-0.032,-0.259,0.965 r_off=0.154,0.341,-0.042 r_palm=0.144,0.257,-0.095 l_valid=1 l_fwd=0.466,0.716,0.520 l_off=-0.054,0.104,-0.230 h_off=-0.055,-0.140,0.033
client level=warn t=204328 ev=vr.xr pose fwd=0.445,0.886,0.128 off=-0.055,-0.140,0.033 fov=1.8850 aspect=0.964
server level=info t=204672 ev=gameplay stage=message result=ok id=4 peerstage=5
client level=info t=204735 ev=nettick stage=sample latch=1 callbacks=21351
client level=warn t=204750 ev=vr.body anchor=1.3287 head_yaw=-0.1404 body_yaw=1.2167 error=-0.0226 counts_per_rad=579 servo=1
client level=warn t=204750 ev=vr.pad stats injected=110 held=2 mouse=1674,0 move=-0.87,0.49 turn=0.00,0.00 trig=0.00,0.00 buttons=0x0
client level=warn t=205219 ev=vr.xr hand yaw=1.2665 r_valid=1 r_stale=0 r_fwd=0.229,0.942,0.245 r_up=-0.057,-0.239,0.969 r_off=0.062,0.392,0.093 r_palm=0.042,0.309,0.041 l_valid=1 l_fwd=0.387,0.755,0.528 l_off=-0.094,0.094,-0.226 h_off=-0.077,-0.187,0.042
client level=info t=205797 ev=probe stage=hosttail client=0x1433F0CF980 b=00000000000000000000000000000000000000000000000000000000000000000000000000000000FFFFFFFF00000000
client level=info t=205797 ev=probe stage=grant client=0x1433F0CF980 status=0x01FE pending=0 dirty=0 receipt=1
client level=warn t=206094 ev=vr.xr hand yaw=1.2665 r_valid=1 r_stale=0 r_fwd=-0.152,0.982,-0.116 r_up=0.345,0.162,0.925 r_off=0.176,0.388,0.004 r_palm=0.180,0.290,-0.012 l_valid=1 l_fwd=0.392,0.761,0.517 l_off=-0.098,0.094,-0.231 h_off=-0.043,-0.179,0.024
client level=warn t=206094 ev=vr.xr submit layers=1 result=0 fov=1.8850 aspect=0.9638
client level=info t=206735 ev=nettick stage=sample latch=1 callbacks=21486
client level=warn t=206750 ev=vr.weapon callers path=getter D5D832:180 B363FA:540 B3598D:180 B40A78:0
client level=warn t=206750 ev=vr.weapon callers path=ptr D98F49:900 D7FB5C:60 DB8CB6:180 12B0A09:180 16E8861:180 D8F242:180 D8B348:180 D8B9B5:180 D8492B:30 12B2284:23 D2F672:23 D7FF2C:11 F4276C:0 CE3C40:0
client level=warn t=206750 ev=vr.weapon callers path=xform D5896F:180
client level=warn t=206750 ev=vr.probe pose in_pos=596.77,251.22,47.60 in_fwd=0.934,0.353,-0.044 in_fov=1.4242 out_pos=596.76,251.02,47.62 out_fwd=0.928,0.370,-0.037 out_fov=1.8850
client level=warn t=207016 ev=vr.xr hand yaw=1.2665 r_valid=1 r_stale=0 r_fwd=0.859,0.037,0.510 r_up=-0.442,0.554,0.705 r_off=0.504,0.229,0.009 r_palm=0.436,0.208,-0.061 l_valid=1 l_fwd=0.414,0.726,0.549 l_off=-0.094,0.079,-0.235 h_off=-0.030,-0.180,0.024
client level=warn t=207016 ev=vr.xr pose fwd=0.817,0.576,0.017 off=-0.030,-0.180,0.024 fov=1.8850 aspect=0.964
client level=warn t=207422 ev=vr.body anchor=1.3287 head_yaw=-0.8551 body_yaw=0.4859 error=-0.0091 counts_per_rad=579 servo=1
client level=warn t=207422 ev=vr.pad stats injected=112 held=0 mouse=2093,0 move=0.00,0.00 turn=0.00,0.00 trig=0.00,0.00 buttons=0x0
server level=info t=207781 ev=gameplay stage=message result=ok id=4 peerstage=5
client level=info t=207797 ev=probe stage=hosttail client=0x1433F0CF980 b=00000000000000000000000000000000000000000000000000000000000000000000000000000000FFFFFFFF00000000
client level=info t=207797 ev=probe stage=grant client=0x1433F0CF980 status=0x01FE pending=0 dirty=0 receipt=1
client level=warn t=207906 ev=vr.xr hand yaw=1.2665 r_valid=1 r_stale=0 r_fwd=0.484,0.311,0.818 r_up=-0.606,0.793,0.057 r_off=0.546,0.217,0.057 r_palm=0.518,0.164,-0.022 l_valid=1 l_fwd=0.406,0.724,0.557 l_off=-0.096,0.079,-0.236 h_off=-0.037,-0.204,0.030
client level=info t=208735 ev=nettick stage=sample latch=1 callbacks=21620
client level=warn t=208781 ev=vr.xr hand yaw=1.2665 r_valid=1 r_stale=0 r_fwd=0.356,0.439,0.825 r_up=-0.482,0.843,-0.240 r_off=0.539,0.224,0.036 r_palm=0.519,0.157,-0.035 l_valid=1 l_fwd=0.454,0.712,0.535 l_off=-0.084,0.071,-0.244 h_off=-0.031,-0.205,0.031
client level=warn t=209422 ev=vr.weapon callers path=getter D5D832:180 B363FA:540 B3598D:180 B40A78:0
client level=warn t=209422 ev=vr.weapon callers path=ptr D98F49:900 D7FB5C:69 DB8CB6:180 12B0A09:180 16E8861:180 D8F242:180 D8B348:180 D8B9B5:180 D8492B:33 12B2284:22 D2F672:22 D7FF2C:11 F4276C:0 CE3C40:0
client level=warn t=209422 ev=vr.weapon callers path=xform D5896F:180
client level=warn t=209438 ev=vr.probe pose in_pos=596.77,251.22,47.65 in_fwd=0.826,0.563,-0.044 in_fov=1.4242 out_pos=596.72,251.01,47.68 out_fwd=0.793,0.575,0.199 out_fov=1.8850
client level=warn t=209656 ev=vr.xr hand yaw=1.2665 r_valid=1 r_stale=0 r_fwd=0.068,0.557,0.828 r_up=-0.684,0.630,-0.368 r_off=0.343,0.244,0.027 r_palm=0.357,0.172,-0.041 l_valid=1 l_fwd=0.267,0.249,0.931 l_off=-0.060,0.095,0.077 h_off=-0.051,-0.213,0.038
client level=warn t=209656 ev=vr.xr pose fwd=0.777,0.606,0.172 off=-0.051,-0.213,0.038 fov=1.8850 aspect=0.964
client level=info t=209797 ev=probe stage=hosttail client=0x1433F0CF980 b=00000000000000000000000000000000000000000000000000000000000000000000000000000000FFFFFFFF00000000
client level=info t=209797 ev=probe stage=grant client=0x1433F0CF980 status=0x01FE pending=0 dirty=0 receipt=1
client level=warn t=210078 ev=vr.body anchor=1.3287 head_yaw=-0.5690 body_yaw=0.7399 error=0.0147 counts_per_rad=579 servo=1
client level=warn t=210078 ev=vr.pad stats injected=112 held=0 mouse=1944,0 move=0.00,0.00 turn=0.00,0.00 trig=0.00,0.00 buttons=0x0
server level=info t=210438 ev=ws701 stage=profile_setup result=complete
server level=info t=210453 ev=activity stage=writeback result=ok world_state=8
client level=warn t=210547 ev=vr.xr hand yaw=1.2665 r_valid=1 r_stale=0 r_fwd=0.144,0.980,0.139 r_up=0.063,-0.149,0.987 r_off=0.223,0.295,-0.018 r_palm=0.208,0.207,-0.061 l_valid=1 l_fwd=0.346,0.780,0.522 l_off=0.048,0.280,0.062 h_off=-0.071,-0.210,0.036
client level=warn t=210547 ev=vr.xr submit layers=1 result=0 fov=1.8850 aspect=0.9638
client level=info t=210735 ev=nettick stage=sample latch=1 callbacks=21756
server level=info t=210891 ev=gameplay stage=message result=ok id=4 peerstage=5
client level=warn t=211438 ev=vr.xr hand yaw=1.2665 r_valid=1 r_stale=0 r_fwd=0.232,0.963,0.135 r_up=0.055,-0.152,0.987 r_off=0.062,0.410,0.077 r_palm=0.039,0.323,0.034 l_valid=1 l_fwd=0.544,0.676,0.497 l_off=-0.069,0.082,-0.151 h_off=-0.079,-0.221,0.039
client level=info t=211797 ev=probe stage=hosttail client=0x1433F0CF980 b=00000000000000000000000000000000000000000000000000000000000000000000000000000000FFFFFFFF00000000
client level=info t=211797 ev=probe stage=grant client=0x1433F0CF980 status=0x01FE pending=0 dirty=0 receipt=1
client level=warn t=212094 ev=vr.weapon callers path=getter D5D832:180 B363FA:540 B3598D:180 B40A78:4
client level=warn t=212094 ev=vr.weapon callers path=ptr D98F49:900 D7FB5C:57 DB8CB6:180 12B0A09:180 16E8861:180 D8F242:180 D8B348:180 D8B9B5:180 D8492B:30 12B2284:27 D2F672:25 D7FF2C:10 F4276C:0 CE3C40:2
client level=warn t=212094 ev=vr.weapon callers path=xform D5896F:180
client level=warn t=212110 ev=vr.probe pose in_pos=596.84,251.36,47.64 in_fwd=0.423,0.871,0.248 in_fov=1.4242 out_pos=596.74,251.13,47.68 out_fwd=0.416,0.850,0.322 out_fov=1.8850
client level=warn t=212360 ev=vr.xr hand yaw=1.2665 r_valid=1 r_stale=0 r_fwd=0.070,0.977,0.199 r_up=0.210,-0.209,0.955 r_off=0.087,0.366,0.067 r_palm=0.074,0.280,0.020 l_valid=1 l_fwd=0.571,0.710,0.412 l_off=-0.062,0.060,-0.229 h_off=-0.095,-0.222,0.040
client level=warn t=212360 ev=vr.xr pose fwd=0.521,0.815,0.253 off=-0.095,-0.222,0.040 fov=1.8850 aspect=0.964
client level=info t=212735 ev=nettick stage=sample latch=1 callbacks=21888
client level=warn t=212781 ev=vr.body anchor=1.3287 head_yaw=-0.3690 body_yaw=0.9519 error=0.0052 counts_per_rad=578 servo=1
client level=warn t=212781 ev=vr.pad stats injected=122 held=2 mouse=1846,0 move=-0.76,0.65 turn=0.00,0.00 trig=0.00,0.00 buttons=0x0
client level=info t=213078 ev=bootflow stage=region result=forced slice_set=136
client level=info t=213078 ev=retail site=47 text=world_controller:slice_set_transition_manager: Starting a new transition of type 'transitioning:normal_z_leg' to 'PRV136.1 (HASH: 0x299009a8)'; token advanced to 003
server level=info t=213141 ev=gameplay stage=advertise result=ok region=136 region_source=reported ambassador_slot=1
client level=info t=213172 ev=probe stage=msg12 result=received client=0x1433F0CF980 slot=0 label=PRIVATE CURRENT member=0x35F900ECFC25A1B0 status=0x01FE->0x01FE flag=1
client level=info t=213172 ev=probe stage=bind client=0x1433F0CF980 established=0x9EAA300100200001 slotrec=0x143265AD9A0 roster=0x143E3B5BC80 receipt=1
client level=info t=213172 ev=retail site=80 text=networking:channel:packet_loss_stats: [dir:127.0.0.1(id=0):30976#bh64] Incoming packet read result summary - 8 ok, 0 discard, 302 discard-expected, 0 corrupt
client level=info t=213172 ev=retail site=81 text=networking:channel:packet_loss_stats: [dir:127.0.0.1(id=0):30976#bh64] Outgoing packet delivery summary - 306 delivered, 0 of those out-of-order, 0 lost - highest loss fraction seen 0.000
client level=info t=213172 ev=retail site=82 text=networking:channel: channel dir:127.0.0.1(id=0):30976#bh64(id '8') (ra: ''dir:127.0.0.1(id=0):30976'') state change connected -> closed
client level=info t=213172 ev=retail site=83 text=networking:channel_manager: channel 'dir:127.0.0.1(id=0):30976#bh64' (0): channel closed (reason=channel-manager-owners-released) because 'dir:127.0.0.1(id=0):30976' can't be reached, resetting security
server level=info t=213172 ev=gameplay stage=peer result=closed reason=10
server level=info t=213188 ev=gameplay stage=response result=ok wordb=4 signon=0
server level=info t=213203 ev=gameplay stage=connect result=ok peer=2003 local=0x00000004 remote=0x0000000C rebuilt=0
server level=info t=213203 ev=gameplay stage=establish result=queued local=0x00000004 remote=0x0000000C
client level=warn t=213266 ev=vr.xr hand yaw=1.2665 r_valid=1 r_stale=0 r_fwd=0.361,0.840,0.405 r_up=-0.624,-0.105,0.774 r_off=0.187,0.362,0.009 r_palm=0.172,0.286,-0.052 l_valid=1 l_fwd=0.585,0.717,0.379 l_off=-0.069,0.079,-0.234 h_off=-0.083,-0.193,0.031
client level=info t=213797 ev=probe stage=hosttail client=0x1433F0CF980 b=00000000000000000000000000000000000000000000000000000000000000000000000000000000FFFFFFFF00000000
client level=info t=213797 ev=probe stage=grant client=0x1433F0CF980 status=0x01FE pending=0 dirty=0 receipt=1
client level=warn t=214141 ev=vr.xr hand yaw=1.2665 r_valid=1 r_stale=0 r_fwd=0.375,0.926,0.041 r_up=-0.045,-0.026,0.999 r_off=0.178,0.411,-0.009 r_palm=0.144,0.324,-0.042 l_valid=1 l_fwd=0.568,0.718,0.402 l_off=-0.069,0.075,-0.231 h_off=-0.074,-0.191,0.029
server level=info t=214235 ev=gameplay stage=message result=ok id=8 peerstage=5
server level=info t=214235 ev=gameplay stage=sendqueue result=cleared packet=1 base=5 entries=0
server level=info t=214297 ev=gameplay stage=message result=ok id=40 peerstage=5
server level=info t=214297 ev=gameplay stage=view result=queued remote=1 local=1 token=0x9EAA300100200001 list=0
server level=info t=214360 ev=gameplay stage=message result=ok id=40 peerstage=5
server level=info t=214360 ev=gameplay stage=view result=queued remote=2 local=2 token=0x9EAA300100200001 list=15
server level=info t=214360 ev=gameplay stage=sendqueue result=cleared packet=7 base=7 entries=0
server level=info t=214422 ev=gameplay stage=message result=ok id=40 peerstage=5
server level=info t=214422 ev=gameplay stage=view result=queued remote=3 local=3 token=0x9EAA300100200001 list=0
server level=info t=214422 ev=gameplay stage=message result=ok id=40 peerstage=5
server level=info t=214422 ev=gameplay stage=view result=queued remote=4 local=4 token=0x9EAA300100200001 list=0
server level=info t=214422 ev=gameplay stage=sendqueue result=cleared packet=8 base=8 entries=0
server level=info t=214485 ev=gameplay stage=sendqueue result=cleared packet=9 base=9 entries=0
server level=info t=214547 ev=gameplay stage=message result=ok id=40 peerstage=5
server level=warn t=214547 ev=gameplay stage=view result=refused remote=5 local=0 token=0x9EAA300100200001 list=0
client level=info t=214735 ev=nettick stage=sample latch=1 callbacks=22022
client level=warn t=214813 ev=vr.weapon callers path=getter D5D832:180 B363FA:540 B3598D:180 B40A78:2
client level=warn t=214813 ev=vr.weapon callers path=ptr D98F49:900 D7FB5C:66 DB8CB6:180 12B0A09:180 16E8861:180 D8F242:180 D8B348:180 D8B9B5:180 D8492B:33 12B2284:24 D2F672:23 D7FF2C:11 F4276C:0 CE3C40:1
client level=warn t=214813 ev=vr.weapon callers path=xform D5896F:180
client level=warn t=214813 ev=vr.probe pose in_pos=604.00,266.40,46.27 in_fwd=0.546,0.741,0.392 in_fov=1.4242 out_pos=603.93,266.23,46.29 out_fwd=0.602,0.796,-0.066 out_fov=1.8850
client level=warn t=215063 ev=vr.xr hand yaw=1.2665 r_valid=1 r_stale=0 r_fwd=0.446,0.895,0.024 r_up=0.017,-0.035,0.999 r_off=0.225,0.379,-0.045 r_palm=0.183,0.295,-0.077 l_valid=1 l_fwd=0.576,0.728,0.371 l_off=-0.074,0.083,-0.242 h_off=-0.063,-0.169,0.016
client level=warn t=215063 ev=vr.xr pose fwd=0.605,0.793,-0.069 off=-0.063,-0.169,0.016 fov=1.8850 aspect=0.964
client level=warn t=215063 ev=vr.xr submit layers=1 result=0 fov=1.8850 aspect=0.9638
client level=warn t=215469 ev=vr.body anchor=1.3287 head_yaw=-0.4006 body_yaw=0.9216 error=0.0069 counts_per_rad=579 servo=1
client level=warn t=215469 ev=vr.pad stats injected=124 held=2 mouse=1864,0 move=-0.07,0.54 turn=0.00,0.00 trig=0.00,0.00 buttons=0x0
client level=info t=215797 ev=probe stage=hosttail client=0x1433F0CF980 b=00000000000000000000000000000000000000000000000000000000000000000000000000000000FFFFFFFF00000000
client level=info t=215797 ev=probe stage=grant client=0x1433F0CF980 status=0x01FE pending=0 dirty=0 receipt=1
client level=warn t=215922 ev=vr.xr hand yaw=1.2665 r_valid=1 r_stale=0 r_fwd=0.421,0.907,0.010 r_up=0.005,-0.013,1.000 r_off=0.225,0.381,-0.055 r_palm=0.185,0.296,-0.085 l_valid=1 l_fwd=0.529,0.777,0.342 l_off=-0.076,0.091,-0.241 h_off=-0.066,-0.173,0.021
server level=info t=216094 ev=gameplay stage=message result=ok id=4 peerstage=5
client level=info t=216735 ev=nettick stage=sample latch=1 callbacks=22158
client level=warn t=216813 ev=vr.xr hand yaw=1.2665 r_valid=1 r_stale=0 r_fwd=0.253,0.963,0.097 r_up=0.043,-0.112,0.993 r_off=0.122,0.315,-0.058 r_palm=0.097,0.227,-0.097 l_valid=1 l_fwd=0.497,0.782,0.375 l_off=-0.078,0.086,-0.236 h_off=-0.057,-0.142,0.001
client level=warn t=217438 ev=vr.weapon callers path=getter D5D832:180 B363FA:540 B3598D:180 B40A78:0
client level=warn t=217438 ev=vr.weapon callers path=ptr D98F49:880 D7FB5C:72 DB8CB6:180 12B0A09:180 16E8861:180 D8F242:180 D8B348:180 D8B9B5:180 D8492B:35 12B2284:23 D2F672:23 D7FF2C:11 F4276C:0 CE3C40:0
client level=warn t=217438 ev=vr.weapon callers path=xform D5896F:180
client level=warn t=217453 ev=vr.probe pose in_pos=609.10,280.13,45.28 in_fwd=0.550,0.738,0.392 in_fov=1.1868 out_pos=609.05,279.99,45.28 out_fwd=0.583,0.795,-0.169 out_fov=1.8850
client level=warn t=217672 ev=vr.xr hand yaw=1.2665 r_valid=1 r_stale=0 r_fwd=0.253,0.963,0.097 r_up=0.043,-0.112,0.993 r_off=0.122,0.315,-0.058 r_palm=0.097,0.227,-0.097 l_valid=1 l_fwd=0.497,0.782,0.375 l_off=-0.078,0.086,-0.236 h_off=-0.057,-0.142,0.001
client level=warn t=217672 ev=vr.xr pose fwd=0.583,0.795,-0.169 off=-0.057,-0.142,0.001 fov=1.8850 aspect=0.964
client level=info t=217797 ev=probe stage=hosttail client=0x1433F0CF980 b=00000000000000000000000000000000000000000000000000000000000000000000000000000000FFFFFFFF00000000
client level=info t=217797 ev=probe stage=grant client=0x1433F0CF980 status=0x01FE pending=0 dirty=0 receipt=1
client level=warn t=218078 ev=vr.body anchor=1.3287 head_yaw=-0.3908 body_yaw=0.9304 error=0.0075 counts_per_rad=608 servo=1
client level=warn t=218078 ev=vr.pad stats injected=126 held=2 mouse=1858,0 move=-0.41,0.91 turn=0.00,0.00 trig=1.00,0.00 buttons=0x0
server level=info t=218125 ev=gameplay stage=message result=ok id=4 peerstage=5
client level=warn t=218547 ev=vr.xr hand yaw=1.2665 r_valid=1 r_stale=0 r_fwd=0.253,0.963,0.097 r_up=0.043,-0.112,0.993 r_off=0.122,0.315,-0.058 r_palm=0.097,0.227,-0.097 l_valid=1 l_fwd=0.497,0.782,0.375 l_off=-0.078,0.086,-0.236 h_off=-0.057,-0.142,0.001
client level=info t=218750 ev=nettick stage=sample latch=1 callbacks=22297
client level=warn t=219438 ev=vr.xr hand yaw=1.2665 r_valid=1 r_stale=0 r_fwd=0.385,0.913,-0.135 r_up=0.336,-0.002,0.942 r_off=0.270,0.303,-0.147 r_palm=0.223,0.216,-0.162 l_valid=1 l_fwd=0.454,0.769,0.450 l_off=-0.078,0.073,-0.228 h_off=-0.073,-0.171,0.021
client level=warn t=219438 ev=vr.xr submit layers=1 result=0 fov=1.8850 aspect=0.9638
client level=info t=219797 ev=probe stage=hosttail client=0x1433F0CF980 b=00000000000000000000000000000000000000000000000000000000000000000000000000000000FFFFFFFF00000000
client level=info t=219797 ev=probe stage=grant client=0x1433F0CF980 status=0x01FE pending=0 dirty=0 receipt=1
client level=warn t=220078 ev=vr.weapon callers path=getter D5D832:180 B363FA:540 B3598D:180 B40A78:0
client level=warn t=220078 ev=vr.weapon callers path=ptr D98F49:860 D7FB5C:67 DB8CB6:180 12B0A09:180 16E8861:180 D8F242:180 D8B348:180 D8B9B5:180 D8492B:34 12B2284:22 D2F672:22 D7FF2C:12 F4276C:0 CE3C40:0
client level=warn t=220078 ev=vr.weapon callers path=xform D5896F:180
client level=warn t=220094 ev=vr.probe pose in_pos=610.63,286.32,44.84 in_fwd=0.600,0.698,0.392 in_fov=1.2034 out_pos=610.59,286.14,44.85 out_fwd=0.656,0.749,-0.089 out_fov=1.8850
client level=warn t=220328 ev=vr.xr hand yaw=1.2665 r_valid=1 r_stale=0 r_fwd=0.545,0.820,-0.174 r_up=0.259,0.032,0.965 r_off=0.337,0.311,-0.152 r_palm=0.277,0.232,-0.165 l_valid=1 l_fwd=0.461,0.740,0.490 l_off=-0.074,0.069,-0.220 h_off=-0.046,-0.176,0.016
client level=warn t=220328 ev=vr.xr pose fwd=0.631,0.770,-0.092 off=-0.046,-0.176,0.016 fov=1.8850 aspect=0.964
client level=warn t=220750 ev=vr.body anchor=1.3287 head_yaw=-0.4361 body_yaw=0.8842 error=0.0078 counts_per_rad=593 servo=1
client level=warn t=220750 ev=vr.pad stats injected=137 held=1 mouse=1858,0 move=0.05,1.00 turn=0.00,0.00 trig=1.00,0.00 buttons=0x0
client level=info t=220750 ev=nettick stage=sample latch=1 callbacks=22432
client level=warn t=221203 ev=vr.xr hand yaw=1.2665 r_valid=1 r_stale=0 r_fwd=0.608,0.776,-0.166 r_up=0.110,0.124,0.986 r_off=0.417,0.314,-0.135 r_palm=0.356,0.236,-0.149 l_valid=1 l_fwd=0.425,0.760,0.491 l_off=-0.084,0.074,-0.220 h_off=-0.054,-0.165,0.013
server level=info t=221235 ev=gameplay stage=message result=ok id=4 peerstage=5
client level=info t=221797 ev=probe stage=hosttail client=0x1433F0CF980 b=00000000000000000000000000000000000000000000000000000000000000000000000000000000FFFFFFFF00000000
client level=info t=221797 ev=probe stage=grant client=0x1433F0CF980 status=0x01FE pending=0 dirty=0 receipt=1
client level=warn t=222094 ev=vr.xr hand yaw=1.2665 r_valid=1 r_stale=0 r_fwd=0.594,0.796,-0.116 r_up=0.104,0.067,0.992 r_off=0.418,0.308,-0.142 r_palm=0.359,0.230,-0.161 l_valid=1 l_fwd=0.428,0.753,0.499 l_off=-0.086,0.073,-0.217 h_off=-0.051,-0.168,0.014
client level=warn t=222719 ev=vr.weapon callers path=getter D5D832:180 B363FA:540 B3598D:180 B40A78:0
client level=warn t=222719 ev=vr.weapon callers path=ptr D98F49:860 D7FB5C:65 DB8CB6:180 12B0A09:180 16E8861:180 D8F242:180 D8B348:180 D8B9B5:180 D8492B:33 12B2284:22 D2F672:22 D7FF2C:11 F4276C:0 CE3C40:0
client level=warn t=222719 ev=vr.weapon callers path=xform D5896F:180
client level=warn t=222735 ev=vr.probe pose in_pos=615.90,287.95,43.97 in_fwd=0.636,0.665,0.392 in_fov=1.1868 out_pos=615.86,287.79,43.98 out_fwd=0.690,0.708,-0.149 out_fov=1.8850
client level=info t=222750 ev=nettick stage=sample latch=1 callbacks=22569
client level=warn t=222969 ev=vr.xr hand yaw=1.2665 r_valid=1 r_stale=0 r_fwd=0.602,0.792,-0.102 r_up=0.171,-0.003,0.985 r_off=0.439,0.276,-0.152 r_palm=0.376,0.201,-0.172 l_valid=1 l_fwd=0.429,0.759,0.489 l_off=-0.086,0.074,-0.223 h_off=-0.044,-0.161,0.008
client level=warn t=222969 ev=vr.xr pose fwd=0.682,0.713,-0.165 off=-0.044,-0.161,0.008 fov=1.8850 aspect=0.964
server level=info t=223188 ev=gameplay stage=association result=timeout
client level=warn t=223375 ev=vr.body anchor=1.3287 head_yaw=-0.5022 body_yaw=0.8165 error=0.0095 counts_per_rad=686 servo=1
client level=warn t=223375 ev=vr.pad stats injected=139 held=0 mouse=1905,0 move=0.00,0.00 turn=0.00,0.00 trig=1.00,1.00 buttons=0x0
client level=info t=223797 ev=probe stage=hosttail client=0x1433F0CF980 b=00000000000000000000000000000000000000000000000000000000000000000000000000000000FFFFFFFF00000000
client level=info t=223797 ev=probe stage=grant client=0x1433F0CF980 status=0x01FE pending=0 dirty=0 receipt=1
client level=warn t=223844 ev=vr.xr hand yaw=1.2665 r_valid=1 r_stale=0 r_fwd=0.578,0.799,-0.168 r_up=0.150,0.098,0.984 r_off=0.412,0.294,-0.167 r_palm=0.353,0.215,-0.181 l_valid=1 l_fwd=0.423,0.761,0.493 l_off=-0.089,0.075,-0.222 h_off=-0.047,-0.163,0.011
client level=warn t=223844 ev=vr.xr submit layers=1 result=0 fov=1.8850 aspect=0.9638
server level=info t=224360 ev=gameplay stage=message result=ok id=4 peerstage=5
client level=warn t=224719 ev=vr.xr hand yaw=1.2665 r_valid=1 r_stale=0 r_fwd=0.559,0.817,-0.142 r_up=0.126,0.086,0.988 r_off=0.406,0.298,-0.161 r_palm=0.349,0.218,-0.177 l_valid=1 l_fwd=0.427,0.757,0.495 l_off=-0.087,0.074,-0.222 h_off=-0.048,-0.164,0.011
client level=info t=224750 ev=nettick stage=sample latch=1 callbacks=22706
client level=warn t=225360 ev=vr.weapon callers path=getter D5D832:180 B363FA:540 B3598D:180 B40A78:8
client level=warn t=225360 ev=vr.weapon callers path=ptr D98F49:880 D7FB5C:72 DB8CB6:180 12B0A09:180 16E8861:180 D8F242:180 D8B348:180 D8B9B5:180 D8492B:36 12B2284:31 D2F672:27 D7FF2C:12 F4276C:0 CE3C40:4
client level=warn t=225360 ev=vr.weapon callers path=xform D5896F:180
client level=warn t=225360 ev=vr.probe pose in_pos=615.91,287.97,44.00 in_fwd=0.494,0.554,0.670 in_fov=1.4242 out_pos=615.86,287.80,44.02 out_fwd=0.666,0.738,-0.110 out_fov=1.8850
client level=warn t=225594 ev=vr.xr hand yaw=1.2665 r_valid=1 r_stale=0 r_fwd=0.406,0.906,-0.119 r_up=0.460,-0.090,0.883 r_off=0.397,0.301,-0.148 r_palm=0.345,0.217,-0.163 l_valid=1 l_fwd=0.468,0.744,0.477 l_off=-0.084,0.073,-0.219 h_off=-0.051,-0.169,0.016
client level=warn t=225594 ev=vr.xr pose fwd=0.669,0.738,-0.091 off=-0.051,-0.169,0.016 fov=1.8850 aspect=0.964
client level=info t=225797 ev=probe stage=hosttail client=0x1433F0CF980 b=00000000000000000000000000000000000000000000000000000000000000000000000000000000FFFFFFFF00000000
client level=info t=225797 ev=probe stage=grant client=0x1433F0CF980 status=0x01FE pending=0 dirty=0 receipt=1
client level=warn t=226000 ev=vr.body anchor=1.3287 head_yaw=-0.5109 body_yaw=0.8224 error=-0.0058 counts_per_rad=638 servo=1
client level=warn t=226000 ev=vr.pad stats injected=150 held=1 mouse=1915,0 move=0.01,1.00 turn=0.00,0.00 trig=0.00,0.00 buttons=0x0
client level=warn t=226453 ev=vr.xr hand yaw=1.2665 r_valid=1 r_stale=0 r_fwd=0.423,0.605,0.675 r_up=-0.395,-0.547,0.738 r_off=0.332,0.246,-0.037 r_palm=0.304,0.205,-0.123 l_valid=1 l_fwd=0.462,0.746,0.480 l_off=-0.085,0.073,-0.221 h_off=-0.065,-0.188,0.035
client level=info t=226750 ev=nettick stage=sample latch=1 callbacks=22842
client level=warn t=227360 ev=vr.xr hand yaw=1.2665 r_valid=1 r_stale=0 r_fwd=0.221,0.971,0.088 r_up=0.609,-0.208,0.766 r_off=0.346,0.278,-0.086 r_palm=0.307,0.192,-0.117 l_valid=1 l_fwd=0.430,0.741,0.516 l_off=-0.093,0.070,-0.218 h_off=-0.065,-0.194,0.031
server level=info t=227485 ev=gameplay stage=message result=ok id=4 peerstage=5
client level=info t=227797 ev=probe stage=hosttail client=0x1433F0CF980 b=00000000000000000000000000000000000000000000000000000000000000000000000000000000FFFFFFFF00000000
client level=info t=227797 ev=probe stage=grant client=0x1433F0CF980 status=0x01FE pending=0 dirty=0 receipt=1
client level=warn t=228016 ev=vr.weapon callers path=getter D5D832:180 B363FA:540 B3598D:180 B40A78:2
client level=warn t=228016 ev=vr.weapon callers path=ptr D98F49:900 D7FB5C:60 DB8CB6:180 12B0A09:180 16E8861:180 D8F242:180 D8B348:180 D8B9B5:180 D8492B:30 12B2284:24 D2F672:23 D7FF2C:10 F4276C:0 CE3C40:1
client level=warn t=228016 ev=vr.weapon callers path=xform D5896F:180
client level=warn t=228016 ev=vr.probe pose in_pos=621.63,294.14,42.61 in_fwd=0.421,0.471,0.775 in_fov=1.4242 out_pos=621.57,293.97,42.63 out_fwd=0.660,0.751,-0.016 out_fov=1.8850
client level=warn t=228250 ev=vr.xr hand yaw=1.2665 r_valid=1 r_stale=0 r_fwd=0.467,0.826,0.316 r_up=-0.631,0.061,0.774 r_off=0.317,0.279,-0.110 r_palm=0.292,0.198,-0.164 l_valid=1 l_fwd=0.444,0.762,0.471 l_off=-0.087,0.076,-0.224 h_off=-0.064,-0.171,0.019
client level=warn t=228250 ev=vr.xr pose fwd=0.630,0.776,-0.037 off=-0.064,-0.171,0.019 fov=1.8850 aspect=0.964
client level=warn t=228250 ev=vr.xr submit layers=1 result=0 fov=1.8850 aspect=0.9638
client level=warn t=228672 ev=vr.body anchor=1.3287 head_yaw=-0.2918 body_yaw=1.0327 error=0.0056 counts_per_rad=579 servo=1
client level=warn t=228672 ev=vr.pad stats injected=154 held=1 mouse=1790,0 move=-0.23,0.97 turn=0.00,0.00 trig=0.00,0.00 buttons=0x0
client level=info t=228750 ev=nettick stage=sample latch=1 callbacks=22977
client level=warn t=229156 ev=vr.xr hand yaw=1.2665 r_valid=1 r_stale=0 r_fwd=0.225,0.972,-0.071 r_up=0.031,0.066,0.997 r_off=0.231,0.239,-0.216 r_palm=0.208,0.144,-0.239 l_valid=1 l_fwd=0.455,0.768,0.450 l_off=-0.087,0.095,-0.219 h_off=-0.059,-0.149,-0.001
client level=info t=229797 ev=probe stage=hosttail client=0x1433F0CF980 b=00000000000000000000000000000000000000000000000000000000000000000000000000000000FFFFFFFF00000000
client level=info t=229797 ev=probe stage=grant client=0x1433F0CF980 status=0x01FE pending=0 dirty=0 receipt=1
client level=warn t=230031 ev=vr.xr hand yaw=1.2665 r_valid=1 r_stale=0 r_fwd=0.354,0.934,0.044 r_up=-0.125,0.000,0.992 r_off=0.275,0.284,-0.150 r_palm=0.245,0.195,-0.184 l_valid=1 l_fwd=0.460,0.748,0.479 l_off=-0.086,0.090,-0.213 h_off=-0.056,-0.146,-0.004
server level=info t=230594 ev=gameplay stage=message result=ok id=4 peerstage=5
client level=warn t=230656 ev=vr.weapon callers path=getter D5D832:180 B363FA:540 B3598D:180 B40A78:28
client level=warn t=230656 ev=vr.weapon callers path=ptr D98F49:900 D7FB5C:72 DB8CB6:180 12B0A09:180 16E8861:180 D8F242:180 D8B348:180 D8B9B5:180 D8492B:36 12B2284:25 D2F672:25 D7FF2C:12 F4276C:3 CE3C40:0
client level=warn t=230656 ev=vr.weapon callers path=xform D5896F:180
client level=warn t=230672 ev=vr.probe pose in_pos=629.88,310.14,46.37 in_fwd=0.375,0.509,0.775 in_fov=1.5311 out_pos=629.82,309.99,46.36 out_fwd=0.577,0.771,-0.270 out_fov=1.8850
client level=info t=230750 ev=nettick stage=sample latch=1 callbacks=23113
client level=warn t=230906 ev=vr.xr hand yaw=1.2665 r_valid=1 r_stale=0 r_fwd=0.793,0.570,0.214 r_up=-0.161,-0.144,0.976 r_off=0.349,0.245,-0.109 r_palm=0.278,0.195,-0.159 l_valid=1 l_fwd=0.461,0.751,0.473 l_off=-0.087,0.088,-0.216 h_off=-0.047,-0.151,-0.003
client level=warn t=230906 ev=vr.xr pose fwd=0.640,0.724,-0.258 off=-0.047,-0.151,-0.003 fov=1.8850 aspect=0.964
client level=warn t=231313 ev=vr.body anchor=1.3287 head_yaw=-0.5523 body_yaw=0.7893 error=-0.0103 counts_per_rad=579 servo=1
client level=warn t=231313 ev=vr.pad stats injected=165 held=2 mouse=1933,0 move=-0.38,0.92 turn=0.00,0.00 trig=0.00,0.00 buttons=0x0
client level=info t=231797 ev=probe stage=hosttail client=0x1433F0CF980 b=00000000000000000000000000000000000000000000000000000000000000000000000000000000FFFFFFFF00000000
client level=info t=231797 ev=probe stage=grant client=0x1433F0CF980 status=0x01FE pending=0 dirty=0 receipt=1
client level=warn t=231797 ev=vr.xr hand yaw=1.2665 r_valid=1 r_stale=0 r_fwd=0.332,0.941,-0.061 r_up=0.673,-0.191,0.715 r_off=0.360,0.247,-0.161 r_palm=0.308,0.164,-0.177 l_valid=1 l_fwd=0.460,0.756,0.465 l_off=-0.088,0.086,-0.220 h_off=-0.036,-0.158,-0.002
client level=warn t=232688 ev=vr.xr hand yaw=1.2665 r_valid=1 r_stale=0 r_fwd=0.676,0.734,0.062 r_up=0.041,-0.122,0.992 r_off=0.356,0.256,-0.146 r_palm=0.291,0.190,-0.181 l_valid=1 l_fwd=0.461,0.760,0.459 l_off=-0.090,0.086,-0.225 h_off=-0.046,-0.154,0.006
client level=warn t=232688 ev=vr.xr submit layers=1 result=0 fov=1.8850 aspect=0.9638
client level=info t=232750 ev=nettick stage=sample latch=1 callbacks=23247
client level=warn t=233344 ev=vr.weapon callers path=getter D5D832:180 B363FA:540 B3598D:180 B40A78:0
client level=warn t=233344 ev=vr.weapon callers path=ptr D98F49:900 D7FB5C:54 DB8CB6:180 12B0A09:180 16E8861:180 D8F242:180 D8B348:180 D8B9B5:180 D8492B:27 12B2284:24 D2F672:24 D7FF2C:9 F4276C:0 CE3C40:0
client level=warn t=233344 ev=vr.weapon callers path=xform D5896F:180
client level=warn t=233344 ev=vr.probe pose in_pos=639.15,330.70,34.80 in_fwd=0.500,0.386,0.775 in_fov=1.6022 out_pos=639.09,330.53,34.81 out_fwd=0.796,0.600,-0.079 out_fov=1.8850
client level=warn t=233578 ev=vr.xr hand yaw=1.2665 r_valid=1 r_stale=0 r_fwd=0.994,0.105,0.040 r_up=-0.030,-0.091,0.995 r_off=0.498,0.104,-0.150 r_palm=0.404,0.096,-0.184 l_valid=1 l_fwd=0.511,0.719,0.471 l_off=-0.081,0.071,-0.236 h_off=-0.028,-0.160,-0.006
client level=warn t=233578 ev=vr.xr pose fwd=0.800,0.539,-0.263 off=-0.028,-0.160,-0.006 fov=1.8850 aspect=0.964
server level=info t=233672 ev=gameplay stage=message result=ok id=4 peerstage=5
client level=info t=233797 ev=probe stage=hosttail client=0x1433F0CF980 b=00000000000000000000000000000000000000000000000000000000000000000000000000000000FFFFFFFF00000000
client level=info t=233797 ev=probe stage=grant client=0x1433F0CF980 status=0x01FE pending=0 dirty=0 receipt=1
client level=warn t=234000 ev=vr.body anchor=1.3287 head_yaw=-0.8485 body_yaw=0.4916 error=-0.0088 counts_per_rad=579 servo=1
client level=warn t=234000 ev=vr.pad stats injected=168 held=1 mouse=2103,0 move=0.23,0.97 turn=0.00,0.00 trig=0.00,0.00 buttons=0x0
client level=warn t=234485 ev=vr.xr hand yaw=1.2665 r_valid=1 r_stale=0 r_fwd=0.895,-0.222,0.387 r_up=-0.433,-0.219,0.874 r_off=0.565,-0.063,-0.036 r_palm=0.493,-0.035,-0.099 l_valid=1 l_fwd=0.582,0.616,0.530 l_off=-0.066,0.043,-0.235 h_off=-0.035,-0.221,0.039
client level=info t=234750 ev=nettick stage=sample latch=1 callbacks=23381
client level=warn t=235375 ev=vr.xr hand yaw=0.9455 r_valid=1 r_stale=0 r_fwd=0.885,0.199,0.421 r_up=-0.441,0.069,0.895 r_off=0.463,-0.211,-0.116 r_palm=0.392,-0.232,-0.183 l_valid=1 l_fwd=0.890,-0.091,0.447 l_off=0.084,-0.047,-0.273 h_off=-0.042,-0.114,-0.000
client level=info t=235797 ev=probe stage=hosttail client=0x1433F0CF980 b=00000000000000000000000000000000000000000000000000000000000000000000000000000000FFFFFFFF00000000
client level=info t=235797 ev=probe stage=grant client=0x1433F0CF980 status=0x01FE pending=0 dirty=0 receipt=1
client level=warn t=236031 ev=vr.weapon callers path=getter D5D832:180 B363FA:540 B3598D:180 B40A78:0
client level=warn t=236031 ev=vr.weapon callers path=ptr D98F49:900 D7FB5C:67 DB8CB6:180 12B0A09:180 16E8861:180 D8F242:180 D8B348:180 D8B9B5:180 D8492B:33 12B2284:23 D2F672:23 D7FF2C:11 F4276C:0 CE3C40:0
client level=warn t=236031 ev=vr.weapon callers path=xform D5896F:180
client level=warn t=236047 ev=vr.probe pose in_pos=659.75,336.27,34.77 in_fwd=0.624,-0.099,0.775 in_fov=1.6022 out_pos=659.60,336.19,34.80 out_fwd=0.973,-0.205,0.105 out_fov=1.8850
client level=warn t=236281 ev=vr.xr hand yaw=-0.0083 r_valid=1 r_stale=0 r_fwd=0.841,0.375,0.391 r_up=-0.315,-0.248,0.916 r_off=0.117,-0.058,-0.213 r_palm=0.046,-0.086,-0.278 l_valid=1 l_fwd=0.801,-0.418,0.429 l_off=0.023,0.061,-0.298 h_off=-0.174,-0.021,0.030
client level=warn t=236281 ev=vr.xr pose fwd=0.836,-0.534,0.126 off=-0.174,-0.021,0.030 fov=1.8850 aspect=0.964
client level=warn t=236703 ev=vr.body anchor=-0.3825 head_yaw=-0.5569 body_yaw=-0.9477 error=0.0054 counts_per_rad=579 servo=1
client level=warn t=236703 ev=vr.pad stats injected=169 held=2 mouse=2936,0 move=0.50,0.86 turn=0.00,0.00 trig=0.00,0.00 buttons=0x0
client level=info t=236750 ev=nettick stage=sample latch=1 callbacks=23514
server level=info t=236781 ev=gameplay stage=message result=ok id=4 peerstage=5
client level=warn t=237188 ev=vr.xr hand yaw=-0.4448 r_valid=1 r_stale=0 r_fwd=0.908,-0.380,0.179 r_up=-0.214,-0.052,0.975 r_off=0.158,-0.236,-0.107 r_palm=0.078,-0.198,-0.153 l_valid=1 l_fwd=0.498,-0.687,0.530 l_off=0.041,0.044,-0.253 h_off=-0.164,0.053,0.010
client level=warn t=237188 ev=vr.xr submit layers=1 result=0 fov=1.8850 aspect=0.9638
client level=info t=237797 ev=probe stage=hosttail client=0x1433F0CF980 b=00000000000000000000000000000000000000000000000000000000000000000000000000000000FFFFFFFF00000000
client level=info t=237797 ev=probe stage=grant client=0x1433F0CF980 status=0x01FE pending=0 dirty=0 receipt=1
client level=warn t=238078 ev=vr.xr hand yaw=-0.4448 r_valid=1 r_stale=0 r_fwd=0.821,-0.387,0.419 r_up=-0.560,-0.689,0.461 r_off=0.171,-0.359,0.019 r_palm=0.110,-0.302,-0.035 l_valid=1 l_fwd=0.533,-0.664,0.524 l_off=0.050,0.053,-0.243 h_off=-0.155,0.067,0.014
client level=info t=238750 ev=nettick stage=sample latch=1 callbacks=23647
client level=warn t=238750 ev=vr.weapon callers path=getter D5D832:180 B363FA:540 B3598D:180 B40A78:0
client level=warn t=238750 ev=vr.weapon callers path=ptr D98F49:900 D7FB5C:71 DB8CB6:180 12B0A09:180 16E8861:180 D8F242:180 D8B348:180 D8B9B5:180 D8492B:36 12B2284:22 D2F672:22 D7FF2C:11 F4276C:0 CE3C40:0
client level=warn t=238750 ev=vr.weapon callers path=xform D5896F:180
client level=warn t=238766 ev=vr.probe pose in_pos=674.41,319.69,37.92 in_fwd=0.483,-0.407,0.775 in_fov=1.6022 out_pos=674.25,319.76,37.95 out_fwd=0.738,-0.675,-0.014 out_fov=1.8850
client level=warn t=239000 ev=vr.xr hand yaw=-0.4448 r_valid=1 r_stale=0 r_fwd=0.557,-0.395,0.730 r_up=0.218,0.918,0.331 r_off=0.221,-0.344,0.025 r_palm=0.162,-0.334,-0.054 l_valid=1 l_fwd=0.552,-0.676,0.488 l_off=0.054,0.057,-0.247 h_off=-0.167,0.067,0.021
client level=warn t=239000 ev=vr.xr pose fwd=0.647,-0.762,-0.016 off=-0.167,0.067,0.021 fov=1.8850 aspect=0.964
client level=warn t=239422 ev=vr.body anchor=-0.3825 head_yaw=-0.4415 body_yaw=-0.8198 error=-0.0024 counts_per_rad=579 servo=1
client level=warn t=239422 ev=vr.pad stats injected=171 held=2 mouse=2862,0 move=-0.61,0.79 turn=0.00,0.00 trig=0.00,0.00 buttons=0x0
client level=info t=239797 ev=probe stage=hosttail client=0x1433F0CF980 b=00000000000000000000000000000000000000000000000000000000000000000000000000000000FFFFFFFF00000000
client level=info t=239797 ev=probe stage=grant client=0x1433F0CF980 status=0x01FE pending=0 dirty=0 receipt=1
server level=info t=239891 ev=gameplay stage=message result=ok id=4 peerstage=5
client level=warn t=239906 ev=vr.xr hand yaw=-0.4448 r_valid=1 r_stale=0 r_fwd=0.775,-0.411,0.480 r_up=-0.114,0.656,0.746 r_off=0.252,-0.301,-0.001 r_palm=0.182,-0.281,-0.069 l_valid=1 l_fwd=0.649,-0.612,0.453 l_off=0.076,0.067,-0.243 h_off=-0.144,0.075,0.008
client level=info t=239985 ev=retail site=84 text=networking:bandwidth: min_channels: 0 max channels: 1 max bps: 59296 avg cong bps: -1 low cong bps: -1 hi cong bps: -1 lat avg: -1 lat hi avg: 0 lat avg var: -1 pct loss: 0.00 pct loss hi avg: [0.00].
client level=info t=239985 ev=retail site=85 text=networking:bandwidth: machine [67:5C:D4:28:9F:56:8DD7] longest reception gap [122ms] longest ack gap [122ms] pct loss [0.00] disc count [0] sps [10] rps [10] bh: [y].
server level=info t=240516 ev=ws701 stage=profile_setup result=complete
server level=info t=240516 ev=activity stage=writeback result=ok world_state=8
client level=info t=240750 ev=nettick stage=sample latch=1 callbacks=23781
client level=warn t=240797 ev=vr.xr hand yaw=-0.4448 r_valid=1 r_stale=0 r_fwd=0.812,-0.353,0.465 r_up=-0.110,0.689,0.716 r_off=0.246,-0.278,-0.033 r_palm=0.172,-0.266,-0.099 l_valid=1 l_fwd=0.801,-0.496,0.334 l_off=0.100,0.071,-0.262 h_off=-0.153,0.069,0.014
client level=info t=241172 ev=retail site=80 text=networking:channel:packet_loss_stats: [dir:127.0.0.1(id=0):30992#bh64] Incoming packet read result summary - 8 ok, 0 discard, 292 discard-expected, 0 corrupt
client level=info t=241172 ev=retail site=81 text=networking:channel:packet_loss_stats: [dir:127.0.0.1(id=0):30992#bh64] Outgoing packet delivery summary - 295 delivered, 0 of those out-of-order, 0 lost - highest loss fraction seen 0.000
client level=info t=241172 ev=retail site=86 text=networking:stream_manager:retail: # 1 rx 9.5/rxbps 5.5kb tx10.0/txbps32.7kb cx15.0pkts/33.0cxkbps lat=  0avg,  -1cg to=9999 aloc45.0kb max513.0kbps, loss=0.00pct loss dev 2.00pct rel=N, name=                            bh64
client level=info t=241172 ev=retail site=87 text=networking:stream_manager:retail: Local peer network quality = 1.000000/1.0, worst_axis = -1
client level=warn t=241438 ev=vr.weapon callers path=getter D5D832:180 B363FA:540 B3598D:180 B40A78:0
client level=warn t=241438 ev=vr.weapon callers path=ptr D98F49:896 D7FB5C:60 DB8CB6:180 12B0A09:180 16E8861:180 D8F242:180 D8B348:180 D8B9B5:180 D8492B:30 12B2284:23 D2F672:23 D7FF2C:11 F4276C:0 CE3C40:0
client level=warn t=241438 ev=vr.weapon callers path=xform D5896F:180
client level=warn t=241438 ev=vr.probe pose in_pos=684.41,313.59,38.88 in_fwd=0.463,-0.430,0.775 in_fov=1.4242 out_pos=684.26,313.65,38.89 out_fwd=0.726,-0.683,-0.078 out_fov=1.8850
client level=warn t=241672 ev=vr.xr hand yaw=-0.4448 r_valid=1 r_stale=0 r_fwd=0.872,-0.186,0.452 r_up=0.016,0.935,0.354 r_off=0.210,-0.232,-0.127 r_palm=0.127,-0.242,-0.181 l_valid=1 l_fwd=0.693,-0.411,0.592 l_off=0.100,0.072,-0.242 h_off=-0.147,0.074,0.014
client level=warn t=241672 ev=vr.xr pose fwd=0.796,-0.598,-0.092 off=-0.147,0.074,0.014 fov=1.8850 aspect=0.964
client level=warn t=241672 ev=vr.xr submit layers=1 result=0 fov=1.8850 aspect=0.9638
client level=info t=241797 ev=probe stage=hosttail client=0x1433F0CF980 b=00000000000000000000000000000000000000000000000000000000000000000000000000000000FFFFFFFF00000000
client level=info t=241797 ev=probe stage=grant client=0x1433F0CF980 status=0x01FE pending=0 dirty=0 receipt=1
client level=warn t=242078 ev=vr.body anchor=-0.3825 head_yaw=-0.2098 body_yaw=-0.5964 error=0.0020 counts_per_rad=579 servo=1
client level=warn t=242078 ev=vr.pad stats injected=177 held=0 mouse=2733,0 move=0.00,0.00 turn=0.00,0.00 trig=0.00,0.00 buttons=0x0
client level=warn t=242563 ev=vr.xr hand yaw=-0.4448 r_valid=1 r_stale=0 r_fwd=0.967,0.014,0.256 r_up=-0.106,0.932,0.347 r_off=0.203,-0.228,-0.333 r_palm=0.114,-0.257,-0.368 l_valid=1 l_fwd=0.515,-0.758,0.400 l_off=0.282,-0.079,-0.334 h_off=-0.074,0.004,0.030
client level=info t=242750 ev=nettick stage=sample latch=1 callbacks=23916
server level=info t=242985 ev=gameplay stage=message result=ok id=4 peerstage=5
client level=warn t=243438 ev=vr.xr hand yaw=-0.4448 r_valid=1 r_stale=0 r_fwd=0.995,0.043,-0.085 r_up=0.014,0.812,0.584 r_off=0.251,-0.237,-0.360 r_palm=0.156,-0.265,-0.369 l_valid=1 l_fwd=0.450,-0.889,-0.085 l_off=0.310,-0.111,-0.361 h_off=-0.019,-0.006,-0.003
client level=warn t=244094 ev=vr.weapon callers path=getter D5D832:180 B363FA:540 B3598D:180 B40A78:0
client level=warn t=244094 ev=vr.weapon callers path=ptr D98F49:900 D7FB5C:72 DB8CB6:180 12B0A09:180 16E8861:180 D8F242:180 D8B348:180 D8B9B5:180 D8492B:36 12B2284:22 D2F672:22 D7FF2C:12 F4276C:0 CE3C40:0
client level=warn t=244094 ev=vr.weapon callers path=xform D5896F:180
client level=warn t=244110 ev=vr.probe pose in_pos=684.41,313.59,38.88 in_fwd=0.630,-0.051,0.775 in_fov=1.4242 out_pos=684.35,313.69,38.89 out_fwd=0.995,-0.101,-0.005 out_fov=1.8850
client level=warn t=244328 ev=vr.xr hand yaw=-0.4448 r_valid=1 r_stale=1 r_fwd=0.996,0.041,-0.084 r_up=0.015,0.813,0.583 r_off=0.251,-0.236,-0.361 r_palm=0.156,-0.265,-0.370 l_valid=1 l_fwd=0.450,-0.889,-0.085 l_off=0.310,-0.111,-0.361 h_off=-0.074,0.117,0.014
client level=warn t=244328 ev=vr.xr pose fwd=0.992,-0.118,0.040 off=-0.074,0.117,0.014 fov=1.8850 aspect=0.964
client level=warn t=244750 ev=vr.body anchor=-0.3825 head_yaw=0.1999 body_yaw=-0.1817 error=-0.0052 counts_per_rad=579 servo=1
client level=warn t=244750 ev=vr.pad stats injected=177 held=0 mouse=2493,0 move=0.00,0.00 turn=0.00,0.00 trig=0.00,0.00 buttons=0x0
client level=info t=244750 ev=nettick stage=sample latch=1 callbacks=24052
client level=warn t=245219 ev=vr.xr hand yaw=-0.4448 r_valid=1 r_stale=0 r_fwd=0.996,0.019,-0.084 r_up=0.034,0.812,0.583 r_off=0.254,-0.238,-0.361 r_palm=0.158,-0.264,-0.371 l_valid=1 l_fwd=0.450,-0.889,-0.085 l_off=0.310,-0.111,-0.361 h_off=-0.035,0.221,0.012
server level=info t=246094 ev=gameplay stage=message result=ok id=4 peerstage=5
client level=warn t=246156 ev=vr.xr hand yaw=-0.4448 r_valid=1 r_stale=1 r_fwd=0.996,0.019,-0.084 r_up=0.034,0.812,0.583 r_off=0.254,-0.238,-0.361 r_palm=0.158,-0.264,-0.371 l_valid=1 l_fwd=0.450,-0.889,-0.085 l_off=0.310,-0.111,-0.361 h_off=0.103,0.449,-0.059
client level=warn t=246156 ev=vr.xr submit layers=1 result=0 fov=1.8850 aspect=0.9638
client level=info t=246750 ev=nettick stage=sample latch=1 callbacks=24184
client level=warn t=246813 ev=vr.weapon callers path=getter D5D832:180 B363FA:540 B3598D:180 B40A78:0
client level=warn t=246813 ev=vr.weapon callers path=ptr D98F49:900 D7FB5C:72 DB8CB6:180 12B0A09:176 16E8861:180 D8F242:180 D8B348:180 D8B9B5:180 D8492B:34 12B2284:23 D2F672:23 D7FF2C:11 F4276C:0 CE3C40:0
client level=warn t=246813 ev=vr.weapon callers path=xform D5896F:180
client level=warn t=246813 ev=vr.probe pose in_pos=684.41,313.59,38.87 in_fwd=0.427,0.466,0.775 in_fov=1.4242 out_pos=684.53,314.03,38.81 out_fwd=0.663,0.740,0.111 out_fov=1.8850
client level=warn t=247047 ev=vr.xr hand yaw=-0.4448 r_valid=1 r_stale=1 r_fwd=0.996,0.019,-0.084 r_up=0.034,0.812,0.583 r_off=0.254,-0.238,-0.361 r_palm=0.158,-0.264,-0.371 l_valid=1 l_fwd=0.450,-0.889,-0.085 l_off=0.310,-0.111,-0.361 h_off=0.113,0.425,-0.051
client level=warn t=247047 ev=vr.xr pose fwd=0.651,0.739,0.172 off=0.113,0.425,-0.051 fov=1.8850 aspect=0.964
client level=warn t=247547 ev=vr.body anchor=-0.3825 head_yaw=1.2481 body_yaw=0.8291 error=0.0368 counts_per_rad=579 servo=1
client level=warn t=247547 ev=vr.pad stats injected=177 held=0 mouse=1620,0 move=0.00,0.00 turn=0.00,0.00 trig=0.00,0.00 buttons=0x0
client level=warn t=248094 ev=vr.xr hand yaw=-0.4448 r_valid=1 r_stale=1 r_fwd=0.996,0.019,-0.084 r_up=0.034,0.812,0.583 r_off=0.254,-0.238,-0.361 r_palm=0.158,-0.264,-0.371 l_valid=1 l_fwd=0.450,-0.889,-0.085 l_off=0.310,-0.111,-0.361 h_off=0.100,0.401,-0.048
client level=info t=248766 ev=nettick stage=sample latch=1 callbacks=24305
client level=warn t=249125 ev=vr.xr hand yaw=-0.4448 r_valid=1 r_stale=1 r_fwd=0.996,0.019,-0.084 r_up=0.034,0.812,0.583 r_off=0.254,-0.238,-0.361 r_palm=0.158,-0.264,-0.371 l_valid=1 l_fwd=0.450,-0.889,-0.085 l_off=0.310,-0.111,-0.361 h_off=0.120,0.351,-0.035
server level=info t=249203 ev=gameplay stage=message result=ok id=4 peerstage=5
client level=warn t=249813 ev=vr.weapon callers path=getter D5D832:180 B363FA:540 B3598D:180 B40A78:0
client level=warn t=249813 ev=vr.weapon callers path=ptr D98F49:900 D7FB5C:61 DB8CB6:180 12B0A09:0 16E8861:180 D8F242:180 D8B348:180 D8B9B5:180 D8492B:26 12B2284:24 D2F672:24 D7FF2C:9 F4276C:0 CE3C40:0 B35BEE:170
client level=warn t=249813 ev=vr.weapon callers path=xform D5896F:180
client level=warn t=249813 ev=vr.probe pose in_pos=684.41,313.59,38.86 in_fwd=0.427,0.466,0.775 in_fov=1.4242 out_pos=684.46,313.85,38.84 out_fwd=0.721,0.691,-0.044 out_fov=1.8850
client level=warn t=250047 ev=vr.xr hand yaw=-0.4448 r_valid=1 r_stale=1 r_fwd=0.996,0.019,-0.084 r_up=0.034,0.812,0.583 r_off=0.254,-0.238,-0.361 r_palm=0.158,-0.264,-0.371 l_valid=1 l_fwd=0.450,-0.889,-0.085 l_off=0.310,-0.111,-0.361 h_off=0.003,0.216,-0.001
client level=warn t=250047 ev=vr.xr pose fwd=0.711,0.693,0.120 off=0.003,0.216,-0.001 fov=1.8850 aspect=0.964
client level=warn t=250500 ev=vr.body anchor=-0.3825 head_yaw=1.1389 body_yaw=0.8291 error=-0.0763 counts_per_rad=579 servo=1
client level=warn t=250500 ev=vr.pad stats injected=177 held=0 mouse=3785,0 move=0.00,0.00 turn=0.00,0.00 trig=0.00,0.00 buttons=0x0
client level=info t=250766 ev=nettick stage=sample latch=1 callbacks=24429
client level=warn t=250985 ev=vr.xr hand yaw=-0.4448 r_valid=1 r_stale=1 r_fwd=0.996,0.019,-0.084 r_up=0.034,0.812,0.583 r_off=0.254,-0.238,-0.361 r_palm=0.158,-0.264,-0.371 l_valid=1 l_fwd=0.450,-0.889,-0.085 l_off=0.310,-0.111,-0.361 h_off=0.150,0.377,-0.043
client level=warn t=250985 ev=vr.xr submit layers=1 result=0 fov=1.8850 aspect=0.9638
client level=warn t=251906 ev=vr.xr hand yaw=-0.4448 r_valid=1 r_stale=1 r_fwd=0.996,0.019,-0.084 r_up=0.034,0.812,0.583 r_off=0.254,-0.238,-0.361 r_palm=0.158,-0.264,-0.371 l_valid=1 l_fwd=0.450,-0.889,-0.085 l_off=0.310,-0.111,-0.361 h_off=0.173,0.379,-0.056
server level=info t=252297 ev=gameplay stage=message result=ok id=4 peerstage=5
client level=warn t=252610 ev=vr.weapon callers path=getter D5D832:180 B363FA:540 B3598D:180 B40A78:0
client level=warn t=252610 ev=vr.weapon callers path=ptr D98F49:900 D7FB5C:78 DB8CB6:180 12B0A09:0 16E8861:180 D8F242:180 D8B348:180 D8B9B5:180 D8492B:36 12B2284:22 D2F672:22 D7FF2C:12 F4276C:0 CE3C40:0 B35BEE:180
client level=warn t=252610 ev=vr.weapon callers path=xform D5896F:180
client level=warn t=252625 ev=vr.probe pose in_pos=684.41,313.59,38.86 in_fwd=0.427,0.466,0.775 in_fov=1.4242 out_pos=684.59,313.97,38.81 out_fwd=0.710,0.675,0.199 out_fov=1.8850
client level=info t=252766 ev=nettick stage=sample latch=1 callbacks=24557
client level=warn t=252860 ev=vr.xr hand yaw=-0.4448 r_valid=1 r_stale=1 r_fwd=0.996,0.019,-0.084 r_up=0.034,0.812,0.583 r_off=0.254,-0.238,-0.361 r_palm=0.158,-0.264,-0.371 l_valid=1 l_fwd=0.450,-0.889,-0.085 l_off=0.310,-0.111,-0.361 h_off=0.163,0.391,-0.055
client level=warn t=252860 ev=vr.xr pose fwd=0.641,0.734,0.223 off=0.163,0.391,-0.055 fov=1.8850 aspect=0.964
client level=warn t=253375 ev=vr.body anchor=-0.3825 head_yaw=1.3104 body_yaw=0.8291 error=0.1004 counts_per_rad=579 servo=1
client level=warn t=253375 ev=vr.pad stats injected=177 held=0 mouse=5272,0 move=0.00,0.00 turn=0.00,0.00 trig=0.00,0.00 buttons=0x0
client level=warn t=253860 ev=vr.xr hand yaw=-0.4448 r_valid=1 r_stale=1 r_fwd=0.996,0.019,-0.084 r_up=0.034,0.812,0.583 r_off=0.254,-0.238,-0.361 r_palm=0.158,-0.264,-0.371 l_valid=1 l_fwd=0.450,-0.889,-0.085 l_off=0.310,-0.111,-0.361 h_off=0.161,0.397,-0.057
client level=warn t=254750 ev=vr.xr hand yaw=-0.4448 r_valid=1 r_stale=1 r_fwd=0.996,0.019,-0.084 r_up=0.034,0.812,0.583 r_off=0.254,-0.238,-0.361 r_palm=0.158,-0.264,-0.371 l_valid=1 l_fwd=0.450,-0.889,-0.085 l_off=0.310,-0.111,-0.361 h_off=0.175,0.393,-0.060
client level=info t=254766 ev=nettick stage=sample latch=1 callbacks=24684
server level=info t=255406 ev=gameplay stage=message result=ok id=4 peerstage=5
client level=warn t=255422 ev=vr.weapon callers path=getter D5D832:180 B363FA:540 B3598D:180 B40A78:0
client level=warn t=255422 ev=vr.weapon callers path=ptr D98F49:900 D7FB5C:81 DB8CB6:180 12B0A09:0 16E8861:180 D8F242:180 D8B348:180 D8B9B5:180 D8492B:33 12B2284:23 D2F672:23 D7FF2C:11 F4276C:0 CE3C40:0 B35BEE:180
client level=warn t=255422 ev=vr.weapon callers path=xform D5896F:180
client level=warn t=255438 ev=vr.probe pose in_pos=684.41,313.59,38.86 in_fwd=0.427,0.466,0.775 in_fov=1.4242 out_pos=684.59,313.98,38.80 out_fwd=0.649,0.732,0.206 out_fov=1.8850
client level=warn t=255688 ev=vr.xr hand yaw=-0.4448 r_valid=1 r_stale=1 r_fwd=0.996,0.019,-0.084 r_up=0.034,0.812,0.583 r_off=0.254,-0.238,-0.361 r_palm=0.158,-0.264,-0.371 l_valid=1 l_fwd=0.450,-0.889,-0.085 l_off=0.310,-0.111,-0.361 h_off=0.173,0.400,-0.061
client level=warn t=255688 ev=vr.xr pose fwd=0.649,0.733,0.203 off=0.173,0.400,-0.061 fov=1.8850 aspect=0.964
client level=warn t=255688 ev=vr.xr submit layers=1 result=0 fov=1.8850 aspect=0.9638
server level=info t=255985 ev=queuez stage=social_roster result=ok soid=0x9EAA300100100100 objects=2 bytes=176 emblem=1273 hash=0x71B4CC1A
client level=warn t=256172 ev=vr.body anchor=-0.3825 head_yaw=1.2175 body_yaw=0.8291 error=0.0067 counts_per_rad=579 servo=1
client level=warn t=256172 ev=vr.pad stats injected=177 held=0 mouse=4770,0 move=0.00,0.00 turn=0.00,0.00 trig=0.00,0.00 buttons=0x0
client level=warn t=256719 ev=vr.xr hand yaw=-0.4448 r_valid=1 r_stale=1 r_fwd=0.996,0.019,-0.084 r_up=0.034,0.812,0.583 r_off=0.254,-0.238,-0.361 r_palm=0.158,-0.264,-0.371 l_valid=1 l_fwd=0.450,-0.889,-0.085 l_off=0.310,-0.111,-0.361 h_off=0.179,0.400,-0.064
client level=info t=256766 ev=nettick stage=sample latch=1 callbacks=24806
client level=warn t=257703 ev=vr.xr hand yaw=-0.4448 r_valid=1 r_stale=1 r_fwd=0.996,0.019,-0.084 r_up=0.034,0.812,0.583 r_off=0.254,-0.238,-0.361 r_palm=0.158,-0.264,-0.371 l_valid=1 l_fwd=0.450,-0.889,-0.085 l_off=0.310,-0.111,-0.361 h_off=0.180,0.403,-0.064
server level=info t=258344 ev=queuez stage=social_roster result=ok soid=0x9EAA300100100100 objects=2 bytes=176 emblem=1273 hash=0x71B4CC1A
client level=warn t=258391 ev=vr.weapon callers path=getter D5D832:180 B363FA:540 B3598D:180 B40A78:0
client level=warn t=258391 ev=vr.weapon callers path=ptr D98F49:900 D7FB5C:72 DB8CB6:180 12B0A09:0 16E8861:180 D8F242:180 D8B348:180 D8B9B5:180 D8492B:33 12B2284:24 D2F672:24 D7FF2C:11 F4276C:0 CE3C40:0 B35BEE:180
client level=warn t=258391 ev=vr.weapon callers path=xform D5896F:180
client level=warn t=258391 ev=vr.probe pose in_pos=684.41,313.59,38.86 in_fwd=0.427,0.466,0.775 in_fov=1.4242 out_pos=684.59,313.99,38.80 out_fwd=0.667,0.720,0.194 out_fov=1.8850
server level=info t=258485 ev=gameplay stage=message result=ok id=4 peerstage=5
client level=warn t=258688 ev=vr.xr hand yaw=-0.4448 r_valid=1 r_stale=1 r_fwd=0.996,0.019,-0.084 r_up=0.034,0.812,0.583 r_off=0.254,-0.238,-0.361 r_palm=0.158,-0.264,-0.371 l_valid=1 l_fwd=0.450,-0.889,-0.085 l_off=0.310,-0.111,-0.361 h_off=0.180,0.400,-0.063
client level=warn t=258688 ev=vr.xr pose fwd=0.668,0.717,0.196 off=0.180,0.400,-0.063 fov=1.8850 aspect=0.964
client level=info t=258766 ev=nettick stage=sample latch=1 callbacks=24926
client level=warn t=259172 ev=vr.body anchor=-0.3825 head_yaw=1.2060 body_yaw=0.8291 error=-0.0054 counts_per_rad=579 servo=1
client level=warn t=259172 ev=vr.pad stats injected=177 held=0 mouse=4770,0 move=0.00,0.00 turn=0.00,0.00 trig=0.00,0.00 buttons=0x0
client level=warn t=259672 ev=vr.xr hand yaw=-0.4448 r_valid=1 r_stale=1 r_fwd=0.996,0.019,-0.084 r_up=0.034,0.812,0.583 r_off=0.254,-0.238,-0.361 r_palm=0.158,-0.264,-0.371 l_valid=1 l_fwd=0.450,-0.889,-0.085 l_off=0.310,-0.111,-0.361 h_off=0.182,0.404,-0.066
client level=warn t=260610 ev=vr.xr hand yaw=-0.4448 r_valid=1 r_stale=1 r_fwd=0.996,0.019,-0.084 r_up=0.034,0.812,0.583 r_off=0.254,-0.238,-0.361 r_palm=0.158,-0.264,-0.371 l_valid=1 l_fwd=0.450,-0.889,-0.085 l_off=0.310,-0.111,-0.361 h_off=0.182,0.408,-0.067
client level=warn t=260610 ev=vr.xr submit layers=1 result=0 fov=1.8850 aspect=0.9638
client level=info t=260766 ev=nettick stage=sample latch=1 callbacks=25054
client level=warn t=261250 ev=vr.weapon callers path=getter D5D832:180 B363FA:540 B3598D:180 B40A78:0
client level=warn t=261250 ev=vr.weapon callers path=ptr D98F49:900 D7FB5C:77 DB8CB6:180 12B0A09:0 16E8861:180 D8F242:180 D8B348:180 D8B9B5:180 D8492B:33 12B2284:23 D2F672:23 D7FF2C:11 F4276C:0 CE3C40:0 B35BEE:180
client level=warn t=261250 ev=vr.weapon callers path=xform D5896F:180
client level=warn t=261266 ev=vr.probe pose in_pos=684.41,313.59,38.86 in_fwd=0.427,0.466,0.775 in_fov=1.4242 out_pos=684.60,314.00,38.80 out_fwd=0.662,0.728,0.177 out_fov=1.8850
server level=info t=261344 ev=queuez stage=social_roster result=ok soid=0x9EAA300100100100 objects=2 bytes=176 emblem=1273 hash=0x71B4CC1A
client level=warn t=261531 ev=vr.xr hand yaw=-0.4448 r_valid=1 r_stale=1 r_fwd=0.996,0.019,-0.084 r_up=0.034,0.812,0.583 r_off=0.254,-0.238,-0.361 r_palm=0.158,-0.264,-0.371 l_valid=1 l_fwd=0.450,-0.889,-0.085 l_off=0.310,-0.111,-0.361 h_off=0.180,0.405,-0.065
client level=warn t=261531 ev=vr.xr pose fwd=0.667,0.722,0.181 off=0.180,0.405,-0.065 fov=1.8850 aspect=0.964
server level=info t=261578 ev=gameplay stage=message result=ok id=4 peerstage=5
client level=warn t=262000 ev=vr.body anchor=-0.3825 head_yaw=1.0610 body_yaw=0.8291 error=-0.1460 counts_per_rad=579 servo=1
client level=warn t=262000 ev=vr.pad stats injected=177 held=0 mouse=5101,0 move=0.00,0.00 turn=0.00,0.00 trig=0.00,0.00 buttons=0x0
client level=warn t=262485 ev=vr.xr hand yaw=-0.4448 r_valid=1 r_stale=1 r_fwd=0.996,0.019,-0.084 r_up=0.034,0.812,0.583 r_off=0.254,-0.238,-0.361 r_palm=0.158,-0.264,-0.371 l_valid=1 l_fwd=0.450,-0.889,-0.085 l_off=0.310,-0.111,-0.361 h_off=0.015,0.217,0.009
client level=info t=262766 ev=nettick stage=sample latch=1 callbacks=25182
client level=warn t=263422 ev=vr.xr hand yaw=-0.4448 r_valid=1 r_stale=1 r_fwd=0.996,0.019,-0.084 r_up=0.034,0.812,0.583 r_off=0.254,-0.238,-0.361 r_palm=0.158,-0.264,-0.371 l_valid=1 l_fwd=0.450,-0.889,-0.085 l_off=0.310,-0.111,-0.361 h_off=0.181,0.441,-0.084
client level=warn t=264110 ev=vr.weapon callers path=getter D5D832:180 B363FA:540 B3598D:180 B40A78:0
client level=warn t=264110 ev=vr.weapon callers path=ptr D98F49:900 D7FB5C:71 DB8CB6:180 12B0A09:0 16E8861:180 D8F242:180 D8B348:180 D8B9B5:180 D8492B:30 12B2284:23 D2F672:23 D7FF2C:10 F4276C:0 CE3C40:0 B35BEE:173
client level=warn t=264110 ev=vr.weapon callers path=xform D5896F:180
client level=warn t=264125 ev=vr.probe pose in_pos=684.41,313.59,38.86 in_fwd=0.427,0.466,0.775 in_fov=1.4242 out_pos=684.56,313.97,38.82 out_fwd=0.843,0.537,0.011 out_fov=1.8850
client level=warn t=264406 ev=vr.xr hand yaw=-0.4448 r_valid=1 r_stale=1 r_fwd=0.996,0.019,-0.084 r_up=0.034,0.812,0.583 r_off=0.254,-0.238,-0.361 r_palm=0.158,-0.264,-0.371 l_valid=1 l_fwd=0.450,-0.889,-0.085 l_off=0.310,-0.111,-0.361 h_off=0.042,0.209,-0.026
client level=warn t=264406 ev=vr.xr pose fwd=0.983,-0.045,-0.176 off=0.042,0.209,-0.026 fov=1.8850 aspect=0.964
server level=info t=264688 ev=gameplay stage=message result=ok id=4 peerstage=5
client level=info t=264766 ev=nettick stage=sample latch=1 callbacks=25307
client level=warn t=264828 ev=vr.body anchor=-0.3825 head_yaw=-0.0132 body_yaw=-0.3390 error=-0.0441 counts_per_rad=579 servo=1
client level=warn t=264828 ev=vr.pad stats injected=177 held=0 mouse=6935,0 move=0.00,0.00 turn=0.00,0.00 trig=0.00,0.00 buttons=0x0
client level=warn t=265313 ev=vr.xr hand yaw=-0.4448 r_valid=1 r_stale=0 r_fwd=0.984,-0.146,-0.106 r_up=0.179,0.727,0.663 r_off=0.278,-0.247,-0.354 r_palm=0.179,-0.255,-0.364 l_valid=1 l_fwd=0.451,-0.889,-0.084 l_off=0.311,-0.112,-0.361 h_off=-0.050,-0.003,-0.038
client level=warn t=265313 ev=vr.xr submit layers=1 result=0 fov=1.8850 aspect=0.9638
client level=warn t=266219 ev=vr.xr hand yaw=-0.4448 r_valid=1 r_stale=0 r_fwd=0.886,-0.453,0.101 r_up=-0.030,0.162,0.986 r_off=0.334,-0.323,-0.128 r_palm=0.251,-0.285,-0.167 l_valid=1 l_fwd=0.451,-0.889,-0.085 l_off=0.311,-0.112,-0.361 h_off=-0.121,0.049,0.003
client level=info t=266766 ev=nettick stage=sample latch=1 callbacks=25440
client level=warn t=266891 ev=vr.weapon callers path=getter D5D832:180 B363FA:540 B3598D:180 B40A78:0
client level=warn t=266891 ev=vr.weapon callers path=ptr D98F49:900 D7FB5C:66 DB8CB6:180 12B0A09:174 16E8861:180 D8F242:180 D8B348:180 D8B9B5:180 D8492B:27 12B2284:23 D2F672:23 D7FF2C:9 F4276C:0 CE3C40:0 B35BEE:0
client level=warn t=266891 ev=vr.weapon callers path=xform D5896F:180
client level=warn t=266906 ev=vr.probe pose in_pos=684.41,313.59,38.86 in_fwd=0.435,-0.459,0.775 in_fov=1.4242 out_pos=684.31,313.64,38.86 out_fwd=0.674,-0.708,-0.213 out_fov=1.8850
client level=warn t=267141 ev=vr.xr hand yaw=-0.4448 r_valid=1 r_stale=0 r_fwd=0.774,-0.620,0.131 r_up=0.214,0.450,0.867 r_off=0.301,-0.351,-0.190 r_palm=0.221,-0.305,-0.229 l_valid=1 l_fwd=0.292,-0.953,-0.084 l_off=0.310,-0.125,-0.361 h_off=-0.103,0.038,-0.011
client level=warn t=267141 ev=vr.xr pose fwd=0.630,-0.724,-0.279 off=-0.103,0.038,-0.011 fov=1.8850 aspect=0.964
client level=warn t=267547 ev=vr.body anchor=-0.3825 head_yaw=-0.6639 body_yaw=-1.0059 error=-0.0302 counts_per_rad=579 servo=1
client level=warn t=267547 ev=vr.pad stats injected=177 held=0 mouse=7319,0 move=0.00,0.00 turn=0.00,0.00 trig=0.00,0.00 buttons=0x0
server level=info t=267797 ev=gameplay stage=message result=ok id=4 peerstage=5
client level=warn t=268047 ev=vr.xr hand yaw=-0.4448 r_valid=1 r_stale=0 r_fwd=0.899,-0.436,0.041 r_up=0.004,0.101,0.995 r_off=0.280,-0.353,-0.180 r_palm=0.194,-0.315,-0.214 l_valid=1 l_fwd=0.350,-0.930,-0.109 l_off=0.298,-0.144,-0.361 h_off=-0.122,0.016,-0.007
client level=info t=268766 ev=nettick stage=sample latch=1 callbacks=25572
client level=warn t=268922 ev=vr.xr hand yaw=-0.4448 r_valid=1 r_stale=0 r_fwd=0.989,-0.031,0.146 r_up=-0.121,-0.739,0.662 r_off=0.296,-0.319,-0.143 r_palm=0.206,-0.294,-0.177 l_valid=1 l_fwd=0.708,-0.695,0.121 l_off=0.323,-0.039,-0.302 h_off=-0.109,0.057,-0.009
client level=warn t=269563 ev=vr.weapon callers path=getter D5D832:180 B363FA:540 B3598D:180 B40A78:0
client level=warn t=269563 ev=vr.weapon callers path=ptr D98F49:900 D7FB5C:73 DB8CB6:180 12B0A09:180 16E8861:180 D8F242:180 D8B348:180 D8B9B5:180 D8492B:33 12B2284:22 D2F672:22 D7FF2C:11 F4276C:0 CE3C40:0 B35BEE:0
client level=warn t=269563 ev=vr.weapon callers path=xform D5896F:180
client level=warn t=269578 ev=vr.probe pose in_pos=684.41,313.59,38.86 in_fwd=0.337,-0.534,0.775 in_fov=1.4242 out_pos=684.29,313.62,38.85 out_fwd=0.477,-0.829,-0.291 out_fov=1.8850
client level=warn t=269797 ev=vr.xr hand yaw=-0.4448 r_valid=1 r_stale=0 r_fwd=0.851,-0.428,0.304 r_up=0.215,0.812,0.542 r_off=0.289,-0.324,-0.130 r_palm=0.202,-0.308,-0.176 l_valid=1 l_fwd=0.697,-0.707,0.121 l_off=0.317,-0.043,-0.303 h_off=-0.136,0.029,-0.013
client level=warn t=269797 ev=vr.xr pose fwd=0.368,-0.883,-0.292 off=-0.136,0.029,-0.013 fov=1.8850 aspect=0.964
client level=warn t=269797 ev=vr.xr submit layers=1 result=0 fov=1.8850 aspect=0.9638
client level=warn t=270219 ev=vr.body anchor=-0.3825 head_yaw=-0.8447 body_yaw=-1.2323 error=0.0002 counts_per_rad=579 servo=1
client level=warn t=270219 ev=vr.pad stats injected=177 held=0 mouse=7444,0 move=0.00,0.00 turn=0.00,0.00 trig=0.00,0.00 buttons=0x0
server level=info t=270547 ev=ws701 stage=profile_setup result=complete
server level=info t=270547 ev=activity stage=writeback result=ok world_state=8
client level=warn t=270703 ev=vr.xr hand yaw=-0.4448 r_valid=1 r_stale=0 r_fwd=0.934,-0.354,-0.056 r_up=0.023,-0.097,0.995 r_off=0.281,-0.275,-0.166 r_palm=0.192,-0.239,-0.191 l_valid=1 l_fwd=0.693,-0.648,0.316 l_off=0.339,-0.077,-0.172 h_off=-0.125,0.061,0.014
client level=info t=270766 ev=nettick stage=sample latch=1 callbacks=25708
server level=info t=270906 ev=gameplay stage=message result=ok id=4 peerstage=5
client level=warn t=271594 ev=vr.xr hand yaw=-0.4448 r_valid=1 r_stale=0 r_fwd=0.798,-0.599,0.065 r_up=-0.116,-0.047,0.992 r_off=0.334,-0.280,-0.101 r_palm=0.261,-0.222,-0.137 l_valid=1 l_fwd=0.605,-0.719,0.343 l_off=0.280,-0.040,-0.179 h_off=-0.123,0.102,0.024
client level=warn t=272250 ev=vr.weapon callers path=getter D5D832:180 B363FA:540 B3598D:180 B40A78:0
client level=warn t=272250 ev=vr.weapon callers path=ptr D98F49:871 D7FB5C:79 DB8CB6:180 12B0A09:180 16E8861:180 D8F242:180 D8B348:180 D8B9B5:180 D8492B:33 12B2284:22 D2F672:22 D7FF2C:11 F4276C:0 CE3C40:0 B35BEE:0
client level=warn t=272250 ev=vr.weapon callers path=xform D5896F:180
client level=warn t=272266 ev=vr.probe pose in_pos=684.41,313.59,38.86 in_fwd=0.489,-0.400,0.775 in_fov=0.8299 out_pos=684.26,313.67,38.89 out_fwd=0.767,-0.641,-0.007 out_fov=1.8850
client level=warn t=272500 ev=vr.xr hand yaw=-0.4448 r_valid=1 r_stale=0 r_fwd=0.815,-0.576,-0.063 r_up=-0.016,-0.131,0.991 r_off=0.365,-0.279,-0.101 r_palm=0.288,-0.221,-0.125 l_valid=1 l_fwd=0.581,-0.726,0.368 l_off=0.245,-0.013,-0.187 h_off=-0.151,0.083,0.023
client level=warn t=272500 ev=vr.xr pose fwd=0.788,-0.616,-0.010 off=-0.151,0.083,0.023 fov=1.8850 aspect=0.964
client level=info t=272766 ev=nettick stage=sample latch=1 callbacks=25841
client level=warn t=272922 ev=vr.body anchor=-0.3825 head_yaw=0.1217 body_yaw=-0.3346 error=0.0714 counts_per_rad=1905 servo=1
client level=warn t=272922 ev=vr.pad stats injected=180 held=0 mouse=6250,0 move=0.00,0.00 turn=0.00,0.00 trig=1.00,0.00 buttons=0x0
client level=warn t=273391 ev=vr.xr hand yaw=-0.4448 r_valid=1 r_stale=0 r_fwd=0.864,-0.502,-0.035 r_up=-0.016,-0.098,0.995 r_off=0.381,-0.261,-0.086 r_palm=0.299,-0.210,-0.113 l_valid=1 l_fwd=0.502,-0.742,0.444 l_off=0.186,0.041,-0.184 h_off=-0.156,0.089,0.025
server level=info t=274000 ev=gameplay stage=message result=ok id=4 peerstage=5
client level=warn t=274281 ev=vr.xr hand yaw=-0.4448 r_valid=1 r_stale=0 r_fwd=0.747,-0.651,-0.133 r_up=0.012,-0.187,0.982 r_off=0.359,-0.337,-0.092 r_palm=0.287,-0.270,-0.109 l_valid=1 l_fwd=0.483,-0.746,0.459 l_off=0.176,0.043,-0.183 h_off=-0.158,0.089,0.024
client level=warn t=274281 ev=vr.xr submit layers=1 result=0 fov=1.8850 aspect=0.9638
client level=info t=274766 ev=nettick stage=sample latch=1 callbacks=25977
client level=warn t=274906 ev=vr.weapon callers path=getter D5D832:180 B363FA:540 B3598D:180 B40A78:0
client level=warn t=274906 ev=vr.weapon callers path=ptr D98F49:898 D7FB5C:75 DB8CB6:180 12B0A09:180 16E8861:180 D8F242:180 D8B348:180 D8B9B5:180 D8492B:33 12B2284:23 D2F672:23 D7FF2C:11 F4276C:0 CE3C40:0 B35BEE:0
client level=warn t=274906 ev=vr.weapon callers path=xform D5896F:180
client level=warn t=274922 ev=vr.probe pose in_pos=684.41,313.59,38.86 in_fwd=0.505,-0.379,0.775 in_fov=0.4069 out_pos=684.26,313.67,38.89 out_fwd=0.800,-0.600,0.001 out_fov=1.8850
client level=warn t=275156 ev=vr.xr hand yaw=-0.4448 r_valid=1 r_stale=0 r_fwd=0.657,-0.707,-0.262 r_up=0.013,-0.337,0.941 r_off=0.338,-0.384,-0.128 r_palm=0.275,-0.307,-0.132 l_valid=1 l_fwd=0.479,-0.744,0.467 l_off=0.174,0.044,-0.180 h_off=-0.158,0.089,0.025
client level=warn t=275156 ev=vr.xr pose fwd=0.799,-0.601,0.002 off=-0.158,0.089,0.025 fov=1.8850 aspect=0.964
client level=warn t=275563 ev=vr.body anchor=-0.3825 head_yaw=-0.2437 body_yaw=-0.6338 error=0.0074 counts_per_rad=2025 servo=1
client level=warn t=275563 ev=vr.pad stats injected=180 held=0 mouse=6903,0 move=0.00,0.00 turn=0.00,0.00 trig=1.00,0.00 buttons=0x0
client level=warn t=276031 ev=vr.xr hand yaw=-0.4448 r_valid=1 r_stale=0 r_fwd=0.586,-0.779,-0.222 r_up=-0.045,-0.306,0.951 r_off=0.316,-0.417,-0.121 r_palm=0.262,-0.334,-0.129 l_valid=1 l_fwd=0.477,-0.742,0.471 l_off=0.173,0.045,-0.179 h_off=-0.154,0.090,0.023
client level=info t=276766 ev=nettick stage=sample latch=1 callbacks=26113
client level=warn t=276922 ev=vr.xr hand yaw=-0.4448 r_valid=1 r_stale=0 r_fwd=0.909,-0.358,-0.214 r_up=-0.076,-0.647,0.759 r_off=0.312,-0.396,-0.130 r_palm=0.228,-0.342,-0.132 l_valid=1 l_fwd=0.771,-0.602,0.205 l_off=0.202,0.051,-0.235 h_off=-0.155,0.066,0.014
server level=info t=277094 ev=gameplay stage=message result=ok id=4 peerstage=5
client level=warn t=277578 ev=vr.weapon callers path=getter D5D832:180 B363FA:540 B3598D:180 B40A78:0
client level=warn t=277578 ev=vr.weapon callers path=ptr D98F49:889 D7FB5C:83 DB8CB6:180 12B0A09:180 16E8861:180 D8F242:180 D8B348:180 D8B9B5:180 D8492B:33 12B2284:22 D2F672:22 D7FF2C:11 F4276C:0 CE3C40:0 B35BEE:0
client level=warn t=277578 ev=vr.weapon callers path=xform D5896F:180
client level=warn t=277594 ev=vr.probe pose in_pos=685.73,313.46,38.92 in_fwd=0.451,-0.442,0.775 in_fov=1.4242 out_pos=685.58,313.53,38.94 out_fwd=0.723,-0.690,-0.020 out_fov=1.8850
client level=warn t=277828 ev=vr.xr hand yaw=-0.4448 r_valid=1 r_stale=0 r_fwd=0.740,-0.651,0.170 r_up=0.125,0.382,0.916 r_off=0.331,-0.346,-0.062 r_palm=0.257,-0.296,-0.105 l_valid=1 l_fwd=0.651,-0.568,0.503 l_off=0.207,0.081,-0.157 h_off=-0.164,0.083,0.033
client level=warn t=277828 ev=vr.xr pose fwd=0.761,-0.640,0.104 off=-0.164,0.083,0.033 fov=1.8850 aspect=0.964
client level=warn t=278250 ev=vr.body anchor=-0.3825 head_yaw=-0.2912 body_yaw=-0.6790 error=0.0060 counts_per_rad=579 servo=1
client level=warn t=278250 ev=vr.pad stats injected=184 held=3 mouse=6929,0 move=-0.59,0.80 turn=0.00,0.00 trig=0.00,0.00 buttons=0x10
client level=warn t=278735 ev=vr.xr hand yaw=-0.4448 r_valid=1 r_stale=0 r_fwd=0.818,-0.554,0.154 r_up=-0.132,0.080,0.988 r_off=0.346,-0.324,-0.036 r_palm=0.272,-0.274,-0.081 l_valid=1 l_fwd=0.564,-0.627,0.537 l_off=0.190,0.087,-0.160 h_off=-0.164,0.072,0.020
client level=warn t=278735 ev=vr.xr submit layers=1 result=0 fov=1.8850 aspect=0.9638
client level=info t=278766 ev=nettick stage=sample latch=1 callbacks=26246
client level=warn t=279641 ev=vr.xr hand yaw=-0.4448 r_valid=1 r_stale=0 r_fwd=0.661,-0.464,0.590 r_up=-0.036,0.766,0.642 r_off=0.328,-0.304,-0.006 r_palm=0.266,-0.283,-0.081 l_valid=1 l_fwd=0.579,-0.625,0.523 l_off=0.173,0.099,-0.180 h_off=-0.127,0.052,-0.013
server level=info t=280219 ev=gameplay stage=message result=ok id=4 peerstage=5
client level=warn t=280297 ev=vr.weapon callers path=getter D5D832:180 B363FA:540 B3598D:180 B40A78:0
client level=warn t=280297 ev=vr.weapon callers path=ptr D98F49:900 D7FB5C:71 DB8CB6:180 12B0A09:180 16E8861:180 D8F242:180 D8B348:180 D8B9B5:180 D8492B:33 12B2284:23 D2F672:23 D7FF2C:11 F4276C:1 CE3C40:0 B35BEE:0
client level=warn t=280297 ev=vr.weapon callers path=xform D5896F:180
client level=warn t=280313 ev=vr.probe pose in_pos=704.32,303.92,38.92 in_fwd=0.510,-0.373,0.775 in_fov=1.5861 out_pos=704.15,304.01,38.98 out_fwd=0.786,-0.519,0.337 out_fov=1.8850
client level=warn t=280547 ev=vr.xr hand yaw=-0.4448 r_valid=1 r_stale=0 r_fwd=0.757,-0.443,0.481 r_up=0.025,0.755,0.655 r_off=0.344,-0.285,-0.014 r_palm=0.271,-0.266,-0.079 l_valid=1 l_fwd=0.540,-0.630,0.559 l_off=0.151,0.099,-0.170 h_off=-0.174,0.115,0.056
client level=warn t=280547 ev=vr.xr pose fwd=0.852,-0.328,0.409 off=-0.174,0.115,0.056 fov=1.8850 aspect=0.964
client level=info t=280766 ev=nettick stage=sample latch=1 callbacks=26378
client level=warn t=280969 ev=vr.body anchor=-0.3825 head_yaw=0.0110 body_yaw=-0.3250 error=-0.0319 counts_per_rad=579 servo=1
client level=warn t=280969 ev=vr.pad stats injected=186 held=1 mouse=6730,0 move=-0.21,0.98 turn=0.00,0.00 trig=0.00,0.00 buttons=0x0
client level=warn t=281453 ev=vr.xr hand yaw=-0.4448 r_valid=1 r_stale=0 r_fwd=0.812,-0.570,0.123 r_up=-0.008,0.199,0.980 r_off=0.341,-0.332,-0.070 r_palm=0.264,-0.284,-0.111 l_valid=1 l_fwd=0.535,-0.638,0.554 l_off=0.153,0.098,-0.166 h_off=-0.147,0.064,0.006
client level=warn t=282344 ev=vr.xr hand yaw=-0.4448 r_valid=1 r_stale=0 r_fwd=0.847,-0.531,0.010 r_up=-0.160,-0.237,0.958 r_off=0.330,-0.360,-0.093 r_palm=0.255,-0.303,-0.122 l_valid=1 l_fwd=0.546,-0.638,0.543 l_off=0.156,0.100,-0.171 h_off=-0.133,0.057,-0.005
client level=info t=282766 ev=nettick stage=sample latch=1 callbacks=26512
client level=warn t=282985 ev=vr.weapon callers path=getter D5D832:180 B363FA:540 B3598D:180 B40A78:25
client level=warn t=282985 ev=vr.weapon callers path=ptr D98F49:900 D7FB5C:75 DB8CB6:180 12B0A09:180 16E8861:180 D8F242:180 D8B348:180 D8B9B5:180 D8492B:30 12B2284:24 D2F672:24 D7FF2C:10 F4276C:2 CE3C40:0 B35BEE:0
client level=warn t=282985 ev=vr.weapon callers path=xform D5896F:180
client level=warn t=282985 ev=vr.probe pose in_pos=724.79,292.33,41.19 in_fwd=0.485,-0.404,0.775 in_fov=1.4522 out_pos=724.65,292.39,41.19 out_fwd=0.739,-0.620,-0.262 out_fov=1.8850
client level=warn t=283219 ev=vr.xr hand yaw=-0.4448 r_valid=1 r_stale=0 r_fwd=0.646,-0.696,0.312 r_up=0.039,0.438,0.898 r_off=0.319,-0.363,-0.115 r_palm=0.256,-0.310,-0.171 l_valid=1 l_fwd=0.600,-0.624,0.501 l_off=0.165,0.102,-0.180 h_off=-0.132,0.061,-0.001
client level=warn t=283219 ev=vr.xr pose fwd=0.735,-0.632,-0.245 off=-0.132,0.061,-0.001 fov=1.8850 aspect=0.964
client level=warn t=283219 ev=vr.xr submit layers=1 result=0 fov=1.8850 aspect=0.9638
server level=info t=283313 ev=gameplay stage=message result=ok id=4 peerstage=5
client level=warn t=283641 ev=vr.body anchor=-0.3825 head_yaw=-0.3668 body_yaw=-0.7392 error=-0.0089 counts_per_rad=580 servo=1
client level=warn t=283641 ev=vr.pad stats injected=194 held=1 mouse=6964,0 move=-0.14,0.45 turn=0.00,0.00 trig=0.00,0.00 buttons=0x0
client level=warn t=284110 ev=vr.xr hand yaw=-0.4448 r_valid=1 r_stale=0 r_fwd=0.751,-0.652,0.102 r_up=-0.107,0.033,0.994 r_off=0.321,-0.360,-0.108 r_palm=0.253,-0.299,-0.148 l_valid=1 l_fwd=0.604,-0.649,0.462 l_off=0.164,0.090,-0.190 h_off=-0.144,0.069,0.015
client level=info t=284766 ev=nettick stage=sample latch=1 callbacks=26648
client level=warn t=285016 ev=vr.xr hand yaw=-0.4448 r_valid=1 r_stale=0 r_fwd=0.882,-0.453,0.130 r_up=-0.335,-0.410,0.848 r_off=0.306,-0.366,-0.044 r_palm=0.233,-0.310,-0.082 l_valid=1 l_fwd=0.562,-0.656,0.504 l_off=0.148,0.100,-0.199 h_off=-0.149,0.060,0.010
client level=warn t=285656 ev=vr.weapon callers path=getter D5D832:180 B363FA:540 B3598D:180 B40A78:0
client level=warn t=285656 ev=vr.weapon callers path=ptr D98F49:900 D7FB5C:65 DB8CB6:180 12B0A09:180 16E8861:180 D8F242:180 D8B348:180 D8B9B5:180 D8492B:34 12B2284:25 D2F672:25 D7FF2C:10 F4276C:0 CE3C40:0 B35BEE:0
client level=warn t=285656 ev=vr.weapon callers path=xform D5896F:180
client level=warn t=285656 ev=vr.probe pose in_pos=735.39,281.95,32.28 in_fwd=0.428,-0.464,0.775 in_fov=1.4242 out_pos=735.24,282.02,32.29 out_fwd=0.683,-0.724,-0.097 out_fov=1.8850
client level=warn t=285906 ev=vr.xr hand yaw=-0.4448 r_valid=1 r_stale=0 r_fwd=0.846,-0.508,-0.160 r_up=0.155,-0.054,0.986 r_off=0.347,-0.336,-0.127 r_palm=0.262,-0.286,-0.142 l_valid=1 l_fwd=0.579,-0.625,0.523 l_off=0.145,0.108,-0.200 h_off=-0.143,0.073,0.015
client level=warn t=285906 ev=vr.xr pose fwd=0.721,-0.687,-0.097 off=-0.143,0.073,0.015 fov=1.8850 aspect=0.964
client level=warn t=286313 ev=vr.body anchor=-0.3825 head_yaw=-0.3530 body_yaw=-0.7445 error=0.0082 counts_per_rad=631 servo=1
client level=warn t=286313 ev=vr.pad stats injected=200 held=1 mouse=6966,0 move=-0.14,0.99 turn=0.00,0.00 trig=0.00,0.00 buttons=0x0
server level=info t=286422 ev=gameplay stage=message result=ok id=4 peerstage=5
client level=info t=286766 ev=nettick stage=sample latch=1 callbacks=26781
client level=warn t=286813 ev=vr.xr hand yaw=-0.4448 r_valid=1 r_stale=0 r_fwd=0.918,-0.397,-0.001 r_up=0.067,0.153,0.986 r_off=0.402,-0.209,-0.089 r_palm=0.313,-0.176,-0.118 l_valid=1 l_fwd=0.602,-0.597,0.530 l_off=0.112,0.118,-0.205 h_off=-0.137,0.086,0.016
client level=warn t=287735 ev=vr.xr hand yaw=-0.4448 r_valid=1 r_stale=0 r_fwd=0.948,-0.316,-0.036 r_up=0.137,0.303,0.943 r_off=0.452,-0.123,-0.106 r_palm=0.357,-0.102,-0.131 l_valid=1 l_fwd=0.643,-0.542,0.541 l_off=0.101,0.100,-0.157 h_off=-0.174,-0.008,0.008
client level=warn t=287735 ev=vr.xr submit layers=1 result=0 fov=1.8850 aspect=0.9638
client level=warn t=288375 ev=vr.weapon callers path=getter D5D832:180 B363FA:540 B3598D:180 B40A78:35
client level=warn t=288375 ev=vr.weapon callers path=ptr D98F49:900 D7FB5C:63 DB8CB6:180 12B0A09:180 16E8861:180 D8F242:180 D8B348:180 D8B9B5:180 D8492B:36 12B2284:41 D2F672:41 D7FF2C:9 F4276C:0 CE3C40:18 B35BEE:0
client level=warn t=288375 ev=vr.weapon callers path=xform D5896F:180
client level=warn t=288375 ev=vr.probe pose in_pos=751.37,272.77,28.56 in_fwd=0.584,-0.194,0.788 in_fov=1.4242 out_pos=751.21,272.75,28.57 out_fwd=0.942,-0.320,-0.101 out_fov=1.8850
client level=warn t=288625 ev=vr.xr hand yaw=-0.4448 r_valid=1 r_stale=0 r_fwd=0.991,-0.134,-0.011 r_up=0.021,0.072,0.997 r_off=0.435,-0.104,-0.118 r_palm=0.340,-0.093,-0.147 l_valid=1 l_fwd=0.630,-0.579,0.518 l_off=0.106,0.108,-0.199 h_off=-0.139,0.028,0.007
client level=warn t=288625 ev=vr.xr pose fwd=0.923,-0.360,-0.133 off=-0.139,0.028,0.007 fov=1.8850 aspect=0.964
client level=info t=288766 ev=nettick stage=sample latch=1 callbacks=26913
client level=warn t=289031 ev=vr.body anchor=-0.3825 head_yaw=0.0455 body_yaw=-0.3663 error=0.0231 counts_per_rad=583 servo=1
client level=warn t=289031 ev=vr.pad stats injected=219 held=2 mouse=6745,0 move=-0.38,0.93 turn=0.00,0.00 trig=0.00,0.00 buttons=0x0
client level=warn t=289500 ev=vr.xr hand yaw=-0.4448 r_valid=1 r_stale=0 r_fwd=0.990,-0.077,0.118 r_up=-0.078,0.393,0.916 r_off=0.430,-0.084,-0.126 r_palm=0.338,-0.089,-0.165 l_valid=1 l_fwd=0.598,-0.509,0.619 l_off=0.098,0.128,-0.187 h_off=-0.123,0.058,-0.000
server level=info t=289516 ev=gameplay stage=message result=ok id=4 peerstage=5
client level=warn t=290391 ev=vr.xr hand yaw=-0.4448 r_valid=1 r_stale=0 r_fwd=0.991,-0.011,0.135 r_up=-0.112,0.502,0.858 r_off=0.425,-0.027,-0.138 r_palm=0.335,-0.041,-0.176 l_valid=1 l_fwd=0.619,-0.480,0.622 l_off=0.103,0.135,-0.185 h_off=-0.128,0.064,0.008
client level=info t=290766 ev=nettick stage=sample latch=1 callbacks=27047
client level=warn t=291063 ev=vr.weapon callers path=getter D5D832:180 B363FA:540 B3598D:180 B40A78:5
client level=warn t=291063 ev=vr.weapon callers path=ptr D98F49:900 D7FB5C:61 DB8CB6:180 12B0A09:180 16E8861:180 D8F242:180 D8B348:180 D8B9B5:180 D8492B:32 12B2284:25 D2F672:24 D7FF2C:8 F4276C:2 CE3C40:63 B35BEE:0
client level=warn t=291063 ev=vr.weapon callers path=xform D5896F:180
client level=warn t=291078 ev=vr.probe pose in_pos=770.64,272.47,25.86 in_fwd=0.592,0.220,0.775 in_fov=1.4242 out_pos=770.50,272.53,25.87 out_fwd=0.919,0.394,0.004 out_fov=1.8850
client level=warn t=291313 ev=vr.xr hand yaw=-0.4448 r_valid=1 r_stale=0 r_fwd=0.962,0.120,0.247 r_up=-0.274,0.465,0.842 r_off=0.404,0.066,-0.127 r_palm=0.321,0.040,-0.176 l_valid=1 l_fwd=0.576,-0.590,0.566 l_off=0.089,0.100,-0.171 h_off=-0.138,0.038,0.012
client level=warn t=291313 ev=vr.xr pose fwd=0.925,0.379,0.035 off=-0.138,0.038,0.012 fov=1.8850 aspect=0.964
client level=warn t=291766 ev=vr.body anchor=-0.3825 head_yaw=0.6650 body_yaw=0.2836 error=-0.0002 counts_per_rad=579 servo=1
client level=warn t=291766 ev=vr.pad stats injected=224 held=1 mouse=6373,0 move=-0.03,1.00 turn=0.00,0.00 trig=0.00,0.00 buttons=0x0
client level=warn t=292250 ev=vr.xr hand yaw=-0.4448 r_valid=1 r_stale=0 r_fwd=0.947,0.089,0.308 r_up=-0.317,0.387,0.866 r_off=0.402,0.048,-0.095 r_palm=0.321,0.028,-0.150 l_valid=1 l_fwd=0.567,-0.635,0.525 l_off=0.085,0.101,-0.177 h_off=-0.166,0.038,0.037
client level=warn t=292250 ev=vr.xr submit layers=1 result=0 fov=1.8850 aspect=0.9638
server level=info t=292610 ev=gameplay stage=message result=ok id=4 peerstage=5
client level=info t=292766 ev=nettick stage=sample latch=1 callbacks=27178
client level=warn t=293141 ev=vr.xr hand yaw=-0.4448 r_valid=1 r_stale=0 r_fwd=0.886,0.017,0.463 r_up=-0.388,0.574,0.721 r_off=0.394,0.040,-0.047 r_palm=0.321,0.021,-0.113 l_valid=1 l_fwd=0.576,-0.616,0.537 l_off=0.086,0.103,-0.177 h_off=-0.146,0.022,0.013
client level=warn t=293797 ev=vr.weapon callers path=getter D5D832:180 B363FA:540 B3598D:180 B40A78:0
client level=warn t=293797 ev=vr.weapon callers path=ptr D98F49:900 D7FB5C:72 DB8CB6:180 12B0A09:180 16E8861:180 D8F242:180 D8B348:180 D8B9B5:180 D8492B:42 12B2284:24 D2F672:23 D7FF2C:10 F4276C:2 CE3C40:180 B35BEE:0
client level=warn t=293797 ev=vr.weapon callers path=xform D5896F:180
client level=warn t=293813 ev=vr.probe pose in_pos=790.31,278.82,21.59 in_fwd=0.592,0.222,0.775 in_fov=1.4242 out_pos=790.16,278.88,21.61 out_fwd=0.934,0.356,-0.004 out_fov=1.8850
client level=warn t=294031 ev=vr.xr hand yaw=-0.4448 r_valid=1 r_stale=0 r_fwd=0.859,0.314,0.405 r_up=-0.504,0.367,0.782 r_off=0.356,0.124,-0.044 r_palm=0.289,0.083,-0.106 l_valid=1 l_fwd=0.666,-0.369,0.648 l_off=0.112,0.158,-0.151 h_off=-0.148,0.061,0.015
client level=warn t=294031 ev=vr.xr pose fwd=0.961,0.276,-0.006 off=-0.148,0.061,0.015 fov=1.8850 aspect=0.964
client level=warn t=294469 ev=vr.body anchor=-0.3825 head_yaw=0.4004 body_yaw=0.0520 error=-0.0295 counts_per_rad=578 servo=1
client level=warn t=294469 ev=vr.pad stats injected=229 held=2 mouse=6512,0 move=-0.37,0.93 turn=0.00,0.00 trig=0.00,0.00 buttons=0x0
client level=info t=294766 ev=nettick stage=sample latch=1 callbacks=27311
client level=warn t=294953 ev=vr.xr hand yaw=-0.4448 r_valid=1 r_stale=0 r_fwd=0.896,0.212,0.390 r_up=-0.390,-0.041,0.920 r_off=0.313,0.060,-0.087 r_palm=0.240,0.041,-0.151 l_valid=1 l_fwd=0.618,-0.542,0.570 l_off=0.109,0.100,-0.208 h_off=-0.127,0.075,0.013
server level=info t=295703 ev=gameplay stage=message result=ok id=4 peerstage=5
client level=warn t=295875 ev=vr.xr hand yaw=0.6960 r_valid=1 r_stale=0 r_fwd=0.474,0.852,0.224 r_up=-0.001,-0.254,0.967 r_off=0.136,0.059,-0.289 r_palm=0.091,-0.015,-0.339 l_valid=1 l_fwd=0.870,0.077,0.487 l_off=-0.015,0.054,-0.279 h_off=-0.121,-0.087,0.018
client level=warn t=296516 ev=vr.weapon callers path=getter D5D832:180 B363FA:540 B3598D:180 B40A78:0
client level=warn t=296516 ev=vr.weapon callers path=ptr D98F49:900 D7FB5C:62 DB8CB6:180 12B0A09:180 16E8861:180 D8F242:180 D8B348:180 D8B9B5:180 D8492B:34 12B2284:22 D2F672:22 D7FF2C:9 F4276C:0 CE3C40:180 B35BEE:0
client level=warn t=296516 ev=vr.weapon callers path=xform D5896F:180
client level=warn t=296531 ev=vr.probe pose in_pos=796.94,287.16,19.86 in_fwd=0.536,0.334,0.775 in_fov=1.4242 out_pos=796.84,287.05,19.88 out_fwd=0.853,0.521,-0.020 out_fov=1.8850
client level=warn t=296766 ev=vr.xr hand yaw=0.6981 r_valid=1 r_stale=0 r_fwd=0.637,0.652,0.412 r_up=-0.044,-0.502,0.864 r_off=0.303,0.112,-0.090 r_palm=0.243,0.065,-0.155 l_valid=1 l_fwd=0.890,0.201,0.410 l_off=-0.022,0.101,-0.262 h_off=-0.102,-0.115,0.022
client level=warn t=296766 ev=vr.xr pose fwd=0.853,0.522,0.003 off=-0.102,-0.115,0.022 fov=1.8850 aspect=0.964
client level=warn t=296766 ev=vr.xr submit layers=1 result=0 fov=1.8850 aspect=0.9638
client level=info t=296766 ev=nettick stage=sample latch=1 callbacks=27444
client level=warn t=297172 ev=vr.body anchor=0.7604 head_yaw=-0.1790 body_yaw=0.5673 error=0.0142 counts_per_rad=583 servo=1
client level=warn t=297172 ev=vr.pad stats injected=234 held=1 mouse=6209,0 move=-0.10,0.65 turn=0.00,0.00 trig=0.00,0.00 buttons=0x0
client level=warn t=297656 ev=vr.xr hand yaw=0.6981 r_valid=1 r_stale=0 r_fwd=0.580,0.736,0.349 r_up=-0.158,-0.318,0.935 r_off=0.306,0.146,-0.105 r_palm=0.256,0.085,-0.166 l_valid=1 l_fwd=0.883,0.240,0.403 l_off=-0.018,0.109,-0.253 h_off=-0.105,-0.110,0.020
client level=warn t=298563 ev=vr.xr hand yaw=0.6981 r_valid=1 r_stale=0 r_fwd=0.561,0.755,0.339 r_up=-0.199,-0.274,0.941 r_off=0.300,0.152,-0.112 r_palm=0.253,0.089,-0.172 l_valid=1 l_fwd=0.766,0.380,0.519 l_off=-0.021,0.132,-0.225 h_off=-0.103,-0.107,0.014
client level=info t=298766 ev=nettick stage=sample latch=1 callbacks=27576
server level=info t=298797 ev=gameplay stage=message result=ok id=4 peerstage=5
client level=warn t=299235 ev=vr.weapon callers path=getter D5D832:180 B363FA:540 B3598D:180 B40A78:0
client level=warn t=299235 ev=vr.weapon callers path=ptr D98F49:900 D7FB5C:64 DB8CB6:180 12B0A09:180 16E8861:180 D8F242:180 D8B348:180 D8B9B5:180 D8492B:40 12B2284:25 D2F672:23 D7FF2C:10 F4276C:2 CE3C40:180 B35BEE:0
client level=warn t=299235 ev=vr.weapon callers path=xform D5896F:180
client level=warn t=299250 ev=vr.probe pose in_pos=805.14,293.33,18.12 in_fwd=0.506,0.379,0.775 in_fov=1.4242 out_pos=805.02,293.23,18.13 out_fwd=0.793,0.602,-0.098 out_fov=1.8850
client level=warn t=299469 ev=vr.xr hand yaw=0.6981 r_valid=1 r_stale=0 r_fwd=0.580,0.743,0.333 r_up=-0.222,-0.249,0.943 r_off=0.304,0.175,-0.095 r_palm=0.256,0.111,-0.155 l_valid=1 l_fwd=0.568,0.411,0.713 l_off=0.161,0.219,-0.001 h_off=-0.115,-0.110,0.016
client level=warn t=299469 ev=vr.xr pose fwd=0.789,0.608,-0.089 off=-0.115,-0.110,0.016 fov=1.8850 aspect=0.964
client level=warn t=299906 ev=vr.body anchor=0.7604 head_yaw=-0.2079 body_yaw=0.5635 error=-0.0093 counts_per_rad=579 servo=1
client level=warn t=299906 ev=vr.pad stats injected=241 held=0 mouse=6211,0 move=0.00,0.00 turn=0.00,0.00 trig=0.00,0.00 buttons=0x0
client level=info t=299985 ev=retail site=84 text=networking:bandwidth: min_channels: 1 max channels: 1 max bps: 34784 avg cong bps: -1 low cong bps: -1 hi cong bps: -1 lat avg: -1 lat hi avg: 0 lat avg var: -1 pct loss: 0.00 pct loss hi avg: [0.00].
client level=info t=299985 ev=retail site=85 text=networking:bandwidth: machine [67:5C:D4:28:9F:56:8DD7] longest reception gap [136ms] longest ack gap [136ms] pct loss [0.00] disc count [0] sps [10] rps [10] bh: [y].
client level=warn t=300375 ev=vr.xr hand yaw=0.6981 r_valid=1 r_stale=0 r_fwd=0.604,0.779,0.169 r_up=0.254,-0.388,0.886 r_off=0.366,0.171,-0.097 r_palm=0.301,0.109,-0.140 l_valid=1 l_fwd=0.813,0.400,0.423 l_off=0.039,0.119,-0.209 h_off=-0.102,-0.117,0.011
server level=info t=300578 ev=ws701 stage=profile_setup result=complete
server level=info t=300578 ev=activity stage=writeback result=ok world_state=8
client level=info t=300766 ev=nettick stage=sample latch=1 callbacks=27710
client level=info t=301188 ev=retail site=80 text=networking:channel:packet_loss_stats: [dir:127.0.0.1(id=0):30992#bh64] Incoming packet read result summary - 0 ok, 0 discard, 600 discard-expected, 0 corrupt
client level=info t=301188 ev=retail site=81 text=networking:channel:packet_loss_stats: [dir:127.0.0.1(id=0):30992#bh64] Outgoing packet delivery summary - 600 delivered, 0 of those out-of-order, 0 lost - highest loss fraction seen 0.000
client level=info t=301188 ev=retail site=86 text=networking:stream_manager:retail: # 1 rx10.0/rxbps 5.8kb tx10.0/txbps32.5kb cx15.0pkts/33.0cxkbps lat=  0avg,  -1cg to=9999 aloc45.0kb max513.0kbps, loss=0.00pct loss dev 2.00pct rel=N, name=                            bh64
client level=info t=301188 ev=retail site=87 text=networking:stream_manager:retail: Local peer network quality = 1.000000/1.0, worst_axis = -1
client level=warn t=301266 ev=vr.xr hand yaw=0.6981 r_valid=1 r_stale=0 r_fwd=0.643,0.752,0.144 r_up=0.273,-0.401,0.874 r_off=0.386,0.158,-0.101 r_palm=0.316,0.098,-0.141 l_valid=1 l_fwd=0.819,0.479,0.316 l_off=0.003,0.129,-0.249 h_off=-0.102,-0.116,0.012
client level=warn t=301266 ev=vr.xr submit layers=1 result=0 fov=1.8850 aspect=0.9638
client level=warn t=301906 ev=vr.weapon callers path=getter D5D832:180 B363FA:540 B3598D:180 B40A78:0
client level=warn t=301906 ev=vr.weapon callers path=ptr D98F49:900 D7FB5C:63 DB8CB6:180 12B0A09:180 16E8861:180 D8F242:180 D8B348:180 D8B9B5:180 D8492B:36 12B2284:22 D2F672:22 D7FF2C:9 F4276C:0 CE3C40:180 B35BEE:0
client level=warn t=301906 ev=vr.weapon callers path=xform D5896F:180
server level=info t=301906 ev=gameplay stage=message result=ok id=4 peerstage=5
client level=warn t=301922 ev=vr.probe pose in_pos=806.54,295.34,20.59 in_fwd=0.552,0.307,0.775 in_fov=1.4242 out_pos=806.44,295.23,20.60 out_fwd=0.869,0.480,-0.120 out_fov=1.8850
client level=warn t=302141 ev=vr.xr hand yaw=0.6981 r_valid=1 r_stale=0 r_fwd=0.620,0.769,0.157 r_up=0.282,-0.406,0.869 r_off=0.380,0.160,-0.107 r_palm=0.312,0.099,-0.148 l_valid=1 l_fwd=0.795,0.481,0.371 l_off=-0.003,0.128,-0.246 h_off=-0.101,-0.115,0.012
client level=warn t=302141 ev=vr.xr pose fwd=0.867,0.483,-0.122 off=-0.101,-0.115,0.012 fov=1.8850 aspect=0.964
client level=warn t=302547 ev=vr.body anchor=0.7604 head_yaw=-0.2471 body_yaw=0.5082 error=0.0050 counts_per_rad=579 servo=1
client level=warn t=302547 ev=vr.pad stats injected=248 held=1 mouse=6243,0 move=-0.09,1.00 turn=0.00,0.00 trig=0.00,0.00 buttons=0x0
client level=info t=302766 ev=nettick stage=sample latch=1 callbacks=27846
client level=warn t=303031 ev=vr.xr hand yaw=0.6981 r_valid=1 r_stale=0 r_fwd=0.578,0.811,-0.093 r_up=0.311,-0.113,0.944 r_off=0.374,0.181,-0.154 r_palm=0.310,0.107,-0.174 l_valid=1 l_fwd=0.812,0.373,0.450 l_off=-0.010,0.118,-0.235 h_off=-0.102,-0.112,0.011
client level=warn t=303922 ev=vr.xr hand yaw=0.6981 r_valid=1 r_stale=0 r_fwd=0.586,0.811,0.002 r_up=0.272,-0.198,0.942 r_off=0.375,0.176,-0.146 r_palm=0.311,0.105,-0.174 l_valid=1 l_fwd=0.819,0.353,0.452 l_off=-0.011,0.114,-0.233 h_off=-0.103,-0.112,0.012
client level=warn t=304578 ev=vr.weapon callers path=getter D5D832:180 B363FA:540 B3598D:180 B40A78:0
client level=warn t=304578 ev=vr.weapon callers path=ptr D98F49:900 D7FB5C:77 DB8CB6:180 12B0A09:180 16E8861:180 D8F242:180 D8B348:180 D8B9B5:180 D8492B:41 12B2284:25 D2F672:25 D7FF2C:10 F4276C:0 CE3C40:180 B35BEE:0
client level=warn t=304578 ev=vr.weapon callers path=xform D5896F:180
client level=warn t=304578 ev=vr.probe pose in_pos=813.44,302.93,16.00 in_fwd=0.548,0.315,0.775 in_fov=1.4242 out_pos=813.33,302.82,16.01 out_fwd=0.856,0.503,-0.118 out_fov=1.8850
client level=info t=304766 ev=nettick stage=sample latch=1 callbacks=27980
client level=warn t=304813 ev=vr.xr hand yaw=0.6981 r_valid=1 r_stale=0 r_fwd=0.593,0.805,0.015 r_up=0.252,-0.204,0.946 r_off=0.375,0.174,-0.147 r_palm=0.311,0.104,-0.177 l_valid=1 l_fwd=0.818,0.350,0.457 l_off=-0.012,0.114,-0.232 h_off=-0.102,-0.112,0.012
client level=warn t=304813 ev=vr.xr pose fwd=0.857,0.502,-0.118 off=-0.102,-0.112,0.012 fov=1.8850 aspect=0.964
server level=info t=305016 ev=gameplay stage=message result=ok id=4 peerstage=5
client level=warn t=305250 ev=vr.body anchor=0.7604 head_yaw=-0.2336 body_yaw=0.5254 error=0.0017 counts_per_rad=579 servo=1
client level=warn t=305250 ev=vr.pad stats injected=255 held=2 mouse=6233,0 move=-0.56,0.83 turn=0.00,0.00 trig=0.00,0.00 buttons=0x0
client level=warn t=305735 ev=vr.xr hand yaw=0.6981 r_valid=1 r_stale=0 r_fwd=0.818,0.570,0.082 r_up=-0.044,-0.080,0.996 r_off=0.385,0.175,-0.129 r_palm=0.308,0.124,-0.167 l_valid=1 l_fwd=0.818,0.351,0.456 l_off=-0.012,0.113,-0.232 h_off=-0.102,-0.113,0.014
client level=warn t=305735 ev=vr.xr submit layers=1 result=0 fov=1.8850 aspect=0.9638
client level=warn t=306625 ev=vr.xr hand yaw=0.6981 r_valid=1 r_stale=0 r_fwd=0.810,0.567,0.151 r_up=-0.053,-0.186,0.981 r_off=0.392,0.171,-0.097 r_palm=0.317,0.122,-0.141 l_valid=1 l_fwd=0.809,0.342,0.478 l_off=-0.014,0.110,-0.229 h_off=-0.106,-0.116,0.022
client level=info t=306766 ev=nettick stage=sample latch=1 callbacks=28113
client level=warn t=307281 ev=vr.weapon callers path=getter D5D832:180 B363FA:540 B3598D:180 B40A78:0
client level=warn t=307281 ev=vr.weapon callers path=ptr D98F49:900 D7FB5C:63 DB8CB6:180 12B0A09:180 16E8861:180 D8F242:180 D8B348:180 D8B9B5:180 D8492B:39 12B2284:23 D2F672:22 D7FF2C:10 F4276C:2 CE3C40:180 B35BEE:0
client level=warn t=307281 ev=vr.weapon callers path=xform D5896F:180
client level=warn t=307297 ev=vr.probe pose in_pos=820.99,317.55,14.00 in_fwd=0.548,0.315,0.775 in_fov=1.4242 out_pos=820.87,317.43,14.02 out_fwd=0.870,0.492,0.017 out_fov=1.8850
client level=warn t=307531 ev=vr.xr hand yaw=0.6981 r_valid=1 r_stale=0 r_fwd=0.813,0.569,0.123 r_up=-0.094,-0.080,0.992 r_off=0.394,0.193,-0.052 r_palm=0.320,0.141,-0.094 l_valid=1 l_fwd=0.742,0.405,0.534 l_off=-0.023,0.125,-0.203 h_off=-0.109,-0.122,0.021
client level=warn t=307531 ev=vr.xr pose fwd=0.883,0.469,-0.016 off=-0.109,-0.122,0.021 fov=1.8850 aspect=0.964
client level=warn t=307938 ev=vr.body anchor=0.7604 head_yaw=-0.2717 body_yaw=0.4943 error=-0.0045 counts_per_rad=578 servo=1
client level=warn t=307938 ev=vr.pad stats injected=265 held=2 mouse=6251,0 move=-0.58,0.76 turn=0.00,0.00 trig=0.00,0.00 buttons=0x0
server level=info t=308110 ev=gameplay stage=message result=ok id=4 peerstage=5
client level=warn t=308422 ev=vr.xr hand yaw=0.6981 r_valid=1 r_stale=0 r_fwd=0.820,0.543,0.182 r_up=-0.045,-0.256,0.966 r_off=0.396,0.182,0.097 r_palm=0.320,0.138,0.051 l_valid=1 l_fwd=0.698,0.339,0.631 l_off=-0.044,0.101,-0.202 h_off=-0.142,-0.131,0.045
server level=info t=308641 squad_entity_retirement stage=capture_source bubble=20 accepted=0 selected=0 slots=-
client level=info t=308688 ev=probe stage=msg12 result=received client=0x1433F0CF980 slot=0 label=PRIVATE CURRENT member=0x35F900ECFC25A1B0 status=0x01FE->0x01FE flag=1
client level=info t=308688 ev=probe stage=bind client=0x1433F0CF980 established=0x9EAA300100200001 slotrec=0x143265AD9A0 roster=0x143E3B5BC80 receipt=1
client level=info t=308688 ev=probe stage=hosttail client=0x1433F0CF980 b=00000000000000000000000000000000000000000000000000000000000000000000000000000000FFFFFFFF00000000
client level=info t=308688 ev=probe stage=grant client=0x1433F0CF980 status=0x01FE pending=100 dirty=0 receipt=1
server level=info t=308703 ev=gameplay stage=advertise result=ok region=160 region_source=reported ambassador_slot=1
client level=info t=308766 ev=probe stage=msg12 result=received client=0x1433F0CF980 slot=0 label=PRIVATE CURRENT member=0x35F900ECFC25A1B0 status=0x01FE->0x01FE flag=1
client level=info t=308766 ev=probe stage=bind client=0x1433F0CF980 established=0x9EAA300100200001 slotrec=0x143265AD9A0 roster=0x143E3B5BC80 receipt=1
client level=info t=308766 ev=probe stage=msg12 result=received client=0x1433F0CF980 slot=0 label=PRIVATE CURRENT member=0x35F900ECFC25A1B0 status=0x01FE->0x01FE flag=1
client level=info t=308766 ev=probe stage=bind client=0x1433F0CF980 established=0x9EAA300100200001 slotrec=0x143265AD9A0 roster=0x143E3B5BC80 receipt=1
client level=info t=308766 ev=nettick stage=sample latch=1 callbacks=28244
client level=info t=308766 ev=retail site=80 text=networking:channel:packet_loss_stats: [dir:127.0.0.1(id=0):30992#bh64] Incoming packet read result summary - 0 ok, 0 discard, 76 discard-expected, 0 corrupt
client level=info t=308766 ev=retail site=81 text=networking:channel:packet_loss_stats: [dir:127.0.0.1(id=0):30992#bh64] Outgoing packet delivery summary - 77 delivered, 0 of those out-of-order, 0 lost - highest loss fraction seen 0.000
client level=info t=308766 ev=retail site=82 text=networking:channel: channel dir:127.0.0.1(id=0):30992#bh64(id '12') (ra: ''dir:127.0.0.1(id=0):30992'') state change connected -> closed
client level=info t=308766 ev=retail site=83 text=networking:channel_manager: channel 'dir:127.0.0.1(id=0):30992#bh64' (1): channel closed (reason=channel-manager-owners-released) because 'dir:127.0.0.1(id=0):30992' can't be reached, resetting security
server level=info t=308766 ev=gameplay stage=response result=ok wordb=5 signon=0
server level=info t=308766 ev=gameplay stage=peer result=closed reason=10
server level=info t=308813 ev=gameplay stage=connect result=ok peer=2003 local=0x00000005 remote=0x00000010 rebuilt=0
server level=info t=308813 ev=gameplay stage=establish result=queued local=0x00000005 remote=0x00000010
client level=warn t=309406 ev=vr.xr hand yaw=0.6981 r_valid=1 r_stale=0 r_fwd=0.935,0.273,0.226 r_up=-0.198,-0.127,0.972 r_off=0.448,0.080,0.177 r_palm=0.365,0.058,0.127 l_valid=1 l_fwd=0.660,0.395,0.639 l_off=-0.063,0.120,-0.208 h_off=-0.155,-0.125,0.044
server level=info t=309828 ev=gameplay stage=message result=ok id=8 peerstage=5
server level=info t=309828 ev=gameplay stage=sendqueue result=cleared packet=1 base=5 entries=0
server level=info t=309891 ev=gameplay stage=message result=ok id=40 peerstage=5
server level=info t=309891 ev=gameplay stage=view result=queued remote=1 local=1 token=0x9EAA300100200001 list=0
server level=info t=309938 ev=gameplay stage=message result=ok id=40 peerstage=5
server level=info t=309938 ev=gameplay stage=view result=queued remote=2 local=2 token=0x9EAA300100200001 list=15
server level=info t=309938 ev=gameplay stage=sendqueue result=cleared packet=7 base=7 entries=0
server level=info t=310000 ev=gameplay stage=message result=ok id=40 peerstage=5
server level=info t=310000 ev=gameplay stage=view result=queued remote=3 local=3 token=0x9EAA300100200001 list=0
server level=info t=310000 ev=gameplay stage=message result=ok id=40 peerstage=5
server level=info t=310000 ev=gameplay stage=view result=queued remote=4 local=4 token=0x9EAA300100200001 list=0
server level=info t=310000 ev=gameplay stage=sendqueue result=cleared packet=8 base=8 entries=0
server level=info t=310047 ev=gameplay stage=sendqueue result=cleared packet=9 base=9 entries=0
client level=warn t=310078 ev=vr.weapon callers path=getter D5D832:180 B363FA:540 B3598D:180 B40A78:24
client level=warn t=310078 ev=vr.weapon callers path=ptr D98F49:900 D7FB5C:62 DB8CB6:180 12B0A09:180 16E8861:189 D8F242:180 D8B348:180 D8B9B5:180 D8492B:36 12B2284:36 D2F672:36 D7FF2C:9 F4276C:1 CE3C40:180 B35BEE:0
client level=warn t=310078 ev=vr.weapon callers path=xform D5896F:180
client level=warn t=310078 ev=vr.probe pose in_pos=830.90,332.36,12.13 in_fwd=0.624,0.053,0.779 in_fov=1.4242 out_pos=830.76,332.22,12.17 out_fwd=0.945,0.071,0.319 out_fov=1.8850
server level=info t=310141 ev=gameplay stage=message result=ok id=40 peerstage=5
server level=warn t=310141 ev=gameplay stage=view result=refused remote=5 local=0 token=0x9EAA300100200001 list=0
client level=warn t=310344 ev=vr.xr hand yaw=0.6981 r_valid=1 r_stale=0 r_fwd=0.940,0.155,0.304 r_up=-0.286,-0.127,0.950 r_off=0.475,0.001,0.177 r_palm=0.395,-0.010,0.120 l_valid=1 l_fwd=0.644,0.398,0.654 l_off=-0.065,0.122,-0.210 h_off=-0.148,-0.137,0.046
client level=warn t=310344 ev=vr.xr pose fwd=0.947,0.054,0.317 off=-0.148,-0.137,0.046 fov=1.8850 aspect=0.964
client level=warn t=310344 ev=vr.xr submit layers=1 result=0 fov=1.8850 aspect=0.9638
client level=info t=310688 ev=probe stage=hosttail client=0x1433F0CF980 b=00000000000000000000000000000000000000000000000000000000000000000000000000000000FFFFFFFF00000000
client level=info t=310688 ev=probe stage=grant client=0x1433F0CF980 status=0x01FE pending=0 dirty=0 receipt=1
client level=info t=310766 ev=nettick stage=sample latch=1 callbacks=28371
client level=warn t=310781 ev=vr.body anchor=0.7604 head_yaw=-0.6723 body_yaw=0.0709 error=0.0152 counts_per_rad=612 servo=1
client level=warn t=310781 ev=vr.pad stats injected=276 held=2 mouse=6493,0 move=-0.39,0.92 turn=0.00,0.00 trig=1.00,0.00 buttons=0x0
client level=warn t=311281 ev=vr.xr hand yaw=0.6981 r_valid=1 r_stale=0 r_fwd=0.960,0.092,0.263 r_up=-0.230,-0.274,0.934 r_off=0.529,-0.096,0.123 r_palm=0.445,-0.096,0.070 l_valid=1 l_fwd=0.632,0.415,0.655 l_off=-0.068,0.127,-0.210 h_off=-0.147,-0.128,0.043
server level=info t=311719 ev=gameplay stage=message result=ok id=4 peerstage=5
client level=warn t=312250 ev=vr.xr hand yaw=0.6981 r_valid=1 r_stale=0 r_fwd=0.957,0.119,0.264 r_up=-0.246,-0.152,0.957 r_off=0.528,-0.117,0.127 r_palm=0.444,-0.124,0.073 l_valid=1 l_fwd=0.616,0.416,0.669 l_off=-0.072,0.129,-0.207 h_off=-0.135,-0.139,0.042
client level=info t=312688 ev=probe stage=hosttail client=0x1433F0CF980 b=00000000000000000000000000000000000000000000000000000000000000000000000000000000FFFFFFFF00000000
client level=info t=312688 ev=probe stage=grant client=0x1433F0CF980 status=0x01FE pending=0 dirty=0 receipt=1
client level=info t=312781 ev=nettick stage=sample latch=1 callbacks=28497
client level=warn t=312922 ev=vr.weapon callers path=getter D5D832:180 B363FA:540 B3598D:180 B40A78:8
client level=warn t=312922 ev=vr.weapon callers path=ptr D98F49:852 D7FB5C:69 DB8CB6:180 12B0A09:180 16E8861:180 D8F242:180 D8B348:180 D8B9B5:180 D8492B:44 12B2284:26 D2F672:26 D7FF2C:11 F4276C:0 CE3C40:180 B35BEE:0
client level=warn t=312922 ev=vr.weapon callers path=xform D5896F:180
client level=warn t=312938 ev=vr.probe pose in_pos=841.24,342.97,11.37 in_fwd=0.629,-0.053,0.775 in_fov=0.6474 out_pos=841.12,342.84,11.41 out_fwd=0.974,-0.071,0.215 out_fov=1.8850
client level=warn t=313172 ev=vr.xr hand yaw=0.6981 r_valid=1 r_stale=0 r_fwd=0.973,-0.046,0.226 r_up=-0.229,-0.092,0.969 r_off=0.535,-0.243,0.093 r_palm=0.449,-0.236,0.043 l_valid=1 l_fwd=0.619,0.445,0.647 l_off=-0.076,0.138,-0.218 h_off=-0.117,-0.134,0.038
client level=warn t=313172 ev=vr.xr pose fwd=0.973,-0.079,0.218 off=-0.117,-0.134,0.038 fov=1.8850 aspect=0.964
client level=warn t=313625 ev=vr.body anchor=0.7604 head_yaw=-0.8458 body_yaw=-0.0792 error=-0.0051 counts_per_rad=1230 servo=1
client level=warn t=313625 ev=vr.pad stats injected=285 held=2 mouse=6677,0 move=-0.38,0.93 turn=0.00,0.00 trig=1.00,1.00 buttons=0x0
server level=info t=314125 ev=gameplay stage=message result=ok id=4 peerstage=5
client level=warn t=314125 ev=vr.xr hand yaw=0.6981 r_valid=1 r_stale=0 r_fwd=0.989,-0.129,0.069 r_up=-0.083,-0.102,0.991 r_off=0.559,-0.267,0.042 r_palm=0.467,-0.252,0.006 l_valid=1 l_fwd=0.616,0.448,0.648 l_off=-0.077,0.140,-0.220 h_off=-0.113,-0.141,0.033
client level=info t=314688 ev=probe stage=hosttail client=0x1433F0CF980 b=00000000000000000000000000000000000000000000000000000000000000000000000000000000FFFFFFFF00000000
client level=info t=314688 ev=probe stage=grant client=0x1433F0CF980 status=0x01FE pending=0 dirty=0 receipt=1
client level=info t=314781 ev=nettick stage=sample latch=1 callbacks=28626
client level=warn t=315047 ev=vr.xr hand yaw=0.6981 r_valid=1 r_stale=0 r_fwd=0.984,0.166,-0.063 r_up=0.102,-0.238,0.966 r_off=0.531,-0.213,-0.066 r_palm=0.434,-0.222,-0.089 l_valid=1 l_fwd=0.620,0.421,0.663 l_off=-0.076,0.137,-0.216 h_off=-0.102,-0.138,0.025
client level=warn t=315047 ev=vr.xr submit layers=1 result=0 fov=1.8850 aspect=0.9638
client level=warn t=315703 ev=vr.weapon callers path=getter D5D832:180 B363FA:540 B3598D:180 B40A78:16
client level=warn t=315703 ev=vr.weapon callers path=ptr D98F49:884 D7FB5C:54 DB8CB6:180 12B0A09:180 16E8861:180 D8F242:180 D8B348:180 D8B9B5:180 D8492B:40 12B2284:31 D2F672:30 D7FF2C:10 F4276C:0 CE3C40:17 B35BEE:0
client level=warn t=315703 ev=vr.weapon callers path=xform D5896F:180
client level=warn t=315719 ev=vr.probe pose in_pos=855.35,345.07,11.74 in_fwd=0.617,0.140,0.775 in_fov=1.4242 out_pos=855.24,344.95,11.76 out_fwd=0.982,0.184,-0.038 out_fov=1.8850
client level=warn t=315969 ev=vr.xr hand yaw=0.6981 r_valid=1 r_stale=0 r_fwd=0.843,0.511,0.167 r_up=0.073,-0.416,0.906 r_off=0.416,0.047,-0.124 r_palm=0.334,0.011,-0.167 l_valid=1 l_fwd=0.635,0.334,0.696 l_off=-0.072,0.121,-0.220 h_off=-0.097,-0.140,0.005
client level=warn t=315969 ev=vr.xr pose fwd=0.988,-0.087,-0.125 off=-0.097,-0.140,0.005 fov=1.8850 aspect=0.964
client level=warn t=316391 ev=vr.body anchor=0.7604 head_yaw=-0.7829 body_yaw=-0.0295 error=0.0045 counts_per_rad=580 servo=1
client level=warn t=316391 ev=vr.pad stats injected=294 held=1 mouse=6667,0 move=0.24,0.97 turn=0.00,0.00 trig=0.00,0.00 buttons=0x0
client level=info t=316688 ev=probe stage=hosttail client=0x1433F0CF980 b=00000000000000000000000000000000000000000000000000000000000000000000000000000000FFFFFFFF00000000
client level=info t=316688 ev=probe stage=grant client=0x1433F0CF980 status=0x01FE pending=0 dirty=0 receipt=1
client level=info t=316781 ev=nettick stage=sample latch=1 callbacks=28756
client level=warn t=316891 ev=vr.xr hand yaw=0.6981 r_valid=1 r_stale=0 r_fwd=0.761,0.059,0.646 r_up=-0.182,0.975,0.125 r_off=0.541,-0.131,-0.076 r_palm=0.474,-0.166,-0.141 l_valid=1 l_fwd=0.667,0.306,0.680 l_off=-0.062,0.113,-0.223 h_off=-0.098,-0.140,0.018
server level=info t=317250 ev=gameplay stage=message result=ok id=4 peerstage=5
client level=warn t=317828 ev=vr.xr hand yaw=0.6981 r_valid=1 r_stale=0 r_fwd=0.332,0.004,0.943 r_up=0.119,0.992,-0.046 r_off=0.488,-0.253,0.196 r_palm=0.453,-0.284,0.108 l_valid=1 l_fwd=0.647,0.322,0.692 l_off=-0.069,0.113,-0.231 h_off=-0.129,-0.145,0.019
client level=warn t=318485 ev=vr.weapon callers path=getter D5D832:180 B363FA:540 B3598D:180 B40A78:0
client level=warn t=318485 ev=vr.weapon callers path=ptr D98F49:900 D7FB5C:48 DB8CB6:180 12B0A09:180 16E8861:180 D8F242:180 D8B348:180 D8B9B5:180 D8492B:30 12B2284:25 D2F672:23 D7FF2C:7 F4276C:0 CE3C40:0 B35BEE:0
client level=warn t=318485 ev=vr.weapon callers path=xform D5896F:180
client level=warn t=318485 ev=vr.probe pose in_pos=874.43,342.59,11.60 in_fwd=0.608,-0.169,0.775 in_fov=1.4242 out_pos=874.31,342.44,11.63 out_fwd=0.964,-0.259,0.067 out_fov=1.8850
client level=info t=318688 ev=probe stage=hosttail client=0x1433F0CF980 b=00000000000000000000000000000000000000000000000000000000000000000000000000000000FFFFFFFF00000000
client level=info t=318688 ev=probe stage=grant client=0x1433F0CF980 status=0x01FE pending=0 dirty=0 receipt=1
client level=warn t=318735 ev=vr.xr hand yaw=0.6981 r_valid=1 r_stale=0 r_fwd=0.837,0.115,0.536 r_up=-0.359,-0.623,0.695 r_off=0.513,-0.263,0.091 r_palm=0.444,-0.255,0.019 l_valid=1 l_fwd=0.655,0.314,0.687 l_off=-0.070,0.113,-0.232 h_off=-0.130,-0.143,0.030
client level=warn t=318735 ev=vr.xr pose fwd=0.961,-0.226,0.157 off=-0.130,-0.143,0.030 fov=1.8850 aspect=0.964
client level=info t=318781 ev=nettick stage=sample latch=1 callbacks=28887
server level=info t=318781 ev=gameplay stage=association result=timeout
client level=warn t=319156 ev=vr.body anchor=0.7604 head_yaw=-0.9764 body_yaw=-0.2204 error=0.0070 counts_per_rad=569 servo=1
client level=warn t=319156 ev=vr.pad stats injected=296 held=1 mouse=6779,0 move=0.12,0.93 turn=0.00,0.00 trig=0.00,0.00 buttons=0x0
client level=warn t=319641 ev=vr.xr hand yaw=0.6981 r_valid=1 r_stale=0 r_fwd=0.723,-0.374,0.581 r_up=-0.543,0.212,0.812 r_off=0.503,-0.282,0.053 r_palm=0.451,-0.253,-0.027 l_valid=1 l_fwd=0.654,0.320,0.686 l_off=-0.072,0.114,-0.232 h_off=-0.130,-0.148,0.027
client level=warn t=319641 ev=vr.xr submit layers=1 result=0 fov=1.8850 aspect=0.9638
server level=info t=320360 ev=gameplay stage=message result=ok id=4 peerstage=5
client level=warn t=320578 ev=vr.xr hand yaw=0.6981 r_valid=1 r_stale=0 r_fwd=0.987,0.086,0.136 r_up=-0.099,-0.339,0.936 r_off=0.569,-0.229,0.005 r_palm=0.478,-0.227,-0.036 l_valid=1 l_fwd=0.654,0.329,0.681 l_off=-0.073,0.116,-0.235 h_off=-0.127,-0.149,0.026
client level=info t=320688 ev=probe stage=hosttail client=0x1433F0CF980 b=00000000000000000000000000000000000000000000000000000000000000000000000000000000FFFFFFFF00000000
client level=info t=320688 ev=probe stage=grant client=0x1433F0CF980 status=0x01FE pending=0 dirty=0 receipt=1
client level=info t=320781 ev=nettick stage=sample latch=1 callbacks=29017
client level=warn t=321250 ev=vr.weapon callers path=getter D5D832:180 B363FA:540 B3598D:180 B40A78:40
client level=warn t=321250 ev=vr.weapon callers path=ptr D98F49:900 D7FB5C:54 DB8CB6:180 12B0A09:180 16E8861:180 D8F242:180 D8B348:180 D8B9B5:180 D8492B:38 12B2284:42 D2F672:42 D7FF2C:9 F4276C:1 CE3C40:20 B35BEE:0
client level=warn t=321250 ev=vr.weapon callers path=xform D5896F:180
client level=warn t=321266 ev=vr.probe pose in_pos=893.26,337.92,11.21 in_fwd=0.572,-0.178,0.801 in_fov=1.4243 out_pos=893.14,337.76,11.23 out_fwd=0.953,-0.285,0.099 out_fov=1.8850
client level=warn t=321500 ev=vr.xr hand yaw=0.6342 r_valid=1 r_stale=0 r_fwd=0.910,-0.340,0.237 r_up=-0.246,0.017,0.969 r_off=0.541,-0.349,-0.008 r_palm=0.462,-0.317,-0.059 l_valid=1 l_fwd=0.683,0.217,0.697 l_off=-0.070,0.111,-0.231 h_off=-0.130,-0.145,0.025
client level=warn t=321500 ev=vr.xr pose fwd=0.947,-0.307,0.090 off=-0.130,-0.145,0.025 fov=1.8850 aspect=0.964
client level=warn t=321953 ev=vr.body anchor=0.2542 head_yaw=-0.2364 body_yaw=-0.0036 error=0.0269 counts_per_rad=577 servo=1
client level=warn t=321953 ev=vr.pad stats injected=316 held=1 mouse=6646,0 move=-0.27,0.96 turn=0.78,-0.62 trig=0.00,0.00 buttons=0x0
client level=warn t=322453 ev=vr.xr hand yaw=-0.3605 r_valid=1 r_stale=0 r_fwd=0.932,-0.016,0.363 r_up=-0.359,0.109,0.927 r_off=0.242,-0.160,-0.095 r_palm=0.165,-0.162,-0.157 l_valid=1 l_fwd=0.531,-0.509,0.677 l_off=0.049,0.107,-0.227 h_off=-0.145,0.042,0.012
client level=info t=322688 ev=probe stage=hosttail client=0x1433F0CF980 b=00000000000000000000000000000000000000000000000000000000000000000000000000000000FFFFFFFF00000000
client level=info t=322688 ev=probe stage=grant client=0x1433F0CF980 status=0x01FE pending=0 dirty=0 receipt=1
client level=info t=322781 ev=nettick stage=sample latch=1 callbacks=29145
client level=warn t=323375 ev=vr.xr hand yaw=-0.6716 r_valid=1 r_stale=0 r_fwd=0.883,-0.256,0.393 r_up=-0.308,0.315,0.898 r_off=0.150,-0.184,-0.108 r_palm=0.075,-0.169,-0.173 l_valid=1 l_fwd=0.343,-0.659,0.669 l_off=0.070,0.078,-0.233 h_off=-0.140,0.118,0.050
server level=info t=323469 ev=gameplay stage=message result=ok id=4 peerstage=5
client level=warn t=324063 ev=vr.weapon callers path=getter D5D832:180 B363FA:540 B3598D:180 B40A78:0
client level=warn t=324063 ev=vr.weapon callers path=ptr D98F49:900 D7FB5C:65 DB8CB6:180 12B0A09:180 16E8861:180 D8F242:180 D8B348:180 D8B9B5:180 D8492B:40 12B2284:23 D2F672:23 D7FF2C:11 F4276C:0 CE3C40:0 B35BEE:0
client level=warn t=324063 ev=vr.weapon callers path=xform D5896F:180
client level=warn t=324078 ev=vr.probe pose in_pos=910.97,324.55,10.46 in_fwd=0.349,-0.526,0.775 in_fov=1.6022 out_pos=910.84,324.66,10.50 out_fwd=0.517,-0.811,0.276 out_fov=1.8850
client level=warn t=324328 ev=vr.xr hand yaw=-0.6716 r_valid=1 r_stale=0 r_fwd=0.662,-0.493,0.564 r_up=-0.463,0.322,0.826 r_off=0.183,-0.270,0.093 r_palm=0.134,-0.233,0.015 l_valid=1 l_fwd=0.380,-0.639,0.669 l_off=0.078,0.083,-0.230 h_off=-0.138,0.111,0.045
client level=warn t=324328 ev=vr.xr pose fwd=0.452,-0.839,0.303 off=-0.138,0.111,0.045 fov=1.8850 aspect=0.964
client level=warn t=324328 ev=vr.xr submit layers=1 result=0 fov=1.8850 aspect=0.9638
client level=info t=324688 ev=probe stage=hosttail client=0x1433F0CF980 b=00000000000000000000000000000000000000000000000000000000000000000000000000000000FFFFFFFF00000000
client level=info t=324688 ev=probe stage=grant client=0x1433F0CF980 status=0x01FE pending=0 dirty=0 receipt=1
client level=warn t=324781 ev=vr.body anchor=-0.6093 head_yaw=-0.5267 body_yaw=-1.1232 error=-0.0110 counts_per_rad=579 servo=1
client level=warn t=324781 ev=vr.pad stats injected=318 held=1 mouse=7301,0 move=-1.00,0.09 turn=0.00,0.00 trig=0.00,0.00 buttons=0x0
client level=info t=324781 ev=nettick stage=sample latch=1 callbacks=29272
client level=warn t=325266 ev=vr.xr hand yaw=-0.6716 r_valid=1 r_stale=0 r_fwd=0.441,-0.806,0.394 r_up=-0.222,0.327,0.919 r_off=0.166,-0.378,0.206 r_palm=0.131,-0.311,0.141 l_valid=1 l_fwd=0.461,-0.612,0.643 l_off=0.095,0.091,-0.249 h_off=-0.111,0.149,0.046
client level=warn t=326188 ev=vr.xr hand yaw=-0.6716 r_valid=1 r_stale=0 r_fwd=0.425,-0.835,0.349 r_up=-0.154,0.313,0.937 r_off=0.161,-0.393,0.213 r_palm=0.125,-0.323,0.151 l_valid=1 l_fwd=0.445,-0.611,0.655 l_off=0.092,0.092,-0.249 h_off=-0.116,0.149,0.049
server level=info t=326563 ev=gameplay stage=message result=ok id=4 peerstage=5
client level=info t=326688 ev=probe stage=hosttail client=0x1433F0CF980 b=00000000000000000000000000000000000000000000000000000000000000000000000000000000FFFFFFFF00000000
client level=info t=326688 ev=probe stage=grant client=0x1433F0CF980 status=0x01FE pending=0 dirty=0 receipt=1
client level=info t=326781 ev=nettick stage=sample latch=1 callbacks=29403
client level=warn t=326844 ev=vr.weapon callers path=getter D5D832:180 B363FA:540 B3598D:180 B40A78:8
client level=warn t=326844 ev=vr.weapon callers path=ptr D98F49:900 D7FB5C:61 DB8CB6:180 12B0A09:180 16E8861:180 D8F242:180 D8B348:180 D8B9B5:180 D8492B:44 12B2284:26 D2F672:26 D7FF2C:11 F4276C:0 CE3C40:4 B35BEE:0
client level=warn t=326844 ev=vr.weapon callers path=xform D5896F:180
client level=warn t=326860 ev=vr.probe pose in_pos=924.94,316.93,8.71 in_fwd=0.233,-0.584,0.777 in_fov=1.4242 out_pos=924.82,317.08,8.76 out_fwd=0.338,-0.832,0.439 out_fov=1.8850
client level=warn t=327094 ev=vr.xr hand yaw=-0.6716 r_valid=1 r_stale=0 r_fwd=0.373,-0.579,0.725 r_up=0.684,0.700,0.208 r_off=0.183,-0.392,0.167 r_palm=0.127,-0.358,0.092 l_valid=1 l_fwd=0.444,-0.612,0.655 l_off=0.093,0.092,-0.250 h_off=-0.118,0.146,0.047
client level=warn t=327094 ev=vr.xr pose fwd=0.343,-0.842,0.416 off=-0.118,0.146,0.047 fov=1.8850 aspect=0.964
client level=warn t=327531 ev=vr.body anchor=-0.6093 head_yaw=-0.5362 body_yaw=-1.1604 error=0.0115 counts_per_rad=579 servo=1
client level=warn t=327531 ev=vr.pad stats injected=321 held=2 mouse=7319,0 move=-0.94,0.35 turn=0.00,0.00 trig=0.00,0.00 buttons=0x0
client level=warn t=328016 ev=vr.xr hand yaw=-0.6716 r_valid=1 r_stale=0 r_fwd=0.863,-0.368,0.347 r_up=-0.230,0.326,0.917 r_off=0.185,-0.308,0.043 r_palm=0.110,-0.283,-0.017 l_valid=1 l_fwd=0.517,-0.592,0.619 l_off=0.106,0.092,-0.250 h_off=-0.109,0.119,0.027
client level=info t=328688 ev=probe stage=hosttail client=0x1433F0CF980 b=00000000000000000000000000000000000000000000000000000000000000000000000000000000FFFFFFFF00000000
client level=info t=328688 ev=probe stage=grant client=0x1433F0CF980 status=0x01FE pending=0 dirty=0 receipt=1
client level=info t=328781 ev=nettick stage=sample latch=1 callbacks=29533
client level=warn t=328953 ev=vr.xr hand yaw=-0.6716 r_valid=1 r_stale=0 r_fwd=0.961,-0.167,0.219 r_up=0.058,0.900,0.431 r_off=0.155,-0.253,-0.330 r_palm=0.061,-0.264,-0.364 l_valid=1 l_fwd=0.352,-0.896,0.271 l_off=0.245,-0.142,-0.339 h_off=-0.087,-0.009,-0.042
client level=warn t=328953 ev=vr.xr submit layers=1 result=0 fov=1.8850 aspect=0.9638
client level=warn t=329610 ev=vr.weapon callers path=getter D5D832:180 B363FA:540 B3598D:180 B40A78:0
client level=warn t=329610 ev=vr.weapon callers path=ptr D98F49:900 D7FB5C:60 DB8CB6:180 12B0A09:180 16E8861:180 D8F242:180 D8B348:180 D8B9B5:180 D8492B:36 12B2284:23 D2F672:23 D7FF2C:9 F4276C:0 CE3C40:0 B35BEE:0
client level=warn t=329610 ev=vr.weapon callers path=xform D5896F:180
client level=warn t=329610 ev=vr.probe pose in_pos=933.08,313.52,7.98 in_fwd=0.212,-0.595,0.775 in_fov=1.4242 out_pos=932.99,313.49,7.92 out_fwd=0.289,-0.769,-0.570 out_fov=1.8850
server level=info t=329672 ev=gameplay stage=message result=ok id=4 peerstage=5
client level=warn t=329844 ev=vr.xr hand yaw=-0.6716 r_valid=1 r_stale=0 r_fwd=0.848,-0.498,0.182 r_up=0.444,0.855,0.268 r_off=0.132,-0.350,-0.344 r_palm=0.038,-0.328,-0.369 l_valid=1 l_fwd=0.273,-0.958,-0.091 l_off=0.272,-0.187,-0.362 h_off=-0.075,-0.004,-0.055
client level=warn t=329844 ev=vr.xr pose fwd=0.348,-0.764,-0.543 off=-0.075,-0.004,-0.055 fov=1.8850 aspect=0.964
client level=warn t=330266 ev=vr.body anchor=-0.6093 head_yaw=0.7853 body_yaw=-0.4710 error=0.5793 counts_per_rad=579 servo=1
client level=warn t=330266 ev=vr.pad stats injected=323 held=0 mouse=6888,0 move=0.00,0.00 turn=0.00,0.00 trig=0.00,0.00 buttons=0x0
server level=info t=330594 ev=ws701 stage=profile_setup result=complete
server level=info t=330594 ev=activity stage=writeback result=ok world_state=8
client level=info t=330688 ev=probe stage=hosttail client=0x1433F0CF980 b=00000000000000000000000000000000000000000000000000000000000000000000000000000000FFFFFFFF00000000
client level=info t=330688 ev=probe stage=grant client=0x1433F0CF980 status=0x01FE pending=0 dirty=0 receipt=1
client level=warn t=330750 ev=vr.xr hand yaw=-0.6716 r_valid=1 r_stale=0 r_fwd=0.906,-0.415,-0.084 r_up=0.382,0.716,0.584 r_off=0.156,-0.368,-0.361 r_palm=0.058,-0.350,-0.370 l_valid=1 l_fwd=0.273,-0.958,-0.090 l_off=0.272,-0.188,-0.361 h_off=0.115,0.343,-0.042
client level=info t=330781 ev=nettick stage=sample latch=1 callbacks=29665
client level=warn t=331641 ev=vr.xr hand yaw=-0.6716 r_valid=1 r_stale=1 r_fwd=0.906,-0.415,-0.084 r_up=0.382,0.716,0.584 r_off=0.156,-0.368,-0.361 r_palm=0.058,-0.350,-0.370 l_valid=1 l_fwd=0.273,-0.958,-0.090 l_off=0.272,-0.188,-0.361 h_off=0.234,0.379,-0.090
client level=warn t=332313 ev=vr.weapon callers path=getter D5D832:180 B363FA:540 B3598D:180 B40A78:0
client level=warn t=332313 ev=vr.weapon callers path=ptr D98F49:900 D7FB5C:60 DB8CB6:180 12B0A09:180 16E8861:180 D8F242:180 D8B348:180 D8B9B5:180 D8492B:44 12B2284:23 D2F672:23 D7FF2C:11 F4276C:0 CE3C40:0 B35BEE:0
client level=warn t=332313 ev=vr.weapon callers path=xform D5896F:180
client level=warn t=332313 ev=vr.probe pose in_pos=933.08,313.52,8.00 in_fwd=0.555,0.301,0.775 in_fov=1.4242 out_pos=933.30,313.87,7.93 out_fwd=0.872,0.465,0.150 out_fov=1.8850
client level=warn t=332563 ev=vr.xr hand yaw=-0.6716 r_valid=1 r_stale=1 r_fwd=0.906,-0.415,-0.084 r_up=0.382,0.716,0.584 r_off=0.156,-0.368,-0.361 r_palm=0.058,-0.350,-0.370 l_valid=1 l_fwd=0.273,-0.958,-0.090 l_off=0.272,-0.188,-0.361 h_off=0.219,0.335,-0.066
client level=warn t=332563 ev=vr.xr pose fwd=0.921,0.380,0.090 off=0.219,0.335,-0.066 fov=1.8850 aspect=0.964
client level=info t=332688 ev=probe stage=hosttail client=0x1433F0CF980 b=00000000000000000000000000000000000000000000000000000000000000000000000000000000FFFFFFFF00000000
client level=info t=332688 ev=probe stage=grant client=0x1433F0CF980 status=0x01FE pending=0 dirty=0 receipt=1
client level=info t=332781 ev=nettick stage=sample latch=1 callbacks=29798
server level=info t=332781 ev=gameplay stage=message result=ok id=4 peerstage=5
client level=warn t=332969 ev=vr.body anchor=-0.6093 head_yaw=-0.5573 body_yaw=-0.8268 error=-0.2990 counts_per_rad=579 servo=1
client level=warn t=332969 ev=vr.pad stats injected=323 held=0 mouse=7162,0 move=0.00,0.00 turn=0.00,0.00 trig=0.00,0.00 buttons=0x0
client level=warn t=333453 ev=vr.xr hand yaw=-0.6716 r_valid=1 r_stale=1 r_fwd=0.906,-0.415,-0.084 r_up=0.382,0.716,0.584 r_off=0.156,-0.368,-0.361 r_palm=0.058,-0.350,-0.370 l_valid=1 l_fwd=0.273,-0.958,-0.090 l_off=0.272,-0.188,-0.361 h_off=-0.100,-0.066,-0.053
client level=warn t=333469 ev=vr.xr submit layers=1 result=0 fov=1.8850 aspect=0.9638
client level=warn t=334360 ev=vr.xr hand yaw=-0.6716 r_valid=1 r_stale=0 r_fwd=0.886,-0.368,-0.283 r_up=0.458,0.596,0.659 r_off=0.176,-0.359,-0.368 r_palm=0.078,-0.342,-0.361 l_valid=1 l_fwd=0.273,-0.958,-0.090 l_off=0.272,-0.188,-0.361 h_off=-0.074,0.028,-0.030
client level=info t=334688 ev=probe stage=hosttail client=0x1433F0CF980 b=00000000000000000000000000000000000000000000000000000000000000000000000000000000FFFFFFFF00000000
client level=info t=334688 ev=probe stage=grant client=0x1433F0CF980 status=0x01FE pending=0 dirty=0 receipt=1
client level=info t=334781 ev=nettick stage=sample latch=1 callbacks=29931
client level=warn t=335016 ev=vr.weapon callers path=getter D5D832:180 B363FA:540 B3598D:180 B40A78:0
client level=warn t=335016 ev=vr.weapon callers path=ptr D98F49:900 D7FB5C:54 DB8CB6:180 12B0A09:180 16E8861:180 D8F242:180 D8B348:180 D8B9B5:180 D8492B:36 12B2284:22 D2F672:22 D7FF2C:9 F4276C:0 CE3C40:0 B35BEE:0
client level=warn t=335016 ev=vr.weapon callers path=xform D5896F:180
client level=warn t=335031 ev=vr.probe pose in_pos=933.08,313.52,8.00 in_fwd=0.172,-0.608,0.775 in_fov=1.4242 out_pos=932.99,313.62,8.02 out_fwd=0.284,-0.958,0.037 out_fov=1.8850
client level=warn t=335266 ev=vr.xr hand yaw=-0.6716 r_valid=1 r_stale=0 r_fwd=0.803,-0.587,0.105 r_up=0.020,0.202,0.979 r_off=0.172,-0.456,-0.059 r_palm=0.096,-0.407,-0.099 l_valid=1 l_fwd=0.273,-0.958,-0.090 l_off=0.272,-0.188,-0.361 h_off=-0.095,0.099,0.006
client level=warn t=335266 ev=vr.xr pose fwd=0.249,-0.968,-0.042 off=-0.095,0.099,0.006 fov=1.8850 aspect=0.964
client level=warn t=335688 ev=vr.body anchor=-0.6093 head_yaw=-0.6543 body_yaw=-1.2674 error=0.0030 counts_per_rad=579 servo=1
client level=warn t=335688 ev=vr.pad stats injected=323 held=0 mouse=7383,0 move=0.00,0.00 turn=0.00,0.00 trig=0.00,0.00 buttons=0x0
server level=info t=335875 ev=gameplay stage=message result=ok id=4 peerstage=5
client level=warn t=336156 ev=vr.xr hand yaw=-0.6716 r_valid=1 r_stale=0 r_fwd=0.602,-0.480,0.637 r_up=0.696,0.707,-0.126 r_off=0.217,-0.442,-0.063 r_palm=0.139,-0.418,-0.119 l_valid=1 l_fwd=0.273,-0.958,-0.090 l_off=0.272,-0.188,-0.361 h_off=-0.114,0.097,0.014
client level=info t=336688 ev=probe stage=hosttail client=0x1433F0CF980 b=00000000000000000000000000000000000000000000000000000000000000000000000000000000FFFFFFFF00000000
client level=info t=336688 ev=probe stage=grant client=0x1433F0CF980 status=0x01FE pending=0 dirty=0 receipt=1
client level=info t=336781 ev=nettick stage=sample latch=1 callbacks=30065
client level=warn t=337047 ev=vr.xr hand yaw=-0.6716 r_valid=1 r_stale=0 r_fwd=0.955,0.056,0.290 r_up=-0.240,-0.424,0.873 r_off=0.162,-0.403,-0.080 r_palm=0.079,-0.396,-0.133 l_valid=1 l_fwd=0.273,-0.958,-0.090 l_off=0.272,-0.188,-0.361 h_off=-0.109,0.087,0.002
client level=warn t=337750 ev=vr.weapon callers path=getter D5D832:180 B363FA:540 B3598D:180 B40A78:0
client level=warn t=337750 ev=vr.weapon callers path=ptr D98F49:900 D7FB5C:66 DB8CB6:180 12B0A09:180 16E8861:180 D8F242:180 D8B348:180 D8B9B5:180 D8492B:44 12B2284:23 D2F672:23 D7FF2C:11 F4276C:0 CE3C40:0 B35BEE:0
client level=warn t=337750 ev=vr.weapon callers path=xform D5896F:180
client level=warn t=337750 ev=vr.probe pose in_pos=933.08,313.52,7.99 in_fwd=0.340,-0.532,0.775 in_fov=1.4242 out_pos=932.98,313.61,8.00 out_fwd=0.580,-0.814,-0.025 out_fov=1.8850
client level=warn t=337985 ev=vr.xr hand yaw=-0.6716 r_valid=1 r_stale=0 r_fwd=0.812,-0.560,0.161 r_up=-0.123,0.106,0.987 r_off=0.327,-0.327,-0.041 r_palm=0.254,-0.277,-0.086 l_valid=1 l_fwd=0.273,-0.958,-0.090 l_off=0.272,-0.188,-0.361 h_off=-0.115,0.111,0.024
client level=warn t=337985 ev=vr.xr pose fwd=0.599,-0.798,0.071 off=-0.115,0.111,0.024 fov=1.8850 aspect=0.964
client level=warn t=337985 ev=vr.xr submit layers=1 result=0 fov=1.8850 aspect=0.9638
client level=warn t=338422 ev=vr.body anchor=-0.6093 head_yaw=-0.4026 body_yaw=-1.0107 error=-0.0024 counts_per_rad=579 servo=1
client level=warn t=338422 ev=vr.pad stats injected=324 held=0 mouse=7234,0 move=0.00,0.00 turn=0.00,0.00 trig=0.00,1.00 buttons=0x0
client level=info t=338688 ev=probe stage=hosttail client=0x1433F0CF980 b=00000000000000000000000000000000000000000000000000000000000000000000000000000000FFFFFFFF00000000
client level=info t=338688 ev=probe stage=grant client=0x1433F0CF980 status=0x01FE pending=0 dirty=0 receipt=1
client level=info t=338797 ev=nettick stage=sample latch=1 callbacks=30196
client level=warn t=338906 ev=vr.xr hand yaw=-0.6716 r_valid=1 r_stale=0 r_fwd=0.591,-0.761,0.268 r_up=0.034,0.356,0.934 r_off=0.332,-0.346,-0.047 r_palm=0.275,-0.284,-0.100 l_valid=1 l_fwd=0.273,-0.958,-0.090 l_off=0.272,-0.188,-0.361 h_off=-0.111,0.124,0.024
server level=info t=338985 ev=gameplay stage=message result=ok id=4 peerstage=5
client level=warn t=339813 ev=vr.xr hand yaw=-0.6716 r_valid=1 r_stale=0 r_fwd=0.587,-0.675,0.447 r_up=0.421,0.726,0.544 r_off=0.341,-0.343,-0.070 r_palm=0.273,-0.301,-0.128 l_valid=1 l_fwd=0.273,-0.958,-0.090 l_off=0.272,-0.188,-0.361 h_off=-0.110,0.118,0.021
client level=warn t=340469 ev=vr.weapon callers path=getter D5D832:180 B363FA:540 B3598D:180 B40A78:2
client level=warn t=340469 ev=vr.weapon callers path=ptr D98F49:900 D7FB5C:66 DB8CB6:180 12B0A09:180 16E8861:180 D8F242:180 D8B348:180 D8B9B5:180 D8492B:44 12B2284:23 D2F672:23 D7FF2C:11 F4276C:0 CE3C40:138 B35BEE:0
client level=warn t=340469 ev=vr.weapon callers path=xform D5896F:180
client level=warn t=340469 ev=vr.probe pose in_pos=933.08,313.52,7.99 in_fwd=0.336,-0.485,0.807 in_fov=1.4242 out_pos=932.98,313.63,8.01 out_fwd=0.580,-0.814,0.030 out_fov=1.8850
client level=warn t=340719 ev=vr.xr hand yaw=-0.6716 r_valid=1 r_stale=0 r_fwd=0.825,-0.564,0.033 r_up=0.025,0.095,0.995 r_off=0.340,-0.341,-0.095 r_palm=0.261,-0.291,-0.128 l_valid=1 l_fwd=0.273,-0.958,-0.090 l_off=0.272,-0.188,-0.361 h_off=-0.102,0.118,0.016
client level=warn t=340719 ev=vr.xr pose fwd=0.613,-0.790,-0.002 off=-0.102,0.118,0.016 fov=1.8850 aspect=0.964
client level=info t=340797 ev=nettick stage=sample latch=1 callbacks=30329
client level=warn t=341141 ev=vr.body anchor=-0.6093 head_yaw=-0.1847 body_yaw=-0.8103 error=0.0157 counts_per_rad=579 servo=1
client level=warn t=341141 ev=vr.pad stats injected=325 held=0 mouse=7113,0 move=0.00,0.00 turn=0.00,0.00 trig=0.00,0.00 buttons=0x0
client level=warn t=341625 ev=vr.xr hand yaw=-0.6716 r_valid=1 r_stale=0 r_fwd=0.903,-0.424,0.069 r_up=-0.177,-0.222,0.959 r_off=0.321,-0.348,-0.078 r_palm=0.240,-0.301,-0.114 l_valid=1 l_fwd=0.273,-0.958,-0.090 l_off=0.272,-0.188,-0.361 h_off=-0.094,0.111,0.006
server level=info t=342078 ev=gameplay stage=message result=ok id=4 peerstage=5
client level=warn t=342531 ev=vr.xr hand yaw=-0.6716 r_valid=1 r_stale=0 r_fwd=0.873,-0.382,0.304 r_up=-0.405,-0.218,0.888 r_off=0.283,-0.366,-0.046 r_palm=0.212,-0.323,-0.102 l_valid=1 l_fwd=0.273,-0.958,-0.090 l_off=0.272,-0.188,-0.361 h_off=-0.101,0.097,0.005
client level=warn t=342531 ev=vr.xr submit layers=1 result=0 fov=1.8850 aspect=0.9638
client level=info t=342797 ev=nettick stage=sample latch=1 callbacks=30461
client level=warn t=343203 ev=vr.weapon callers path=getter D5D832:180 B363FA:540 B3598D:180 B40A78:0
client level=warn t=343203 ev=vr.weapon callers path=ptr D98F49:900 D7FB5C:57 DB8CB6:180 12B0A09:180 16E8861:180 D8F242:180 D8B348:180 D8B9B5:180 D8492B:36 12B2284:23 D2F672:23 D7FF2C:9 F4276C:0 CE3C40:180 B35BEE:0
client level=warn t=343203 ev=vr.weapon callers path=xform D5896F:180
client level=warn t=343203 ev=vr.probe pose in_pos=933.08,313.52,7.99 in_fwd=0.467,-0.360,0.807 in_fov=1.4242 out_pos=932.96,313.65,8.03 out_fwd=0.796,-0.513,0.321 out_fov=1.8850
client level=warn t=343453 ev=vr.xr hand yaw=-0.6716 r_valid=1 r_stale=0 r_fwd=0.810,-0.270,0.520 r_up=0.075,0.928,0.365 r_off=0.326,-0.279,-0.020 r_palm=0.247,-0.281,-0.080 l_valid=1 l_fwd=0.273,-0.958,-0.090 l_off=0.272,-0.188,-0.361 h_off=-0.147,0.121,0.043
client level=warn t=343453 ev=vr.xr pose fwd=0.777,-0.554,0.299 off=-0.147,0.121,0.043 fov=1.8850 aspect=0.964
client level=warn t=343891 ev=vr.body anchor=-0.6093 head_yaw=-0.4203 body_yaw=-1.0090 error=-0.0165 counts_per_rad=579 servo=1
client level=warn t=343891 ev=vr.pad stats injected=327 held=0 mouse=7234,0 move=0.00,0.00 turn=0.00,0.00 trig=0.00,0.00 buttons=0x0
client level=warn t=344375 ev=vr.xr hand yaw=-0.6716 r_valid=1 r_stale=0 r_fwd=0.511,-0.272,0.816 r_up=0.699,0.684,-0.210 r_off=0.285,-0.368,0.032 r_palm=0.215,-0.362,-0.039 l_valid=1 l_fwd=0.273,-0.958,-0.090 l_off=0.272,-0.188,-0.361 h_off=-0.160,0.098,0.028
client level=info t=344797 ev=nettick stage=sample latch=1 callbacks=30592
server level=info t=345188 ev=gameplay stage=message result=ok id=4 peerstage=5
client level=warn t=345281 ev=vr.xr hand yaw=-0.6716 r_valid=1 r_stale=0 r_fwd=0.470,-0.686,0.556 r_up=-0.039,0.613,0.789 r_off=0.184,-0.449,0.063 r_palm=0.141,-0.402,-0.013 l_valid=1 l_fwd=0.273,-0.958,-0.090 l_off=0.272,-0.188,-0.361 h_off=-0.167,0.099,0.031
client level=warn t=345938 ev=vr.weapon callers path=getter D5D832:180 B363FA:540 B3598D:180 B40A78:0
client level=warn t=345938 ev=vr.weapon callers path=ptr D98F49:900 D7FB5C:69 DB8CB6:180 12B0A09:180 16E8861:180 D8F242:180 D8B348:180 D8B9B5:180 D8492B:48 12B2284:22 D2F672:22 D7FF2C:12 F4276C:0 CE3C40:180 B35BEE:0
client level=warn t=345938 ev=vr.weapon callers path=xform D5896F:180
client level=warn t=345953 ev=vr.probe pose in_pos=933.08,313.52,7.99 in_fwd=0.130,-0.576,0.807 in_fov=1.4242 out_pos=932.92,313.60,8.01 out_fwd=0.210,-0.975,0.067 out_fov=1.8850
client level=warn t=346203 ev=vr.xr hand yaw=-0.6716 r_valid=1 r_stale=0 r_fwd=0.596,-0.766,-0.240 r_up=0.336,-0.033,0.941 r_off=0.170,-0.505,-0.054 r_palm=0.104,-0.431,-0.060 l_valid=1 l_fwd=0.273,-0.958,-0.090 l_off=0.272,-0.188,-0.361 h_off=-0.166,0.094,0.032
client level=warn t=346203 ev=vr.xr pose fwd=0.209,-0.968,0.140 off=-0.166,0.094,0.032 fov=1.8850 aspect=0.964
client level=info t=346860 ev=nettick stage=sample latch=1 callbacks=30701
client level=warn t=347406 ev=vr.body anchor=-0.6093 head_yaw=-0.4605 body_yaw=-1.0401 error=-0.0252 counts_per_rad=579 servo=1
client level=warn t=347406 ev=vr.pad stats injected=327 held=0 mouse=7254,0 move=0.00,0.00 turn=0.00,0.00 trig=0.00,0.00 buttons=0x0
server level=info t=348172 ev=gameplay stage=message result=ok id=4 peerstage=5
client level=warn t=348266 ev=vr.xr hand yaw=-0.6716 r_valid=1 r_stale=0 r_fwd=0.759,-0.646,0.080 r_up=-0.020,0.100,0.995 r_off=0.279,-0.376,-0.073 r_palm=0.207,-0.318,-0.110 l_valid=1 l_fwd=0.585,-0.692,0.424 l_off=0.286,-0.151,-0.147 h_off=-0.137,0.091,0.021
client level=warn t=348266 ev=vr.xr submit layers=1 result=0 fov=1.8850 aspect=0.9638
client level=info t=348860 ev=nettick stage=sample latch=1 callbacks=30783
client level=warn t=349172 ev=vr.xr hand yaw=-0.6716 r_valid=1 r_stale=0 r_fwd=0.567,-0.822,0.043 r_up=-0.128,-0.036,0.991 r_off=0.180,-0.496,-0.076 r_palm=0.130,-0.417,-0.109 l_valid=1 l_fwd=0.555,-0.686,0.471 l_off=0.276,-0.107,-0.144 h_off=-0.142,0.099,0.028
client level=warn t=349828 ev=vr.weapon callers path=getter D5D832:180 B363FA:540 B3598D:180 B40A78:0
client level=warn t=349828 ev=vr.weapon callers path=ptr D98F49:890 D7FB5C:70 DB8CB6:180 12B0A09:180 16E8861:180 D8F242:180 D8B348:180 D8B9B5:180 D8492B:44 12B2284:27 D2F672:27 D7FF2C:11 F4276C:0 CE3C40:180 B35BEE:0
client level=warn t=349828 ev=vr.weapon callers path=xform D5896F:180
client level=warn t=349828 ev=vr.probe pose in_pos=933.08,313.52,7.99 in_fwd=0.320,-0.496,0.807 in_fov=0.7121 out_pos=932.95,313.61,8.01 out_fwd=0.551,-0.834,0.017 out_fov=1.8850
client level=warn t=350078 ev=vr.xr hand yaw=-0.6716 r_valid=1 r_stale=0 r_fwd=0.550,-0.829,0.102 r_up=-0.088,0.064,0.994 r_off=0.184,-0.490,-0.063 r_palm=0.134,-0.413,-0.102 l_valid=1 l_fwd=0.569,-0.670,0.476 l_off=0.285,-0.094,-0.147 h_off=-0.136,0.097,0.023
client level=warn t=350078 ev=vr.xr pose fwd=0.552,-0.834,0.021 off=-0.136,0.097,0.023 fov=1.8850 aspect=0.964
client level=warn t=350485 ev=vr.body anchor=-0.6093 head_yaw=-0.3643 body_yaw=-0.9840 error=0.0104 counts_per_rad=1157 servo=1
client level=warn t=350485 ev=vr.pad stats injected=328 held=0 mouse=7195,0 move=0.00,0.00 turn=0.00,0.00 trig=1.00,0.00 buttons=0x0
client level=info t=350860 ev=nettick stage=sample latch=1 callbacks=30916
client level=warn t=350969 ev=vr.xr hand yaw=-0.6716 r_valid=1 r_stale=0 r_fwd=0.597,-0.787,0.157 r_up=-0.109,0.114,0.987 r_off=0.214,-0.463,-0.037 r_palm=0.160,-0.392,-0.081 l_valid=1 l_fwd=0.567,-0.676,0.470 l_off=0.281,-0.084,-0.148 h_off=-0.133,0.103,0.026
server level=info t=351188 ev=gameplay stage=message result=ok id=4 peerstage=5
client level=warn t=351891 ev=vr.xr hand yaw=-0.6716 r_valid=1 r_stale=0 r_fwd=0.558,-0.819,0.132 r_up=-0.075,0.108,0.991 r_off=0.210,-0.470,-0.049 r_palm=0.159,-0.395,-0.091 l_valid=1 l_fwd=0.557,-0.706,0.437 l_off=0.273,-0.091,-0.164 h_off=-0.135,0.095,0.022
client level=warn t=352547 ev=vr.weapon callers path=getter D5D832:180 B363FA:540 B3598D:180 B40A78:0
client level=warn t=352547 ev=vr.weapon callers path=ptr D98F49:900 D7FB5C:62 DB8CB6:180 12B0A09:180 16E8861:180 D8F242:180 D8B348:180 D8B9B5:180 D8492B:41 12B2284:23 D2F672:23 D7FF2C:10 F4276C:0 CE3C40:94 B35BEE:0
client level=warn t=352547 ev=vr.weapon callers path=xform D5896F:180
client level=warn t=352563 ev=vr.probe pose in_pos=933.08,313.52,7.99 in_fwd=0.347,-0.477,0.807 in_fov=0.7121 out_pos=932.98,313.63,8.01 out_fwd=0.578,-0.816,0.008 out_fov=1.8850
client level=warn t=352797 ev=vr.xr hand yaw=-0.6716 r_valid=1 r_stale=0 r_fwd=0.597,-0.795,0.109 r_up=-0.021,0.119,0.993 r_off=0.226,-0.453,-0.057 r_palm=0.170,-0.381,-0.097 l_valid=1 l_fwd=0.587,-0.688,0.427 l_off=0.282,-0.079,-0.189 h_off=-0.084,0.114,0.014
client level=warn t=352797 ev=vr.xr pose fwd=0.529,-0.849,0.020 off=-0.084,0.114,0.014 fov=1.8850 aspect=0.964
client level=warn t=352797 ev=vr.xr submit layers=1 result=0 fov=1.8850 aspect=0.9638
client level=info t=352860 ev=nettick stage=sample latch=1 callbacks=31048
client level=warn t=353219 ev=vr.body anchor=-0.6093 head_yaw=-0.2219 body_yaw=-0.8535 error=0.0258 counts_per_rad=1157 servo=1
client level=warn t=353219 ev=vr.pad stats injected=328 held=0 mouse=7038,0 move=0.00,0.00 turn=0.00,0.00 trig=1.00,0.00 buttons=0x0
client level=warn t=353703 ev=vr.xr hand yaw=-0.6716 r_valid=1 r_stale=0 r_fwd=0.641,-0.753,0.146 r_up=-0.029,0.166,0.986 r_off=0.242,-0.427,-0.066 r_palm=0.182,-0.360,-0.110 l_valid=1 l_fwd=0.509,-0.721,0.471 l_off=0.250,-0.055,-0.175 h_off=-0.067,0.126,0.012
server level=info t=354297 ev=gameplay stage=message result=ok id=4 peerstage=5
client level=warn t=354610 ev=vr.xr hand yaw=-0.6716 r_valid=1 r_stale=0 r_fwd=0.915,-0.402,0.023 r_up=-0.210,-0.428,0.879 r_off=0.187,-0.410,-0.200 r_palm=0.106,-0.359,-0.228 l_valid=1 l_fwd=0.513,-0.838,0.185 l_off=0.213,-0.119,-0.261 h_off=-0.142,-0.006,-0.012
client level=info t=354860 ev=nettick stage=sample latch=1 callbacks=31180
client level=warn t=355281 ev=vr.weapon callers path=getter D5D832:180 B363FA:540 B3598D:180 B40A78:0
client level=warn t=355281 ev=vr.weapon callers path=ptr D98F49:880 D7FB5C:58 DB8CB6:180 12B0A09:180 16E8861:180 D8F242:180 D8B348:180 D8B9B5:180 D8492B:39 12B2284:23 D2F672:22 D7FF2C:10 F4276C:1 CE3C40:0 B35BEE:0
client level=warn t=355281 ev=vr.weapon callers path=xform D5896F:180
client level=warn t=355297 ev=vr.probe pose in_pos=933.08,313.52,7.99 in_fwd=0.391,-0.442,0.807 in_fov=1.4242 out_pos=932.98,313.55,7.98 out_fwd=0.640,-0.713,-0.286 out_fov=1.8850
client level=warn t=355531 ev=vr.xr hand yaw=-0.6716 r_valid=1 r_stale=0 r_fwd=0.857,-0.460,0.233 r_up=0.389,0.874,0.291 r_off=0.166,-0.329,-0.316 r_palm=0.073,-0.311,-0.346 l_valid=1 l_fwd=0.458,-0.855,0.246 l_off=0.217,-0.156,-0.325 h_off=-0.083,0.033,-0.022
client level=warn t=355531 ev=vr.xr pose fwd=0.612,-0.709,-0.351 off=-0.083,0.033,-0.022 fov=1.8850 aspect=0.964
client level=warn t=355953 ev=vr.body anchor=-0.6093 head_yaw=0.1853 body_yaw=-0.5901 error=0.1290 counts_per_rad=579 servo=1
client level=warn t=355953 ev=vr.pad stats injected=331 held=0 mouse=6885,0 move=0.00,0.00 turn=0.00,0.00 trig=0.00,0.00 buttons=0x0
client level=warn t=356438 ev=vr.xr hand yaw=-0.6716 r_valid=1 r_stale=0 r_fwd=0.879,-0.445,0.174 r_up=0.339,0.837,0.430 r_off=0.180,-0.330,-0.342 r_palm=0.087,-0.313,-0.372 l_valid=1 l_fwd=0.308,-0.947,-0.095 l_off=0.238,-0.201,-0.360 h_off=-0.053,0.134,0.026
client level=info t=356860 ev=nettick stage=sample latch=1 callbacks=31312
client level=warn t=357344 ev=vr.xr hand yaw=-0.6716 r_valid=1 r_stale=0 r_fwd=0.896,-0.406,0.180 r_up=0.304,0.855,0.420 r_off=0.180,-0.325,-0.344 r_palm=0.086,-0.312,-0.373 l_valid=1 l_fwd=0.257,-0.952,-0.167 l_off=0.224,-0.197,-0.363 h_off=-0.088,0.056,0.006
client level=warn t=357344 ev=vr.xr submit layers=1 result=0 fov=1.8850 aspect=0.9638
server level=info t=357391 ev=gameplay stage=message result=ok id=4 peerstage=5
client level=warn t=358016 ev=vr.weapon callers path=getter D5D832:180 B363FA:540 B3598D:180 B40A78:0
client level=warn t=358016 ev=vr.weapon callers path=ptr D98F49:900 D7FB5C:56 DB8CB6:180 12B0A09:180 16E8861:180 D8F242:180 D8B348:180 D8B9B5:180 D8492B:40 12B2284:23 D2F672:23 D7FF2C:10 F4276C:1 CE3C40:0 B35BEE:0
client level=warn t=358016 ev=vr.weapon callers path=xform D5896F:180
client level=warn t=358016 ev=vr.probe pose in_pos=939.10,311.98,7.52 in_fwd=0.433,-0.401,0.807 in_fov=1.4295 out_pos=939.00,312.03,7.52 out_fwd=0.732,-0.671,-0.121 out_fov=1.8850
client level=warn t=358266 ev=vr.xr hand yaw=-0.6716 r_valid=1 r_stale=0 r_fwd=0.895,-0.404,0.189 r_up=0.301,0.860,0.412 r_off=0.180,-0.325,-0.343 r_palm=0.086,-0.312,-0.374 l_valid=1 l_fwd=0.209,-0.977,-0.045 l_off=0.222,-0.189,-0.342 h_off=-0.094,0.048,0.003
client level=warn t=358266 ev=vr.xr pose fwd=0.749,-0.653,-0.109 off=-0.094,0.048,0.003 fov=1.8850 aspect=0.964
client level=warn t=358688 ev=vr.body anchor=-0.6093 head_yaw=-0.1028 body_yaw=-0.7196 error=0.0078 counts_per_rad=579 servo=1
client level=warn t=358688 ev=vr.pad stats injected=335 held=2 mouse=6986,0 move=-0.52,0.86 turn=0.00,0.00 trig=0.00,0.00 buttons=0x0
client level=info t=358860 ev=nettick stage=sample latch=1 callbacks=31444
client level=warn t=359156 ev=vr.xr hand yaw=-0.6716 r_valid=1 r_stale=0 r_fwd=0.904,-0.377,0.203 r_up=0.279,0.879,0.386 r_off=0.180,-0.320,-0.343 r_palm=0.086,-0.311,-0.374 l_valid=1 l_fwd=0.207,-0.978,-0.020 l_off=0.219,-0.187,-0.344 h_off=-0.094,0.049,0.005
client level=info t=360000 ev=retail site=84 text=networking:bandwidth: min_channels: 0 max channels: 1 max bps: 68736 avg cong bps: -1 low cong bps: -1 hi cong bps: -1 lat avg: -1 lat hi avg: 0 lat avg var: -1 pct loss: 0.00 pct loss hi avg: [0.00].
client level=info t=360000 ev=retail site=85 text=networking:bandwidth: machine [6F:32:D0:3B:73:FF:DEFC] longest reception gap [171ms] longest ack gap [171ms] pct loss [0.00] disc count [0] sps [10] rps [10] bh: [y].
client level=warn t=360063 ev=vr.xr hand yaw=-0.6716 r_valid=1 r_stale=0 r_fwd=0.918,-0.338,0.207 r_up=0.242,0.891,0.383 r_off=0.181,-0.313,-0.343 r_palm=0.087,-0.307,-0.374 l_valid=1 l_fwd=0.023,-0.951,0.307 l_off=0.196,-0.178,-0.331 h_off=-0.093,0.053,0.006
server level=info t=360485 ev=gameplay stage=message result=ok id=4 peerstage=5
client level=warn t=360750 ev=vr.weapon callers path=getter D5D832:180 B363FA:540 B3598D:180 B40A78:26
client level=warn t=360750 ev=vr.weapon callers path=ptr D98F49:900 D7FB5C:66 DB8CB6:180 12B0A09:180 16E8861:180 D8F242:180 D8B348:180 D8B9B5:180 D8492B:44 12B2284:24 D2F672:24 D7FF2C:11 F4276C:2 CE3C40:0 B35BEE:0
client level=warn t=360750 ev=vr.weapon callers path=xform D5896F:180
client level=warn t=360750 ev=vr.probe pose in_pos=960.61,301.86,12.20 in_fwd=0.500,-0.314,0.807 in_fov=1.6022 out_pos=960.50,301.89,12.21 out_fwd=0.842,-0.538,-0.033 out_fov=1.8850
server level=info t=360828 ev=ws701 stage=profile_setup result=complete
server level=info t=360828 ev=activity stage=writeback result=ok world_state=8
client level=info t=360860 ev=nettick stage=sample latch=1 callbacks=31574
client level=warn t=361000 ev=vr.xr hand yaw=-0.5062 r_valid=1 r_stale=0 r_fwd=0.976,-0.106,0.189 r_up=0.012,0.897,0.441 r_off=0.221,-0.271,-0.339 r_palm=0.128,-0.288,-0.371 l_valid=1 l_fwd=0.213,-0.862,0.459 l_off=0.227,-0.139,-0.322 h_off=-0.110,0.042,0.016
client level=warn t=361000 ev=vr.xr pose fwd=0.834,-0.550,0.039 off=-0.110,0.042,0.016 fov=1.8850 aspect=0.964
client level=info t=361188 ev=retail site=80 text=networking:channel:packet_loss_stats: [dir:127.0.0.1(id=0):30976#bh64] Incoming packet read result summary - 8 ok, 0 discard, 534 discard-expected, 0 corrupt
client level=info t=361188 ev=retail site=81 text=networking:channel:packet_loss_stats: [dir:127.0.0.1(id=0):30976#bh64] Outgoing packet delivery summary - 537 delivered, 0 of those out-of-order, 0 lost - highest loss fraction seen 0.000
client level=info t=361188 ev=retail site=86 text=networking:stream_manager:retail: # 0 rx10.0/rxbps 5.8kb tx10.0/txbps32.7kb cx15.0pkts/33.0cxkbps lat=  0avg,  -1cg to=9999 aloc45.0kb max513.0kbps, loss=0.00pct loss dev 2.00pct rel=N, name=                            bh64
client level=info t=361188 ev=retail site=87 text=networking:stream_manager:retail: Local peer network quality = 1.000000/1.0, worst_axis = -1
client level=warn t=361422 ev=vr.body anchor=-0.4551 head_yaw=-0.1336 body_yaw=-0.5852 error=-0.0038 counts_per_rad=579 servo=1
client level=warn t=361422 ev=vr.pad stats injected=342 held=1 mouse=6908,0 move=0.12,0.99 turn=0.00,0.00 trig=0.00,0.00 buttons=0x0
client level=warn t=361906 ev=vr.xr hand yaw=-0.5173 r_valid=1 r_stale=0 r_fwd=0.976,-0.082,0.204 r_up=-0.004,0.920,0.392 r_off=0.221,-0.264,-0.340 r_palm=0.129,-0.284,-0.371 l_valid=1 l_fwd=0.221,-0.880,0.420 l_off=0.225,-0.144,-0.325 h_off=-0.111,0.055,0.028
client level=warn t=361906 ev=vr.xr submit layers=1 result=0 fov=1.8850 aspect=0.9638
client level=warn t=362828 ev=vr.xr hand yaw=-0.5173 r_valid=1 r_stale=0 r_fwd=0.942,-0.172,0.287 r_up=0.034,0.903,0.429 r_off=0.223,-0.275,-0.327 r_palm=0.132,-0.286,-0.367 l_valid=1 l_fwd=0.218,-0.882,0.417 l_off=0.226,-0.142,-0.325 h_off=-0.114,0.052,0.018
client level=info t=362860 ev=nettick stage=sample latch=1 callbacks=31706
client level=warn t=363500 ev=vr.weapon callers path=getter D5D832:180 B363FA:540 B3598D:180 B40A78:0
client level=warn t=363500 ev=vr.weapon callers path=ptr D98F49:900 D7FB5C:66 DB8CB6:180 12B0A09:180 16E8861:180 D8F242:180 D8B348:180 D8B9B5:180 D8492B:41 12B2284:25 D2F672:25 D7FF2C:10 F4276C:0 CE3C40:0 B35BEE:0
client level=warn t=363500 ev=vr.weapon callers path=xform D5896F:180
client level=warn t=363500 ev=vr.probe pose in_pos=981.33,294.72,10.54 in_fwd=0.409,-0.425,0.807 in_fov=1.6022 out_pos=981.21,294.75,10.55 out_fwd=0.677,-0.733,-0.062 out_fov=1.8850
server level=info t=363594 ev=gameplay stage=message result=ok id=4 peerstage=5
client level=warn t=363750 ev=vr.xr hand yaw=-0.5173 r_valid=1 r_stale=0 r_fwd=0.865,-0.175,0.471 r_up=-0.216,0.718,0.662 r_off=0.320,-0.285,-0.011 r_palm=0.245,-0.290,-0.075 l_valid=1 l_fwd=0.209,-0.885,0.416 l_off=0.226,-0.143,-0.327 h_off=-0.124,0.033,0.004
client level=warn t=363750 ev=vr.xr pose fwd=0.633,-0.765,-0.119 off=-0.124,0.033,0.004 fov=1.8850 aspect=0.964
client level=warn t=364156 ev=vr.body anchor=-0.4551 head_yaw=-0.3903 body_yaw=-0.8544 error=0.0085 counts_per_rad=579 servo=1
client level=warn t=364156 ev=vr.pad stats injected=343 held=2 mouse=7064,0 move=-0.39,0.92 turn=0.00,0.00 trig=0.00,0.00 buttons=0x0
client level=warn t=364656 ev=vr.xr hand yaw=-0.5173 r_valid=1 r_stale=0 r_fwd=0.584,0.020,0.811 r_up=-0.614,0.664,0.426 r_off=0.293,-0.241,0.044 r_palm=0.256,-0.263,-0.046 l_valid=1 l_fwd=0.207,-0.886,0.416 l_off=0.226,-0.142,-0.327 h_off=-0.128,0.039,0.018
client level=info t=364860 ev=nettick stage=sample latch=1 callbacks=31837
client level=info t=365110 ev=retail site=48 text=world_controller:slice_set_transition_manager: Stopping transition of type 'transitioning:normal_z_leg' due to preempted
client level=info t=365110 ev=bootflow stage=region result=forced slice_set=32
client level=info t=365110 ev=retail site=47 text=world_controller:slice_set_transition_manager: Starting a new transition of type 'transitioning:normal_z_leg' to 'PRV32.32 (HASH: 0x22723fad)'; token advanced to 004
server level=info t=365141 ev=gameplay stage=advertise result=ok region=32 region_source=reported ambassador_slot=1
server level=info t=365156 ev=gameplay stage=activityhost result=allocated session=0x9EAA30010020000B group=0x50289AC367E1BA0F generation=10 port=30994 held=10
client level=info t=365172 ev=probe stage=msg12 result=received client=0x1433F0CF980 slot=0 label=PRIVATE CURRENT member=0x35F900ECFC25A1B0 status=0x01FE->0x01FE flag=1
client level=info t=365172 ev=probe stage=bind client=0x1433F0CF980 established=0x9EAA300100200001 slotrec=0x143265AD9A0 roster=0x143E3B5BC80 receipt=1
client level=info t=365172 ev=probe stage=hosttail client=0x1433F0CF980 b=00000000000000000000000000000000000000000000000000000000000000000000000000000000FFFFFFFF00000000
client level=info t=365172 ev=probe stage=grant client=0x1433F0CF980 status=0x01FE pending=0 dirty=0 receipt=1
client level=info t=365172 ev=retail site=80 text=networking:channel:packet_loss_stats: [dir:127.0.0.1(id=0):30976#bh64] Incoming packet read result summary - 0 ok, 0 discard, 40 discard-expected, 0 corrupt
client level=info t=365172 ev=retail site=81 text=networking:channel:packet_loss_stats: [dir:127.0.0.1(id=0):30976#bh64] Outgoing packet delivery summary - 40 delivered, 0 of those out-of-order, 0 lost - highest loss fraction seen 0.000
client level=info t=365172 ev=retail site=82 text=networking:channel: channel dir:127.0.0.1(id=0):30976#bh64(id '16') (ra: ''dir:127.0.0.1(id=0):30976'') state change connected -> closed
client level=info t=365172 ev=retail site=83 text=networking:channel_manager: channel 'dir:127.0.0.1(id=0):30976#bh64' (0): channel closed (reason=channel-manager-owners-released) because 'dir:127.0.0.1(id=0):30976' can't be reached, resetting security
server level=warn t=365188 ev=mission_script stage=attach result=no_activity_link session=11433003384888623115
server level=info t=365188 ev=gameplay stage=peer result=closed reason=10
server level=info t=365188 ev=gameplay stage=response result=ok wordb=6 signon=0
server level=info t=365203 ev=gameplay stage=connect result=ok peer=2003 local=0x00000006 remote=0x00000014 rebuilt=0
server level=info t=365203 ev=gameplay stage=establish result=queued local=0x00000006 remote=0x00000014
client level=warn t=365625 ev=vr.xr hand yaw=-0.5173 r_valid=1 r_stale=0 r_fwd=0.588,0.035,0.808 r_up=-0.488,0.813,0.320 r_off=0.300,-0.230,0.037 r_palm=0.259,-0.258,-0.049 l_valid=1 l_fwd=0.223,-0.884,0.410 l_off=0.229,-0.143,-0.328 h_off=-0.126,0.045,0.021
server level=info t=366250 ev=gameplay stage=message result=ok id=8 peerstage=5
server level=info t=366250 ev=gameplay stage=sendqueue result=cleared packet=1 base=5 entries=0
server level=info t=366328 ev=gameplay stage=message result=ok id=40 peerstage=5
server level=info t=366328 ev=gameplay stage=view result=queued remote=1 local=1 token=0x9EAA300100200001 list=0
client level=warn t=366375 ev=vr.weapon callers path=getter D5D832:180 B363FA:540 B3598D:180 B40A78:0
client level=warn t=366375 ev=vr.weapon callers path=ptr D98F49:900 D7FB5C:30 DB8CB6:180 12B0A09:180 16E8861:180 D8F242:180 D8B348:180 D8B9B5:180 D8492B:23 12B2284:23 D2F672:23 D7FF2C:6 F4276C:0 CE3C40:0 B35BEE:0
client level=warn t=366375 ev=vr.weapon callers path=xform D5896F:180
client level=warn t=366375 ev=vr.probe pose in_pos=998.06,282.73,13.67 in_fwd=0.338,-0.484,0.807 in_fov=1.4242 out_pos=997.92,282.78,13.70 out_fwd=0.543,-0.822,0.173 out_fov=1.8850
server level=info t=366375 ev=gameplay stage=message result=ok id=40 peerstage=5
server level=info t=366375 ev=gameplay stage=view result=queued remote=2 local=2 token=0x9EAA300100200001 list=15
server level=info t=366391 ev=gameplay stage=sendqueue result=cleared packet=7 base=7 entries=0
server level=info t=366422 ev=gameplay stage=message result=ok id=40 peerstage=5
server level=info t=366422 ev=gameplay stage=view result=queued remote=3 local=3 token=0x9EAA300100200001 list=0
server level=info t=366422 ev=gameplay stage=message result=ok id=40 peerstage=5
server level=info t=366422 ev=gameplay stage=view result=queued remote=4 local=4 token=0x9EAA300100200001 list=0
server level=info t=366422 ev=gameplay stage=sendqueue result=cleared packet=8 base=8 entries=0
server level=info t=366500 ev=gameplay stage=sendqueue result=cleared packet=9 base=9 entries=0
server level=info t=366578 ev=gameplay stage=message result=ok id=40 peerstage=5
server level=warn t=366578 ev=gameplay stage=view result=refused remote=5 local=0 token=0x9EAA300100200001 list=0
client level=warn t=366656 ev=vr.xr hand yaw=-0.5173 r_valid=1 r_stale=0 r_fwd=0.567,-0.665,0.487 r_up=-0.488,0.205,0.848 r_off=0.252,-0.381,0.063 r_palm=0.213,-0.324,-0.009 l_valid=1 l_fwd=0.305,-0.800,0.516 l_off=0.237,-0.142,-0.317 h_off=-0.134,0.057,0.029
client level=warn t=366656 ev=vr.xr pose fwd=0.382,-0.907,0.179 off=-0.134,0.057,0.029 fov=1.8850 aspect=0.964
client level=warn t=366656 ev=vr.xr submit layers=1 result=0 fov=1.8850 aspect=0.9638
client level=info t=366860 ev=nettick stage=sample latch=1 callbacks=31955
client level=warn t=367156 ev=vr.body anchor=-0.4551 head_yaw=-0.9523 body_yaw=-1.3798 error=-0.0236 counts_per_rad=579 servo=1
client level=warn t=367156 ev=vr.pad stats injected=348 held=2 mouse=7372,0 move=-0.60,0.80 turn=0.00,0.00 trig=0.00,0.00 buttons=0x0
client level=info t=367172 ev=probe stage=hosttail client=0x1433F0CF980 b=00000000000000000000000000000000000000000000000000000000000000000000000000000000FFFFFFFF00000000
client level=info t=367172 ev=probe stage=grant client=0x1433F0CF980 status=0x01FE pending=0 dirty=0 receipt=1
client level=warn t=367672 ev=vr.xr hand yaw=-0.5173 r_valid=1 r_stale=0 r_fwd=0.087,-0.920,0.382 r_up=-0.342,0.333,0.879 r_off=-0.200,-0.524,0.092 r_palm=-0.198,-0.447,0.030 l_valid=1 l_fwd=0.307,-0.791,0.530 l_off=0.241,-0.138,-0.315 h_off=-0.119,0.129,0.016
server level=info t=368125 ev=gameplay stage=message result=ok id=4 peerstage=5
client level=warn t=368610 ev=vr.xr hand yaw=-0.5173 r_valid=1 r_stale=0 r_fwd=0.374,-0.767,0.521 r_up=-0.059,0.541,0.839 r_off=0.008,-0.475,0.096 r_palm=-0.026,-0.418,0.021 l_valid=1 l_fwd=0.015,-0.726,0.688 l_off=0.204,-0.134,-0.313 h_off=-0.079,0.134,0.040
client level=info t=368860 ev=nettick stage=sample latch=1 callbacks=32079
client level=info t=369172 ev=probe stage=hosttail client=0x1433F0CF980 b=00000000000000000000000000000000000000000000000000000000000000000000000000000000FFFFFFFF00000000
client level=info t=369172 ev=probe stage=grant client=0x1433F0CF980 status=0x01FE pending=0 dirty=0 receipt=1
client level=warn t=369297 ev=vr.weapon callers path=getter D5D832:180 B363FA:540 B3598D:180 B40A78:0
client level=warn t=369297 ev=vr.weapon callers path=ptr D98F49:900 D7FB5C:54 DB8CB6:180 12B0A09:180 16E8861:180 D8F242:180 D8B348:180 D8B9B5:180 D8492B:33 12B2284:24 D2F672:24 D7FF2C:8 F4276C:0 CE3C40:0 B35BEE:0
client level=warn t=369297 ev=vr.weapon callers path=xform D5896F:180
client level=warn t=369297 ev=vr.probe pose in_pos=1002.72,281.41,14.62 in_fwd=0.582,0.097,0.807 in_fov=1.4242 out_pos=1002.56,281.44,14.66 out_fwd=0.888,0.139,0.438 out_fov=1.8850
client level=warn t=369547 ev=vr.xr hand yaw=-0.5173 r_valid=1 r_stale=0 r_fwd=0.913,0.311,0.263 r_up=-0.309,0.105,0.945 r_off=0.363,0.029,0.016 r_palm=0.285,-0.004,-0.038 l_valid=1 l_fwd=0.199,-0.755,0.625 l_off=0.223,-0.141,-0.317 h_off=-0.159,0.009,0.030
client level=warn t=369547 ev=vr.xr pose fwd=0.960,-0.017,0.280 off=-0.159,0.009,0.030 fov=1.8850 aspect=0.964
client level=warn t=369969 ev=vr.body anchor=-0.4551 head_yaw=-0.0010 body_yaw=-0.4173 error=-0.0290 counts_per_rad=579 servo=1
client level=warn t=369969 ev=vr.pad stats injected=349 held=0 mouse=6816,0 move=0.00,0.00 turn=0.00,0.00 trig=0.00,0.00 buttons=0x0
client level=warn t=370485 ev=vr.xr hand yaw=-0.5173 r_valid=1 r_stale=0 r_fwd=0.956,-0.244,0.161 r_up=0.184,0.931,0.315 r_off=0.218,-0.261,-0.332 r_palm=0.122,-0.266,-0.356 l_valid=1 l_fwd=0.594,-0.785,-0.178 l_off=0.310,-0.158,-0.365 h_off=-0.062,0.124,-0.001
server level=info t=370531 ev=gameplay stage=message result=ok id=4 peerstage=5
client level=info t=370860 ev=nettick stage=sample latch=1 callbacks=32208
client level=info t=371172 ev=probe stage=hosttail client=0x1433F0CF980 b=00000000000000000000000000000000000000000000000000000000000000000000000000000000FFFFFFFF00000000
client level=info t=371172 ev=probe stage=grant client=0x1433F0CF980 status=0x01FE pending=0 dirty=0 receipt=1
client level=warn t=371391 ev=vr.xr hand yaw=-0.5173 r_valid=1 r_stale=0 r_fwd=0.960,-0.269,-0.084 r_up=0.266,0.768,0.583 r_off=0.259,-0.285,-0.364 r_palm=0.160,-0.283,-0.374 l_valid=1 l_fwd=0.599,-0.796,-0.081 l_off=0.306,-0.156,-0.357 h_off=0.022,0.357,0.004
client level=warn t=371391 ev=vr.xr submit layers=1 result=0 fov=1.8850 aspect=0.9638
client level=warn t=372094 ev=vr.weapon callers path=getter D5D832:180 B363FA:540 B3598D:180 B40A78:0
client level=warn t=372094 ev=vr.weapon callers path=ptr D98F49:900 D7FB5C:65 DB8CB6:180 12B0A09:180 16E8861:180 D8F242:180 D8B348:180 D8B9B5:180 D8492B:43 12B2284:22 D2F672:22 D7FF2C:11 F4276C:0 CE3C40:0 B35BEE:0
client level=warn t=372094 ev=vr.weapon callers path=xform D5896F:180
client level=warn t=372094 ev=vr.probe pose in_pos=1002.72,281.41,14.64 in_fwd=0.457,0.373,0.807 in_fov=1.4242 out_pos=1002.94,281.87,14.54 out_fwd=0.779,0.627,-0.004 out_fov=1.8850
client level=warn t=372344 ev=vr.xr hand yaw=-0.5173 r_valid=1 r_stale=1 r_fwd=0.960,-0.269,-0.084 r_up=0.266,0.768,0.583 r_off=0.259,-0.285,-0.364 r_palm=0.160,-0.283,-0.374 l_valid=1 l_fwd=0.599,-0.796,-0.081 l_off=0.306,-0.156,-0.357 h_off=0.238,0.462,-0.107
client level=warn t=372344 ev=vr.xr pose fwd=0.776,0.631,0.008 off=0.238,0.462,-0.107 fov=1.8850 aspect=0.964
client level=warn t=372766 ev=vr.body anchor=-0.4551 head_yaw=1.2415 body_yaw=0.6885 error=0.0956 counts_per_rad=579 servo=1
client level=warn t=372766 ev=vr.pad stats injected=349 held=0 mouse=5905,0 move=0.00,0.00 turn=0.00,0.00 trig=0.00,0.00 buttons=0x0
client level=info t=372860 ev=nettick stage=sample latch=1 callbacks=32337
client level=info t=373172 ev=probe stage=hosttail client=0x1433F0CF980 b=00000000000000000000000000000000000000000000000000000000000000000000000000000000FFFFFFFF00000000
client level=info t=373172 ev=probe stage=grant client=0x1433F0CF980 status=0x01FE pending=0 dirty=0 receipt=1
client level=warn t=373360 ev=vr.xr hand yaw=-0.5173 r_valid=1 r_stale=1 r_fwd=0.960,-0.269,-0.084 r_up=0.266,0.768,0.583 r_off=0.259,-0.285,-0.364 r_palm=0.160,-0.283,-0.374 l_valid=1 l_fwd=0.599,-0.796,-0.081 l_off=0.306,-0.156,-0.357 h_off=0.201,0.467,-0.096
server level=info t=373656 ev=gameplay stage=message result=ok id=4 peerstage=5
client level=warn t=374360 ev=vr.xr hand yaw=-0.5173 r_valid=1 r_stale=1 r_fwd=0.960,-0.269,-0.084 r_up=0.266,0.768,0.583 r_off=0.259,-0.285,-0.364 r_palm=0.160,-0.283,-0.374 l_valid=1 l_fwd=0.599,-0.796,-0.081 l_off=0.306,-0.156,-0.357 h_off=0.232,0.393,-0.090
client level=info t=374860 ev=nettick stage=sample latch=1 callbacks=32455
client level=warn t=375047 ev=vr.weapon callers path=getter D5D832:180 B363FA:540 B3598D:180 B40A78:0
client level=warn t=375047 ev=vr.weapon callers path=ptr D98F49:900 D7FB5C:54 DB8CB6:180 12B0A09:21 16E8861:180 D8F242:180 D8B348:180 D8B9B5:180 D8492B:36 12B2284:24 D2F672:24 D7FF2C:9 F4276C:0 CE3C40:0 B35BEE:145
client level=warn t=375047 ev=vr.weapon callers path=xform D5896F:180
client level=warn t=375063 ev=vr.probe pose in_pos=1002.72,281.41,14.65 in_fwd=0.456,0.375,0.807 in_fov=1.4242 out_pos=1002.92,281.84,14.56 out_fwd=0.761,0.637,0.126 out_fov=1.8850
client level=info t=375172 ev=probe stage=hosttail client=0x1433F0CF980 b=00000000000000000000000000000000000000000000000000000000000000000000000000000000FFFFFFFF00000000
client level=info t=375172 ev=probe stage=grant client=0x1433F0CF980 status=0x01FE pending=0 dirty=0 receipt=1
server level=info t=375203 ev=gameplay stage=association result=timeout
client level=warn t=375297 ev=vr.xr hand yaw=-0.5173 r_valid=1 r_stale=1 r_fwd=0.960,-0.269,-0.084 r_up=0.266,0.768,0.583 r_off=0.259,-0.285,-0.364 r_palm=0.160,-0.283,-0.374 l_valid=1 l_fwd=0.599,-0.796,-0.081 l_off=0.306,-0.156,-0.357 h_off=0.198,0.434,-0.090
client level=warn t=375297 ev=vr.xr pose fwd=0.763,0.637,0.114 off=0.198,0.434,-0.090 fov=1.8850 aspect=0.964
client level=warn t=375735 ev=vr.body anchor=-0.4551 head_yaw=1.1983 body_yaw=0.6885 error=0.0543 counts_per_rad=579 servo=1
client level=warn t=375735 ev=vr.pad stats injected=349 held=0 mouse=5590,0 move=0.00,0.00 turn=0.00,0.00 trig=0.00,0.00 buttons=0x0
client level=warn t=376235 ev=vr.xr hand yaw=-0.5173 r_valid=1 r_stale=1 r_fwd=0.960,-0.269,-0.084 r_up=0.266,0.768,0.583 r_off=0.259,-0.285,-0.364 r_palm=0.160,-0.283,-0.374 l_valid=1 l_fwd=0.599,-0.796,-0.081 l_off=0.306,-0.156,-0.357 h_off=0.189,0.445,-0.092
client level=warn t=376235 ev=vr.xr submit layers=1 result=0 fov=1.8850 aspect=0.9638
server level=info t=376766 ev=gameplay stage=message result=ok id=4 peerstage=5
client level=info t=376860 ev=nettick stage=sample latch=1 callbacks=32584
client level=warn t=377156 ev=vr.xr hand yaw=-0.5173 r_valid=1 r_stale=1 r_fwd=0.960,-0.269,-0.084 r_up=0.266,0.768,0.583 r_off=0.259,-0.285,-0.364 r_palm=0.160,-0.283,-0.374 l_valid=1 l_fwd=0.599,-0.796,-0.081 l_off=0.306,-0.156,-0.357 h_off=0.210,0.422,-0.096
client level=info t=377172 ev=probe stage=hosttail client=0x1433F0CF980 b=00000000000000000000000000000000000000000000000000000000000000000000000000000000FFFFFFFF00000000
client level=info t=377172 ev=probe stage=grant client=0x1433F0CF980 status=0x01FE pending=0 dirty=0 receipt=1
client level=warn t=377860 ev=vr.weapon callers path=getter D5D832:180 B363FA:540 B3598D:180 B40A78:0
client level=warn t=377860 ev=vr.weapon callers path=ptr D98F49:900 D7FB5C:77 DB8CB6:180 12B0A09:0 16E8861:180 D8F242:180 D8B348:180 D8B9B5:180 D8492B:43 12B2284:22 D2F672:22 D7FF2C:10 F4276C:0 CE3C40:0 B35BEE:180
client level=warn t=377860 ev=vr.weapon callers path=xform D5896F:180
client level=warn t=377860 ev=vr.probe pose in_pos=1002.72,281.41,14.65 in_fwd=0.456,0.375,0.807 in_fov=1.4242 out_pos=1002.93,281.83,14.55 out_fwd=0.768,0.635,0.088 out_fov=1.8850
client level=warn t=378110 ev=vr.xr hand yaw=-0.5173 r_valid=1 r_stale=1 r_fwd=0.960,-0.269,-0.084 r_up=0.266,0.768,0.583 r_off=0.259,-0.285,-0.364 r_palm=0.160,-0.283,-0.374 l_valid=1 l_fwd=0.599,-0.796,-0.081 l_off=0.306,-0.156,-0.357 h_off=0.210,0.427,-0.095
client level=warn t=378110 ev=vr.xr pose fwd=0.765,0.637,0.092 off=0.210,0.427,-0.095 fov=1.8850 aspect=0.964
client level=warn t=378547 ev=vr.body anchor=-0.4551 head_yaw=1.1491 body_yaw=0.6885 error=0.0047 counts_per_rad=579 servo=1
client level=warn t=378547 ev=vr.pad stats injected=349 held=0 mouse=5055,0 move=0.00,0.00 turn=0.00,0.00 trig=0.00,0.00 buttons=0x0
client level=info t=378860 ev=nettick stage=sample latch=1 callbacks=32711
client level=warn t=379063 ev=vr.xr hand yaw=-0.5173 r_valid=1 r_stale=1 r_fwd=0.960,-0.269,-0.084 r_up=0.266,0.768,0.583 r_off=0.259,-0.285,-0.364 r_palm=0.160,-0.283,-0.374 l_valid=1 l_fwd=0.599,-0.796,-0.081 l_off=0.306,-0.156,-0.357 h_off=0.210,0.426,-0.095
client level=info t=379172 ev=probe stage=hosttail client=0x1433F0CF980 b=00000000000000000000000000000000000000000000000000000000000000000000000000000000FFFFFFFF00000000
client level=info t=379172 ev=probe stage=grant client=0x1433F0CF980 status=0x01FE pending=0 dirty=0 receipt=1
server level=info t=379391 ev=queuez stage=social_roster result=ok soid=0x9EAA300100100100 objects=2 bytes=176 emblem=1273 hash=0x71B4CC1A
server level=info t=379860 ev=gameplay stage=message result=ok id=4 peerstage=5
client level=warn t=380094 ev=vr.xr hand yaw=-0.5173 r_valid=1 r_stale=1 r_fwd=0.960,-0.269,-0.084 r_up=0.266,0.768,0.583 r_off=0.259,-0.285,-0.364 r_palm=0.160,-0.283,-0.374 l_valid=1 l_fwd=0.599,-0.796,-0.081 l_off=0.306,-0.156,-0.357 h_off=0.209,0.426,-0.096
client level=warn t=380750 ev=vr.weapon callers path=getter D5D832:180 B363FA:540 B3598D:180 B40A78:0
client level=warn t=380750 ev=vr.weapon callers path=ptr D98F49:900 D7FB5C:66 DB8CB6:180 12B0A09:0 16E8861:180 D8F242:180 D8B348:180 D8B9B5:180 D8492B:41 12B2284:23 D2F672:23 D7FF2C:11 F4276C:0 CE3C40:0 B35BEE:180
client level=warn t=380750 ev=vr.weapon callers path=xform D5896F:180
client level=warn t=380766 ev=vr.probe pose in_pos=1002.72,281.41,14.65 in_fwd=0.456,0.375,0.807 in_fov=1.4242 out_pos=1002.93,281.83,14.55 out_fwd=0.766,0.636,0.092 out_fov=1.8850
client level=info t=380860 ev=nettick stage=sample latch=1 callbacks=32834
client level=warn t=381016 ev=vr.xr hand yaw=-0.5173 r_valid=1 r_stale=1 r_fwd=0.960,-0.269,-0.084 r_up=0.266,0.768,0.583 r_off=0.259,-0.285,-0.364 r_palm=0.160,-0.283,-0.374 l_valid=1 l_fwd=0.599,-0.796,-0.081 l_off=0.306,-0.156,-0.357 h_off=0.210,0.426,-0.096
client level=warn t=381016 ev=vr.xr pose fwd=0.766,0.637,0.089 off=0.210,0.426,-0.096 fov=1.8850 aspect=0.964
client level=warn t=381016 ev=vr.xr submit layers=1 result=0 fov=1.8850 aspect=0.9638
client level=info t=381172 ev=probe stage=hosttail client=0x1433F0CF980 b=00000000000000000000000000000000000000000000000000000000000000000000000000000000FFFFFFFF00000000
client level=info t=381172 ev=probe stage=grant client=0x1433F0CF980 status=0x01FE pending=0 dirty=0 receipt=1
client level=warn t=381453 ev=vr.body anchor=-0.4551 head_yaw=1.1476 body_yaw=0.6885 error=0.0036 counts_per_rad=579 servo=1
client level=warn t=381453 ev=vr.pad stats injected=349 held=0 mouse=5055,0 move=0.00,0.00 turn=0.00,0.00 trig=0.00,0.00 buttons=0x0
client level=warn t=381969 ev=vr.xr hand yaw=-0.5173 r_valid=1 r_stale=1 r_fwd=0.960,-0.269,-0.084 r_up=0.266,0.768,0.583 r_off=0.259,-0.285,-0.364 r_palm=0.160,-0.283,-0.374 l_valid=1 l_fwd=0.599,-0.796,-0.081 l_off=0.306,-0.156,-0.357 h_off=0.213,0.425,-0.097
client level=info t=382860 ev=nettick stage=sample latch=1 callbacks=32958
client level=warn t=382938 ev=vr.xr hand yaw=-0.5173 r_valid=1 r_stale=1 r_fwd=0.960,-0.269,-0.084 r_up=0.266,0.768,0.583 r_off=0.259,-0.285,-0.364 r_palm=0.160,-0.283,-0.374 l_valid=1 l_fwd=0.599,-0.796,-0.081 l_off=0.306,-0.156,-0.357 h_off=0.212,0.425,-0.097
server level=info t=382953 ev=gameplay stage=message result=ok id=4 peerstage=5
client level=info t=383172 ev=probe stage=hosttail client=0x1433F0CF980 b=00000000000000000000000000000000000000000000000000000000000000000000000000000000FFFFFFFF00000000
client level=info t=383172 ev=probe stage=grant client=0x1433F0CF980 status=0x01FE pending=0 dirty=0 receipt=1
client level=warn t=383641 ev=vr.weapon callers path=getter D5D832:180 B363FA:540 B3598D:180 B40A78:0
client level=warn t=383641 ev=vr.weapon callers path=ptr D98F49:900 D7FB5C:72 DB8CB6:180 12B0A09:0 16E8861:180 D8F242:180 D8B348:180 D8B9B5:180 D8492B:46 12B2284:23 D2F672:23 D7FF2C:11 F4276C:0 CE3C40:0 B35BEE:180
client level=warn t=383641 ev=vr.weapon callers path=xform D5896F:180
client level=warn t=383641 ev=vr.probe pose in_pos=1002.72,281.41,14.65 in_fwd=0.456,0.375,0.807 in_fov=1.4242 out_pos=1002.93,281.83,14.55 out_fwd=0.769,0.634,0.083 out_fov=1.8850
server level=info t=383672 ev=queuez stage=social_roster result=ok soid=0x9EAA300100100100 objects=2 bytes=176 emblem=1273 hash=0x71B4CC1A
client level=warn t=383922 ev=vr.xr hand yaw=-0.5173 r_valid=1 r_stale=1 r_fwd=0.960,-0.269,-0.084 r_up=0.266,0.768,0.583 r_off=0.259,-0.285,-0.364 r_palm=0.160,-0.283,-0.374 l_valid=1 l_fwd=0.599,-0.796,-0.081 l_off=0.306,-0.156,-0.357 h_off=0.213,0.426,-0.097
client level=warn t=383922 ev=vr.xr pose fwd=0.768,0.635,0.082 off=0.213,0.426,-0.097 fov=1.8850 aspect=0.964
client level=warn t=384438 ev=vr.body anchor=-0.4551 head_yaw=1.1462 body_yaw=0.6885 error=0.0023 counts_per_rad=579 servo=1
client level=warn t=384438 ev=vr.pad stats injected=349 held=0 mouse=5055,0 move=0.00,0.00 turn=0.00,0.00 trig=0.00,0.00 buttons=0x0
client level=info t=384860 ev=nettick stage=sample latch=1 callbacks=33078
client level=warn t=384938 ev=vr.xr hand yaw=-0.5173 r_valid=1 r_stale=1 r_fwd=0.960,-0.269,-0.084 r_up=0.266,0.768,0.583 r_off=0.259,-0.285,-0.364 r_palm=0.160,-0.283,-0.374 l_valid=1 l_fwd=0.599,-0.796,-0.081 l_off=0.306,-0.156,-0.357 h_off=0.215,0.426,-0.098
client level=info t=385172 ev=probe stage=hosttail client=0x1433F0CF980 b=00000000000000000000000000000000000000000000000000000000000000000000000000000000FFFFFFFF00000000
client level=info t=385172 ev=probe stage=grant client=0x1433F0CF980 status=0x01FE pending=0 dirty=0 receipt=1
client level=warn t=385953 ev=vr.xr hand yaw=-0.5173 r_valid=1 r_stale=1 r_fwd=0.960,-0.269,-0.084 r_up=0.266,0.768,0.583 r_off=0.259,-0.285,-0.364 r_palm=0.160,-0.283,-0.374 l_valid=1 l_fwd=0.599,-0.796,-0.081 l_off=0.306,-0.156,-0.357 h_off=0.215,0.425,-0.099
client level=warn t=385953 ev=vr.xr submit layers=1 result=0 fov=1.8850 aspect=0.9638
server level=info t=386063 ev=gameplay stage=message result=ok id=4 peerstage=5
server level=info t=386172 ev=queuez stage=social_roster result=ok soid=0x9EAA300100100100 objects=2 bytes=176 emblem=1273 hash=0x71B4CC1A
client level=warn t=386750 ev=vr.weapon callers path=getter D5D832:180 B363FA:540 B3598D:180 B40A78:0
client level=warn t=386750 ev=vr.weapon callers path=ptr D98F49:900 D7FB5C:57 DB8CB6:180 12B0A09:0 16E8861:180 D8F242:180 D8B348:180 D8B9B5:180 D8492B:38 12B2284:25 D2F672:25 D7FF2C:10 F4276C:0 CE3C40:0 B35BEE:180
client level=warn t=386750 ev=vr.weapon callers path=xform D5896F:180
client level=warn t=386766 ev=vr.probe pose in_pos=1002.72,281.41,14.65 in_fwd=0.456,0.375,0.807 in_fov=1.4242 out_pos=1002.93,281.83,14.55 out_fwd=0.774,0.627,0.087 out_fov=1.8850
client level=info t=386860 ev=nettick stage=sample latch=1 callbacks=33194
client level=warn t=387000 ev=vr.xr hand yaw=-0.5173 r_valid=1 r_stale=1 r_fwd=0.960,-0.269,-0.084 r_up=0.266,0.768,0.583 r_off=0.259,-0.285,-0.364 r_palm=0.160,-0.283,-0.374 l_valid=1 l_fwd=0.599,-0.796,-0.081 l_off=0.306,-0.156,-0.357 h_off=0.212,0.418,-0.091
client level=warn t=387000 ev=vr.xr pose fwd=0.781,0.617,0.094 off=0.212,0.418,-0.091 fov=1.8850 aspect=0.964
client level=info t=387172 ev=probe stage=hosttail client=0x1433F0CF980 b=00000000000000000000000000000000000000000000000000000000000000000000000000000000FFFFFFFF00000000
client level=info t=387172 ev=probe stage=grant client=0x1433F0CF980 status=0x01FE pending=0 dirty=0 receipt=1
client level=warn t=387422 ev=vr.body anchor=-0.4551 head_yaw=0.9513 body_yaw=0.6885 error=-0.1711 counts_per_rad=579 servo=1
client level=warn t=387422 ev=vr.pad stats injected=349 held=0 mouse=5434,0 move=0.00,0.00 turn=0.00,0.00 trig=0.00,0.00 buttons=0x0
client level=warn t=387985 ev=vr.xr hand yaw=-0.5173 r_valid=1 r_stale=1 r_fwd=0.960,-0.269,-0.084 r_up=0.266,0.768,0.583 r_off=0.259,-0.285,-0.364 r_palm=0.160,-0.283,-0.374 l_valid=1 l_fwd=0.599,-0.796,-0.081 l_off=0.306,-0.156,-0.357 h_off=0.066,0.136,-0.019
client level=info t=388860 ev=nettick stage=sample latch=1 callbacks=33320
client level=warn t=388906 ev=vr.xr hand yaw=-0.5173 r_valid=1 r_stale=1 r_fwd=0.960,-0.269,-0.084 r_up=0.266,0.768,0.583 r_off=0.259,-0.285,-0.364 r_palm=0.160,-0.283,-0.374 l_valid=1 l_fwd=0.599,-0.796,-0.081 l_off=0.306,-0.156,-0.357 h_off=0.105,0.397,-0.037
client level=info t=389172 ev=probe stage=hosttail client=0x1433F0CF980 b=00000000000000000000000000000000000000000000000000000000000000000000000000000000FFFFFFFF00000000
client level=info t=389172 ev=probe stage=grant client=0x1433F0CF980 status=0x01FE pending=0 dirty=0 receipt=1
server level=info t=389188 ev=gameplay stage=message result=ok id=4 peerstage=5
client level=warn t=389610 ev=vr.weapon callers path=getter D5D832:180 B363FA:540 B3598D:180 B40A78:0
client level=warn t=389610 ev=vr.weapon callers path=ptr D98F49:900 D7FB5C:65 DB8CB6:180 12B0A09:2 16E8861:180 D8F242:180 D8B348:180 D8B9B5:180 D8492B:44 12B2284:23 D2F672:23 D7FF2C:11 F4276C:0 CE3C40:0 B35BEE:166
client level=warn t=389610 ev=vr.weapon callers path=xform D5896F:180
client level=warn t=389625 ev=vr.probe pose in_pos=1002.72,281.41,14.65 in_fwd=0.496,0.319,0.807 in_fov=1.4242 out_pos=1002.82,281.66,14.63 out_fwd=0.987,-0.161,-0.005 out_fov=1.8850
client level=warn t=389875 ev=vr.xr hand yaw=-0.5173 r_valid=1 r_stale=1 r_fwd=0.960,-0.269,-0.084 r_up=0.266,0.768,0.583 r_off=0.259,-0.285,-0.364 r_palm=0.160,-0.283,-0.374 l_valid=1 l_fwd=0.599,-0.796,-0.081 l_off=0.306,-0.156,-0.357 h_off=0.013,0.072,-0.018
client level=warn t=389875 ev=vr.xr pose fwd=0.674,-0.719,-0.171 off=0.013,0.072,-0.018 fov=1.8850 aspect=0.964
client level=warn t=390313 ev=vr.body anchor=-0.4551 head_yaw=-0.4031 body_yaw=-0.8545 error=-0.0053 counts_per_rad=579 servo=1
client level=warn t=390313 ev=vr.pad stats injected=349 held=0 mouse=9084,0 move=0.00,0.00 turn=0.00,0.00 trig=0.00,0.00 buttons=0x0
client level=warn t=390813 ev=vr.xr hand yaw=-0.5173 r_valid=1 r_stale=0 r_fwd=0.955,-0.281,-0.097 r_up=0.284,0.764,0.580 r_off=0.274,-0.282,-0.364 r_palm=0.175,-0.278,-0.372 l_valid=1 l_fwd=0.724,-0.685,-0.079 l_off=0.326,-0.153,-0.359 h_off=-0.052,-0.061,-0.046
client level=warn t=390813 ev=vr.xr submit layers=1 result=0 fov=1.8850 aspect=0.9638
client level=info t=390860 ev=nettick stage=sample latch=1 callbacks=33447
server level=info t=390891 ev=ws701 stage=profile_setup result=complete
server level=info t=390891 ev=activity stage=writeback result=ok world_state=8
client level=info t=391172 ev=probe stage=hosttail client=0x1433F0CF980 b=00000000000000000000000000000000000000000000000000000000000000000000000000000000FFFFFFFF00000000
client level=info t=391172 ev=probe stage=grant client=0x1433F0CF980 status=0x01FE pending=0 dirty=0 receipt=1
client level=warn t=391766 ev=vr.xr hand yaw=-0.5173 r_valid=1 r_stale=0 r_fwd=0.744,-0.627,0.231 r_up=-0.247,0.063,0.967 r_off=0.221,-0.409,-0.059 r_palm=0.157,-0.352,-0.110 l_valid=1 l_fwd=0.540,-0.824,0.170 l_off=0.231,-0.012,-0.244 h_off=-0.141,0.054,0.005
server level=info t=392281 ev=gameplay stage=message result=ok id=4 peerstage=5
client level=warn t=392453 ev=vr.weapon callers path=getter D5D832:180 B363FA:540 B3598D:180 B40A78:0
client level=warn t=392453 ev=vr.weapon callers path=ptr D98F49:900 D7FB5C:58 DB8CB6:180 12B0A09:180 16E8861:180 D8F242:180 D8B348:180 D8B9B5:180 D8492B:36 12B2284:24 D2F672:23 D7FF2C:9 F4276C:0 CE3C40:0 B35BEE:0
client level=warn t=392453 ev=vr.weapon callers path=xform D5896F:180
client level=warn t=392453 ev=vr.probe pose in_pos=1002.87,281.36,14.63 in_fwd=0.316,-0.498,0.807 in_fov=1.4242 out_pos=1002.72,281.44,14.62 out_fwd=0.556,-0.820,-0.131 out_fov=1.8850
client level=warn t=392703 ev=vr.xr hand yaw=-0.5173 r_valid=1 r_stale=0 r_fwd=0.479,-0.874,0.087 r_up=-0.076,0.057,0.995 r_off=0.250,-0.443,-0.099 r_palm=0.207,-0.361,-0.137 l_valid=1 l_fwd=0.467,-0.770,0.436 l_off=0.120,0.079,-0.292 h_off=-0.142,0.079,-0.007
client level=warn t=392703 ev=vr.xr pose fwd=0.575,-0.807,-0.137 off=-0.142,0.079,-0.007 fov=1.8850 aspect=0.964
client level=info t=392860 ev=nettick stage=sample latch=1 callbacks=33573
client level=warn t=393156 ev=vr.body anchor=-0.4551 head_yaw=-0.7513 body_yaw=-1.2070 error=-0.0037 counts_per_rad=579 servo=1
client level=warn t=393156 ev=vr.pad stats injected=353 held=0 mouse=9288,0 move=0.00,0.00 turn=0.00,0.00 trig=0.00,0.46 buttons=0x0
client level=info t=393172 ev=probe stage=hosttail client=0x1433F0CF980 b=00000000000000000000000000000000000000000000000000000000000000000000000000000000FFFFFFFF00000000
client level=info t=393172 ev=probe stage=grant client=0x1433F0CF980 status=0x01FE pending=0 dirty=0 receipt=1
client level=warn t=393656 ev=vr.xr hand yaw=-0.5173 r_valid=1 r_stale=0 r_fwd=0.960,-0.240,0.141 r_up=-0.200,-0.240,0.950 r_off=0.377,-0.247,-0.065 r_palm=0.292,-0.217,-0.107 l_valid=1 l_fwd=0.556,-0.736,0.386 l_off=0.116,0.076,-0.267 h_off=-0.141,0.074,0.006
client level=warn t=394563 ev=vr.xr hand yaw=-0.5173 r_valid=1 r_stale=0 r_fwd=0.834,-0.546,0.074 r_up=-0.124,-0.056,0.991 r_off=0.418,-0.123,-0.022 r_palm=0.342,-0.069,-0.058 l_valid=1 l_fwd=0.622,-0.597,0.507 l_off=0.116,0.092,-0.205 h_off=-0.186,0.036,0.010
client level=info t=394860 ev=nettick stage=sample latch=1 callbacks=33702
client level=warn t=395235 ev=vr.weapon callers path=getter D5D832:180 B363FA:540 B3598D:180 B40A78:0
client level=warn t=395235 ev=vr.weapon callers path=ptr D98F49:878 D7FB5C:66 DB8CB6:180 12B0A09:180 16E8861:180 D8F242:180 D8B348:180 D8B9B5:180 D8492B:44 12B2284:23 D2F672:22 D7FF2C:11 F4276C:0 CE3C40:0 B35BEE:0
client level=warn t=395235 ev=vr.weapon callers path=xform D5896F:180
client level=warn t=395250 ev=vr.probe pose in_pos=1005.98,279.71,15.37 in_fwd=0.518,-0.284,0.807 in_fov=1.1033 out_pos=1005.79,279.74,15.38 out_fwd=0.885,-0.463,0.051 out_fov=1.8850
server level=info t=395391 ev=gameplay stage=message result=ok id=4 peerstage=5
client level=warn t=395500 ev=vr.xr hand yaw=-0.5173 r_valid=1 r_stale=0 r_fwd=0.957,-0.287,0.032 r_up=-0.079,-0.152,0.985 r_off=0.423,-0.125,-0.037 r_palm=0.334,-0.093,-0.069 l_valid=1 l_fwd=0.659,-0.525,0.538 l_off=0.123,0.102,-0.211 h_off=-0.173,0.043,0.006
client level=warn t=395500 ev=vr.xr pose fwd=0.938,-0.344,0.042 off=-0.173,0.043,0.006 fov=1.8850 aspect=0.964
client level=warn t=395500 ev=vr.xr submit layers=1 result=0 fov=1.8850 aspect=0.9638
client level=warn t=395922 ev=vr.body anchor=-0.4551 head_yaw=0.2488 body_yaw=-0.1825 error=-0.0186 counts_per_rad=823 servo=1
client level=warn t=395922 ev=vr.pad stats injected=360 held=0 mouse=8623,0 move=0.00,0.00 turn=0.00,0.00 trig=1.00,0.00 buttons=0x0
client level=warn t=396422 ev=vr.xr hand yaw=-0.5173 r_valid=1 r_stale=0 r_fwd=0.992,-0.114,0.060 r_up=-0.059,0.009,0.998 r_off=0.419,-0.088,-0.045 r_palm=0.326,-0.078,-0.081 l_valid=1 l_fwd=0.665,-0.485,0.568 l_off=0.127,0.117,-0.204 h_off=-0.165,0.072,0.006
client level=info t=396860 ev=nettick stage=sample latch=1 callbacks=33833
client level=warn t=397328 ev=vr.xr hand yaw=-0.5173 r_valid=1 r_stale=0 r_fwd=0.994,0.100,0.041 r_up=0.025,-0.578,0.816 r_off=0.411,-0.136,-0.064 r_palm=0.316,-0.128,-0.092 l_valid=1 l_fwd=0.728,-0.492,0.477 l_off=0.138,0.117,-0.219 h_off=-0.161,0.036,-0.002
client level=warn t=398000 ev=vr.weapon callers path=getter D5D832:180 B363FA:540 B3598D:180 B40A78:0
client level=warn t=398000 ev=vr.weapon callers path=ptr D98F49:871 D7FB5C:66 DB8CB6:180 12B0A09:180 16E8861:180 D8F242:180 D8B348:180 D8B9B5:180 D8492B:48 12B2284:23 D2F672:23 D7FF2C:12 F4276C:0 CE3C40:0 B35BEE:0
client level=warn t=398000 ev=vr.weapon callers path=xform D5896F:180
client level=warn t=398016 ev=vr.probe pose in_pos=1007.10,278.10,14.90 in_fwd=0.119,-0.578,0.807 in_fov=1.4242 out_pos=1006.95,278.19,14.90 out_fwd=0.156,-0.987,0.026 out_fov=1.8850
client level=warn t=398266 ev=vr.xr hand yaw=-0.5173 r_valid=1 r_stale=0 r_fwd=0.394,-0.756,0.523 r_up=0.677,0.623,0.392 r_off=-0.010,-0.529,-0.051 r_palm=-0.067,-0.476,-0.112 l_valid=1 l_fwd=0.439,-0.652,0.619 l_off=0.087,0.093,-0.269 h_off=-0.171,0.108,0.007
client level=warn t=398266 ev=vr.xr pose fwd=0.132,-0.986,0.101 off=-0.171,0.108,0.007 fov=1.8850 aspect=0.964
server level=info t=398500 ev=gameplay stage=message result=ok id=4 peerstage=5
client level=warn t=398703 ev=vr.body anchor=-0.4551 head_yaw=-0.8731 body_yaw=-1.3727 error=0.0353 counts_per_rad=579 servo=1
client level=warn t=398703 ev=vr.pad stats injected=369 held=1 mouse=9322,0 move=-0.31,0.95 turn=0.00,0.00 trig=0.00,0.00 buttons=0x0
client level=info t=398860 ev=nettick stage=sample latch=1 callbacks=33961
client level=warn t=399203 ev=vr.xr hand yaw=-0.5173 r_valid=1 r_stale=0 r_fwd=0.863,-0.467,-0.195 r_up=0.180,-0.076,0.981 r_off=0.212,-0.392,-0.173 r_palm=0.125,-0.346,-0.184 l_valid=1 l_fwd=0.515,-0.597,0.615 l_off=0.120,0.112,-0.240 h_off=-0.099,0.074,-0.029
client level=warn t=400125 ev=vr.xr hand yaw=-0.3199 r_valid=1 r_stale=0 r_fwd=0.978,-0.036,0.204 r_up=-0.189,0.238,0.953 r_off=0.316,-0.202,-0.122 r_palm=0.229,-0.206,-0.170 l_valid=1 l_fwd=0.521,-0.528,0.671 l_off=0.069,0.136,-0.218 h_off=-0.143,0.084,0.016
client level=warn t=400125 ev=vr.xr submit layers=1 result=0 fov=1.8850 aspect=0.9638
client level=warn t=400797 ev=vr.weapon callers path=getter D5D832:180 B363FA:540 B3598D:180 B40A78:0
client level=warn t=400797 ev=vr.weapon callers path=ptr D98F49:900 D7FB5C:66 DB8CB6:180 12B0A09:180 16E8861:180 D8F242:180 D8B348:180 D8B9B5:180 D8492B:44 12B2284:23 D2F672:23 D7FF2C:11 F4276C:0 CE3C40:0 B35BEE:0
client level=warn t=400797 ev=vr.weapon callers path=xform D5896F:180
client level=warn t=400797 ev=vr.probe pose in_pos=1016.69,277.11,5.47 in_fwd=0.581,0.105,0.807 in_fov=1.4242 out_pos=1016.52,277.11,5.50 out_fwd=0.945,0.156,0.288 out_fov=1.8850
client level=info t=400860 ev=nettick stage=sample latch=1 callbacks=34091
client level=warn t=401047 ev=vr.xr hand yaw=-0.2103 r_valid=1 r_stale=0 r_fwd=0.941,0.114,0.319 r_up=-0.322,0.010,0.947 r_off=0.361,-0.046,-0.050 r_palm=0.282,-0.057,-0.108 l_valid=1 l_fwd=0.556,-0.515,0.652 l_off=0.037,0.126,-0.183 h_off=-0.174,0.001,0.017
client level=warn t=401047 ev=vr.xr pose fwd=0.980,0.060,0.192 off=-0.174,0.001,0.017 fov=1.8850 aspect=0.964
client level=warn t=401469 ev=vr.body anchor=-0.1816 head_yaw=-0.0407 body_yaw=-0.1235 error=-0.0692 counts_per_rad=579 servo=1
client level=warn t=401469 ev=vr.pad stats injected=372 held=2 mouse=8620,0 move=0.52,0.85 turn=0.71,-0.70 trig=0.00,0.00 buttons=0x0
server level=info t=401594 ev=gameplay stage=message result=ok id=4 peerstage=5
client level=warn t=401969 ev=vr.xr hand yaw=-0.7721 r_valid=1 r_stale=0 r_fwd=0.648,-0.719,0.251 r_up=-0.317,0.045,0.947 r_off=0.153,-0.415,-0.048 r_palm=0.101,-0.348,-0.100 l_valid=1 l_fwd=0.255,-0.691,0.676 l_off=0.109,0.061,-0.198 h_off=-0.144,0.086,0.005
client level=info t=402860 ev=nettick stage=sample latch=1 callbacks=34222
client level=warn t=402875 ev=vr.xr hand yaw=-0.7721 r_valid=1 r_stale=0 r_fwd=0.579,-0.756,0.307 r_up=-0.304,0.149,0.941 r_off=0.139,-0.415,-0.062 r_palm=0.094,-0.348,-0.119 l_valid=1 l_fwd=0.439,-0.662,0.608 l_off=0.125,0.061,-0.216 h_off=-0.142,0.083,0.002
client level=warn t=403578 ev=vr.weapon callers path=getter D5D832:180 B363FA:540 B3598D:180 B40A78:0
client level=warn t=403578 ev=vr.weapon callers path=ptr D98F49:900 D7FB5C:66 DB8CB6:180 12B0A09:180 16E8861:180 D8F242:180 D8B348:180 D8B9B5:180 D8492B:43 12B2284:23 D2F672:23 D7FF2C:10 F4276C:0 CE3C40:0 B35BEE:0
client level=warn t=403578 ev=vr.weapon callers path=xform D5896F:180
client level=warn t=403578 ev=vr.probe pose in_pos=1022.59,270.86,5.77 in_fwd=0.168,-0.566,0.807 in_fov=1.4242 out_pos=1022.44,270.94,5.77 out_fwd=0.275,-0.961,-0.025 out_fov=1.8850
client level=warn t=403828 ev=vr.xr hand yaw=-0.7721 r_valid=1 r_stale=0 r_fwd=0.605,-0.753,0.260 r_up=-0.374,0.020,0.927 r_off=0.100,-0.466,-0.048 r_palm=0.054,-0.396,-0.101 l_valid=1 l_fwd=0.406,-0.664,0.627 l_off=0.119,0.066,-0.216 h_off=-0.151,0.077,0.003
client level=warn t=403828 ev=vr.xr pose fwd=0.340,-0.940,-0.023 off=-0.151,0.077,0.003 fov=1.8850 aspect=0.964
client level=warn t=404250 ev=vr.body anchor=-0.7098 head_yaw=-0.4987 body_yaw=-1.2208 error=0.0106 counts_per_rad=579 servo=1
client level=warn t=404250 ev=vr.pad stats injected=376 held=0 mouse=9239,0 move=0.00,0.00 turn=0.00,0.00 trig=0.00,0.00 buttons=0x0
server level=info t=404688 ev=gameplay stage=message result=ok id=4 peerstage=5
client level=warn t=404735 ev=vr.xr hand yaw=-0.7721 r_valid=1 r_stale=0 r_fwd=0.625,-0.780,0.042 r_up=-0.118,-0.042,0.992 r_off=0.181,-0.453,-0.080 r_palm=0.125,-0.378,-0.113 l_valid=1 l_fwd=0.410,-0.655,0.635 l_off=0.121,0.073,-0.217 h_off=-0.146,0.090,0.007
client level=warn t=404735 ev=vr.xr submit layers=1 result=0 fov=1.8850 aspect=0.9638
client level=info t=404860 ev=nettick stage=sample latch=1 callbacks=34351
client level=warn t=405656 ev=vr.xr hand yaw=-0.7721 r_valid=1 r_stale=0 r_fwd=0.469,-0.872,0.141 r_up=-0.162,0.072,0.984 r_off=0.132,-0.488,-0.070 r_palm=0.092,-0.407,-0.113 l_valid=1 l_fwd=0.383,-0.634,0.672 l_off=0.117,0.082,-0.212 h_off=-0.122,0.091,-0.010
client level=warn t=406328 ev=vr.weapon callers path=getter D5D832:180 B363FA:540 B3598D:180 B40A78:0
client level=warn t=406328 ev=vr.weapon callers path=ptr D98F49:900 D7FB5C:66 DB8CB6:180 12B0A09:180 16E8861:180 D8F242:180 D8B348:180 D8B9B5:180 D8492B:46 12B2284:22 D2F672:22 D7FF2C:12 F4276C:0 CE3C40:0 B35BEE:0
client level=warn t=406328 ev=vr.weapon callers path=xform D5896F:180
client level=warn t=406328 ev=vr.probe pose in_pos=1022.59,270.86,5.77 in_fwd=0.212,-0.551,0.807 in_fov=1.4242 out_pos=1022.45,270.95,5.77 out_fwd=0.351,-0.931,-0.095 out_fov=1.8850
client level=warn t=406563 ev=vr.xr hand yaw=-0.7721 r_valid=1 r_stale=0 r_fwd=0.425,-0.869,0.252 r_up=-0.185,0.189,0.964 r_off=0.099,-0.507,-0.057 r_palm=0.064,-0.430,-0.110 l_valid=1 l_fwd=0.323,-0.636,0.701 l_off=0.106,0.082,-0.209 h_off=-0.142,0.082,-0.002
client level=warn t=406563 ev=vr.xr pose fwd=0.350,-0.932,-0.090 off=-0.142,0.082,-0.002 fov=1.8850 aspect=0.964
client level=info t=406860 ev=nettick stage=sample latch=1 callbacks=34483
client level=warn t=407000 ev=vr.body anchor=-0.7098 head_yaw=-0.4836 body_yaw=-1.2034 error=0.0090 counts_per_rad=579 servo=1
client level=warn t=407000 ev=vr.pad stats injected=385 held=0 mouse=9231,0 move=0.00,0.00 turn=0.00,0.00 trig=0.00,0.72 buttons=0x0
client level=warn t=407485 ev=vr.xr hand yaw=-0.7721 r_valid=1 r_stale=0 r_fwd=0.500,-0.854,0.143 r_up=0.072,0.205,0.976 r_off=0.143,-0.478,-0.090 r_palm=0.093,-0.403,-0.133 l_valid=1 l_fwd=0.329,-0.634,0.701 l_off=0.106,0.084,-0.209 h_off=-0.138,0.090,0.005
server level=info t=407781 ev=gameplay stage=message result=ok id=4 peerstage=5
client level=warn t=408422 ev=vr.xr hand yaw=-0.7721 r_valid=1 r_stale=0 r_fwd=-0.001,-0.999,0.043 r_up=-0.004,0.043,0.999 r_off=-0.174,-0.561,-0.061 r_palm=-0.173,-0.468,-0.095 l_valid=1 l_fwd=0.270,-0.607,0.747 l_off=0.111,0.098,-0.254 h_off=-0.098,0.151,-0.002
client level=info t=408860 ev=nettick stage=sample latch=1 callbacks=34612
client level=warn t=409094 ev=vr.weapon callers path=getter D5D832:180 B363FA:540 B3598D:180 B40A78:6
client level=warn t=409094 ev=vr.weapon callers path=ptr D98F49:900 D7FB5C:60 DB8CB6:180 12B0A09:180 16E8861:180 D8F242:180 D8B348:180 D8B9B5:180 D8492B:50 12B2284:26 D2F672:26 D7FF2C:10 F4276C:0 CE3C40:3 B35BEE:0
client level=warn t=409094 ev=vr.weapon callers path=xform D5896F:180
client level=warn t=409110 ev=vr.probe pose in_pos=1022.59,270.86,5.77 in_fwd=-0.236,-0.479,0.846 in_fov=1.4242 out_pos=1022.50,271.02,5.76 out_fwd=-0.446,-0.891,0.078 out_fov=1.8850
client level=warn t=409344 ev=vr.xr hand yaw=-0.7721 r_valid=1 r_stale=0 r_fwd=-0.629,-0.751,0.200 r_up=0.777,-0.601,0.188 r_off=-0.514,-0.475,-0.125 r_palm=-0.477,-0.386,-0.150 l_valid=1 l_fwd=0.202,-0.702,0.683 l_off=0.106,0.087,-0.295 h_off=-0.092,0.144,-0.019
client level=warn t=409344 ev=vr.xr pose fwd=-0.461,-0.886,0.046 off=-0.092,0.144,-0.019 fov=1.8850 aspect=0.964
client level=warn t=409344 ev=vr.xr submit layers=1 result=0 fov=1.8850 aspect=0.9638
client level=warn t=409781 ev=vr.body anchor=-0.7098 head_yaw=-1.4940 body_yaw=-2.1586 error=-0.0271 counts_per_rad=563 servo=1
client level=warn t=409781 ev=vr.pad stats injected=399 held=0 mouse=9808,0 move=0.00,0.00 turn=0.00,0.00 trig=0.00,0.48 buttons=0x0
client level=warn t=410266 ev=vr.xr hand yaw=-0.7721 r_valid=1 r_stale=0 r_fwd=-0.433,-0.896,-0.099 r_up=-0.424,0.105,0.899 r_off=-0.522,-0.477,-0.062 r_palm=-0.469,-0.396,-0.080 l_valid=1 l_fwd=-0.045,-0.791,0.611 l_off=0.058,0.012,-0.313 h_off=-0.078,0.069,-0.018
client level=info t=410860 ev=nettick stage=sample latch=1 callbacks=34742
server level=info t=410891 ev=gameplay stage=message result=ok id=4 peerstage=5
client level=warn t=411188 ev=vr.xr hand yaw=-0.7721 r_valid=1 r_stale=0 r_fwd=-0.192,-0.698,0.690 r_up=-0.221,0.716,0.662 r_off=-0.404,-0.367,0.213 r_palm=-0.379,-0.322,0.128 l_valid=1 l_fwd=-0.094,-0.785,0.612 l_off=0.051,-0.005,-0.305 h_off=-0.054,0.115,0.034
client level=warn t=411860 ev=vr.weapon callers path=getter D5D832:180 B363FA:540 B3598D:180 B40A78:10
client level=warn t=411860 ev=vr.weapon callers path=ptr D98F49:900 D7FB5C:65 DB8CB6:180 12B0A09:180 16E8861:180 D8F242:180 D8B348:180 D8B9B5:180 D8492B:50 12B2284:27 D2F672:27 D7FF2C:10 F4276C:0 CE3C40:5 B35BEE:0
client level=warn t=411860 ev=vr.weapon callers path=xform D5896F:180
client level=warn t=411875 ev=vr.probe pose in_pos=1022.59,270.87,5.75 in_fwd=-0.019,-0.469,0.883 in_fov=1.4242 out_pos=1022.57,271.08,5.79 out_fwd=0.113,-0.834,0.540 out_fov=1.8850
client level=warn t=412125 ev=vr.xr hand yaw=-0.7721 r_valid=1 r_stale=0 r_fwd=0.877,0.340,0.339 r_up=-0.246,-0.288,0.926 r_off=0.385,0.109,0.085 r_palm=0.309,0.085,0.025 l_valid=1 l_fwd=-0.091,-0.725,0.682 l_off=0.029,0.106,-0.206 h_off=-0.052,0.207,0.037
client level=warn t=412125 ev=vr.xr pose fwd=0.959,0.134,0.251 off=-0.052,0.207,0.037 fov=1.8850 aspect=0.964
client level=warn t=412563 ev=vr.body anchor=-0.7098 head_yaw=1.1074 body_yaw=0.4662 error=-0.0549 counts_per_rad=593 servo=1
client level=warn t=412563 ev=vr.pad stats injected=409 held=0 mouse=8301,0 move=0.00,0.00 turn=0.00,0.00 trig=0.00,1.00 buttons=0x0
client level=info t=412860 ev=nettick stage=sample latch=1 callbacks=34871
client level=warn t=413047 ev=vr.xr hand yaw=-0.7721 r_valid=1 r_stale=0 r_fwd=0.851,0.461,0.252 r_up=-0.143,-0.258,0.956 r_off=0.332,0.223,-0.086 r_palm=0.256,0.187,-0.139 l_valid=1 l_fwd=-0.068,-0.802,0.594 l_off=-0.088,0.004,-0.139 h_off=-0.178,0.017,0.003
client level=warn t=413953 ev=vr.xr hand yaw=-0.7721 r_valid=1 r_stale=0 r_fwd=0.845,0.487,0.220 r_up=0.193,-0.661,0.725 r_off=0.372,0.166,-0.083 r_palm=0.286,0.140,-0.126 l_valid=1 l_fwd=-0.055,-0.802,0.594 l_off=-0.086,0.000,-0.146 h_off=-0.154,0.013,-0.012
client level=warn t=413953 ev=vr.xr submit layers=1 result=0 fov=1.8850 aspect=0.9638
server level=info t=414000 ev=gameplay stage=message result=ok id=4 peerstage=5
client level=warn t=414610 ev=vr.weapon callers path=getter D5D832:180 B363FA:540 B3598D:180 B40A78:4
client level=warn t=414610 ev=vr.weapon callers path=ptr D98F49:900 D7FB5C:63 DB8CB6:180 12B0A09:180 16E8861:180 D8F242:180 D8B348:180 D8B9B5:180 D8492B:55 12B2284:26 D2F672:25 D7FF2C:11 F4276C:0 CE3C40:2 B35BEE:0
client level=warn t=414610 ev=vr.weapon callers path=xform D5896F:180
client level=warn t=414625 ev=vr.probe pose in_pos=1022.59,270.87,5.77 in_fwd=0.561,-0.184,0.808 in_fov=1.4242 out_pos=1022.51,270.92,5.75 out_fwd=0.880,-0.386,-0.276 out_fov=1.8850
client level=info t=414860 ev=nettick stage=sample latch=1 callbacks=35003
client level=warn t=414860 ev=vr.xr hand yaw=-0.7721 r_valid=1 r_stale=0 r_fwd=0.846,-0.263,0.463 r_up=-0.426,0.186,0.885 r_off=0.206,-0.234,0.017 r_palm=0.139,-0.214,-0.054 l_valid=1 l_fwd=-0.098,-0.757,0.646 l_off=0.020,0.067,-0.232 h_off=-0.091,0.121,0.011
client level=warn t=414860 ev=vr.xr pose fwd=0.502,-0.865,0.007 off=-0.091,0.121,0.011 fov=1.8850 aspect=0.964
client level=warn t=415297 ev=vr.body anchor=-0.7098 head_yaw=-0.6897 body_yaw=-1.3687 error=-0.0225 counts_per_rad=579 servo=1
client level=warn t=415297 ev=vr.pad stats injected=418 held=0 mouse=9358,0 move=0.00,0.00 turn=0.00,0.00 trig=0.00,0.00 buttons=0x0
client level=warn t=415781 ev=vr.xr hand yaw=-0.7721 r_valid=1 r_stale=0 r_fwd=0.240,-0.892,0.382 r_up=0.642,0.441,0.627 r_off=-0.001,-0.513,-0.044 r_palm=-0.043,-0.441,-0.100 l_valid=1 l_fwd=0.032,-0.999,-0.041 l_off=0.162,0.043,-0.520 h_off=-0.132,0.134,0.003
client level=warn t=416688 ev=vr.xr hand yaw=-0.7721 r_valid=1 r_stale=0 r_fwd=0.770,-0.636,0.060 r_up=-0.395,-0.401,0.827 r_off=0.009,-0.490,-0.052 r_palm=-0.052,-0.418,-0.083 l_valid=1 l_fwd=0.066,-0.997,-0.046 l_off=0.167,0.044,-0.521 h_off=-0.136,0.131,0.002
client level=info t=416860 ev=nettick stage=sample latch=1 callbacks=35135
server level=info t=417110 ev=gameplay stage=message result=ok id=4 peerstage=5
client level=warn t=417360 ev=vr.weapon callers path=getter D5D832:180 B363FA:540 B3598D:180 B40A78:0
client level=warn t=417360 ev=vr.weapon callers path=ptr D98F49:900 D7FB5C:64 DB8CB6:180 12B0A09:180 16E8861:180 D8F242:180 D8B348:180 D8B9B5:180 D8492B:55 12B2284:25 D2F672:22 D7FF2C:11 F4276C:0 CE3C40:0 B35BEE:0
client level=warn t=417360 ev=vr.weapon callers path=xform D5896F:180
client level=warn t=417360 ev=vr.probe pose in_pos=1022.78,270.03,5.80 in_fwd=0.133,-0.575,0.807 in_fov=1.4242 out_pos=1022.66,270.17,5.80 out_fwd=0.233,-0.972,-0.013 out_fov=1.8850
client level=warn t=417610 ev=vr.xr hand yaw=-0.7721 r_valid=1 r_stale=0 r_fwd=0.731,-0.645,-0.223 r_up=0.267,-0.030,0.963 r_off=0.144,-0.406,-0.147 r_palm=0.067,-0.344,-0.155 l_valid=1 l_fwd=0.143,-0.990,0.015 l_off=0.163,0.049,-0.511 h_off=-0.110,0.134,0.000
client level=warn t=417610 ev=vr.xr pose fwd=0.309,-0.951,-0.034 off=-0.110,0.134,0.000 fov=1.8850 aspect=0.964
client level=warn t=418063 ev=vr.body anchor=-0.7098 head_yaw=-0.1877 body_yaw=-0.9341 error=0.0298 counts_per_rad=584 servo=1
client level=warn t=418063 ev=vr.pad stats injected=421 held=1 mouse=9101,0 move=-0.03,1.00 turn=0.00,0.00 trig=0.00,0.00 buttons=0x0
client level=warn t=418563 ev=vr.xr hand yaw=-0.7721 r_valid=1 r_stale=0 r_fwd=0.643,-0.723,-0.254 r_up=0.214,-0.148,0.965 r_off=0.129,-0.321,-0.224 r_palm=0.061,-0.248,-0.228 l_valid=1 l_fwd=0.341,-0.767,0.543 l_off=0.159,0.084,-0.285 h_off=-0.084,0.134,-0.008
client level=warn t=418563 ev=vr.xr submit layers=1 result=0 fov=1.8850 aspect=0.9638
client level=info t=418860 ev=nettick stage=sample latch=1 callbacks=35263
client level=warn t=419469 ev=vr.xr hand yaw=-0.7721 r_valid=1 r_stale=0 r_fwd=0.690,-0.531,-0.491 r_up=0.261,-0.451,0.854 r_off=0.075,-0.309,-0.270 r_palm=0.002,-0.245,-0.249 l_valid=1 l_fwd=0.335,-0.738,0.586 l_off=0.135,0.087,-0.264 h_off=-0.097,0.100,-0.029
client level=info t=420000 ev=retail site=84 text=networking:bandwidth: min_channels: 0 max channels: 1 max bps: 63040 avg cong bps: -1 low cong bps: -1 hi cong bps: -1 lat avg: -1 lat hi avg: 0 lat avg var: -1 pct loss: 0.00 pct loss hi avg: [0.00].
client level=info t=420000 ev=retail site=85 text=networking:bandwidth: machine [EF:C5:91:5E:33:C2:1B19] longest reception gap [129ms] longest ack gap [129ms] pct loss [0.00] disc count [0] sps [10] rps [10] bh: [y].
client level=warn t=420141 ev=vr.weapon callers path=getter D5D832:180 B363FA:540 B3598D:180 B40A78:2
client level=warn t=420141 ev=vr.weapon callers path=ptr D98F49:900 D7FB5C:60 DB8CB6:180 12B0A09:180 16E8861:180 D8F242:180 D8B348:180 D8B9B5:180 D8492B:48 12B2284:24 D2F672:24 D7FF2C:9 F4276C:0 CE3C40:1 B35BEE:0
client level=warn t=420141 ev=vr.weapon callers path=xform D5896F:180
client level=warn t=420156 ev=vr.probe pose in_pos=1030.96,259.06,8.75 in_fwd=0.288,-0.515,0.807 in_fov=1.4242 out_pos=1030.89,259.17,8.71 out_fwd=0.497,-0.779,-0.382 out_fov=1.8850
server level=info t=420203 ev=gameplay stage=message result=ok id=4 peerstage=5
client level=warn t=420391 ev=vr.xr hand yaw=-0.7721 r_valid=1 r_stale=0 r_fwd=0.688,-0.012,-0.725 r_up=0.714,-0.166,0.680 r_off=0.055,-0.113,-0.423 r_palm=-0.032,-0.107,-0.374 l_valid=1 l_fwd=0.383,-0.740,0.553 l_off=0.136,0.092,-0.268 h_off=-0.023,0.112,-0.077
client level=warn t=420391 ev=vr.xr pose fwd=0.609,-0.502,-0.615 off=-0.023,0.112,-0.077 fov=1.8850 aspect=0.964
client level=warn t=420813 ev=vr.body anchor=-0.7098 head_yaw=0.0769 body_yaw=-0.5852 error=-0.0394 counts_per_rad=579 servo=1
client level=warn t=420813 ev=vr.pad stats injected=431 held=1 mouse=8911,0 move=-0.09,-1.00 turn=0.00,0.00 trig=0.00,0.00 buttons=0x0
client level=info t=420860 ev=nettick stage=sample latch=1 callbacks=35394
server level=info t=420891 ev=ws701 stage=profile_setup result=complete
server level=info t=420906 ev=activity stage=writeback result=ok world_state=8
client level=info t=421203 ev=retail site=80 text=networking:channel:packet_loss_stats: [dir:127.0.0.1(id=0):30986#bh64] Incoming packet read result summary - 8 ok, 0 discard, 568 discard-expected, 0 corrupt
client level=info t=421203 ev=retail site=81 text=networking:channel:packet_loss_stats: [dir:127.0.0.1(id=0):30986#bh64] Outgoing packet delivery summary - 572 delivered, 0 of those out-of-order, 0 lost - highest loss fraction seen 0.000
client level=info t=421203 ev=retail site=86 text=networking:stream_manager:retail: # 1 rx10.0/rxbps 5.8kb tx10.0/txbps32.8kb cx15.0pkts/33.0cxkbps lat=  0avg,  -1cg to=9999 aloc45.0kb max513.0kbps, loss=0.00pct loss dev 2.00pct rel=N, name=                            bh64
client level=info t=421203 ev=retail site=87 text=networking:stream_manager:retail: Local peer network quality = 1.000000/1.0, worst_axis = -1
client level=warn t=421297 ev=vr.xr hand yaw=-0.7721 r_valid=1 r_stale=0 r_fwd=0.830,-0.272,-0.487 r_up=0.438,-0.224,0.871 r_off=0.055,-0.119,-0.509 r_palm=-0.037,-0.086,-0.489 l_valid=1 l_fwd=0.407,-0.770,0.492 l_off=0.134,0.089,-0.283 h_off=-0.022,0.108,-0.081
client level=warn t=422219 ev=vr.xr hand yaw=-0.7721 r_valid=1 r_stale=0 r_fwd=0.952,-0.287,0.108 r_up=-0.084,0.097,0.992 r_off=0.103,-0.082,-0.314 r_palm=0.015,-0.057,-0.354 l_valid=1 l_fwd=0.359,-0.755,0.549 l_off=0.125,0.093,-0.273 h_off=-0.046,0.164,-0.014
client level=info t=422860 ev=nettick stage=sample latch=1 callbacks=35525
client level=warn t=422891 ev=vr.weapon callers path=getter D5D832:180 B363FA:540 B3598D:180 B40A78:0
client level=warn t=422891 ev=vr.weapon callers path=ptr D98F49:900 D7FB5C:58 DB8CB6:180 12B0A09:180 16E8861:180 D8F242:180 D8B348:180 D8B9B5:180 D8492B:47 12B2284:24 D2F672:24 D7FF2C:10 F4276C:0 CE3C40:0 B35BEE:0
client level=warn t=422891 ev=vr.weapon callers path=xform D5896F:180
client level=warn t=422891 ev=vr.probe pose in_pos=1025.69,262.87,5.77 in_fwd=0.483,-0.339,0.807 in_fov=1.4242 out_pos=1025.61,263.03,5.77 out_fwd=0.807,-0.590,-0.034 out_fov=1.8850
client level=warn t=423141 ev=vr.xr hand yaw=-0.7721 r_valid=1 r_stale=0 r_fwd=0.848,-0.530,-0.024 r_up=0.042,0.021,0.999 r_off=0.360,-0.124,-0.103 r_palm=0.279,-0.075,-0.131 l_valid=1 l_fwd=0.353,-0.737,0.576 l_off=0.121,0.095,-0.268 h_off=-0.092,0.157,0.003
client level=warn t=423141 ev=vr.xr pose fwd=0.755,-0.655,-0.024 off=-0.092,0.157,0.003 fov=1.8850 aspect=0.964
client level=warn t=423141 ev=vr.xr submit layers=1 result=0 fov=1.8850 aspect=0.9638
server level=info t=423297 ev=gameplay stage=message result=ok id=4 peerstage=5
client level=warn t=423578 ev=vr.body anchor=-0.7098 head_yaw=-0.0743 body_yaw=-0.7717 error=-0.0114 counts_per_rad=697 servo=1
client level=warn t=423578 ev=vr.pad stats injected=440 held=2 mouse=9025,0 move=-0.50,-0.87 turn=0.00,0.00 trig=0.00,0.00 buttons=0x0
client level=warn t=424063 ev=vr.xr hand yaw=-0.7721 r_valid=1 r_stale=0 r_fwd=0.752,-0.654,-0.080 r_up=-0.015,-0.138,0.990 r_off=0.343,-0.248,-0.065 r_palm=0.272,-0.181,-0.087 l_valid=1 l_fwd=0.349,-0.740,0.575 l_off=0.123,0.098,-0.267 h_off=-0.109,0.155,0.008
client level=info t=424860 ev=nettick stage=sample latch=1 callbacks=35655
client level=warn t=424985 ev=vr.xr hand yaw=-0.7721 r_valid=1 r_stale=0 r_fwd=0.806,-0.257,0.534 r_up=0.264,0.962,0.066 r_off=0.318,-0.149,-0.112 r_palm=0.234,-0.153,-0.165 l_valid=1 l_fwd=0.399,-0.717,0.572 l_off=0.132,0.097,-0.271 h_off=-0.094,0.152,0.002
client level=warn t=425656 ev=vr.weapon callers path=getter D5D832:180 B363FA:540 B3598D:180 B40A78:6
client level=warn t=425656 ev=vr.weapon callers path=ptr D98F49:900 D7FB5C:57 DB8CB6:180 12B0A09:180 16E8861:180 D8F242:180 D8B348:180 D8B9B5:180 D8492B:50 12B2284:26 D2F672:26 D7FF2C:10 F4276C:0 CE3C40:3 B35BEE:0
client level=warn t=425656 ev=vr.weapon callers path=xform D5896F:180
client level=warn t=425672 ev=vr.probe pose in_pos=1032.59,272.67,5.61 in_fwd=0.504,-0.304,0.809 in_fov=1.4242 out_pos=1032.51,272.82,5.59 out_fwd=0.844,-0.508,-0.173 out_fov=1.8850
client level=warn t=425922 ev=vr.xr hand yaw=-0.7721 r_valid=1 r_stale=0 r_fwd=0.913,-0.365,0.180 r_up=-0.099,0.231,0.968 r_off=0.236,-0.210,-0.162 r_palm=0.152,-0.183,-0.208 l_valid=1 l_fwd=0.552,-0.627,0.549 l_off=0.158,0.081,-0.246 h_off=-0.089,0.144,-0.003
client level=warn t=425922 ev=vr.xr pose fwd=0.748,-0.656,-0.103 off=-0.089,0.144,-0.003 fov=1.8850 aspect=0.964
client level=warn t=426344 ev=vr.body anchor=-0.7098 head_yaw=-0.0817 body_yaw=-0.7827 error=-0.0085 counts_per_rad=616 servo=1
client level=warn t=426344 ev=vr.pad stats injected=452 held=0 mouse=9037,0 move=0.00,0.00 turn=0.00,0.00 trig=0.00,0.00 buttons=0x0
server level=info t=426406 ev=gameplay stage=message result=ok id=4 peerstage=5
client level=warn t=426828 ev=vr.xr hand yaw=-0.7721 r_valid=1 r_stale=0 r_fwd=0.862,-0.472,0.185 r_up=-0.132,0.145,0.981 r_off=0.229,-0.231,-0.152 r_palm=0.152,-0.190,-0.199 l_valid=1 l_fwd=0.600,-0.639,0.482 l_off=0.155,0.078,-0.254 h_off=-0.106,0.144,0.005
client level=info t=426860 ev=nettick stage=sample latch=1 callbacks=35786
client level=warn t=427750 ev=vr.xr hand yaw=-0.7721 r_valid=1 r_stale=0 r_fwd=0.675,-0.604,0.423 r_up=-0.249,0.353,0.902 r_off=0.227,-0.256,0.152 r_palm=0.170,-0.209,0.085 l_valid=1 l_fwd=0.587,-0.665,0.462 l_off=0.139,0.061,-0.243 h_off=-0.143,0.172,0.027
client level=warn t=427750 ev=vr.xr submit layers=1 result=0 fov=1.8850 aspect=0.9638
client level=warn t=428453 ev=vr.weapon callers path=getter D5D832:180 B363FA:540 B3598D:180 B40A78:0
client level=warn t=428453 ev=vr.weapon callers path=ptr D98F49:900 D7FB5C:55 DB8CB6:180 12B0A09:180 16E8861:180 D8F242:180 D8B348:180 D8B9B5:180 D8492B:45 12B2284:24 D2F672:22 D7FF2C:9 F4276C:2 CE3C40:140 B35BEE:0
client level=warn t=428453 ev=vr.weapon callers path=xform D5896F:180
client level=warn t=428453 ev=vr.probe pose in_pos=1034.61,271.22,5.56 in_fwd=0.320,-0.497,0.807 in_fov=1.4242 out_pos=1034.47,271.39,5.58 out_fwd=0.515,-0.806,0.294 out_fov=1.8850
client level=warn t=428703 ev=vr.xr hand yaw=-0.7721 r_valid=1 r_stale=0 r_fwd=0.670,-0.600,0.437 r_up=-0.230,0.392,0.891 r_off=0.218,-0.280,0.134 r_palm=0.161,-0.235,0.066 l_valid=1 l_fwd=0.575,-0.645,0.504 l_off=0.136,0.068,-0.241 h_off=-0.143,0.175,0.041
client level=warn t=428703 ev=vr.xr pose fwd=0.482,-0.754,0.447 off=-0.143,0.175,0.041 fov=1.8850 aspect=0.964
client level=info t=428860 ev=nettick stage=sample latch=1 callbacks=35913
client level=warn t=429141 ev=vr.body anchor=-0.7098 head_yaw=-0.2982 body_yaw=-1.0107 error=0.0005 counts_per_rad=631 servo=1
client level=warn t=429141 ev=vr.pad stats injected=454 held=0 mouse=9154,0 move=0.00,0.00 turn=0.00,0.00 trig=0.00,0.00 buttons=0x0
server level=info t=429500 ev=gameplay stage=message result=ok id=4 peerstage=5
client level=warn t=429641 ev=vr.xr hand yaw=-0.7721 r_valid=1 r_stale=0 r_fwd=0.679,-0.670,0.300 r_up=-0.176,0.248,0.952 r_off=0.264,-0.304,0.188 r_palm=0.205,-0.248,0.131 l_valid=1 l_fwd=0.564,-0.651,0.507 l_off=0.132,0.071,-0.241 h_off=-0.165,0.167,0.036
client level=warn t=430578 ev=vr.xr hand yaw=-0.7721 r_valid=1 r_stale=0 r_fwd=0.461,-0.815,0.350 r_up=-0.162,0.311,0.937 r_off=0.177,-0.367,0.257 r_palm=0.138,-0.299,0.196 l_valid=1 l_fwd=0.627,-0.610,0.485 l_off=0.153,0.088,-0.255 h_off=-0.137,0.189,0.036
client level=info t=430860 ev=nettick stage=sample latch=1 callbacks=36042
client level=warn t=431250 ev=vr.weapon callers path=getter D5D832:180 B363FA:540 B3598D:180 B40A78:4
client level=warn t=431250 ev=vr.weapon callers path=ptr D98F49:900 D7FB5C:60 DB8CB6:180 12B0A09:180 16E8861:180 D8F242:180 D8B348:180 D8B9B5:180 D8492B:50 12B2284:25 D2F672:25 D7FF2C:10 F4276C:0 CE3C40:180 B35BEE:0
client level=warn t=431250 ev=vr.weapon callers path=xform D5896F:180
client level=warn t=431250 ev=vr.probe pose in_pos=1034.61,271.22,5.56 in_fwd=0.218,-0.527,0.822 in_fov=1.4242 out_pos=1034.49,271.39,5.58 out_fwd=0.369,-0.905,0.212 out_fov=1.8850
client level=warn t=431500 ev=vr.xr hand yaw=-0.7721 r_valid=1 r_stale=0 r_fwd=0.316,-0.757,0.572 r_up=0.048,0.614,0.788 r_off=0.116,-0.405,0.139 r_palm=0.085,-0.352,0.061 l_valid=1 l_fwd=0.575,-0.662,0.481 l_off=0.139,0.077,-0.265 h_off=-0.122,0.148,0.014
client level=warn t=431500 ev=vr.xr pose fwd=0.363,-0.921,0.139 off=-0.122,0.148,0.014 fov=1.8850 aspect=0.964
client level=warn t=431938 ev=vr.body anchor=-0.7098 head_yaw=-0.6565 body_yaw=-1.3260 error=-0.0319 counts_per_rad=614 servo=1
client level=warn t=431938 ev=vr.pad stats injected=462 held=0 mouse=9352,0 move=0.00,0.00 turn=0.00,0.00 trig=0.00,0.05 buttons=0x0
client level=warn t=432438 ev=vr.xr hand yaw=-0.7721 r_valid=1 r_stale=0 r_fwd=0.216,-0.401,0.890 r_up=0.936,0.345,-0.071 r_off=-0.112,-0.511,-0.071 r_palm=-0.160,-0.483,-0.153 l_valid=1 l_fwd=0.505,-0.716,0.483 l_off=0.112,0.059,-0.272 h_off=-0.165,0.103,-0.005
client level=warn t=432438 ev=vr.xr submit layers=1 result=0 fov=1.8850 aspect=0.9638
server level=info t=432594 ev=gameplay stage=message result=ok id=4 peerstage=5
client level=info t=432860 ev=nettick stage=sample latch=1 callbacks=36168
client level=warn t=433406 ev=vr.xr hand yaw=-0.7721 r_valid=1 r_stale=0 r_fwd=-0.007,-0.492,0.870 r_up=0.992,0.105,0.067 r_off=-0.204,-0.561,-0.058 r_palm=-0.233,-0.517,-0.142 l_valid=1 l_fwd=0.513,-0.704,0.491 l_off=0.116,0.061,-0.271 h_off=-0.171,0.148,0.024
client level=warn t=434078 ev=vr.weapon callers path=getter D5D832:180 B363FA:540 B3598D:180 B40A78:8
client level=warn t=434078 ev=vr.weapon callers path=ptr D98F49:900 D7FB5C:61 DB8CB6:180 12B0A09:180 16E8861:180 D8F242:180 D8B348:180 D8B9B5:180 D8492B:50 12B2284:27 D2F672:27 D7FF2C:10 F4276C:0 CE3C40:180 B35BEE:0
client level=warn t=434078 ev=vr.weapon callers path=xform D5896F:180
client level=warn t=434078 ev=vr.probe pose in_pos=1034.61,271.22,5.56 in_fwd=-0.024,-0.535,0.844 in_fov=1.4242 out_pos=1034.43,271.37,5.58 out_fwd=-0.060,-0.961,0.270 out_fov=1.8850
client level=warn t=434313 ev=vr.xr hand yaw=-0.7721 r_valid=1 r_stale=0 r_fwd=0.049,-0.238,0.970 r_up=-0.831,0.529,0.171 r_off=-0.259,-0.321,0.257 r_palm=-0.239,-0.315,0.159 l_valid=1 l_fwd=0.524,-0.685,0.506 l_off=0.119,0.065,-0.275 h_off=-0.188,0.182,0.037
client level=warn t=434313 ev=vr.xr pose fwd=-0.134,-0.860,0.492 off=-0.188,0.182,0.037 fov=1.8850 aspect=0.964
client level=warn t=434766 ev=vr.body anchor=-0.7098 head_yaw=-0.9825 body_yaw=-1.7096 error=0.0133 counts_per_rad=582 servo=1
client level=warn t=434766 ev=vr.pad stats injected=482 held=0 mouse=9556,0 move=0.00,0.00 turn=0.00,0.00 trig=0.00,0.00 buttons=0x0
client level=info t=434860 ev=nettick stage=sample latch=1 callbacks=36298
client level=warn t=435266 ev=vr.xr hand yaw=-0.7721 r_valid=1 r_stale=0 r_fwd=0.091,-0.952,0.293 r_up=-0.070,0.287,0.955 r_off=-0.139,-0.547,0.029 r_palm=-0.145,-0.466,-0.027 l_valid=1 l_fwd=0.497,-0.724,0.478 l_off=0.110,0.058,-0.283 h_off=-0.151,0.113,-0.005
server level=info t=435688 ev=gameplay stage=message result=ok id=4 peerstage=5
client level=warn t=436188 ev=vr.xr hand yaw=-0.7721 r_valid=1 r_stale=0 r_fwd=0.141,-0.867,0.479 r_up=0.553,0.470,0.688 r_off=-0.026,-0.520,-0.112 r_palm=-0.056,-0.451,-0.178 l_valid=1 l_fwd=0.428,-0.903,0.020 l_off=0.143,0.030,-0.474 h_off=-0.129,0.084,-0.025
client level=info t=436860 ev=nettick stage=sample latch=1 callbacks=36426
client level=warn t=436875 ev=vr.weapon callers path=getter D5D832:180 B363FA:540 B3598D:180 B40A78:0
client level=warn t=436875 ev=vr.weapon callers path=ptr D98F49:900 D7FB5C:65 DB8CB6:180 12B0A09:180 16E8861:180 D8F242:180 D8B348:180 D8B9B5:180 D8492B:55 12B2284:25 D2F672:22 D7FF2C:11 F4276C:0 CE3C40:180 B35BEE:0
client level=warn t=436875 ev=vr.weapon callers path=xform D5896F:180
client level=warn t=436891 ev=vr.probe pose in_pos=1034.61,271.22,5.56 in_fwd=0.247,-0.536,0.807 in_fov=1.4242 out_pos=1034.51,271.31,5.52 out_fwd=0.401,-0.840,-0.365 out_fov=1.8850
client level=warn t=437125 ev=vr.xr hand yaw=-0.7721 r_valid=1 r_stale=0 r_fwd=0.934,-0.273,0.231 r_up=-0.356,-0.775,0.522 r_off=0.222,-0.231,-0.161 r_palm=0.144,-0.181,-0.198 l_valid=1 l_fwd=0.815,-0.547,-0.191 l_off=0.249,0.056,-0.544 h_off=-0.102,0.102,-0.020
client level=warn t=437125 ev=vr.xr pose fwd=0.555,-0.796,-0.243 off=-0.102,0.102,-0.020 fov=1.8850 aspect=0.964
client level=warn t=437125 ev=vr.xr submit layers=1 result=0 fov=1.8850 aspect=0.9638
client level=warn t=437563 ev=vr.body anchor=-0.7098 head_yaw=-0.1396 body_yaw=-0.8852 error=0.0252 counts_per_rad=579 servo=1
client level=warn t=437563 ev=vr.pad stats injected=484 held=0 mouse=9076,0 move=0.00,0.00 turn=0.00,0.00 trig=0.00,0.00 buttons=0x0
client level=warn t=438047 ev=vr.xr hand yaw=-0.7721 r_valid=1 r_stale=0 r_fwd=0.939,-0.328,-0.106 r_up=0.018,-0.259,0.966 r_off=0.421,-0.143,-0.053 r_palm=0.331,-0.104,-0.072 l_valid=1 l_fwd=0.813,-0.552,-0.184 l_off=0.245,0.053,-0.542 h_off=-0.094,0.156,0.001
server level=info t=438813 ev=gameplay stage=message result=ok id=4 peerstage=5
client level=info t=438860 ev=nettick stage=sample latch=1 callbacks=36557
client level=warn t=438953 ev=vr.xr hand yaw=-0.7721 r_valid=1 r_stale=0 r_fwd=0.806,0.550,0.217 r_up=-0.174,-0.130,0.976 r_off=0.317,0.296,0.017 r_palm=0.246,0.247,-0.033 l_valid=1 l_fwd=0.899,-0.291,-0.328 l_off=0.207,0.097,-0.546 h_off=-0.166,0.037,-0.001
client level=warn t=439625 ev=vr.weapon callers path=getter D5D832:180 B363FA:540 B3598D:180 B40A78:6
client level=warn t=439625 ev=vr.weapon callers path=ptr D98F49:900 D7FB5C:64 DB8CB6:180 12B0A09:180 16E8861:180 D8F242:180 D8B348:180 D8B9B5:180 D8492B:55 12B2284:27 D2F672:26 D7FF2C:11 F4276C:0 CE3C40:180 B35BEE:0
client level=warn t=439625 ev=vr.weapon callers path=xform D5896F:180
client level=warn t=439625 ev=vr.probe pose in_pos=1034.60,271.22,5.53 in_fwd=0.497,0.068,0.865 in_fov=1.4242 out_pos=1034.51,271.25,5.53 out_fwd=0.993,0.026,-0.112 out_fov=1.8850
client level=warn t=439875 ev=vr.xr hand yaw=-0.7721 r_valid=1 r_stale=0 r_fwd=0.933,-0.155,0.324 r_up=-0.286,-0.868,0.406 r_off=0.173,-0.196,-0.230 r_palm=0.093,-0.155,-0.273 l_valid=1 l_fwd=0.509,-0.827,-0.238 l_off=0.191,0.011,-0.547 h_off=-0.041,0.041,-0.023
client level=warn t=439875 ev=vr.xr pose fwd=0.499,-0.818,-0.287 off=-0.041,0.041,-0.023 fov=1.8850 aspect=0.964
client level=warn t=440297 ev=vr.body anchor=-0.7098 head_yaw=-0.6614 body_yaw=-1.4177 error=0.0299 counts_per_rad=576 servo=1
client level=warn t=440297 ev=vr.pad stats injected=494 held=0 mouse=9390,0 move=0.00,0.00 turn=0.00,0.00 trig=0.00,0.00 buttons=0x0
client level=warn t=440797 ev=vr.xr hand yaw=-0.7721 r_valid=1 r_stale=0 r_fwd=0.810,-0.360,0.462 r_up=0.346,0.931,0.118 r_off=0.129,-0.329,-0.331 r_palm=0.042,-0.323,-0.379 l_valid=1 l_fwd=0.320,-0.727,0.607 l_off=0.198,-0.085,-0.280 h_off=-0.002,0.060,0.011
client level=info t=440860 ev=nettick stage=sample latch=1 callbacks=36688
client level=warn t=441703 ev=vr.xr hand yaw=-0.7721 r_valid=1 r_stale=0 r_fwd=0.931,-0.352,-0.098 r_up=0.339,0.733,0.590 r_off=0.139,-0.338,-0.360 r_palm=0.041,-0.327,-0.368 l_valid=1 l_fwd=0.007,-0.995,-0.096 l_off=0.199,-0.228,-0.364 h_off=-0.012,-0.034,0.001
client level=warn t=441703 ev=vr.xr submit layers=1 result=0 fov=1.8850 aspect=0.9638
server level=info t=441891 ev=gameplay stage=message result=ok id=4 peerstage=5
client level=warn t=442375 ev=vr.weapon callers path=getter D5D832:180 B363FA:540 B3598D:180 B40A78:0
client level=warn t=442375 ev=vr.weapon callers path=ptr D98F49:900 D7FB5C:62 DB8CB6:180 12B0A09:180 16E8861:180 D8F242:180 D8B348:180 D8B9B5:180 D8492B:50 12B2284:22 D2F672:22 D7FF2C:10 F4276C:0 CE3C40:180 B35BEE:0
client level=warn t=442375 ev=vr.weapon callers path=xform D5896F:180
client level=warn t=442391 ev=vr.probe pose in_pos=1034.61,271.22,5.56 in_fwd=0.570,-0.150,0.808 in_fov=1.4242 out_pos=1034.65,271.34,5.53 out_fwd=0.897,-0.189,-0.399 out_fov=1.8850
client level=warn t=442641 ev=vr.xr hand yaw=-0.7721 r_valid=1 r_stale=1 r_fwd=0.933,-0.352,-0.080 r_up=0.331,0.746,0.578 r_off=0.140,-0.339,-0.359 r_palm=0.041,-0.328,-0.369 l_valid=1 l_fwd=0.004,-0.995,-0.097 l_off=0.197,-0.228,-0.360 h_off=0.056,0.199,0.006
client level=warn t=442641 ev=vr.xr pose fwd=0.975,0.221,0.013 off=0.056,0.199,0.006 fov=1.8850 aspect=0.964
client level=info t=442860 ev=nettick stage=sample latch=1 callbacks=36818
client level=warn t=443063 ev=vr.body anchor=-0.7098 head_yaw=1.1415 body_yaw=0.4331 error=-0.0011 counts_per_rad=579 servo=1
client level=warn t=443063 ev=vr.pad stats injected=494 held=0 mouse=8325,0 move=0.00,0.00 turn=0.00,0.00 trig=0.00,0.00 buttons=0x0
client level=warn t=443547 ev=vr.xr hand yaw=-0.7721 r_valid=1 r_stale=1 r_fwd=0.933,-0.352,-0.080 r_up=0.331,0.746,0.578 r_off=0.140,-0.339,-0.359 r_palm=0.041,-0.328,-0.369 l_valid=1 l_fwd=0.004,-0.995,-0.097 l_off=0.197,-0.228,-0.360 h_off=0.223,0.397,-0.036
client level=warn t=444438 ev=vr.xr hand yaw=-0.7721 r_valid=1 r_stale=1 r_fwd=0.933,-0.352,-0.080 r_up=0.331,0.746,0.578 r_off=0.140,-0.339,-0.359 r_palm=0.041,-0.328,-0.369 l_valid=1 l_fwd=0.004,-0.995,-0.097 l_off=0.197,-0.228,-0.360 h_off=0.376,0.433,-0.145
client level=info t=444860 ev=nettick stage=sample latch=1 callbacks=36952
server level=info t=445000 ev=gameplay stage=message result=ok id=4 peerstage=5
client level=warn t=445078 ev=vr.weapon callers path=getter D5D832:180 B363FA:540 B3598D:180 B40A78:0
client level=warn t=445078 ev=vr.weapon callers path=ptr D98F49:900 D7FB5C:60 DB8CB6:180 12B0A09:180 16E8861:180 D8F242:180 D8B348:180 D8B9B5:180 D8492B:50 12B2284:23 D2F672:23 D7FF2C:10 F4276C:0 CE3C40:12 B35BEE:0
client level=warn t=445078 ev=vr.weapon callers path=xform D5896F:180
client level=warn t=445094 ev=vr.probe pose in_pos=1034.61,271.22,5.56 in_fwd=0.478,0.345,0.808 in_fov=1.4242 out_pos=1034.97,271.66,5.42 out_fwd=0.804,0.592,-0.046 out_fov=1.8850
client level=warn t=445328 ev=vr.xr hand yaw=-0.7721 r_valid=1 r_stale=1 r_fwd=0.933,-0.352,-0.080 r_up=0.331,0.746,0.578 r_off=0.140,-0.339,-0.359 r_palm=0.041,-0.328,-0.369 l_valid=1 l_fwd=0.004,-0.995,-0.097 l_off=0.197,-0.228,-0.360 h_off=0.365,0.435,-0.144
client level=warn t=445328 ev=vr.xr pose fwd=0.808,0.587,-0.050 off=0.365,0.435,-0.144 fov=1.8850 aspect=0.964
client level=warn t=446500 ev=vr.body anchor=-0.7098 head_yaw=1.3476 body_yaw=0.6318 error=-0.0091 counts_per_rad=579 servo=1
client level=warn t=446500 ev=vr.pad stats injected=494 held=0 mouse=8276,0 move=0.00,0.00 turn=0.00,0.00 trig=0.00,0.00 buttons=0x0
client level=info t=446875 ev=nettick stage=sample latch=1 callbacks=37026
client level=warn t=447328 ev=vr.xr hand yaw=-0.7721 r_valid=1 r_stale=1 r_fwd=0.933,-0.352,-0.080 r_up=0.331,0.746,0.578 r_off=0.140,-0.339,-0.359 r_palm=0.041,-0.328,-0.369 l_valid=1 l_fwd=0.004,-0.995,-0.097 l_off=0.197,-0.228,-0.360 h_off=0.361,0.415,-0.135
client level=warn t=447328 ev=vr.xr submit layers=1 result=0 fov=1.8850 aspect=0.9638
server level=info t=447985 ev=gameplay stage=message result=ok id=4 peerstage=5
client level=warn t=448235 ev=vr.xr hand yaw=-0.7721 r_valid=1 r_stale=1 r_fwd=0.933,-0.352,-0.080 r_up=0.331,0.746,0.578 r_off=0.140,-0.339,-0.359 r_palm=0.041,-0.328,-0.369 l_valid=1 l_fwd=0.004,-0.995,-0.097 l_off=0.197,-0.228,-0.360 h_off=0.361,0.381,-0.125
client level=info t=448875 ev=nettick stage=sample latch=1 callbacks=37147
client level=warn t=448875 ev=vr.weapon callers path=getter D5D832:180 B363FA:540 B3598D:180 B40A78:0
client level=warn t=448875 ev=vr.weapon callers path=ptr D98F49:900 D7FB5C:52 DB8CB6:180 12B0A09:23 16E8861:180 D8F242:180 D8B348:180 D8B9B5:180 D8492B:45 12B2284:27 D2F672:27 D7FF2C:9 F4276C:0 CE3C40:0 B35BEE:0
client level=warn t=448875 ev=vr.weapon callers path=xform D5896F:180
client level=warn t=448891 ev=vr.probe pose in_pos=1034.61,271.22,5.56 in_fwd=0.476,0.348,0.808 in_fov=1.4242 out_pos=1034.95,271.61,5.44 out_fwd=0.872,0.481,-0.089 out_fov=1.8850
client level=warn t=449125 ev=vr.xr hand yaw=-0.7721 r_valid=1 r_stale=0 r_fwd=0.924,-0.370,-0.098 r_up=0.372,0.808,0.457 r_off=0.126,-0.367,-0.366 r_palm=0.027,-0.356,-0.371 l_valid=1 l_fwd=0.004,-0.995,-0.097 l_off=0.197,-0.228,-0.360 h_off=0.338,0.382,-0.111
client level=warn t=449125 ev=vr.xr pose fwd=0.876,0.475,-0.085 off=0.338,0.382,-0.111 fov=1.8850 aspect=0.964
client level=warn t=449547 ev=vr.body anchor=-0.7098 head_yaw=1.1921 body_yaw=0.6318 error=-0.1508 counts_per_rad=579 servo=1
client level=warn t=449547 ev=vr.pad stats injected=494 held=0 mouse=11334,0 move=0.00,0.00 turn=0.00,0.00 trig=0.00,0.00 buttons=0x0
client level=warn t=450031 ev=vr.xr hand yaw=-0.7721 r_valid=1 r_stale=1 r_fwd=0.924,-0.370,-0.098 r_up=0.372,0.808,0.457 r_off=0.126,-0.367,-0.366 r_palm=0.027,-0.356,-0.371 l_valid=1 l_fwd=0.004,-0.995,-0.097 l_off=0.197,-0.228,-0.360 h_off=0.340,0.373,-0.110
client level=info t=450875 ev=nettick stage=sample latch=1 callbacks=37281
client level=warn t=450922 ev=vr.xr hand yaw=-0.7721 r_valid=1 r_stale=1 r_fwd=0.924,-0.370,-0.098 r_up=0.372,0.808,0.457 r_off=0.126,-0.367,-0.366 r_palm=0.027,-0.356,-0.371 l_valid=1 l_fwd=0.004,-0.995,-0.097 l_off=0.197,-0.228,-0.360 h_off=0.204,0.319,-0.036
server level=info t=451094 ev=gameplay stage=message result=ok id=4 peerstage=5
server level=info t=451110 ev=ws701 stage=profile_setup result=complete
server level=info t=451110 ev=activity stage=writeback result=ok world_state=8
client level=warn t=451563 ev=vr.weapon callers path=getter D5D832:180 B363FA:540 B3598D:180 B40A78:0
client level=warn t=451563 ev=vr.weapon callers path=ptr D98F49:900 D7FB5C:60 DB8CB6:180 12B0A09:0 16E8861:180 D8F242:180 D8B348:180 D8B9B5:180 D8492B:50 12B2284:22 D2F672:22 D7FF2C:10 F4276C:0 CE3C40:0 B35BEE:0
client level=warn t=451563 ev=vr.weapon callers path=xform D5896F:180
client level=warn t=451578 ev=vr.probe pose in_pos=1034.61,271.22,5.56 in_fwd=0.476,0.348,0.808 in_fov=1.4242 out_pos=1034.73,271.48,5.55 out_fwd=0.934,0.324,-0.153 out_fov=1.8850
client level=warn t=451813 ev=vr.xr hand yaw=-0.7721 r_valid=1 r_stale=1 r_fwd=0.924,-0.370,-0.098 r_up=0.372,0.808,0.457 r_off=0.126,-0.367,-0.366 r_palm=0.027,-0.356,-0.371 l_valid=1 l_fwd=0.004,-0.995,-0.097 l_off=0.197,-0.228,-0.360 h_off=0.126,0.257,0.000
client level=warn t=451813 ev=vr.xr pose fwd=0.927,0.309,-0.210 off=0.126,0.257,0.000 fov=1.8850 aspect=0.964
client level=warn t=451813 ev=vr.xr submit layers=1 result=0 fov=1.8850 aspect=0.9638
client level=warn t=452250 ev=vr.body anchor=-0.7098 head_yaw=1.1125 body_yaw=0.6318 error=-0.2242 counts_per_rad=579 servo=1
client level=warn t=452250 ev=vr.pad stats injected=494 held=0 mouse=17195,0 move=0.00,0.00 turn=0.00,0.00 trig=0.00,0.00 buttons=0x0
client level=warn t=452391 ev=vr.xr session state=stopped
client level=info t=452875 ev=nettick stage=sample latch=1 callbacks=37417
client level=warn t=453235 ev=vr.xr session state=running
client level=warn t=453703 ev=vr.xr hand yaw=0.5696 r_valid=1 r_stale=1 r_fwd=0.571,0.815,-0.098 r_up=-0.702,0.546,0.457 r_off=0.386,0.039,-0.366 r_palm=0.353,-0.055,-0.371 l_valid=1 l_fwd=0.970,-0.223,-0.097 l_off=0.267,0.140,-0.360 h_off=0.049,0.023,-0.049
client level=warn t=454172 ev=vr.weapon callers path=getter D5D832:180 B363FA:540 B3598D:180 B40A78:0
client level=warn t=454172 ev=vr.weapon callers path=ptr D98F49:900 D7FB5C:60 DB8CB6:180 12B0A09:0 16E8861:180 D8F242:180 D8B348:180 D8B9B5:180 D8492B:50 12B2284:22 D2F672:22 D7FF2C:10 F4276C:0 CE3C40:0 B35BEE:0
client level=warn t=454172 ev=vr.weapon callers path=xform D5896F:180
client level=warn t=454188 ev=vr.probe pose in_pos=1034.61,271.22,5.56 in_fwd=0.476,0.348,0.808 in_fov=1.4242 out_pos=1034.60,271.17,5.54 out_fwd=0.807,0.509,0.298 out_fov=1.8850
server level=info t=454203 ev=gameplay stage=message result=ok id=4 peerstage=5
client level=warn t=454610 ev=vr.xr hand yaw=0.5696 r_valid=1 r_stale=1 r_fwd=0.571,0.815,-0.098 r_up=-0.702,0.546,0.457 r_off=0.386,0.039,-0.366 r_palm=0.353,-0.055,-0.371 l_valid=1 l_fwd=0.970,-0.223,-0.097 l_off=0.267,0.140,-0.360 h_off=-0.012,-0.062,-0.021
client level=warn t=454844 ev=vr.body anchor=0.6318 head_yaw=-0.0765 body_yaw=0.6318 error=-0.0762 counts_per_rad=579 servo=1
client level=warn t=454844 ev=vr.pad stats injected=494 held=0 mouse=18352,0 move=0.00,0.00 turn=0.00,0.00 trig=0.00,0.00 buttons=0x0
client level=info t=454891 ev=nettick stage=sample latch=1 callbacks=37554
client level=warn t=455500 ev=vr.xr hand yaw=0.5696 r_valid=1 r_stale=1 r_fwd=0.571,0.815,-0.098 r_up=-0.702,0.546,0.457 r_off=0.386,0.039,-0.366 r_palm=0.353,-0.055,-0.371 l_valid=1 l_fwd=0.970,-0.223,-0.097 l_off=0.267,0.140,-0.360 h_off=-0.027,-0.057,-0.005
client level=warn t=455500 ev=vr.xr pose fwd=0.816,0.516,0.260 off=-0.027,-0.057,-0.005 fov=1.8850 aspect=0.964
client level=warn t=456531 ev=vr.xr hand yaw=0.5696 r_valid=1 r_stale=1 r_fwd=0.571,0.815,-0.098 r_up=-0.702,0.546,0.457 r_off=0.386,0.039,-0.366 r_palm=0.353,-0.055,-0.371 l_valid=1 l_fwd=0.970,-0.223,-0.097 l_off=0.267,0.140,-0.360 h_off=-0.030,-0.053,-0.005
client level=info t=456891 ev=nettick stage=sample latch=1 callbacks=37684
client level=warn t=456938 ev=vr.weapon callers path=getter D5D832:180 B363FA:540 B3598D:180 B40A78:0
client level=warn t=456938 ev=vr.weapon callers path=ptr D98F49:900 D7FB5C:66 DB8CB6:180 12B0A09:0 16E8861:180 D8F242:180 D8B348:180 D8B9B5:180 D8492B:54 12B2284:23 D2F672:23 D7FF2C:10 F4276C:0 CE3C40:0 B35BEE:0
client level=warn t=456938 ev=vr.weapon callers path=xform D5896F:180
client level=warn t=456953 ev=vr.probe pose in_pos=1034.61,271.22,5.56 in_fwd=0.476,0.348,0.808 in_fov=1.4242 out_pos=1034.60,271.20,5.54 out_fwd=0.779,0.526,0.341 out_fov=1.8850
server level=info t=457281 ev=gameplay stage=message result=ok id=4 peerstage=5
client level=warn t=457438 ev=vr.xr hand yaw=0.5696 r_valid=1 r_stale=1 r_fwd=0.571,0.815,-0.098 r_up=-0.702,0.546,0.457 r_off=0.386,0.039,-0.366 r_palm=0.353,-0.055,-0.371 l_valid=1 l_fwd=0.970,-0.223,-0.097 l_off=0.267,0.140,-0.360 h_off=-0.002,-0.024,-0.021
client level=warn t=457438 ev=vr.xr submit layers=1 result=0 fov=1.8850 aspect=0.9638
client level=warn t=457594 ev=vr.body anchor=0.6318 head_yaw=-0.0381 body_yaw=0.6318 error=-0.0379 counts_per_rad=579 servo=1
client level=warn t=457594 ev=vr.pad stats injected=494 held=0 mouse=21043,0 move=0.00,0.00 turn=0.00,0.00 trig=0.00,0.00 buttons=0x0
client level=warn t=458078 ev=vr.xr session state=stopped
client level=info t=458891 ev=nettick stage=sample latch=1 callbacks=37825
client level=warn t=459422 ev=vr.weapon callers path=getter D5D832:180 B363FA:540 B3598D:180 B40A78:0
client level=warn t=459422 ev=vr.weapon callers path=ptr D98F49:900 D7FB5C:60 DB8CB6:180 12B0A09:0 16E8861:180 D8F242:180 D8B348:180 D8B9B5:180 D8492B:51 12B2284:21 D2F672:21 D7FF2C:11 F4276C:0 CE3C40:0 B35BEE:0
client level=warn t=459422 ev=vr.weapon callers path=xform D5896F:180
client level=warn t=459422 ev=vr.probe pose in_pos=1034.61,271.22,5.56 in_fwd=0.476,0.348,0.808 in_fov=1.4242 out_pos=1034.61,271.22,5.56 out_fwd=0.476,0.348,0.808 out_fov=1.4242
client level=warn t=459985 ev=vr.body anchor=0.6318 head_yaw=-0.2088 body_yaw=0.6318 error=0.0000 counts_per_rad=579 servo=1
client level=warn t=459985 ev=vr.pad stats injected=494 held=0 mouse=21520,0 move=0.00,0.00 turn=0.00,0.00 trig=0.00,0.00 buttons=0x0
server level=info t=460391 ev=gameplay stage=message result=ok id=4 peerstage=5
client level=info t=460891 ev=nettick stage=sample latch=1 callbacks=37981
client level=warn t=461813 ev=vr.weapon callers path=getter D5D832:180 B363FA:540 B3598D:180 B40A78:0
client level=warn t=461813 ev=vr.weapon callers path=ptr D98F49:900 D7FB5C:58 DB8CB6:180 12B0A09:0 16E8861:180 D8F242:180 D8B348:180 D8B9B5:180 D8492B:45 12B2284:20 D2F672:20 D7FF2C:9 F4276C:1 CE3C40:0 B35BEE:34
client level=warn t=461813 ev=vr.weapon callers path=xform D5896F:180
client level=warn t=461828 ev=vr.probe pose in_pos=1034.61,271.22,5.56 in_fwd=0.476,0.348,0.808 in_fov=1.4242 out_pos=1034.61,271.22,5.56 out_fwd=0.476,0.348,0.808 out_fov=1.4242
client level=warn t=462422 ev=vr.body anchor=0.6318 head_yaw=-0.2088 body_yaw=0.6318 error=0.0000 counts_per_rad=579 servo=1
client level=warn t=462422 ev=vr.pad stats injected=494 held=0 mouse=21520,0 move=0.00,0.00 turn=0.00,0.00 trig=0.00,0.00 buttons=0x0
client level=info t=462891 ev=nettick stage=sample latch=1 callbacks=38127
server level=info t=463500 ev=gameplay stage=message result=ok id=4 peerstage=5
client level=warn t=464188 ev=vr.weapon callers path=getter D5D832:180 B363FA:540 B3598D:180 B40A78:0
client level=warn t=464188 ev=vr.weapon callers path=ptr D98F49:900 D7FB5C:56 DB8CB6:180 12B0A09:0 16E8861:180 D8F242:180 D8B348:180 D8B9B5:180 D8492B:50 12B2284:20 D2F672:20 D7FF2C:10 F4276C:2 CE3C40:0 B35BEE:9
client level=warn t=464188 ev=vr.weapon callers path=xform D5896F:180
client level=warn t=464203 ev=vr.probe pose in_pos=1034.61,271.22,5.56 in_fwd=0.476,0.348,0.808 in_fov=1.4242 out_pos=1034.61,271.22,5.56 out_fwd=0.476,0.348,0.808 out_fov=1.4242
client level=warn t=464813 ev=vr.body anchor=0.6318 head_yaw=-0.2088 body_yaw=0.6318 error=0.0000 counts_per_rad=579 servo=1
client level=warn t=464813 ev=vr.pad stats injected=494 held=0 mouse=21520,0 move=0.00,0.00 turn=0.00,0.00 trig=0.00,0.00 buttons=0x0
client level=info t=464891 ev=nettick stage=sample latch=1 callbacks=38277
server level=info t=466594 ev=gameplay stage=message result=ok id=4 peerstage=5
client level=warn t=466641 ev=vr.weapon callers path=getter D5D832:180 B363FA:540 B3598D:180 B40A78:0
client level=warn t=466641 ev=vr.weapon callers path=ptr D98F49:900 D7FB5C:48 DB8CB6:180 12B0A09:0 16E8861:180 D8F242:180 D8B348:180 D8B9B5:180 D8492B:40 12B2284:21 D2F672:21 D7FF2C:8 F4276C:2 CE3C40:0 B35BEE:0
client level=warn t=466641 ev=vr.weapon callers path=xform D5896F:180
client level=warn t=466641 ev=vr.probe pose in_pos=1034.61,271.22,5.56 in_fwd=0.476,0.348,0.808 in_fov=1.4242 out_pos=1034.61,271.22,5.56 out_fwd=0.476,0.348,0.808 out_fov=1.4242
client level=info t=466891 ev=nettick stage=sample latch=1 callbacks=38426
client level=warn t=467235 ev=vr.body anchor=0.6318 head_yaw=-0.2088 body_yaw=0.6318 error=0.0000 counts_per_rad=579 servo=1
client level=warn t=467235 ev=vr.pad stats injected=494 held=0 mouse=21520,0 move=0.00,0.00 turn=0.00,0.00 trig=0.00,0.00 buttons=0x0
client level=info t=468891 ev=nettick stage=sample latch=1 callbacks=38574
client level=warn t=469063 ev=vr.weapon callers path=getter D5D832:180 B363FA:540 B3598D:180 B40A78:0
client level=warn t=469063 ev=vr.weapon callers path=ptr D98F49:900 D7FB5C:66 DB8CB6:180 12B0A09:0 16E8861:180 D8F242:180 D8B348:180 D8B9B5:180 D8492B:50 12B2284:20 D2F672:20 D7FF2C:10 F4276C:3 CE3C40:0 B35BEE:0
client level=warn t=469063 ev=vr.weapon callers path=xform D5896F:180
client level=warn t=469063 ev=vr.probe pose in_pos=1034.61,271.22,5.56 in_fwd=0.476,0.348,0.808 in_fov=1.4242 out_pos=1034.61,271.22,5.56 out_fwd=0.476,0.348,0.808 out_fov=1.4242
client level=warn t=469641 ev=vr.body anchor=0.6318 head_yaw=-0.2088 body_yaw=0.6318 error=0.0000 counts_per_rad=579 servo=1
client level=warn t=469641 ev=vr.pad stats injected=494 held=0 mouse=21520,0 move=0.00,0.00 turn=0.00,0.00 trig=0.00,0.00 buttons=0x0
server level=info t=469688 ev=gameplay stage=message result=ok id=4 peerstage=5
client level=warn t=469735 ev=vr.xr session state=running
client level=info t=470047 ev=retail site=89 text=world_controller:state_manager: The host appears to be launching a different game, sploiking back out through orbit to sync up.
client level=info t=470047 ev=retail site=90 text=world_controller:state_manager: Prerequisite 'ENUM(30)' failed for reason 'unavailable' [context: ], proceeding to cleanup state.
client level=info t=470063 ev=retail site=17 text=world_controller:retail_datamine: Total time spent: [381323] ms in world controller state: [38] name: [activity:in_world]
client level=info t=470063 ev=retail site=45 text=world_controller:slice_set_transition_manager: Mode changed from 'fully_enabled' to 'disabled'.
client level=info t=470063 ev=retail site=48 text=world_controller:slice_set_transition_manager: Stopping transition of type 'transitioning:normal_z_leg' due to SSTM disabled
client level=info t=470063 ev=retail site=3 text=world_controller:state_manager: Entering state 'cleanup' for reason 'unavailable'.
client level=info t=470063 ev=retail site=33 text=world_controller:state:cleanup: Requested task mask: '0x00e0010cb0fbdf3d'
client level=info t=470063 ev=retail site=34 text=world_controller:task_manager: Started   task 'ENUM(0)'.
client level=info t=470063 ev=retail site=35 text=world_controller:task_manager: Completed task 'ENUM(0)' after '0ms'.
client level=info t=470063 ev=retail site=34 text=world_controller:task_manager: Started   task 'ENUM(2)'.
client level=info t=470063 ev=retail site=35 text=world_controller:task_manager: Completed task 'ENUM(2)' after '0ms'.
client level=info t=470063 ev=retail site=34 text=world_controller:task_manager: Started   task 'ENUM(3)'.
client level=info t=470063 ev=retail site=35 text=world_controller:task_manager: Completed task 'ENUM(3)' after '0ms'.
client level=info t=470063 ev=retail site=34 text=world_controller:task_manager: Started   task 'ENUM(4)'.
client level=info t=470063 ev=retail site=34 text=world_controller:task_manager: Started   task 'ENUM(5)'.
client level=info t=470063 ev=retail site=35 text=world_controller:task_manager: Completed task 'ENUM(5)' after '0ms'.
client level=info t=470063 ev=retail site=34 text=world_controller:task_manager: Started   task 'ENUM(8)'.
client level=info t=470063 ev=retail site=35 text=world_controller:task_manager: Completed task 'ENUM(8)' after '0ms'.
client level=info t=470063 ev=retail site=34 text=world_controller:task_manager: Started   task 'ENUM(9)'.
client level=info t=470063 ev=retail site=35 text=world_controller:task_manager: Completed task 'ENUM(9)' after '0ms'.
client level=info t=470063 ev=retail site=34 text=world_controller:task_manager: Started   task 'ENUM(10)'.
client level=info t=470063 ev=retail site=35 text=world_controller:task_manager: Completed task 'ENUM(10)' after '0ms'.
client level=info t=470063 ev=retail site=91 text=networking:session:handoff: [posse:E5A006EA:377F90F8] leaving session 'gracefully' (state host-established)
client level=info t=470063 ev=retail site=92 text=networking:session:protocol: [posse:E5A006EA:377F90F8] host-handoff (leaving), target peer '-1', nobody else in session, leaving immediately
client level=info t=470063 ev=retail site=91 text=networking:session:handoff: [posse:E5A006EA:377F90F8] leaving session 'immediately' (state host-established)
client level=info t=470063 ev=retail site=36 text=networking:session: [posse:E5A006EA:377F90F8] session state is changing from 'host-established' to 'host-disband'.
client level=info t=470063 ev=retail site=34 text=world_controller:task_manager: Started   task 'ENUM(11)'.
client level=info t=470063 ev=retail site=34 text=world_controller:task_manager: Started   task 'ENUM(12)'.
client level=info t=470063 ev=retail site=35 text=world_controller:task_manager: Completed task 'ENUM(12)' after '0ms'.
client level=info t=470063 ev=retail site=34 text=world_controller:task_manager: Started   task 'ENUM(14)'.
client level=info t=470063 ev=retail site=35 text=world_controller:task_manager: Completed task 'ENUM(14)' after '0ms'.
client level=info t=470063 ev=retail site=34 text=world_controller:task_manager: Started   task 'ENUM(15)'.
client level=info t=470063 ev=retail site=35 text=world_controller:task_manager: Completed task 'ENUM(15)' after '0ms'.
client level=info t=470063 ev=retail site=34 text=world_controller:task_manager: Started   task 'ENUM(16)'.
client level=info t=470063 ev=retail site=35 text=world_controller:task_manager: Completed task 'ENUM(16)' after '0ms'.
client level=info t=470063 ev=retail site=34 text=world_controller:task_manager: Started   task 'ENUM(17)'.
client level=info t=470063 ev=retail site=34 text=world_controller:task_manager: Started   task 'ENUM(19)'.
client level=info t=470063 ev=retail site=34 text=world_controller:task_manager: Started   task 'ENUM(20)'.
client level=info t=470063 ev=retail site=35 text=world_controller:task_manager: Completed task 'ENUM(20)' after '0ms'.
client level=info t=470063 ev=retail site=34 text=world_controller:task_manager: Started   task 'ENUM(21)'.
client level=info t=470063 ev=retail site=34 text=world_controller:task_manager: Started   task 'ENUM(28)'.
client level=info t=470063 ev=retail site=34 text=world_controller:task_manager: Started   task 'ENUM(31)'.
client level=info t=470063 ev=retail site=35 text=world_controller:task_manager: Completed task 'ENUM(31)' after '0ms'.
client level=info t=470063 ev=retail site=34 text=world_controller:task_manager: Started   task 'ENUM(54)'.
client level=info t=470063 ev=retail site=35 text=world_controller:task_manager: Completed task 'ENUM(54)' after '0ms'.
client level=info t=470063 ev=retail site=34 text=world_controller:task_manager: Started   task 'ENUM(55)'.
client level=info t=470063 ev=retail site=38 text=world_controller:state:cleanup: After 0ms, status: '2', tasks active: '0x00800000102a0810', pending: '0x0020010c20c00000', requested: '0x00e0010cb0fbdf3d'
client level=info t=470063 ev=retail site=93 text=networking:session: [posse:E5A006EA:377F90F8] idle-host-disband disconnecting the session.
client level=info t=470063 ev=retail site=94 text=networking:session: [posse:E5A006EA:377F90F8] disconnecting 'posse' session (state host-disband / policy allowed)
client level=info t=470078 ev=retail site=35 text=world_controller:task_manager: Completed task 'ENUM(11)' after '24ms'.
client level=info t=470078 ev=retail site=35 text=world_controller:task_manager: Completed task 'ENUM(17)' after '25ms'.
client level=info t=470078 ev=retail site=35 text=world_controller:task_manager: Completed task 'ENUM(19)' after '25ms'.
client level=info t=470078 ev=retail site=34 text=world_controller:task_manager: Started   task 'ENUM(23)'.
client level=info t=470078 ev=retail site=35 text=world_controller:task_manager: Completed task 'ENUM(28)' after '25ms'.
client level=info t=470078 ev=retail site=37 text=world_controller:retail_datamine: About to attempt retail log upload. We have '285' events, dropped '0' from THIS session due to upload cap, and have '95' unique event IDs.
client level=info t=470078 ev=retail site=34 text=world_controller:task_manager: Started   task 'ENUM(29)'.
client level=info t=470078 ev=retail site=35 text=world_controller:task_manager: Completed task 'ENUM(29)' after '0ms'.
client level=info t=470078 ev=retail site=34 text=world_controller:task_manager: Started   task 'ENUM(34)'.
client level=info t=470078 ev=retail site=35 text=world_controller:task_manager: Completed task 'ENUM(34)' after '0ms'.
client level=info t=470094 ev=retail site=35 text=world_controller:task_manager: Completed task 'ENUM(4)' after '40ms'.
server level=info t=470094 squad_entity_retirement stage=capture_source bubble=17 accepted=0 selected=0 slots=-
server level=info t=470110 ev=activity stage=peer_leave result=read peer=0x35F900ECFC25A1B0
client level=warn t=470125 ev=vr.xr hand yaw=0.5696 r_valid=1 r_stale=0 r_fwd=0.705,0.707,-0.057 r_up=-0.538,0.585,0.607 r_off=0.452,-0.073,-0.367 r_palm=0.401,-0.157,-0.380 l_valid=1 l_fwd=0.914,-0.396,-0.092 l_off=0.370,0.006,-0.340 h_off=-0.011,-0.059,-0.018
client level=warn t=470125 ev=vr.xr pose fwd=0.822,0.541,-0.177 off=-0.011,-0.059,-0.018 fov=1.8850 aspect=0.964
client level=info t=470250 ev=retail site=23 text=world_controller: successfully changed world to:
client level=info t=470250 ev=retail site=35 text=world_controller:task_manager: Completed task 'ENUM(21)' after '188ms'.
client level=info t=470250 ev=retail site=34 text=world_controller:task_manager: Started   task 'ENUM(22)'.
client level=info t=470250 ev=retail site=34 text=world_controller:task_manager: Started   task 'ENUM(53)'.
client level=info t=470250 ev=retail site=35 text=world_controller:task_manager: Completed task 'ENUM(55)' after '188ms'.
client level=info t=470250 ev=retail site=67 text=networking:activity_client:activity_host_changed: instance=PRIVATE CURRENT, ah-sid=, zombie-instance-nonce=0
client level=info t=470250 ev=retail site=95 text=networking:server:bap: [BAP ID  1 desc:OUT FAH - _connected] Killing.
client level=info t=470250 ev=retail site=96 text=networking:server:bap: [BAP ID  1 desc:OUT FAH - _connected] Last status before fatal error was '_connected[127.0.0.1:30974]-> 1.5s avg/s [rx 0.0p  0.0kb][tx 1.3p  0.7kb][tx block  0.0/q-rem  0.0/s-rem  0.0]'.
client level=info t=470250 ev=retail site=97 text=networking:server:bap: [BAP ID  1 desc:OUT FAH - _connected] Socket stats before fatal error: no socket stats available
client level=info t=470250 ev=retail site=98 text=networking:server:bap: [BAP ID  1 desc:OUT FAH - _connected] Fatal error '_connection_failure_suicide' raised.
client level=info t=470250 ev=retail site=99 text=networking:server:bap: [BAP ID  1 desc:OUT FAH - _dead] Stopping.
client level=info t=470250 ev=retail site=100 text=networking:investment:bap_message_queue: [BAP ID  1 desc:OUT FAH] Stopping...
client level=info t=470250 ev=retail site=80 text=networking:channel:packet_loss_stats: [dir:127.0.0.1(id=0):30986#bh64] Incoming packet read result summary - 0 ok, 0 discard, 490 discard-expected, 0 corrupt
client level=info t=470250 ev=retail site=81 text=networking:channel:packet_loss_stats: [dir:127.0.0.1(id=0):30986#bh64] Outgoing packet delivery summary - 490 delivered, 0 of those out-of-order, 0 lost - highest loss fraction seen 0.000
client level=info t=470250 ev=retail site=82 text=networking:channel: channel dir:127.0.0.1(id=0):30986#bh64(id '20') (ra: ''dir:127.0.0.1(id=0):30986'') state change connected -> closed
client level=info t=470250 ev=retail site=83 text=networking:channel_manager: channel 'dir:127.0.0.1(id=0):30986#bh64' (1): channel closed (reason=channel-manager-owners-released) because 'dir:127.0.0.1(id=0):30986' can't be reached, resetting security
client level=info t=470250 ev=retail site=35 text=world_controller:task_manager: Completed task 'ENUM(23)' after '166ms'.
server level=info t=470250 ev=mission_script stage=close result=stale_generation session=11433003384888623105 activity_row=8
server level=warn t=470250 ev=mission_script stage=attach result=no_activity_link session=11433003384888623105
server level=info t=470250 ev=gameplay stage=peer result=closed reason=10
client level=info t=470891 ev=nettick stage=sample latch=1 callbacks=38688
client level=info t=471094 ev=retail site=35 text=world_controller:task_manager: Completed task 'ENUM(22)' after '843ms'.
client level=info t=471094 ev=retail site=34 text=world_controller:task_manager: Started   task 'ENUM(35)'.
client level=info t=471094 ev=retail site=34 text=world_controller:task_manager: Started   task 'ENUM(40)'.
client level=info t=471094 ev=retail site=35 text=world_controller:task_manager: Completed task 'ENUM(40)' after '0ms'.
client level=info t=471344 ev=retail site=35 text=world_controller:task_manager: Completed task 'ENUM(53)' after '1093ms'.
client level=warn t=471391 ev=vr.xr hand yaw=0.5696 r_valid=1 r_stale=1 r_fwd=0.705,0.707,-0.057 r_up=-0.538,0.585,0.607 r_off=0.452,-0.073,-0.367 r_palm=0.401,-0.157,-0.380 l_valid=1 l_fwd=0.914,-0.396,-0.092 l_off=0.370,0.006,-0.340 h_off=-0.041,-0.061,0.005
client level=info t=471844 ev=retail site=23 text=world_controller: successfully changed world to: orbit_d2
client level=info t=471844 ev=retail site=73 text=networking:update: *** it has been 212 milliseconds since the last network update (longest expected: '500')
client level=info t=471844 ev=retail site=35 text=world_controller:task_manager: Completed task 'ENUM(35)' after '754ms'.
client level=info t=471844 ev=retail site=17 text=world_controller:retail_datamine: Total time spent: [1785] ms in world controller state: [28] name: [cleanup]
client level=info t=471844 ev=retail site=3 text=world_controller:state_manager: Entering state 'setup:orbit' for reason 'unavailable'.
client level=info t=471844 ev=retail site=45 text=world_controller:slice_set_transition_manager: Mode changed from 'disabled' to 'fully_enabled'.
client level=info t=471844 ev=retail site=11 text=world_controller:retail_datamine: Timed operation: [ENUM(16)], took: [1785 ms], average: [1785.000000 ms], min: [1785.000000], max: [1785.000000], count: [1]
client level=info t=471844 ev=retail site=46 text=world_controller:slice_set_transition_manager: Failed to find the Orbit slice-set name for destination 'HASH(0x13a023bc)', so we're falling back to a new character (Orbit destination 'HASH(0x59ad083e)', slice-set 'HASH(0x841b4ef7)').
client level=info t=471844 ev=retail site=47 text=world_controller:slice_set_transition_manager: Starting a new transition of type 'transitioning:orbit' to 'PRV24.24 (HASH: 0x841b4ef7)'; token advanced to 001
server level=info t=471891 ev=ws701 stage=profile_setup result=complete
server level=info t=471906 ev=activity stage=writeback result=ok world_state=1
client level=info t=472344 ev=retail site=48 text=world_controller:slice_set_transition_manager: Stopping transition of type 'transitioning:orbit' due to completed
client level=warn t=472406 ev=vr.xr hand yaw=3.0115 r_valid=1 r_stale=1 r_fwd=-0.995,-0.087,-0.057 r_up=0.034,-0.794,0.607 r_off=-0.299,0.346,-0.367 r_palm=-0.205,0.378,-0.380 l_valid=1 l_fwd=-0.444,0.891,-0.092 l_off=-0.287,0.234,-0.340 h_off=0.075,0.065,-0.009
client level=info t=472672 ev=retail site=17 text=world_controller:retail_datamine: Total time spent: [824] ms in world controller state: [29] name: [setup:orbit]
client level=info t=472672 ev=retail site=45 text=world_controller:slice_set_transition_manager: Mode changed from 'fully_enabled' to 'disabled'.
client level=info t=472672 ev=retail site=49 text=networking:online:matchmaking: Active matchmaking interface type: 0
client level=info t=472672 ev=retail site=3 text=world_controller:state_manager: Entering state 'setup:activity_session_creation' for reason 'unavailable'.
client level=info t=472672 ev=retail site=50 text=world_controller:task_manager: Started   task 'ENUM(0)'.
client level=info t=472672 ev=retail site=50 text=world_controller:task_manager: Started   task 'ENUM(4)'.
client level=info t=472672 ev=retail site=51 text=world_controller:task_manager: Completed task 'ENUM(4)' after '0ms'.
client level=info t=472672 ev=retail site=52 text=world_controller:state:activity_session_creation: Waiting for session peer properties to be in the expected state (no AH ids). FT [EXPECTED], POSSE [WAITING]
client level=info t=472672 ev=retail site=50 text=world_controller:task_manager: Started   task 'ENUM(5)'.
client level=info t=472703 ev=retail site=49 text=networking:online:matchmaking: Active matchmaking interface type: 0
client level=info t=472703 ev=retail site=51 text=world_controller:task_manager: Completed task 'ENUM(0)' after '39ms'.
client level=info t=472703 ev=retail site=50 text=world_controller:task_manager: Started   task 'ENUM(1)'.
server level=info t=472719 ev=bap svc=42 stage=configuration result=ok activity_hash=0xF858B379 type_hash=0xD07BB2D7 activity=10 name=fleet_freeroam current_activity_policy=0 changed=0
client level=info t=472750 ev=retail site=51 text=world_controller:task_manager: Completed task 'ENUM(1)' after '38ms'.
client level=info t=472750 ev=retail site=50 text=world_controller:task_manager: Started   task 'ENUM(2)'.
client level=warn t=472844 ev=vr.body anchor=3.0737 head_yaw=-0.7721 body_yaw=3.0772 error=-0.7780 counts_per_rad=579 servo=1
client level=warn t=472844 ev=vr.pad stats injected=494 held=0 mouse=23015,0 move=0.00,0.00 turn=0.00,0.00 trig=0.00,0.00 buttons=0x0
server level=info t=472860 ev=ws701 stage=profile_setup result=complete
server level=info t=472860 ev=activity stage=writeback result=ok world_state=1
client level=info t=472891 ev=nettick stage=sample latch=1 callbacks=38816
client level=warn t=473250 ev=vr.xr hand yaw=3.0115 r_valid=1 r_stale=1 r_fwd=-0.995,-0.087,-0.057 r_up=0.034,-0.794,0.607 r_off=-0.299,0.346,-0.367 r_palm=-0.205,0.378,-0.380 l_valid=1 l_fwd=-0.444,0.891,-0.092 l_off=-0.287,0.234,-0.340 h_off=0.078,0.060,-0.007
client level=warn t=473250 ev=vr.xr pose fwd=-0.870,0.477,-0.122 off=0.078,0.060,-0.007 fov=1.8850 aspect=0.964
client level=info t=473391 ev=retail site=39 text=networking:session:membership:dump: [posse:00000000:00000000] update_number: 2, leader_peer_index: # 0, host_peer_index: # 0
client level=info t=473391 ev=retail site=40 text=networking:session:membership:dump:   peers valid: 0x1, non-dormant: 0x1, changed: 0x1, removed: 0x0; players valid: 0x1, changed: 0x0, removed: 0x0
client level=info t=473391 ev=retail site=41 text=networking:session:membership:dump:   peer # 0 a=[steamid:76561198776753861#7c18166875b90f9d] s=          _connected o=-1 j=[XXXXXXXX-XXXXXXXX] amb=[XXXXXXXX-XXXXXXXX] pc=1 peer_name=<UNKNOWN PEER NAME> session_id=Wed_09092026_131449_018132@x64@unknown_pc_user@B0_A1_25_FC_EC_00_F935 flags=6
client level=info t=473391 ev=retail site=36 text=networking:session: [posse:00000000:00000000] session state is changing from 'none' to 'host-established'.
client level=info t=473391 ev=retail site=53 text=networking:session:create: join-driven session creation (local and remote peers) assigned a promordial join nonce of 8BA53288-643D4B88
client level=info t=473391 ev=retail site=39 text=networking:session:membership:dump: [posse:00000000:00000000] update_number: 5, leader_peer_index: # 0, host_peer_index: # 0
client level=info t=473391 ev=retail site=40 text=networking:session:membership:dump:   peers valid: 0x1, non-dormant: 0x1, changed: 0x1, removed: 0x0; players valid: 0x1, changed: 0x0, removed: 0x0
client level=info t=473391 ev=retail site=41 text=networking:session:membership:dump:   peer # 0 a=[steamid:76561198776753861#7c18166875b90f9d] s=            _joining o=-1 j=[8BA53288-643D4B88] amb=[XXXXXXXX-XXXXXXXX] pc=1 peer_name=<UNKNOWN PEER NAME> session_id=Wed_09092026_131449_018132@x64@unknown_pc_user@B0_A1_25_FC_EC_00_F935 flags=6
client level=info t=473406 ev=retail site=50 text=world_controller:task_manager: Started   task 'ENUM(3)'.
client level=info t=473406 ev=retail site=51 text=world_controller:task_manager: Completed task 'ENUM(3)' after '0ms'.
client level=info t=473406 ev=retail site=51 text=world_controller:task_manager: Completed task 'ENUM(5)' after '742ms'.
client level=info t=473406 ev=retail site=54 text=world_controller:session_manager: PRIVATE session [posse:00000000:00000000] unable to get session keys.
client level=info t=473438 ev=retail site=51 text=world_controller:task_manager: Completed task 'ENUM(2)' after '693ms'.
client level=info t=473438 ev=retail site=55 text=world_controller:state:activity_session_creation: As HOST, peers done: skill read: , config refresh: 0, reputation read: 0
client level=info t=473453 ev=retail site=42 text=networking:session:process-pending-joins: [posse:DE7E9DF4:6AB91C6A] marking all peers in join [8BA53288-643D4B88] as joined
client level=info t=473453 ev=retail site=39 text=networking:session:membership:dump: [posse:DE7E9DF4:6AB91C6A] update_number: 7, leader_peer_index: # 0, host_peer_index: # 0
client level=info t=473453 ev=retail site=40 text=networking:session:membership:dump:   peers valid: 0x1, non-dormant: 0x1, changed: 0x1, removed: 0x0; players valid: 0x1, changed: 0x0, removed: 0x0
client level=info t=473453 ev=retail site=41 text=networking:session:membership:dump:   peer # 0 a=[steamid:76561198776753861#7c18166875b90f9d] s=            _waiting o=-1 j=[8BA53288-643D4B88] amb=[XXXXXXXX-XXXXXXXX] pc=1 peer_name=<UNKNOWN PEER NAME> session_id=Wed_09092026_131449_018132@x64@unknown_pc_user@B0_A1_25_FC_EC_00_F935 flags=6
client level=info t=473453 ev=retail site=43 text=networking:session:process-pending-joins: [posse:DE7E9DF4:6AB91C6A] marking all peers in join [8BA53288-643D4B88] as ready, [56] ms since peer [0] created, [473511] since join was queued
client level=info t=473453 ev=retail site=39 text=networking:session:membership:dump: [posse:DE7E9DF4:6AB91C6A] update_number: 8, leader_peer_index: # 0, host_peer_index: # 0
client level=info t=473453 ev=retail site=40 text=networking:session:membership:dump:   peers valid: 0x1, non-dormant: 0x1, changed: 0x1, removed: 0x0; players valid: 0x1, changed: 0x0, removed: 0x0
client level=info t=473453 ev=retail site=41 text=networking:session:membership:dump:   peer # 0 a=[steamid:76561198776753861#7c18166875b90f9d] s=              _ready o=-1 j=[8BA53288-643D4B88] amb=[XXXXXXXX-XXXXXXXX] pc=1 peer_name=<UNKNOWN PEER NAME> session_id=Wed_09092026_131449_018132@x64@unknown_pc_user@B0_A1_25_FC_EC_00_F935 flags=6
client level=info t=473485 ev=retail site=39 text=networking:session:membership:dump: [posse:DE7E9DF4:6AB91C6A] update_number: 9, leader_peer_index: # 0, host_peer_index: # 0
client level=info t=473485 ev=retail site=40 text=networking:session:membership:dump:   peers valid: 0x1, non-dormant: 0x1, changed: 0xffffffff, removed: 0x0; players valid: 0x1, changed: 0xffffffff, removed: 0x0
client level=info t=473485 ev=retail site=41 text=networking:session:membership:dump:   peer # 0 a=[steamid:76561198776753861#7c18166875b90f9d] s=              _ready o=-1 j=[8BA53288-643D4B88] amb=[XXXXXXXX-XXXXXXXX] pc=1 peer_name=<UNKNOWN PEER NAME> session_id=Wed_09092026_131449_018132@x64@unknown_pc_user@B0_A1_25_FC_EC_00_F935 flags=7
client level=info t=473485 ev=retail site=44 text=networking:session:process-pending-joins: [posse:DE7E9DF4:6AB91C6A] marking all peers in join [8BA53288-643D4B88] as established
client level=info t=473485 ev=retail site=39 text=networking:session:membership:dump: [posse:DE7E9DF4:6AB91C6A] update_number: 11, leader_peer_index: # 0, host_peer_index: # 0
client level=info t=473485 ev=retail site=40 text=networking:session:membership:dump:   peers valid: 0x1, non-dormant: 0x1, changed: 0x1, removed: 0x0; players valid: 0x1, changed: 0x0, removed: 0x0
client level=info t=473485 ev=retail site=41 text=networking:session:membership:dump:   peer # 0 a=[steamid:76561198776753861#7c18166875b90f9d] s=        _established o=-1 j=[XXXXXXXX-XXXXXXXX] amb=[XXXXXXXX-XXXXXXXX] pc=1 peer_name=<UNKNOWN PEER NAME> session_id=Wed_09092026_131449_018132@x64@unknown_pc_user@B0_A1_25_FC_EC_00_F935 flags=7
client level=info t=473500 ev=retail site=56 text=world_controller:state:activity_session_creation: Activity session 'posse:DE7E9DF4:6AB91C6A' successfully created, trying to move on.
client level=info t=473500 ev=retail site=57 text=world_controller:state_manager: State 'setup:matchmaking' requested for reason 'unavailable', but we can't: 'active outbound FT join [IN-PROGRESS]'.
client level=info t=473516 ev=retail site=17 text=world_controller:retail_datamine: Total time spent: [854] ms in world controller state: [30] name: [setup:activity_session_creation]
client level=info t=473516 ev=retail site=3 text=world_controller:state_manager: Entering state 'setup:matchmaking' for reason 'unavailable'.
client level=info t=473516 ev=retail site=17 text=world_controller:retail_datamine: Total time spent: [0] ms in world controller state: [31] name: [setup:matchmaking]
client level=info t=473516 ev=retail site=58 text=world_controller:retail_datamine: Timed operation Matchmaking, took: [0 seconds]
client level=info t=473516 ev=retail site=3 text=world_controller:state_manager: Entering state 'setup:activity_host_setup' for reason 'unavailable'.
client level=info t=473578 ev=retail site=59 text=networking:activity_client:messaging_interface:bap: AH IP resolution successful: 'proxy -> 127.0.0.1:30974'.
server level=info t=473594 ev=transport stage=accept result=ok conn=2
server level=warn t=473656 ev=bap svc=25 stage=plaintext result=shape_accepted conn=2 len=36 b0=0A b1=20 b34=10 b35=02
client level=info t=473672 ev=retail site=60 text=world_controller:activity_manager: Connected 'PRIVATE CURRENT' activity client.
client level=info t=473672 ev=retail site=61 text=world_controller:activity_manager: 'PRIVATE CURRENT' activity client requesting activity host startup [activity: 0x000a (HASH(0xf858b379))(type: HASH(0xd07bb2d7))(grognok: fleet_freeroam)(destination: HASH(0x8e6191bd))(nonce: 7461D69E-0C1222D5) for reason 'ENUM(0)'(override: fleet_freeroam)][reservation count 1].
server level=warn t=473688 ev=mission_script stage=attach result=activity_join_pending session=11433003384888623116
client level=info t=473703 ev=retail site=62 text=networking:activity_client:receive_message_from_host: [AC PRIVATE CURRENT CON-Y EST-N AH->0 MEM-0] received startup response from AH [id 9EAA3001:0020000C][session ]
client level=info t=473719 ev=retail site=63 text=networking:activity_client: [AC PRIVATE CURRENT CON-Y EST-N AH->0 MEM-0] Sent join request: [AH 9EAA3001:0020000C][nonce 101730518] identity:[account -7013740688821976832][character -7013740688821976831][machine B0:A1:25:FC:EC:00:F935][player 34:6C:90:EC:06:DE:F2:A7] [global resources 0x6c] (part 1/2)
client level=info t=473719 ev=retail site=64 text=networking:activity_client: [AC PRIVATE CURRENT CON-Y EST-N AH->0 MEM-0] Properties [session Wed_09092026_131449_018132@x64@76561198776753861@B0_A1_25_FC_EC_00_F935][FAH --------:--------][GAH --------:--------][FTID 0x0f95c4ea3ea47950] (part 2/2)
client level=info t=473719 ev=retail site=65 text=world_controller:activity_manager: 'PRIVATE CURRENT' activity client sent join request to AH 9EAA3001:0020000C, host=Wed_09092026_131449_018132@x64@unknown_pc_user@B0_A1_25_FC_EC_00_F935
server level=info t=473781 ev=gameplay stage=activityhost result=retired session=0x9EAA300100200005 generation=4 state=freed
server level=info t=473781 ev=gameplay stage=activityhost result=allocated session=0x9EAA30010020000D group=0xFD92678B45FA063F generation=11 port=30982 held=4
server level=info t=473781 ev=gameplay stage=advertise result=ok region=16 region_source=arrival ambassador_slot=1
server level=warn t=473797 ev=activity stage=roster result=no_epoch soid=0x9EAA30010020000C public=0 dest= groups=0 top=0 sub=0 subkeys=0 objects=0 bytes=0 state=0 auth=0 authstate=-1 authfirst=-1:-1:0x0:0x0 authlast=-1:-1:0x0:0x0 sceneempty=0 engageempty=0 keygroup=0x0 grant=-1 region=0 slice=0 spawn=0x0 join=0x9EAA300100100101 player=0x0 pending_region=-1 current_region=-1 client_bubble=-1 held=-1 entered=0 selected=0 hash=0x0000000000000000 force=0x00
server level=info t=473797 ev=mission_script stage=open result=no_script session=11433003384888623116 activity_row=11
server level=warn t=473797 ev=mission_script stage=attach result=no_script session=11433003384888623116 activity_row=11
server level=warn t=473797 ev=mission_script stage=attach result=no_activity_link session=11433003384888623117
server level=info t=473797 ev=gameplay stage=activityhost result=retired session=0x9EAA300100200003 generation=2 state=freed
server level=info t=473797 ev=gameplay stage=activityhost result=retired session=0x9EAA300100200004 generation=3 state=freed
server level=info t=473797 ev=gameplay stage=activityhost result=retired session=0x9EAA300100200006 generation=5 state=freed
server level=info t=473797 ev=gameplay stage=activityhost result=retired session=0x9EAA300100200007 generation=6 state=freed
server level=info t=473797 ev=gameplay stage=activityhost result=retired session=0x9EAA300100200008 generation=7 state=freed
server level=info t=473797 ev=gameplay stage=activityhost result=retired session=0x9EAA300100200009 generation=8 state=freed
server level=info t=473797 ev=gameplay stage=activityhost result=allocated session=0x9EAA30010020000E group=0xE20A0B634942474F generation=12 port=30978 held=2
server level=info t=473797 ev=gameplay stage=activityhost result=allocated session=0x9EAA30010020000F group=0xF3CE355F4F9667E7 generation=13 port=30980 held=3
server level=info t=473797 ev=gameplay stage=activityhost result=allocated session=0x9EAA300100200010 group=0x0F5791C7584E2557 generation=14 port=30984 held=5
server level=info t=473797 ev=gameplay stage=activityhost result=allocated session=0x9EAA300100200011 group=0x191BC2335E91C5EF generation=15 port=30986 held=6
server level=info t=473797 ev=gameplay stage=activityhost result=allocated session=0x9EAA300100200012 group=0x2ADF0C6F54E5E407 generation=16 port=30988 held=7
server level=info t=473797 ev=gameplay stage=activityhost result=allocated session=0x9EAA300100200013 group=0x34A33E5B6B49FB5F generation=17 port=30990 held=8
server level=info t=473797 ev=gameplay stage=activityhost result=allocated session=0x9EAA300100200014 group=0x46676897619D9BF7 generation=18 port=30996 held=11
client level=info t=473813 ev=retail site=66 text=networking:activity_client:receive_message_from_host: [AC PRIVATE CURRENT CON-Y EST-N AH->0 MEM-0] Received join result from AH '9EAA3001:0020000C' [nonce 101730518][result 0][session id ][replication epoch 0].
client level=info t=473813 ev=retail site=67 text=networking:activity_client:activity_host_changed: instance=PRIVATE CURRENT, ah-sid=, zombie-instance-nonce=0
client level=info t=473813 ev=probe stage=msg12 result=received client=0x1433F0CF980 slot=0 label=PRIVATE CURRENT member=0x35F900ECFC25A1B0 status=0x00FE->0x01FE flag=1
client level=info t=473813 ev=probe stage=bind client=0x1433F0CF980 established=0x9EAA30010020000C slotrec=0x143265AD9A0 roster=0x143E3B5BC80 receipt=0
server level=warn t=473813 ev=mission_script stage=attach result=no_activity_link session=11433003384888623118
server level=warn t=473813 ev=mission_script stage=attach result=no_activity_link session=11433003384888623119
server level=warn t=473813 ev=mission_script stage=attach result=no_activity_link session=11433003384888623120
server level=warn t=473813 ev=mission_script stage=attach result=no_activity_link session=11433003384888623121
server level=warn t=473813 ev=mission_script stage=attach result=no_activity_link session=11433003384888623122
server level=warn t=473813 ev=mission_script stage=attach result=no_activity_link session=11433003384888623123
server level=warn t=473813 ev=mission_script stage=attach result=no_activity_link session=11433003384888623124
client level=info t=473813 ev=probe stage=hosttail client=0x1433F0CF980 b=00000000000000000000000000000000000000000000000000000000000000000000000000000000FFFFFFFF00000000
client level=info t=473813 ev=probe stage=grant client=0x1433F0CF980 status=0x01FE pending=7936 dirty=0 receipt=0
client level=warn t=473813 ev=vr.weapon callers path=getter D5D832:72 B363FA:888 B3598D:296 B40A78:37
client level=warn t=473813 ev=vr.weapon callers path=ptr D98F49:790 D7FB5C:45 DB8CB6:180 12B0A09:0 16E8861:86 D8F242:71 D8B348:71 D8B9B5:71 D8492B:44 12B2284:8 D2F672:8 D7FF2C:26 F4276C:1 CE3C40:0 B35BEE:225 12911A0:1 12911B5:1
client level=warn t=473813 ev=vr.weapon callers path=xform D5896F:72
client level=warn t=473828 ev=vr.probe pose in_pos=66.39,-11.37,6.96 in_fwd=-0.994,0.064,-0.087 in_fov=1.2364 out_pos=66.48,-11.34,6.95 out_fwd=-0.969,0.201,-0.147 out_fov=1.8850
client level=info t=473860 ev=retail site=68 text=world_controller:state:activity_setup: 'NOJIP' flow, waiting. posse_peers_not_ready_sanitized=0, posse_peers_not_ready=0
client level=info t=473860 ev=probe stage=msg12 result=received client=0x1433F0CF980 slot=0 label=PRIVATE CURRENT member=0x35F900ECFC25A1B0 status=0x01FE->0x01FE flag=1
client level=info t=473860 ev=probe stage=bind client=0x1433F0CF980 established=0x9EAA30010020000C slotrec=0x143265AD9A0 roster=0x143E3B5BC80 receipt=0
client level=info t=473891 ev=probe stage=msg12 result=received client=0x1433F0CF980 slot=0 label=PRIVATE CURRENT member=0x35F900ECFC25A1B0 status=0x01FE->0x01FE flag=1
client level=info t=473891 ev=probe stage=bind client=0x1433F0CF980 established=0x9EAA30010020000C slotrec=0x143265AD9A0 roster=0x143E3B5BC80 receipt=0
client level=warn t=474094 ev=vr.xr hand yaw=3.0115 r_valid=1 r_stale=1 r_fwd=-0.995,-0.087,-0.057 r_up=0.034,-0.794,0.607 r_off=-0.299,0.346,-0.367 r_palm=-0.205,0.378,-0.380 l_valid=1 l_fwd=-0.444,0.891,-0.092 l_off=-0.287,0.234,-0.340 h_off=0.073,0.065,-0.019
client level=warn t=474094 ev=vr.xr submit layers=1 result=0 fov=1.8850 aspect=0.9638
client level=info t=474500 ev=retail site=17 text=world_controller:retail_datamine: Total time spent: [973] ms in world controller state: [32] name: [setup:activity_host_setup]
client level=info t=474500 ev=retail site=3 text=world_controller:state_manager: Entering state 'setup:prologue_intro_loading' for reason 'unavailable'.
client level=info t=474500 ev=retail site=69 text=world_controller:task_manager: Started   task 'ENUM(0)'.
client level=info t=474703 ev=probe stage=msg12 result=received client=0x1433F0CF980 slot=0 label=PRIVATE CURRENT member=0x35F900ECFC25A1B0 status=0x01FE->0x01FE flag=1
client level=info t=474703 ev=probe stage=bind client=0x1433F0CF980 established=0x9EAA30010020000C slotrec=0x143265AD9A0 roster=0x143E3B5BC80 receipt=0
client level=info t=474703 ev=retail site=70 text=world_controller:task_manager: Completed task 'ENUM(0)' after '214ms'.
client level=info t=474703 ev=retail site=69 text=world_controller:task_manager: Started   task 'ENUM(1)'.
client level=info t=474750 ev=retail site=70 text=world_controller:task_manager: Completed task 'ENUM(1)' after '42ms'.
client level=info t=474750 ev=retail site=17 text=world_controller:retail_datamine: Total time spent: [257] ms in world controller state: [33] name: [setup:prologue_intro_loading]
client level=info t=474750 ev=retail site=3 text=world_controller:state_manager: Entering state 'setup:orbit_outro' for reason 'unavailable'.
client level=info t=474891 ev=nettick stage=sample latch=1 callbacks=38960
client level=warn t=474922 ev=vr.xr hand yaw=3.0115 r_valid=1 r_stale=1 r_fwd=-0.995,-0.087,-0.057 r_up=0.034,-0.794,0.607 r_off=-0.299,0.346,-0.367 r_palm=-0.205,0.378,-0.380 l_valid=1 l_fwd=-0.444,0.891,-0.092 l_off=-0.287,0.234,-0.340 h_off=-0.341,-0.026,-0.094
client level=warn t=475344 ev=vr.body anchor=3.0737 head_yaw=-0.1424 body_yaw=3.0772 error=-0.1522 counts_per_rad=579 servo=1
client level=warn t=475344 ev=vr.pad stats injected=494 held=0 mouse=28349,0 move=0.00,0.00 turn=0.00,0.00 trig=0.00,0.00 buttons=0x0
client level=warn t=475750 ev=vr.xr hand yaw=3.0115 r_valid=1 r_stale=1 r_fwd=-0.995,-0.087,-0.057 r_up=0.034,-0.794,0.607 r_off=-0.299,0.346,-0.367 r_palm=-0.205,0.378,-0.380 l_valid=1 l_fwd=-0.444,0.891,-0.092 l_off=-0.287,0.234,-0.340 h_off=0.091,0.234,-0.046
client level=warn t=475750 ev=vr.xr pose fwd=-0.906,0.142,-0.399 off=0.091,0.234,-0.046 fov=1.8850 aspect=0.964
client level=info t=475813 ev=probe stage=hosttail client=0x1433F0CF980 b=00000000000000000000000000000000000000000000000000000000000000000000000000000000FFFFFFFF00000000
client level=info t=475813 ev=probe stage=grant client=0x1433F0CF980 status=0x01FE pending=7936 dirty=0 receipt=0
client level=warn t=476313 ev=vr.weapon callers path=getter D5D832:0 B363FA:540 B3598D:180 B40A78:0
client level=warn t=476313 ev=vr.weapon callers path=ptr D98F49:720 D7FB5C:24 DB8CB6:180 12B0A09:0 16E8861:179 D8F242:0 D8B348:0 D8B9B5:0 D8492B:24 12B2284:0 D2F672:0 D7FF2C:23 F4276C:0 CE3C40:0 B35BEE:180 12911A0:0 12911B5:0
client level=warn t=476313 ev=vr.weapon callers path=xform D5896F:0
client level=warn t=476328 ev=vr.probe pose in_pos=249.90,-11.15,42.02 in_fwd=-0.994,0.064,-0.087 in_fov=1.2829 out_pos=250.08,-10.93,41.99 out_fwd=-0.992,0.120,-0.028 out_fov=1.8850
client level=warn t=476594 ev=vr.xr hand yaw=3.0115 r_valid=1 r_stale=1 r_fwd=-0.995,-0.087,-0.057 r_up=0.034,-0.794,0.607 r_off=-0.299,0.346,-0.367 r_palm=-0.205,0.378,-0.380 l_valid=1 l_fwd=-0.444,0.891,-0.092 l_off=-0.287,0.234,-0.340 h_off=0.226,0.213,0.019
client level=info t=476750 ev=probe stage=msg12 result=received client=0x1433F0CF980 slot=0 label=PRIVATE CURRENT member=0x35F900ECFC25A1B0 status=0x01FE->0x01FE flag=1
client level=info t=476750 ev=probe stage=bind client=0x1433F0CF980 established=0x9EAA30010020000C slotrec=0x143265AD9A0 roster=0x143E3B5BC80 receipt=0
client level=info t=476891 ev=nettick stage=sample latch=1 callbacks=39104
client level=warn t=477422 ev=vr.xr hand yaw=3.0115 r_valid=1 r_stale=1 r_fwd=-0.995,-0.087,-0.057 r_up=0.034,-0.794,0.607 r_off=-0.299,0.346,-0.367 r_palm=-0.205,0.378,-0.380 l_valid=1 l_fwd=-0.444,0.891,-0.092 l_off=-0.287,0.234,-0.340 h_off=0.197,0.149,0.051
client level=info t=477813 ev=probe stage=hosttail client=0x1433F0CF980 b=00000000000000000000000000000000000000000000000000000000000000000000000000000000FFFFFFFF00000000
client level=info t=477813 ev=probe stage=grant client=0x1433F0CF980 status=0x01FE pending=7936 dirty=0 receipt=0
client level=warn t=477844 ev=vr.body anchor=3.0737 head_yaw=-0.9219 body_yaw=3.0772 error=-0.9170 counts_per_rad=579 servo=1
client level=warn t=477844 ev=vr.pad stats injected=494 held=0 mouse=32959,0 move=0.00,0.00 turn=0.00,0.00 trig=0.00,0.00 buttons=0x0
client level=warn t=478250 ev=vr.xr hand yaw=3.0115 r_valid=1 r_stale=1 r_fwd=-0.995,-0.087,-0.057 r_up=0.034,-0.794,0.607 r_off=-0.299,0.346,-0.367 r_palm=-0.205,0.378,-0.380 l_valid=1 l_fwd=-0.444,0.891,-0.092 l_off=-0.287,0.234,-0.340 h_off=0.240,0.046,0.084
client level=warn t=478250 ev=vr.xr pose fwd=-0.233,-0.060,0.970 off=0.240,0.046,0.084 fov=1.8850 aspect=0.964
client level=warn t=478250 ev=vr.xr submit layers=1 result=0 fov=1.8850 aspect=0.9638
client level=warn t=478813 ev=vr.weapon callers path=getter D5D832:0 B363FA:540 B3598D:180 B40A78:0
client level=warn t=478813 ev=vr.weapon callers path=ptr D98F49:720 D7FB5C:26 DB8CB6:180 12B0A09:0 16E8861:180 D8F242:0 D8B348:0 D8B9B5:0 D8492B:25 12B2284:0 D2F672:0 D7FF2C:26 F4276C:0 CE3C40:0 B35BEE:180 12911A0:0 12911B5:0
client level=warn t=478813 ev=vr.weapon callers path=xform D5896F:0
client level=warn t=478828 ev=vr.probe pose in_pos=2256.04,-11.11,185.74 in_fwd=0.483,0.876,0.008 in_fov=1.4186 out_pos=2256.24,-11.00,185.82 out_fwd=-0.540,0.145,0.829 out_fov=1.8850
client level=info t=478891 ev=nettick stage=sample latch=1 callbacks=39249
client level=warn t=479094 ev=vr.xr hand yaw=3.0115 r_valid=1 r_stale=1 r_fwd=-0.995,-0.087,-0.057 r_up=0.034,-0.794,0.607 r_off=-0.299,0.346,-0.367 r_palm=-0.205,0.378,-0.380 l_valid=1 l_fwd=-0.444,0.891,-0.092 l_off=-0.287,0.234,-0.340 h_off=0.175,0.128,0.072
client level=info t=479813 ev=probe stage=hosttail client=0x1433F0CF980 b=00000000000000000000000000000000000000000000000000000000000000000000000000000000FFFFFFFF00000000
client level=info t=479813 ev=probe stage=grant client=0x1433F0CF980 status=0x01FE pending=7936 dirty=0 receipt=0
client level=warn t=479922 ev=vr.xr hand yaw=3.0115 r_valid=1 r_stale=1 r_fwd=-0.995,-0.087,-0.057 r_up=0.034,-0.794,0.607 r_off=-0.299,0.346,-0.367 r_palm=-0.205,0.378,-0.380 l_valid=1 l_fwd=-0.444,0.891,-0.092 l_off=-0.287,0.234,-0.340 h_off=0.134,0.117,0.074
server level=info t=480281 ev=gameplay stage=association result=timeout
client level=warn t=480344 ev=vr.body anchor=3.0737 head_yaw=-0.1820 body_yaw=0.7340 error=2.2006 counts_per_rad=579 servo=1
client level=warn t=480344 ev=vr.pad stats injected=494 held=0 mouse=28393,0 move=0.00,0.00 turn=0.00,0.00 trig=0.00,0.00 buttons=0x0
client level=warn t=480750 ev=vr.xr hand yaw=3.0115 r_valid=1 r_stale=1 r_fwd=-0.995,-0.087,-0.057 r_up=0.034,-0.794,0.607 r_off=-0.299,0.346,-0.367 r_palm=-0.205,0.378,-0.380 l_valid=1 l_fwd=-0.444,0.891,-0.092 l_off=-0.287,0.234,-0.340 h_off=0.141,0.159,0.062
client level=warn t=480750 ev=vr.xr pose fwd=-0.715,0.505,0.484 off=0.141,0.159,0.062 fov=1.8850 aspect=0.964
client level=info t=480891 ev=nettick stage=sample latch=1 callbacks=39393
client level=info t=481203 ev=retail site=87 text=networking:stream_manager:retail: Local peer network quality = 1.000000/1.0, worst_axis = -1
client level=warn t=481313 ev=vr.weapon callers path=getter D5D832:0 B363FA:540 B3598D:180 B40A78:0
client level=warn t=481313 ev=vr.weapon callers path=ptr D98F49:720 D7FB5C:26 DB8CB6:180 12B0A09:0 16E8861:180 D8F242:0 D8B348:0 D8B9B5:0 D8492B:27 12B2284:0 D2F672:0 D7FF2C:27 F4276C:0 CE3C40:0 B35BEE:180 12911A0:0 12911B5:0
client level=warn t=481313 ev=vr.weapon callers path=xform D5896F:0
client level=warn t=481328 ev=vr.probe pose in_pos=2395.40,-14.93,343.39 in_fwd=0.752,0.656,-0.061 in_fov=1.4186 out_pos=2395.51,-14.84,343.37 out_fwd=0.204,0.929,-0.308 out_fov=1.8850
client level=warn t=481594 ev=vr.xr hand yaw=3.0115 r_valid=1 r_stale=1 r_fwd=-0.995,-0.087,-0.057 r_up=0.034,-0.794,0.607 r_off=-0.299,0.346,-0.367 r_palm=-0.205,0.378,-0.380 l_valid=1 l_fwd=-0.444,0.891,-0.092 l_off=-0.287,0.234,-0.340 h_off=0.106,0.006,-0.012
client level=info t=481813 ev=probe stage=hosttail client=0x1433F0CF980 b=00000000000000000000000000000000000000000000000000000000000000000000000000000000FFFFFFFF00000000
client level=info t=481813 ev=probe stage=grant client=0x1433F0CF980 status=0x01FE pending=7936 dirty=0 receipt=0
client level=warn t=482422 ev=vr.xr hand yaw=3.0115 r_valid=1 r_stale=1 r_fwd=-0.995,-0.087,-0.057 r_up=0.034,-0.794,0.607 r_off=-0.299,0.346,-0.367 r_palm=-0.205,0.378,-0.380 l_valid=1 l_fwd=-0.444,0.891,-0.092 l_off=-0.287,0.234,-0.340 h_off=0.072,0.073,0.001
client level=warn t=482422 ev=vr.xr submit layers=1 result=0 fov=1.8850 aspect=0.9638
client level=warn t=482844 ev=vr.body anchor=3.0737 head_yaw=-0.3241 body_yaw=3.0772 error=-0.3282 counts_per_rad=569 servo=1
client level=warn t=482844 ev=vr.pad stats injected=494 held=0 mouse=29258,0 move=0.00,0.00 turn=0.00,0.00 trig=0.00,0.00 buttons=0x0
client level=info t=482891 ev=nettick stage=sample latch=1 callbacks=39536
client level=warn t=483250 ev=vr.xr hand yaw=3.0115 r_valid=1 r_stale=1 r_fwd=-0.995,-0.087,-0.057 r_up=0.034,-0.794,0.607 r_off=-0.299,0.346,-0.367 r_palm=-0.205,0.378,-0.380 l_valid=1 l_fwd=-0.444,0.891,-0.092 l_off=-0.287,0.234,-0.340 h_off=0.080,0.155,-0.004
client level=warn t=483250 ev=vr.xr pose fwd=-0.999,0.009,-0.036 off=0.080,0.155,-0.004 fov=1.8850 aspect=0.964
client level=info t=483813 ev=probe stage=hosttail client=0x1433F0CF980 b=00000000000000000000000000000000000000000000000000000000000000000000000000000000FFFFFFFF00000000
client level=info t=483813 ev=probe stage=grant client=0x1433F0CF980 status=0x01FE pending=7936 dirty=0 receipt=0
client level=warn t=483813 ev=vr.weapon callers path=getter D5D832:0 B363FA:540 B3598D:180 B40A78:0
client level=warn t=483813 ev=vr.weapon callers path=ptr D98F49:720 D7FB5C:28 DB8CB6:180 12B0A09:0 16E8861:180 D8F242:0 D8B348:0 D8B9B5:0 D8492B:28 12B2284:0 D2F672:0 D7FF2C:27 F4276C:0 CE3C40:0 B35BEE:180 12911A0:0 12911B5:0
client level=warn t=483813 ev=vr.weapon callers path=xform D5896F:0
client level=warn t=483828 ev=vr.probe pose in_pos=66.39,-11.17,7.20 in_fwd=-0.994,0.064,-0.087 in_fov=1.2364 out_pos=66.44,-11.01,7.20 out_fwd=-0.993,0.045,-0.109 out_fov=1.8850
client level=warn t=484094 ev=vr.xr hand yaw=3.0115 r_valid=1 r_stale=1 r_fwd=-0.995,-0.087,-0.057 r_up=0.034,-0.794,0.607 r_off=-0.299,0.346,-0.367 r_palm=-0.205,0.378,-0.380 l_valid=1 l_fwd=-0.444,0.891,-0.092 l_off=-0.287,0.234,-0.340 h_off=0.016,0.162,-0.013
client level=info t=484891 ev=nettick stage=sample latch=1 callbacks=39681
client level=warn t=484922 ev=vr.xr hand yaw=3.0115 r_valid=1 r_stale=1 r_fwd=-0.995,-0.087,-0.057 r_up=0.034,-0.794,0.607 r_off=-0.299,0.346,-0.367 r_palm=-0.205,0.378,-0.380 l_valid=1 l_fwd=-0.444,0.891,-0.092 l_off=-0.287,0.234,-0.340 h_off=-0.097,0.087,-0.033
client level=warn t=485344 ev=vr.body anchor=3.0737 head_yaw=-0.3647 body_yaw=3.0772 error=-0.3663 counts_per_rad=569 servo=1
client level=warn t=485344 ev=vr.pad stats injected=494 held=0 mouse=32507,0 move=0.00,0.00 turn=0.00,0.00 trig=0.00,0.00 buttons=0x0
client level=warn t=485750 ev=vr.xr hand yaw=3.0115 r_valid=1 r_stale=1 r_fwd=-0.995,-0.087,-0.057 r_up=0.034,-0.794,0.607 r_off=-0.299,0.346,-0.367 r_palm=-0.205,0.378,-0.380 l_valid=1 l_fwd=-0.444,0.891,-0.092 l_off=-0.287,0.234,-0.340 h_off=0.086,0.130,-0.010
client level=warn t=485750 ev=vr.xr pose fwd=-0.845,0.517,-0.138 off=0.086,0.130,-0.010 fov=1.8850 aspect=0.964
client level=info t=485813 ev=probe stage=hosttail client=0x1433F0CF980 b=00000000000000000000000000000000000000000000000000000000000000000000000000000000FFFFFFFF00000000
client level=info t=485813 ev=probe stage=grant client=0x1433F0CF980 status=0x01FE pending=7936 dirty=0 receipt=0
client level=warn t=486313 ev=vr.weapon callers path=getter D5D832:0 B363FA:540 B3598D:180 B40A78:0
client level=warn t=486313 ev=vr.weapon callers path=ptr D98F49:720 D7FB5C:27 DB8CB6:180 12B0A09:0 16E8861:180 D8F242:0 D8B348:0 D8B9B5:0 D8492B:26 12B2284:0 D2F672:0 D7FF2C:27 F4276C:0 CE3C40:0 B35BEE:180 12911A0:0 12911B5:0
client level=warn t=486313 ev=vr.weapon callers path=xform D5896F:0
client level=warn t=486328 ev=vr.probe pose in_pos=66.39,-11.17,7.20 in_fwd=-0.994,0.064,-0.087 in_fov=1.2364 out_pos=66.46,-11.04,7.19 out_fwd=-0.807,0.568,-0.162 out_fov=1.8850
client level=warn t=486594 ev=vr.xr hand yaw=3.0115 r_valid=1 r_stale=1 r_fwd=-0.995,-0.087,-0.057 r_up=0.034,-0.794,0.607 r_off=-0.299,0.346,-0.367 r_palm=-0.205,0.378,-0.380 l_valid=1 l_fwd=-0.444,0.891,-0.092 l_off=-0.287,0.234,-0.340 h_off=0.083,0.127,-0.009
client level=warn t=486594 ev=vr.xr submit layers=1 result=0 fov=1.8850 aspect=0.9638
client level=info t=486891 ev=nettick stage=sample latch=1 callbacks=39825
client level=warn t=487422 ev=vr.xr hand yaw=3.0115 r_valid=1 r_stale=1 r_fwd=-0.995,-0.087,-0.057 r_up=0.034,-0.794,0.607 r_off=-0.299,0.346,-0.367 r_palm=-0.205,0.378,-0.380 l_valid=1 l_fwd=-0.444,0.891,-0.092 l_off=-0.287,0.234,-0.340 h_off=0.085,0.129,-0.009
client level=info t=487813 ev=probe stage=hosttail client=0x1433F0CF980 b=00000000000000000000000000000000000000000000000000000000000000000000000000000000FFFFFFFF00000000
client level=info t=487813 ev=probe stage=grant client=0x1433F0CF980 status=0x01FE pending=7936 dirty=0 receipt=0
client level=warn t=487844 ev=vr.body anchor=3.0737 head_yaw=-0.5642 body_yaw=3.0772 error=-0.5674 counts_per_rad=569 servo=1
client level=warn t=487844 ev=vr.pad stats injected=494 held=0 mouse=38627,0 move=0.00,0.00 turn=0.00,0.00 trig=0.00,0.00 buttons=0x0
client level=warn t=488250 ev=vr.xr hand yaw=3.0115 r_valid=1 r_stale=1 r_fwd=-0.995,-0.087,-0.057 r_up=0.034,-0.794,0.607 r_off=-0.299,0.346,-0.367 r_palm=-0.205,0.378,-0.380 l_valid=1 l_fwd=-0.444,0.891,-0.092 l_off=-0.287,0.234,-0.340 h_off=0.086,0.130,-0.010
client level=warn t=488250 ev=vr.xr pose fwd=-0.796,0.588,-0.144 off=0.086,0.130,-0.010 fov=1.8850 aspect=0.964
client level=warn t=488813 ev=vr.weapon callers path=getter D5D832:0 B363FA:540 B3598D:180 B40A78:0
client level=warn t=488813 ev=vr.weapon callers path=ptr D98F49:720 D7FB5C:26 DB8CB6:180 12B0A09:0 16E8861:180 D8F242:0 D8B348:0 D8B9B5:0 D8492B:27 12B2284:0 D2F672:0 D7FF2C:27 F4276C:0 CE3C40:0 B35BEE:180 12911A0:0 12911B5:0
client level=warn t=488813 ev=vr.weapon callers path=xform D5896F:0
client level=warn t=488828 ev=vr.probe pose in_pos=66.39,-11.17,7.20 in_fwd=-0.994,0.064,-0.087 in_fov=1.2364 out_pos=66.46,-11.05,7.19 out_fwd=-0.914,0.391,-0.104 out_fov=1.8850
client level=info t=488891 ev=nettick stage=sample latch=1 callbacks=39969
client level=warn t=489094 ev=vr.xr hand yaw=3.0115 r_valid=1 r_stale=1 r_fwd=-0.995,-0.087,-0.057 r_up=0.034,-0.794,0.607 r_off=-0.299,0.346,-0.367 r_palm=-0.205,0.378,-0.380 l_valid=1 l_fwd=-0.444,0.891,-0.092 l_off=-0.287,0.234,-0.340 h_off=0.066,0.091,-0.007
client level=info t=489813 ev=probe stage=hosttail client=0x1433F0CF980 b=00000000000000000000000000000000000000000000000000000000000000000000000000000000FFFFFFFF00000000
client level=info t=489813 ev=probe stage=grant client=0x1433F0CF980 status=0x01FE pending=7936 dirty=0 receipt=0
client level=warn t=489922 ev=vr.xr hand yaw=3.0115 r_valid=1 r_stale=1 r_fwd=-0.995,-0.087,-0.057 r_up=0.034,-0.794,0.607 r_off=-0.299,0.346,-0.367 r_palm=-0.205,0.378,-0.380 l_valid=1 l_fwd=-0.444,0.891,-0.092 l_off=-0.287,0.234,-0.340 h_off=0.117,0.014,0.041
client level=warn t=490344 ev=vr.body anchor=3.0737 head_yaw=0.3340 body_yaw=3.0772 error=0.3310 counts_per_rad=569 servo=1
client level=warn t=490344 ev=vr.pad stats injected=494 held=0 mouse=40145,0 move=0.00,0.00 turn=0.00,0.00 trig=0.00,0.00 buttons=0x0
client level=warn t=490750 ev=vr.xr hand yaw=3.0115 r_valid=1 r_stale=1 r_fwd=-0.995,-0.087,-0.057 r_up=0.034,-0.794,0.607 r_off=-0.299,0.346,-0.367 r_palm=-0.205,0.378,-0.380 l_valid=1 l_fwd=-0.444,0.891,-0.092 l_off=-0.287,0.234,-0.340 h_off=0.148,0.031,0.043
client level=warn t=490750 ev=vr.xr pose fwd=-0.887,-0.180,0.425 off=0.148,0.031,0.043 fov=1.8850 aspect=0.964
client level=warn t=490750 ev=vr.xr submit layers=1 result=0 fov=1.8850 aspect=0.9638
client level=info t=490891 ev=nettick stage=sample latch=1 callbacks=40113
client level=warn t=491313 ev=vr.weapon callers path=getter D5D832:0 B363FA:540 B3598D:180 B40A78:0
client level=warn t=491313 ev=vr.weapon callers path=ptr D98F49:720 D7FB5C:27 DB8CB6:180 12B0A09:0 16E8861:180 D8F242:0 D8B348:0 D8B9B5:0 D8492B:27 12B2284:0 D2F672:0 D7FF2C:27 F4276C:0 CE3C40:0 B35BEE:180 12911A0:0 12911B5:0
client level=warn t=491313 ev=vr.weapon callers path=xform D5896F:0
client level=warn t=491328 ev=vr.probe pose in_pos=66.39,-11.17,7.20 in_fwd=-0.994,0.064,-0.087 in_fov=1.2364 out_pos=66.53,-11.14,7.24 out_fwd=-0.872,-0.241,0.427 out_fov=1.8850
client level=warn t=491594 ev=vr.xr hand yaw=3.0115 r_valid=1 r_stale=1 r_fwd=-0.995,-0.087,-0.057 r_up=0.034,-0.794,0.607 r_off=-0.299,0.346,-0.367 r_palm=-0.205,0.378,-0.380 l_valid=1 l_fwd=-0.444,0.891,-0.092 l_off=-0.287,0.234,-0.340 h_off=0.146,0.024,0.041
client level=info t=491813 ev=probe stage=hosttail client=0x1433F0CF980 b=00000000000000000000000000000000000000000000000000000000000000000000000000000000FFFFFFFF00000000
client level=info t=491813 ev=probe stage=grant client=0x1433F0CF980 status=0x01FE pending=7936 dirty=0 receipt=0
client level=warn t=492422 ev=vr.xr hand yaw=3.0115 r_valid=1 r_stale=1 r_fwd=-0.995,-0.087,-0.057 r_up=0.034,-0.794,0.607 r_off=-0.299,0.346,-0.367 r_palm=-0.205,0.378,-0.380 l_valid=1 l_fwd=-0.444,0.891,-0.092 l_off=-0.287,0.234,-0.340 h_off=0.140,0.030,0.037
client level=warn t=492844 ev=vr.body anchor=3.0737 head_yaw=0.2934 body_yaw=3.0772 error=0.2909 counts_per_rad=569 servo=1
client level=warn t=492844 ev=vr.pad stats injected=494 held=0 mouse=34025,0 move=0.00,0.00 turn=0.00,0.00 trig=0.00,0.00 buttons=0x0
client level=info t=492891 ev=nettick stage=sample latch=1 callbacks=40257
client level=warn t=493250 ev=vr.xr hand yaw=3.0115 r_valid=1 r_stale=1 r_fwd=-0.995,-0.087,-0.057 r_up=0.034,-0.794,0.607 r_off=-0.299,0.346,-0.367 r_palm=-0.205,0.378,-0.380 l_valid=1 l_fwd=-0.444,0.891,-0.092 l_off=-0.287,0.234,-0.340 h_off=0.134,0.032,0.035
client level=warn t=493250 ev=vr.xr pose fwd=-0.919,-0.198,0.341 off=0.134,0.032,0.035 fov=1.8850 aspect=0.964
client level=info t=493813 ev=probe stage=hosttail client=0x1433F0CF980 b=00000000000000000000000000000000000000000000000000000000000000000000000000000000FFFFFFFF00000000
client level=info t=493813 ev=probe stage=grant client=0x1433F0CF980 status=0x01FE pending=7936 dirty=0 receipt=0
client level=warn t=493813 ev=vr.weapon callers path=getter D5D832:0 B363FA:540 B3598D:180 B40A78:0
client level=warn t=493813 ev=vr.weapon callers path=ptr D98F49:720 D7FB5C:27 DB8CB6:180 12B0A09:0 16E8861:180 D8F242:0 D8B348:0 D8B9B5:0 D8492B:27 12B2284:0 D2F672:0 D7FF2C:27 F4276C:0 CE3C40:0 B35BEE:180 12911A0:0 12911B5:0
client level=warn t=493813 ev=vr.weapon callers path=xform D5896F:0
client level=warn t=493828 ev=vr.probe pose in_pos=66.39,-11.17,7.20 in_fwd=-0.994,0.064,-0.087 in_fov=1.2364 out_pos=66.51,-11.13,7.23 out_fwd=-0.923,-0.190,0.334 out_fov=1.8850
client level=warn t=494094 ev=vr.xr hand yaw=3.0115 r_valid=1 r_stale=1 r_fwd=-0.995,-0.087,-0.057 r_up=0.034,-0.794,0.607 r_off=-0.299,0.346,-0.367 r_palm=-0.205,0.378,-0.380 l_valid=1 l_fwd=-0.444,0.891,-0.092 l_off=-0.287,0.234,-0.340 h_off=0.132,0.034,0.035
client level=info t=494891 ev=nettick stage=sample latch=1 callbacks=40401
client level=warn t=494922 ev=vr.xr hand yaw=3.0115 r_valid=1 r_stale=1 r_fwd=-0.995,-0.087,-0.057 r_up=0.034,-0.794,0.607 r_off=-0.299,0.346,-0.367 r_palm=-0.205,0.378,-0.380 l_valid=1 l_fwd=-0.444,0.891,-0.092 l_off=-0.287,0.234,-0.340 h_off=0.121,0.061,0.026
client level=warn t=494922 ev=vr.xr submit layers=1 result=0 fov=1.8850 aspect=0.9638
client level=warn t=495344 ev=vr.body anchor=3.0737 head_yaw=-0.2369 body_yaw=3.0772 error=-0.2351 counts_per_rad=569 servo=1
client level=warn t=495344 ev=vr.pad stats injected=494 held=0 mouse=29702,0 move=0.00,0.00 turn=0.00,0.00 trig=0.00,0.00 buttons=0x0
client level=warn t=495750 ev=vr.xr hand yaw=3.0115 r_valid=1 r_stale=1 r_fwd=-0.995,-0.087,-0.057 r_up=0.034,-0.794,0.607 r_off=-0.299,0.346,-0.367 r_palm=-0.205,0.378,-0.380 l_valid=1 l_fwd=-0.444,0.891,-0.092 l_off=-0.287,0.234,-0.340 h_off=0.085,0.102,-0.001
client level=warn t=495750 ev=vr.xr pose fwd=-0.943,0.330,-0.040 off=0.085,0.102,-0.001 fov=1.8850 aspect=0.964
client level=info t=495813 ev=probe stage=hosttail client=0x1433F0CF980 b=00000000000000000000000000000000000000000000000000000000000000000000000000000000FFFFFFFF00000000
client level=info t=495813 ev=probe stage=grant client=0x1433F0CF980 status=0x01FE pending=7936 dirty=0 receipt=0
client level=warn t=496313 ev=vr.weapon callers path=getter D5D832:0 B363FA:540 B3598D:180 B40A78:0
client level=warn t=496313 ev=vr.weapon callers path=ptr D98F49:720 D7FB5C:26 DB8CB6:180 12B0A09:0 16E8861:180 D8F242:0 D8B348:0 D8B9B5:0 D8492B:25 12B2284:0 D2F672:0 D7FF2C:25 F4276C:0 CE3C40:0 B35BEE:180 12911A0:0 12911B5:0
client level=warn t=496313 ev=vr.weapon callers path=xform D5896F:0
client level=warn t=496328 ev=vr.probe pose in_pos=66.39,-11.17,7.20 in_fwd=-0.994,0.064,-0.087 in_fov=1.2364 out_pos=66.48,-11.06,7.20 out_fwd=-0.919,0.390,-0.051 out_fov=1.8850
client level=warn t=496594 ev=vr.xr hand yaw=3.0115 r_valid=1 r_stale=1 r_fwd=-0.995,-0.087,-0.057 r_up=0.034,-0.794,0.607 r_off=-0.299,0.346,-0.367 r_palm=-0.205,0.378,-0.380 l_valid=1 l_fwd=-0.444,0.891,-0.092 l_off=-0.287,0.234,-0.340 h_off=0.094,0.109,-0.002
client level=info t=496891 ev=nettick stage=sample latch=1 callbacks=40545
client level=warn t=497422 ev=vr.xr hand yaw=3.0115 r_valid=1 r_stale=1 r_fwd=-0.995,-0.087,-0.057 r_up=0.034,-0.794,0.607 r_off=-0.299,0.346,-0.367 r_palm=-0.205,0.378,-0.380 l_valid=1 l_fwd=-0.444,0.891,-0.092 l_off=-0.287,0.234,-0.340 h_off=0.100,0.133,-0.009
client level=info t=497813 ev=probe stage=hosttail client=0x1433F0CF980 b=00000000000000000000000000000000000000000000000000000000000000000000000000000000FFFFFFFF00000000
client level=info t=497813 ev=probe stage=grant client=0x1433F0CF980 status=0x01FE pending=7936 dirty=0 receipt=0
client level=warn t=497844 ev=vr.body anchor=3.0737 head_yaw=-0.3593 body_yaw=3.0772 error=-0.3879 counts_per_rad=569 servo=1
client level=warn t=497844 ev=vr.pad stats injected=494 held=0 mouse=35822,0 move=0.00,0.00 turn=0.00,0.00 trig=0.00,0.00 buttons=0x0
client level=warn t=498250 ev=vr.xr hand yaw=3.0115 r_valid=1 r_stale=1 r_fwd=-0.995,-0.087,-0.057 r_up=0.034,-0.794,0.607 r_off=-0.299,0.346,-0.367 r_palm=-0.205,0.378,-0.380 l_valid=1 l_fwd=-0.444,0.891,-0.092 l_off=-0.287,0.234,-0.340 h_off=0.109,0.043,0.026
client level=warn t=498250 ev=vr.xr pose fwd=-0.902,-0.335,0.272 off=0.109,0.043,0.026 fov=1.8850 aspect=0.964
client level=warn t=498813 ev=vr.weapon callers path=getter D5D832:0 B363FA:540 B3598D:180 B40A78:0
client level=warn t=498813 ev=vr.weapon callers path=ptr D98F49:720 D7FB5C:26 DB8CB6:180 12B0A09:0 16E8861:180 D8F242:0 D8B348:0 D8B9B5:0 D8492B:27 12B2284:0 D2F672:0 D7FF2C:27 F4276C:0 CE3C40:0 B35BEE:180 12911A0:0 12911B5:0
client level=warn t=498813 ev=vr.weapon callers path=xform D5896F:0
client level=warn t=498828 ev=vr.probe pose in_pos=66.39,-11.17,7.20 in_fwd=-0.994,0.064,-0.087 in_fov=1.2364 out_pos=66.54,-11.14,7.24 out_fwd=-0.877,-0.263,0.403 out_fov=1.8850
client level=info t=498891 ev=nettick stage=sample latch=1 callbacks=40689
client level=warn t=499094 ev=vr.xr hand yaw=3.0115 r_valid=1 r_stale=1 r_fwd=-0.995,-0.087,-0.057 r_up=0.034,-0.794,0.607 r_off=-0.299,0.346,-0.367 r_palm=-0.205,0.378,-0.380 l_valid=1 l_fwd=-0.444,0.891,-0.092 l_off=-0.287,0.234,-0.340 h_off=0.142,0.033,0.036
client level=warn t=499094 ev=vr.xr submit layers=1 result=0 fov=1.8850 aspect=0.9638
client level=info t=499813 ev=probe stage=hosttail client=0x1433F0CF980 b=00000000000000000000000000000000000000000000000000000000000000000000000000000000FFFFFFFF00000000
client level=info t=499813 ev=probe stage=grant client=0x1433F0CF980 status=0x01FE pending=7936 dirty=0 receipt=0
client level=warn t=499922 ev=vr.xr hand yaw=3.0115 r_valid=1 r_stale=1 r_fwd=-0.995,-0.087,-0.057 r_up=0.034,-0.794,0.607 r_off=-0.299,0.346,-0.367 r_palm=-0.205,0.378,-0.380 l_valid=1 l_fwd=-0.444,0.891,-0.092 l_off=-0.287,0.234,-0.340 h_off=0.140,0.048,0.031
client level=warn t=500344 ev=vr.body anchor=3.0737 head_yaw=0.3241 body_yaw=3.0772 error=0.3207 counts_per_rad=569 servo=1
client level=warn t=500344 ev=vr.pad stats injected=494 held=0 mouse=30672,0 move=0.00,0.00 turn=0.00,0.00 trig=0.00,0.00 buttons=0x0
client level=warn t=500750 ev=vr.xr hand yaw=3.0115 r_valid=1 r_stale=1 r_fwd=-0.995,-0.087,-0.057 r_up=0.034,-0.794,0.607 r_off=-0.299,0.346,-0.367 r_palm=-0.205,0.378,-0.380 l_valid=1 l_fwd=-0.444,0.891,-0.092 l_off=-0.287,0.234,-0.340 h_off=0.144,0.046,0.033
client level=warn t=500750 ev=vr.xr pose fwd=-0.900,-0.232,0.368 off=0.144,0.046,0.033 fov=1.8850 aspect=0.964
client level=info t=500891 ev=nettick stage=sample latch=1 callbacks=40833
client level=warn t=501313 ev=vr.weapon callers path=getter D5D832:0 B363FA:540 B3598D:180 B40A78:0
client level=warn t=501313 ev=vr.weapon callers path=ptr D98F49:720 D7FB5C:26 DB8CB6:180 12B0A09:0 16E8861:180 D8F242:0 D8B348:0 D8B9B5:0 D8492B:26 12B2284:0 D2F672:0 D7FF2C:26 F4276C:0 CE3C40:0 B35BEE:180 12911A0:0 12911B5:0
client level=warn t=501313 ev=vr.weapon callers path=xform D5896F:0
client level=warn t=501328 ev=vr.probe pose in_pos=66.39,-11.17,7.20 in_fwd=-0.994,0.064,-0.087 in_fov=1.2364 out_pos=66.53,-11.12,7.23 out_fwd=-0.903,-0.222,0.368 out_fov=1.8850
client level=warn t=501594 ev=vr.xr hand yaw=3.0115 r_valid=1 r_stale=1 r_fwd=-0.995,-0.087,-0.057 r_up=0.034,-0.794,0.607 r_off=-0.299,0.346,-0.367 r_palm=-0.205,0.378,-0.380 l_valid=1 l_fwd=-0.444,0.891,-0.092 l_off=-0.287,0.234,-0.340 h_off=0.149,0.048,0.034
client level=info t=501813 ev=probe stage=hosttail client=0x1433F0CF980 b=00000000000000000000000000000000000000000000000000000000000000000000000000000000FFFFFFFF00000000
client level=info t=501813 ev=probe stage=grant client=0x1433F0CF980 status=0x01FE pending=7936 dirty=0 receipt=0
client level=warn t=502422 ev=vr.xr hand yaw=3.0115 r_valid=1 r_stale=1 r_fwd=-0.995,-0.087,-0.057 r_up=0.034,-0.794,0.607 r_off=-0.299,0.346,-0.367 r_palm=-0.205,0.378,-0.380 l_valid=1 l_fwd=-0.444,0.891,-0.092 l_off=-0.287,0.234,-0.340 h_off=0.149,0.049,0.034
client level=warn t=502844 ev=vr.body anchor=3.0737 head_yaw=0.2985 body_yaw=3.0772 error=0.2954 counts_per_rad=569 servo=1
client level=warn t=502844 ev=vr.pad stats injected=494 held=0 mouse=24552,0 move=0.00,0.00 turn=0.00,0.00 trig=0.00,0.00 buttons=0x0
client level=info t=502891 ev=nettick stage=sample latch=1 callbacks=40976
server level=info t=502906 ev=ws701 stage=profile_setup result=complete
server level=info t=502922 ev=activity stage=writeback result=ok world_state=1
client level=warn t=503250 ev=vr.xr hand yaw=3.0115 r_valid=1 r_stale=1 r_fwd=-0.995,-0.087,-0.057 r_up=0.034,-0.794,0.607 r_off=-0.299,0.346,-0.367 r_palm=-0.205,0.378,-0.380 l_valid=1 l_fwd=-0.444,0.891,-0.092 l_off=-0.287,0.234,-0.340 h_off=0.149,0.049,0.034
client level=warn t=503250 ev=vr.xr pose fwd=-0.899,-0.212,0.384 off=0.149,0.049,0.034 fov=1.8850 aspect=0.964
client level=warn t=503250 ev=vr.xr submit layers=1 result=0 fov=1.8850 aspect=0.9638
client level=info t=503813 ev=probe stage=hosttail client=0x1433F0CF980 b=00000000000000000000000000000000000000000000000000000000000000000000000000000000FFFFFFFF00000000
client level=info t=503813 ev=probe stage=grant client=0x1433F0CF980 status=0x01FE pending=7936 dirty=0 receipt=0
client level=warn t=503813 ev=vr.weapon callers path=getter D5D832:0 B363FA:540 B3598D:180 B40A78:0
client level=warn t=503813 ev=vr.weapon callers path=ptr D98F49:720 D7FB5C:28 DB8CB6:180 12B0A09:0 16E8861:180 D8F242:0 D8B348:0 D8B9B5:0 D8492B:28 12B2284:0 D2F672:0 D7FF2C:28 F4276C:0 CE3C40:0 B35BEE:180 12911A0:0 12911B5:0
client level=warn t=503813 ev=vr.weapon callers path=xform D5896F:0
client level=warn t=503828 ev=vr.probe pose in_pos=66.39,-11.17,7.20 in_fwd=-0.994,0.064,-0.087 in_fov=1.2364 out_pos=66.53,-11.12,7.23 out_fwd=-0.907,-0.208,0.365 out_fov=1.8850
client level=warn t=504094 ev=vr.xr hand yaw=3.0115 r_valid=1 r_stale=1 r_fwd=-0.995,-0.087,-0.057 r_up=0.034,-0.794,0.607 r_off=-0.299,0.346,-0.367 r_palm=-0.205,0.378,-0.380 l_valid=1 l_fwd=-0.444,0.891,-0.092 l_off=-0.287,0.234,-0.340 h_off=0.146,0.053,0.031
client level=info t=504719 ev=retail site=17 text=world_controller:retail_datamine: Total time spent: [29964] ms in world controller state: [34] name: [setup:orbit_outro]
client level=info t=504719 ev=retail site=3 text=world_controller:state_manager: Entering state 'setup:activity_world_transition' for reason 'unavailable'.
client level=info t=504719 ev=retail site=71 text=world_controller:task_manager: Started   task 'ENUM(0)'.
client level=info t=504719 ev=retail site=71 text=world_controller:task_manager: Started   task 'ENUM(1)'.
client level=info t=504719 ev=retail site=72 text=world_controller:task_manager: Completed task 'ENUM(1)' after '0ms'.
client level=info t=504985 ev=bootflow stage=owner_slot result=forced was=0 now=1
client level=info t=504985 ev=retail site=23 text=world_controller: successfully changed world to: fleet_freeroam
client level=info t=504985 ev=retail site=73 text=networking:update: *** it has been 269 milliseconds since the last network update (longest expected: '500')
client level=info t=504985 ev=retail site=72 text=world_controller:task_manager: Completed task 'ENUM(0)' after '269ms'.
client level=info t=504985 ev=retail site=17 text=world_controller:retail_datamine: Total time spent: [269] ms in world controller state: [35] name: [setup:activity_world_transition]
client level=info t=504985 ev=retail site=3 text=world_controller:state_manager: Entering state 'activity:initial_slice_set_loading' for reason 'unavailable'.
client level=info t=505000 ev=retail site=74 text=world_controller:task_manager: Started   task 'ENUM(0)'.
client level=info t=505000 ev=retail site=74 text=world_controller:task_manager: Started   task 'ENUM(1)'.
client level=info t=505000 ev=retail site=74 text=world_controller:task_manager: Started   task 'ENUM(4)'.
client level=info t=505000 ev=nettick stage=sample latch=1 callbacks=41109
server level=info t=505000 ev=gameplay stage=response result=ok wordb=7 signon=0
client level=info t=505016 ev=retail site=75 text=world_controller:task_manager: Completed task 'ENUM(1)' after '17ms'.
client level=info t=505016 ev=retail site=45 text=world_controller:slice_set_transition_manager: Mode changed from 'disabled' to 'initial_slice_set_precaching'.
client level=info t=505016 ev=retail site=74 text=world_controller:task_manager: Started   task 'ENUM(2)'.
client level=info t=505016 ev=retail site=74 text=world_controller:task_manager: Started   task 'ENUM(3)'.
client level=info t=505016 ev=retail site=75 text=world_controller:task_manager: Completed task 'ENUM(4)' after '16ms'.
client level=info t=505016 ev=retail site=74 text=world_controller:task_manager: Started   task 'ENUM(6)'.
client level=info t=505016 ev=retail site=74 text=world_controller:task_manager: Started   task 'ENUM(7)'.
client level=info t=505016 ev=bootflow stage=region result=forced slice_set=16
client level=info t=505016 ev=retail site=47 text=world_controller:slice_set_transition_manager: Starting a new transition of type 'transitioning:initial_slice_set' to 'PRV16.16 (HASH: 0x4cf9b596)'; token advanced to 001
server level=info t=505016 ev=gameplay stage=connect result=ok peer=2003 local=0x00000007 remote=0x00000018 rebuilt=0
server level=info t=505016 ev=gameplay stage=establish result=queued local=0x00000007 remote=0x00000018
client level=info t=505031 ev=retail site=75 text=world_controller:task_manager: Completed task 'ENUM(0)' after '32ms'.
client level=info t=505031 ev=retail site=74 text=world_controller:task_manager: Started   task 'ENUM(5)'.
server level=info t=505031 ev=gameplay stage=advertise result=ok region=16 region_source=reported ambassador_slot=1
client level=info t=505078 ev=probe stage=msg12 result=received client=0x1433F0CF980 slot=0 label=PRIVATE CURRENT member=0x35F900ECFC25A1B0 status=0x01FE->0x01FE flag=1
client level=info t=505078 ev=probe stage=bind client=0x1433F0CF980 established=0x9EAA30010020000C slotrec=0x143265AD9A0 roster=0x143E3B5BC80 receipt=1
client level=info t=505078 ev=probe stage=msg12 result=received client=0x1433F0CF980 slot=0 label=PRIVATE CURRENT member=0x35F900ECFC25A1B0 status=0x01FE->0x01FE flag=1
client level=info t=505078 ev=probe stage=bind client=0x1433F0CF980 established=0x9EAA30010020000C slotrec=0x143265AD9A0 roster=0x143E3B5BC80 receipt=1
server level=info t=505078 ev=ws701 stage=profile_setup result=complete
server level=info t=505094 ev=activity stage=writeback result=ok world_state=1
client level=warn t=505156 ev=vr.xr hand yaw=-0.3470 r_valid=1 r_stale=1 r_fwd=0.990,-0.129,-0.057 r_up=0.137,0.783,0.607 r_off=0.217,-0.403,-0.367 r_palm=0.119,-0.414,-0.380 l_valid=1 l_fwd=0.242,-0.966,-0.092 l_off=0.230,-0.290,-0.340 h_off=-0.153,-0.017,0.031
client level=warn t=505594 ev=vr.body anchor=-0.2847 head_yaw=0.2924 body_yaw=0.0172 error=-0.0073 counts_per_rad=524 servo=1
client level=warn t=505594 ev=vr.pad stats injected=494 held=0 mouse=19996,0 move=0.00,0.00 turn=0.00,0.00 trig=0.00,0.00 buttons=0x0
client level=info t=505813 ev=probe stage=hosttail client=0x1433F0CF980 b=00000000000000000000000000000000000000000000000000000000000000000000000000000000FFFFFFFF00000000
client level=info t=505813 ev=probe stage=grant client=0x1433F0CF980 status=0x01FE pending=0 dirty=0 receipt=1
client level=warn t=506000 ev=vr.xr hand yaw=-0.3470 r_valid=1 r_stale=1 r_fwd=0.990,-0.129,-0.057 r_up=0.137,0.783,0.607 r_off=0.217,-0.403,-0.367 r_palm=0.119,-0.414,-0.380 l_valid=1 l_fwd=0.242,-0.966,-0.092 l_off=0.230,-0.290,-0.340 h_off=-0.125,-0.057,-0.004
client level=warn t=506000 ev=vr.xr pose fwd=0.951,-0.285,-0.122 off=-0.125,-0.057,-0.004 fov=1.8850 aspect=0.964
client level=info t=506031 ev=retail site=75 text=world_controller:task_manager: Completed task 'ENUM(5)' after '1001ms'.
server level=info t=506031 ev=gameplay stage=message result=ok id=8 peerstage=5
server level=info t=506031 ev=gameplay stage=sendqueue result=cleared packet=1 base=4 entries=0
client level=info t=506047 ev=retail site=75 text=world_controller:task_manager: Completed task 'ENUM(6)' after '1032ms'.
server level=info t=506094 ev=gameplay stage=message result=ok id=40 peerstage=5
server level=info t=506094 ev=gameplay stage=view result=queued remote=1 local=1 token=0x9EAA30010020000C list=0
server level=info t=506156 ev=gameplay stage=message result=ok id=40 peerstage=5
server level=info t=506156 ev=gameplay stage=view result=queued remote=2 local=2 token=0x9EAA30010020000C list=15
server level=info t=506156 ev=gameplay stage=sendqueue result=cleared packet=7 base=7 entries=0
server level=info t=506203 ev=gameplay stage=message result=ok id=40 peerstage=5
server level=info t=506203 ev=gameplay stage=view result=queued remote=3 local=3 token=0x9EAA30010020000C list=0
server level=info t=506203 ev=gameplay stage=message result=ok id=40 peerstage=5
server level=info t=506203 ev=gameplay stage=view result=queued remote=4 local=4 token=0x9EAA30010020000C list=0
server level=info t=506203 ev=gameplay stage=sendqueue result=cleared packet=8 base=8 entries=0
server level=info t=506250 ev=gameplay stage=message result=ok id=40 peerstage=5
server level=warn t=506266 ev=gameplay stage=view result=refused remote=5 local=0 token=0x9EAA30010020000C list=0
server level=info t=506313 ev=gameplay stage=sendqueue result=cleared packet=9 base=9 entries=0
client level=warn t=506610 ev=vr.weapon callers path=getter D5D832:0 B363FA:543 B3598D:181 B40A78:3
client level=warn t=506610 ev=vr.weapon callers path=ptr D98F49:719 D7FB5C:10 DB8CB6:180 12B0A09:0 16E8861:184 D8F242:0 D8B348:0 D8B9B5:0 D8492B:10 12B2284:0 D2F672:0 D7FF2C:10 F4276C:0 CE3C40:0 B35BEE:181 12911A0:1 12911B5:1
client level=warn t=506610 ev=vr.weapon callers path=xform D5896F:0
client level=warn t=506625 ev=vr.probe pose in_pos=-102.24,1.36,13.43 in_fwd=0.993,0.017,-0.120 in_fov=1.0700 out_pos=-102.34,1.31,13.41 out_fwd=0.947,-0.234,-0.221 out_fov=1.8850
client level=warn t=506860 ev=vr.xr hand yaw=-0.3470 r_valid=1 r_stale=1 r_fwd=0.990,-0.129,-0.057 r_up=0.137,0.783,0.607 r_off=0.217,-0.403,-0.367 r_palm=0.119,-0.414,-0.380 l_valid=1 l_fwd=0.242,-0.966,-0.092 l_off=0.230,-0.290,-0.340 h_off=-0.091,-0.040,-0.014
client level=info t=507000 ev=nettick stage=sample latch=1 callbacks=41251
client level=warn t=507735 ev=vr.xr hand yaw=-0.3470 r_valid=1 r_stale=1 r_fwd=0.990,-0.129,-0.057 r_up=0.137,0.783,0.607 r_off=0.217,-0.403,-0.367 r_palm=0.119,-0.414,-0.380 l_valid=1 l_fwd=0.242,-0.966,-0.092 l_off=0.230,-0.290,-0.340 h_off=-0.119,-0.193,-0.057
client level=warn t=507735 ev=vr.xr submit layers=1 result=0 fov=1.8850 aspect=0.9638
client level=info t=507813 ev=probe stage=hosttail client=0x1433F0CF980 b=00000000000000000000000000000000000000000000000000000000000000000000000000000000FFFFFFFF00000000
client level=info t=507813 ev=probe stage=grant client=0x1433F0CF980 status=0x01FE pending=0 dirty=0 receipt=1
server level=info t=508031 ev=gameplay stage=message result=ok id=4 peerstage=5
client level=warn t=508188 ev=vr.body anchor=-0.2847 head_yaw=-0.0086 body_yaw=0.0172 error=-0.3066 counts_per_rad=524 servo=1
client level=warn t=508188 ev=vr.pad stats injected=494 held=0 mouse=25258,0 move=0.00,0.00 turn=0.00,0.00 trig=0.00,0.00 buttons=0x0
client level=warn t=508641 ev=vr.xr hand yaw=-0.3470 r_valid=1 r_stale=1 r_fwd=0.990,-0.129,-0.057 r_up=0.137,0.783,0.607 r_off=0.217,-0.403,-0.367 r_palm=0.119,-0.414,-0.380 l_valid=1 l_fwd=0.242,-0.966,-0.092 l_off=0.230,-0.290,-0.340 h_off=0.243,-0.025,-0.082
client level=warn t=508641 ev=vr.xr pose fwd=0.930,-0.346,-0.128 off=0.243,-0.025,-0.082 fov=1.8850 aspect=0.964
client level=info t=509000 ev=nettick stage=sample latch=1 callbacks=41386
client level=warn t=509266 ev=vr.weapon callers path=getter D5D832:0 B363FA:540 B3598D:180 B40A78:0
client level=warn t=509266 ev=vr.weapon callers path=ptr D98F49:720 D7FB5C:0 DB8CB6:180 12B0A09:0 16E8861:180 D8F242:0 D8B348:0 D8B9B5:0 D8492B:0 12B2284:0 D2F672:0 D7FF2C:0 F4276C:0 CE3C40:0 B35BEE:180 12911A0:0 12911B5:0
client level=warn t=509266 ev=vr.weapon callers path=xform D5896F:0
client level=warn t=509266 ev=vr.probe pose in_pos=-102.24,1.36,13.43 in_fwd=0.993,0.017,-0.120 in_fov=1.0700 out_pos=-102.11,1.33,13.38 out_fwd=0.921,-0.346,-0.178 out_fov=1.8850
client level=warn t=509516 ev=vr.xr hand yaw=-0.3470 r_valid=1 r_stale=0 r_fwd=0.889,-0.458,-0.020 r_up=0.386,0.724,0.572 r_off=-0.074,-0.506,-0.354 r_palm=-0.170,-0.485,-0.370 l_valid=1 l_fwd=-0.343,-0.935,-0.091 l_off=0.013,-0.438,-0.350 h_off=0.024,-0.061,-0.032
client level=info t=509813 ev=probe stage=hosttail client=0x1433F0CF980 b=00000000000000000000000000000000000000000000000000000000000000000000000000000000FFFFFFFF00000000
client level=info t=509813 ev=probe stage=grant client=0x1433F0CF980 status=0x01FE pending=0 dirty=0 receipt=1
client level=info t=510016 ev=retail site=76 text=world_controller:state:activity:initial_slice_set_loading: Timeout entering the prologue-filler (given 5000ms).
client level=info t=510031 ev=retail site=74 text=world_controller:task_manager: Started   task 'ENUM(9)'.
server level=info t=510344 ev=gameplay stage=message result=ok id=4 peerstage=5
client level=warn t=510469 ev=vr.xr hand yaw=-0.3470 r_valid=1 r_stale=0 r_fwd=0.717,-0.695,-0.062 r_up=0.619,0.593,0.515 r_off=-0.082,-0.531,-0.364 r_palm=-0.169,-0.483,-0.374 l_valid=1 l_fwd=-0.343,-0.935,-0.091 l_off=0.013,-0.438,-0.350 h_off=-0.023,-0.063,-0.027
client level=warn t=510922 ev=vr.body anchor=-0.2847 head_yaw=0.0602 body_yaw=0.0173 error=-0.2364 counts_per_rad=524 servo=1
client level=warn t=510922 ev=vr.pad stats injected=494 held=0 mouse=30838,0 move=0.00,0.00 turn=0.00,0.00 trig=0.00,0.00 buttons=0x0
client level=info t=511000 ev=nettick stage=sample latch=1 callbacks=41516
client level=warn t=511375 ev=vr.xr hand yaw=-0.3470 r_valid=1 r_stale=1 r_fwd=0.750,-0.655,-0.085 r_up=0.577,0.587,0.568 r_off=-0.087,-0.522,-0.351 r_palm=-0.176,-0.477,-0.360 l_valid=1 l_fwd=-0.343,-0.935,-0.091 l_off=0.013,-0.437,-0.350 h_off=-0.030,-0.241,-0.124
client level=warn t=511375 ev=vr.xr pose fwd=0.881,-0.063,-0.470 off=-0.030,-0.241,-0.124 fov=1.8850 aspect=0.964
client level=info t=511813 ev=probe stage=hosttail client=0x1433F0CF980 b=00000000000000000000000000000000000000000000000000000000000000000000000000000000FFFFFFFF00000000
client level=info t=511813 ev=probe stage=grant client=0x1433F0CF980 status=0x01FE pending=0 dirty=0 receipt=1
client level=warn t=511953 ev=vr.weapon callers path=getter D5D832:0 B363FA:540 B3598D:180 B40A78:0
client level=warn t=511953 ev=vr.weapon callers path=ptr D98F49:720 D7FB5C:0 DB8CB6:180 12B0A09:0 16E8861:180 D8F242:0 D8B348:0 D8B9B5:0 D8492B:0 12B2284:0 D2F672:0 D7FF2C:0 F4276C:0 CE3C40:0 B35BEE:180 12911A0:0 12911B5:0
client level=warn t=511953 ev=vr.weapon callers path=xform D5896F:0
client level=warn t=511969 ev=vr.probe pose in_pos=-102.24,2.11,13.43 in_fwd=0.993,0.017,-0.120 in_fov=1.0700 out_pos=-102.24,1.94,13.34 out_fwd=0.849,-0.258,-0.461 out_fov=1.8850
client level=warn t=512203 ev=vr.xr hand yaw=-0.3470 r_valid=1 r_stale=1 r_fwd=0.750,-0.655,-0.085 r_up=0.577,0.587,0.568 r_off=-0.087,-0.522,-0.351 r_palm=-0.176,-0.477,-0.360 l_valid=1 l_fwd=-0.343,-0.935,-0.091 l_off=0.013,-0.437,-0.350 h_off=0.041,0.025,-0.001
client level=warn t=512203 ev=vr.xr submit layers=1 result=0 fov=1.8850 aspect=0.9638
client level=info t=513000 ev=nettick stage=sample latch=1 callbacks=41655
client level=warn t=513094 ev=vr.xr hand yaw=-0.3470 r_valid=1 r_stale=1 r_fwd=0.750,-0.655,-0.085 r_up=0.577,0.587,0.568 r_off=-0.087,-0.522,-0.351 r_palm=-0.176,-0.477,-0.360 l_valid=1 l_fwd=-0.343,-0.935,-0.091 l_off=0.013,-0.437,-0.350 h_off=0.109,0.126,-0.062
server level=info t=513453 ev=gameplay stage=message result=ok id=4 peerstage=5
client level=warn t=513516 ev=vr.body anchor=-0.2847 head_yaw=0.1834 body_yaw=0.0173 error=-0.1085 counts_per_rad=524 servo=1
client level=warn t=513516 ev=vr.pad stats injected=494 held=0 mouse=30384,0 move=0.00,0.00 turn=0.00,0.00 trig=0.00,0.00 buttons=0x0
client level=info t=513578 ev=retail site=75 text=world_controller:task_manager: Completed task 'ENUM(2)' after '8570ms'.
client level=info t=513813 ev=probe stage=hosttail client=0x1433F0CF980 b=00000000000000000000000000000000000000000000000000000000000000000000000000000000FFFFFFFF00000000
client level=info t=513813 ev=probe stage=grant client=0x1433F0CF980 status=0x01FE pending=0 dirty=0 receipt=1
client level=warn t=513938 ev=vr.xr hand yaw=-0.3470 r_valid=1 r_stale=1 r_fwd=0.750,-0.655,-0.085 r_up=0.577,0.587,0.568 r_off=-0.087,-0.522,-0.351 r_palm=-0.176,-0.477,-0.360 l_valid=1 l_fwd=-0.343,-0.935,-0.091 l_off=0.013,-0.437,-0.350 h_off=-0.083,-0.088,-0.014
client level=warn t=513938 ev=vr.xr pose fwd=0.920,-0.305,-0.245 off=-0.083,-0.088,-0.014 fov=1.8850 aspect=0.964
client level=info t=514078 ev=retail site=75 text=world_controller:task_manager: Completed task 'ENUM(3)' after '9061ms'.
client level=info t=514078 ev=retail site=45 text=world_controller:slice_set_transition_manager: Mode changed from 'initial_slice_set_precaching' to 'initial_slice_set_instantion'.
client level=info t=514078 ev=retail site=74 text=world_controller:task_manager: Started   task 'ENUM(8)'.
client level=info t=514110 ev=retail site=75 text=world_controller:task_manager: Completed task 'ENUM(8)' after '35ms'.
client level=info t=514110 ev=retail site=48 text=world_controller:slice_set_transition_manager: Stopping transition of type 'transitioning:initial_slice_set' due to completed
client level=info t=514172 ev=probe stage=msg12 result=received client=0x1433F0CF980 slot=0 label=PRIVATE CURRENT member=0x35F900ECFC25A1B0 status=0x01FE->0x01FE flag=1
client level=info t=514172 ev=probe stage=bind client=0x1433F0CF980 established=0x9EAA30010020000C slotrec=0x143265AD9A0 roster=0x143E3B5BC80 receipt=1
client level=info t=514188 ev=probe stage=msg12 result=received client=0x1433F0CF980 slot=0 label=PRIVATE CURRENT member=0x35F900ECFC25A1B0 status=0x01FE->0x01FE flag=1
client level=info t=514188 ev=probe stage=bind client=0x1433F0CF980 established=0x9EAA30010020000C slotrec=0x143265AD9A0 roster=0x143E3B5BC80 receipt=1
client level=info t=514203 ev=retail site=75 text=world_controller:task_manager: Completed task 'ENUM(9)' after '4174ms'.
client level=info t=514203 ev=retail site=74 text=world_controller:task_manager: Started   task 'ENUM(10)'.
client level=warn t=514578 ev=vr.weapon callers path=getter D5D832:0 B363FA:540 B3598D:180 B40A78:0
client level=warn t=514578 ev=vr.weapon callers path=ptr D98F49:720 D7FB5C:18 DB8CB6:180 12B0A09:0 16E8861:186 D8F242:0 D8B348:0 D8B9B5:0 D8492B:2 12B2284:0 D2F672:0 D7FF2C:2 F4276C:0 CE3C40:0 B35BEE:180 12911A0:0 12911B5:0
client level=warn t=514578 ev=vr.weapon callers path=xform D5896F:0
client level=warn t=514594 ev=vr.probe pose in_pos=-102.24,2.12,13.49 in_fwd=0.993,0.017,-0.120 in_fov=1.0700 out_pos=-102.35,2.06,13.52 out_fwd=0.910,-0.406,-0.083 out_fov=1.8850
client level=warn t=514906 ev=vr.xr hand yaw=-0.3470 r_valid=1 r_stale=1 r_fwd=0.750,-0.655,-0.085 r_up=0.577,0.587,0.568 r_off=-0.087,-0.522,-0.351 r_palm=-0.176,-0.477,-0.360 l_valid=1 l_fwd=-0.343,-0.935,-0.091 l_off=0.013,-0.437,-0.350 h_off=-0.083,-0.062,0.015
client level=info t=515000 ev=nettick stage=sample latch=1 callbacks=41788
client level=warn t=515797 ev=vr.xr hand yaw=-0.3470 r_valid=1 r_stale=1 r_fwd=0.750,-0.655,-0.085 r_up=0.577,0.587,0.568 r_off=-0.087,-0.522,-0.351 r_palm=-0.176,-0.477,-0.360 l_valid=1 l_fwd=-0.343,-0.935,-0.091 l_off=0.013,-0.437,-0.350 h_off=-0.083,-0.112,-0.025
client level=info t=515813 ev=probe stage=hosttail client=0x1433F0CF980 b=00000000000000000000000000000000000000000000000000000000000000000000000000000000FFFFFFFF00000000
client level=info t=515813 ev=probe stage=grant client=0x1433F0CF980 status=0x01FE pending=0 dirty=0 receipt=1
client level=info t=515938 ev=retail site=75 text=world_controller:task_manager: Completed task 'ENUM(10)' after '1727ms'.
client level=info t=515938 ev=retail site=17 text=world_controller:retail_datamine: Total time spent: [10947] ms in world controller state: [36] name: [activity:initial_slice_set_loading]
client level=info t=515938 ev=retail site=3 text=world_controller:state_manager: Entering state 'activity:physics_join' for reason 'unavailable'.
client level=info t=515938 ev=retail site=77 text=world_controller:task_manager: Started   task 'ENUM(0)'.
client level=warn t=516235 ev=vr.body anchor=-0.2847 head_yaw=-0.2247 body_yaw=-0.0571 error=-0.4478 counts_per_rad=507 servo=1
client level=warn t=516235 ev=vr.pad stats injected=494 held=0 mouse=35894,0 move=0.00,0.00 turn=0.00,0.00 trig=0.00,0.00 buttons=0x0
server level=info t=516453 ev=gameplay stage=message result=ok id=4 peerstage=5
client level=warn t=516672 ev=vr.xr hand yaw=-0.3470 r_valid=1 r_stale=1 r_fwd=0.750,-0.655,-0.085 r_up=0.577,0.587,0.568 r_off=-0.087,-0.522,-0.351 r_palm=-0.176,-0.477,-0.360 l_valid=1 l_fwd=-0.343,-0.935,-0.091 l_off=0.013,-0.437,-0.350 h_off=-0.093,-0.033,0.004
client level=warn t=516672 ev=vr.xr pose fwd=0.892,-0.445,-0.077 off=-0.093,-0.033,0.004 fov=1.8850 aspect=0.964
client level=warn t=516672 ev=vr.xr submit layers=1 result=0 fov=1.8850 aspect=0.9638
client level=info t=517000 ev=nettick stage=sample latch=1 callbacks=41924
client level=warn t=517266 ev=vr.weapon callers path=getter D5D832:0 B363FA:540 B3598D:180 B40A78:0
client level=warn t=517266 ev=vr.weapon callers path=ptr D98F49:720 D7FB5C:110 DB8CB6:180 12B0A09:0 16E8861:180 D8F242:0 D8B348:0 D8B9B5:0 D8492B:6 12B2284:0 D2F672:0 D7FF2C:6 F4276C:0 CE3C40:0 B35BEE:180 12911A0:0 12911B5:0
client level=warn t=517266 ev=vr.weapon callers path=xform D5896F:0
client level=warn t=517281 ev=vr.probe pose in_pos=-57.50,-7.78,13.87 in_fwd=1.000,-0.015,0.005 in_fov=1.0700 out_pos=-57.63,-7.89,13.82 out_fwd=0.289,-0.785,-0.548 out_fov=1.8850
client level=warn t=517516 ev=vr.xr hand yaw=-0.3470 r_valid=1 r_stale=1 r_fwd=0.750,-0.655,-0.085 r_up=0.577,0.587,0.568 r_off=-0.087,-0.522,-0.351 r_palm=-0.176,-0.477,-0.360 l_valid=1 l_fwd=-0.343,-0.935,-0.091 l_off=0.013,-0.437,-0.350 h_off=-0.189,-0.124,-0.071
client level=info t=517813 ev=probe stage=hosttail client=0x1433F0CF980 b=00000000000000000000000000000000000000000000000000000000000000000000000000000000FFFFFFFF00000000
client level=info t=517813 ev=probe stage=grant client=0x1433F0CF980 status=0x01FE pending=0 dirty=0 receipt=1
client level=warn t=518344 ev=vr.xr hand yaw=-0.3470 r_valid=1 r_stale=1 r_fwd=0.750,-0.655,-0.085 r_up=0.577,0.587,0.568 r_off=-0.087,-0.522,-0.351 r_palm=-0.176,-0.477,-0.360 l_valid=1 l_fwd=-0.343,-0.935,-0.091 l_off=0.013,-0.437,-0.350 h_off=-0.085,-0.098,-0.024
client level=warn t=518766 ev=vr.body anchor=-0.2847 head_yaw=0.3045 body_yaw=-0.0298 error=0.0414 counts_per_rad=1551 servo=1
client level=warn t=518766 ev=vr.pad stats injected=494 held=0 mouse=48308,0 move=0.00,0.00 turn=0.00,0.00 trig=0.00,0.00 buttons=0x0
client level=info t=519000 ev=nettick stage=sample latch=1 callbacks=42068
client level=warn t=519188 ev=vr.xr hand yaw=-0.3470 r_valid=1 r_stale=1 r_fwd=0.750,-0.655,-0.085 r_up=0.577,0.587,0.568 r_off=-0.087,-0.522,-0.351 r_palm=-0.176,-0.477,-0.360 l_valid=1 l_fwd=-0.343,-0.935,-0.091 l_off=0.013,-0.437,-0.350 h_off=-0.142,-0.157,-0.029
client level=warn t=519188 ev=vr.xr pose fwd=0.951,-0.228,-0.210 off=-0.142,-0.157,-0.029 fov=1.8850 aspect=0.964
server level=info t=519563 ev=gameplay stage=message result=ok id=4 peerstage=5
client level=warn t=519766 ev=vr.weapon callers path=getter D5D832:0 B363FA:540 B3598D:180 B40A78:0
client level=warn t=519766 ev=vr.weapon callers path=ptr D98F49:720 D7FB5C:128 DB8CB6:180 12B0A09:0 16E8861:180 D8F242:0 D8B348:0 D8B9B5:0 D8492B:8 12B2284:0 D2F672:0 D7FF2C:8 F4276C:0 CE3C40:0 B35BEE:180 12911A0:0 12911B5:0
client level=warn t=519766 ev=vr.weapon callers path=xform D5896F:0
client level=warn t=519781 ev=vr.probe pose in_pos=-57.50,-7.79,13.86 in_fwd=0.974,-0.027,-0.223 in_fov=1.0700 out_pos=-57.60,-7.91,13.83 out_fwd=0.796,-0.537,-0.281 out_fov=1.8850
client level=info t=519813 ev=probe stage=hosttail client=0x1433F0CF980 b=00000000000000000000000000000000000000000000000000000000000000000000000000000000FFFFFFFF00000000
client level=info t=519813 ev=probe stage=grant client=0x1433F0CF980 status=0x01FE pending=0 dirty=0 receipt=1
client level=warn t=520016 ev=vr.xr hand yaw=-0.3470 r_valid=1 r_stale=1 r_fwd=0.750,-0.655,-0.085 r_up=0.577,0.587,0.568 r_off=-0.087,-0.522,-0.351 r_palm=-0.176,-0.477,-0.360 l_valid=1 l_fwd=-0.343,-0.935,-0.091 l_off=0.013,-0.437,-0.350 h_off=-0.052,-0.073,-0.034
client level=warn t=520844 ev=vr.xr hand yaw=-0.3470 r_valid=1 r_stale=1 r_fwd=0.750,-0.655,-0.085 r_up=0.577,0.587,0.568 r_off=-0.087,-0.522,-0.351 r_palm=-0.176,-0.477,-0.360 l_valid=1 l_fwd=-0.343,-0.935,-0.091 l_off=0.013,-0.437,-0.350 h_off=-0.007,0.029,0.015
client level=warn t=520844 ev=vr.xr submit layers=1 result=0 fov=1.8850 aspect=0.9638
client level=info t=521000 ev=nettick stage=sample latch=1 callbacks=42212
client level=warn t=521266 ev=vr.body anchor=-0.2847 head_yaw=0.0841 body_yaw=-0.0863 error=-0.1366 counts_per_rad=3211 servo=1
client level=warn t=521266 ev=vr.pad stats injected=494 held=0 mouse=71385,0 move=0.00,0.00 turn=0.00,0.00 trig=0.00,0.00 buttons=0x0
client level=warn t=521688 ev=vr.xr hand yaw=-0.3470 r_valid=1 r_stale=1 r_fwd=0.750,-0.655,-0.085 r_up=0.577,0.587,0.568 r_off=-0.087,-0.522,-0.351 r_palm=-0.176,-0.477,-0.360 l_valid=1 l_fwd=-0.343,-0.935,-0.091 l_off=0.013,-0.437,-0.350 h_off=-0.080,-0.085,-0.013
client level=warn t=521688 ev=vr.xr pose fwd=0.999,-0.028,-0.035 off=-0.080,-0.085,-0.013 fov=1.8850 aspect=0.964
client level=info t=521813 ev=probe stage=hosttail client=0x1433F0CF980 b=00000000000000000000000000000000000000000000000000000000000000000000000000000000FFFFFFFF00000000
client level=info t=521813 ev=probe stage=grant client=0x1433F0CF980 status=0x01FE pending=0 dirty=0 receipt=1
client level=info t=521969 ev=retail site=78 text=world_controller:task_manager: Completed task 'ENUM(0)' after '6045ms'.
client level=info t=521969 ev=retail site=17 text=world_controller:retail_datamine: Total time spent: [6045] ms in world controller state: [37] name: [activity:physics_join]
client level=info t=521969 ev=retail site=3 text=world_controller:state_manager: Entering state 'activity:in_world' for reason 'unavailable'.
client level=info t=521969 ev=retail site=79 text=world_controller:state:in_world: Starting activity '0x000a (HASH(0xf858b379))(type: HASH(0xd07bb2d7))(grognok: fleet_freeroam)(destination: HASH(0x8e6191bd))(nonce: 7461D69E-0C1222D5) for reason 'ENUM(0)'(override: fleet_freeroam)'.
client level=info t=521969 ev=retail site=11 text=world_controller:retail_datamine: Timed operation: [ENUM(17)], took: [49309 ms], average: [35571.000000 ms], min: [21833.000000], max: [49309.000000], count: [2]
client level=warn t=528328 ev=probe stage=stall result=detected idle=6000 count=42288
client level=info t=528360 ev=probe stage=stall set=stack tid=0x00003554 rip=0x7FFD69540E44 rsp=0x1132CFD618 window=2048
client level=info t=528360 ev=probe stage=stall set=frames tid=0x00003554 f0=exe+0x2167200 f1=exe+0x20CFF01 f2=exe+0x360D5E f3=exe+0x1BCD9C8 f4=exe+0x11C613D
client level=info t=528360 ev=probe stage=stall set=stack tid=0x00002778 rip=0x7FFD69544A74 rsp=0x1133DFF6D8 window=2048
client level=info t=528360 ev=probe stage=stall set=stack tid=0x0000343C rip=0x7FFD69541444 rsp=0x11345FEF18 window=2048
client level=info t=528360 ev=probe stage=stall set=frames tid=0x0000343C f0=exe+0x1681597 f1=exe+0x3B1A77 f2=exe+0x3AFF70 f3=exe+0x4F5C89E f4=exe+0x47DA9CB f5=exe+0x0 f6=exe+0x3FB1A5A f7=exe+0x69533FF
client level=info t=528360 ev=probe stage=stall set=stack tid=0x00002EC8 rip=0x7FFD69544A74 rsp=0x1134DFF7F8 window=2048
client level=info t=528360 ev=probe stage=stall set=stack tid=0x00001E18 rip=0x7FFD69540E44 rsp=0x11351FFDE8 window=512
client level=info t=528360 ev=probe stage=stall set=frames tid=0x00001E18 f0=exe+0x1280280 f1=exe+0x0 f2=exe+0x242CD10 f3=exe+0x1280201 f4=exe+0x3023E5 f5=exe+0x348061 f6=exe+0x7CB8EAA f7=exe+0x7039128
client level=info t=528360 ev=probe stage=stall set=frames tid=0x00001E18 f8=exe+0x128029D f9=exe+0x0 f10=exe+0x1280280 f11=exe+0x129869C
client level=info t=528360 ev=probe stage=stall set=stack tid=0x0000173C rip=0x7FFD69541444 rsp=0x11355F8E38 window=2048
client level=info t=528360 ev=probe stage=stall set=frames tid=0x0000173C f0=exe+0x1299FD0 f1=exe+0x7CB8EAA f2=exe+0x0 f3=exe+0x1299FD0 f4=exe+0x129A08B f5=exe+0x2F24088 f6=exe+0x2F23FB0
client level=info t=528360 ev=probe stage=stall set=stack tid=0x000031D8 rip=0x7FFD69541444 rsp=0x11359FD638 window=2048
client level=info t=528360 ev=probe stage=stall set=frames tid=0x000031D8 f0=exe+0x20D6E80 f1=exe+0x20D6E80 f2=exe+0x3550FB f3=exe+0x20D6E38 f4=exe+0x9ED23D f5=exe+0x1DC60C8 f6=exe+0x1DC60D4 f7=exe+0x1B87974
client level=info t=528360 ev=probe stage=stall set=frames tid=0x000031D8 f8=exe+0x1DC60C8 f9=exe+0x3537B3 f10=exe+0x35ECC44 f11=exe+0x3537B3 f12=exe+0x35ECC44 f13=exe+0x35ECC44 f14=exe+0x3537B3 f15=exe+0x35ECC44
client level=info t=528360 ev=probe stage=stall set=stack tid=0x000004E0 rip=0x7FFD69540E44 rsp=0x1135DFFC98 window=512
client level=info t=528360 ev=probe stage=stall set=frames tid=0x000004E0 f0=exe+0x2E59D30 f1=exe+0x302465 f2=exe+0x31D073 f3=exe+0x31D0BA f4=exe+0x318894 f5=exe+0x20D7A38 f6=exe+0x31B241 f7=exe+0x3537B3
client level=info t=528360 ev=probe stage=stall set=frames tid=0x000004E0 f8=exe+0x20D7A38
client level=info t=528360 ev=probe stage=stall set=stack tid=0x00001B34 rip=0x7FFD69541444 rsp=0x11361FE1B8 window=2048
client level=info t=528360 ev=probe stage=stall set=frames tid=0x00001B34 f0=exe+0x20D8680 f1=exe+0x20D8680 f2=exe+0x3550FB f3=exe+0x20D8638 f4=exe+0xC77DA f5=exe+0x1CA3448 f6=exe+0xC61B0 f7=exe+0x1DC60C8
client level=info t=528360 ev=probe stage=stall set=frames tid=0x00001B34 f8=exe+0x1DC60D4 f9=exe+0x1B87974 f10=exe+0x1DC60C8 f11=exe+0x3537B3 f12=exe+0x35ECC44 f13=exe+0x3537B3 f14=exe+0x35ECC44 f15=exe+0x35ECC44
client level=info t=528360 ev=probe stage=stall set=stack tid=0x0000427C rip=0x7FFD69540E44 rsp=0x11365FF538 window=2048
client level=info t=528360 ev=probe stage=stall set=frames tid=0x0000427C f0=exe+0x302465 f1=exe+0x31D073 f2=exe+0x31D0BA f3=exe+0x318894 f4=exe+0x20D9238 f5=exe+0x31B241 f6=exe+0x3537B3 f7=exe+0x20D9238
client level=info t=528360 ev=probe stage=stall set=frames tid=0x0000427C f8=exe+0x20D9238 f9=exe+0x353874 f10=exe+0x20D9238 f11=exe+0x20D925C f12=exe+0x3537D0 f13=exe+0x20D9238
client level=info t=528360 ev=probe stage=stall set=stack tid=0x00001188 rip=0x7FFD69540E44 rsp=0x11369FFC08 window=512
client level=info t=528360 ev=probe stage=stall set=frames tid=0x00001188 f0=exe+0x2E5B380 f1=exe+0x302465 f2=exe+0x31D073 f3=exe+0x31D0BA f4=exe+0x318894 f5=exe+0x20D9E38 f6=exe+0x31B241 f7=exe+0x3537B3
client level=info t=528360 ev=probe stage=stall set=frames tid=0x00001188 f8=exe+0x20D9E38
client level=info t=528360 ev=probe stage=stall set=stack tid=0x00004234 rip=0x7FFD69540E44 rsp=0x1136DFF618 window=2048
client level=info t=528360 ev=probe stage=stall set=frames tid=0x00004234 f0=exe+0x302465 f1=exe+0x31D073 f2=exe+0x31D0BA f3=exe+0x318894 f4=exe+0x20DAA38 f5=exe+0x31B241 f6=exe+0x3537B3 f7=exe+0x20DAA38
client level=info t=528360 ev=probe stage=stall set=frames tid=0x00004234 f8=exe+0x20DAA38 f9=exe+0x353874 f10=exe+0x20DAA38 f11=exe+0x20DAA5C f12=exe+0x3537D0 f13=exe+0x20DAA38
client level=info t=528360 ev=probe stage=stall set=stack tid=0x000037C0 rip=0x7FFD69540E44 rsp=0x11371FF918 window=1024
client level=info t=528360 ev=probe stage=stall set=frames tid=0x000037C0 f0=exe+0x302465 f1=exe+0x31D073 f2=exe+0x31D0BA f3=exe+0x318894 f4=exe+0x20EEE48 f5=exe+0x31B241 f6=exe+0x3537B3 f7=exe+0x20EEE48
client level=info t=528360 ev=probe stage=stall set=frames tid=0x000037C0 f8=exe+0x20EEE48 f9=exe+0x353874 f10=exe+0x20EEE48 f11=exe+0x20EEE6C f12=exe+0x3537D0 f13=exe+0x20EEE48
client level=info t=528360 ev=probe stage=stall set=stack tid=0x00002688 rip=0x7FFD69540E44 rsp=0x11375FFBE8 window=2048
client level=info t=528360 ev=probe stage=stall set=frames tid=0x00002688 f0=exe+0x302465 f1=exe+0x31D073 f2=exe+0x31D0BA f3=exe+0x318894 f4=exe+0x20EFA48 f5=exe+0x31B241 f6=exe+0x3537B3 f7=exe+0x20EFA48
client level=info t=528360 ev=probe stage=stall set=frames tid=0x00002688 f8=exe+0x20EFA48 f9=exe+0x353874 f10=exe+0x20EFA48 f11=exe+0x20EFA6C f12=exe+0x3537D0 f13=exe+0x20EFA48
client level=info t=528360 ev=probe stage=stall set=stack tid=0x00004AE0 rip=0x7FFD69541444 rsp=0x11379FF528 window=2048
client level=info t=528360 ev=probe stage=stall set=frames tid=0x00004AE0 f0=exe+0x1AEBDFF
client level=info t=528360 ev=probe stage=stall set=stack tid=0x00002D80 rip=0x7FFD69540E44 rsp=0x1137DFF918 window=2048
client level=info t=528360 ev=probe stage=stall set=frames tid=0x00002D80 f0=exe+0x1AE9B80
client level=info t=528360 ev=probe stage=stall set=stack tid=0x00002658 rip=0x7FFD66761344 rsp=0x11381FFBD8 window=2048
client level=info t=528360 ev=probe stage=stall set=frames tid=0x00002658 f0=exe+0x2686901 f1=exe+0x2686901 f2=exe+0x3C5F69 f3=exe+0x26869E0 f4=exe+0x26869E0 f5=exe+0x3BD893 f6=exe+0x26869E0 f7=exe+0x3BDA99
client level=info t=528360 ev=probe stage=stall set=frames tid=0x00002658 f8=exe+0x26869E0 f9=exe+0x3537B3 f10=exe+0x26869E0 f11=exe+0x353874 f12=exe+0x26869E0 f13=exe+0x2686A04 f14=exe+0x3537D0 f15=exe+0x26869E0
client level=info t=528360 ev=probe stage=stall set=stack tid=0x0000280C rip=0x7FFD66761344 rsp=0x11385FF738 window=2048
client level=info t=528360 ev=probe stage=stall set=frames tid=0x0000280C f0=exe+0x3BDA55 f1=exe+0x26869E0 f2=exe+0x26875E0 f3=exe+0x3537B3 f4=exe+0x26875E0 f5=exe+0x353874 f6=exe+0x26875E0 f7=exe+0x2687604
client level=info t=528360 ev=probe stage=stall set=frames tid=0x0000280C f8=exe+0x3537D0 f9=exe+0x26875E0
client level=info t=528360 ev=probe stage=stall set=stack tid=0x000046C0 rip=0x7FFD69540EE4 rsp=0x11389FFBA8 window=2048
client level=info t=528360 ev=probe stage=stall set=stack tid=0x000028C0 rip=0x7FFD69544A14 rsp=0x11391FF578 window=2048
client level=info t=528360 ev=probe stage=stall set=stack tid=0x00002A4C rip=0x7FFD69544A14 rsp=0x11395FFD18 window=2048
client level=info t=528360 ev=probe stage=stall set=stack tid=0x00001804 rip=0x7FFD69540E44 rsp=0x11399FF7D8 window=2048
client level=info t=528360 ev=probe stage=stall set=stack tid=0x00002DC8 rip=0x7FFD69540E44 rsp=0x1138DFFCF8 window=2048
client level=info t=528360 ev=probe stage=stall set=stack tid=0x00000EB4 rip=0x7FFD69540E44 rsp=0x1139DFF648 window=2048
client level=info t=528360 ev=probe stage=stall set=stack tid=0x00001B80 rip=0x7FFD69540E44 rsp=0x113A1FF628 window=2048
client level=info t=528360 ev=probe stage=stall set=stack tid=0x000005A4 rip=0x7FFD69540E44 rsp=0x113A5FF7D8 window=2048
client level=info t=528360 ev=probe stage=stall set=stack tid=0x00004288 rip=0x7FFD69540E44 rsp=0x113A9FF658 window=2048
client level=info t=528360 ev=probe stage=stall set=stack tid=0x000018A8 rip=0x7FFD69540E44 rsp=0x113ADFF938 window=2048
client level=info t=528360 ev=probe stage=stall set=stack tid=0x000029A8 rip=0x7FFD69540E44 rsp=0x113B1FF7D8 window=2048
client level=info t=528360 ev=probe stage=stall set=stack tid=0x0000225C rip=0x7FFD69540E44 rsp=0x113B5FF618 window=2048
client level=info t=528360 ev=probe stage=stall set=stack tid=0x00001068 rip=0x7FFD69540E44 rsp=0x113B9FF9D8 window=2048
client level=info t=528360 ev=probe stage=stall set=stack tid=0x00000D68 rip=0x7FFD69540E44 rsp=0x113BDFFBC8 window=2048
client level=info t=528360 ev=probe stage=stall set=stack tid=0x000017E0 rip=0x7FFD69544A14 rsp=0x113C1FF788 window=2048
client level=info t=528360 ev=probe stage=stall set=stack tid=0x00003A58 rip=0x7FFD69544A14 rsp=0x113C5FF528 window=2048
client level=info t=528360 ev=probe stage=stall set=stack tid=0x000023E4 rip=0x7FFD69541914 rsp=0x113CDFF418 window=2048
client level=info t=528360 ev=probe stage=stall set=stack tid=0x000006E8 rip=0x7FFD69540E44 rsp=0x113D1FFC88 window=2048
client level=info t=528360 ev=probe stage=stall set=stack tid=0x00004BAC rip=0x7FFD69540E44 rsp=0x113D5FF6C8 window=2048
client level=info t=528360 ev=probe stage=stall set=stack tid=0x000032D8 rip=0x7FFD69540E44 rsp=0x113D9FF9F8 window=2048
client level=info t=528360 ev=probe stage=stall set=stack tid=0x00001FE8 rip=0x7FFD69540E44 rsp=0x113DDFFD38 window=2048
client level=info t=528360 ev=probe stage=stall set=stack tid=0x000045A0 rip=0x7FFD69540E44 rsp=0x113E1FF6A8 window=2048
client level=info t=528360 ev=probe stage=stall set=stack tid=0x00002788 rip=0x7FFD69540E44 rsp=0x113E5FF718 window=2048
client level=info t=528360 ev=probe stage=stall set=stack tid=0x00003538 rip=0x7FFD69540E44 rsp=0x113E9FF8F8 window=2048
client level=info t=528360 ev=probe stage=stall set=stack tid=0x00000E70 rip=0x7FFD69540E44 rsp=0x113EDFFAD8 window=1024
client level=info t=528360 ev=probe stage=stall set=stack tid=0x00003508 rip=exe+0x70ED674 rsp=0x113F1FF750 window=2048
client level=info t=528360 ev=probe stage=stall set=frames tid=0x00003508 f0=exe+0x11C7B6D f1=exe+0x2E5BEC2 f2=exe+0x3537B3 f3=exe+0x2E5BE90 f4=exe+0x2E5BE90 f5=exe+0x353874 f6=exe+0x2E5BE90 f7=exe+0x2E5BEB4
client level=info t=528360 ev=probe stage=stall set=frames tid=0x00003508 f8=exe+0x3537D0 f9=exe+0x2E5BE90
client level=info t=528360 ev=probe stage=stall set=stack tid=0x000022A4 rip=0x7FFD69540E44 rsp=0x113F5FFE08 window=2048
client level=info t=528360 ev=probe stage=stall set=frames tid=0x000022A4 f0=exe+0x2E79DE3 f1=exe+0x11DB4DB f2=exe+0x2E79DA0 f3=exe+0x3537B3 f4=exe+0x2E79DA0 f5=exe+0x353874 f6=exe+0x2E79DA0 f7=exe+0x2E79DC4
client level=info t=528360 ev=probe stage=stall set=frames tid=0x000022A4 f8=exe+0x3537D0 f9=exe+0x2E79DA0
client level=info t=528360 ev=probe stage=stall set=stack tid=0x000007E0 rip=0x7FFD69544A74 rsp=0x113FDFFB78 window=1024
client level=info t=528360 ev=probe stage=stall set=stack tid=0x00000AF0 rip=0x7FFD69540E44 rsp=0x11405FFC88 window=2048
client level=info t=528360 ev=probe stage=stall set=stack tid=0x000023C4 rip=0x7FFD69540E44 rsp=0x11409FFA58 window=2048
client level=info t=528360 ev=probe stage=stall set=stack tid=0x00003D94 rip=0x7FFD69540E44 rsp=0x1140DFF6D8 window=2048
client level=info t=528360 ev=probe stage=stall set=stack tid=0x00002150 rip=0x7FFD69540E44 rsp=0x11411FF9B8 window=2048
client level=info t=528360 ev=probe stage=stall set=stack tid=0x00000EFC rip=0x7FFD69540E44 rsp=0x11415FF7D8 window=2048
client level=info t=528360 ev=probe stage=stall set=stack tid=0x00000710 rip=0x7FFD69540E44 rsp=0x11419FFC18 window=2048
client level=info t=528360 ev=probe stage=stall set=stack tid=0x000019B8 rip=0x7FFD69540E44 rsp=0x1141DFFA78 window=2048
client level=info t=528360 ev=probe stage=stall set=stack tid=0x00002ABC rip=0x7FFD69540E44 rsp=0x11421FF828 window=2048
client level=info t=528360 ev=probe stage=stall set=stack tid=0x00000C7C rip=0x7FFD69540E44 rsp=0x11425FFA58 window=1024
client level=info t=528360 ev=probe stage=stall set=stack tid=0x000033B4 rip=0x7FFD69540E44 rsp=0x11429FFBE8 window=1024
client level=info t=528360 ev=probe stage=stall set=frames tid=0x000033B4 f0=exe+0x19F8801
client level=info t=528360 ev=probe stage=stall set=stack tid=0x00003470 rip=0x7FFD69540E44 rsp=0x1142DFF8C8 window=1024
client level=info t=528360 ev=probe stage=stall set=frames tid=0x00003470 f0=exe+0x1A07446
client level=info t=528360 ev=probe stage=stall set=stack tid=0x00002848 rip=0x7FFD69541914 rsp=0x11431FF568 window=2048
client level=info t=528360 ev=probe stage=stall set=frames tid=0x00002848 f0=exe+0x199B0E8 f1=exe+0x199B97C f2=exe+0x1A40E79 f3=exe+0x1A41E30
client level=info t=528360 ev=probe stage=stall set=stack tid=0x00002F0C rip=0x7FFD69541914 rsp=0x1143DFF7E8 window=2048
client level=info t=528360 ev=probe stage=stall set=stack tid=0x000015A4 rip=0x7FFD69540E44 rsp=0x11441FF758 window=2048
client level=info t=528360 ev=probe stage=stall set=frames tid=0x000015A4 f0=exe+0x1A914FF f1=own+0x149383 f2=exe+0x39B4FB f3=exe+0x1A8222A
client level=info t=528360 ev=probe stage=stall set=stack tid=0x00000B48 rip=0x7FFD69541914 rsp=0x11445FFA58 window=1024
client level=info t=528360 ev=probe stage=stall set=stack tid=0x00001968 rip=0x7FFD69540E44 rsp=0x11449FFB68 window=2048
client level=info t=528360 ev=probe stage=stall set=frames tid=0x00001968 f0=exe+0x0 f1=exe+0x1F15A90 f2=exe+0x0 f3=exe+0x30FE80 f4=exe+0x30FED2 f5=exe+0x30FE80 f6=exe+0x30FE80 f7=exe+0x129869C
client level=info t=528360 ev=probe stage=stall set=stack tid=0x000024C8 rip=0x7FFD69541914 rsp=0x113F9FF278 window=2048
client level=info t=528360 ev=probe stage=stall set=stack tid=0x00002E2C rip=0x7FFD69541914 rsp=0x113C9FE3B8 window=2048
client level=info t=528360 ev=probe stage=stall set=frames tid=0x00002E2C f0=exe+0x3E8155
client level=info t=528360 ev=probe stage=stall set=stack tid=0x00002CA8 rip=own+0x4BC6D4 rsp=0x114519E550 window=2048
client level=info t=528360 ev=probe stage=stall set=frames tid=0x00002CA8 f0=own+0x9CDB3F0 f1=own+0x9CDB390 f2=own+0x679AC8 f3=own+0x679AE8 f4=own+0x7BF9DA0 f5=own+0x482A75 f6=own+0x7BF9DA0
client level=info t=528360 ev=probe stage=stall set=stack tid=0x000039A0 rip=exe+0x1B649E1 rsp=0x11459FF760 window=2048
client level=info t=528360 ev=probe stage=stall set=frames tid=0x000039A0 f0=exe+0x34A4EC f1=exe+0x40AF12 f2=exe+0x30EF6B0 f3=exe+0x173609D f4=exe+0x30E50F0 f5=exe+0x173B103 f6=exe+0x30E50F0 f7=exe+0x30EF430
client level=info t=528360 ev=probe stage=stall set=frames tid=0x000039A0 f8=exe+0x30E50F0 f9=exe+0x30E50F0 f10=exe+0x1735829 f11=exe+0x30E50F0 f12=exe+0x30E50F0 f13=exe+0x17355A2 f14=exe+0x30E50F0 f15=exe+0x1735475
client level=info t=528360 ev=probe stage=stall set=stack tid=0x000027C4 rip=0x7FFD69544A14 rsp=0x11439FF978 window=2048
client level=info t=528360 ev=probe stage=stall set=stack tid=0x00001184 rip=0x7FFD69541914 rsp=0x1145DFF798 window=2048
client level=info t=528360 ev=probe stage=stall set=stack tid=0x00002B98 rip=0x7FFD69544A14 rsp=0x11461FEE88 window=2048
client level=info t=528360 ev=probe stage=stall set=frames tid=0x00002B98 f0=exe+0x7C97F8 f1=exe+0x294B57 f2=exe+0x0 f3=exe+0x91790 f4=exe+0x0 f5=exe+0x91790
client level=info t=528360 ev=probe stage=stall set=stack tid=0x00000BD0 rip=0x7FFD69544A14 rsp=0x11465FF008 window=2048
client level=info t=528360 ev=probe stage=stall set=frames tid=0x00000BD0 f0=exe+0x7C97F8 f1=exe+0x294B57 f2=exe+0x0 f3=exe+0x91790 f4=exe+0x0 f5=exe+0x91790
client level=info t=528360 ev=probe stage=stall set=stack tid=0x000027F0 rip=0x7FFD69544A14 rsp=0x11469FEB98 window=2048
client level=info t=528360 ev=probe stage=stall set=frames tid=0x000027F0 f0=exe+0x7C97F8 f1=exe+0x294B57 f2=exe+0x0 f3=exe+0x91790 f4=exe+0x0 f5=exe+0x91790
client level=info t=528360 ev=probe stage=stall set=stack tid=0x00000AE8 rip=0x7FFD69541914 rsp=0x1146DFF4D8 window=2048
client level=info t=528360 ev=probe stage=stall set=stack tid=0x00001AD4 rip=0x7FFD69544A14 rsp=0x11471FF8E8 window=2048
client level=info t=528360 ev=probe stage=stall set=stack tid=0x0000423C rip=0x7FFD69544A14 rsp=0x11475FF788 window=2048
client level=info t=528360 ev=probe stage=stall set=stack tid=0x000033AC rip=0x7FFD69544A14 rsp=0x11479FF568 window=2048
client level=info t=528360 ev=probe stage=stall set=stack tid=0x00001AA8 rip=0x7FFD69544A14 rsp=0x1147DFF798 window=2048
client level=info t=528360 ev=probe stage=stall set=stack tid=0x00002350 rip=0x7FFD69541914 rsp=0x11481FF268 window=2048
client level=info t=528360 ev=probe stage=stall set=stack tid=0x00002DEC rip=0x7FFD69541914 rsp=0x11485FF2E8 window=2048
client level=info t=528360 ev=probe stage=stall set=stack tid=0x00000720 rip=0x7FFD69544A14 rsp=0x11489FF708 window=2048
client level=info t=528360 ev=probe stage=stall set=stack tid=0x00000B0C rip=0x7FFD69541914 rsp=0x1148DFF0C8 window=2048
client level=info t=528360 ev=probe stage=stall set=stack tid=0x00001B14 rip=0x7FFD69544A14 rsp=0x11491FF998 window=2048
client level=info t=528360 ev=probe stage=stall set=stack tid=0x000025BC rip=0x7FFD69541914 rsp=0x11495FEFA8 window=2048
client level=info t=528360 ev=probe stage=stall set=stack tid=0x00003B4C rip=0x7FFD69544A14 rsp=0x11499FFA38 window=2048
client level=info t=528360 ev=probe stage=stall set=stack tid=0x00000A58 rip=0x7FFD69541914 rsp=0x1149DFF378 window=2048
client level=info t=528360 ev=probe stage=stall set=stack tid=0x00002C30 rip=0x7FFD69544A14 rsp=0x114A1FF748 window=2048
client level=info t=528360 ev=probe stage=stall set=stack tid=0x000009EC rip=0x7FFD69544A14 rsp=0x114A5FFAB8 window=1024
client level=info t=528360 ev=probe stage=stall set=stack tid=0x00004EE0 rip=0x7FFD69541914 rsp=0x11455FF478 window=2048
client level=info t=528360 ev=probe stage=stall set=stack tid=0x00002CF4 rip=0x7FFD69544A74 rsp=0x11331FF5A8 window=2048
client level=info t=528360 ev=probe stage=stall set=stack tid=0x00001914 rip=0x7FFD69540EE4 rsp=0x11335FF9C8 window=2048
client level=info t=528360 ev=probe stage=stall set=stack tid=0x000005C4 rip=0x7FFD69544A74 rsp=0x11339FF878 window=2048
server level=info t=532078 ev=gameplay stage=association result=timeout
client level=info t=542078 ev=probe stage=hitch step=38 dur=0 gate=0 fa=0x00834000 fa_idle=0 fb=0x00834001 fb_idle=0 fc=0x00834002 fc_idle=0
client level=info t=542078 ev=probe stage=hitch set=wait idx=0 slot=0 tid=0x000031D8 kind=4 age=19990.4 desc="name: 'render_globals_update_and_setup_cascade_shadow_views_job', owner: 'system owner'"
client level=info t=542078 ev=probe stage=hitch set=wait idx=2 slot=2 tid=0x00001B34 kind=4 age=20002.2 desc="fiber:{{!0x00834002!}} phase:{{!-1!}} iteration:0x0"
client level=info t=542078 ev=probe stage=hitch set=ring idx=0 slot=-1 tid=0xFFFFFFFF kind=255 age=14069673984.0 desc="name: 'empty_job', owner: 'system owner'"
client level=info t=542078 ev=probe stage=hitch set=ring idx=1 slot=-1 tid=0xFFFFFFFF kind=255 age=14069673984.0 desc="name: 'empty_job', owner: 'system owner'"
client level=info t=542078 ev=probe stage=hitch set=ring idx=2 slot=-1 tid=0xFFFFFFFF kind=255 age=28008339456.0 desc="name: 'empty_job', owner: 'system owner'"
client level=info t=542078 ev=probe stage=hitch set=ring idx=3 slot=-1 tid=0xFFFFFFFF kind=255 age=14069673984.0 desc="name: 'empty_job', owner: 'system owner'"
client level=info t=542078 ev=probe stage=hitch set=ring idx=4 slot=-1 tid=0xFFFFFFFF kind=255 age=28008339456.0 desc="name: 'empty_job', owner: 'system owner'"
client level=info t=542078 ev=probe stage=hitch set=ring idx=5 slot=-1 tid=0xFFFFFFFF kind=255 age=28008339456.0 desc="name: 'empty_job', owner: 'system owner'"
client level=info t=542078 ev=probe stage=hitch set=ring idx=6 slot=-1 tid=0xFFFFFFFF kind=255 age=14069673984.0 desc="name: 'empty_job', owner: 'system owner'"
client level=info t=542078 ev=probe stage=hitch set=ring idx=7 slot=-1 tid=0xFFFFFFFF kind=255 age=28008339456.0 desc="name: 'empty_job', owner: 'system owner'"
client level=info t=542078 ev=probe stage=hitch set=ring idx=8 slot=-1 tid=0xFFFFFFFF kind=255 age=28008339456.0 desc="name: 'empty_job', owner: 'system owner'"
client level=info t=542078 ev=probe stage=hitch set=ring idx=9 slot=-1 tid=0xFFFFFFFF kind=255 age=28008339456.0 desc="name: 'empty_job', owner: 'system owner'"
client level=info t=542078 ev=probe stage=hitch set=ring idx=10 slot=-1 tid=0xFFFFFFFF kind=255 age=14069673984.0 desc="name: 'empty_job', owner: 'system owner'"
client level=info t=542078 ev=probe stage=hitch set=ring idx=11 slot=-1 tid=0xFFFFFFFF kind=255 age=28008339456.0 desc="name: 'empty_job', owner: 'system owner'"
client level=info t=542078 ev=probe stage=hitch set=ring idx=12 slot=-1 tid=0xFFFFFFFF kind=255 age=14069676032.0 desc="name: 'empty_job', owner: 'system owner'"
client level=info t=542078 ev=probe stage=hitch set=ring idx=13 slot=-1 tid=0xFFFFFFFF kind=255 age=14069673984.0 desc="name: 'empty_job', owner: 'system owner'"
client level=info t=542078 ev=probe stage=hitch set=ring idx=14 slot=-1 tid=0xFFFFFFFF kind=255 age=28008339456.0 desc="name: 'empty_job', owner: 'system owner'"
client level=info t=542078 ev=probe stage=hitch set=ring idx=15 slot=-1 tid=0xFFFFFFFF kind=255 age=28008339456.0 desc="name: 'empty_job', owner: 'system owner'"
client level=info t=542078 ev=probe stage=hitch set=stack tid=0x000031D8 rip=0x7FFD69541444 rsp=0x11359FD638 window=2048
client level=info t=542078 ev=probe stage=hitch set=frames tid=0x000031D8 f0=exe+0x20D6E80 f1=exe+0x20D6E80 f2=exe+0x3550FB f3=exe+0x20D6E38 f4=exe+0x9ED23D f5=exe+0x1DC60C8 f6=exe+0x1DC60D4 f7=exe+0x1B87974
client level=info t=542078 ev=probe stage=hitch set=frames tid=0x000031D8 f8=exe+0x1DC60C8 f9=exe+0x3537B3 f10=exe+0x35ECC44 f11=exe+0x3537B3 f12=exe+0x35ECC44 f13=exe+0x35ECC44 f14=exe+0x3537B3 f15=exe+0x35ECC44
client level=info t=542078 ev=nettick stage=sample latch=0 callbacks=42288
client level=error t=542078 ev=assert stage=hit n=1 repeat=1 arg0=0 text=hitch detected: mainloop world controller state activity:in_world {{!38!}} job fiber:{{!0x00834002!}} phase:{{!-1!}} iteration:0x0 stalled 
client level=error t=542078 ev=assert stage=hit n=2 repeat=2 arg0=0 text=hitch detected: mainloop world controller state activity:in_world {{!38!}} job fiber:{{!0x00834002!}} phase:{{!-1!}} iteration:0x0 stalled 
client level=error t=542078 ev=assert stage=hit n=3 repeat=3 arg0=0 text=hitch detected: mainloop world controller state activity:in_world {{!38!}} job fiber:{{!0x00834002!}} phase:{{!-1!}} iteration:0x0 stalled 
client level=error t=542094 ev=assert stage=hit n=4 repeat=4 arg0=0 text=hitch detected: mainloop world controller state activity:in_world {{!38!}} job fiber:{{!0x00834002!}} phase:{{!-1!}} iteration:0x0 stalled 
client level=error t=542094 ev=assert stage=hit n=5 repeat=5 arg0=0 text=hitch detected: mainloop world controller state activity:in_world {{!38!}} job fiber:{{!0x00834002!}} phase:{{!-1!}} iteration:0x0 stalled 
client level=error t=542094 ev=assert stage=hit n=6 repeat=6 arg0=0 text=hitch detected: mainloop world controller state activity:in_world {{!38!}} job fiber:{{!0x00834002!}} phase:{{!-1!}} iteration:0x0 stalled 
client level=error t=542110 ev=assert stage=hit n=7 repeat=7 arg0=0 text=hitch detected: mainloop world controller state activity:in_world {{!38!}} job fiber:{{!0x00834002!}} phase:{{!-1!}} iteration:0x0 stalled 
client level=error t=542110 ev=assert stage=hit n=8 repeat=8 arg0=0 text=hitch detected: mainloop world controller state activity:in_world {{!38!}} job fiber:{{!0x00834002!}} phase:{{!-1!}} iteration:0x0 stalled 
client level=warn t=543375 ev=probe stage=stall result=detected idle=21047 count=42288
client level=info t=543391 ev=probe stage=stall set=stack tid=0x00003554 rip=0x7FFD69540E44 rsp=0x1132CFF388 window=2048
client level=info t=543391 ev=probe stage=stall set=frames tid=0x00003554 f0=exe+0xB54BE2 f1=exe+0x302465 f2=exe+0xB58F1F f3=exe+0x1C151D8 f4=exe+0x0 f5=exe+0xB5268C f6=exe+0x80DA9B1 f7=exe+0x48564BA
client level=info t=543391 ev=probe stage=stall set=frames tid=0x00003554 f8=exe+0x93FC7 f9=exe+0x0 f10=exe+0x1C151C8
client level=info t=543391 ev=probe stage=stall set=stack tid=0x00002778 rip=0x7FFD69544A74 rsp=0x1133DFF6D8 window=2048
client level=info t=543391 ev=probe stage=stall set=stack tid=0x0000343C rip=0x7FFD69541444 rsp=0x11345FEF18 window=2048
client level=info t=543391 ev=probe stage=stall set=frames tid=0x0000343C f0=exe+0x3B1A77 f1=exe+0x3AFF70 f2=exe+0x4F5C89E f3=exe+0x47DA9CB f4=exe+0x0 f5=exe+0x3FB1A5A f6=exe+0x69533FF
client level=info t=543391 ev=probe stage=stall set=stack tid=0x00002EC8 rip=0x7FFD69544A74 rsp=0x1134DFF7F8 window=2048
client level=info t=543391 ev=probe stage=stall set=stack tid=0x00001E18 rip=0x7FFD69540E44 rsp=0x11351FFDE8 window=512
client level=info t=543391 ev=probe stage=stall set=frames tid=0x00001E18 f0=exe+0x1280280 f1=exe+0x0 f2=exe+0x242CD10 f3=exe+0x1280201 f4=exe+0x3023E5 f5=exe+0x348061 f6=exe+0x7CB8EAA f7=exe+0x7039128
client level=info t=543391 ev=probe stage=stall set=frames tid=0x00001E18 f8=exe+0x128029D f9=exe+0x0 f10=exe+0x1280280 f11=exe+0x129869C
client level=info t=543391 ev=probe stage=stall set=stack tid=0x0000173C rip=0x7FFD69541444 rsp=0x11355F8E38 window=2048
client level=info t=543391 ev=probe stage=stall set=frames tid=0x0000173C f0=exe+0x1299FD0 f1=exe+0x7CB8EAA f2=exe+0x0 f3=exe+0x1299FD0 f4=exe+0x129A08B f5=exe+0x2F24088 f6=exe+0x2F240D4 f7=exe+0x2F23FB0
client level=info t=543391 ev=probe stage=stall set=stack tid=0x000031D8 rip=0x7FFD69541444 rsp=0x11359FD638 window=2048
client level=info t=543391 ev=probe stage=stall set=frames tid=0x000031D8 f0=exe+0x20D6E80 f1=exe+0x20D6E80 f2=exe+0x3550FB f3=exe+0x20D6E38 f4=exe+0x9ED23D f5=exe+0x1DC60C8 f6=exe+0x1DC60D4 f7=exe+0x1B87974
client level=info t=543391 ev=probe stage=stall set=frames tid=0x000031D8 f8=exe+0x1DC60C8 f9=exe+0x3537B3 f10=exe+0x35ECC44 f11=exe+0x3537B3 f12=exe+0x35ECC44 f13=exe+0x35ECC44 f14=exe+0x3537B3 f15=exe+0x35ECC44
client level=info t=543391 ev=probe stage=stall set=stack tid=0x000004E0 rip=0x7FFD69540E44 rsp=0x1135DFFC98 window=512
client level=info t=543391 ev=probe stage=stall set=frames tid=0x000004E0 f0=exe+0x2E59D30 f1=exe+0x302465 f2=exe+0x31D073 f3=exe+0x31D0BA f4=exe+0x318894 f5=exe+0x20D7A38 f6=exe+0x31B241 f7=exe+0x3537B3
client level=info t=543391 ev=probe stage=stall set=frames tid=0x000004E0 f8=exe+0x20D7A38
client level=info t=543391 ev=probe stage=stall set=stack tid=0x00001B34 rip=0x7FFD69541444 rsp=0x11361FE1B8 window=2048
client level=info t=543391 ev=probe stage=stall set=frames tid=0x00001B34 f0=exe+0x20D8680 f1=exe+0x20D8680 f2=exe+0x3550FB f3=exe+0x20D8638 f4=exe+0xC77DA f5=exe+0x1CA3448 f6=exe+0xC61B0 f7=exe+0x1DC60C8
client level=info t=543391 ev=probe stage=stall set=frames tid=0x00001B34 f8=exe+0x1DC60D4 f9=exe+0x1B87974 f10=exe+0x1DC60C8 f11=exe+0x3537B3 f12=exe+0x35ECC44 f13=exe+0x3537B3 f14=exe+0x35ECC44 f15=exe+0x35ECC44
client level=info t=543391 ev=probe stage=stall set=stack tid=0x0000427C rip=0x7FFD69540E44 rsp=0x11365FF538 window=2048
client level=info t=543391 ev=probe stage=stall set=frames tid=0x0000427C f0=exe+0x302465 f1=exe+0x31D073 f2=exe+0x31D0BA f3=exe+0x318894 f4=exe+0x20D9238 f5=exe+0x31B241 f6=exe+0x3537B3 f7=exe+0x20D9238
client level=info t=543391 ev=probe stage=stall set=frames tid=0x0000427C f8=exe+0x20D9238 f9=exe+0x353874 f10=exe+0x20D9238 f11=exe+0x20D925C f12=exe+0x3537D0 f13=exe+0x20D9238
client level=info t=543391 ev=probe stage=stall set=stack tid=0x00001188 rip=0x7FFD69540E44 rsp=0x11369FFC08 window=512
client level=info t=543391 ev=probe stage=stall set=frames tid=0x00001188 f0=exe+0x2E5B380 f1=exe+0x302465 f2=exe+0x31D073 f3=exe+0x31D0BA f4=exe+0x318894 f5=exe+0x20D9E38 f6=exe+0x31B241 f7=exe+0x3537B3
client level=info t=543391 ev=probe stage=stall set=frames tid=0x00001188 f8=exe+0x20D9E38
client level=info t=543391 ev=probe stage=stall set=stack tid=0x00004234 rip=0x7FFD69540E44 rsp=0x1136DFF618 window=2048
client level=info t=543391 ev=probe stage=stall set=frames tid=0x00004234 f0=exe+0x302465 f1=exe+0x31D073 f2=exe+0x31D0BA f3=exe+0x318894 f4=exe+0x20DAA38 f5=exe+0x31B241 f6=exe+0x3537B3 f7=exe+0x20DAA38
client level=info t=543391 ev=probe stage=stall set=frames tid=0x00004234 f8=exe+0x20DAA38 f9=exe+0x353874 f10=exe+0x20DAA38 f11=exe+0x20DAA5C f12=exe+0x3537D0 f13=exe+0x20DAA38
client level=info t=543391 ev=probe stage=stall set=stack tid=0x000037C0 rip=0x7FFD69540E44 rsp=0x11371FF918 window=1024
client level=info t=543391 ev=probe stage=stall set=frames tid=0x000037C0 f0=exe+0x302465 f1=exe+0x31D073 f2=exe+0x31D0BA f3=exe+0x318894 f4=exe+0x20EEE48 f5=exe+0x31B241 f6=exe+0x3537B3 f7=exe+0x20EEE48
client level=info t=543391 ev=probe stage=stall set=frames tid=0x000037C0 f8=exe+0x20EEE48 f9=exe+0x353874 f10=exe+0x20EEE48 f11=exe+0x20EEE6C f12=exe+0x3537D0 f13=exe+0x20EEE48
client level=info t=543391 ev=probe stage=stall set=stack tid=0x00002688 rip=0x7FFD69540E44 rsp=0x11375FFBE8 window=2048
client level=info t=543391 ev=probe stage=stall set=frames tid=0x00002688 f0=exe+0x302465 f1=exe+0x31D073 f2=exe+0x31D0BA f3=exe+0x318894 f4=exe+0x20EFA48 f5=exe+0x31B241 f6=exe+0x3537B3 f7=exe+0x20EFA48
client level=info t=543391 ev=probe stage=stall set=frames tid=0x00002688 f8=exe+0x20EFA48 f9=exe+0x353874 f10=exe+0x20EFA48 f11=exe+0x20EFA6C f12=exe+0x3537D0 f13=exe+0x20EFA48
client level=info t=543391 ev=probe stage=stall set=stack tid=0x00004AE0 rip=0x7FFD69541444 rsp=0x11379FF528 window=2048
client level=info t=543391 ev=probe stage=stall set=frames tid=0x00004AE0 f0=exe+0x1AEBDFF
client level=info t=543391 ev=probe stage=stall set=stack tid=0x00002D80 rip=0x7FFD69540E44 rsp=0x1137DFF918 window=2048
client level=info t=543391 ev=probe stage=stall set=frames tid=0x00002D80 f0=exe+0x1AE9B80
client level=info t=543391 ev=probe stage=stall set=stack tid=0x00002658 rip=0x7FFD66761344 rsp=0x11381FFBD8 window=2048
client level=info t=543391 ev=probe stage=stall set=frames tid=0x00002658 f0=exe+0x2686901 f1=exe+0x2686901 f2=exe+0x3C5F69 f3=exe+0x26869E0 f4=exe+0x26869E0 f5=exe+0x3BD893 f6=exe+0x26869E0 f7=exe+0x3BDA99
client level=info t=543391 ev=probe stage=stall set=frames tid=0x00002658 f8=exe+0x26869E0 f9=exe+0x3537B3 f10=exe+0x26869E0 f11=exe+0x353874 f12=exe+0x26869E0 f13=exe+0x2686A04 f14=exe+0x3537D0 f15=exe+0x26869E0
client level=info t=543391 ev=probe stage=stall set=stack tid=0x0000280C rip=0x7FFD66761344 rsp=0x11385FF738 window=2048
client level=info t=543391 ev=probe stage=stall set=frames tid=0x0000280C f0=exe+0x3BDA55 f1=exe+0x26869E0 f2=exe+0x26875E0 f3=exe+0x3537B3 f4=exe+0x26875E0 f5=exe+0x353874 f6=exe+0x26875E0 f7=exe+0x2687604
client level=info t=543391 ev=probe stage=stall set=frames tid=0x0000280C f8=exe+0x3537D0 f9=exe+0x26875E0
client level=info t=543391 ev=probe stage=stall set=stack tid=0x000046C0 rip=0x7FFD69540EE4 rsp=0x11389FFBA8 window=2048
client level=info t=543391 ev=probe stage=stall set=stack tid=0x000028C0 rip=0x7FFD69544A14 rsp=0x11391FF578 window=2048
client level=info t=543391 ev=probe stage=stall set=stack tid=0x00002A4C rip=0x7FFD69544A14 rsp=0x11395FFD18 window=2048
client level=info t=543391 ev=probe stage=stall set=stack tid=0x00001804 rip=0x7FFD69540E44 rsp=0x11399FF7D8 window=2048
client level=info t=543391 ev=probe stage=stall set=stack tid=0x00002DC8 rip=0x7FFD69540E44 rsp=0x1138DFFCF8 window=2048
client level=info t=543391 ev=probe stage=stall set=stack tid=0x00000EB4 rip=0x7FFD69540E44 rsp=0x1139DFF648 window=2048
client level=info t=543391 ev=probe stage=stall set=stack tid=0x00001B80 rip=0x7FFD69540E44 rsp=0x113A1FF628 window=2048
client level=info t=543391 ev=probe stage=stall set=stack tid=0x000005A4 rip=0x7FFD69540E44 rsp=0x113A5FF7D8 window=2048
client level=info t=543391 ev=probe stage=stall set=stack tid=0x00004288 rip=0x7FFD69540E44 rsp=0x113A9FF658 window=2048
client level=info t=543391 ev=probe stage=stall set=stack tid=0x000018A8 rip=0x7FFD69540E44 rsp=0x113ADFF938 window=2048
client level=info t=543391 ev=probe stage=stall set=stack tid=0x000029A8 rip=0x7FFD69540E44 rsp=0x113B1FF7D8 window=2048
client level=info t=543391 ev=probe stage=stall set=stack tid=0x0000225C rip=0x7FFD69540E44 rsp=0x113B5FF618 window=2048
client level=info t=543391 ev=probe stage=stall set=stack tid=0x00001068 rip=0x7FFD69540E44 rsp=0x113B9FF9D8 window=2048
client level=info t=543391 ev=probe stage=stall set=stack tid=0x00000D68 rip=0x7FFD69540E44 rsp=0x113BDFFBC8 window=2048
client level=info t=543391 ev=probe stage=stall set=stack tid=0x000017E0 rip=0x7FFD69544A14 rsp=0x113C1FF788 window=2048
client level=info t=543391 ev=probe stage=stall set=stack tid=0x00003A58 rip=0x7FFD69544A14 rsp=0x113C5FF528 window=2048
client level=info t=543391 ev=probe stage=stall set=stack tid=0x000023E4 rip=0x7FFD69541914 rsp=0x113CDFF418 window=2048
client level=info t=543391 ev=probe stage=stall set=stack tid=0x000006E8 rip=0x7FFD69540E44 rsp=0x113D1FFC88 window=2048
client level=info t=543391 ev=probe stage=stall set=stack tid=0x00004BAC rip=0x7FFD69540E44 rsp=0x113D5FF6C8 window=2048
client level=info t=543391 ev=probe stage=stall set=stack tid=0x000032D8 rip=0x7FFD69540E44 rsp=0x113D9FF9F8 window=2048
client level=info t=543391 ev=probe stage=stall set=stack tid=0x00001FE8 rip=0x7FFD69540E44 rsp=0x113DDFFD38 window=2048
client level=info t=543391 ev=probe stage=stall set=stack tid=0x000045A0 rip=0x7FFD69540E44 rsp=0x113E1FF6A8 window=2048
client level=info t=543391 ev=probe stage=stall set=stack tid=0x00002788 rip=0x7FFD69540E44 rsp=0x113E5FF718 window=2048
client level=info t=543391 ev=probe stage=stall set=stack tid=0x00003538 rip=0x7FFD69540E44 rsp=0x113E9FF8F8 window=2048
client level=info t=543391 ev=probe stage=stall set=stack tid=0x00000E70 rip=0x7FFD69540E44 rsp=0x113EDFFAD8 window=1024
client level=info t=543391 ev=probe stage=stall set=stack tid=0x00003508 rip=0x7FFD69541444 rsp=0x113F1FF698 window=2048
client level=info t=543391 ev=probe stage=stall set=frames tid=0x00003508 f0=exe+0x26869D0 f1=exe+0x11C7C5C f2=exe+0x2E5BEC2 f3=exe+0x3537B3 f4=exe+0x2E5BE90 f5=exe+0x2E5BE90 f6=exe+0x353874 f7=exe+0x2E5BE90
client level=info t=543391 ev=probe stage=stall set=frames tid=0x00003508 f8=exe+0x2E5BEB4 f9=exe+0x3537D0 f10=exe+0x2E5BE90
client level=info t=543391 ev=probe stage=stall set=stack tid=0x000022A4 rip=0x7FFD69540E44 rsp=0x113F5FFE08 window=2048
client level=info t=543391 ev=probe stage=stall set=frames tid=0x000022A4 f0=exe+0x2E79DE3 f1=exe+0x11DB4DB f2=exe+0x2E79DA0 f3=exe+0x3537B3 f4=exe+0x2E79DA0 f5=exe+0x353874 f6=exe+0x2E79DA0 f7=exe+0x2E79DC4
client level=info t=543391 ev=probe stage=stall set=frames tid=0x000022A4 f8=exe+0x3537D0 f9=exe+0x2E79DA0
client level=info t=543391 ev=probe stage=stall set=stack tid=0x000007E0 rip=0x7FFD69544A74 rsp=0x113FDFFB78 window=1024
client level=info t=543391 ev=probe stage=stall set=stack tid=0x00000AF0 rip=0x7FFD69540E44 rsp=0x11405FFC88 window=2048
client level=info t=543391 ev=probe stage=stall set=stack tid=0x000023C4 rip=0x7FFD69540E44 rsp=0x11409FFA58 window=2048
client level=info t=543391 ev=probe stage=stall set=stack tid=0x00003D94 rip=0x7FFD69540E44 rsp=0x1140DFF6D8 window=2048
client level=info t=543391 ev=probe stage=stall set=stack tid=0x00002150 rip=0x7FFD69540E44 rsp=0x11411FF9B8 window=2048
client level=info t=543391 ev=probe stage=stall set=stack tid=0x00000EFC rip=0x7FFD69540E44 rsp=0x11415FF7D8 window=2048
client level=info t=543391 ev=probe stage=stall set=stack tid=0x00000710 rip=0x7FFD69540E44 rsp=0x11419FFC18 window=2048
client level=info t=543391 ev=probe stage=stall set=stack tid=0x000019B8 rip=0x7FFD69540E44 rsp=0x1141DFFA78 window=2048
client level=info t=543391 ev=probe stage=stall set=stack tid=0x00002ABC rip=0x7FFD69540E44 rsp=0x11421FF828 window=2048
client level=info t=543391 ev=probe stage=stall set=stack tid=0x00000C7C rip=0x7FFD69540E44 rsp=0x11425FFA58 window=1024
client level=info t=543391 ev=probe stage=stall set=stack tid=0x000033B4 rip=0x7FFD69540E44 rsp=0x11429FFBE8 window=1024
client level=info t=543391 ev=probe stage=stall set=frames tid=0x000033B4 f0=exe+0x19F8801
client level=info t=543391 ev=probe stage=stall set=stack tid=0x00003470 rip=0x7FFD69540E44 rsp=0x1142DFF8C8 window=1024
client level=info t=543391 ev=probe stage=stall set=frames tid=0x00003470 f0=exe+0x1A07446
client level=info t=543391 ev=probe stage=stall set=stack tid=0x00002848 rip=0x7FFD69541914 rsp=0x11431FF568 window=2048
client level=info t=543391 ev=probe stage=stall set=frames tid=0x00002848 f0=exe+0x199B0E8 f1=exe+0x199B97C f2=exe+0x1A40E79 f3=exe+0x1A41E30
client level=info t=543391 ev=probe stage=stall set=stack tid=0x00002F0C rip=0x7FFD69541914 rsp=0x1143DFF7E8 window=2048
client level=info t=543406 ev=probe stage=stall set=stack tid=0x000015A4 rip=0x7FFD69540E44 rsp=0x11441FF758 window=2048
client level=info t=543406 ev=probe stage=stall set=frames tid=0x000015A4 f0=exe+0x1A914FF f1=own+0x149383 f2=exe+0x39B4FB f3=exe+0x1A8222A
client level=info t=543406 ev=probe stage=stall set=stack tid=0x00000B48 rip=0x7FFD69541914 rsp=0x11445FFA58 window=1024
client level=info t=543406 ev=probe stage=stall set=stack tid=0x00001968 rip=0x7FFD69540E44 rsp=0x11449FFB68 window=2048
client level=info t=543406 ev=probe stage=stall set=frames tid=0x00001968 f0=exe+0x0 f1=exe+0x1F15A90 f2=exe+0x0 f3=exe+0x30FE80 f4=exe+0x30FED2 f5=exe+0x30FE80 f6=exe+0x30FE80 f7=exe+0x129869C
client level=info t=543406 ev=probe stage=stall set=stack tid=0x000024C8 rip=0x7FFD69541914 rsp=0x113F9FF278 window=2048
client level=info t=543406 ev=probe stage=stall set=stack tid=0x00002E2C rip=0x7FFD69541914 rsp=0x113C9FE3B8 window=2048
client level=info t=543406 ev=probe stage=stall set=frames tid=0x00002E2C f0=exe+0x3E8155
client level=info t=543406 ev=probe stage=stall set=stack tid=0x00002CA8 rip=0x7FFD69541444 rsp=0x11451FFAD8 window=2048
client level=info t=543406 ev=probe stage=stall set=frames tid=0x00002CA8 f0=own+0x695A60 f1=own+0x679AE8 f2=own+0x679AC8 f3=own+0x679AC8 f4=own+0x679AE8 f5=own+0x1DA83B f6=own+0x679AC8 f7=own+0x679AE8
client level=info t=543406 ev=probe stage=stall set=stack tid=0x000039A0 rip=0x7FFD69541444 rsp=0x11459FF868 window=2048
client level=info t=543406 ev=probe stage=stall set=frames tid=0x000039A0 f0=exe+0x30E50F0 f1=exe+0x173A58B f2=exe+0x31DA5A0 f3=exe+0x3537B3 f4=exe+0x31DA5A0 f5=exe+0x353874 f6=exe+0x31DA5A0 f7=exe+0x31DA5C4
client level=info t=543406 ev=probe stage=stall set=frames tid=0x000039A0 f8=exe+0x3537D0 f9=exe+0x31DA5A0
client level=info t=543406 ev=probe stage=stall set=stack tid=0x000027C4 rip=0x7FFD69544A14 rsp=0x11439FF978 window=2048
client level=info t=543406 ev=probe stage=stall set=stack tid=0x00001184 rip=0x7FFD69541914 rsp=0x1145DFF798 window=2048
client level=info t=543406 ev=probe stage=stall set=stack tid=0x00002B98 rip=0x7FFD69544A14 rsp=0x11461FEE88 window=2048
client level=info t=543406 ev=probe stage=stall set=frames tid=0x00002B98 f0=exe+0x7C97F8 f1=exe+0x294B57 f2=exe+0x0 f3=exe+0x91790 f4=exe+0x0 f5=exe+0x91790
client level=info t=543406 ev=probe stage=stall set=stack tid=0x00000BD0 rip=0x7FFD69544A14 rsp=0x11465FF008 window=2048
client level=info t=543406 ev=probe stage=stall set=frames tid=0x00000BD0 f0=exe+0x7C97F8 f1=exe+0x294B57 f2=exe+0x0 f3=exe+0x91790 f4=exe+0x0 f5=exe+0x91790
client level=info t=543406 ev=probe stage=stall set=stack tid=0x000027F0 rip=0x7FFD69544A14 rsp=0x11469FEB98 window=2048
client level=info t=543406 ev=probe stage=stall set=frames tid=0x000027F0 f0=exe+0x7C97F8 f1=exe+0x294B57 f2=exe+0x0 f3=exe+0x91790 f4=exe+0x0 f5=exe+0x91790
client level=info t=543406 ev=probe stage=stall set=stack tid=0x00000AE8 rip=0x7FFD69541914 rsp=0x1146DFF4D8 window=2048
client level=info t=543406 ev=probe stage=stall set=stack tid=0x00001AD4 rip=0x7FFD69544A14 rsp=0x11471FF8E8 window=2048
client level=info t=543406 ev=probe stage=stall set=stack tid=0x0000423C rip=0x7FFD69544A14 rsp=0x11475FF788 window=2048
client level=info t=543406 ev=probe stage=stall set=stack tid=0x000033AC rip=0x7FFD69544A14 rsp=0x11479FF568 window=2048
client level=info t=543406 ev=probe stage=stall set=stack tid=0x00001AA8 rip=0x7FFD69544A14 rsp=0x1147DFF798 window=2048
client level=info t=543406 ev=probe stage=stall set=stack tid=0x00002350 rip=0x7FFD69541914 rsp=0x11481FF268 window=2048
client level=info t=543406 ev=probe stage=stall set=stack tid=0x00002DEC rip=0x7FFD69541914 rsp=0x11485FF2E8 window=2048
client level=info t=543406 ev=probe stage=stall set=stack tid=0x00000720 rip=0x7FFD69544A14 rsp=0x11489FF708 window=2048
client level=info t=543406 ev=probe stage=stall set=stack tid=0x00000B0C rip=0x7FFD69541914 rsp=0x1148DFF0C8 window=2048
client level=info t=543406 ev=probe stage=stall set=stack tid=0x00001B14 rip=0x7FFD69544A14 rsp=0x11491FF998 window=2048
client level=info t=543406 ev=probe stage=stall set=stack tid=0x000025BC rip=0x7FFD69541914 rsp=0x11495FEFA8 window=2048
client level=info t=543406 ev=probe stage=stall set=stack tid=0x00003B4C rip=0x7FFD69544A14 rsp=0x11499FFA38 window=2048
client level=info t=543406 ev=probe stage=stall set=stack tid=0x00000A58 rip=0x7FFD69541914 rsp=0x1149DFF378 window=2048
client level=info t=543406 ev=probe stage=stall set=stack tid=0x00002C30 rip=0x7FFD69544A14 rsp=0x114A1FF748 window=2048
client level=info t=543406 ev=probe stage=stall set=stack tid=0x000009EC rip=0x7FFD69544A14 rsp=0x114A5FFAB8 window=1024
client level=info t=543406 ev=probe stage=stall set=stack tid=0x00004EE0 rip=0x7FFD69541914 rsp=0x11455FF478 window=2048
client level=info t=543406 ev=probe stage=stall set=stack tid=0x00002CF4 rip=0x7FFD69544A74 rsp=0x11331FF5A8 window=2048
client level=info t=543406 ev=probe stage=stall set=stack tid=0x00001914 rip=0x7FFD69540EE4 rsp=0x11335FF9C8 window=2048
client level=info t=543406 ev=probe stage=stall set=stack tid=0x000005C4 rip=0x7FFD69544A74 rsp=0x11339FF878 window=2048
client level=info t=543875 ev=retail site=88 text=application_state: Suspend state changed from [active] to [partial]
client level=info t=544860 ev=nettick stage=sample latch=0 callbacks=42288
client level=error t=544860 ev=assert stage=hit n=512 repeat=512 arg0=0 text=hitch detected: mainloop world controller state activity:in_world {{!38!}} job fiber:{{!0x00834002!}} phase:{{!-1!}} iteration:0x0 stalled 
client level=info t=545531 ev=retail site=88 text=application_state: Suspend state changed from [partial] to [active]
client level=info t=545719 ev=retail site=88 text=application_state: Suspend state changed from [active] to [partial]
client level=info t=546219 ev=retail site=88 text=application_state: Suspend state changed from [partial] to [active]
client level=info t=546594 ev=retail site=88 text=application_state: Suspend state changed from [active] to [partial]
client level=info t=547610 ev=nettick stage=sample latch=0 callbacks=42288
client level=error t=547610 ev=assert stage=hit n=1024 repeat=1024 arg0=0 text=hitch detected: mainloop world controller state activity:in_world {{!38!}} job fiber:{{!0x00834002!}} phase:{{!-1!}} iteration:0x0 stalled 
client level=info t=550406 ev=nettick stage=sample latch=0 callbacks=42288
client level=error t=550406 ev=assert stage=hit n=1536 repeat=1536 arg0=0 text=hitch detected: mainloop world controller state activity:in_world {{!38!}} job fiber:{{!0x00834002!}} phase:{{!-1!}} iteration:0x0 stalled 
client level=info t=552078 ev=probe stage=hitch step=38 dur=0 gate=0 fa=0x00834000 fa_idle=0 fb=0x00834001 fb_idle=0 fc=0x00834002 fc_idle=0
client level=info t=552078 ev=probe stage=hitch set=wait idx=0 slot=0 tid=0x000031D8 kind=4 age=29990.7 desc="name: 'render_globals_update_and_setup_cascade_shadow_views_job', owner: 'system owner'"
client level=info t=552078 ev=probe stage=hitch set=wait idx=2 slot=2 tid=0x00001B34 kind=4 age=30002.5 desc="fiber:{{!0x00834002!}} phase:{{!-1!}} iteration:0x0"
client level=info t=552078 ev=probe stage=hitch set=ring idx=0 slot=-1 tid=0xFFFFFFFF kind=255 age=14069673984.0 desc="name: 'empty_job', owner: 'system owner'"
client level=info t=552078 ev=probe stage=hitch set=ring idx=1 slot=-1 tid=0xFFFFFFFF kind=255 age=14069673984.0 desc="name: 'empty_job', owner: 'system owner'"
client level=info t=552078 ev=probe stage=hitch set=ring idx=2 slot=-1 tid=0xFFFFFFFF kind=255 age=28008339456.0 desc="name: 'empty_job', owner: 'system owner'"
client level=info t=552078 ev=probe stage=hitch set=ring idx=3 slot=-1 tid=0xFFFFFFFF kind=255 age=14069673984.0 desc="name: 'empty_job', owner: 'system owner'"
client level=info t=552078 ev=probe stage=hitch set=ring idx=4 slot=-1 tid=0xFFFFFFFF kind=255 age=28008339456.0 desc="name: 'empty_job', owner: 'system owner'"
client level=info t=552078 ev=probe stage=hitch set=ring idx=5 slot=-1 tid=0xFFFFFFFF kind=255 age=28008339456.0 desc="name: 'empty_job', owner: 'system owner'"
client level=info t=552078 ev=probe stage=hitch set=ring idx=6 slot=-1 tid=0xFFFFFFFF kind=255 age=14069673984.0 desc="name: 'empty_job', owner: 'system owner'"
client level=info t=552078 ev=probe stage=hitch set=ring idx=7 slot=-1 tid=0xFFFFFFFF kind=255 age=28008339456.0 desc="name: 'empty_job', owner: 'system owner'"
client level=info t=552078 ev=probe stage=hitch set=ring idx=8 slot=-1 tid=0xFFFFFFFF kind=255 age=28008339456.0 desc="name: 'empty_job', owner: 'system owner'"
client level=info t=552078 ev=probe stage=hitch set=ring idx=9 slot=-1 tid=0xFFFFFFFF kind=255 age=28008339456.0 desc="name: 'empty_job', owner: 'system owner'"
client level=info t=552078 ev=probe stage=hitch set=ring idx=10 slot=-1 tid=0xFFFFFFFF kind=255 age=14069673984.0 desc="name: 'empty_job', owner: 'system owner'"
client level=info t=552078 ev=probe stage=hitch set=ring idx=11 slot=-1 tid=0xFFFFFFFF kind=255 age=28008339456.0 desc="name: 'empty_job', owner: 'system owner'"
client level=info t=552078 ev=probe stage=hitch set=ring idx=12 slot=-1 tid=0xFFFFFFFF kind=255 age=14069676032.0 desc="name: 'empty_job', owner: 'system owner'"
client level=info t=552078 ev=probe stage=hitch set=ring idx=13 slot=-1 tid=0xFFFFFFFF kind=255 age=14069673984.0 desc="name: 'empty_job', owner: 'system owner'"
client level=info t=552078 ev=probe stage=hitch set=ring idx=14 slot=-1 tid=0xFFFFFFFF kind=255 age=28008339456.0 desc="name: 'empty_job', owner: 'system owner'"
client level=info t=552078 ev=probe stage=hitch set=ring idx=15 slot=-1 tid=0xFFFFFFFF kind=255 age=28008339456.0 desc="name: 'empty_job', owner: 'system owner'"
client level=info t=552078 ev=probe stage=hitch set=stack tid=0x000031D8 rip=0x7FFD69541444 rsp=0x11359FD638 window=2048
client level=info t=552078 ev=probe stage=hitch set=frames tid=0x000031D8 f0=exe+0x20D6E80 f1=exe+0x20D6E80 f2=exe+0x3550FB f3=exe+0x20D6E38 f4=exe+0x9ED23D f5=exe+0x1DC60C8 f6=exe+0x1DC60D4 f7=exe+0x1B87974
client level=info t=552078 ev=probe stage=hitch set=frames tid=0x000031D8 f8=exe+0x1DC60C8 f9=exe+0x3537B3 f10=exe+0x35ECC44 f11=exe+0x3537B3 f12=exe+0x35ECC44 f13=exe+0x35ECC44 f14=exe+0x3537B3 f15=exe+0x35ECC44
client level=info t=553203 ev=nettick stage=sample latch=0 callbacks=42288
client level=error t=553203 ev=assert stage=hit n=2048 repeat=2048 arg0=0 text=hitch detected: mainloop world controller state activity:in_world {{!38!}} job fiber:{{!0x00834002!}} phase:{{!-1!}} iteration:0x0 stalled 
client level=info t=555969 ev=nettick stage=sample latch=0 callbacks=42288
client level=error t=555969 ev=assert stage=hit n=2560 repeat=2560 arg0=0 text=hitch detected: mainloop world controller state activity:in_world {{!38!}} job fiber:{{!0x00834002!}} phase:{{!-1!}} iteration:0x0 stalled 
client level=info t=556813 ev=retail site=88 text=application_state: Suspend state changed from [partial] to [active]
client level=warn t=558406 ev=probe stage=stall result=detected idle=36078 count=42288
client level=info t=558438 ev=probe stage=stall set=stack tid=0x00003554 rip=0x7FFD69540E44 rsp=0x1132CFF388 window=2048
client level=info t=558438 ev=probe stage=stall set=frames tid=0x00003554 f0=exe+0xB54BE2 f1=exe+0x302465 f2=exe+0xB58F1F f3=exe+0x1C151D8 f4=exe+0x0 f5=exe+0xB5268C f6=exe+0x80DA9B1 f7=exe+0x48564BA
client level=info t=558438 ev=probe stage=stall set=frames tid=0x00003554 f8=exe+0x93FC7 f9=exe+0x0 f10=exe+0x1C151C8
client level=info t=558438 ev=probe stage=stall set=stack tid=0x00002778 rip=0x7FFD69544A74 rsp=0x1133DFF6D8 window=2048
client level=info t=558438 ev=probe stage=stall set=stack tid=0x0000343C rip=0x7FFD69541444 rsp=0x11345FEF18 window=2048
client level=info t=558438 ev=probe stage=stall set=frames tid=0x0000343C f0=exe+0x267D140 f1=exe+0x3B1A77 f2=exe+0x3AFF70 f3=exe+0x4F5C89E f4=exe+0x47DA9CB f5=exe+0x0 f6=exe+0x3FB1A5A f7=exe+0x69533FF
client level=info t=558438 ev=probe stage=stall set=stack tid=0x00002EC8 rip=0x7FFD69544A74 rsp=0x1134DFF7F8 window=2048
client level=info t=558438 ev=probe stage=stall set=stack tid=0x00001E18 rip=0x7FFD69540E44 rsp=0x11351FFDE8 window=512
client level=info t=558438 ev=probe stage=stall set=frames tid=0x00001E18 f0=exe+0x1280280 f1=exe+0x0 f2=exe+0x242CD10 f3=exe+0x1280201 f4=exe+0x3023E5 f5=exe+0x348061 f6=exe+0x7CB8EAA f7=exe+0x7039128
client level=info t=558438 ev=probe stage=stall set=frames tid=0x00001E18 f8=exe+0x128029D f9=exe+0x0 f10=exe+0x1280280 f11=exe+0x129869C
client level=info t=558438 ev=probe stage=stall set=stack tid=0x0000173C rip=0x7FFD69541444 rsp=0x11355F8E38 window=2048
client level=info t=558438 ev=probe stage=stall set=frames tid=0x0000173C f0=exe+0x1299FD0 f1=exe+0x7CB8EAA f2=exe+0x0 f3=exe+0x1299FD0 f4=exe+0x129A08B f5=exe+0x2F24088 f6=exe+0x2F240D4 f7=exe+0x2F23FB0
client level=info t=558438 ev=probe stage=stall set=stack tid=0x000031D8 rip=0x7FFD69541444 rsp=0x11359FD638 window=2048
client level=info t=558438 ev=probe stage=stall set=frames tid=0x000031D8 f0=exe+0x20D6E80 f1=exe+0x20D6E80 f2=exe+0x3550FB f3=exe+0x20D6E38 f4=exe+0x9ED23D f5=exe+0x1DC60C8 f6=exe+0x1DC60D4 f7=exe+0x1B87974
client level=info t=558438 ev=probe stage=stall set=frames tid=0x000031D8 f8=exe+0x1DC60C8 f9=exe+0x3537B3 f10=exe+0x35ECC44 f11=exe+0x3537B3 f12=exe+0x35ECC44 f13=exe+0x35ECC44 f14=exe+0x3537B3 f15=exe+0x35ECC44
client level=info t=558438 ev=probe stage=stall set=stack tid=0x000004E0 rip=0x7FFD69540E44 rsp=0x1135DFFC98 window=512
client level=info t=558438 ev=probe stage=stall set=frames tid=0x000004E0 f0=exe+0x2E59D30 f1=exe+0x302465 f2=exe+0x31D073 f3=exe+0x31D0BA f4=exe+0x318894 f5=exe+0x20D7A38 f6=exe+0x31B241 f7=exe+0x3537B3
client level=info t=558438 ev=probe stage=stall set=frames tid=0x000004E0 f8=exe+0x20D7A38
client level=info t=558438 ev=probe stage=stall set=stack tid=0x00001B34 rip=0x7FFD69541444 rsp=0x11361FE1B8 window=2048
client level=info t=558438 ev=probe stage=stall set=frames tid=0x00001B34 f0=exe+0x20D8680 f1=exe+0x20D8680 f2=exe+0x3550FB f3=exe+0x20D8638 f4=exe+0xC77DA f5=exe+0x1CA3448 f6=exe+0xC61B0 f7=exe+0x1DC60C8
client level=info t=558438 ev=probe stage=stall set=frames tid=0x00001B34 f8=exe+0x1DC60D4 f9=exe+0x1B87974 f10=exe+0x1DC60C8 f11=exe+0x3537B3 f12=exe+0x35ECC44 f13=exe+0x3537B3 f14=exe+0x35ECC44 f15=exe+0x35ECC44
client level=info t=558438 ev=probe stage=stall set=stack tid=0x0000427C rip=0x7FFD69540E44 rsp=0x11365FF538 window=2048
client level=info t=558438 ev=probe stage=stall set=frames tid=0x0000427C f0=exe+0x302465 f1=exe+0x31D073 f2=exe+0x31D0BA f3=exe+0x318894 f4=exe+0x20D9238 f5=exe+0x31B241 f6=exe+0x3537B3 f7=exe+0x20D9238
client level=info t=558438 ev=probe stage=stall set=frames tid=0x0000427C f8=exe+0x20D9238 f9=exe+0x353874 f10=exe+0x20D9238 f11=exe+0x20D925C f12=exe+0x3537D0 f13=exe+0x20D9238
client level=info t=558438 ev=probe stage=stall set=stack tid=0x00001188 rip=0x7FFD69540E44 rsp=0x11369FFC08 window=512
client level=info t=558438 ev=probe stage=stall set=frames tid=0x00001188 f0=exe+0x2E5B380 f1=exe+0x302465 f2=exe+0x31D073 f3=exe+0x31D0BA f4=exe+0x318894 f5=exe+0x20D9E38 f6=exe+0x31B241 f7=exe+0x3537B3
client level=info t=558438 ev=probe stage=stall set=frames tid=0x00001188 f8=exe+0x20D9E38
client level=info t=558438 ev=probe stage=stall set=stack tid=0x00004234 rip=0x7FFD69540E44 rsp=0x1136DFF618 window=2048
client level=info t=558438 ev=probe stage=stall set=frames tid=0x00004234 f0=exe+0x302465 f1=exe+0x31D073 f2=exe+0x31D0BA f3=exe+0x318894 f4=exe+0x20DAA38 f5=exe+0x31B241 f6=exe+0x3537B3 f7=exe+0x20DAA38
client level=info t=558438 ev=probe stage=stall set=frames tid=0x00004234 f8=exe+0x20DAA38 f9=exe+0x353874 f10=exe+0x20DAA38 f11=exe+0x20DAA5C f12=exe+0x3537D0 f13=exe+0x20DAA38
client level=info t=558438 ev=probe stage=stall set=stack tid=0x000037C0 rip=0x7FFD69540E44 rsp=0x11371FF918 window=1024
client level=info t=558438 ev=probe stage=stall set=frames tid=0x000037C0 f0=exe+0x302465 f1=exe+0x31D073 f2=exe+0x31D0BA f3=exe+0x318894 f4=exe+0x20EEE48 f5=exe+0x31B241 f6=exe+0x3537B3 f7=exe+0x20EEE48
client level=info t=558438 ev=probe stage=stall set=frames tid=0x000037C0 f8=exe+0x20EEE48 f9=exe+0x353874 f10=exe+0x20EEE48 f11=exe+0x20EEE6C f12=exe+0x3537D0 f13=exe+0x20EEE48
client level=info t=558438 ev=probe stage=stall set=stack tid=0x00002688 rip=0x7FFD69540E44 rsp=0x11375FFBE8 window=2048
client level=info t=558438 ev=probe stage=stall set=frames tid=0x00002688 f0=exe+0x302465 f1=exe+0x31D073 f2=exe+0x31D0BA f3=exe+0x318894 f4=exe+0x20EFA48 f5=exe+0x31B241 f6=exe+0x3537B3 f7=exe+0x20EFA48
client level=info t=558438 ev=probe stage=stall set=frames tid=0x00002688 f8=exe+0x20EFA48 f9=exe+0x353874 f10=exe+0x20EFA48 f11=exe+0x20EFA6C f12=exe+0x3537D0 f13=exe+0x20EFA48
client level=info t=558438 ev=probe stage=stall set=stack tid=0x00004AE0 rip=0x7FFD69541444 rsp=0x11379FF528 window=2048
client level=info t=558438 ev=probe stage=stall set=frames tid=0x00004AE0 f0=exe+0x1AEBDFF
client level=info t=558438 ev=probe stage=stall set=stack tid=0x00002D80 rip=0x7FFD69540E44 rsp=0x1137DFF918 window=2048
client level=info t=558438 ev=probe stage=stall set=frames tid=0x00002D80 f0=exe+0x1AE9B80
client level=info t=558438 ev=probe stage=stall set=stack tid=0x00002658 rip=0x7FFD66761344 rsp=0x11381FFBD8 window=2048
client level=info t=558438 ev=probe stage=stall set=frames tid=0x00002658 f0=exe+0x2686901 f1=exe+0x2686901 f2=exe+0x3C5F69 f3=exe+0x26869E0 f4=exe+0x26869E0 f5=exe+0x3BD893 f6=exe+0x26869E0 f7=exe+0x3BDA99
client level=info t=558438 ev=probe stage=stall set=frames tid=0x00002658 f8=exe+0x26869E0 f9=exe+0x3537B3 f10=exe+0x26869E0 f11=exe+0x353874 f12=exe+0x26869E0 f13=exe+0x2686A04 f14=exe+0x3537D0 f15=exe+0x26869E0
client level=info t=558438 ev=probe stage=stall set=stack tid=0x0000280C rip=0x7FFD66761344 rsp=0x11385FF738 window=2048
client level=info t=558438 ev=probe stage=stall set=frames tid=0x0000280C f0=exe+0x3BDA55 f1=exe+0x26869E0 f2=exe+0x26875E0 f3=exe+0x3537B3 f4=exe+0x26875E0 f5=exe+0x353874 f6=exe+0x26875E0 f7=exe+0x2687604
client level=info t=558438 ev=probe stage=stall set=frames tid=0x0000280C f8=exe+0x3537D0 f9=exe+0x26875E0
client level=info t=558438 ev=probe stage=stall set=stack tid=0x000046C0 rip=0x7FFD69540EE4 rsp=0x11389FFBA8 window=2048
client level=info t=558438 ev=probe stage=stall set=stack tid=0x000028C0 rip=0x7FFD69544A14 rsp=0x11391FF578 window=2048
client level=info t=558438 ev=probe stage=stall set=stack tid=0x00002A4C rip=0x7FFD69544A14 rsp=0x11395FFD18 window=2048
client level=info t=558438 ev=probe stage=stall set=stack tid=0x00001804 rip=0x7FFD69540E44 rsp=0x11399FF7D8 window=2048
client level=info t=558438 ev=probe stage=stall set=stack tid=0x00002DC8 rip=0x7FFD69540E44 rsp=0x1138DFFCF8 window=2048
client level=info t=558438 ev=probe stage=stall set=stack tid=0x00000EB4 rip=0x7FFD69540E44 rsp=0x1139DFF648 window=2048
client level=info t=558438 ev=probe stage=stall set=stack tid=0x00001B80 rip=0x7FFD69540E44 rsp=0x113A1FF628 window=2048
client level=info t=558438 ev=probe stage=stall set=stack tid=0x000005A4 rip=0x7FFD69540E44 rsp=0x113A5FF7D8 window=2048
client level=info t=558438 ev=probe stage=stall set=stack tid=0x00004288 rip=0x7FFD69540E44 rsp=0x113A9FF658 window=2048
client level=info t=558438 ev=probe stage=stall set=stack tid=0x000018A8 rip=0x7FFD69540E44 rsp=0x113ADFF938 window=2048
client level=info t=558438 ev=probe stage=stall set=stack tid=0x000029A8 rip=0x7FFD69540E44 rsp=0x113B1FF7D8 window=2048
client level=info t=558438 ev=probe stage=stall set=stack tid=0x0000225C rip=0x7FFD69540E44 rsp=0x113B5FF618 window=2048
client level=info t=558438 ev=probe stage=stall set=stack tid=0x00001068 rip=0x7FFD69540E44 rsp=0x113B9FF9D8 window=2048
client level=info t=558438 ev=probe stage=stall set=stack tid=0x00000D68 rip=0x7FFD69540E44 rsp=0x113BDFFBC8 window=2048
client level=info t=558438 ev=probe stage=stall set=stack tid=0x000017E0 rip=0x7FFD69544A14 rsp=0x113C1FF788 window=2048
client level=info t=558438 ev=probe stage=stall set=stack tid=0x00003A58 rip=0x7FFD69544A14 rsp=0x113C5FF528 window=2048
client level=info t=558438 ev=probe stage=stall set=stack tid=0x000023E4 rip=0x7FFD69541914 rsp=0x113CDFF418 window=2048
client level=info t=558438 ev=probe stage=stall set=stack tid=0x000006E8 rip=0x7FFD69540E44 rsp=0x113D1FFC88 window=2048
client level=info t=558438 ev=probe stage=stall set=stack tid=0x00004BAC rip=0x7FFD69540E44 rsp=0x113D5FF6C8 window=2048
client level=info t=558438 ev=probe stage=stall set=stack tid=0x000032D8 rip=0x7FFD69540E44 rsp=0x113D9FF9F8 window=2048
client level=info t=558438 ev=probe stage=stall set=stack tid=0x00001FE8 rip=0x7FFD69540E44 rsp=0x113DDFFD38 window=2048
client level=info t=558438 ev=probe stage=stall set=stack tid=0x000045A0 rip=0x7FFD69540E44 rsp=0x113E1FF6A8 window=2048
client level=info t=558438 ev=probe stage=stall set=stack tid=0x00002788 rip=0x7FFD69540E44 rsp=0x113E5FF718 window=2048
client level=info t=558438 ev=probe stage=stall set=stack tid=0x00003538 rip=0x7FFD69540E44 rsp=0x113E9FF8F8 window=2048
client level=info t=558438 ev=probe stage=stall set=stack tid=0x00000E70 rip=0x7FFD69540E44 rsp=0x113EDFFAD8 window=1024
client level=info t=558438 ev=probe stage=stall set=stack tid=0x00003508 rip=0x7FFD69541444 rsp=0x113F1FF698 window=2048
client level=info t=558438 ev=probe stage=stall set=frames tid=0x00003508 f0=exe+0x26869D0 f1=exe+0x11C7C5C f2=exe+0x2E5BEC2 f3=exe+0x3537B3 f4=exe+0x2E5BE90 f5=exe+0x2E5BE90 f6=exe+0x353874 f7=exe+0x2E5BE90
client level=info t=558438 ev=probe stage=stall set=frames tid=0x00003508 f8=exe+0x2E5BEB4 f9=exe+0x3537D0 f10=exe+0x2E5BE90
client level=info t=558438 ev=probe stage=stall set=stack tid=0x000022A4 rip=0x7FFD69540E44 rsp=0x113F5FFE08 window=2048
client level=info t=558438 ev=probe stage=stall set=frames tid=0x000022A4 f0=exe+0x2E79DE3 f1=exe+0x11DB4DB f2=exe+0x2E79DA0 f3=exe+0x3537B3 f4=exe+0x2E79DA0 f5=exe+0x353874 f6=exe+0x2E79DA0 f7=exe+0x2E79DC4
client level=info t=558438 ev=probe stage=stall set=frames tid=0x000022A4 f8=exe+0x3537D0 f9=exe+0x2E79DA0
client level=info t=558438 ev=probe stage=stall set=stack tid=0x000007E0 rip=0x7FFD69544A74 rsp=0x113FDFFB78 window=1024
client level=info t=558438 ev=probe stage=stall set=stack tid=0x00000AF0 rip=0x7FFD69540E44 rsp=0x11405FFC88 window=2048
client level=info t=558438 ev=probe stage=stall set=stack tid=0x000023C4 rip=0x7FFD69540E44 rsp=0x11409FFA58 window=2048
client level=info t=558438 ev=probe stage=stall set=stack tid=0x00003D94 rip=0x7FFD69540E44 rsp=0x1140DFF6D8 window=2048
client level=info t=558438 ev=probe stage=stall set=stack tid=0x00002150 rip=0x7FFD69540E44 rsp=0x11411FF9B8 window=2048
client level=info t=558438 ev=probe stage=stall set=stack tid=0x00000EFC rip=0x7FFD69540E44 rsp=0x11415FF7D8 window=2048
client level=info t=558438 ev=probe stage=stall set=stack tid=0x00000710 rip=0x7FFD69540E44 rsp=0x11419FFC18 window=2048
client level=info t=558438 ev=probe stage=stall set=stack tid=0x000019B8 rip=0x7FFD69540E44 rsp=0x1141DFFA78 window=2048
client level=info t=558438 ev=probe stage=stall set=stack tid=0x00002ABC rip=0x7FFD69540E44 rsp=0x11421FF828 window=2048
client level=info t=558438 ev=probe stage=stall set=stack tid=0x00000C7C rip=0x7FFD69540E44 rsp=0x11425FFA58 window=1024
client level=info t=558438 ev=probe stage=stall set=stack tid=0x000033B4 rip=0x7FFD69540E44 rsp=0x11429FFBE8 window=1024
client level=info t=558438 ev=probe stage=stall set=frames tid=0x000033B4 f0=exe+0x19F8801
client level=info t=558438 ev=probe stage=stall set=stack tid=0x00003470 rip=0x7FFD69540E44 rsp=0x1142DFF8C8 window=1024
client level=info t=558438 ev=probe stage=stall set=frames tid=0x00003470 f0=exe+0x1A07446
client level=info t=558438 ev=probe stage=stall set=stack tid=0x00002848 rip=0x7FFD69541914 rsp=0x11431FF568 window=2048
client level=info t=558438 ev=probe stage=stall set=frames tid=0x00002848 f0=exe+0x199B0E8 f1=exe+0x199B97C f2=exe+0x1A40E79 f3=exe+0x1A41E30
client level=info t=558438 ev=probe stage=stall set=stack tid=0x00002F0C rip=0x7FFD69541914 rsp=0x1143DFF7E8 window=2048
client level=info t=558438 ev=probe stage=stall set=stack tid=0x000015A4 rip=0x7FFD69540E44 rsp=0x11441FF758 window=2048
client level=info t=558438 ev=probe stage=stall set=frames tid=0x000015A4 f0=exe+0x1A914FF f1=own+0x149383 f2=exe+0x39B4FB f3=exe+0x1A8222A
client level=info t=558438 ev=probe stage=stall set=stack tid=0x00000B48 rip=0x7FFD69541914 rsp=0x11445FFA58 window=1024
client level=info t=558438 ev=probe stage=stall set=stack tid=0x00001968 rip=0x7FFD69540E44 rsp=0x11449FFB68 window=2048
client level=info t=558438 ev=probe stage=stall set=frames tid=0x00001968 f0=exe+0x0 f1=exe+0x1F15A90 f2=exe+0x0 f3=exe+0x30FE80 f4=exe+0x30FED2 f5=exe+0x30FE80 f6=exe+0x30FE80 f7=exe+0x129869C
client level=info t=558438 ev=probe stage=stall set=stack tid=0x000024C8 rip=0x7FFD69541914 rsp=0x113F9FF278 window=2048
client level=info t=558438 ev=probe stage=stall set=stack tid=0x00002E2C rip=0x7FFD69541914 rsp=0x113C9FE3B8 window=2048
client level=info t=558438 ev=probe stage=stall set=frames tid=0x00002E2C f0=exe+0x3E8155
client level=info t=558438 ev=probe stage=stall set=stack tid=0x00002CA8 rip=0x7FFD69541444 rsp=0x11451FFAD8 window=2048
client level=info t=558438 ev=probe stage=stall set=frames tid=0x00002CA8 f0=own+0x695A60 f1=own+0x679AE8 f2=own+0x679AC8 f3=own+0x679AC8 f4=own+0x679AE8 f5=own+0x1DA83B f6=own+0x679AC8 f7=own+0x679AE8
client level=info t=558438 ev=probe stage=stall set=stack tid=0x000039A0 rip=0x7FFD69541444 rsp=0x11459FF868 window=2048
client level=info t=558438 ev=probe stage=stall set=frames tid=0x000039A0 f0=exe+0x31DA0A0 f1=exe+0x173A58B f2=exe+0x31DA5A0 f3=exe+0x3537B3 f4=exe+0x31DA5A0 f5=exe+0x353874 f6=exe+0x31DA5A0 f7=exe+0x31DA5C4
client level=info t=558438 ev=probe stage=stall set=frames tid=0x000039A0 f8=exe+0x3537D0 f9=exe+0x31DA5A0
client level=info t=558438 ev=probe stage=stall set=stack tid=0x000027C4 rip=0x7FFD69544A14 rsp=0x11439FF978 window=2048
client level=info t=558438 ev=probe stage=stall set=stack tid=0x00001184 rip=0x7FFD69541914 rsp=0x1145DFF798 window=2048
client level=info t=558438 ev=probe stage=stall set=stack tid=0x00002B98 rip=0x7FFD69544A14 rsp=0x11461FEE88 window=2048
client level=info t=558438 ev=probe stage=stall set=frames tid=0x00002B98 f0=exe+0x7C97F8 f1=exe+0x294B57 f2=exe+0x0 f3=exe+0x91790 f4=exe+0x0 f5=exe+0x91790
client level=info t=558438 ev=probe stage=stall set=stack tid=0x00000BD0 rip=0x7FFD69544A14 rsp=0x11465FF008 window=2048
client level=info t=558438 ev=probe stage=stall set=frames tid=0x00000BD0 f0=exe+0x7C97F8 f1=exe+0x294B57 f2=exe+0x0 f3=exe+0x91790 f4=exe+0x0 f5=exe+0x91790
client level=info t=558438 ev=probe stage=stall set=stack tid=0x000027F0 rip=0x7FFD69544A14 rsp=0x11469FEB98 window=2048
client level=info t=558438 ev=probe stage=stall set=frames tid=0x000027F0 f0=exe+0x7C97F8 f1=exe+0x294B57 f2=exe+0x0 f3=exe+0x91790 f4=exe+0x0 f5=exe+0x91790
client level=info t=558438 ev=probe stage=stall set=stack tid=0x00000AE8 rip=0x7FFD69541914 rsp=0x1146DFF4D8 window=2048
client level=info t=558438 ev=probe stage=stall set=stack tid=0x00001AD4 rip=0x7FFD69544A14 rsp=0x11471FF8E8 window=2048
client level=info t=558438 ev=probe stage=stall set=stack tid=0x0000423C rip=0x7FFD69544A14 rsp=0x11475FF788 window=2048
client level=info t=558438 ev=probe stage=stall set=stack tid=0x000033AC rip=0x7FFD69544A14 rsp=0x11479FF568 window=2048
client level=info t=558438 ev=probe stage=stall set=stack tid=0x00001AA8 rip=0x7FFD69544A14 rsp=0x1147DFF798 window=2048
client level=info t=558438 ev=probe stage=stall set=stack tid=0x00002350 rip=0x7FFD69541914 rsp=0x11481FF268 window=2048
client level=info t=558438 ev=probe stage=stall set=stack tid=0x00002DEC rip=0x7FFD69541914 rsp=0x11485FF2E8 window=2048
client level=info t=558438 ev=probe stage=stall set=stack tid=0x00000720 rip=0x7FFD69544A14 rsp=0x11489FF708 window=2048
client level=info t=558438 ev=probe stage=stall set=stack tid=0x00000B0C rip=0x7FFD69541914 rsp=0x1148DFF0C8 window=2048
client level=info t=558438 ev=probe stage=stall set=stack tid=0x00001B14 rip=0x7FFD69544A14 rsp=0x11491FF998 window=2048
client level=info t=558438 ev=probe stage=stall set=stack tid=0x000025BC rip=0x7FFD69541914 rsp=0x11495FEFA8 window=2048
client level=info t=558438 ev=probe stage=stall set=stack tid=0x00003B4C rip=0x7FFD69544A14 rsp=0x11499FFA38 window=2048
client level=info t=558438 ev=probe stage=stall set=stack tid=0x00000A58 rip=0x7FFD69541914 rsp=0x1149DFF378 window=2048
client level=info t=558438 ev=probe stage=stall set=stack tid=0x00002C30 rip=0x7FFD69544A14 rsp=0x114A1FF748 window=2048
client level=info t=558438 ev=probe stage=stall set=stack tid=0x000009EC rip=0x7FFD69544A14 rsp=0x114A5FFAB8 window=1024
client level=info t=558438 ev=probe stage=stall set=stack tid=0x00004EE0 rip=0x7FFD69541914 rsp=0x11455FF478 window=2048
client level=info t=558438 ev=probe stage=stall set=stack tid=0x00002CF4 rip=0x7FFD69544A74 rsp=0x11331FF5A8 window=2048
client level=info t=558438 ev=probe stage=stall set=stack tid=0x00001914 rip=0x7FFD69540EE4 rsp=0x11335FF9C8 window=2048
client level=info t=558438 ev=probe stage=stall set=stack tid=0x000005C4 rip=0x7FFD69544A74 rsp=0x11339FF878 window=2048
client level=info t=558766 ev=nettick stage=sample latch=0 callbacks=42288
client level=error t=558766 ev=assert stage=hit n=3072 repeat=3072 arg0=0 text=hitch detected: mainloop world controller state activity:in_world {{!38!}} job fiber:{{!0x00834002!}} phase:{{!-1!}} iteration:0x0 stalled 
client level=info t=559016 ev=retail site=88 text=application_state: Suspend state changed from [active] to [partial]
client level=info t=561531 ev=nettick stage=sample latch=0 callbacks=42288
client level=error t=561531 ev=assert stage=hit n=3584 repeat=3584 arg0=0 text=hitch detected: mainloop world controller state activity:in_world {{!38!}} job fiber:{{!0x00834002!}} phase:{{!-1!}} iteration:0x0 stalled 
client level=info t=562078 ev=probe stage=hitch step=38 dur=0 gate=0 fa=0x00834000 fa_idle=0 fb=0x00834001 fb_idle=0 fc=0x00834002 fc_idle=0
client level=info t=562078 ev=probe stage=hitch set=wait idx=0 slot=0 tid=0x000031D8 kind=4 age=39995.7 desc="name: 'render_globals_update_and_setup_cascade_shadow_views_job', owner: 'system owner'"
client level=info t=562078 ev=probe stage=hitch set=wait idx=2 slot=2 tid=0x00001B34 kind=4 age=40007.5 desc="fiber:{{!0x00834002!}} phase:{{!-1!}} iteration:0x0"
client level=info t=562078 ev=probe stage=hitch set=ring idx=0 slot=-1 tid=0xFFFFFFFF kind=255 age=14069673984.0 desc="name: 'empty_job', owner: 'system owner'"
client level=info t=562078 ev=probe stage=hitch set=ring idx=1 slot=-1 tid=0xFFFFFFFF kind=255 age=14069673984.0 desc="name: 'empty_job', owner: 'system owner'"
client level=info t=562078 ev=probe stage=hitch set=ring idx=2 slot=-1 tid=0xFFFFFFFF kind=255 age=28008339456.0 desc="name: 'empty_job', owner: 'system owner'"
client level=info t=562078 ev=probe stage=hitch set=ring idx=3 slot=-1 tid=0xFFFFFFFF kind=255 age=14069673984.0 desc="name: 'empty_job', owner: 'system owner'"
client level=info t=562078 ev=probe stage=hitch set=ring idx=4 slot=-1 tid=0xFFFFFFFF kind=255 age=28008339456.0 desc="name: 'empty_job', owner: 'system owner'"
client level=info t=562078 ev=probe stage=hitch set=ring idx=5 slot=-1 tid=0xFFFFFFFF kind=255 age=28008339456.0 desc="name: 'empty_job', owner: 'system owner'"
client level=info t=562078 ev=probe stage=hitch set=ring idx=6 slot=-1 tid=0xFFFFFFFF kind=255 age=14069673984.0 desc="name: 'empty_job', owner: 'system owner'"
client level=info t=562078 ev=probe stage=hitch set=ring idx=7 slot=-1 tid=0xFFFFFFFF kind=255 age=28008339456.0 desc="name: 'empty_job', owner: 'system owner'"
client level=info t=562078 ev=probe stage=hitch set=ring idx=8 slot=-1 tid=0xFFFFFFFF kind=255 age=28008339456.0 desc="name: 'empty_job', owner: 'system owner'"
client level=info t=562078 ev=probe stage=hitch set=ring idx=9 slot=-1 tid=0xFFFFFFFF kind=255 age=28008339456.0 desc="name: 'empty_job', owner: 'system owner'"
client level=info t=562078 ev=probe stage=hitch set=ring idx=10 slot=-1 tid=0xFFFFFFFF kind=255 age=14069673984.0 desc="name: 'empty_job', owner: 'system owner'"
client level=info t=562078 ev=probe stage=hitch set=ring idx=11 slot=-1 tid=0xFFFFFFFF kind=255 age=28008339456.0 desc="name: 'empty_job', owner: 'system owner'"
client level=info t=562078 ev=probe stage=hitch set=ring idx=12 slot=-1 tid=0xFFFFFFFF kind=255 age=14069676032.0 desc="name: 'empty_job', owner: 'system owner'"
client level=info t=562078 ev=probe stage=hitch set=ring idx=13 slot=-1 tid=0xFFFFFFFF kind=255 age=14069673984.0 desc="name: 'empty_job', owner: 'system owner'"
client level=info t=562078 ev=probe stage=hitch set=ring idx=14 slot=-1 tid=0xFFFFFFFF kind=255 age=28008339456.0 desc="name: 'empty_job', owner: 'system owner'"
client level=info t=562078 ev=probe stage=hitch set=ring idx=15 slot=-1 tid=0xFFFFFFFF kind=255 age=28008339456.0 desc="name: 'empty_job', owner: 'system owner'"
client level=info t=562078 ev=probe stage=hitch set=stack tid=0x000031D8 rip=0x7FFD69541444 rsp=0x11359FD638 window=2048
client level=info t=562078 ev=probe stage=hitch set=frames tid=0x000031D8 f0=exe+0x20D6E80 f1=exe+0x20D6E80 f2=exe+0x3550FB f3=exe+0x20D6E38 f4=exe+0x9ED23D f5=exe+0x1DC60C8 f6=exe+0x1DC60D4 f7=exe+0x1B87974
client level=info t=562078 ev=probe stage=hitch set=frames tid=0x000031D8 f8=exe+0x1DC60C8 f9=exe+0x3537B3 f10=exe+0x35ECC44 f11=exe+0x3537B3 f12=exe+0x35ECC44 f13=exe+0x35ECC44 f14=exe+0x3537B3 f15=exe+0x35ECC44
client level=info t=564313 ev=nettick stage=sample latch=0 callbacks=42288
client level=error t=564313 ev=assert stage=hit n=4096 repeat=4096 arg0=0 text=hitch detected: mainloop world controller state activity:in_world {{!38!}} job fiber:{{!0x00834002!}} phase:{{!-1!}} iteration:0x0 stalled 
client level=info t=567078 ev=nettick stage=sample latch=0 callbacks=42288
client level=error t=567078 ev=assert stage=hit n=4608 repeat=4608 arg0=0 text=hitch detected: mainloop world controller state activity:in_world {{!38!}} job fiber:{{!0x00834002!}} phase:{{!-1!}} iteration:0x0 stalled 
client level=info t=569860 ev=nettick stage=sample latch=0 callbacks=42288
client level=error t=569860 ev=assert stage=hit n=5120 repeat=5120 arg0=0 text=hitch detected: mainloop world controller state activity:in_world {{!38!}} job fiber:{{!0x00834002!}} phase:{{!-1!}} iteration:0x0 stalled 
client level=info t=572078 ev=probe stage=hitch step=38 dur=0 gate=0 fa=0x00834000 fa_idle=0 fb=0x00834001 fb_idle=0 fc=0x00834002 fc_idle=0
client level=info t=572078 ev=probe stage=hitch set=wait idx=0 slot=0 tid=0x000031D8 kind=4 age=49993.4 desc="name: 'render_globals_update_and_setup_cascade_shadow_views_job', owner: 'system owner'"
client level=info t=572078 ev=probe stage=hitch set=wait idx=2 slot=2 tid=0x00001B34 kind=4 age=50005.2 desc="fiber:{{!0x00834002!}} phase:{{!-1!}} iteration:0x0"
client level=info t=572078 ev=probe stage=hitch set=ring idx=0 slot=-1 tid=0xFFFFFFFF kind=255 age=14069673984.0 desc="name: 'empty_job', owner: 'system owner'"
client level=info t=572078 ev=probe stage=hitch set=ring idx=1 slot=-1 tid=0xFFFFFFFF kind=255 age=14069673984.0 desc="name: 'empty_job', owner: 'system owner'"
client level=info t=572078 ev=probe stage=hitch set=ring idx=2 slot=-1 tid=0xFFFFFFFF kind=255 age=28008339456.0 desc="name: 'empty_job', owner: 'system owner'"
client level=info t=572078 ev=probe stage=hitch set=ring idx=3 slot=-1 tid=0xFFFFFFFF kind=255 age=14069673984.0 desc="name: 'empty_job', owner: 'system owner'"
client level=info t=572078 ev=probe stage=hitch set=ring idx=4 slot=-1 tid=0xFFFFFFFF kind=255 age=28008339456.0 desc="name: 'empty_job', owner: 'system owner'"
client level=info t=572078 ev=probe stage=hitch set=ring idx=5 slot=-1 tid=0xFFFFFFFF kind=255 age=28008339456.0 desc="name: 'empty_job', owner: 'system owner'"
client level=info t=572078 ev=probe stage=hitch set=ring idx=6 slot=-1 tid=0xFFFFFFFF kind=255 age=14069673984.0 desc="name: 'empty_job', owner: 'system owner'"
client level=info t=572078 ev=probe stage=hitch set=ring idx=7 slot=-1 tid=0xFFFFFFFF kind=255 age=28008339456.0 desc="name: 'empty_job', owner: 'system owner'"
client level=info t=572078 ev=probe stage=hitch set=ring idx=8 slot=-1 tid=0xFFFFFFFF kind=255 age=28008339456.0 desc="name: 'empty_job', owner: 'system owner'"
client level=info t=572078 ev=probe stage=hitch set=ring idx=9 slot=-1 tid=0xFFFFFFFF kind=255 age=28008339456.0 desc="name: 'empty_job', owner: 'system owner'"
client level=info t=572078 ev=probe stage=hitch set=ring idx=10 slot=-1 tid=0xFFFFFFFF kind=255 age=14069673984.0 desc="name: 'empty_job', owner: 'system owner'"
client level=info t=572078 ev=probe stage=hitch set=ring idx=11 slot=-1 tid=0xFFFFFFFF kind=255 age=28008339456.0 desc="name: 'empty_job', owner: 'system owner'"
client level=info t=572078 ev=probe stage=hitch set=ring idx=12 slot=-1 tid=0xFFFFFFFF kind=255 age=14069676032.0 desc="name: 'empty_job', owner: 'system owner'"
client level=info t=572078 ev=probe stage=hitch set=ring idx=13 slot=-1 tid=0xFFFFFFFF kind=255 age=14069673984.0 desc="name: 'empty_job', owner: 'system owner'"
client level=info t=572078 ev=probe stage=hitch set=ring idx=14 slot=-1 tid=0xFFFFFFFF kind=255 age=28008339456.0 desc="name: 'empty_job', owner: 'system owner'"
client level=info t=572078 ev=probe stage=hitch set=ring idx=15 slot=-1 tid=0xFFFFFFFF kind=255 age=28008339456.0 desc="name: 'empty_job', owner: 'system owner'"
client level=info t=572078 ev=probe stage=hitch set=stack tid=0x000031D8 rip=0x7FFD69541444 rsp=0x11359FD638 window=2048
client level=info t=572078 ev=probe stage=hitch set=frames tid=0x000031D8 f0=exe+0x20D6E80 f1=exe+0x20D6E80 f2=exe+0x3550FB f3=exe+0x20D6E38 f4=exe+0x9ED23D f5=exe+0x1DC60C8 f6=exe+0x1DC60D4 f7=exe+0x1B87974
client level=info t=572078 ev=probe stage=hitch set=frames tid=0x000031D8 f8=exe+0x1DC60C8 f9=exe+0x3537B3 f10=exe+0x35ECC44 f11=exe+0x3537B3 f12=exe+0x35ECC44 f13=exe+0x35ECC44 f14=exe+0x3537B3 f15=exe+0x35ECC44
client level=info t=572625 ev=nettick stage=sample latch=0 callbacks=42288
client level=error t=572625 ev=assert stage=hit n=5632 repeat=5632 arg0=0 text=hitch detected: mainloop world controller state activity:in_world {{!38!}} job fiber:{{!0x00834002!}} phase:{{!-1!}} iteration:0x0 stalled 
client level=warn t=573438 ev=probe stage=stall result=detected idle=51110 count=42288
client level=info t=573469 ev=probe stage=stall set=stack tid=0x00003554 rip=0x7FFD69540E44 rsp=0x1132CFF388 window=2048
client level=info t=573469 ev=probe stage=stall set=frames tid=0x00003554 f0=exe+0xB54BE2 f1=exe+0x302465 f2=exe+0xB58F1F f3=exe+0x1C151D8 f4=exe+0x0 f5=exe+0xB5268C f6=exe+0x80DA9B1 f7=exe+0x48564BA
client level=info t=573469 ev=probe stage=stall set=frames tid=0x00003554 f8=exe+0x93FC7 f9=exe+0x0 f10=exe+0x1C151C8
client level=info t=573469 ev=probe stage=stall set=stack tid=0x00002778 rip=0x7FFD69544A74 rsp=0x1133DFF6D8 window=2048
client level=info t=573469 ev=probe stage=stall set=stack tid=0x0000343C rip=0x7FFD69541444 rsp=0x11345FEF18 window=2048
client level=info t=573469 ev=probe stage=stall set=frames tid=0x0000343C f0=exe+0x1681597 f1=exe+0x3B1A77 f2=exe+0x3AFF70 f3=exe+0x4F5C89E f4=exe+0x47DA9CB f5=exe+0x0 f6=exe+0x3FB1A5A f7=exe+0x69533FF
client level=info t=573469 ev=probe stage=stall set=stack tid=0x00002EC8 rip=0x7FFD69544A74 rsp=0x1134DFF7F8 window=2048
client level=info t=573469 ev=probe stage=stall set=stack tid=0x00001E18 rip=0x7FFD69540E44 rsp=0x11351FFDE8 window=512
client level=info t=573469 ev=probe stage=stall set=frames tid=0x00001E18 f0=exe+0x1280280 f1=exe+0x0 f2=exe+0x242CD10 f3=exe+0x1280201 f4=exe+0x3023E5 f5=exe+0x348061 f6=exe+0x7CB8EAA f7=exe+0x7039128
client level=info t=573469 ev=probe stage=stall set=frames tid=0x00001E18 f8=exe+0x128029D f9=exe+0x0 f10=exe+0x1280280 f11=exe+0x129869C
client level=info t=573469 ev=probe stage=stall set=stack tid=0x0000173C rip=0x7FFD69541444 rsp=0x11355F8E38 window=2048
client level=info t=573469 ev=probe stage=stall set=frames tid=0x0000173C f0=exe+0x1299FD0 f1=exe+0x7CB8EAA f2=exe+0x0 f3=exe+0x1299FD0 f4=exe+0x129A08B f5=exe+0x2F24088 f6=exe+0x2F240D4 f7=exe+0x2F23FB0
client level=info t=573469 ev=probe stage=stall set=stack tid=0x000031D8 rip=0x7FFD69541444 rsp=0x11359FD638 window=2048
client level=info t=573469 ev=probe stage=stall set=frames tid=0x000031D8 f0=exe+0x20D6E80 f1=exe+0x20D6E80 f2=exe+0x3550FB f3=exe+0x20D6E38 f4=exe+0x9ED23D f5=exe+0x1DC60C8 f6=exe+0x1DC60D4 f7=exe+0x1B87974
client level=info t=573469 ev=probe stage=stall set=frames tid=0x000031D8 f8=exe+0x1DC60C8 f9=exe+0x3537B3 f10=exe+0x35ECC44 f11=exe+0x3537B3 f12=exe+0x35ECC44 f13=exe+0x35ECC44 f14=exe+0x3537B3 f15=exe+0x35ECC44
client level=info t=573469 ev=probe stage=stall set=stack tid=0x000004E0 rip=0x7FFD69540E44 rsp=0x1135DFFC98 window=512
client level=info t=573469 ev=probe stage=stall set=frames tid=0x000004E0 f0=exe+0x2E59D30 f1=exe+0x302465 f2=exe+0x31D073 f3=exe+0x31D0BA f4=exe+0x318894 f5=exe+0x20D7A38 f6=exe+0x31B241 f7=exe+0x3537B3
client level=info t=573469 ev=probe stage=stall set=frames tid=0x000004E0 f8=exe+0x20D7A38
client level=info t=573469 ev=probe stage=stall set=stack tid=0x00001B34 rip=0x7FFD69541444 rsp=0x11361FE1B8 window=2048
client level=info t=573469 ev=probe stage=stall set=frames tid=0x00001B34 f0=exe+0x20D8680 f1=exe+0x20D8680 f2=exe+0x3550FB f3=exe+0x20D8638 f4=exe+0xC77DA f5=exe+0x1CA3448 f6=exe+0xC61B0 f7=exe+0x1DC60C8
client level=info t=573469 ev=probe stage=stall set=frames tid=0x00001B34 f8=exe+0x1DC60D4 f9=exe+0x1B87974 f10=exe+0x1DC60C8 f11=exe+0x3537B3 f12=exe+0x35ECC44 f13=exe+0x3537B3 f14=exe+0x35ECC44 f15=exe+0x35ECC44
client level=info t=573469 ev=probe stage=stall set=stack tid=0x0000427C rip=0x7FFD69540E44 rsp=0x11365FF538 window=2048
client level=info t=573469 ev=probe stage=stall set=frames tid=0x0000427C f0=exe+0x302465 f1=exe+0x31D073 f2=exe+0x31D0BA f3=exe+0x318894 f4=exe+0x20D9238 f5=exe+0x31B241 f6=exe+0x3537B3 f7=exe+0x20D9238
client level=info t=573469 ev=probe stage=stall set=frames tid=0x0000427C f8=exe+0x20D9238 f9=exe+0x353874 f10=exe+0x20D9238 f11=exe+0x20D925C f12=exe+0x3537D0 f13=exe+0x20D9238
client level=info t=573469 ev=probe stage=stall set=stack tid=0x00001188 rip=0x7FFD69540E44 rsp=0x11369FFC08 window=512
client level=info t=573469 ev=probe stage=stall set=frames tid=0x00001188 f0=exe+0x2E5B380 f1=exe+0x302465 f2=exe+0x31D073 f3=exe+0x31D0BA f4=exe+0x318894 f5=exe+0x20D9E38 f6=exe+0x31B241 f7=exe+0x3537B3
client level=info t=573469 ev=probe stage=stall set=frames tid=0x00001188 f8=exe+0x20D9E38
client level=info t=573469 ev=probe stage=stall set=stack tid=0x00004234 rip=0x7FFD69540E44 rsp=0x1136DFF618 window=2048
client level=info t=573469 ev=probe stage=stall set=frames tid=0x00004234 f0=exe+0x302465 f1=exe+0x31D073 f2=exe+0x31D0BA f3=exe+0x318894 f4=exe+0x20DAA38 f5=exe+0x31B241 f6=exe+0x3537B3 f7=exe+0x20DAA38
client level=info t=573469 ev=probe stage=stall set=frames tid=0x00004234 f8=exe+0x20DAA38 f9=exe+0x353874 f10=exe+0x20DAA38 f11=exe+0x20DAA5C f12=exe+0x3537D0 f13=exe+0x20DAA38
client level=info t=573469 ev=probe stage=stall set=stack tid=0x000037C0 rip=0x7FFD69540E44 rsp=0x11371FF918 window=1024
client level=info t=573469 ev=probe stage=stall set=frames tid=0x000037C0 f0=exe+0x302465 f1=exe+0x31D073 f2=exe+0x31D0BA f3=exe+0x318894 f4=exe+0x20EEE48 f5=exe+0x31B241 f6=exe+0x3537B3 f7=exe+0x20EEE48
client level=info t=573469 ev=probe stage=stall set=frames tid=0x000037C0 f8=exe+0x20EEE48 f9=exe+0x353874 f10=exe+0x20EEE48 f11=exe+0x20EEE6C f12=exe+0x3537D0 f13=exe+0x20EEE48
client level=info t=573469 ev=probe stage=stall set=stack tid=0x00002688 rip=0x7FFD69540E44 rsp=0x11375FFBE8 window=2048
client level=info t=573469 ev=probe stage=stall set=frames tid=0x00002688 f0=exe+0x302465 f1=exe+0x31D073 f2=exe+0x31D0BA f3=exe+0x318894 f4=exe+0x20EFA48 f5=exe+0x31B241 f6=exe+0x3537B3 f7=exe+0x20EFA48
client level=info t=573469 ev=probe stage=stall set=frames tid=0x00002688 f8=exe+0x20EFA48 f9=exe+0x353874 f10=exe+0x20EFA48 f11=exe+0x20EFA6C f12=exe+0x3537D0 f13=exe+0x20EFA48
client level=info t=573469 ev=probe stage=stall set=stack tid=0x00004AE0 rip=0x7FFD69541444 rsp=0x11379FF528 window=2048
client level=info t=573469 ev=probe stage=stall set=frames tid=0x00004AE0 f0=exe+0x1AEBDFF
client level=info t=573469 ev=probe stage=stall set=stack tid=0x00002D80 rip=0x7FFD69540E44 rsp=0x1137DFF918 window=2048
client level=info t=573469 ev=probe stage=stall set=frames tid=0x00002D80 f0=exe+0x1AE9B80
client level=info t=573469 ev=probe stage=stall set=stack tid=0x00002658 rip=0x7FFD66761344 rsp=0x11381FFBD8 window=2048
client level=info t=573469 ev=probe stage=stall set=frames tid=0x00002658 f0=exe+0x2686900 f1=exe+0x2686900 f2=exe+0x3C5F69 f3=exe+0x26869E0 f4=exe+0x26869E0 f5=exe+0x3BD893 f6=exe+0x26869E0 f7=exe+0x3BDA99
client level=info t=573469 ev=probe stage=stall set=frames tid=0x00002658 f8=exe+0x26869E0 f9=exe+0x3537B3 f10=exe+0x26869E0 f11=exe+0x353874 f12=exe+0x26869E0 f13=exe+0x2686A04 f14=exe+0x3537D0 f15=exe+0x26869E0
client level=info t=573469 ev=probe stage=stall set=stack tid=0x0000280C rip=0x7FFD66761344 rsp=0x11385FF738 window=2048
client level=info t=573469 ev=probe stage=stall set=frames tid=0x0000280C f0=exe+0x3BDA55 f1=exe+0x26869E0 f2=exe+0x26875E0 f3=exe+0x3537B3 f4=exe+0x26875E0 f5=exe+0x353874 f6=exe+0x26875E0 f7=exe+0x2687604
client level=info t=573469 ev=probe stage=stall set=frames tid=0x0000280C f8=exe+0x3537D0 f9=exe+0x26875E0
client level=info t=573469 ev=probe stage=stall set=stack tid=0x000046C0 rip=0x7FFD69540EE4 rsp=0x11389FFBA8 window=2048
client level=info t=573469 ev=probe stage=stall set=stack tid=0x000028C0 rip=0x7FFD69544A14 rsp=0x11391FF578 window=2048
client level=info t=573469 ev=probe stage=stall set=stack tid=0x00002A4C rip=0x7FFD69544A14 rsp=0x11395FFD18 window=2048
client level=info t=573469 ev=probe stage=stall set=stack tid=0x00001804 rip=0x7FFD69540E44 rsp=0x11399FF7D8 window=2048
client level=info t=573469 ev=probe stage=stall set=stack tid=0x00002DC8 rip=0x7FFD69540E44 rsp=0x1138DFFCF8 window=2048
client level=info t=573469 ev=probe stage=stall set=stack tid=0x00000EB4 rip=0x7FFD69540E44 rsp=0x1139DFF648 window=2048
client level=info t=573469 ev=probe stage=stall set=stack tid=0x00001B80 rip=0x7FFD69540E44 rsp=0x113A1FF628 window=2048
client level=info t=573469 ev=probe stage=stall set=stack tid=0x000005A4 rip=0x7FFD69540E44 rsp=0x113A5FF7D8 window=2048
client level=info t=573469 ev=probe stage=stall set=stack tid=0x00004288 rip=0x7FFD69540E44 rsp=0x113A9FF658 window=2048
client level=info t=573469 ev=probe stage=stall set=stack tid=0x000018A8 rip=0x7FFD69540E44 rsp=0x113ADFF938 window=2048
client level=info t=573469 ev=probe stage=stall set=stack tid=0x000029A8 rip=0x7FFD69540E44 rsp=0x113B1FF7D8 window=2048
client level=info t=573469 ev=probe stage=stall set=stack tid=0x0000225C rip=0x7FFD69540E44 rsp=0x113B5FF618 window=2048
client level=info t=573469 ev=probe stage=stall set=stack tid=0x00001068 rip=0x7FFD69540E44 rsp=0x113B9FF9D8 window=2048
client level=info t=573469 ev=probe stage=stall set=stack tid=0x00000D68 rip=0x7FFD69540E44 rsp=0x113BDFFBC8 window=2048
client level=info t=573469 ev=probe stage=stall set=stack tid=0x000017E0 rip=0x7FFD69544A14 rsp=0x113C1FF788 window=2048
client level=info t=573469 ev=probe stage=stall set=stack tid=0x00003A58 rip=0x7FFD69544A14 rsp=0x113C5FF528 window=2048
client level=info t=573469 ev=probe stage=stall set=stack tid=0x000023E4 rip=0x7FFD69541914 rsp=0x113CDFF418 window=2048
client level=info t=573469 ev=probe stage=stall set=stack tid=0x000006E8 rip=0x7FFD69540E44 rsp=0x113D1FFC88 window=2048
client level=info t=573469 ev=probe stage=stall set=stack tid=0x00004BAC rip=0x7FFD69540E44 rsp=0x113D5FF6C8 window=2048
client level=info t=573469 ev=probe stage=stall set=stack tid=0x000032D8 rip=0x7FFD69540E44 rsp=0x113D9FF9F8 window=2048
client level=info t=573469 ev=probe stage=stall set=stack tid=0x00001FE8 rip=0x7FFD69540E44 rsp=0x113DDFFD38 window=2048
client level=info t=573469 ev=probe stage=stall set=stack tid=0x000045A0 rip=0x7FFD69540E44 rsp=0x113E1FF6A8 window=2048
client level=info t=573469 ev=probe stage=stall set=stack tid=0x00002788 rip=0x7FFD69540E44 rsp=0x113E5FF718 window=2048
client level=info t=573469 ev=probe stage=stall set=stack tid=0x00003538 rip=0x7FFD69540E44 rsp=0x113E9FF8F8 window=2048
client level=info t=573469 ev=probe stage=stall set=stack tid=0x00000E70 rip=0x7FFD69540E44 rsp=0x113EDFFAD8 window=1024
client level=info t=573469 ev=probe stage=stall set=stack tid=0x00003508 rip=0x7FFD69541444 rsp=0x113F1FF698 window=2048
client level=info t=573469 ev=probe stage=stall set=frames tid=0x00003508 f0=exe+0x26869D0 f1=exe+0x11C7C5C f2=exe+0x2E5BEC2 f3=exe+0x3537B3 f4=exe+0x2E5BE90 f5=exe+0x2E5BE90 f6=exe+0x353874 f7=exe+0x2E5BE90
client level=info t=573469 ev=probe stage=stall set=frames tid=0x00003508 f8=exe+0x2E5BEB4 f9=exe+0x3537D0 f10=exe+0x2E5BE90
client level=info t=573469 ev=probe stage=stall set=stack tid=0x000022A4 rip=0x7FFD69540E44 rsp=0x113F5FFE08 window=2048
client level=info t=573469 ev=probe stage=stall set=frames tid=0x000022A4 f0=exe+0x2E79DE3 f1=exe+0x11DB4DB f2=exe+0x2E79DA0 f3=exe+0x3537B3 f4=exe+0x2E79DA0 f5=exe+0x353874 f6=exe+0x2E79DA0 f7=exe+0x2E79DC4
client level=info t=573469 ev=probe stage=stall set=frames tid=0x000022A4 f8=exe+0x3537D0 f9=exe+0x2E79DA0
client level=info t=573469 ev=probe stage=stall set=stack tid=0x000007E0 rip=0x7FFD69544A74 rsp=0x113FDFFB78 window=1024
client level=info t=573469 ev=probe stage=stall set=stack tid=0x00000AF0 rip=0x7FFD69540E44 rsp=0x11405FFC88 window=2048
client level=info t=573469 ev=probe stage=stall set=stack tid=0x000023C4 rip=0x7FFD69540E44 rsp=0x11409FFA58 window=2048
client level=info t=573469 ev=probe stage=stall set=stack tid=0x00003D94 rip=0x7FFD69540E44 rsp=0x1140DFF6D8 window=2048
client level=info t=573469 ev=probe stage=stall set=stack tid=0x00002150 rip=0x7FFD69540E44 rsp=0x11411FF9B8 window=2048
client level=info t=573469 ev=probe stage=stall set=stack tid=0x00000EFC rip=0x7FFD69540E44 rsp=0x11415FF7D8 window=2048
client level=info t=573469 ev=probe stage=stall set=stack tid=0x00000710 rip=0x7FFD69540E44 rsp=0x11419FFC18 window=2048
client level=info t=573469 ev=probe stage=stall set=stack tid=0x000019B8 rip=0x7FFD69540E44 rsp=0x1141DFFA78 window=2048
client level=info t=573469 ev=probe stage=stall set=stack tid=0x00002ABC rip=0x7FFD69540E44 rsp=0x11421FF828 window=2048
client level=info t=573469 ev=probe stage=stall set=stack tid=0x00000C7C rip=0x7FFD69540E44 rsp=0x11425FFA58 window=1024
client level=info t=573469 ev=probe stage=stall set=stack tid=0x000033B4 rip=0x7FFD69540E44 rsp=0x11429FFBE8 window=1024
client level=info t=573469 ev=probe stage=stall set=frames tid=0x000033B4 f0=exe+0x19F8801
client level=info t=573469 ev=probe stage=stall set=stack tid=0x00003470 rip=0x7FFD69540E44 rsp=0x1142DFF8C8 window=1024
client level=info t=573469 ev=probe stage=stall set=frames tid=0x00003470 f0=exe+0x1A07446
client level=info t=573469 ev=probe stage=stall set=stack tid=0x00002848 rip=0x7FFD69541914 rsp=0x11431FF568 window=2048
client level=info t=573469 ev=probe stage=stall set=frames tid=0x00002848 f0=exe+0x199B0E8 f1=exe+0x199B97C f2=exe+0x1A40E79 f3=exe+0x1A41E30
client level=info t=573469 ev=probe stage=stall set=stack tid=0x00002F0C rip=0x7FFD69541914 rsp=0x1143DFF7E8 window=2048
client level=info t=573469 ev=probe stage=stall set=stack tid=0x000015A4 rip=0x7FFD69540E44 rsp=0x11441FF758 window=2048
client level=info t=573469 ev=probe stage=stall set=frames tid=0x000015A4 f0=exe+0x1A914FF f1=own+0x149383 f2=exe+0x39B4FB f3=exe+0x1A8222A
client level=info t=573469 ev=probe stage=stall set=stack tid=0x00000B48 rip=0x7FFD69541914 rsp=0x11445FFA58 window=1024
client level=info t=573469 ev=probe stage=stall set=stack tid=0x00001968 rip=0x7FFD69540E44 rsp=0x11449FFB68 window=2048
client level=info t=573469 ev=probe stage=stall set=frames tid=0x00001968 f0=exe+0x0 f1=exe+0x1F15A90 f2=exe+0x0 f3=exe+0x30FE80 f4=exe+0x30FED2 f5=exe+0x30FE80 f6=exe+0x30FE80 f7=exe+0x129869C
client level=info t=573469 ev=probe stage=stall set=stack tid=0x000024C8 rip=0x7FFD69541914 rsp=0x113F9FF278 window=2048
client level=info t=573469 ev=probe stage=stall set=stack tid=0x00002E2C rip=0x7FFD69541914 rsp=0x113C9FE3B8 window=2048
client level=info t=573469 ev=probe stage=stall set=frames tid=0x00002E2C f0=exe+0x3E8155
client level=info t=573469 ev=probe stage=stall set=stack tid=0x00002CA8 rip=0x7FFD69541444 rsp=0x11451FFAD8 window=2048
client level=info t=573469 ev=probe stage=stall set=frames tid=0x00002CA8 f0=own+0x695A60 f1=own+0x679AE8 f2=own+0x679AC8 f3=own+0x679AC8 f4=own+0x679AE8 f5=own+0x1DA83B f6=own+0x679AC8 f7=own+0x679AE8
client level=info t=573469 ev=probe stage=stall set=stack tid=0x000039A0 rip=0x7FFD69541444 rsp=0x11459FF868 window=2048
client level=info t=573469 ev=probe stage=stall set=frames tid=0x000039A0 f0=exe+0x31DA0A0 f1=exe+0x173A58B f2=exe+0x31DA5A0 f3=exe+0x3537B3 f4=exe+0x31DA5A0 f5=exe+0x353874 f6=exe+0x31DA5A0 f7=exe+0x31DA5C4
client level=info t=573469 ev=probe stage=stall set=frames tid=0x000039A0 f8=exe+0x3537D0 f9=exe+0x31DA5A0
client level=info t=573469 ev=probe stage=stall set=stack tid=0x000027C4 rip=0x7FFD69544A14 rsp=0x11439FF978 window=2048
client level=info t=573469 ev=probe stage=stall set=stack tid=0x00001184 rip=0x7FFD69541914 rsp=0x1145DFF798 window=2048
client level=info t=573469 ev=probe stage=stall set=stack tid=0x00002B98 rip=0x7FFD69544A14 rsp=0x11461FEE88 window=2048
client level=info t=573469 ev=probe stage=stall set=frames tid=0x00002B98 f0=exe+0x7C97F8 f1=exe+0x294B57 f2=exe+0x0 f3=exe+0x91790 f4=exe+0x0 f5=exe+0x91790
client level=info t=573469 ev=probe stage=stall set=stack tid=0x00000BD0 rip=0x7FFD69544A14 rsp=0x11465FF008 window=2048
client level=info t=573469 ev=probe stage=stall set=frames tid=0x00000BD0 f0=exe+0x7C97F8 f1=exe+0x294B57 f2=exe+0x0 f3=exe+0x91790 f4=exe+0x0 f5=exe+0x91790
client level=info t=573469 ev=probe stage=stall set=stack tid=0x000027F0 rip=0x7FFD69544A14 rsp=0x11469FEB98 window=2048
client level=info t=573469 ev=probe stage=stall set=frames tid=0x000027F0 f0=exe+0x7C97F8 f1=exe+0x294B57 f2=exe+0x0 f3=exe+0x91790 f4=exe+0x0 f5=exe+0x91790
client level=info t=573469 ev=probe stage=stall set=stack tid=0x00000AE8 rip=0x7FFD69541914 rsp=0x1146DFF4D8 window=2048
client level=info t=573469 ev=probe stage=stall set=stack tid=0x00001AD4 rip=0x7FFD69544A14 rsp=0x11471FF8E8 window=2048
client level=info t=573469 ev=probe stage=stall set=stack tid=0x0000423C rip=0x7FFD69544A14 rsp=0x11475FF788 window=2048
client level=info t=573469 ev=probe stage=stall set=stack tid=0x000033AC rip=0x7FFD69544A14 rsp=0x11479FF568 window=2048
client level=info t=573469 ev=probe stage=stall set=stack tid=0x00001AA8 rip=0x7FFD69544A14 rsp=0x1147DFF798 window=2048
client level=info t=573469 ev=probe stage=stall set=stack tid=0x00002350 rip=0x7FFD69541914 rsp=0x11481FF268 window=2048
client level=info t=573469 ev=probe stage=stall set=stack tid=0x00002DEC rip=0x7FFD69541914 rsp=0x11485FF2E8 window=2048
client level=info t=573469 ev=probe stage=stall set=stack tid=0x00000720 rip=0x7FFD69544A14 rsp=0x11489FF708 window=2048
client level=info t=573469 ev=probe stage=stall set=stack tid=0x00000B0C rip=0x7FFD69541914 rsp=0x1148DFF0C8 window=2048
client level=info t=573469 ev=probe stage=stall set=stack tid=0x00001B14 rip=0x7FFD69544A14 rsp=0x11491FF998 window=2048
client level=info t=573469 ev=probe stage=stall set=stack tid=0x000025BC rip=0x7FFD69541914 rsp=0x11495FEFA8 window=2048
client level=info t=573469 ev=probe stage=stall set=stack tid=0x00003B4C rip=0x7FFD69544A14 rsp=0x11499FFA38 window=2048
client level=info t=573469 ev=probe stage=stall set=stack tid=0x00000A58 rip=0x7FFD69541914 rsp=0x1149DFF378 window=2048
client level=info t=573469 ev=probe stage=stall set=stack tid=0x00002C30 rip=0x7FFD69544A14 rsp=0x114A1FF748 window=2048
client level=info t=573469 ev=probe stage=stall set=stack tid=0x000009EC rip=0x7FFD69544A14 rsp=0x114A5FFAB8 window=1024
client level=info t=573469 ev=probe stage=stall set=stack tid=0x00004EE0 rip=0x7FFD69541914 rsp=0x11455FF478 window=2048
client level=info t=573469 ev=probe stage=stall set=stack tid=0x00002CF4 rip=0x7FFD69544A74 rsp=0x11331FF5A8 window=2048
client level=info t=573469 ev=probe stage=stall set=stack tid=0x00001914 rip=0x7FFD69540EE4 rsp=0x11335FF9C8 window=2048
client level=info t=573469 ev=probe stage=stall set=stack tid=0x000005C4 rip=0x7FFD69544A74 rsp=0x11339FF878 window=2048
client level=info t=575406 ev=nettick stage=sample latch=0 callbacks=42288
client level=error t=575406 ev=assert stage=hit n=6144 repeat=6144 arg0=0 text=hitch detected: mainloop world controller state activity:in_world {{!38!}} job fiber:{{!0x00834002!}} phase:{{!-1!}} iteration:0x0 stalled 
client level=info t=578188 ev=nettick stage=sample latch=0 callbacks=42288
client level=error t=578188 ev=assert stage=hit n=6656 repeat=6656 arg0=0 text=hitch detected: mainloop world controller state activity:in_world {{!38!}} job fiber:{{!0x00834002!}} phase:{{!-1!}} iteration:0x0 stalled 
client level=info t=580969 ev=nettick stage=sample latch=0 callbacks=42288
client level=error t=580969 ev=assert stage=hit n=7168 repeat=7168 arg0=0 text=hitch detected: mainloop world controller state activity:in_world {{!38!}} job fiber:{{!0x00834002!}} phase:{{!-1!}} iteration:0x0 stalled 
client level=info t=582078 ev=probe stage=hitch step=38 dur=0 gate=0 fa=0x00834000 fa_idle=0 fb=0x00834001 fb_idle=0 fc=0x00834002 fc_idle=0
client level=info t=582078 ev=probe stage=hitch set=wait idx=0 slot=0 tid=0x000031D8 kind=4 age=59995.4 desc="name: 'render_globals_update_and_setup_cascade_shadow_views_job', owner: 'system owner'"
client level=info t=582078 ev=probe stage=hitch set=wait idx=2 slot=2 tid=0x00001B34 kind=4 age=60007.2 desc="fiber:{{!0x00834002!}} phase:{{!-1!}} iteration:0x0"
client level=info t=582078 ev=probe stage=hitch set=ring idx=0 slot=-1 tid=0xFFFFFFFF kind=255 age=14069673984.0 desc="name: 'empty_job', owner: 'system owner'"
client level=info t=582078 ev=probe stage=hitch set=ring idx=1 slot=-1 tid=0xFFFFFFFF kind=255 age=14069673984.0 desc="name: 'empty_job', owner: 'system owner'"
client level=info t=582078 ev=probe stage=hitch set=ring idx=2 slot=-1 tid=0xFFFFFFFF kind=255 age=28008339456.0 desc="name: 'empty_job', owner: 'system owner'"
client level=info t=582078 ev=probe stage=hitch set=ring idx=3 slot=-1 tid=0xFFFFFFFF kind=255 age=14069673984.0 desc="name: 'empty_job', owner: 'system owner'"
client level=info t=582078 ev=probe stage=hitch set=ring idx=4 slot=-1 tid=0xFFFFFFFF kind=255 age=28008339456.0 desc="name: 'empty_job', owner: 'system owner'"
client level=info t=582078 ev=probe stage=hitch set=ring idx=5 slot=-1 tid=0xFFFFFFFF kind=255 age=28008339456.0 desc="name: 'empty_job', owner: 'system owner'"
client level=info t=582078 ev=probe stage=hitch set=ring idx=6 slot=-1 tid=0xFFFFFFFF kind=255 age=14069673984.0 desc="name: 'empty_job', owner: 'system owner'"
client level=info t=582078 ev=probe stage=hitch set=ring idx=7 slot=-1 tid=0xFFFFFFFF kind=255 age=28008339456.0 desc="name: 'empty_job', owner: 'system owner'"
client level=info t=582078 ev=probe stage=hitch set=ring idx=8 slot=-1 tid=0xFFFFFFFF kind=255 age=28008339456.0 desc="name: 'empty_job', owner: 'system owner'"
client level=info t=582078 ev=probe stage=hitch set=ring idx=9 slot=-1 tid=0xFFFFFFFF kind=255 age=28008339456.0 desc="name: 'empty_job', owner: 'system owner'"
client level=info t=582078 ev=probe stage=hitch set=ring idx=10 slot=-1 tid=0xFFFFFFFF kind=255 age=14069673984.0 desc="name: 'empty_job', owner: 'system owner'"
client level=info t=582078 ev=probe stage=hitch set=ring idx=11 slot=-1 tid=0xFFFFFFFF kind=255 age=28008339456.0 desc="name: 'empty_job', owner: 'system owner'"
client level=info t=582078 ev=probe stage=hitch set=ring idx=12 slot=-1 tid=0xFFFFFFFF kind=255 age=14069676032.0 desc="name: 'empty_job', owner: 'system owner'"
client level=info t=582078 ev=probe stage=hitch set=ring idx=13 slot=-1 tid=0xFFFFFFFF kind=255 age=14069673984.0 desc="name: 'empty_job', owner: 'system owner'"
client level=info t=582078 ev=probe stage=hitch set=ring idx=14 slot=-1 tid=0xFFFFFFFF kind=255 age=28008339456.0 desc="name: 'empty_job', owner: 'system owner'"
client level=info t=582078 ev=probe stage=hitch set=ring idx=15 slot=-1 tid=0xFFFFFFFF kind=255 age=28008339456.0 desc="name: 'empty_job', owner: 'system owner'"
client level=info t=582078 ev=probe stage=hitch set=stack tid=0x000031D8 rip=0x7FFD69541444 rsp=0x11359FD638 window=2048
client level=info t=582078 ev=probe stage=hitch set=frames tid=0x000031D8 f0=exe+0x20D6E80 f1=exe+0x20D6E80 f2=exe+0x3550FB f3=exe+0x20D6E38 f4=exe+0x9ED23D f5=exe+0x1DC60C8 f6=exe+0x1DC60D4 f7=exe+0x1B87974
client level=info t=582078 ev=probe stage=hitch set=frames tid=0x000031D8 f8=exe+0x1DC60C8 f9=exe+0x3537B3 f10=exe+0x35ECC44 f11=exe+0x3537B3 f12=exe+0x35ECC44 f13=exe+0x35ECC44 f14=exe+0x3537B3 f15=exe+0x35ECC44
client level=info t=583750 ev=nettick stage=sample latch=0 callbacks=42288
client level=error t=583750 ev=assert stage=hit n=7680 repeat=7680 arg0=0 text=hitch detected: mainloop world controller state activity:in_world {{!38!}} job fiber:{{!0x00834002!}} phase:{{!-1!}} iteration:0x0 stalled 
client level=info t=586516 ev=nettick stage=sample latch=0 callbacks=42288
client level=error t=586516 ev=assert stage=hit n=8192 repeat=8192 arg0=0 text=hitch detected: mainloop world controller state activity:in_world {{!38!}} job fiber:{{!0x00834002!}} phase:{{!-1!}} iteration:0x0 stalled 
client level=warn t=588485 ev=probe stage=stall result=detected idle=66157 count=42288
client level=info t=588500 ev=probe stage=stall set=stack tid=0x00003554 rip=0x7FFD69540E44 rsp=0x1132CFF388 window=2048
client level=info t=588500 ev=probe stage=stall set=frames tid=0x00003554 f0=exe+0xB54BE2 f1=exe+0x302465 f2=exe+0xB58F1F f3=exe+0x1C151D8 f4=exe+0x0 f5=exe+0xB5268C f6=exe+0x80DA9B1 f7=exe+0x48564BA
client level=info t=588500 ev=probe stage=stall set=frames tid=0x00003554 f8=exe+0x93FC7 f9=exe+0x0 f10=exe+0x1C151C8
client level=info t=588500 ev=probe stage=stall set=stack tid=0x00002778 rip=0x7FFD69544A74 rsp=0x1133DFF6D8 window=2048
client level=info t=588500 ev=probe stage=stall set=stack tid=0x0000343C rip=0x7FFD69541444 rsp=0x11345FEF18 window=2048
client level=info t=588500 ev=probe stage=stall set=frames tid=0x0000343C f0=exe+0x4A0E8F4 f1=exe+0x3B1A77 f2=exe+0x3AFF70 f3=exe+0x4F5C89E f4=exe+0x47DA9CB f5=exe+0x0 f6=exe+0x3FB1A5A f7=exe+0x69533FF
client level=info t=588500 ev=probe stage=stall set=stack tid=0x00002EC8 rip=0x7FFD69544A74 rsp=0x1134DFF7F8 window=2048
client level=info t=588500 ev=probe stage=stall set=stack tid=0x00001E18 rip=0x7FFD69540E44 rsp=0x11351FFDE8 window=512
client level=info t=588500 ev=probe stage=stall set=frames tid=0x00001E18 f0=exe+0x1280280 f1=exe+0x0 f2=exe+0x242CD10 f3=exe+0x1280201 f4=exe+0x3023E5 f5=exe+0x348061 f6=exe+0x7CB8EAA f7=exe+0x7039128
client level=info t=588500 ev=probe stage=stall set=frames tid=0x00001E18 f8=exe+0x128029D f9=exe+0x0 f10=exe+0x1280280 f11=exe+0x129869C
client level=info t=588500 ev=probe stage=stall set=stack tid=0x0000173C rip=0x7FFD69541444 rsp=0x11355F8E38 window=2048
client level=info t=588500 ev=probe stage=stall set=frames tid=0x0000173C f0=exe+0x1299FD0 f1=exe+0x7CB8EAA f2=exe+0x0 f3=exe+0x1299FD0 f4=exe+0x129A08B f5=exe+0x2F24088 f6=exe+0x2F240D4 f7=exe+0x2F23FB0
client level=info t=588500 ev=probe stage=stall set=stack tid=0x000031D8 rip=0x7FFD69541444 rsp=0x11359FD638 window=2048
client level=info t=588500 ev=probe stage=stall set=frames tid=0x000031D8 f0=exe+0x20D6E80 f1=exe+0x20D6E80 f2=exe+0x3550FB f3=exe+0x20D6E38 f4=exe+0x9ED23D f5=exe+0x1DC60C8 f6=exe+0x1DC60D4 f7=exe+0x1B87974
client level=info t=588500 ev=probe stage=stall set=frames tid=0x000031D8 f8=exe+0x1DC60C8 f9=exe+0x3537B3 f10=exe+0x35ECC44 f11=exe+0x3537B3 f12=exe+0x35ECC44 f13=exe+0x35ECC44 f14=exe+0x3537B3 f15=exe+0x35ECC44
client level=info t=588500 ev=probe stage=stall set=stack tid=0x000004E0 rip=0x7FFD69540E44 rsp=0x1135DFFC98 window=512
client level=info t=588500 ev=probe stage=stall set=frames tid=0x000004E0 f0=exe+0x2E59D30 f1=exe+0x302465 f2=exe+0x31D073 f3=exe+0x31D0BA f4=exe+0x318894 f5=exe+0x20D7A38 f6=exe+0x31B241 f7=exe+0x3537B3
client level=info t=588500 ev=probe stage=stall set=frames tid=0x000004E0 f8=exe+0x20D7A38
client level=info t=588500 ev=probe stage=stall set=stack tid=0x00001B34 rip=0x7FFD69541444 rsp=0x11361FE1B8 window=2048
client level=info t=588500 ev=probe stage=stall set=frames tid=0x00001B34 f0=exe+0x20D8680 f1=exe+0x20D8680 f2=exe+0x3550FB f3=exe+0x20D8638 f4=exe+0xC77DA f5=exe+0x1CA3448 f6=exe+0xC61B0 f7=exe+0x1DC60C8
client level=info t=588500 ev=probe stage=stall set=frames tid=0x00001B34 f8=exe+0x1DC60D4 f9=exe+0x1B87974 f10=exe+0x1DC60C8 f11=exe+0x3537B3 f12=exe+0x35ECC44 f13=exe+0x3537B3 f14=exe+0x35ECC44 f15=exe+0x35ECC44
client level=info t=588500 ev=probe stage=stall set=stack tid=0x0000427C rip=0x7FFD69540E44 rsp=0x11365FF538 window=2048
client level=info t=588500 ev=probe stage=stall set=frames tid=0x0000427C f0=exe+0x302465 f1=exe+0x31D073 f2=exe+0x31D0BA f3=exe+0x318894 f4=exe+0x20D9238 f5=exe+0x31B241 f6=exe+0x3537B3 f7=exe+0x20D9238
client level=info t=588500 ev=probe stage=stall set=frames tid=0x0000427C f8=exe+0x20D9238 f9=exe+0x353874 f10=exe+0x20D9238 f11=exe+0x20D925C f12=exe+0x3537D0 f13=exe+0x20D9238
client level=info t=588500 ev=probe stage=stall set=stack tid=0x00001188 rip=0x7FFD69540E44 rsp=0x11369FFC08 window=512
client level=info t=588500 ev=probe stage=stall set=frames tid=0x00001188 f0=exe+0x2E5B380 f1=exe+0x302465 f2=exe+0x31D073 f3=exe+0x31D0BA f4=exe+0x318894 f5=exe+0x20D9E38 f6=exe+0x31B241 f7=exe+0x3537B3
client level=info t=588500 ev=probe stage=stall set=frames tid=0x00001188 f8=exe+0x20D9E38
client level=info t=588500 ev=probe stage=stall set=stack tid=0x00004234 rip=0x7FFD69540E44 rsp=0x1136DFF618 window=2048
client level=info t=588500 ev=probe stage=stall set=frames tid=0x00004234 f0=exe+0x302465 f1=exe+0x31D073 f2=exe+0x31D0BA f3=exe+0x318894 f4=exe+0x20DAA38 f5=exe+0x31B241 f6=exe+0x3537B3 f7=exe+0x20DAA38
client level=info t=588500 ev=probe stage=stall set=frames tid=0x00004234 f8=exe+0x20DAA38 f9=exe+0x353874 f10=exe+0x20DAA38 f11=exe+0x20DAA5C f12=exe+0x3537D0 f13=exe+0x20DAA38
client level=info t=588500 ev=probe stage=stall set=stack tid=0x000037C0 rip=0x7FFD69540E44 rsp=0x11371FF918 window=1024
client level=info t=588500 ev=probe stage=stall set=frames tid=0x000037C0 f0=exe+0x302465 f1=exe+0x31D073 f2=exe+0x31D0BA f3=exe+0x318894 f4=exe+0x20EEE48 f5=exe+0x31B241 f6=exe+0x3537B3 f7=exe+0x20EEE48
client level=info t=588500 ev=probe stage=stall set=frames tid=0x000037C0 f8=exe+0x20EEE48 f9=exe+0x353874 f10=exe+0x20EEE48 f11=exe+0x20EEE6C f12=exe+0x3537D0 f13=exe+0x20EEE48
client level=info t=588500 ev=probe stage=stall set=stack tid=0x00002688 rip=0x7FFD69540E44 rsp=0x11375FFBE8 window=2048
client level=info t=588500 ev=probe stage=stall set=frames tid=0x00002688 f0=exe+0x302465 f1=exe+0x31D073 f2=exe+0x31D0BA f3=exe+0x318894 f4=exe+0x20EFA48 f5=exe+0x31B241 f6=exe+0x3537B3 f7=exe+0x20EFA48
client level=info t=588500 ev=probe stage=stall set=frames tid=0x00002688 f8=exe+0x20EFA48 f9=exe+0x353874 f10=exe+0x20EFA48 f11=exe+0x20EFA6C f12=exe+0x3537D0 f13=exe+0x20EFA48
client level=info t=588500 ev=probe stage=stall set=stack tid=0x00004AE0 rip=0x7FFD69541444 rsp=0x11379FF528 window=2048
client level=info t=588500 ev=probe stage=stall set=frames tid=0x00004AE0 f0=exe+0x1AEBDFF
client level=info t=588500 ev=probe stage=stall set=stack tid=0x00002D80 rip=0x7FFD69540E44 rsp=0x1137DFF918 window=2048
client level=info t=588500 ev=probe stage=stall set=frames tid=0x00002D80 f0=exe+0x1AE9B80
client level=info t=588500 ev=probe stage=stall set=stack tid=0x00002658 rip=0x7FFD66761344 rsp=0x11381FFBD8 window=2048
client level=info t=588500 ev=probe stage=stall set=frames tid=0x00002658 f0=exe+0x2686900 f1=exe+0x2686900 f2=exe+0x3C5F69 f3=exe+0x26869E0 f4=exe+0x26869E0 f5=exe+0x3BD893 f6=exe+0x26869E0 f7=exe+0x3BDA99
client level=info t=588500 ev=probe stage=stall set=frames tid=0x00002658 f8=exe+0x26869E0 f9=exe+0x3537B3 f10=exe+0x26869E0 f11=exe+0x353874 f12=exe+0x26869E0 f13=exe+0x2686A04 f14=exe+0x3537D0 f15=exe+0x26869E0
client level=info t=588500 ev=probe stage=stall set=stack tid=0x0000280C rip=0x7FFD66761344 rsp=0x11385FF738 window=2048
client level=info t=588500 ev=probe stage=stall set=frames tid=0x0000280C f0=exe+0x3BDA55 f1=exe+0x26869E0 f2=exe+0x26875E0 f3=exe+0x3537B3 f4=exe+0x26875E0 f5=exe+0x353874 f6=exe+0x26875E0 f7=exe+0x2687604
client level=info t=588500 ev=probe stage=stall set=frames tid=0x0000280C f8=exe+0x3537D0 f9=exe+0x26875E0
client level=info t=588500 ev=probe stage=stall set=stack tid=0x000046C0 rip=0x7FFD69540EE4 rsp=0x11389FFBA8 window=2048
client level=info t=588500 ev=probe stage=stall set=stack tid=0x000028C0 rip=0x7FFD69544A14 rsp=0x11391FF578 window=2048
client level=info t=588500 ev=probe stage=stall set=stack tid=0x00002A4C rip=0x7FFD69544A14 rsp=0x11395FFD18 window=2048
client level=info t=588500 ev=probe stage=stall set=stack tid=0x00001804 rip=0x7FFD69540E44 rsp=0x11399FF7D8 window=2048
client level=info t=588500 ev=probe stage=stall set=stack tid=0x00002DC8 rip=0x7FFD69540E44 rsp=0x1138DFFCF8 window=2048
client level=info t=588500 ev=probe stage=stall set=stack tid=0x00000EB4 rip=0x7FFD69540E44 rsp=0x1139DFF648 window=2048
client level=info t=588500 ev=probe stage=stall set=stack tid=0x00001B80 rip=0x7FFD69540E44 rsp=0x113A1FF628 window=2048
client level=info t=588500 ev=probe stage=stall set=stack tid=0x000005A4 rip=0x7FFD69540E44 rsp=0x113A5FF7D8 window=2048
client level=info t=588500 ev=probe stage=stall set=stack tid=0x00004288 rip=0x7FFD69540E44 rsp=0x113A9FF658 window=2048
client level=info t=588500 ev=probe stage=stall set=stack tid=0x000018A8 rip=0x7FFD69540E44 rsp=0x113ADFF938 window=2048
client level=info t=588500 ev=probe stage=stall set=stack tid=0x000029A8 rip=0x7FFD69540E44 rsp=0x113B1FF7D8 window=2048
client level=info t=588500 ev=probe stage=stall set=stack tid=0x0000225C rip=0x7FFD69540E44 rsp=0x113B5FF618 window=2048
client level=info t=588500 ev=probe stage=stall set=stack tid=0x00001068 rip=0x7FFD69540E44 rsp=0x113B9FF9D8 window=2048
client level=info t=588500 ev=probe stage=stall set=stack tid=0x00000D68 rip=0x7FFD69540E44 rsp=0x113BDFFBC8 window=2048
client level=info t=588500 ev=probe stage=stall set=stack tid=0x000017E0 rip=0x7FFD69544A14 rsp=0x113C1FF788 window=2048
client level=info t=588500 ev=probe stage=stall set=stack tid=0x00003A58 rip=0x7FFD69544A14 rsp=0x113C5FF528 window=2048
client level=info t=588500 ev=probe stage=stall set=stack tid=0x000023E4 rip=0x7FFD69541914 rsp=0x113CDFF418 window=2048
client level=info t=588500 ev=probe stage=stall set=stack tid=0x000006E8 rip=0x7FFD69540E44 rsp=0x113D1FFC88 window=2048
client level=info t=588500 ev=probe stage=stall set=stack tid=0x00004BAC rip=0x7FFD69540E44 rsp=0x113D5FF6C8 window=2048
client level=info t=588500 ev=probe stage=stall set=stack tid=0x000032D8 rip=0x7FFD69540E44 rsp=0x113D9FF9F8 window=2048
client level=info t=588500 ev=probe stage=stall set=stack tid=0x00001FE8 rip=0x7FFD69540E44 rsp=0x113DDFFD38 window=2048
client level=info t=588500 ev=probe stage=stall set=stack tid=0x000045A0 rip=0x7FFD69540E44 rsp=0x113E1FF6A8 window=2048
client level=info t=588500 ev=probe stage=stall set=stack tid=0x00002788 rip=0x7FFD69540E44 rsp=0x113E5FF718 window=2048
client level=info t=588500 ev=probe stage=stall set=stack tid=0x00003538 rip=0x7FFD69540E44 rsp=0x113E9FF8F8 window=2048
client level=info t=588500 ev=probe stage=stall set=stack tid=0x00000E70 rip=0x7FFD69540E44 rsp=0x113EDFFAD8 window=1024
client level=info t=588500 ev=probe stage=stall set=stack tid=0x00003508 rip=0x7FFD69541444 rsp=0x113F1FF698 window=2048
client level=info t=588500 ev=probe stage=stall set=frames tid=0x00003508 f0=exe+0x26869D0 f1=exe+0x11C7C5C f2=exe+0x2E5BEC2 f3=exe+0x3537B3 f4=exe+0x2E5BE90 f5=exe+0x2E5BE90 f6=exe+0x353874 f7=exe+0x2E5BE90
client level=info t=588500 ev=probe stage=stall set=frames tid=0x00003508 f8=exe+0x2E5BEB4 f9=exe+0x3537D0 f10=exe+0x2E5BE90
client level=info t=588500 ev=probe stage=stall set=stack tid=0x000022A4 rip=0x7FFD69540E44 rsp=0x113F5FFE08 window=2048
client level=info t=588500 ev=probe stage=stall set=frames tid=0x000022A4 f0=exe+0x2E79DE3 f1=exe+0x11DB4DB f2=exe+0x2E79DA0 f3=exe+0x3537B3 f4=exe+0x2E79DA0 f5=exe+0x353874 f6=exe+0x2E79DA0 f7=exe+0x2E79DC4
client level=info t=588500 ev=probe stage=stall set=frames tid=0x000022A4 f8=exe+0x3537D0 f9=exe+0x2E79DA0
client level=info t=588500 ev=probe stage=stall set=stack tid=0x000007E0 rip=0x7FFD69544A74 rsp=0x113FDFFB78 window=1024
client level=info t=588500 ev=probe stage=stall set=stack tid=0x00000AF0 rip=0x7FFD69540E44 rsp=0x11405FFC88 window=2048
client level=info t=588500 ev=probe stage=stall set=stack tid=0x000023C4 rip=0x7FFD69540E44 rsp=0x11409FFA58 window=2048
client level=info t=588500 ev=probe stage=stall set=stack tid=0x00003D94 rip=0x7FFD69540E44 rsp=0x1140DFF6D8 window=2048
client level=info t=588500 ev=probe stage=stall set=stack tid=0x00002150 rip=0x7FFD69540E44 rsp=0x11411FF9B8 window=2048
client level=info t=588500 ev=probe stage=stall set=stack tid=0x00000EFC rip=0x7FFD69540E44 rsp=0x11415FF7D8 window=2048
client level=info t=588500 ev=probe stage=stall set=stack tid=0x00000710 rip=0x7FFD69540E44 rsp=0x11419FFC18 window=2048
client level=info t=588500 ev=probe stage=stall set=stack tid=0x000019B8 rip=0x7FFD69540E44 rsp=0x1141DFFA78 window=2048
client level=info t=588500 ev=probe stage=stall set=stack tid=0x00002ABC rip=0x7FFD69540E44 rsp=0x11421FF828 window=2048
client level=info t=588500 ev=probe stage=stall set=stack tid=0x00000C7C rip=0x7FFD69540E44 rsp=0x11425FFA58 window=1024
client level=info t=588500 ev=probe stage=stall set=stack tid=0x000033B4 rip=0x7FFD69540E44 rsp=0x11429FFBE8 window=1024
client level=info t=588500 ev=probe stage=stall set=frames tid=0x000033B4 f0=exe+0x19F8801
client level=info t=588500 ev=probe stage=stall set=stack tid=0x00003470 rip=0x7FFD69540E44 rsp=0x1142DFF8C8 window=1024
client level=info t=588500 ev=probe stage=stall set=frames tid=0x00003470 f0=exe+0x1A07446
client level=info t=588500 ev=probe stage=stall set=stack tid=0x00002848 rip=0x7FFD69541914 rsp=0x11431FF568 window=2048
client level=info t=588500 ev=probe stage=stall set=frames tid=0x00002848 f0=exe+0x199B0E8 f1=exe+0x199B97C f2=exe+0x1A40E79 f3=exe+0x1A41E30
client level=info t=588500 ev=probe stage=stall set=stack tid=0x00002F0C rip=0x7FFD69541914 rsp=0x1143DFF7E8 window=2048
client level=info t=588500 ev=probe stage=stall set=stack tid=0x000015A4 rip=0x7FFD69540E44 rsp=0x11441FF758 window=2048
client level=info t=588500 ev=probe stage=stall set=frames tid=0x000015A4 f0=exe+0x1A914FF f1=own+0x149383 f2=exe+0x39B4FB f3=exe+0x1A8222A
client level=info t=588500 ev=probe stage=stall set=stack tid=0x00000B48 rip=0x7FFD69541914 rsp=0x11445FFA58 window=1024
client level=info t=588500 ev=probe stage=stall set=stack tid=0x00001968 rip=0x7FFD69540E44 rsp=0x11449FFB68 window=2048
client level=info t=588500 ev=probe stage=stall set=frames tid=0x00001968 f0=exe+0x0 f1=exe+0x1F15A90 f2=exe+0x0 f3=exe+0x30FE80 f4=exe+0x30FED2 f5=exe+0x30FE80 f6=exe+0x30FE80 f7=exe+0x129869C
client level=info t=588500 ev=probe stage=stall set=stack tid=0x000024C8 rip=0x7FFD69541914 rsp=0x113F9FF278 window=2048
client level=info t=588500 ev=probe stage=stall set=stack tid=0x00002E2C rip=0x7FFD69541914 rsp=0x113C9FE3B8 window=2048
client level=info t=588500 ev=probe stage=stall set=frames tid=0x00002E2C f0=exe+0x3E8155
client level=info t=588500 ev=probe stage=stall set=stack tid=0x00002CA8 rip=own+0x489792 rsp=0x114519E4A0 window=2048
client level=info t=588500 ev=probe stage=stall set=frames tid=0x00002CA8 f0=own+0x7BF9DA0 f1=own+0x513494 f2=own+0x7BF9DB0 f3=own+0x489715 f4=own+0x7BF9DA0 f5=own+0x488518 f6=own+0x7BF9D00 f7=own+0x488460
client level=info t=588500 ev=probe stage=stall set=frames tid=0x00002CA8 f8=own+0x488460 f9=own+0x7BF9DA0 f10=own+0x4BC5C2 f11=own+0x7BF9DB0 f12=own+0x4BCB6C f13=own+0x7BF9DA0 f14=own+0x679AC8 f15=own+0x679AE8
client level=info t=588500 ev=probe stage=stall set=stack tid=0x000039A0 rip=0x7FFD69541444 rsp=0x11459FF868 window=2048
client level=info t=588500 ev=probe stage=stall set=frames tid=0x000039A0 f0=exe+0x31DA0A0 f1=exe+0x173A58B f2=exe+0x31DA5A0 f3=exe+0x3537B3 f4=exe+0x31DA5A0 f5=exe+0x353874 f6=exe+0x31DA5A0 f7=exe+0x31DA5C4
client level=info t=588500 ev=probe stage=stall set=frames tid=0x000039A0 f8=exe+0x3537D0 f9=exe+0x31DA5A0
client level=info t=588500 ev=probe stage=stall set=stack tid=0x000027C4 rip=0x7FFD69544A14 rsp=0x11439FF978 window=2048
client level=info t=588500 ev=probe stage=stall set=stack tid=0x00001184 rip=0x7FFD69541914 rsp=0x1145DFF798 window=2048
client level=info t=588500 ev=probe stage=stall set=stack tid=0x00002B98 rip=0x7FFD69544A14 rsp=0x11461FEE88 window=2048
client level=info t=588500 ev=probe stage=stall set=frames tid=0x00002B98 f0=exe+0x7C97F8 f1=exe+0x294B57 f2=exe+0x0 f3=exe+0x91790 f4=exe+0x0 f5=exe+0x91790
client level=info t=588500 ev=probe stage=stall set=stack tid=0x00000BD0 rip=0x7FFD69544A14 rsp=0x11465FF008 window=2048
client level=info t=588500 ev=probe stage=stall set=frames tid=0x00000BD0 f0=exe+0x7C97F8 f1=exe+0x294B57 f2=exe+0x0 f3=exe+0x91790 f4=exe+0x0 f5=exe+0x91790
client level=info t=588500 ev=probe stage=stall set=stack tid=0x000027F0 rip=0x7FFD69544A14 rsp=0x11469FEB98 window=2048
client level=info t=588500 ev=probe stage=stall set=frames tid=0x000027F0 f0=exe+0x7C97F8 f1=exe+0x294B57 f2=exe+0x0 f3=exe+0x91790 f4=exe+0x0 f5=exe+0x91790
client level=info t=588500 ev=probe stage=stall set=stack tid=0x00000AE8 rip=0x7FFD69541914 rsp=0x1146DFF4D8 window=2048
client level=info t=588500 ev=probe stage=stall set=stack tid=0x00001AD4 rip=0x7FFD69544A14 rsp=0x11471FF8E8 window=2048
client level=info t=588500 ev=probe stage=stall set=stack tid=0x0000423C rip=0x7FFD69544A14 rsp=0x11475FF788 window=2048
client level=info t=588500 ev=probe stage=stall set=stack tid=0x000033AC rip=0x7FFD69544A14 rsp=0x11479FF568 window=2048
client level=info t=588500 ev=probe stage=stall set=stack tid=0x00001AA8 rip=0x7FFD69544A14 rsp=0x1147DFF798 window=2048
client level=info t=588500 ev=probe stage=stall set=stack tid=0x00002350 rip=0x7FFD69541914 rsp=0x11481FF268 window=2048
client level=info t=588500 ev=probe stage=stall set=stack tid=0x00002DEC rip=0x7FFD69541914 rsp=0x11485FF2E8 window=2048
client level=info t=588500 ev=probe stage=stall set=stack tid=0x00000720 rip=0x7FFD69544A14 rsp=0x11489FF708 window=2048
client level=info t=588500 ev=probe stage=stall set=stack tid=0x00000B0C rip=0x7FFD69541914 rsp=0x1148DFF0C8 window=2048
client level=info t=588500 ev=probe stage=stall set=stack tid=0x00001B14 rip=0x7FFD69544A14 rsp=0x11491FF998 window=2048
client level=info t=588500 ev=probe stage=stall set=stack tid=0x000025BC rip=0x7FFD69541914 rsp=0x11495FEFA8 window=2048
client level=info t=588500 ev=probe stage=stall set=stack tid=0x00003B4C rip=0x7FFD69544A14 rsp=0x11499FFA38 window=2048
client level=info t=588500 ev=probe stage=stall set=stack tid=0x00000A58 rip=0x7FFD69541914 rsp=0x1149DFF378 window=2048
client level=info t=588500 ev=probe stage=stall set=stack tid=0x00002C30 rip=0x7FFD69544A14 rsp=0x114A1FF748 window=2048
client level=info t=588500 ev=probe stage=stall set=stack tid=0x000009EC rip=0x7FFD69544A14 rsp=0x114A5FFAB8 window=1024
client level=info t=588500 ev=probe stage=stall set=stack tid=0x00004EE0 rip=0x7FFD69541914 rsp=0x11455FF478 window=2048
client level=info t=588500 ev=probe stage=stall set=stack tid=0x00002CF4 rip=0x7FFD69544A74 rsp=0x11331FF5A8 window=2048
client level=info t=588500 ev=probe stage=stall set=stack tid=0x00001914 rip=0x7FFD69540EE4 rsp=0x11335FF9C8 window=2048
client level=info t=588500 ev=probe stage=stall set=stack tid=0x000005C4 rip=0x7FFD69544A74 rsp=0x11339FF878 window=2048
client level=info t=589281 ev=nettick stage=sample latch=0 callbacks=42288
client level=error t=589281 ev=assert stage=hit n=8704 repeat=8704 arg0=0 text=hitch detected: mainloop world controller state activity:in_world {{!38!}} job fiber:{{!0x00834002!}} phase:{{!-1!}} iteration:0x0 stalled 
client level=info t=592063 ev=nettick stage=sample latch=0 callbacks=42288
client level=error t=592063 ev=assert stage=hit n=9216 repeat=9216 arg0=0 text=hitch detected: mainloop world controller state activity:in_world {{!38!}} job fiber:{{!0x00834002!}} phase:{{!-1!}} iteration:0x0 stalled 
client level=info t=592078 ev=probe stage=hitch step=38 dur=0 gate=0 fa=0x00834000 fa_idle=0 fb=0x00834001 fb_idle=0 fc=0x00834002 fc_idle=0
client level=info t=592078 ev=probe stage=hitch set=wait idx=0 slot=0 tid=0x000031D8 kind=4 age=69992.4 desc="name: 'render_globals_update_and_setup_cascade_shadow_views_job', owner: 'system owner'"
client level=info t=592078 ev=probe stage=hitch set=wait idx=2 slot=2 tid=0x00001B34 kind=4 age=70004.2 desc="fiber:{{!0x00834002!}} phase:{{!-1!}} iteration:0x0"
client level=info t=592078 ev=probe stage=hitch set=ring idx=0 slot=-1 tid=0xFFFFFFFF kind=255 age=14069673984.0 desc="name: 'empty_job', owner: 'system owner'"
client level=info t=592078 ev=probe stage=hitch set=ring idx=1 slot=-1 tid=0xFFFFFFFF kind=255 age=14069673984.0 desc="name: 'empty_job', owner: 'system owner'"
client level=info t=592078 ev=probe stage=hitch set=ring idx=2 slot=-1 tid=0xFFFFFFFF kind=255 age=28008339456.0 desc="name: 'empty_job', owner: 'system owner'"
client level=info t=592078 ev=probe stage=hitch set=ring idx=3 slot=-1 tid=0xFFFFFFFF kind=255 age=14069673984.0 desc="name: 'empty_job', owner: 'system owner'"
client level=info t=592078 ev=probe stage=hitch set=ring idx=4 slot=-1 tid=0xFFFFFFFF kind=255 age=28008339456.0 desc="name: 'empty_job', owner: 'system owner'"
client level=info t=592078 ev=probe stage=hitch set=ring idx=5 slot=-1 tid=0xFFFFFFFF kind=255 age=28008339456.0 desc="name: 'empty_job', owner: 'system owner'"
client level=info t=592078 ev=probe stage=hitch set=ring idx=6 slot=-1 tid=0xFFFFFFFF kind=255 age=14069673984.0 desc="name: 'empty_job', owner: 'system owner'"
client level=info t=592078 ev=probe stage=hitch set=ring idx=7 slot=-1 tid=0xFFFFFFFF kind=255 age=28008339456.0 desc="name: 'empty_job', owner: 'system owner'"
client level=info t=592078 ev=probe stage=hitch set=ring idx=8 slot=-1 tid=0xFFFFFFFF kind=255 age=28008339456.0 desc="name: 'empty_job', owner: 'system owner'"
client level=info t=592078 ev=probe stage=hitch set=ring idx=9 slot=-1 tid=0xFFFFFFFF kind=255 age=28008339456.0 desc="name: 'empty_job', owner: 'system owner'"
client level=info t=592078 ev=probe stage=hitch set=ring idx=10 slot=-1 tid=0xFFFFFFFF kind=255 age=14069673984.0 desc="name: 'empty_job', owner: 'system owner'"
client level=info t=592078 ev=probe stage=hitch set=ring idx=11 slot=-1 tid=0xFFFFFFFF kind=255 age=28008339456.0 desc="name: 'empty_job', owner: 'system owner'"
client level=info t=592078 ev=probe stage=hitch set=ring idx=12 slot=-1 tid=0xFFFFFFFF kind=255 age=14069676032.0 desc="name: 'empty_job', owner: 'system owner'"
client level=info t=592078 ev=probe stage=hitch set=ring idx=13 slot=-1 tid=0xFFFFFFFF kind=255 age=14069673984.0 desc="name: 'empty_job', owner: 'system owner'"
client level=info t=592078 ev=probe stage=hitch set=ring idx=14 slot=-1 tid=0xFFFFFFFF kind=255 age=28008339456.0 desc="name: 'empty_job', owner: 'system owner'"
client level=info t=592078 ev=probe stage=hitch set=ring idx=15 slot=-1 tid=0xFFFFFFFF kind=255 age=28008339456.0 desc="name: 'empty_job', owner: 'system owner'"
client level=info t=592078 ev=probe stage=hitch set=stack tid=0x000031D8 rip=0x7FFD69541444 rsp=0x11359FD638 window=2048
client level=info t=592078 ev=probe stage=hitch set=frames tid=0x000031D8 f0=exe+0x20D6E80 f1=exe+0x20D6E80 f2=exe+0x3550FB f3=exe+0x20D6E38 f4=exe+0x9ED23D f5=exe+0x1DC60C8 f6=exe+0x1DC60D4 f7=exe+0x1B87974
client level=info t=592078 ev=probe stage=hitch set=frames tid=0x000031D8 f8=exe+0x1DC60C8 f9=exe+0x3537B3 f10=exe+0x35ECC44 f11=exe+0x3537B3 f12=exe+0x35ECC44 f13=exe+0x35ECC44 f14=exe+0x3537B3 f15=exe+0x35ECC44
client level=info t=594828 ev=nettick stage=sample latch=0 callbacks=42288
client level=error t=594828 ev=assert stage=hit n=9728 repeat=9728 arg0=0 text=hitch detected: mainloop world controller state activity:in_world {{!38!}} job fiber:{{!0x00834002!}} phase:{{!-1!}} iteration:0x0 stalled 
client level=info t=597594 ev=nettick stage=sample latch=0 callbacks=42288
client level=error t=597594 ev=assert stage=hit n=10240 repeat=10240 arg0=0 text=hitch detected: mainloop world controller state activity:in_world {{!38!}} job fiber:{{!0x00834002!}} phase:{{!-1!}} iteration:0x0 stalled 
client level=info t=600360 ev=nettick stage=sample latch=0 callbacks=42288
client level=error t=600360 ev=assert stage=hit n=10752 repeat=10752 arg0=0 text=hitch detected: mainloop world controller state activity:in_world {{!38!}} job fiber:{{!0x00834002!}} phase:{{!-1!}} iteration:0x0 stalled 
client level=info t=602078 ev=probe stage=hitch step=38 dur=0 gate=0 fa=0x00834000 fa_idle=0 fb=0x00834001 fb_idle=0 fc=0x00834002 fc_idle=0
client level=info t=602078 ev=probe stage=hitch set=wait idx=0 slot=0 tid=0x000031D8 kind=4 age=79993.5 desc="name: 'render_globals_update_and_setup_cascade_shadow_views_job', owner: 'system owner'"
client level=info t=602078 ev=probe stage=hitch set=wait idx=2 slot=2 tid=0x00001B34 kind=4 age=80005.3 desc="fiber:{{!0x00834002!}} phase:{{!-1!}} iteration:0x0"
client level=info t=602078 ev=probe stage=hitch set=ring idx=0 slot=-1 tid=0xFFFFFFFF kind=255 age=14069673984.0 desc="name: 'empty_job', owner: 'system owner'"
client level=info t=602078 ev=probe stage=hitch set=ring idx=1 slot=-1 tid=0xFFFFFFFF kind=255 age=14069673984.0 desc="name: 'empty_job', owner: 'system owner'"
client level=info t=602078 ev=probe stage=hitch set=ring idx=2 slot=-1 tid=0xFFFFFFFF kind=255 age=28008339456.0 desc="name: 'empty_job', owner: 'system owner'"
client level=info t=602078 ev=probe stage=hitch set=ring idx=3 slot=-1 tid=0xFFFFFFFF kind=255 age=14069673984.0 desc="name: 'empty_job', owner: 'system owner'"
client level=info t=602078 ev=probe stage=hitch set=ring idx=4 slot=-1 tid=0xFFFFFFFF kind=255 age=28008339456.0 desc="name: 'empty_job', owner: 'system owner'"
client level=info t=602078 ev=probe stage=hitch set=ring idx=5 slot=-1 tid=0xFFFFFFFF kind=255 age=28008339456.0 desc="name: 'empty_job', owner: 'system owner'"
client level=info t=602078 ev=probe stage=hitch set=ring idx=6 slot=-1 tid=0xFFFFFFFF kind=255 age=14069673984.0 desc="name: 'empty_job', owner: 'system owner'"
client level=info t=602078 ev=probe stage=hitch set=ring idx=7 slot=-1 tid=0xFFFFFFFF kind=255 age=28008339456.0 desc="name: 'empty_job', owner: 'system owner'"
client level=info t=602078 ev=probe stage=hitch set=ring idx=8 slot=-1 tid=0xFFFFFFFF kind=255 age=28008339456.0 desc="name: 'empty_job', owner: 'system owner'"
client level=info t=602078 ev=probe stage=hitch set=ring idx=9 slot=-1 tid=0xFFFFFFFF kind=255 age=28008339456.0 desc="name: 'empty_job', owner: 'system owner'"
client level=info t=602078 ev=probe stage=hitch set=ring idx=10 slot=-1 tid=0xFFFFFFFF kind=255 age=14069673984.0 desc="name: 'empty_job', owner: 'system owner'"
client level=info t=602078 ev=probe stage=hitch set=ring idx=11 slot=-1 tid=0xFFFFFFFF kind=255 age=28008339456.0 desc="name: 'empty_job', owner: 'system owner'"
client level=info t=602078 ev=probe stage=hitch set=ring idx=12 slot=-1 tid=0xFFFFFFFF kind=255 age=14069676032.0 desc="name: 'empty_job', owner: 'system owner'"
client level=info t=602078 ev=probe stage=hitch set=ring idx=13 slot=-1 tid=0xFFFFFFFF kind=255 age=14069673984.0 desc="name: 'empty_job', owner: 'system owner'"
client level=info t=602078 ev=probe stage=hitch set=ring idx=14 slot=-1 tid=0xFFFFFFFF kind=255 age=28008339456.0 desc="name: 'empty_job', owner: 'system owner'"
client level=info t=602078 ev=probe stage=hitch set=ring idx=15 slot=-1 tid=0xFFFFFFFF kind=255 age=28008339456.0 desc="name: 'empty_job', owner: 'system owner'"
client level=info t=602078 ev=probe stage=hitch set=stack tid=0x000031D8 rip=0x7FFD69541444 rsp=0x11359FD638 window=2048
client level=info t=602078 ev=probe stage=hitch set=frames tid=0x000031D8 f0=exe+0x20D6E80 f1=exe+0x20D6E80 f2=exe+0x3550FB f3=exe+0x20D6E38 f4=exe+0x9ED23D f5=exe+0x1DC60C8 f6=exe+0x1DC60D4 f7=exe+0x1B87974
client level=info t=602078 ev=probe stage=hitch set=frames tid=0x000031D8 f8=exe+0x1DC60C8 f9=exe+0x3537B3 f10=exe+0x35ECC44 f11=exe+0x3537B3 f12=exe+0x35ECC44 f13=exe+0x35ECC44 f14=exe+0x3537B3 f15=exe+0x35ECC44
client level=info t=603235 ev=nettick stage=sample latch=0 callbacks=42288
client level=error t=603235 ev=assert stage=hit n=11264 repeat=11264 arg0=0 text=hitch detected: mainloop world controller state activity:in_world {{!38!}} job fiber:{{!0x00834002!}} phase:{{!-1!}} iteration:0x0 stalled 
client level=warn t=603516 ev=probe stage=stall result=detected idle=81188 count=42288
client level=info t=603531 ev=probe stage=stall set=stack tid=0x00003554 rip=0x7FFD69540E44 rsp=0x1132CFF388 window=2048
client level=info t=603531 ev=probe stage=stall set=frames tid=0x00003554 f0=exe+0xB54BE2 f1=exe+0x302465 f2=exe+0xB58F1F f3=exe+0x1C151D8 f4=exe+0x0 f5=exe+0xB5268C f6=exe+0x80DA9B1 f7=exe+0x48564BA
client level=info t=603531 ev=probe stage=stall set=frames tid=0x00003554 f8=exe+0x93FC7 f9=exe+0x0 f10=exe+0x1C151C8
client level=info t=603531 ev=probe stage=stall set=stack tid=0x00002778 rip=0x7FFD69544A74 rsp=0x1133DFF6D8 window=2048
client level=info t=603531 ev=probe stage=stall set=stack tid=0x0000343C rip=0x7FFD69541444 rsp=0x11345FEF18 window=2048
client level=info t=603531 ev=probe stage=stall set=frames tid=0x0000343C f0=exe+0x1681597 f1=exe+0x3B1A77 f2=exe+0x3AFF70 f3=exe+0x4F5C89E f4=exe+0x47DA9CB f5=exe+0x0 f6=exe+0x3FB1A5A f7=exe+0x69533FF
client level=info t=603531 ev=probe stage=stall set=stack tid=0x00002EC8 rip=0x7FFD69544A74 rsp=0x1134DFF7F8 window=2048
client level=info t=603531 ev=probe stage=stall set=stack tid=0x00001E18 rip=0x7FFD69540E44 rsp=0x11351FFDE8 window=512
client level=info t=603531 ev=probe stage=stall set=frames tid=0x00001E18 f0=exe+0x1280280 f1=exe+0x0 f2=exe+0x242CD10 f3=exe+0x1280201 f4=exe+0x3023E5 f5=exe+0x348061 f6=exe+0x7CB8EAA f7=exe+0x7039128
client level=info t=603531 ev=probe stage=stall set=frames tid=0x00001E18 f8=exe+0x128029D f9=exe+0x0 f10=exe+0x1280280 f11=exe+0x129869C
client level=info t=603531 ev=probe stage=stall set=stack tid=0x0000173C rip=0x7FFD69541444 rsp=0x11355F8E38 window=2048
client level=info t=603531 ev=probe stage=stall set=frames tid=0x0000173C f0=exe+0x1299FD0 f1=exe+0x7CB8EAA f2=exe+0x0 f3=exe+0x1299FD0 f4=exe+0x129A08B f5=exe+0x2F24088 f6=exe+0x2F240D4 f7=exe+0x2F23FB0
client level=info t=603531 ev=probe stage=stall set=stack tid=0x000031D8 rip=0x7FFD69541444 rsp=0x11359FD638 window=2048
client level=info t=603531 ev=probe stage=stall set=frames tid=0x000031D8 f0=exe+0x20D6E80 f1=exe+0x20D6E80 f2=exe+0x3550FB f3=exe+0x20D6E38 f4=exe+0x9ED23D f5=exe+0x1DC60C8 f6=exe+0x1DC60D4 f7=exe+0x1B87974
client level=info t=603531 ev=probe stage=stall set=frames tid=0x000031D8 f8=exe+0x1DC60C8 f9=exe+0x3537B3 f10=exe+0x35ECC44 f11=exe+0x3537B3 f12=exe+0x35ECC44 f13=exe+0x35ECC44 f14=exe+0x3537B3 f15=exe+0x35ECC44
client level=info t=603531 ev=probe stage=stall set=stack tid=0x000004E0 rip=0x7FFD69540E44 rsp=0x1135DFFC98 window=512
client level=info t=603531 ev=probe stage=stall set=frames tid=0x000004E0 f0=exe+0x2E59D30 f1=exe+0x302465 f2=exe+0x31D073 f3=exe+0x31D0BA f4=exe+0x318894 f5=exe+0x20D7A38 f6=exe+0x31B241 f7=exe+0x3537B3
client level=info t=603531 ev=probe stage=stall set=frames tid=0x000004E0 f8=exe+0x20D7A38
client level=info t=603531 ev=probe stage=stall set=stack tid=0x00001B34 rip=0x7FFD69541444 rsp=0x11361FE1B8 window=2048
client level=info t=603531 ev=probe stage=stall set=frames tid=0x00001B34 f0=exe+0x20D8680 f1=exe+0x20D8680 f2=exe+0x3550FB f3=exe+0x20D8638 f4=exe+0xC77DA f5=exe+0x1CA3448 f6=exe+0xC61B0 f7=exe+0x1DC60C8
client level=info t=603531 ev=probe stage=stall set=frames tid=0x00001B34 f8=exe+0x1DC60D4 f9=exe+0x1B87974 f10=exe+0x1DC60C8 f11=exe+0x3537B3 f12=exe+0x35ECC44 f13=exe+0x3537B3 f14=exe+0x35ECC44 f15=exe+0x35ECC44
client level=info t=603531 ev=probe stage=stall set=stack tid=0x0000427C rip=0x7FFD69540E44 rsp=0x11365FF538 window=2048
client level=info t=603531 ev=probe stage=stall set=frames tid=0x0000427C f0=exe+0x302465 f1=exe+0x31D073 f2=exe+0x31D0BA f3=exe+0x318894 f4=exe+0x20D9238 f5=exe+0x31B241 f6=exe+0x3537B3 f7=exe+0x20D9238
client level=info t=603531 ev=probe stage=stall set=frames tid=0x0000427C f8=exe+0x20D9238 f9=exe+0x353874 f10=exe+0x20D9238 f11=exe+0x20D925C f12=exe+0x3537D0 f13=exe+0x20D9238
client level=info t=603531 ev=probe stage=stall set=stack tid=0x00001188 rip=0x7FFD69540E44 rsp=0x11369FFC08 window=512
client level=info t=603531 ev=probe stage=stall set=frames tid=0x00001188 f0=exe+0x2E5B380 f1=exe+0x302465 f2=exe+0x31D073 f3=exe+0x31D0BA f4=exe+0x318894 f5=exe+0x20D9E38 f6=exe+0x31B241 f7=exe+0x3537B3
client level=info t=603531 ev=probe stage=stall set=frames tid=0x00001188 f8=exe+0x20D9E38
client level=info t=603531 ev=probe stage=stall set=stack tid=0x00004234 rip=0x7FFD69540E44 rsp=0x1136DFF618 window=2048
client level=info t=603531 ev=probe stage=stall set=frames tid=0x00004234 f0=exe+0x302465 f1=exe+0x31D073 f2=exe+0x31D0BA f3=exe+0x318894 f4=exe+0x20DAA38 f5=exe+0x31B241 f6=exe+0x3537B3 f7=exe+0x20DAA38
client level=info t=603531 ev=probe stage=stall set=frames tid=0x00004234 f8=exe+0x20DAA38 f9=exe+0x353874 f10=exe+0x20DAA38 f11=exe+0x20DAA5C f12=exe+0x3537D0 f13=exe+0x20DAA38
client level=info t=603531 ev=probe stage=stall set=stack tid=0x000037C0 rip=0x7FFD69540E44 rsp=0x11371FF918 window=1024
client level=info t=603531 ev=probe stage=stall set=frames tid=0x000037C0 f0=exe+0x302465 f1=exe+0x31D073 f2=exe+0x31D0BA f3=exe+0x318894 f4=exe+0x20EEE48 f5=exe+0x31B241 f6=exe+0x3537B3 f7=exe+0x20EEE48
client level=info t=603531 ev=probe stage=stall set=frames tid=0x000037C0 f8=exe+0x20EEE48 f9=exe+0x353874 f10=exe+0x20EEE48 f11=exe+0x20EEE6C f12=exe+0x3537D0 f13=exe+0x20EEE48
client level=info t=603531 ev=probe stage=stall set=stack tid=0x00002688 rip=0x7FFD69540E44 rsp=0x11375FFBE8 window=2048
client level=info t=603531 ev=probe stage=stall set=frames tid=0x00002688 f0=exe+0x302465 f1=exe+0x31D073 f2=exe+0x31D0BA f3=exe+0x318894 f4=exe+0x20EFA48 f5=exe+0x31B241 f6=exe+0x3537B3 f7=exe+0x20EFA48
client level=info t=603531 ev=probe stage=stall set=frames tid=0x00002688 f8=exe+0x20EFA48 f9=exe+0x353874 f10=exe+0x20EFA48 f11=exe+0x20EFA6C f12=exe+0x3537D0 f13=exe+0x20EFA48
client level=info t=603531 ev=probe stage=stall set=stack tid=0x00004AE0 rip=0x7FFD69541444 rsp=0x11379FF528 window=2048
client level=info t=603531 ev=probe stage=stall set=frames tid=0x00004AE0 f0=exe+0x1AEBDFF
client level=info t=603531 ev=probe stage=stall set=stack tid=0x00002D80 rip=0x7FFD69540E44 rsp=0x1137DFF918 window=2048
client level=info t=603531 ev=probe stage=stall set=frames tid=0x00002D80 f0=exe+0x1AE9B80
client level=info t=603531 ev=probe stage=stall set=stack tid=0x00002658 rip=0x7FFD66761344 rsp=0x11381FFBD8 window=2048
client level=info t=603531 ev=probe stage=stall set=frames tid=0x00002658 f0=exe+0x2686900 f1=exe+0x2686900 f2=exe+0x3C5F69 f3=exe+0x26869E0 f4=exe+0x26869E0 f5=exe+0x3BD893 f6=exe+0x26869E0 f7=exe+0x3BDA99
client level=info t=603531 ev=probe stage=stall set=frames tid=0x00002658 f8=exe+0x26869E0 f9=exe+0x3537B3 f10=exe+0x26869E0 f11=exe+0x353874 f12=exe+0x26869E0 f13=exe+0x2686A04 f14=exe+0x3537D0 f15=exe+0x26869E0
client level=info t=603531 ev=probe stage=stall set=stack tid=0x0000280C rip=0x7FFD66761344 rsp=0x11385FF738 window=2048
client level=info t=603531 ev=probe stage=stall set=frames tid=0x0000280C f0=exe+0x3BDA55 f1=exe+0x26869E0 f2=exe+0x26875E0 f3=exe+0x3537B3 f4=exe+0x26875E0 f5=exe+0x353874 f6=exe+0x26875E0 f7=exe+0x2687604
client level=info t=603531 ev=probe stage=stall set=frames tid=0x0000280C f8=exe+0x3537D0 f9=exe+0x26875E0
client level=info t=603531 ev=probe stage=stall set=stack tid=0x000046C0 rip=0x7FFD69540EE4 rsp=0x11389FFBA8 window=2048
client level=info t=603531 ev=probe stage=stall set=stack tid=0x000028C0 rip=0x7FFD69544A14 rsp=0x11391FF578 window=2048
client level=info t=603531 ev=probe stage=stall set=stack tid=0x00002A4C rip=0x7FFD69544A14 rsp=0x11395FFD18 window=2048
client level=info t=603531 ev=probe stage=stall set=stack tid=0x00001804 rip=0x7FFD69540E44 rsp=0x11399FF7D8 window=2048
client level=info t=603531 ev=probe stage=stall set=stack tid=0x00002DC8 rip=0x7FFD69540E44 rsp=0x1138DFFCF8 window=2048
client level=info t=603531 ev=probe stage=stall set=stack tid=0x00000EB4 rip=0x7FFD69540E44 rsp=0x1139DFF648 window=2048
client level=info t=603531 ev=probe stage=stall set=stack tid=0x00001B80 rip=0x7FFD69540E44 rsp=0x113A1FF628 window=2048
client level=info t=603531 ev=probe stage=stall set=stack tid=0x000005A4 rip=0x7FFD69540E44 rsp=0x113A5FF7D8 window=2048
client level=info t=603531 ev=probe stage=stall set=stack tid=0x00004288 rip=0x7FFD69540E44 rsp=0x113A9FF658 window=2048
client level=info t=603531 ev=probe stage=stall set=stack tid=0x000018A8 rip=0x7FFD69540E44 rsp=0x113ADFF938 window=2048
client level=info t=603531 ev=probe stage=stall set=stack tid=0x000029A8 rip=0x7FFD69540E44 rsp=0x113B1FF7D8 window=2048
client level=info t=603531 ev=probe stage=stall set=stack tid=0x0000225C rip=0x7FFD69540E44 rsp=0x113B5FF618 window=2048
client level=info t=603531 ev=probe stage=stall set=stack tid=0x00001068 rip=0x7FFD69540E44 rsp=0x113B9FF9D8 window=2048
client level=info t=603531 ev=probe stage=stall set=stack tid=0x00000D68 rip=0x7FFD69540E44 rsp=0x113BDFFBC8 window=2048
client level=info t=603531 ev=probe stage=stall set=stack tid=0x000017E0 rip=0x7FFD69544A14 rsp=0x113C1FF788 window=2048
client level=info t=603531 ev=probe stage=stall set=stack tid=0x00003A58 rip=0x7FFD69544A14 rsp=0x113C5FF528 window=2048
client level=info t=603531 ev=probe stage=stall set=stack tid=0x000023E4 rip=0x7FFD69541914 rsp=0x113CDFF418 window=2048
client level=info t=603531 ev=probe stage=stall set=stack tid=0x000006E8 rip=0x7FFD69540E44 rsp=0x113D1FFC88 window=2048
client level=info t=603531 ev=probe stage=stall set=stack tid=0x00004BAC rip=0x7FFD69540E44 rsp=0x113D5FF6C8 window=2048
client level=info t=603531 ev=probe stage=stall set=stack tid=0x000032D8 rip=0x7FFD69540E44 rsp=0x113D9FF9F8 window=2048
client level=info t=603531 ev=probe stage=stall set=stack tid=0x00001FE8 rip=0x7FFD69540E44 rsp=0x113DDFFD38 window=2048
client level=info t=603531 ev=probe stage=stall set=stack tid=0x000045A0 rip=0x7FFD69540E44 rsp=0x113E1FF6A8 window=2048
client level=info t=603531 ev=probe stage=stall set=stack tid=0x00002788 rip=0x7FFD69540E44 rsp=0x113E5FF718 window=2048
client level=info t=603531 ev=probe stage=stall set=stack tid=0x00003538 rip=0x7FFD69540E44 rsp=0x113E9FF8F8 window=2048
client level=info t=603531 ev=probe stage=stall set=stack tid=0x00000E70 rip=0x7FFD69540E44 rsp=0x113EDFFAD8 window=1024
client level=info t=603531 ev=probe stage=stall set=stack tid=0x00003508 rip=0x7FFD69541444 rsp=0x113F1FF698 window=2048
client level=info t=603531 ev=probe stage=stall set=frames tid=0x00003508 f0=exe+0x26869D0 f1=exe+0x11C7C5C f2=exe+0x2E5BEC2 f3=exe+0x3537B3 f4=exe+0x2E5BE90 f5=exe+0x2E5BE90 f6=exe+0x353874 f7=exe+0x2E5BE90
client level=info t=603531 ev=probe stage=stall set=frames tid=0x00003508 f8=exe+0x2E5BEB4 f9=exe+0x3537D0 f10=exe+0x2E5BE90
client level=info t=603531 ev=probe stage=stall set=stack tid=0x000022A4 rip=0x7FFD69540E44 rsp=0x113F5FFE08 window=2048
client level=info t=603531 ev=probe stage=stall set=frames tid=0x000022A4 f0=exe+0x2E79DE3 f1=exe+0x11DB4DB f2=exe+0x2E79DA0 f3=exe+0x3537B3 f4=exe+0x2E79DA0 f5=exe+0x353874 f6=exe+0x2E79DA0 f7=exe+0x2E79DC4
client level=info t=603531 ev=probe stage=stall set=frames tid=0x000022A4 f8=exe+0x3537D0 f9=exe+0x2E79DA0
client level=info t=603531 ev=probe stage=stall set=stack tid=0x000007E0 rip=0x7FFD69544A74 rsp=0x113FDFFB78 window=1024
client level=info t=603531 ev=probe stage=stall set=stack tid=0x00000AF0 rip=0x7FFD69540E44 rsp=0x11405FFC88 window=2048
client level=info t=603531 ev=probe stage=stall set=stack tid=0x000023C4 rip=0x7FFD69540E44 rsp=0x11409FFA58 window=2048
client level=info t=603531 ev=probe stage=stall set=stack tid=0x00003D94 rip=0x7FFD69540E44 rsp=0x1140DFF6D8 window=2048
client level=info t=603531 ev=probe stage=stall set=stack tid=0x00002150 rip=0x7FFD69540E44 rsp=0x11411FF9B8 window=2048
client level=info t=603531 ev=probe stage=stall set=stack tid=0x00000EFC rip=0x7FFD69540E44 rsp=0x11415FF7D8 window=2048
client level=info t=603531 ev=probe stage=stall set=stack tid=0x00000710 rip=0x7FFD69540E44 rsp=0x11419FFC18 window=2048
client level=info t=603531 ev=probe stage=stall set=stack tid=0x000019B8 rip=0x7FFD69540E44 rsp=0x1141DFFA78 window=2048
client level=info t=603531 ev=probe stage=stall set=stack tid=0x00002ABC rip=0x7FFD69540E44 rsp=0x11421FF828 window=2048
client level=info t=603531 ev=probe stage=stall set=stack tid=0x00000C7C rip=0x7FFD69540E44 rsp=0x11425FFA58 window=1024
client level=info t=603531 ev=probe stage=stall set=stack tid=0x000033B4 rip=0x7FFD69540E44 rsp=0x11429FFBE8 window=1024
client level=info t=603531 ev=probe stage=stall set=frames tid=0x000033B4 f0=exe+0x19F8801
client level=info t=603531 ev=probe stage=stall set=stack tid=0x00003470 rip=0x7FFD69540E44 rsp=0x1142DFF8C8 window=1024
client level=info t=603531 ev=probe stage=stall set=frames tid=0x00003470 f0=exe+0x1A07446
client level=info t=603531 ev=probe stage=stall set=stack tid=0x00002848 rip=0x7FFD69541914 rsp=0x11431FF568 window=2048
client level=info t=603531 ev=probe stage=stall set=frames tid=0x00002848 f0=exe+0x199B0E8 f1=exe+0x199B97C f2=exe+0x1A40E79 f3=exe+0x1A41E30
client level=info t=603531 ev=probe stage=stall set=stack tid=0x00002F0C rip=0x7FFD69541914 rsp=0x1143DFF7E8 window=2048
client level=info t=603531 ev=probe stage=stall set=stack tid=0x000015A4 rip=0x7FFD69540E44 rsp=0x11441FF758 window=2048
client level=info t=603531 ev=probe stage=stall set=frames tid=0x000015A4 f0=exe+0x1A914FF f1=own+0x149383 f2=exe+0x39B4FB f3=exe+0x1A8222A
client level=info t=603531 ev=probe stage=stall set=stack tid=0x00000B48 rip=0x7FFD69541914 rsp=0x11445FFA58 window=1024
client level=info t=603531 ev=probe stage=stall set=stack tid=0x00001968 rip=0x7FFD69540E44 rsp=0x11449FFB68 window=2048
client level=info t=603531 ev=probe stage=stall set=frames tid=0x00001968 f0=exe+0x0 f1=exe+0x1F15A90 f2=exe+0x0 f3=exe+0x30FE80 f4=exe+0x30FED2 f5=exe+0x30FE80 f6=exe+0x30FE80 f7=exe+0x129869C
client level=info t=603531 ev=probe stage=stall set=stack tid=0x000024C8 rip=0x7FFD69541914 rsp=0x113F9FF278 window=2048
client level=info t=603531 ev=probe stage=stall set=stack tid=0x00002E2C rip=0x7FFD69541914 rsp=0x113C9FE3B8 window=2048
client level=info t=603531 ev=probe stage=stall set=frames tid=0x00002E2C f0=exe+0x3E8155
client level=info t=603531 ev=probe stage=stall set=stack tid=0x00002CA8 rip=0x7FFD69541444 rsp=0x11451FFAD8 window=2048
client level=info t=603531 ev=probe stage=stall set=frames tid=0x00002CA8 f0=own+0x695A60 f1=own+0x679AE8 f2=own+0x679AC8 f3=own+0x679AC8 f4=own+0x679AE8 f5=own+0x1DA83B f6=own+0x679AC8 f7=own+0x679AE8
client level=info t=603531 ev=probe stage=stall set=stack tid=0x000039A0 rip=0x7FFD69541444 rsp=0x11459FF868 window=2048
client level=info t=603531 ev=probe stage=stall set=frames tid=0x000039A0 f0=exe+0x30E50F0 f1=exe+0x173A58B f2=exe+0x31DA5A0 f3=exe+0x3537B3 f4=exe+0x31DA5A0 f5=exe+0x353874 f6=exe+0x31DA5A0 f7=exe+0x31DA5C4
client level=info t=603531 ev=probe stage=stall set=frames tid=0x000039A0 f8=exe+0x3537D0 f9=exe+0x31DA5A0
client level=info t=603531 ev=probe stage=stall set=stack tid=0x000027C4 rip=0x7FFD69544A14 rsp=0x11439FF978 window=2048
client level=info t=603531 ev=probe stage=stall set=stack tid=0x00001184 rip=0x7FFD69541914 rsp=0x1145DFF798 window=2048
client level=info t=603531 ev=probe stage=stall set=stack tid=0x00002B98 rip=0x7FFD69544A14 rsp=0x11461FEE88 window=2048
client level=info t=603531 ev=probe stage=stall set=frames tid=0x00002B98 f0=exe+0x7C97F8 f1=exe+0x294B57 f2=exe+0x0 f3=exe+0x91790 f4=exe+0x0 f5=exe+0x91790
client level=info t=603531 ev=probe stage=stall set=stack tid=0x00000BD0 rip=0x7FFD69544A14 rsp=0x11465FF008 window=2048
client level=info t=603531 ev=probe stage=stall set=frames tid=0x00000BD0 f0=exe+0x7C97F8 f1=exe+0x294B57 f2=exe+0x0 f3=exe+0x91790 f4=exe+0x0 f5=exe+0x91790
client level=info t=603531 ev=probe stage=stall set=stack tid=0x000027F0 rip=0x7FFD69544A14 rsp=0x11469FEB98 window=2048
client level=info t=603531 ev=probe stage=stall set=frames tid=0x000027F0 f0=exe+0x7C97F8 f1=exe+0x294B57 f2=exe+0x0 f3=exe+0x91790 f4=exe+0x0 f5=exe+0x91790
client level=info t=603531 ev=probe stage=stall set=stack tid=0x00000AE8 rip=0x7FFD69541914 rsp=0x1146DFF4D8 window=2048
client level=info t=603531 ev=probe stage=stall set=stack tid=0x00001AD4 rip=0x7FFD69544A14 rsp=0x11471FF8E8 window=2048
client level=info t=603531 ev=probe stage=stall set=stack tid=0x0000423C rip=0x7FFD69544A14 rsp=0x11475FF788 window=2048
client level=info t=603531 ev=probe stage=stall set=stack tid=0x000033AC rip=0x7FFD69544A14 rsp=0x11479FF568 window=2048
client level=info t=603531 ev=probe stage=stall set=stack tid=0x00001AA8 rip=0x7FFD69544A14 rsp=0x1147DFF798 window=2048
client level=info t=603531 ev=probe stage=stall set=stack tid=0x00002350 rip=0x7FFD69541914 rsp=0x11481FF268 window=2048
client level=info t=603531 ev=probe stage=stall set=stack tid=0x00002DEC rip=0x7FFD69541914 rsp=0x11485FF2E8 window=2048
client level=info t=603531 ev=probe stage=stall set=stack tid=0x00000720 rip=0x7FFD69544A14 rsp=0x11489FF708 window=2048
client level=info t=603531 ev=probe stage=stall set=stack tid=0x00000B0C rip=0x7FFD69541914 rsp=0x1148DFF0C8 window=2048
client level=info t=603531 ev=probe stage=stall set=stack tid=0x00001B14 rip=0x7FFD69544A14 rsp=0x11491FF998 window=2048
client level=info t=603531 ev=probe stage=stall set=stack tid=0x000025BC rip=0x7FFD69541914 rsp=0x11495FEFA8 window=2048
client level=info t=603531 ev=probe stage=stall set=stack tid=0x00003B4C rip=0x7FFD69544A14 rsp=0x11499FFA38 window=2048
client level=info t=603531 ev=probe stage=stall set=stack tid=0x00000A58 rip=0x7FFD69541914 rsp=0x1149DFF378 window=2048
client level=info t=603531 ev=probe stage=stall set=stack tid=0x00002C30 rip=0x7FFD69544A14 rsp=0x114A1FF748 window=2048
client level=info t=603531 ev=probe stage=stall set=stack tid=0x000009EC rip=0x7FFD69544A14 rsp=0x114A5FFAB8 window=1024
client level=info t=603531 ev=probe stage=stall set=stack tid=0x00004EE0 rip=0x7FFD69541914 rsp=0x11455FF478 window=2048
client level=info t=603531 ev=probe stage=stall set=stack tid=0x00002CF4 rip=0x7FFD69544A74 rsp=0x11331FF5A8 window=2048
client level=info t=603547 ev=probe stage=stall set=stack tid=0x00001914 rip=0x7FFD69540EE4 rsp=0x11335FF9C8 window=2048
client level=info t=603547 ev=probe stage=stall set=stack tid=0x000005C4 rip=0x7FFD69544A74 rsp=0x11339FF878 window=2048
client level=info t=603547 ev=probe stage=stall set=stack tid=0x00004824 rip=0x7FFD69544A74 rsp=0x11341FF858 window=2048
client level=info t=606000 ev=nettick stage=sample latch=0 callbacks=42288
client level=error t=606000 ev=assert stage=hit n=11776 repeat=11776 arg0=0 text=hitch detected: mainloop world controller state activity:in_world {{!38!}} job fiber:{{!0x00834002!}} phase:{{!-1!}} iteration:0x0 stalled 
client level=info t=608766 ev=nettick stage=sample latch=0 callbacks=42288
client level=error t=608766 ev=assert stage=hit n=12288 repeat=12288 arg0=0 text=hitch detected: mainloop world controller state activity:in_world {{!38!}} job fiber:{{!0x00834002!}} phase:{{!-1!}} iteration:0x0 stalled 
client level=info t=611531 ev=nettick stage=sample latch=0 callbacks=42288
client level=error t=611531 ev=assert stage=hit n=12800 repeat=12800 arg0=0 text=hitch detected: mainloop world controller state activity:in_world {{!38!}} job fiber:{{!0x00834002!}} phase:{{!-1!}} iteration:0x0 stalled 
client level=info t=612078 ev=probe stage=hitch step=38 dur=0 gate=0 fa=0x00834000 fa_idle=0 fb=0x00834001 fb_idle=0 fc=0x00834002 fc_idle=0
client level=info t=612078 ev=probe stage=hitch set=wait idx=0 slot=0 tid=0x000031D8 kind=4 age=89994.1 desc="name: 'render_globals_update_and_setup_cascade_shadow_views_job', owner: 'system owner'"
client level=info t=612078 ev=probe stage=hitch set=wait idx=2 slot=2 tid=0x00001B34 kind=4 age=90006.0 desc="fiber:{{!0x00834002!}} phase:{{!-1!}} iteration:0x0"
client level=info t=612078 ev=probe stage=hitch set=ring idx=0 slot=-1 tid=0xFFFFFFFF kind=255 age=14069673984.0 desc="name: 'empty_job', owner: 'system owner'"
client level=info t=612078 ev=probe stage=hitch set=ring idx=1 slot=-1 tid=0xFFFFFFFF kind=255 age=14069673984.0 desc="name: 'empty_job', owner: 'system owner'"
client level=info t=612078 ev=probe stage=hitch set=ring idx=2 slot=-1 tid=0xFFFFFFFF kind=255 age=28008339456.0 desc="name: 'empty_job', owner: 'system owner'"
client level=info t=612078 ev=probe stage=hitch set=ring idx=3 slot=-1 tid=0xFFFFFFFF kind=255 age=14069673984.0 desc="name: 'empty_job', owner: 'system owner'"
client level=info t=612078 ev=probe stage=hitch set=ring idx=4 slot=-1 tid=0xFFFFFFFF kind=255 age=28008339456.0 desc="name: 'empty_job', owner: 'system owner'"
client level=info t=612078 ev=probe stage=hitch set=ring idx=5 slot=-1 tid=0xFFFFFFFF kind=255 age=28008339456.0 desc="name: 'empty_job', owner: 'system owner'"
client level=info t=612078 ev=probe stage=hitch set=ring idx=6 slot=-1 tid=0xFFFFFFFF kind=255 age=14069673984.0 desc="name: 'empty_job', owner: 'system owner'"
client level=info t=612078 ev=probe stage=hitch set=ring idx=7 slot=-1 tid=0xFFFFFFFF kind=255 age=28008339456.0 desc="name: 'empty_job', owner: 'system owner'"
client level=info t=612078 ev=probe stage=hitch set=ring idx=8 slot=-1 tid=0xFFFFFFFF kind=255 age=28008339456.0 desc="name: 'empty_job', owner: 'system owner'"
client level=info t=612078 ev=probe stage=hitch set=ring idx=9 slot=-1 tid=0xFFFFFFFF kind=255 age=28008339456.0 desc="name: 'empty_job', owner: 'system owner'"
client level=info t=612078 ev=probe stage=hitch set=ring idx=10 slot=-1 tid=0xFFFFFFFF kind=255 age=14069673984.0 desc="name: 'empty_job', owner: 'system owner'"
client level=info t=612078 ev=probe stage=hitch set=ring idx=11 slot=-1 tid=0xFFFFFFFF kind=255 age=28008339456.0 desc="name: 'empty_job', owner: 'system owner'"
client level=info t=612078 ev=probe stage=hitch set=ring idx=12 slot=-1 tid=0xFFFFFFFF kind=255 age=14069676032.0 desc="name: 'empty_job', owner: 'system owner'"
client level=info t=612078 ev=probe stage=hitch set=ring idx=13 slot=-1 tid=0xFFFFFFFF kind=255 age=14069673984.0 desc="name: 'empty_job', owner: 'system owner'"
client level=info t=612078 ev=probe stage=hitch set=ring idx=14 slot=-1 tid=0xFFFFFFFF kind=255 age=28008339456.0 desc="name: 'empty_job', owner: 'system owner'"
client level=info t=612078 ev=probe stage=hitch set=ring idx=15 slot=-1 tid=0xFFFFFFFF kind=255 age=28008339456.0 desc="name: 'empty_job', owner: 'system owner'"
client level=info t=612078 ev=probe stage=hitch set=stack tid=0x000031D8 rip=0x7FFD69541444 rsp=0x11359FD638 window=2048
client level=info t=612078 ev=probe stage=hitch set=frames tid=0x000031D8 f0=exe+0x20D6E80 f1=exe+0x20D6E80 f2=exe+0x3550FB f3=exe+0x20D6E38 f4=exe+0x9ED23D f5=exe+0x1DC60C8 f6=exe+0x1DC60D4 f7=exe+0x1B87974
client level=info t=612078 ev=probe stage=hitch set=frames tid=0x000031D8 f8=exe+0x1DC60C8 f9=exe+0x3537B3 f10=exe+0x35ECC44 f11=exe+0x3537B3 f12=exe+0x35ECC44 f13=exe+0x35ECC44 f14=exe+0x3537B3 f15=exe+0x35ECC44
client level=info t=614313 ev=nettick stage=sample latch=0 callbacks=42288
client level=error t=614313 ev=assert stage=hit n=13312 repeat=13312 arg0=0 text=hitch detected: mainloop world controller state activity:in_world {{!38!}} job fiber:{{!0x00834002!}} phase:{{!-1!}} iteration:0x0 stalled 
client level=info t=617078 ev=nettick stage=sample latch=0 callbacks=42288
client level=error t=617078 ev=assert stage=hit n=13824 repeat=13824 arg0=0 text=hitch detected: mainloop world controller state activity:in_world {{!38!}} job fiber:{{!0x00834002!}} phase:{{!-1!}} iteration:0x0 stalled 
client level=warn t=618547 ev=probe stage=stall result=detected idle=96219 count=42288
client level=info t=618563 ev=probe stage=stall set=stack tid=0x00003554 rip=0x7FFD69540E44 rsp=0x1132CFF388 window=2048
client level=info t=618563 ev=probe stage=stall set=frames tid=0x00003554 f0=exe+0xB54BE2 f1=exe+0x302465 f2=exe+0xB58F1F f3=exe+0x1C151D8 f4=exe+0x0 f5=exe+0xB5268C f6=exe+0x80DA9B1 f7=exe+0x48564BA
client level=info t=618563 ev=probe stage=stall set=frames tid=0x00003554 f8=exe+0x93FC7 f9=exe+0x0 f10=exe+0x1C151C8
client level=info t=618563 ev=probe stage=stall set=stack tid=0x00002778 rip=0x7FFD69544A74 rsp=0x1133DFF6D8 window=2048
client level=info t=618563 ev=probe stage=stall set=stack tid=0x0000343C rip=0x7FFD69541444 rsp=0x11345FEF18 window=2048
client level=info t=618563 ev=probe stage=stall set=frames tid=0x0000343C f0=exe+0x3B1A77 f1=exe+0x3AFF70 f2=exe+0x4F5C89E f3=exe+0x47DA9CB f4=exe+0x0 f5=exe+0x3FB1A5A f6=exe+0x69533FF
client level=info t=618563 ev=probe stage=stall set=stack tid=0x00002EC8 rip=0x7FFD69544A74 rsp=0x1134DFF7F8 window=2048
client level=info t=618563 ev=probe stage=stall set=stack tid=0x00001E18 rip=0x7FFD69540E44 rsp=0x11351FFDE8 window=512
client level=info t=618563 ev=probe stage=stall set=frames tid=0x00001E18 f0=exe+0x1280280 f1=exe+0x0 f2=exe+0x242CD10 f3=exe+0x1280201 f4=exe+0x3023E5 f5=exe+0x348061 f6=exe+0x7CB8EAA f7=exe+0x7039128
client level=info t=618563 ev=probe stage=stall set=frames tid=0x00001E18 f8=exe+0x128029D f9=exe+0x0 f10=exe+0x1280280 f11=exe+0x129869C
client level=info t=618563 ev=probe stage=stall set=stack tid=0x0000173C rip=0x7FFD69541444 rsp=0x11355F8E38 window=2048
client level=info t=618563 ev=probe stage=stall set=frames tid=0x0000173C f0=exe+0x1299FD0 f1=exe+0x7CB8EAA f2=exe+0x0 f3=exe+0x1299FD0 f4=exe+0x129A08B f5=exe+0x2F24088 f6=exe+0x2F240D4 f7=exe+0x2F23FB0
client level=info t=618563 ev=probe stage=stall set=stack tid=0x000031D8 rip=0x7FFD69541444 rsp=0x11359FD638 window=2048
client level=info t=618563 ev=probe stage=stall set=frames tid=0x000031D8 f0=exe+0x20D6E80 f1=exe+0x20D6E80 f2=exe+0x3550FB f3=exe+0x20D6E38 f4=exe+0x9ED23D f5=exe+0x1DC60C8 f6=exe+0x1DC60D4 f7=exe+0x1B87974
client level=info t=618563 ev=probe stage=stall set=frames tid=0x000031D8 f8=exe+0x1DC60C8 f9=exe+0x3537B3 f10=exe+0x35ECC44 f11=exe+0x3537B3 f12=exe+0x35ECC44 f13=exe+0x35ECC44 f14=exe+0x3537B3 f15=exe+0x35ECC44
client level=info t=618563 ev=probe stage=stall set=stack tid=0x000004E0 rip=0x7FFD69540E44 rsp=0x1135DFFC98 window=512
client level=info t=618563 ev=probe stage=stall set=frames tid=0x000004E0 f0=exe+0x2E59D30 f1=exe+0x302465 f2=exe+0x31D073 f3=exe+0x31D0BA f4=exe+0x318894 f5=exe+0x20D7A38 f6=exe+0x31B241 f7=exe+0x3537B3
client level=info t=618563 ev=probe stage=stall set=frames tid=0x000004E0 f8=exe+0x20D7A38
client level=info t=618563 ev=probe stage=stall set=stack tid=0x00001B34 rip=0x7FFD69541444 rsp=0x11361FE1B8 window=2048
client level=info t=618563 ev=probe stage=stall set=frames tid=0x00001B34 f0=exe+0x20D8680 f1=exe+0x20D8680 f2=exe+0x3550FB f3=exe+0x20D8638 f4=exe+0xC77DA f5=exe+0x1CA3448 f6=exe+0xC61B0 f7=exe+0x1DC60C8
client level=info t=618563 ev=probe stage=stall set=frames tid=0x00001B34 f8=exe+0x1DC60D4 f9=exe+0x1B87974 f10=exe+0x1DC60C8 f11=exe+0x3537B3 f12=exe+0x35ECC44 f13=exe+0x3537B3 f14=exe+0x35ECC44 f15=exe+0x35ECC44
client level=info t=618563 ev=probe stage=stall set=stack tid=0x0000427C rip=0x7FFD69540E44 rsp=0x11365FF538 window=2048
client level=info t=618563 ev=probe stage=stall set=frames tid=0x0000427C f0=exe+0x302465 f1=exe+0x31D073 f2=exe+0x31D0BA f3=exe+0x318894 f4=exe+0x20D9238 f5=exe+0x31B241 f6=exe+0x3537B3 f7=exe+0x20D9238
client level=info t=618563 ev=probe stage=stall set=frames tid=0x0000427C f8=exe+0x20D9238 f9=exe+0x353874 f10=exe+0x20D9238 f11=exe+0x20D925C f12=exe+0x3537D0 f13=exe+0x20D9238
client level=info t=618563 ev=probe stage=stall set=stack tid=0x00001188 rip=0x7FFD69540E44 rsp=0x11369FFC08 window=512
client level=info t=618563 ev=probe stage=stall set=frames tid=0x00001188 f0=exe+0x2E5B380 f1=exe+0x302465 f2=exe+0x31D073 f3=exe+0x31D0BA f4=exe+0x318894 f5=exe+0x20D9E38 f6=exe+0x31B241 f7=exe+0x3537B3
client level=info t=618563 ev=probe stage=stall set=frames tid=0x00001188 f8=exe+0x20D9E38
client level=info t=618563 ev=probe stage=stall set=stack tid=0x00004234 rip=0x7FFD69540E44 rsp=0x1136DFF618 window=2048
client level=info t=618563 ev=probe stage=stall set=frames tid=0x00004234 f0=exe+0x302465 f1=exe+0x31D073 f2=exe+0x31D0BA f3=exe+0x318894 f4=exe+0x20DAA38 f5=exe+0x31B241 f6=exe+0x3537B3 f7=exe+0x20DAA38
client level=info t=618563 ev=probe stage=stall set=frames tid=0x00004234 f8=exe+0x20DAA38 f9=exe+0x353874 f10=exe+0x20DAA38 f11=exe+0x20DAA5C f12=exe+0x3537D0 f13=exe+0x20DAA38
client level=info t=618563 ev=probe stage=stall set=stack tid=0x000037C0 rip=0x7FFD69540E44 rsp=0x11371FF918 window=1024
client level=info t=618563 ev=probe stage=stall set=frames tid=0x000037C0 f0=exe+0x302465 f1=exe+0x31D073 f2=exe+0x31D0BA f3=exe+0x318894 f4=exe+0x20EEE48 f5=exe+0x31B241 f6=exe+0x3537B3 f7=exe+0x20EEE48
client level=info t=618563 ev=probe stage=stall set=frames tid=0x000037C0 f8=exe+0x20EEE48 f9=exe+0x353874 f10=exe+0x20EEE48 f11=exe+0x20EEE6C f12=exe+0x3537D0 f13=exe+0x20EEE48
client level=info t=618563 ev=probe stage=stall set=stack tid=0x00002688 rip=0x7FFD69540E44 rsp=0x11375FFBE8 window=2048
client level=info t=618563 ev=probe stage=stall set=frames tid=0x00002688 f0=exe+0x302465 f1=exe+0x31D073 f2=exe+0x31D0BA f3=exe+0x318894 f4=exe+0x20EFA48 f5=exe+0x31B241 f6=exe+0x3537B3 f7=exe+0x20EFA48
client level=info t=618563 ev=probe stage=stall set=frames tid=0x00002688 f8=exe+0x20EFA48 f9=exe+0x353874 f10=exe+0x20EFA48 f11=exe+0x20EFA6C f12=exe+0x3537D0 f13=exe+0x20EFA48
client level=info t=618563 ev=probe stage=stall set=stack tid=0x00004AE0 rip=0x7FFD69541444 rsp=0x11379FF528 window=2048
client level=info t=618563 ev=probe stage=stall set=frames tid=0x00004AE0 f0=exe+0x1AEBDFF
client level=info t=618563 ev=probe stage=stall set=stack tid=0x00002D80 rip=0x7FFD69540E44 rsp=0x1137DFF918 window=2048
client level=info t=618563 ev=probe stage=stall set=frames tid=0x00002D80 f0=exe+0x1AE9B80
client level=info t=618563 ev=probe stage=stall set=stack tid=0x00002658 rip=0x7FFD66761344 rsp=0x11381FFBD8 window=2048
client level=info t=618563 ev=probe stage=stall set=frames tid=0x00002658 f0=exe+0x2686900 f1=exe+0x2686900 f2=exe+0x3C5F69 f3=exe+0x26869E0 f4=exe+0x26869E0 f5=exe+0x3BD893 f6=exe+0x26869E0 f7=exe+0x3BDA99
client level=info t=618563 ev=probe stage=stall set=frames tid=0x00002658 f8=exe+0x26869E0 f9=exe+0x3537B3 f10=exe+0x26869E0 f11=exe+0x353874 f12=exe+0x26869E0 f13=exe+0x2686A04 f14=exe+0x3537D0 f15=exe+0x26869E0
client level=info t=618563 ev=probe stage=stall set=stack tid=0x0000280C rip=0x7FFD66761344 rsp=0x11385FF738 window=2048
client level=info t=618563 ev=probe stage=stall set=frames tid=0x0000280C f0=exe+0x3BDA55 f1=exe+0x26869E0 f2=exe+0x26875E0 f3=exe+0x3537B3 f4=exe+0x26875E0 f5=exe+0x353874 f6=exe+0x26875E0 f7=exe+0x2687604
client level=info t=618563 ev=probe stage=stall set=frames tid=0x0000280C f8=exe+0x3537D0 f9=exe+0x26875E0
client level=info t=618563 ev=probe stage=stall set=stack tid=0x000046C0 rip=0x7FFD69540EE4 rsp=0x11389FFBA8 window=2048
client level=info t=618563 ev=probe stage=stall set=stack tid=0x000028C0 rip=0x7FFD69544A14 rsp=0x11391FF578 window=2048
client level=info t=618578 ev=probe stage=stall set=stack tid=0x00002A4C rip=0x7FFD69544A14 rsp=0x11395FFD18 window=2048
client level=info t=618578 ev=probe stage=stall set=stack tid=0x00001804 rip=0x7FFD69540E44 rsp=0x11399FF7D8 window=2048
client level=info t=618578 ev=probe stage=stall set=stack tid=0x00002DC8 rip=0x7FFD69540E44 rsp=0x1138DFFCF8 window=2048
client level=info t=618578 ev=probe stage=stall set=stack tid=0x00000EB4 rip=0x7FFD69540E44 rsp=0x1139DFF648 window=2048
client level=info t=618578 ev=probe stage=stall set=stack tid=0x00001B80 rip=0x7FFD69540E44 rsp=0x113A1FF628 window=2048
client level=info t=618578 ev=probe stage=stall set=stack tid=0x000005A4 rip=0x7FFD69540E44 rsp=0x113A5FF7D8 window=2048
client level=info t=618578 ev=probe stage=stall set=stack tid=0x00004288 rip=0x7FFD69540E44 rsp=0x113A9FF658 window=2048
client level=info t=618578 ev=probe stage=stall set=stack tid=0x000018A8 rip=0x7FFD69540E44 rsp=0x113ADFF938 window=2048
client level=info t=618578 ev=probe stage=stall set=stack tid=0x000029A8 rip=0x7FFD69540E44 rsp=0x113B1FF7D8 window=2048
client level=info t=618578 ev=probe stage=stall set=stack tid=0x0000225C rip=0x7FFD69540E44 rsp=0x113B5FF618 window=2048
client level=info t=618578 ev=probe stage=stall set=stack tid=0x00001068 rip=0x7FFD69540E44 rsp=0x113B9FF9D8 window=2048
client level=info t=618578 ev=probe stage=stall set=stack tid=0x00000D68 rip=0x7FFD69540E44 rsp=0x113BDFFBC8 window=2048
client level=info t=618578 ev=probe stage=stall set=stack tid=0x000017E0 rip=0x7FFD69544A14 rsp=0x113C1FF788 window=2048
client level=info t=618578 ev=probe stage=stall set=stack tid=0x00003A58 rip=0x7FFD69544A14 rsp=0x113C5FF528 window=2048
client level=info t=618578 ev=probe stage=stall set=stack tid=0x000023E4 rip=0x7FFD69541914 rsp=0x113CDFF418 window=2048
client level=info t=618578 ev=probe stage=stall set=stack tid=0x000006E8 rip=0x7FFD69540E44 rsp=0x113D1FFC88 window=2048
client level=info t=618578 ev=probe stage=stall set=stack tid=0x00004BAC rip=0x7FFD69540E44 rsp=0x113D5FF6C8 window=2048
client level=info t=618578 ev=probe stage=stall set=stack tid=0x000032D8 rip=0x7FFD69540E44 rsp=0x113D9FF9F8 window=2048
client level=info t=618578 ev=probe stage=stall set=stack tid=0x00001FE8 rip=0x7FFD69540E44 rsp=0x113DDFFD38 window=2048
client level=info t=618578 ev=probe stage=stall set=stack tid=0x000045A0 rip=0x7FFD69540E44 rsp=0x113E1FF6A8 window=2048
client level=info t=618578 ev=probe stage=stall set=stack tid=0x00002788 rip=0x7FFD69540E44 rsp=0x113E5FF718 window=2048
client level=info t=618578 ev=probe stage=stall set=stack tid=0x00003538 rip=0x7FFD69540E44 rsp=0x113E9FF8F8 window=2048
client level=info t=618578 ev=probe stage=stall set=stack tid=0x00000E70 rip=0x7FFD69540E44 rsp=0x113EDFFAD8 window=1024
client level=info t=618578 ev=probe stage=stall set=stack tid=0x00003508 rip=0x7FFD69541444 rsp=0x113F1FF698 window=2048
client level=info t=618578 ev=probe stage=stall set=frames tid=0x00003508 f0=exe+0x26869D0 f1=exe+0x11C7C5C f2=exe+0x2E5BEC2 f3=exe+0x3537B3 f4=exe+0x2E5BE90 f5=exe+0x2E5BE90 f6=exe+0x353874 f7=exe+0x2E5BE90
client level=info t=618578 ev=probe stage=stall set=frames tid=0x00003508 f8=exe+0x2E5BEB4 f9=exe+0x3537D0 f10=exe+0x2E5BE90
client level=info t=618578 ev=probe stage=stall set=stack tid=0x000022A4 rip=0x7FFD69540E44 rsp=0x113F5FFE08 window=2048
client level=info t=618578 ev=probe stage=stall set=frames tid=0x000022A4 f0=exe+0x2E79DE3 f1=exe+0x11DB4DB f2=exe+0x2E79DA0 f3=exe+0x3537B3 f4=exe+0x2E79DA0 f5=exe+0x353874 f6=exe+0x2E79DA0 f7=exe+0x2E79DC4
client level=info t=618578 ev=probe stage=stall set=frames tid=0x000022A4 f8=exe+0x3537D0 f9=exe+0x2E79DA0
client level=info t=618578 ev=probe stage=stall set=stack tid=0x000007E0 rip=0x7FFD69544A74 rsp=0x113FDFFB78 window=1024
client level=info t=618578 ev=probe stage=stall set=stack tid=0x00000AF0 rip=0x7FFD69540E44 rsp=0x11405FFC88 window=2048
client level=info t=618578 ev=probe stage=stall set=stack tid=0x000023C4 rip=0x7FFD69540E44 rsp=0x11409FFA58 window=2048
client level=info t=618578 ev=probe stage=stall set=stack tid=0x00003D94 rip=0x7FFD69540E44 rsp=0x1140DFF6D8 window=2048
client level=info t=618578 ev=probe stage=stall set=stack tid=0x00002150 rip=0x7FFD69540E44 rsp=0x11411FF9B8 window=2048
client level=info t=618578 ev=probe stage=stall set=stack tid=0x00000EFC rip=0x7FFD69540E44 rsp=0x11415FF7D8 window=2048
client level=info t=618578 ev=probe stage=stall set=stack tid=0x00000710 rip=0x7FFD69540E44 rsp=0x11419FFC18 window=2048
client level=info t=618578 ev=probe stage=stall set=stack tid=0x000019B8 rip=0x7FFD69540E44 rsp=0x1141DFFA78 window=2048
client level=info t=618578 ev=probe stage=stall set=stack tid=0x00002ABC rip=0x7FFD69540E44 rsp=0x11421FF828 window=2048
client level=info t=618578 ev=probe stage=stall set=stack tid=0x00000C7C rip=0x7FFD69540E44 rsp=0x11425FFA58 window=1024
client level=info t=618578 ev=probe stage=stall set=stack tid=0x000033B4 rip=0x7FFD69540E44 rsp=0x11429FFBE8 window=1024
client level=info t=618578 ev=probe stage=stall set=frames tid=0x000033B4 f0=exe+0x19F8801
client level=info t=618578 ev=probe stage=stall set=stack tid=0x00003470 rip=0x7FFD69540E44 rsp=0x1142DFF8C8 window=1024
client level=info t=618578 ev=probe stage=stall set=frames tid=0x00003470 f0=exe+0x1A07446
client level=info t=618578 ev=probe stage=stall set=stack tid=0x00002848 rip=0x7FFD69541914 rsp=0x11431FF568 window=2048
client level=info t=618578 ev=probe stage=stall set=frames tid=0x00002848 f0=exe+0x199B0E8 f1=exe+0x199B97C f2=exe+0x1A40E79 f3=exe+0x1A41E30
client level=info t=618578 ev=probe stage=stall set=stack tid=0x00002F0C rip=0x7FFD69541914 rsp=0x1143DFF7E8 window=2048
client level=info t=618578 ev=probe stage=stall set=stack tid=0x000015A4 rip=0x7FFD69540E44 rsp=0x11441FF758 window=2048
client level=info t=618578 ev=probe stage=stall set=frames tid=0x000015A4 f0=exe+0x1A914FF f1=own+0x149383 f2=exe+0x39B4FB f3=exe+0x1A8222A
client level=info t=618578 ev=probe stage=stall set=stack tid=0x00000B48 rip=0x7FFD69541914 rsp=0x11445FFA58 window=1024
client level=info t=618578 ev=probe stage=stall set=stack tid=0x00001968 rip=0x7FFD69540E44 rsp=0x11449FFB68 window=2048
client level=info t=618578 ev=probe stage=stall set=frames tid=0x00001968 f0=exe+0x0 f1=exe+0x1F15A90 f2=exe+0x0 f3=exe+0x30FE80 f4=exe+0x30FED2 f5=exe+0x30FE80 f6=exe+0x30FE80 f7=exe+0x129869C
client level=info t=618578 ev=probe stage=stall set=stack tid=0x000024C8 rip=0x7FFD69541914 rsp=0x113F9FF278 window=2048
client level=info t=618578 ev=probe stage=stall set=stack tid=0x00002E2C rip=0x7FFD69541914 rsp=0x113C9FE3B8 window=2048
client level=info t=618578 ev=probe stage=stall set=frames tid=0x00002E2C f0=exe+0x3E8155
client level=info t=618578 ev=probe stage=stall set=stack tid=0x00002CA8 rip=0x7FFD69541444 rsp=0x11451FFAD8 window=2048
client level=info t=618578 ev=probe stage=stall set=frames tid=0x00002CA8 f0=own+0x695A60 f1=own+0x679AE8 f2=own+0x679AC8 f3=own+0x679AC8 f4=own+0x679AE8 f5=own+0x1DA83B f6=own+0x679AC8 f7=own+0x679AE8
client level=info t=618578 ev=probe stage=stall set=stack tid=0x000039A0 rip=0x7FFD69541444 rsp=0x11459FF868 window=2048
client level=info t=618578 ev=probe stage=stall set=frames tid=0x000039A0 f0=exe+0x30E50F0 f1=exe+0x173A58B f2=exe+0x31DA5A0 f3=exe+0x3537B3 f4=exe+0x31DA5A0 f5=exe+0x353874 f6=exe+0x31DA5A0 f7=exe+0x31DA5C4
client level=info t=618578 ev=probe stage=stall set=frames tid=0x000039A0 f8=exe+0x3537D0 f9=exe+0x31DA5A0
client level=info t=618578 ev=probe stage=stall set=stack tid=0x000027C4 rip=0x7FFD69544A14 rsp=0x11439FF978 window=2048
client level=info t=618578 ev=probe stage=stall set=stack tid=0x00001184 rip=0x7FFD69541914 rsp=0x1145DFF798 window=2048
client level=info t=618578 ev=probe stage=stall set=stack tid=0x00002B98 rip=0x7FFD69544A14 rsp=0x11461FEE88 window=2048
client level=info t=618578 ev=probe stage=stall set=frames tid=0x00002B98 f0=exe+0x7C97F8 f1=exe+0x294B57 f2=exe+0x0 f3=exe+0x91790 f4=exe+0x0 f5=exe+0x91790
client level=info t=618578 ev=probe stage=stall set=stack tid=0x00000BD0 rip=0x7FFD69544A14 rsp=0x11465FF008 window=2048
client level=info t=618578 ev=probe stage=stall set=frames tid=0x00000BD0 f0=exe+0x7C97F8 f1=exe+0x294B57 f2=exe+0x0 f3=exe+0x91790 f4=exe+0x0 f5=exe+0x91790
client level=info t=618578 ev=probe stage=stall set=stack tid=0x000027F0 rip=0x7FFD69544A14 rsp=0x11469FEB98 window=2048
client level=info t=618578 ev=probe stage=stall set=frames tid=0x000027F0 f0=exe+0x7C97F8 f1=exe+0x294B57 f2=exe+0x0 f3=exe+0x91790 f4=exe+0x0 f5=exe+0x91790
client level=info t=618578 ev=probe stage=stall set=stack tid=0x00000AE8 rip=0x7FFD69541914 rsp=0x1146DFF4D8 window=2048
client level=info t=618578 ev=probe stage=stall set=stack tid=0x00001AD4 rip=0x7FFD69544A14 rsp=0x11471FF8E8 window=2048
client level=info t=618578 ev=probe stage=stall set=stack tid=0x0000423C rip=0x7FFD69544A14 rsp=0x11475FF788 window=2048
client level=info t=618578 ev=probe stage=stall set=stack tid=0x000033AC rip=0x7FFD69544A14 rsp=0x11479FF568 window=2048
client level=info t=618578 ev=probe stage=stall set=stack tid=0x00001AA8 rip=0x7FFD69544A14 rsp=0x1147DFF798 window=2048
client level=info t=618578 ev=probe stage=stall set=stack tid=0x00002350 rip=0x7FFD69541914 rsp=0x11481FF268 window=2048
client level=info t=618578 ev=probe stage=stall set=stack tid=0x00002DEC rip=0x7FFD69541914 rsp=0x11485FF2E8 window=2048
client level=info t=618578 ev=probe stage=stall set=stack tid=0x00000720 rip=0x7FFD69544A14 rsp=0x11489FF708 window=2048
client level=info t=618578 ev=probe stage=stall set=stack tid=0x00000B0C rip=0x7FFD69541914 rsp=0x1148DFF0C8 window=2048
client level=info t=618578 ev=probe stage=stall set=stack tid=0x00001B14 rip=0x7FFD69544A14 rsp=0x11491FF998 window=2048
client level=info t=618578 ev=probe stage=stall set=stack tid=0x000025BC rip=0x7FFD69541914 rsp=0x11495FEFA8 window=2048
client level=info t=618578 ev=probe stage=stall set=stack tid=0x00003B4C rip=0x7FFD69544A14 rsp=0x11499FFA38 window=2048
client level=info t=618578 ev=probe stage=stall set=stack tid=0x00000A58 rip=0x7FFD69541914 rsp=0x1149DFF378 window=2048
client level=info t=618578 ev=probe stage=stall set=stack tid=0x00002C30 rip=0x7FFD69544A14 rsp=0x114A1FF748 window=2048
client level=info t=618578 ev=probe stage=stall set=stack tid=0x000009EC rip=0x7FFD69544A14 rsp=0x114A5FFAB8 window=1024
client level=info t=618578 ev=probe stage=stall set=stack tid=0x00004EE0 rip=0x7FFD69541914 rsp=0x11455FF478 window=2048
client level=info t=618578 ev=probe stage=stall set=stack tid=0x00002CF4 rip=0x7FFD69544A74 rsp=0x11331FF5A8 window=2048
client level=info t=618578 ev=probe stage=stall set=stack tid=0x00001914 rip=0x7FFD69540EE4 rsp=0x11335FF9C8 window=2048
client level=info t=618578 ev=probe stage=stall set=stack tid=0x000005C4 rip=0x7FFD69544A74 rsp=0x11339FF878 window=2048
client level=info t=618578 ev=probe stage=stall set=stack tid=0x00004824 rip=0x7FFD69544A74 rsp=0x11341FF858 window=2048
client level=info t=619844 ev=nettick stage=sample latch=0 callbacks=42288
client level=error t=619844 ev=assert stage=hit n=14336 repeat=14336 arg0=0 text=hitch detected: mainloop world controller state activity:in_world {{!38!}} job fiber:{{!0x00834002!}} phase:{{!-1!}} iteration:0x0 stalled 
client level=info t=622078 ev=probe stage=hitch step=38 dur=0 gate=0 fa=0x00834000 fa_idle=0 fb=0x00834001 fb_idle=0 fc=0x00834002 fc_idle=0
client level=info t=622078 ev=probe stage=hitch set=wait idx=0 slot=0 tid=0x000031D8 kind=4 age=99991.7 desc="name: 'render_globals_update_and_setup_cascade_shadow_views_job', owner: 'system owner'"
client level=info t=622078 ev=probe stage=hitch set=wait idx=2 slot=2 tid=0x00001B34 kind=4 age=100003.5 desc="fiber:{{!0x00834002!}} phase:{{!-1!}} iteration:0x0"
client level=info t=622078 ev=probe stage=hitch set=ring idx=0 slot=-1 tid=0xFFFFFFFF kind=255 age=14069673984.0 desc="name: 'empty_job', owner: 'system owner'"
client level=info t=622078 ev=probe stage=hitch set=ring idx=1 slot=-1 tid=0xFFFFFFFF kind=255 age=14069673984.0 desc="name: 'empty_job', owner: 'system owner'"
client level=info t=622078 ev=probe stage=hitch set=ring idx=2 slot=-1 tid=0xFFFFFFFF kind=255 age=28008339456.0 desc="name: 'empty_job', owner: 'system owner'"
client level=info t=622078 ev=probe stage=hitch set=ring idx=3 slot=-1 tid=0xFFFFFFFF kind=255 age=14069673984.0 desc="name: 'empty_job', owner: 'system owner'"
client level=info t=622078 ev=probe stage=hitch set=ring idx=4 slot=-1 tid=0xFFFFFFFF kind=255 age=28008339456.0 desc="name: 'empty_job', owner: 'system owner'"
client level=info t=622078 ev=probe stage=hitch set=ring idx=5 slot=-1 tid=0xFFFFFFFF kind=255 age=28008339456.0 desc="name: 'empty_job', owner: 'system owner'"
client level=info t=622078 ev=probe stage=hitch set=ring idx=6 slot=-1 tid=0xFFFFFFFF kind=255 age=14069673984.0 desc="name: 'empty_job', owner: 'system owner'"
client level=info t=622078 ev=probe stage=hitch set=ring idx=7 slot=-1 tid=0xFFFFFFFF kind=255 age=28008339456.0 desc="name: 'empty_job', owner: 'system owner'"
client level=info t=622078 ev=probe stage=hitch set=ring idx=8 slot=-1 tid=0xFFFFFFFF kind=255 age=28008339456.0 desc="name: 'empty_job', owner: 'system owner'"
client level=info t=622078 ev=probe stage=hitch set=ring idx=9 slot=-1 tid=0xFFFFFFFF kind=255 age=28008339456.0 desc="name: 'empty_job', owner: 'system owner'"
client level=info t=622078 ev=probe stage=hitch set=ring idx=10 slot=-1 tid=0xFFFFFFFF kind=255 age=14069673984.0 desc="name: 'empty_job', owner: 'system owner'"
client level=info t=622078 ev=probe stage=hitch set=ring idx=11 slot=-1 tid=0xFFFFFFFF kind=255 age=28008339456.0 desc="name: 'empty_job', owner: 'system owner'"
client level=info t=622078 ev=probe stage=hitch set=ring idx=12 slot=-1 tid=0xFFFFFFFF kind=255 age=14069676032.0 desc="name: 'empty_job', owner: 'system owner'"
client level=info t=622078 ev=probe stage=hitch set=ring idx=13 slot=-1 tid=0xFFFFFFFF kind=255 age=14069673984.0 desc="name: 'empty_job', owner: 'system owner'"
client level=info t=622078 ev=probe stage=hitch set=ring idx=14 slot=-1 tid=0xFFFFFFFF kind=255 age=28008339456.0 desc="name: 'empty_job', owner: 'system owner'"
client level=info t=622078 ev=probe stage=hitch set=ring idx=15 slot=-1 tid=0xFFFFFFFF kind=255 age=28008339456.0 desc="name: 'empty_job', owner: 'system owner'"
client level=info t=622078 ev=probe stage=hitch set=stack tid=0x000031D8 rip=0x7FFD69541444 rsp=0x11359FD638 window=2048
client level=info t=622078 ev=probe stage=hitch set=frames tid=0x000031D8 f0=exe+0x20D6E80 f1=exe+0x20D6E80 f2=exe+0x3550FB f3=exe+0x20D6E38 f4=exe+0x9ED23D f5=exe+0x1DC60C8 f6=exe+0x1DC60D4 f7=exe+0x1B87974
client level=info t=622078 ev=probe stage=hitch set=frames tid=0x000031D8 f8=exe+0x1DC60C8 f9=exe+0x3537B3 f10=exe+0x35ECC44 f11=exe+0x3537B3 f12=exe+0x35ECC44 f13=exe+0x35ECC44 f14=exe+0x3537B3 f15=exe+0x35ECC44
client level=info t=622594 ev=nettick stage=sample latch=0 callbacks=42288
client level=error t=622594 ev=assert stage=hit n=14848 repeat=14848 arg0=0 text=hitch detected: mainloop world controller state activity:in_world {{!38!}} job fiber:{{!0x00834002!}} phase:{{!-1!}} iteration:0x0 stalled 
client level=info t=625375 ev=nettick stage=sample latch=0 callbacks=42288
client level=error t=625375 ev=assert stage=hit n=15360 repeat=15360 arg0=0 text=hitch detected: mainloop world controller state activity:in_world {{!38!}} job fiber:{{!0x00834002!}} phase:{{!-1!}} iteration:0x0 stalled 
client level=info t=628141 ev=nettick stage=sample latch=0 callbacks=42288
client level=error t=628141 ev=assert stage=hit n=15872 repeat=15872 arg0=0 text=hitch detected: mainloop world controller state activity:in_world {{!38!}} job fiber:{{!0x00834002!}} phase:{{!-1!}} iteration:0x0 stalled 
client level=info t=630906 ev=nettick stage=sample latch=0 callbacks=42288
client level=error t=630906 ev=assert stage=hit n=16384 repeat=16384 arg0=0 text=hitch detected: mainloop world controller state activity:in_world {{!38!}} job fiber:{{!0x00834002!}} phase:{{!-1!}} iteration:0x0 stalled 
client level=info t=632078 ev=probe stage=hitch step=38 dur=0 gate=0 fa=0x00834000 fa_idle=0 fb=0x00834001 fb_idle=0 fc=0x00834002 fc_idle=0
client level=info t=632078 ev=probe stage=hitch set=wait idx=0 slot=0 tid=0x000031D8 kind=4 age=109992.5 desc="name: 'render_globals_update_and_setup_cascade_shadow_views_job', owner: 'system owner'"
client level=info t=632078 ev=probe stage=hitch set=wait idx=2 slot=2 tid=0x00001B34 kind=4 age=110004.3 desc="fiber:{{!0x00834002!}} phase:{{!-1!}} iteration:0x0"
client level=info t=632078 ev=probe stage=hitch set=ring idx=0 slot=-1 tid=0xFFFFFFFF kind=255 age=14069673984.0 desc="name: 'empty_job', owner: 'system owner'"
client level=info t=632078 ev=probe stage=hitch set=ring idx=1 slot=-1 tid=0xFFFFFFFF kind=255 age=14069673984.0 desc="name: 'empty_job', owner: 'system owner'"
client level=info t=632078 ev=probe stage=hitch set=ring idx=2 slot=-1 tid=0xFFFFFFFF kind=255 age=28008339456.0 desc="name: 'empty_job', owner: 'system owner'"
client level=info t=632078 ev=probe stage=hitch set=ring idx=3 slot=-1 tid=0xFFFFFFFF kind=255 age=14069673984.0 desc="name: 'empty_job', owner: 'system owner'"
client level=info t=632078 ev=probe stage=hitch set=ring idx=4 slot=-1 tid=0xFFFFFFFF kind=255 age=28008339456.0 desc="name: 'empty_job', owner: 'system owner'"
client level=info t=632078 ev=probe stage=hitch set=ring idx=5 slot=-1 tid=0xFFFFFFFF kind=255 age=28008339456.0 desc="name: 'empty_job', owner: 'system owner'"
client level=info t=632078 ev=probe stage=hitch set=ring idx=6 slot=-1 tid=0xFFFFFFFF kind=255 age=14069673984.0 desc="name: 'empty_job', owner: 'system owner'"
client level=info t=632078 ev=probe stage=hitch set=ring idx=7 slot=-1 tid=0xFFFFFFFF kind=255 age=28008339456.0 desc="name: 'empty_job', owner: 'system owner'"
client level=info t=632078 ev=probe stage=hitch set=ring idx=8 slot=-1 tid=0xFFFFFFFF kind=255 age=28008339456.0 desc="name: 'empty_job', owner: 'system owner'"
client level=info t=632078 ev=probe stage=hitch set=ring idx=9 slot=-1 tid=0xFFFFFFFF kind=255 age=28008339456.0 desc="name: 'empty_job', owner: 'system owner'"
client level=info t=632078 ev=probe stage=hitch set=ring idx=10 slot=-1 tid=0xFFFFFFFF kind=255 age=14069673984.0 desc="name: 'empty_job', owner: 'system owner'"
client level=info t=632078 ev=probe stage=hitch set=ring idx=11 slot=-1 tid=0xFFFFFFFF kind=255 age=28008339456.0 desc="name: 'empty_job', owner: 'system owner'"
client level=info t=632078 ev=probe stage=hitch set=ring idx=12 slot=-1 tid=0xFFFFFFFF kind=255 age=14069676032.0 desc="name: 'empty_job', owner: 'system owner'"
client level=info t=632078 ev=probe stage=hitch set=ring idx=13 slot=-1 tid=0xFFFFFFFF kind=255 age=14069673984.0 desc="name: 'empty_job', owner: 'system owner'"
client level=info t=632078 ev=probe stage=hitch set=ring idx=14 slot=-1 tid=0xFFFFFFFF kind=255 age=28008339456.0 desc="name: 'empty_job', owner: 'system owner'"
client level=info t=632078 ev=probe stage=hitch set=ring idx=15 slot=-1 tid=0xFFFFFFFF kind=255 age=28008339456.0 desc="name: 'empty_job', owner: 'system owner'"
client level=info t=632078 ev=probe stage=hitch set=stack tid=0x000031D8 rip=0x7FFD69541444 rsp=0x11359FD638 window=2048
client level=info t=632078 ev=probe stage=hitch set=frames tid=0x000031D8 f0=exe+0x20D6E80 f1=exe+0x20D6E80 f2=exe+0x3550FB f3=exe+0x20D6E38 f4=exe+0x9ED23D f5=exe+0x1DC60C8 f6=exe+0x1DC60D4 f7=exe+0x1B87974
client level=info t=632078 ev=probe stage=hitch set=frames tid=0x000031D8 f8=exe+0x1DC60C8 f9=exe+0x3537B3 f10=exe+0x35ECC44 f11=exe+0x3537B3 f12=exe+0x35ECC44 f13=exe+0x35ECC44 f14=exe+0x3537B3 f15=exe+0x35ECC44
client level=warn t=633578 ev=probe stage=stall result=detected idle=111250 count=42288
client level=info t=633610 ev=probe stage=stall set=stack tid=0x00003554 rip=0x7FFD69540E44 rsp=0x1132CFF388 window=2048
client level=info t=633610 ev=probe stage=stall set=frames tid=0x00003554 f0=exe+0xB54BE2 f1=exe+0x302465 f2=exe+0xB58F1F f3=exe+0x1C151D8 f4=exe+0x0 f5=exe+0xB5268C f6=exe+0x80DA9B1 f7=exe+0x48564BA
client level=info t=633610 ev=probe stage=stall set=frames tid=0x00003554 f8=exe+0x93FC7 f9=exe+0x0 f10=exe+0x1C151C8
client level=info t=633610 ev=probe stage=stall set=stack tid=0x00002778 rip=0x7FFD69544A74 rsp=0x1133DFF6D8 window=2048
client level=info t=633610 ev=probe stage=stall set=stack tid=0x0000343C rip=0x7FFD69541444 rsp=0x11345FEF18 window=2048
client level=info t=633610 ev=probe stage=stall set=frames tid=0x0000343C f0=exe+0x267D140 f1=exe+0x3B1A77 f2=exe+0x3AFF70 f3=exe+0x4F5C89E f4=exe+0x47DA9CB f5=exe+0x0 f6=exe+0x3FB1A5A f7=exe+0x69533FF
client level=info t=633610 ev=probe stage=stall set=stack tid=0x00002EC8 rip=0x7FFD69544A74 rsp=0x1134DFF7F8 window=2048
client level=info t=633610 ev=probe stage=stall set=stack tid=0x00001E18 rip=0x7FFD69540E44 rsp=0x11351FFDE8 window=512
client level=info t=633610 ev=probe stage=stall set=frames tid=0x00001E18 f0=exe+0x1280280 f1=exe+0x0 f2=exe+0x242CD10 f3=exe+0x1280201 f4=exe+0x3023E5 f5=exe+0x348061 f6=exe+0x7CB8EAA f7=exe+0x7039128
client level=info t=633610 ev=probe stage=stall set=frames tid=0x00001E18 f8=exe+0x128029D f9=exe+0x0 f10=exe+0x1280280 f11=exe+0x129869C
client level=info t=633610 ev=probe stage=stall set=stack tid=0x0000173C rip=0x7FFD69541444 rsp=0x11355F8E38 window=2048
client level=info t=633610 ev=probe stage=stall set=frames tid=0x0000173C f0=exe+0x1299FD0 f1=exe+0x7CB8EAA f2=exe+0x0 f3=exe+0x1299FD0 f4=exe+0x129A08B f5=exe+0x2F24088 f6=exe+0x2F240D4 f7=exe+0x2F23FB0
client level=info t=633610 ev=probe stage=stall set=stack tid=0x000031D8 rip=0x7FFD69541444 rsp=0x11359FD638 window=2048
client level=info t=633610 ev=probe stage=stall set=frames tid=0x000031D8 f0=exe+0x20D6E80 f1=exe+0x20D6E80 f2=exe+0x3550FB f3=exe+0x20D6E38 f4=exe+0x9ED23D f5=exe+0x1DC60C8 f6=exe+0x1DC60D4 f7=exe+0x1B87974
client level=info t=633610 ev=probe stage=stall set=frames tid=0x000031D8 f8=exe+0x1DC60C8 f9=exe+0x3537B3 f10=exe+0x35ECC44 f11=exe+0x3537B3 f12=exe+0x35ECC44 f13=exe+0x35ECC44 f14=exe+0x3537B3 f15=exe+0x35ECC44
client level=info t=633610 ev=probe stage=stall set=stack tid=0x000004E0 rip=0x7FFD69540E44 rsp=0x1135DFFC98 window=512
client level=info t=633610 ev=probe stage=stall set=frames tid=0x000004E0 f0=exe+0x2E59D30 f1=exe+0x302465 f2=exe+0x31D073 f3=exe+0x31D0BA f4=exe+0x318894 f5=exe+0x20D7A38 f6=exe+0x31B241 f7=exe+0x3537B3
client level=info t=633610 ev=probe stage=stall set=frames tid=0x000004E0 f8=exe+0x20D7A38
client level=info t=633610 ev=probe stage=stall set=stack tid=0x00001B34 rip=0x7FFD69541444 rsp=0x11361FE1B8 window=2048
client level=info t=633610 ev=probe stage=stall set=frames tid=0x00001B34 f0=exe+0x20D8680 f1=exe+0x20D8680 f2=exe+0x3550FB f3=exe+0x20D8638 f4=exe+0xC77DA f5=exe+0x1CA3448 f6=exe+0xC61B0 f7=exe+0x1DC60C8
client level=info t=633610 ev=probe stage=stall set=frames tid=0x00001B34 f8=exe+0x1DC60D4 f9=exe+0x1B87974 f10=exe+0x1DC60C8 f11=exe+0x3537B3 f12=exe+0x35ECC44 f13=exe+0x3537B3 f14=exe+0x35ECC44 f15=exe+0x35ECC44
client level=info t=633610 ev=probe stage=stall set=stack tid=0x0000427C rip=0x7FFD69540E44 rsp=0x11365FF538 window=2048
client level=info t=633610 ev=probe stage=stall set=frames tid=0x0000427C f0=exe+0x302465 f1=exe+0x31D073 f2=exe+0x31D0BA f3=exe+0x318894 f4=exe+0x20D9238 f5=exe+0x31B241 f6=exe+0x3537B3 f7=exe+0x20D9238
client level=info t=633610 ev=probe stage=stall set=frames tid=0x0000427C f8=exe+0x20D9238 f9=exe+0x353874 f10=exe+0x20D9238 f11=exe+0x20D925C f12=exe+0x3537D0 f13=exe+0x20D9238
client level=info t=633610 ev=probe stage=stall set=stack tid=0x00001188 rip=0x7FFD69540E44 rsp=0x11369FFC08 window=512
client level=info t=633610 ev=probe stage=stall set=frames tid=0x00001188 f0=exe+0x2E5B380 f1=exe+0x302465 f2=exe+0x31D073 f3=exe+0x31D0BA f4=exe+0x318894 f5=exe+0x20D9E38 f6=exe+0x31B241 f7=exe+0x3537B3
client level=info t=633610 ev=probe stage=stall set=frames tid=0x00001188 f8=exe+0x20D9E38
client level=info t=633610 ev=probe stage=stall set=stack tid=0x00004234 rip=0x7FFD69540E44 rsp=0x1136DFF618 window=2048
client level=info t=633610 ev=probe stage=stall set=frames tid=0x00004234 f0=exe+0x302465 f1=exe+0x31D073 f2=exe+0x31D0BA f3=exe+0x318894 f4=exe+0x20DAA38 f5=exe+0x31B241 f6=exe+0x3537B3 f7=exe+0x20DAA38
client level=info t=633610 ev=probe stage=stall set=frames tid=0x00004234 f8=exe+0x20DAA38 f9=exe+0x353874 f10=exe+0x20DAA38 f11=exe+0x20DAA5C f12=exe+0x3537D0 f13=exe+0x20DAA38
client level=info t=633610 ev=probe stage=stall set=stack tid=0x000037C0 rip=0x7FFD69540E44 rsp=0x11371FF918 window=1024
client level=info t=633610 ev=probe stage=stall set=frames tid=0x000037C0 f0=exe+0x302465 f1=exe+0x31D073 f2=exe+0x31D0BA f3=exe+0x318894 f4=exe+0x20EEE48 f5=exe+0x31B241 f6=exe+0x3537B3 f7=exe+0x20EEE48
client level=info t=633610 ev=probe stage=stall set=frames tid=0x000037C0 f8=exe+0x20EEE48 f9=exe+0x353874 f10=exe+0x20EEE48 f11=exe+0x20EEE6C f12=exe+0x3537D0 f13=exe+0x20EEE48
client level=info t=633610 ev=probe stage=stall set=stack tid=0x00002688 rip=0x7FFD69540E44 rsp=0x11375FFBE8 window=2048
client level=info t=633610 ev=probe stage=stall set=frames tid=0x00002688 f0=exe+0x302465 f1=exe+0x31D073 f2=exe+0x31D0BA f3=exe+0x318894 f4=exe+0x20EFA48 f5=exe+0x31B241 f6=exe+0x3537B3 f7=exe+0x20EFA48
client level=info t=633610 ev=probe stage=stall set=frames tid=0x00002688 f8=exe+0x20EFA48 f9=exe+0x353874 f10=exe+0x20EFA48 f11=exe+0x20EFA6C f12=exe+0x3537D0 f13=exe+0x20EFA48
client level=info t=633610 ev=probe stage=stall set=stack tid=0x00004AE0 rip=0x7FFD69541444 rsp=0x11379FF528 window=2048
client level=info t=633610 ev=probe stage=stall set=frames tid=0x00004AE0 f0=exe+0x1AEBDFF
client level=info t=633610 ev=probe stage=stall set=stack tid=0x00002D80 rip=0x7FFD69540E44 rsp=0x1137DFF918 window=2048
client level=info t=633610 ev=probe stage=stall set=frames tid=0x00002D80 f0=exe+0x1AE9B80
client level=info t=633610 ev=probe stage=stall set=stack tid=0x00002658 rip=0x7FFD66761344 rsp=0x11381FFBD8 window=2048
client level=info t=633610 ev=probe stage=stall set=frames tid=0x00002658 f0=exe+0x2686900 f1=exe+0x2686900 f2=exe+0x3C5F69 f3=exe+0x26869E0 f4=exe+0x26869E0 f5=exe+0x3BD893 f6=exe+0x26869E0 f7=exe+0x3BDA99
client level=info t=633610 ev=probe stage=stall set=frames tid=0x00002658 f8=exe+0x26869E0 f9=exe+0x3537B3 f10=exe+0x26869E0 f11=exe+0x353874 f12=exe+0x26869E0 f13=exe+0x2686A04 f14=exe+0x3537D0 f15=exe+0x26869E0
client level=info t=633610 ev=probe stage=stall set=stack tid=0x0000280C rip=0x7FFD66761344 rsp=0x11385FF738 window=2048
client level=info t=633610 ev=probe stage=stall set=frames tid=0x0000280C f0=exe+0x3BDA55 f1=exe+0x26869E0 f2=exe+0x26875E0 f3=exe+0x3537B3 f4=exe+0x26875E0 f5=exe+0x353874 f6=exe+0x26875E0 f7=exe+0x2687604
client level=info t=633610 ev=probe stage=stall set=frames tid=0x0000280C f8=exe+0x3537D0 f9=exe+0x26875E0
client level=info t=633610 ev=probe stage=stall set=stack tid=0x000046C0 rip=0x7FFD69540EE4 rsp=0x11389FFBA8 window=2048
client level=info t=633610 ev=probe stage=stall set=stack tid=0x000028C0 rip=0x7FFD69544A14 rsp=0x11391FF578 window=2048
client level=info t=633610 ev=probe stage=stall set=stack tid=0x00002A4C rip=0x7FFD69544A14 rsp=0x11395FFD18 window=2048
client level=info t=633610 ev=probe stage=stall set=stack tid=0x00001804 rip=0x7FFD69540E44 rsp=0x11399FF7D8 window=2048
client level=info t=633610 ev=probe stage=stall set=stack tid=0x00002DC8 rip=0x7FFD69540E44 rsp=0x1138DFFCF8 window=2048
client level=info t=633610 ev=probe stage=stall set=stack tid=0x00000EB4 rip=0x7FFD69540E44 rsp=0x1139DFF648 window=2048
client level=info t=633610 ev=probe stage=stall set=stack tid=0x00001B80 rip=0x7FFD69540E44 rsp=0x113A1FF628 window=2048
client level=info t=633610 ev=probe stage=stall set=stack tid=0x000005A4 rip=0x7FFD69540E44 rsp=0x113A5FF7D8 window=2048
client level=info t=633610 ev=probe stage=stall set=stack tid=0x00004288 rip=0x7FFD69540E44 rsp=0x113A9FF658 window=2048
client level=info t=633610 ev=probe stage=stall set=stack tid=0x000018A8 rip=0x7FFD69540E44 rsp=0x113ADFF938 window=2048
client level=info t=633610 ev=probe stage=stall set=stack tid=0x000029A8 rip=0x7FFD69540E44 rsp=0x113B1FF7D8 window=2048
client level=info t=633610 ev=probe stage=stall set=stack tid=0x0000225C rip=0x7FFD69540E44 rsp=0x113B5FF618 window=2048
client level=info t=633610 ev=probe stage=stall set=stack tid=0x00001068 rip=0x7FFD69540E44 rsp=0x113B9FF9D8 window=2048
client level=info t=633610 ev=probe stage=stall set=stack tid=0x00000D68 rip=0x7FFD69540E44 rsp=0x113BDFFBC8 window=2048
client level=info t=633610 ev=probe stage=stall set=stack tid=0x000017E0 rip=0x7FFD69544A14 rsp=0x113C1FF788 window=2048
client level=info t=633610 ev=probe stage=stall set=stack tid=0x00003A58 rip=0x7FFD69544A14 rsp=0x113C5FF528 window=2048
client level=info t=633610 ev=probe stage=stall set=stack tid=0x000023E4 rip=0x7FFD69541914 rsp=0x113CDFF418 window=2048
client level=info t=633610 ev=probe stage=stall set=stack tid=0x000006E8 rip=0x7FFD69540E44 rsp=0x113D1FFC88 window=2048
client level=info t=633610 ev=probe stage=stall set=stack tid=0x00004BAC rip=0x7FFD69540E44 rsp=0x113D5FF6C8 window=2048
client level=info t=633610 ev=probe stage=stall set=stack tid=0x000032D8 rip=0x7FFD69540E44 rsp=0x113D9FF9F8 window=2048
client level=info t=633610 ev=probe stage=stall set=stack tid=0x00001FE8 rip=0x7FFD69540E44 rsp=0x113DDFFD38 window=2048
client level=info t=633610 ev=probe stage=stall set=stack tid=0x000045A0 rip=0x7FFD69540E44 rsp=0x113E1FF6A8 window=2048
client level=info t=633610 ev=probe stage=stall set=stack tid=0x00002788 rip=0x7FFD69540E44 rsp=0x113E5FF718 window=2048
client level=info t=633610 ev=probe stage=stall set=stack tid=0x00003538 rip=0x7FFD69540E44 rsp=0x113E9FF8F8 window=2048
client level=info t=633610 ev=probe stage=stall set=stack tid=0x00000E70 rip=0x7FFD69540E44 rsp=0x113EDFFAD8 window=1024
client level=info t=633610 ev=probe stage=stall set=stack tid=0x00003508 rip=0x7FFD69541444 rsp=0x113F1FF698 window=2048
client level=info t=633610 ev=probe stage=stall set=frames tid=0x00003508 f0=exe+0x26869D0 f1=exe+0x11C7C5C f2=exe+0x2E5BEC2 f3=exe+0x3537B3 f4=exe+0x2E5BE90 f5=exe+0x2E5BE90 f6=exe+0x353874 f7=exe+0x2E5BE90
client level=info t=633610 ev=probe stage=stall set=frames tid=0x00003508 f8=exe+0x2E5BEB4 f9=exe+0x3537D0 f10=exe+0x2E5BE90
client level=info t=633610 ev=probe stage=stall set=stack tid=0x000022A4 rip=0x7FFD69540E44 rsp=0x113F5FFE08 window=2048
client level=info t=633610 ev=probe stage=stall set=frames tid=0x000022A4 f0=exe+0x2E79DE3 f1=exe+0x11DB4DB f2=exe+0x2E79DA0 f3=exe+0x3537B3 f4=exe+0x2E79DA0 f5=exe+0x353874 f6=exe+0x2E79DA0 f7=exe+0x2E79DC4
client level=info t=633610 ev=probe stage=stall set=frames tid=0x000022A4 f8=exe+0x3537D0 f9=exe+0x2E79DA0
client level=info t=633610 ev=probe stage=stall set=stack tid=0x000007E0 rip=0x7FFD69544A74 rsp=0x113FDFFB78 window=1024
client level=info t=633610 ev=probe stage=stall set=stack tid=0x00000AF0 rip=0x7FFD69540E44 rsp=0x11405FFC88 window=2048
client level=info t=633610 ev=probe stage=stall set=stack tid=0x000023C4 rip=0x7FFD69540E44 rsp=0x11409FFA58 window=2048
client level=info t=633610 ev=probe stage=stall set=stack tid=0x00003D94 rip=0x7FFD69540E44 rsp=0x1140DFF6D8 window=2048
client level=info t=633610 ev=probe stage=stall set=stack tid=0x00002150 rip=0x7FFD69540E44 rsp=0x11411FF9B8 window=2048
client level=info t=633610 ev=probe stage=stall set=stack tid=0x00000EFC rip=0x7FFD69540E44 rsp=0x11415FF7D8 window=2048
client level=info t=633610 ev=probe stage=stall set=stack tid=0x00000710 rip=0x7FFD69540E44 rsp=0x11419FFC18 window=2048
client level=info t=633610 ev=probe stage=stall set=stack tid=0x000019B8 rip=0x7FFD69540E44 rsp=0x1141DFFA78 window=2048
client level=info t=633610 ev=probe stage=stall set=stack tid=0x00002ABC rip=0x7FFD69540E44 rsp=0x11421FF828 window=2048
client level=info t=633610 ev=probe stage=stall set=stack tid=0x00000C7C rip=0x7FFD69540E44 rsp=0x11425FFA58 window=1024
client level=info t=633610 ev=probe stage=stall set=stack tid=0x000033B4 rip=0x7FFD69540E44 rsp=0x11429FFBE8 window=1024
client level=info t=633610 ev=probe stage=stall set=frames tid=0x000033B4 f0=exe+0x19F8801
client level=info t=633610 ev=probe stage=stall set=stack tid=0x00003470 rip=0x7FFD69540E44 rsp=0x1142DFF8C8 window=1024
client level=info t=633610 ev=probe stage=stall set=frames tid=0x00003470 f0=exe+0x1A07446
client level=info t=633610 ev=probe stage=stall set=stack tid=0x00002848 rip=0x7FFD69541914 rsp=0x11431FF568 window=2048
client level=info t=633610 ev=probe stage=stall set=frames tid=0x00002848 f0=exe+0x199B0E8 f1=exe+0x199B97C f2=exe+0x1A40E79 f3=exe+0x1A41E30
client level=info t=633610 ev=probe stage=stall set=stack tid=0x00002F0C rip=0x7FFD69541914 rsp=0x1143DFF7E8 window=2048
client level=info t=633610 ev=probe stage=stall set=stack tid=0x000015A4 rip=0x7FFD69540E44 rsp=0x11441FF758 window=2048
client level=info t=633610 ev=probe stage=stall set=frames tid=0x000015A4 f0=exe+0x1A914FF f1=own+0x149383 f2=exe+0x39B4FB f3=exe+0x1A8222A
client level=info t=633610 ev=probe stage=stall set=stack tid=0x00000B48 rip=0x7FFD69541914 rsp=0x11445FFA58 window=1024
client level=info t=633610 ev=probe stage=stall set=stack tid=0x00001968 rip=0x7FFD69540E44 rsp=0x11449FFB68 window=2048
client level=info t=633610 ev=probe stage=stall set=frames tid=0x00001968 f0=exe+0x0 f1=exe+0x1F15A90 f2=exe+0x0 f3=exe+0x30FE80 f4=exe+0x30FED2 f5=exe+0x30FE80 f6=exe+0x30FE80 f7=exe+0x129869C
client level=info t=633610 ev=probe stage=stall set=stack tid=0x000024C8 rip=0x7FFD69541914 rsp=0x113F9FF278 window=2048
client level=info t=633610 ev=probe stage=stall set=stack tid=0x00002E2C rip=0x7FFD69541914 rsp=0x113C9FE3B8 window=2048
client level=info t=633610 ev=probe stage=stall set=frames tid=0x00002E2C f0=exe+0x3E8155
client level=info t=633610 ev=probe stage=stall set=stack tid=0x00002CA8 rip=0x7FFD69541444 rsp=0x11451FFAD8 window=2048
client level=info t=633610 ev=probe stage=stall set=frames tid=0x00002CA8 f0=own+0x695A60 f1=own+0x679AE8 f2=own+0x679AC8 f3=own+0x679AC8 f4=own+0x679AE8 f5=own+0x1DA83B f6=own+0x679AC8 f7=own+0x679AE8
client level=info t=633610 ev=probe stage=stall set=stack tid=0x000039A0 rip=0x7FFD69541444 rsp=0x11459FF868 window=2048
client level=info t=633610 ev=probe stage=stall set=frames tid=0x000039A0 f0=exe+0x31DA0A0 f1=exe+0x173A58B f2=exe+0x31DA5A0 f3=exe+0x3537B3 f4=exe+0x31DA5A0 f5=exe+0x353874 f6=exe+0x31DA5A0 f7=exe+0x31DA5C4
client level=info t=633610 ev=probe stage=stall set=frames tid=0x000039A0 f8=exe+0x3537D0 f9=exe+0x31DA5A0
client level=info t=633610 ev=probe stage=stall set=stack tid=0x000027C4 rip=0x7FFD69544A14 rsp=0x11439FF978 window=2048
client level=info t=633610 ev=probe stage=stall set=stack tid=0x00001184 rip=0x7FFD69541914 rsp=0x1145DFF798 window=2048
client level=info t=633610 ev=probe stage=stall set=stack tid=0x00002B98 rip=0x7FFD69544A14 rsp=0x11461FEE88 window=2048
client level=info t=633610 ev=probe stage=stall set=frames tid=0x00002B98 f0=exe+0x7C97F8 f1=exe+0x294B57 f2=exe+0x0 f3=exe+0x91790 f4=exe+0x0 f5=exe+0x91790
client level=info t=633610 ev=probe stage=stall set=stack tid=0x00000BD0 rip=0x7FFD69544A14 rsp=0x11465FF008 window=2048
client level=info t=633610 ev=probe stage=stall set=frames tid=0x00000BD0 f0=exe+0x7C97F8 f1=exe+0x294B57 f2=exe+0x0 f3=exe+0x91790 f4=exe+0x0 f5=exe+0x91790
client level=info t=633610 ev=probe stage=stall set=stack tid=0x000027F0 rip=0x7FFD69544A14 rsp=0x11469FEB98 window=2048
client level=info t=633610 ev=probe stage=stall set=frames tid=0x000027F0 f0=exe+0x7C97F8 f1=exe+0x294B57 f2=exe+0x0 f3=exe+0x91790 f4=exe+0x0 f5=exe+0x91790
client level=info t=633610 ev=probe stage=stall set=stack tid=0x00000AE8 rip=0x7FFD69541914 rsp=0x1146DFF4D8 window=2048
client level=info t=633610 ev=probe stage=stall set=stack tid=0x00001AD4 rip=0x7FFD69544A14 rsp=0x11471FF8E8 window=2048
client level=info t=633610 ev=probe stage=stall set=stack tid=0x0000423C rip=0x7FFD69544A14 rsp=0x11475FF788 window=2048
client level=info t=633610 ev=probe stage=stall set=stack tid=0x000033AC rip=0x7FFD69544A14 rsp=0x11479FF568 window=2048
client level=info t=633610 ev=probe stage=stall set=stack tid=0x00001AA8 rip=0x7FFD69544A14 rsp=0x1147DFF798 window=2048
client level=info t=633610 ev=probe stage=stall set=stack tid=0x00002350 rip=0x7FFD69541914 rsp=0x11481FF268 window=2048
client level=info t=633610 ev=probe stage=stall set=stack tid=0x00002DEC rip=0x7FFD69541914 rsp=0x11485FF2E8 window=2048
client level=info t=633610 ev=probe stage=stall set=stack tid=0x00000720 rip=0x7FFD69544A14 rsp=0x11489FF708 window=2048
client level=info t=633610 ev=probe stage=stall set=stack tid=0x00000B0C rip=0x7FFD69541914 rsp=0x1148DFF0C8 window=2048
client level=info t=633610 ev=probe stage=stall set=stack tid=0x00001B14 rip=0x7FFD69544A14 rsp=0x11491FF998 window=2048
client level=info t=633610 ev=probe stage=stall set=stack tid=0x000025BC rip=0x7FFD69541914 rsp=0x11495FEFA8 window=2048
client level=info t=633610 ev=probe stage=stall set=stack tid=0x00003B4C rip=0x7FFD69544A14 rsp=0x11499FFA38 window=2048
client level=info t=633610 ev=probe stage=stall set=stack tid=0x00000A58 rip=0x7FFD69541914 rsp=0x1149DFF378 window=2048
client level=info t=633610 ev=probe stage=stall set=stack tid=0x00002C30 rip=0x7FFD69544A14 rsp=0x114A1FF748 window=2048
client level=info t=633610 ev=probe stage=stall set=stack tid=0x000009EC rip=0x7FFD69544A14 rsp=0x114A5FFAB8 window=1024
client level=info t=633610 ev=probe stage=stall set=stack tid=0x00004EE0 rip=0x7FFD69541914 rsp=0x11455FF478 window=2048
client level=info t=633610 ev=probe stage=stall set=stack tid=0x00002CF4 rip=0x7FFD69544A74 rsp=0x11331FF5A8 window=2048
client level=info t=633610 ev=probe stage=stall set=stack tid=0x00001914 rip=0x7FFD69540EE4 rsp=0x11335FF9C8 window=2048
client level=info t=633610 ev=probe stage=stall set=stack tid=0x000005C4 rip=0x7FFD69544A74 rsp=0x11339FF878 window=2048
client level=info t=633610 ev=probe stage=stall set=stack tid=0x00004824 rip=0x7FFD69544A74 rsp=0x11341FF858 window=2048
client level=info t=633672 ev=nettick stage=sample latch=0 callbacks=42288
client level=error t=633672 ev=assert stage=hit n=16896 repeat=16896 arg0=0 text=hitch detected: mainloop world controller state activity:in_world {{!38!}} job fiber:{{!0x00834002!}} phase:{{!-1!}} iteration:0x0 stalled 
client level=info t=636438 ev=nettick stage=sample latch=0 callbacks=42288
client level=error t=636438 ev=assert stage=hit n=17408 repeat=17408 arg0=0 text=hitch detected: mainloop world controller state activity:in_world {{!38!}} job fiber:{{!0x00834002!}} phase:{{!-1!}} iteration:0x0 stalled 
client level=info t=639203 ev=nettick stage=sample latch=0 callbacks=42288
client level=error t=639203 ev=assert stage=hit n=17920 repeat=17920 arg0=0 text=hitch detected: mainloop world controller state activity:in_world {{!38!}} job fiber:{{!0x00834002!}} phase:{{!-1!}} iteration:0x0 stalled 
client level=info t=641969 ev=nettick stage=sample latch=0 callbacks=42288
client level=error t=641969 ev=assert stage=hit n=18432 repeat=18432 arg0=0 text=hitch detected: mainloop world controller state activity:in_world {{!38!}} job fiber:{{!0x00834002!}} phase:{{!-1!}} iteration:0x0 stalled 
client level=info t=642078 ev=probe stage=hitch step=38 dur=0 gate=0 fa=0x00834000 fa_idle=0 fb=0x00834001 fb_idle=0 fc=0x00834002 fc_idle=0
client level=info t=642078 ev=probe stage=hitch set=wait idx=0 slot=0 tid=0x000031D8 kind=4 age=119993.6 desc="name: 'render_globals_update_and_setup_cascade_shadow_views_job', owner: 'system owner'"
client level=info t=642078 ev=probe stage=hitch set=wait idx=2 slot=2 tid=0x00001B34 kind=4 age=120005.4 desc="fiber:{{!0x00834002!}} phase:{{!-1!}} iteration:0x0"
client level=info t=642078 ev=probe stage=hitch set=ring idx=0 slot=-1 tid=0xFFFFFFFF kind=255 age=14069673984.0 desc="name: 'empty_job', owner: 'system owner'"
client level=info t=642078 ev=probe stage=hitch set=ring idx=1 slot=-1 tid=0xFFFFFFFF kind=255 age=14069673984.0 desc="name: 'empty_job', owner: 'system owner'"
client level=info t=642078 ev=probe stage=hitch set=ring idx=2 slot=-1 tid=0xFFFFFFFF kind=255 age=28008339456.0 desc="name: 'empty_job', owner: 'system owner'"
client level=info t=642078 ev=probe stage=hitch set=ring idx=3 slot=-1 tid=0xFFFFFFFF kind=255 age=14069673984.0 desc="name: 'empty_job', owner: 'system owner'"
client level=info t=642078 ev=probe stage=hitch set=ring idx=4 slot=-1 tid=0xFFFFFFFF kind=255 age=28008339456.0 desc="name: 'empty_job', owner: 'system owner'"
client level=info t=642078 ev=probe stage=hitch set=ring idx=5 slot=-1 tid=0xFFFFFFFF kind=255 age=28008339456.0 desc="name: 'empty_job', owner: 'system owner'"
client level=info t=642078 ev=probe stage=hitch set=ring idx=6 slot=-1 tid=0xFFFFFFFF kind=255 age=14069673984.0 desc="name: 'empty_job', owner: 'system owner'"
client level=info t=642078 ev=probe stage=hitch set=ring idx=7 slot=-1 tid=0xFFFFFFFF kind=255 age=28008339456.0 desc="name: 'empty_job', owner: 'system owner'"
client level=info t=642078 ev=probe stage=hitch set=ring idx=8 slot=-1 tid=0xFFFFFFFF kind=255 age=28008339456.0 desc="name: 'empty_job', owner: 'system owner'"
client level=info t=642078 ev=probe stage=hitch set=ring idx=9 slot=-1 tid=0xFFFFFFFF kind=255 age=28008339456.0 desc="name: 'empty_job', owner: 'system owner'"
client level=info t=642078 ev=probe stage=hitch set=ring idx=10 slot=-1 tid=0xFFFFFFFF kind=255 age=14069673984.0 desc="name: 'empty_job', owner: 'system owner'"
client level=info t=642078 ev=probe stage=hitch set=ring idx=11 slot=-1 tid=0xFFFFFFFF kind=255 age=28008339456.0 desc="name: 'empty_job', owner: 'system owner'"
client level=info t=642078 ev=probe stage=hitch set=ring idx=12 slot=-1 tid=0xFFFFFFFF kind=255 age=14069676032.0 desc="name: 'empty_job', owner: 'system owner'"
client level=info t=642078 ev=probe stage=hitch set=ring idx=13 slot=-1 tid=0xFFFFFFFF kind=255 age=14069673984.0 desc="name: 'empty_job', owner: 'system owner'"
client level=info t=642078 ev=probe stage=hitch set=ring idx=14 slot=-1 tid=0xFFFFFFFF kind=255 age=28008339456.0 desc="name: 'empty_job', owner: 'system owner'"
client level=info t=642078 ev=probe stage=hitch set=ring idx=15 slot=-1 tid=0xFFFFFFFF kind=255 age=28008339456.0 desc="name: 'empty_job', owner: 'system owner'"
client level=info t=642078 ev=probe stage=hitch set=stack tid=0x000031D8 rip=0x7FFD69541444 rsp=0x11359FD638 window=2048
client level=info t=642078 ev=probe stage=hitch set=frames tid=0x000031D8 f0=exe+0x20D6E80 f1=exe+0x20D6E80 f2=exe+0x3550FB f3=exe+0x20D6E38 f4=exe+0x9ED23D f5=exe+0x1DC60C8 f6=exe+0x1DC60D4 f7=exe+0x1B87974
client level=info t=642078 ev=probe stage=hitch set=frames tid=0x000031D8 f8=exe+0x1DC60C8 f9=exe+0x3537B3 f10=exe+0x35ECC44 f11=exe+0x3537B3 f12=exe+0x35ECC44 f13=exe+0x35ECC44 f14=exe+0x3537B3 f15=exe+0x35ECC44
client level=info t=644735 ev=nettick stage=sample latch=0 callbacks=42288
client level=error t=644735 ev=assert stage=hit n=18944 repeat=18944 arg0=0 text=hitch detected: mainloop world controller state activity:in_world {{!38!}} job fiber:{{!0x00834002!}} phase:{{!-1!}} iteration:0x0 stalled 
client level=info t=647485 ev=nettick stage=sample latch=0 callbacks=42288
client level=error t=647485 ev=assert stage=hit n=19456 repeat=19456 arg0=0 text=hitch detected: mainloop world controller state activity:in_world {{!38!}} job fiber:{{!0x00834002!}} phase:{{!-1!}} iteration:0x0 stalled 
client level=info t=650250 ev=nettick stage=sample latch=0 callbacks=42288
client level=error t=650250 ev=assert stage=hit n=19968 repeat=19968 arg0=0 text=hitch detected: mainloop world controller state activity:in_world {{!38!}} job fiber:{{!0x00834002!}} phase:{{!-1!}} iteration:0x0 stalled 
client level=info t=652078 ev=probe stage=hitch step=38 dur=0 gate=0 fa=0x00834000 fa_idle=0 fb=0x00834001 fb_idle=0 fc=0x00834002 fc_idle=0
client level=info t=652078 ev=probe stage=hitch set=wait idx=0 slot=0 tid=0x000031D8 kind=4 age=129990.4 desc="name: 'render_globals_update_and_setup_cascade_shadow_views_job', owner: 'system owner'"
client level=info t=652078 ev=probe stage=hitch set=wait idx=2 slot=2 tid=0x00001B34 kind=4 age=130002.2 desc="fiber:{{!0x00834002!}} phase:{{!-1!}} iteration:0x0"
client level=info t=652078 ev=probe stage=hitch set=ring idx=0 slot=-1 tid=0xFFFFFFFF kind=255 age=14069673984.0 desc="name: 'empty_job', owner: 'system owner'"
client level=info t=652078 ev=probe stage=hitch set=ring idx=1 slot=-1 tid=0xFFFFFFFF kind=255 age=14069673984.0 desc="name: 'empty_job', owner: 'system owner'"
client level=info t=652078 ev=probe stage=hitch set=ring idx=2 slot=-1 tid=0xFFFFFFFF kind=255 age=28008339456.0 desc="name: 'empty_job', owner: 'system owner'"
client level=info t=652078 ev=probe stage=hitch set=ring idx=3 slot=-1 tid=0xFFFFFFFF kind=255 age=14069673984.0 desc="name: 'empty_job', owner: 'system owner'"
client level=info t=652078 ev=probe stage=hitch set=ring idx=4 slot=-1 tid=0xFFFFFFFF kind=255 age=28008339456.0 desc="name: 'empty_job', owner: 'system owner'"
client level=info t=652078 ev=probe stage=hitch set=ring idx=5 slot=-1 tid=0xFFFFFFFF kind=255 age=28008339456.0 desc="name: 'empty_job', owner: 'system owner'"
client level=info t=652078 ev=probe stage=hitch set=ring idx=6 slot=-1 tid=0xFFFFFFFF kind=255 age=14069673984.0 desc="name: 'empty_job', owner: 'system owner'"
client level=info t=652078 ev=probe stage=hitch set=ring idx=7 slot=-1 tid=0xFFFFFFFF kind=255 age=28008339456.0 desc="name: 'empty_job', owner: 'system owner'"
client level=info t=652078 ev=probe stage=hitch set=ring idx=8 slot=-1 tid=0xFFFFFFFF kind=255 age=28008339456.0 desc="name: 'empty_job', owner: 'system owner'"
client level=info t=652078 ev=probe stage=hitch set=ring idx=9 slot=-1 tid=0xFFFFFFFF kind=255 age=28008339456.0 desc="name: 'empty_job', owner: 'system owner'"
client level=info t=652078 ev=probe stage=hitch set=ring idx=10 slot=-1 tid=0xFFFFFFFF kind=255 age=14069673984.0 desc="name: 'empty_job', owner: 'system owner'"
client level=info t=652078 ev=probe stage=hitch set=ring idx=11 slot=-1 tid=0xFFFFFFFF kind=255 age=28008339456.0 desc="name: 'empty_job', owner: 'system owner'"
client level=info t=652078 ev=probe stage=hitch set=ring idx=12 slot=-1 tid=0xFFFFFFFF kind=255 age=14069676032.0 desc="name: 'empty_job', owner: 'system owner'"
client level=info t=652078 ev=probe stage=hitch set=ring idx=13 slot=-1 tid=0xFFFFFFFF kind=255 age=14069673984.0 desc="name: 'empty_job', owner: 'system owner'"
client level=info t=652078 ev=probe stage=hitch set=ring idx=14 slot=-1 tid=0xFFFFFFFF kind=255 age=28008339456.0 desc="name: 'empty_job', owner: 'system owner'"
client level=info t=652078 ev=probe stage=hitch set=ring idx=15 slot=-1 tid=0xFFFFFFFF kind=255 age=28008339456.0 desc="name: 'empty_job', owner: 'system owner'"
client level=info t=652078 ev=probe stage=hitch set=stack tid=0x000031D8 rip=0x7FFD69541444 rsp=0x11359FD638 window=2048
client level=info t=652078 ev=probe stage=hitch set=frames tid=0x000031D8 f0=exe+0x20D6E80 f1=exe+0x20D6E80 f2=exe+0x3550FB f3=exe+0x20D6E38 f4=exe+0x9ED23D f5=exe+0x1DC60C8 f6=exe+0x1DC60D4 f7=exe+0x1B87974
client level=info t=652078 ev=probe stage=hitch set=frames tid=0x000031D8 f8=exe+0x1DC60C8 f9=exe+0x3537B3 f10=exe+0x35ECC44 f11=exe+0x3537B3 f12=exe+0x35ECC44 f13=exe+0x35ECC44 f14=exe+0x3537B3 f15=exe+0x35ECC44
client level=info t=653016 ev=nettick stage=sample latch=0 callbacks=42288
client level=error t=653016 ev=assert stage=hit n=20480 repeat=20480 arg0=0 text=hitch detected: mainloop world controller state activity:in_world {{!38!}} job fiber:{{!0x00834002!}} phase:{{!-1!}} iteration:0x0 stalled 
client level=info t=655766 ev=nettick stage=sample latch=0 callbacks=42288
client level=error t=655766 ev=assert stage=hit n=20992 repeat=20992 arg0=0 text=hitch detected: mainloop world controller state activity:in_world {{!38!}} job fiber:{{!0x00834002!}} phase:{{!-1!}} iteration:0x0 stalled 
client level=info t=658531 ev=nettick stage=sample latch=0 callbacks=42288
client level=error t=658531 ev=assert stage=hit n=21504 repeat=21504 arg0=0 text=hitch detected: mainloop world controller state activity:in_world {{!38!}} job fiber:{{!0x00834002!}} phase:{{!-1!}} iteration:0x0 stalled 
client level=info t=661313 ev=nettick stage=sample latch=0 callbacks=42288
client level=error t=661313 ev=assert stage=hit n=22016 repeat=22016 arg0=0 text=hitch detected: mainloop world controller state activity:in_world {{!38!}} job fiber:{{!0x00834002!}} phase:{{!-1!}} iteration:0x0 stalled 
client level=info t=662078 ev=probe stage=hitch step=38 dur=0 gate=0 fa=0x00834000 fa_idle=0 fb=0x00834001 fb_idle=0 fc=0x00834002 fc_idle=0
client level=info t=662078 ev=probe stage=hitch set=wait idx=0 slot=0 tid=0x000031D8 kind=4 age=139994.5 desc="name: 'render_globals_update_and_setup_cascade_shadow_views_job', owner: 'system owner'"
client level=info t=662078 ev=probe stage=hitch set=wait idx=2 slot=2 tid=0x00001B34 kind=4 age=140006.3 desc="fiber:{{!0x00834002!}} phase:{{!-1!}} iteration:0x0"
client level=info t=662078 ev=probe stage=hitch set=ring idx=0 slot=-1 tid=0xFFFFFFFF kind=255 age=14069673984.0 desc="name: 'empty_job', owner: 'system owner'"
client level=info t=662078 ev=probe stage=hitch set=ring idx=1 slot=-1 tid=0xFFFFFFFF kind=255 age=14069673984.0 desc="name: 'empty_job', owner: 'system owner'"
client level=info t=662078 ev=probe stage=hitch set=ring idx=2 slot=-1 tid=0xFFFFFFFF kind=255 age=28008339456.0 desc="name: 'empty_job', owner: 'system owner'"
client level=info t=662078 ev=probe stage=hitch set=ring idx=3 slot=-1 tid=0xFFFFFFFF kind=255 age=14069673984.0 desc="name: 'empty_job', owner: 'system owner'"
client level=info t=662078 ev=probe stage=hitch set=ring idx=4 slot=-1 tid=0xFFFFFFFF kind=255 age=28008339456.0 desc="name: 'empty_job', owner: 'system owner'"
client level=info t=662078 ev=probe stage=hitch set=ring idx=5 slot=-1 tid=0xFFFFFFFF kind=255 age=28008339456.0 desc="name: 'empty_job', owner: 'system owner'"
client level=info t=662078 ev=probe stage=hitch set=ring idx=6 slot=-1 tid=0xFFFFFFFF kind=255 age=14069673984.0 desc="name: 'empty_job', owner: 'system owner'"
client level=info t=662078 ev=probe stage=hitch set=ring idx=7 slot=-1 tid=0xFFFFFFFF kind=255 age=28008339456.0 desc="name: 'empty_job', owner: 'system owner'"
client level=info t=662078 ev=probe stage=hitch set=ring idx=8 slot=-1 tid=0xFFFFFFFF kind=255 age=28008339456.0 desc="name: 'empty_job', owner: 'system owner'"
client level=info t=662078 ev=probe stage=hitch set=ring idx=9 slot=-1 tid=0xFFFFFFFF kind=255 age=28008339456.0 desc="name: 'empty_job', owner: 'system owner'"
client level=info t=662078 ev=probe stage=hitch set=ring idx=10 slot=-1 tid=0xFFFFFFFF kind=255 age=14069673984.0 desc="name: 'empty_job', owner: 'system owner'"
client level=info t=662078 ev=probe stage=hitch set=ring idx=11 slot=-1 tid=0xFFFFFFFF kind=255 age=28008339456.0 desc="name: 'empty_job', owner: 'system owner'"
client level=info t=662078 ev=probe stage=hitch set=ring idx=12 slot=-1 tid=0xFFFFFFFF kind=255 age=14069676032.0 desc="name: 'empty_job', owner: 'system owner'"
client level=info t=662078 ev=probe stage=hitch set=ring idx=13 slot=-1 tid=0xFFFFFFFF kind=255 age=14069673984.0 desc="name: 'empty_job', owner: 'system owner'"
client level=info t=662078 ev=probe stage=hitch set=ring idx=14 slot=-1 tid=0xFFFFFFFF kind=255 age=28008339456.0 desc="name: 'empty_job', owner: 'system owner'"
client level=info t=662078 ev=probe stage=hitch set=ring idx=15 slot=-1 tid=0xFFFFFFFF kind=255 age=28008339456.0 desc="name: 'empty_job', owner: 'system owner'"
client level=info t=662078 ev=probe stage=hitch set=stack tid=0x000031D8 rip=0x7FFD69541444 rsp=0x11359FD638 window=2048
client level=info t=662078 ev=probe stage=hitch set=frames tid=0x000031D8 f0=exe+0x20D6E80 f1=exe+0x20D6E80 f2=exe+0x3550FB f3=exe+0x20D6E38 f4=exe+0x9ED23D f5=exe+0x1DC60C8 f6=exe+0x1DC60D4 f7=exe+0x1B87974
client level=info t=662078 ev=probe stage=hitch set=frames tid=0x000031D8 f8=exe+0x1DC60C8 f9=exe+0x3537B3 f10=exe+0x35ECC44 f11=exe+0x3537B3 f12=exe+0x35ECC44 f13=exe+0x35ECC44 f14=exe+0x3537B3 f15=exe+0x35ECC44
client level=info t=664078 ev=nettick stage=sample latch=0 callbacks=42288
client level=error t=664078 ev=assert stage=hit n=22528 repeat=22528 arg0=0 text=hitch detected: mainloop world controller state activity:in_world {{!38!}} job fiber:{{!0x00834002!}} phase:{{!-1!}} iteration:0x0 stalled 
client level=info t=666844 ev=nettick stage=sample latch=0 callbacks=42288
client level=error t=666844 ev=assert stage=hit n=23040 repeat=23040 arg0=0 text=hitch detected: mainloop world controller state activity:in_world {{!38!}} job fiber:{{!0x00834002!}} phase:{{!-1!}} iteration:0x0 stalled 
client level=info t=669625 ev=nettick stage=sample latch=0 callbacks=42288
client level=error t=669625 ev=assert stage=hit n=23552 repeat=23552 arg0=0 text=hitch detected: mainloop world controller state activity:in_world {{!38!}} job fiber:{{!0x00834002!}} phase:{{!-1!}} iteration:0x0 stalled 
client level=info t=672078 ev=probe stage=hitch step=38 dur=0 gate=0 fa=0x00834000 fa_idle=0 fb=0x00834001 fb_idle=0 fc=0x00834002 fc_idle=0
client level=info t=672078 ev=probe stage=hitch set=wait idx=0 slot=0 tid=0x000031D8 kind=4 age=149994.3 desc="name: 'render_globals_update_and_setup_cascade_shadow_views_job', owner: 'system owner'"
client level=info t=672078 ev=probe stage=hitch set=wait idx=2 slot=2 tid=0x00001B34 kind=4 age=150006.1 desc="fiber:{{!0x00834002!}} phase:{{!-1!}} iteration:0x0"
client level=info t=672078 ev=probe stage=hitch set=ring idx=0 slot=-1 tid=0xFFFFFFFF kind=255 age=14069673984.0 desc="name: 'empty_job', owner: 'system owner'"
client level=info t=672078 ev=probe stage=hitch set=ring idx=1 slot=-1 tid=0xFFFFFFFF kind=255 age=14069673984.0 desc="name: 'empty_job', owner: 'system owner'"
client level=info t=672078 ev=probe stage=hitch set=ring idx=2 slot=-1 tid=0xFFFFFFFF kind=255 age=28008339456.0 desc="name: 'empty_job', owner: 'system owner'"
client level=info t=672078 ev=probe stage=hitch set=ring idx=3 slot=-1 tid=0xFFFFFFFF kind=255 age=14069673984.0 desc="name: 'empty_job', owner: 'system owner'"
client level=info t=672078 ev=probe stage=hitch set=ring idx=4 slot=-1 tid=0xFFFFFFFF kind=255 age=28008339456.0 desc="name: 'empty_job', owner: 'system owner'"
client level=info t=672078 ev=probe stage=hitch set=ring idx=5 slot=-1 tid=0xFFFFFFFF kind=255 age=28008339456.0 desc="name: 'empty_job', owner: 'system owner'"
client level=info t=672078 ev=probe stage=hitch set=ring idx=6 slot=-1 tid=0xFFFFFFFF kind=255 age=14069673984.0 desc="name: 'empty_job', owner: 'system owner'"
client level=info t=672078 ev=probe stage=hitch set=ring idx=7 slot=-1 tid=0xFFFFFFFF kind=255 age=28008339456.0 desc="name: 'empty_job', owner: 'system owner'"
client level=info t=672078 ev=probe stage=hitch set=ring idx=8 slot=-1 tid=0xFFFFFFFF kind=255 age=28008339456.0 desc="name: 'empty_job', owner: 'system owner'"
client level=info t=672078 ev=probe stage=hitch set=ring idx=9 slot=-1 tid=0xFFFFFFFF kind=255 age=28008339456.0 desc="name: 'empty_job', owner: 'system owner'"
client level=info t=672078 ev=probe stage=hitch set=ring idx=10 slot=-1 tid=0xFFFFFFFF kind=255 age=14069673984.0 desc="name: 'empty_job', owner: 'system owner'"
client level=info t=672078 ev=probe stage=hitch set=ring idx=11 slot=-1 tid=0xFFFFFFFF kind=255 age=28008339456.0 desc="name: 'empty_job', owner: 'system owner'"
client level=info t=672078 ev=probe stage=hitch set=ring idx=12 slot=-1 tid=0xFFFFFFFF kind=255 age=14069676032.0 desc="name: 'empty_job', owner: 'system owner'"
client level=info t=672078 ev=probe stage=hitch set=ring idx=13 slot=-1 tid=0xFFFFFFFF kind=255 age=14069673984.0 desc="name: 'empty_job', owner: 'system owner'"
client level=info t=672078 ev=probe stage=hitch set=ring idx=14 slot=-1 tid=0xFFFFFFFF kind=255 age=28008339456.0 desc="name: 'empty_job', owner: 'system owner'"
client level=info t=672078 ev=probe stage=hitch set=ring idx=15 slot=-1 tid=0xFFFFFFFF kind=255 age=28008339456.0 desc="name: 'empty_job', owner: 'system owner'"
client level=info t=672078 ev=probe stage=hitch set=stack tid=0x000031D8 rip=0x7FFD69541444 rsp=0x11359FD638 window=2048
client level=info t=672078 ev=probe stage=hitch set=frames tid=0x000031D8 f0=exe+0x20D6E80 f1=exe+0x20D6E80 f2=exe+0x3550FB f3=exe+0x20D6E38 f4=exe+0x9ED23D f5=exe+0x1DC60C8 f6=exe+0x1DC60D4 f7=exe+0x1B87974
client level=info t=672078 ev=probe stage=hitch set=frames tid=0x000031D8 f8=exe+0x1DC60C8 f9=exe+0x3537B3 f10=exe+0x35ECC44 f11=exe+0x3537B3 f12=exe+0x35ECC44 f13=exe+0x35ECC44 f14=exe+0x3537B3 f15=exe+0x35ECC44
client level=info t=672391 ev=nettick stage=sample latch=0 callbacks=42288
client level=error t=672391 ev=assert stage=hit n=24064 repeat=24064 arg0=0 text=hitch detected: mainloop world controller state activity:in_world {{!38!}} job fiber:{{!0x00834002!}} phase:{{!-1!}} iteration:0x0 stalled 
client level=info t=675141 ev=nettick stage=sample latch=0 callbacks=42288
client level=error t=675141 ev=assert stage=hit n=24576 repeat=24576 arg0=0 text=hitch detected: mainloop world controller state activity:in_world {{!38!}} job fiber:{{!0x00834002!}} phase:{{!-1!}} iteration:0x0 stalled 
client level=info t=677906 ev=nettick stage=sample latch=0 callbacks=42288
client level=error t=677906 ev=assert stage=hit n=25088 repeat=25088 arg0=0 text=hitch detected: mainloop world controller state activity:in_world {{!38!}} job fiber:{{!0x00834002!}} phase:{{!-1!}} iteration:0x0 stalled 
client level=info t=680672 ev=nettick stage=sample latch=0 callbacks=42288
client level=error t=680672 ev=assert stage=hit n=25600 repeat=25600 arg0=0 text=hitch detected: mainloop world controller state activity:in_world {{!38!}} job fiber:{{!0x00834002!}} phase:{{!-1!}} iteration:0x0 stalled 
client level=info t=682078 ev=probe stage=hitch step=38 dur=0 gate=0 fa=0x00834000 fa_idle=0 fb=0x00834001 fb_idle=0 fc=0x00834002 fc_idle=0
client level=info t=682078 ev=probe stage=hitch set=wait idx=0 slot=0 tid=0x000031D8 kind=4 age=159991.0 desc="name: 'render_globals_update_and_setup_cascade_shadow_views_job', owner: 'system owner'"
client level=info t=682078 ev=probe stage=hitch set=wait idx=2 slot=2 tid=0x00001B34 kind=4 age=160002.8 desc="fiber:{{!0x00834002!}} phase:{{!-1!}} iteration:0x0"
client level=info t=682078 ev=probe stage=hitch set=ring idx=0 slot=-1 tid=0xFFFFFFFF kind=255 age=14069673984.0 desc="name: 'empty_job', owner: 'system owner'"
client level=info t=682078 ev=probe stage=hitch set=ring idx=1 slot=-1 tid=0xFFFFFFFF kind=255 age=14069673984.0 desc="name: 'empty_job', owner: 'system owner'"
client level=info t=682078 ev=probe stage=hitch set=ring idx=2 slot=-1 tid=0xFFFFFFFF kind=255 age=28008339456.0 desc="name: 'empty_job', owner: 'system owner'"
client level=info t=682078 ev=probe stage=hitch set=ring idx=3 slot=-1 tid=0xFFFFFFFF kind=255 age=14069673984.0 desc="name: 'empty_job', owner: 'system owner'"
client level=info t=682078 ev=probe stage=hitch set=ring idx=4 slot=-1 tid=0xFFFFFFFF kind=255 age=28008339456.0 desc="name: 'empty_job', owner: 'system owner'"
client level=info t=682078 ev=probe stage=hitch set=ring idx=5 slot=-1 tid=0xFFFFFFFF kind=255 age=28008339456.0 desc="name: 'empty_job', owner: 'system owner'"
client level=info t=682078 ev=probe stage=hitch set=ring idx=6 slot=-1 tid=0xFFFFFFFF kind=255 age=14069673984.0 desc="name: 'empty_job', owner: 'system owner'"
client level=info t=682078 ev=probe stage=hitch set=ring idx=7 slot=-1 tid=0xFFFFFFFF kind=255 age=28008339456.0 desc="name: 'empty_job', owner: 'system owner'"
client level=info t=682078 ev=probe stage=hitch set=ring idx=8 slot=-1 tid=0xFFFFFFFF kind=255 age=28008339456.0 desc="name: 'empty_job', owner: 'system owner'"
client level=info t=682078 ev=probe stage=hitch set=ring idx=9 slot=-1 tid=0xFFFFFFFF kind=255 age=28008339456.0 desc="name: 'empty_job', owner: 'system owner'"
client level=info t=682078 ev=probe stage=hitch set=ring idx=10 slot=-1 tid=0xFFFFFFFF kind=255 age=14069673984.0 desc="name: 'empty_job', owner: 'system owner'"
client level=info t=682078 ev=probe stage=hitch set=ring idx=11 slot=-1 tid=0xFFFFFFFF kind=255 age=28008339456.0 desc="name: 'empty_job', owner: 'system owner'"
client level=info t=682078 ev=probe stage=hitch set=ring idx=12 slot=-1 tid=0xFFFFFFFF kind=255 age=14069676032.0 desc="name: 'empty_job', owner: 'system owner'"
client level=info t=682078 ev=probe stage=hitch set=ring idx=13 slot=-1 tid=0xFFFFFFFF kind=255 age=14069673984.0 desc="name: 'empty_job', owner: 'system owner'"
client level=info t=682078 ev=probe stage=hitch set=ring idx=14 slot=-1 tid=0xFFFFFFFF kind=255 age=28008339456.0 desc="name: 'empty_job', owner: 'system owner'"
client level=info t=682078 ev=probe stage=hitch set=ring idx=15 slot=-1 tid=0xFFFFFFFF kind=255 age=28008339456.0 desc="name: 'empty_job', owner: 'system owner'"
client level=info t=682078 ev=probe stage=hitch set=stack tid=0x000031D8 rip=0x7FFD69541444 rsp=0x11359FD638 window=2048
client level=info t=682078 ev=probe stage=hitch set=frames tid=0x000031D8 f0=exe+0x20D6E80 f1=exe+0x20D6E80 f2=exe+0x3550FB f3=exe+0x20D6E38 f4=exe+0x9ED23D f5=exe+0x1DC60C8 f6=exe+0x1DC60D4 f7=exe+0x1B87974
client level=info t=682078 ev=probe stage=hitch set=frames tid=0x000031D8 f8=exe+0x1DC60C8 f9=exe+0x3537B3 f10=exe+0x35ECC44 f11=exe+0x3537B3 f12=exe+0x35ECC44 f13=exe+0x35ECC44 f14=exe+0x3537B3 f15=exe+0x35ECC44
client level=info t=683438 ev=nettick stage=sample latch=0 callbacks=42288
client level=error t=683438 ev=assert stage=hit n=26112 repeat=26112 arg0=0 text=hitch detected: mainloop world controller state activity:in_world {{!38!}} job fiber:{{!0x00834002!}} phase:{{!-1!}} iteration:0x0 stalled 
client level=info t=686203 ev=nettick stage=sample latch=0 callbacks=42288
client level=error t=686203 ev=assert stage=hit n=26624 repeat=26624 arg0=0 text=hitch detected: mainloop world controller state activity:in_world {{!38!}} job fiber:{{!0x00834002!}} phase:{{!-1!}} iteration:0x0 stalled 
client level=info t=688969 ev=nettick stage=sample latch=0 callbacks=42288
client level=error t=688969 ev=assert stage=hit n=27136 repeat=27136 arg0=0 text=hitch detected: mainloop world controller state activity:in_world {{!38!}} job fiber:{{!0x00834002!}} phase:{{!-1!}} iteration:0x0 stalled 
client level=info t=691735 ev=nettick stage=sample latch=0 callbacks=42288
client level=error t=691735 ev=assert stage=hit n=27648 repeat=27648 arg0=0 text=hitch detected: mainloop world controller state activity:in_world {{!38!}} job fiber:{{!0x00834002!}} phase:{{!-1!}} iteration:0x0 stalled 
client level=info t=692078 ev=probe stage=hitch step=38 dur=0 gate=0 fa=0x00834000 fa_idle=0 fb=0x00834001 fb_idle=0 fc=0x00834002 fc_idle=0
client level=info t=692078 ev=probe stage=hitch set=wait idx=0 slot=0 tid=0x000031D8 kind=4 age=169992.8 desc="name: 'render_globals_update_and_setup_cascade_shadow_views_job', owner: 'system owner'"
client level=info t=692078 ev=probe stage=hitch set=wait idx=2 slot=2 tid=0x00001B34 kind=4 age=170004.6 desc="fiber:{{!0x00834002!}} phase:{{!-1!}} iteration:0x0"
client level=info t=692078 ev=probe stage=hitch set=ring idx=0 slot=-1 tid=0xFFFFFFFF kind=255 age=14069673984.0 desc="name: 'empty_job', owner: 'system owner'"
client level=info t=692078 ev=probe stage=hitch set=ring idx=1 slot=-1 tid=0xFFFFFFFF kind=255 age=14069673984.0 desc="name: 'empty_job', owner: 'system owner'"
client level=info t=692078 ev=probe stage=hitch set=ring idx=2 slot=-1 tid=0xFFFFFFFF kind=255 age=28008339456.0 desc="name: 'empty_job', owner: 'system owner'"
client level=info t=692078 ev=probe stage=hitch set=ring idx=3 slot=-1 tid=0xFFFFFFFF kind=255 age=14069673984.0 desc="name: 'empty_job', owner: 'system owner'"
client level=info t=692078 ev=probe stage=hitch set=ring idx=4 slot=-1 tid=0xFFFFFFFF kind=255 age=28008339456.0 desc="name: 'empty_job', owner: 'system owner'"
client level=info t=692078 ev=probe stage=hitch set=ring idx=5 slot=-1 tid=0xFFFFFFFF kind=255 age=28008339456.0 desc="name: 'empty_job', owner: 'system owner'"
client level=info t=692078 ev=probe stage=hitch set=ring idx=6 slot=-1 tid=0xFFFFFFFF kind=255 age=14069673984.0 desc="name: 'empty_job', owner: 'system owner'"
client level=info t=692078 ev=probe stage=hitch set=ring idx=7 slot=-1 tid=0xFFFFFFFF kind=255 age=28008339456.0 desc="name: 'empty_job', owner: 'system owner'"
client level=info t=692078 ev=probe stage=hitch set=ring idx=8 slot=-1 tid=0xFFFFFFFF kind=255 age=28008339456.0 desc="name: 'empty_job', owner: 'system owner'"
client level=info t=692078 ev=probe stage=hitch set=ring idx=9 slot=-1 tid=0xFFFFFFFF kind=255 age=28008339456.0 desc="name: 'empty_job', owner: 'system owner'"
client level=info t=692078 ev=probe stage=hitch set=ring idx=10 slot=-1 tid=0xFFFFFFFF kind=255 age=14069673984.0 desc="name: 'empty_job', owner: 'system owner'"
client level=info t=692078 ev=probe stage=hitch set=ring idx=11 slot=-1 tid=0xFFFFFFFF kind=255 age=28008339456.0 desc="name: 'empty_job', owner: 'system owner'"
client level=info t=692078 ev=probe stage=hitch set=ring idx=12 slot=-1 tid=0xFFFFFFFF kind=255 age=14069676032.0 desc="name: 'empty_job', owner: 'system owner'"
client level=info t=692078 ev=probe stage=hitch set=ring idx=13 slot=-1 tid=0xFFFFFFFF kind=255 age=14069673984.0 desc="name: 'empty_job', owner: 'system owner'"
client level=info t=692078 ev=probe stage=hitch set=ring idx=14 slot=-1 tid=0xFFFFFFFF kind=255 age=28008339456.0 desc="name: 'empty_job', owner: 'system owner'"
client level=info t=692078 ev=probe stage=hitch set=ring idx=15 slot=-1 tid=0xFFFFFFFF kind=255 age=28008339456.0 desc="name: 'empty_job', owner: 'system owner'"
client level=info t=692078 ev=probe stage=hitch set=stack tid=0x000031D8 rip=0x7FFD69541444 rsp=0x11359FD638 window=2048
client level=info t=692078 ev=probe stage=hitch set=frames tid=0x000031D8 f0=exe+0x20D6E80 f1=exe+0x20D6E80 f2=exe+0x3550FB f3=exe+0x20D6E38 f4=exe+0x9ED23D f5=exe+0x1DC60C8 f6=exe+0x1DC60D4 f7=exe+0x1B87974
client level=info t=692078 ev=probe stage=hitch set=frames tid=0x000031D8 f8=exe+0x1DC60C8 f9=exe+0x3537B3 f10=exe+0x35ECC44 f11=exe+0x3537B3 f12=exe+0x35ECC44 f13=exe+0x35ECC44 f14=exe+0x3537B3 f15=exe+0x35ECC44
client level=info t=694500 ev=nettick stage=sample latch=0 callbacks=42288
client level=error t=694500 ev=assert stage=hit n=28160 repeat=28160 arg0=0 text=hitch detected: mainloop world controller state activity:in_world {{!38!}} job fiber:{{!0x00834002!}} phase:{{!-1!}} iteration:0x0 stalled 
client level=info t=697281 ev=nettick stage=sample latch=0 callbacks=42288
client level=error t=697281 ev=assert stage=hit n=28672 repeat=28672 arg0=0 text=hitch detected: mainloop world controller state activity:in_world {{!38!}} job fiber:{{!0x00834002!}} phase:{{!-1!}} iteration:0x0 stalled 
client level=info t=700063 ev=nettick stage=sample latch=0 callbacks=42288
client level=error t=700063 ev=assert stage=hit n=29184 repeat=29184 arg0=0 text=hitch detected: mainloop world controller state activity:in_world {{!38!}} job fiber:{{!0x00834002!}} phase:{{!-1!}} iteration:0x0 stalled 
client level=info t=702078 ev=probe stage=hitch step=38 dur=0 gate=0 fa=0x00834000 fa_idle=0 fb=0x00834001 fb_idle=0 fc=0x00834002 fc_idle=0
client level=info t=702078 ev=probe stage=hitch set=wait idx=0 slot=0 tid=0x000031D8 kind=4 age=179993.3 desc="name: 'render_globals_update_and_setup_cascade_shadow_views_job', owner: 'system owner'"
client level=info t=702078 ev=probe stage=hitch set=wait idx=2 slot=2 tid=0x00001B34 kind=4 age=180005.1 desc="fiber:{{!0x00834002!}} phase:{{!-1!}} iteration:0x0"
client level=info t=702078 ev=probe stage=hitch set=ring idx=0 slot=-1 tid=0xFFFFFFFF kind=255 age=14069673984.0 desc="name: 'empty_job', owner: 'system owner'"
client level=info t=702078 ev=probe stage=hitch set=ring idx=1 slot=-1 tid=0xFFFFFFFF kind=255 age=14069673984.0 desc="name: 'empty_job', owner: 'system owner'"
client level=info t=702078 ev=probe stage=hitch set=ring idx=2 slot=-1 tid=0xFFFFFFFF kind=255 age=28008339456.0 desc="name: 'empty_job', owner: 'system owner'"
client level=info t=702078 ev=probe stage=hitch set=ring idx=3 slot=-1 tid=0xFFFFFFFF kind=255 age=14069673984.0 desc="name: 'empty_job', owner: 'system owner'"
client level=info t=702078 ev=probe stage=hitch set=ring idx=4 slot=-1 tid=0xFFFFFFFF kind=255 age=28008339456.0 desc="name: 'empty_job', owner: 'system owner'"
client level=info t=702078 ev=probe stage=hitch set=ring idx=5 slot=-1 tid=0xFFFFFFFF kind=255 age=28008339456.0 desc="name: 'empty_job', owner: 'system owner'"
client level=info t=702078 ev=probe stage=hitch set=ring idx=6 slot=-1 tid=0xFFFFFFFF kind=255 age=14069673984.0 desc="name: 'empty_job', owner: 'system owner'"
client level=info t=702078 ev=probe stage=hitch set=ring idx=7 slot=-1 tid=0xFFFFFFFF kind=255 age=28008339456.0 desc="name: 'empty_job', owner: 'system owner'"
client level=info t=702078 ev=probe stage=hitch set=ring idx=8 slot=-1 tid=0xFFFFFFFF kind=255 age=28008339456.0 desc="name: 'empty_job', owner: 'system owner'"
client level=info t=702078 ev=probe stage=hitch set=ring idx=9 slot=-1 tid=0xFFFFFFFF kind=255 age=28008339456.0 desc="name: 'empty_job', owner: 'system owner'"
client level=info t=702078 ev=probe stage=hitch set=ring idx=10 slot=-1 tid=0xFFFFFFFF kind=255 age=14069673984.0 desc="name: 'empty_job', owner: 'system owner'"
client level=info t=702078 ev=probe stage=hitch set=ring idx=11 slot=-1 tid=0xFFFFFFFF kind=255 age=28008339456.0 desc="name: 'empty_job', owner: 'system owner'"
client level=info t=702078 ev=probe stage=hitch set=ring idx=12 slot=-1 tid=0xFFFFFFFF kind=255 age=14069676032.0 desc="name: 'empty_job', owner: 'system owner'"
client level=info t=702078 ev=probe stage=hitch set=ring idx=13 slot=-1 tid=0xFFFFFFFF kind=255 age=14069673984.0 desc="name: 'empty_job', owner: 'system owner'"
client level=info t=702078 ev=probe stage=hitch set=ring idx=14 slot=-1 tid=0xFFFFFFFF kind=255 age=28008339456.0 desc="name: 'empty_job', owner: 'system owner'"
client level=info t=702078 ev=probe stage=hitch set=ring idx=15 slot=-1 tid=0xFFFFFFFF kind=255 age=28008339456.0 desc="name: 'empty_job', owner: 'system owner'"
client level=info t=702078 ev=probe stage=hitch set=stack tid=0x000031D8 rip=0x7FFD69541444 rsp=0x11359FD638 window=2048
client level=info t=702078 ev=probe stage=hitch set=frames tid=0x000031D8 f0=exe+0x20D6E80 f1=exe+0x20D6E80 f2=exe+0x3550FB f3=exe+0x20D6E38 f4=exe+0x9ED23D f5=exe+0x1DC60C8 f6=exe+0x1DC60D4 f7=exe+0x1B87974
client level=info t=702078 ev=probe stage=hitch set=frames tid=0x000031D8 f8=exe+0x1DC60C8 f9=exe+0x3537B3 f10=exe+0x35ECC44 f11=exe+0x3537B3 f12=exe+0x35ECC44 f13=exe+0x35ECC44 f14=exe+0x3537B3 f15=exe+0x35ECC44
client level=info t=702828 ev=nettick stage=sample latch=0 callbacks=42288
client level=error t=702828 ev=assert stage=hit n=29696 repeat=29696 arg0=0 text=hitch detected: mainloop world controller state activity:in_world {{!38!}} job fiber:{{!0x00834002!}} phase:{{!-1!}} iteration:0x0 stalled 
client level=info t=705594 ev=nettick stage=sample latch=0 callbacks=42288
client level=error t=705594 ev=assert stage=hit n=30208 repeat=30208 arg0=0 text=hitch detected: mainloop world controller state activity:in_world {{!38!}} job fiber:{{!0x00834002!}} phase:{{!-1!}} iteration:0x0 stalled 
client level=info t=708375 ev=nettick stage=sample latch=0 callbacks=42288
client level=error t=708375 ev=assert stage=hit n=30720 repeat=30720 arg0=0 text=hitch detected: mainloop world controller state activity:in_world {{!38!}} job fiber:{{!0x00834002!}} phase:{{!-1!}} iteration:0x0 stalled 
client level=info t=711141 ev=nettick stage=sample latch=0 callbacks=42288
client level=error t=711141 ev=assert stage=hit n=31232 repeat=31232 arg0=0 text=hitch detected: mainloop world controller state activity:in_world {{!38!}} job fiber:{{!0x00834002!}} phase:{{!-1!}} iteration:0x0 stalled 
client level=info t=712078 ev=probe stage=hitch step=38 dur=0 gate=0 fa=0x00834000 fa_idle=0 fb=0x00834001 fb_idle=0 fc=0x00834002 fc_idle=0
client level=info t=712078 ev=probe stage=hitch set=wait idx=0 slot=0 tid=0x000031D8 kind=4 age=189993.3 desc="name: 'render_globals_update_and_setup_cascade_shadow_views_job', owner: 'system owner'"
client level=info t=712078 ev=probe stage=hitch set=wait idx=2 slot=2 tid=0x00001B34 kind=4 age=190005.1 desc="fiber:{{!0x00834002!}} phase:{{!-1!}} iteration:0x0"
client level=info t=712078 ev=probe stage=hitch set=ring idx=0 slot=-1 tid=0xFFFFFFFF kind=255 age=14069673984.0 desc="name: 'empty_job', owner: 'system owner'"
client level=info t=712078 ev=probe stage=hitch set=ring idx=1 slot=-1 tid=0xFFFFFFFF kind=255 age=14069673984.0 desc="name: 'empty_job', owner: 'system owner'"
client level=info t=712078 ev=probe stage=hitch set=ring idx=2 slot=-1 tid=0xFFFFFFFF kind=255 age=28008339456.0 desc="name: 'empty_job', owner: 'system owner'"
client level=info t=712078 ev=probe stage=hitch set=ring idx=3 slot=-1 tid=0xFFFFFFFF kind=255 age=14069673984.0 desc="name: 'empty_job', owner: 'system owner'"
client level=info t=712078 ev=probe stage=hitch set=ring idx=4 slot=-1 tid=0xFFFFFFFF kind=255 age=28008339456.0 desc="name: 'empty_job', owner: 'system owner'"
client level=info t=712078 ev=probe stage=hitch set=ring idx=5 slot=-1 tid=0xFFFFFFFF kind=255 age=28008339456.0 desc="name: 'empty_job', owner: 'system owner'"
client level=info t=712078 ev=probe stage=hitch set=ring idx=6 slot=-1 tid=0xFFFFFFFF kind=255 age=14069673984.0 desc="name: 'empty_job', owner: 'system owner'"
client level=info t=712078 ev=probe stage=hitch set=ring idx=7 slot=-1 tid=0xFFFFFFFF kind=255 age=28008339456.0 desc="name: 'empty_job', owner: 'system owner'"
client level=info t=712078 ev=probe stage=hitch set=ring idx=8 slot=-1 tid=0xFFFFFFFF kind=255 age=28008339456.0 desc="name: 'empty_job', owner: 'system owner'"
client level=info t=712078 ev=probe stage=hitch set=ring idx=9 slot=-1 tid=0xFFFFFFFF kind=255 age=28008339456.0 desc="name: 'empty_job', owner: 'system owner'"
client level=info t=712078 ev=probe stage=hitch set=ring idx=10 slot=-1 tid=0xFFFFFFFF kind=255 age=14069673984.0 desc="name: 'empty_job', owner: 'system owner'"
client level=info t=712078 ev=probe stage=hitch set=ring idx=11 slot=-1 tid=0xFFFFFFFF kind=255 age=28008339456.0 desc="name: 'empty_job', owner: 'system owner'"
client level=info t=712078 ev=probe stage=hitch set=ring idx=12 slot=-1 tid=0xFFFFFFFF kind=255 age=14069676032.0 desc="name: 'empty_job', owner: 'system owner'"
client level=info t=712078 ev=probe stage=hitch set=ring idx=13 slot=-1 tid=0xFFFFFFFF kind=255 age=14069673984.0 desc="name: 'empty_job', owner: 'system owner'"
client level=info t=712078 ev=probe stage=hitch set=ring idx=14 slot=-1 tid=0xFFFFFFFF kind=255 age=28008339456.0 desc="name: 'empty_job', owner: 'system owner'"
client level=info t=712078 ev=probe stage=hitch set=ring idx=15 slot=-1 tid=0xFFFFFFFF kind=255 age=28008339456.0 desc="name: 'empty_job', owner: 'system owner'"
client level=info t=712078 ev=probe stage=hitch set=stack tid=0x000031D8 rip=0x7FFD69541444 rsp=0x11359FD638 window=2048
client level=info t=712078 ev=probe stage=hitch set=frames tid=0x000031D8 f0=exe+0x20D6E80 f1=exe+0x20D6E80 f2=exe+0x3550FB f3=exe+0x20D6E38 f4=exe+0x9ED23D f5=exe+0x1DC60C8 f6=exe+0x1DC60D4 f7=exe+0x1B87974
client level=info t=712078 ev=probe stage=hitch set=frames tid=0x000031D8 f8=exe+0x1DC60C8 f9=exe+0x3537B3 f10=exe+0x35ECC44 f11=exe+0x3537B3 f12=exe+0x35ECC44 f13=exe+0x35ECC44 f14=exe+0x3537B3 f15=exe+0x35ECC44
client level=info t=713906 ev=nettick stage=sample latch=0 callbacks=42288
client level=error t=713906 ev=assert stage=hit n=31744 repeat=31744 arg0=0 text=hitch detected: mainloop world controller state activity:in_world {{!38!}} job fiber:{{!0x00834002!}} phase:{{!-1!}} iteration:0x0 stalled 
client level=info t=716688 ev=nettick stage=sample latch=0 callbacks=42288
client level=error t=716688 ev=assert stage=hit n=32256 repeat=32256 arg0=0 text=hitch detected: mainloop world controller state activity:in_world {{!38!}} job fiber:{{!0x00834002!}} phase:{{!-1!}} iteration:0x0 stalled 
client level=info t=719469 ev=nettick stage=sample latch=0 callbacks=42288
client level=error t=719469 ev=assert stage=hit n=32768 repeat=32768 arg0=0 text=hitch detected: mainloop world controller state activity:in_world {{!38!}} job fiber:{{!0x00834002!}} phase:{{!-1!}} iteration:0x0 stalled 
client level=info t=722078 ev=probe stage=hitch step=38 dur=0 gate=0 fa=0x00834000 fa_idle=0 fb=0x00834001 fb_idle=0 fc=0x00834002 fc_idle=0
client level=info t=722078 ev=probe stage=hitch set=wait idx=0 slot=0 tid=0x000031D8 kind=4 age=199995.0 desc="name: 'render_globals_update_and_setup_cascade_shadow_views_job', owner: 'system owner'"
client level=info t=722078 ev=probe stage=hitch set=wait idx=2 slot=2 tid=0x00001B34 kind=4 age=200006.9 desc="fiber:{{!0x00834002!}} phase:{{!-1!}} iteration:0x0"
client level=info t=722078 ev=probe stage=hitch set=ring idx=0 slot=-1 tid=0xFFFFFFFF kind=255 age=14069673984.0 desc="name: 'empty_job', owner: 'system owner'"
client level=info t=722078 ev=probe stage=hitch set=ring idx=1 slot=-1 tid=0xFFFFFFFF kind=255 age=14069673984.0 desc="name: 'empty_job', owner: 'system owner'"
client level=info t=722078 ev=probe stage=hitch set=ring idx=2 slot=-1 tid=0xFFFFFFFF kind=255 age=28008339456.0 desc="name: 'empty_job', owner: 'system owner'"
client level=info t=722078 ev=probe stage=hitch set=ring idx=3 slot=-1 tid=0xFFFFFFFF kind=255 age=14069673984.0 desc="name: 'empty_job', owner: 'system owner'"
client level=info t=722078 ev=probe stage=hitch set=ring idx=4 slot=-1 tid=0xFFFFFFFF kind=255 age=28008339456.0 desc="name: 'empty_job', owner: 'system owner'"
client level=info t=722078 ev=probe stage=hitch set=ring idx=5 slot=-1 tid=0xFFFFFFFF kind=255 age=28008339456.0 desc="name: 'empty_job', owner: 'system owner'"
client level=info t=722078 ev=probe stage=hitch set=ring idx=6 slot=-1 tid=0xFFFFFFFF kind=255 age=14069673984.0 desc="name: 'empty_job', owner: 'system owner'"
client level=info t=722078 ev=probe stage=hitch set=ring idx=7 slot=-1 tid=0xFFFFFFFF kind=255 age=28008339456.0 desc="name: 'empty_job', owner: 'system owner'"
client level=info t=722078 ev=probe stage=hitch set=ring idx=8 slot=-1 tid=0xFFFFFFFF kind=255 age=28008339456.0 desc="name: 'empty_job', owner: 'system owner'"
client level=info t=722078 ev=probe stage=hitch set=ring idx=9 slot=-1 tid=0xFFFFFFFF kind=255 age=28008339456.0 desc="name: 'empty_job', owner: 'system owner'"
client level=info t=722078 ev=probe stage=hitch set=ring idx=10 slot=-1 tid=0xFFFFFFFF kind=255 age=14069673984.0 desc="name: 'empty_job', owner: 'system owner'"
client level=info t=722078 ev=probe stage=hitch set=ring idx=11 slot=-1 tid=0xFFFFFFFF kind=255 age=28008339456.0 desc="name: 'empty_job', owner: 'system owner'"
client level=info t=722078 ev=probe stage=hitch set=ring idx=12 slot=-1 tid=0xFFFFFFFF kind=255 age=14069676032.0 desc="name: 'empty_job', owner: 'system owner'"
client level=info t=722078 ev=probe stage=hitch set=ring idx=13 slot=-1 tid=0xFFFFFFFF kind=255 age=14069673984.0 desc="name: 'empty_job', owner: 'system owner'"
client level=info t=722078 ev=probe stage=hitch set=ring idx=14 slot=-1 tid=0xFFFFFFFF kind=255 age=28008339456.0 desc="name: 'empty_job', owner: 'system owner'"
client level=info t=722078 ev=probe stage=hitch set=ring idx=15 slot=-1 tid=0xFFFFFFFF kind=255 age=28008339456.0 desc="name: 'empty_job', owner: 'system owner'"
client level=info t=722078 ev=probe stage=hitch set=stack tid=0x000031D8 rip=0x7FFD69541444 rsp=0x11359FD638 window=2048
client level=info t=722078 ev=probe stage=hitch set=frames tid=0x000031D8 f0=exe+0x20D6E80 f1=exe+0x20D6E80 f2=exe+0x3550FB f3=exe+0x20D6E38 f4=exe+0x9ED23D f5=exe+0x1DC60C8 f6=exe+0x1DC60D4 f7=exe+0x1B87974
client level=info t=722078 ev=probe stage=hitch set=frames tid=0x000031D8 f8=exe+0x1DC60C8 f9=exe+0x3537B3 f10=exe+0x35ECC44 f11=exe+0x3537B3 f12=exe+0x35ECC44 f13=exe+0x35ECC44 f14=exe+0x3537B3 f15=exe+0x35ECC44
client level=info t=722250 ev=nettick stage=sample latch=0 callbacks=42288
client level=error t=722250 ev=assert stage=hit n=33280 repeat=33280 arg0=0 text=hitch detected: mainloop world controller state activity:in_world {{!38!}} job fiber:{{!0x00834002!}} phase:{{!-1!}} iteration:0x0 stalled 
client level=info t=725031 ev=nettick stage=sample latch=0 callbacks=42288
client level=error t=725031 ev=assert stage=hit n=33792 repeat=33792 arg0=0 text=hitch detected: mainloop world controller state activity:in_world {{!38!}} job fiber:{{!0x00834002!}} phase:{{!-1!}} iteration:0x0 stalled 
client level=info t=727797 ev=nettick stage=sample latch=0 callbacks=42288
client level=error t=727797 ev=assert stage=hit n=34304 repeat=34304 arg0=0 text=hitch detected: mainloop world controller state activity:in_world {{!38!}} job fiber:{{!0x00834002!}} phase:{{!-1!}} iteration:0x0 stalled 
client level=info t=730547 ev=nettick stage=sample latch=0 callbacks=42288
client level=error t=730547 ev=assert stage=hit n=34816 repeat=34816 arg0=0 text=hitch detected: mainloop world controller state activity:in_world {{!38!}} job fiber:{{!0x00834002!}} phase:{{!-1!}} iteration:0x0 stalled 
client level=info t=732078 ev=probe stage=hitch step=38 dur=0 gate=0 fa=0x00834000 fa_idle=0 fb=0x00834001 fb_idle=0 fc=0x00834002 fc_idle=0
client level=info t=732078 ev=probe stage=hitch set=wait idx=0 slot=0 tid=0x000031D8 kind=4 age=209994.8 desc="name: 'render_globals_update_and_setup_cascade_shadow_views_job', owner: 'system owner'"
client level=info t=732078 ev=probe stage=hitch set=wait idx=2 slot=2 tid=0x00001B34 kind=4 age=210006.6 desc="fiber:{{!0x00834002!}} phase:{{!-1!}} iteration:0x0"
client level=info t=732078 ev=probe stage=hitch set=ring idx=0 slot=-1 tid=0xFFFFFFFF kind=255 age=14069673984.0 desc="name: 'empty_job', owner: 'system owner'"
client level=info t=732078 ev=probe stage=hitch set=ring idx=1 slot=-1 tid=0xFFFFFFFF kind=255 age=14069673984.0 desc="name: 'empty_job', owner: 'system owner'"
client level=info t=732078 ev=probe stage=hitch set=ring idx=2 slot=-1 tid=0xFFFFFFFF kind=255 age=28008339456.0 desc="name: 'empty_job', owner: 'system owner'"
client level=info t=732078 ev=probe stage=hitch set=ring idx=3 slot=-1 tid=0xFFFFFFFF kind=255 age=14069673984.0 desc="name: 'empty_job', owner: 'system owner'"
client level=info t=732078 ev=probe stage=hitch set=ring idx=4 slot=-1 tid=0xFFFFFFFF kind=255 age=28008339456.0 desc="name: 'empty_job', owner: 'system owner'"
client level=info t=732078 ev=probe stage=hitch set=ring idx=5 slot=-1 tid=0xFFFFFFFF kind=255 age=28008339456.0 desc="name: 'empty_job', owner: 'system owner'"
client level=info t=732078 ev=probe stage=hitch set=ring idx=6 slot=-1 tid=0xFFFFFFFF kind=255 age=14069673984.0 desc="name: 'empty_job', owner: 'system owner'"
client level=info t=732078 ev=probe stage=hitch set=ring idx=7 slot=-1 tid=0xFFFFFFFF kind=255 age=28008339456.0 desc="name: 'empty_job', owner: 'system owner'"
client level=info t=732078 ev=probe stage=hitch set=ring idx=8 slot=-1 tid=0xFFFFFFFF kind=255 age=28008339456.0 desc="name: 'empty_job', owner: 'system owner'"
client level=info t=732078 ev=probe stage=hitch set=ring idx=9 slot=-1 tid=0xFFFFFFFF kind=255 age=28008339456.0 desc="name: 'empty_job', owner: 'system owner'"
client level=info t=732078 ev=probe stage=hitch set=ring idx=10 slot=-1 tid=0xFFFFFFFF kind=255 age=14069673984.0 desc="name: 'empty_job', owner: 'system owner'"
client level=info t=732078 ev=probe stage=hitch set=ring idx=11 slot=-1 tid=0xFFFFFFFF kind=255 age=28008339456.0 desc="name: 'empty_job', owner: 'system owner'"
client level=info t=732078 ev=probe stage=hitch set=ring idx=12 slot=-1 tid=0xFFFFFFFF kind=255 age=14069676032.0 desc="name: 'empty_job', owner: 'system owner'"
client level=info t=732078 ev=probe stage=hitch set=ring idx=13 slot=-1 tid=0xFFFFFFFF kind=255 age=14069673984.0 desc="name: 'empty_job', owner: 'system owner'"
client level=info t=732078 ev=probe stage=hitch set=ring idx=14 slot=-1 tid=0xFFFFFFFF kind=255 age=28008339456.0 desc="name: 'empty_job', owner: 'system owner'"
client level=info t=732078 ev=probe stage=hitch set=ring idx=15 slot=-1 tid=0xFFFFFFFF kind=255 age=28008339456.0 desc="name: 'empty_job', owner: 'system owner'"
client level=info t=732078 ev=probe stage=hitch set=stack tid=0x000031D8 rip=0x7FFD69541444 rsp=0x11359FD638 window=2048
client level=info t=732078 ev=probe stage=hitch set=frames tid=0x000031D8 f0=exe+0x20D6E80 f1=exe+0x20D6E80 f2=exe+0x3550FB f3=exe+0x20D6E38 f4=exe+0x9ED23D f5=exe+0x1DC60C8 f6=exe+0x1DC60D4 f7=exe+0x1B87974
client level=info t=732078 ev=probe stage=hitch set=frames tid=0x000031D8 f8=exe+0x1DC60C8 f9=exe+0x3537B3 f10=exe+0x35ECC44 f11=exe+0x3537B3 f12=exe+0x35ECC44 f13=exe+0x35ECC44 f14=exe+0x3537B3 f15=exe+0x35ECC44
client level=info t=733313 ev=nettick stage=sample latch=0 callbacks=42288
client level=error t=733313 ev=assert stage=hit n=35328 repeat=35328 arg0=0 text=hitch detected: mainloop world controller state activity:in_world {{!38!}} job fiber:{{!0x00834002!}} phase:{{!-1!}} iteration:0x0 stalled 
client level=info t=736094 ev=nettick stage=sample latch=0 callbacks=42288
client level=error t=736094 ev=assert stage=hit n=35840 repeat=35840 arg0=0 text=hitch detected: mainloop world controller state activity:in_world {{!38!}} job fiber:{{!0x00834002!}} phase:{{!-1!}} iteration:0x0 stalled 
client level=info t=738875 ev=nettick stage=sample latch=0 callbacks=42288
client level=error t=738875 ev=assert stage=hit n=36352 repeat=36352 arg0=0 text=hitch detected: mainloop world controller state activity:in_world {{!38!}} job fiber:{{!0x00834002!}} phase:{{!-1!}} iteration:0x0 stalled 
client level=info t=741641 ev=nettick stage=sample latch=0 callbacks=42288
client level=error t=741641 ev=assert stage=hit n=36864 repeat=36864 arg0=0 text=hitch detected: mainloop world controller state activity:in_world {{!38!}} job fiber:{{!0x00834002!}} phase:{{!-1!}} iteration:0x0 stalled 
client level=info t=742078 ev=probe stage=hitch step=38 dur=0 gate=0 fa=0x00834000 fa_idle=0 fb=0x00834001 fb_idle=0 fc=0x00834002 fc_idle=0
client level=info t=742078 ev=probe stage=hitch set=wait idx=0 slot=0 tid=0x000031D8 kind=4 age=219995.1 desc="name: 'render_globals_update_and_setup_cascade_shadow_views_job', owner: 'system owner'"
client level=info t=742078 ev=probe stage=hitch set=wait idx=2 slot=2 tid=0x00001B34 kind=4 age=220006.9 desc="fiber:{{!0x00834002!}} phase:{{!-1!}} iteration:0x0"
client level=info t=742078 ev=probe stage=hitch set=ring idx=0 slot=-1 tid=0xFFFFFFFF kind=255 age=14069673984.0 desc="name: 'empty_job', owner: 'system owner'"
client level=info t=742078 ev=probe stage=hitch set=ring idx=1 slot=-1 tid=0xFFFFFFFF kind=255 age=14069673984.0 desc="name: 'empty_job', owner: 'system owner'"
client level=info t=742078 ev=probe stage=hitch set=ring idx=2 slot=-1 tid=0xFFFFFFFF kind=255 age=28008339456.0 desc="name: 'empty_job', owner: 'system owner'"
client level=info t=742078 ev=probe stage=hitch set=ring idx=3 slot=-1 tid=0xFFFFFFFF kind=255 age=14069673984.0 desc="name: 'empty_job', owner: 'system owner'"
client level=info t=742078 ev=probe stage=hitch set=ring idx=4 slot=-1 tid=0xFFFFFFFF kind=255 age=28008339456.0 desc="name: 'empty_job', owner: 'system owner'"
client level=info t=742078 ev=probe stage=hitch set=ring idx=5 slot=-1 tid=0xFFFFFFFF kind=255 age=28008339456.0 desc="name: 'empty_job', owner: 'system owner'"
client level=info t=742078 ev=probe stage=hitch set=ring idx=6 slot=-1 tid=0xFFFFFFFF kind=255 age=14069673984.0 desc="name: 'empty_job', owner: 'system owner'"
client level=info t=742078 ev=probe stage=hitch set=ring idx=7 slot=-1 tid=0xFFFFFFFF kind=255 age=28008339456.0 desc="name: 'empty_job', owner: 'system owner'"
client level=info t=742078 ev=probe stage=hitch set=ring idx=8 slot=-1 tid=0xFFFFFFFF kind=255 age=28008339456.0 desc="name: 'empty_job', owner: 'system owner'"
client level=info t=742078 ev=probe stage=hitch set=ring idx=9 slot=-1 tid=0xFFFFFFFF kind=255 age=28008339456.0 desc="name: 'empty_job', owner: 'system owner'"
client level=info t=742078 ev=probe stage=hitch set=ring idx=10 slot=-1 tid=0xFFFFFFFF kind=255 age=14069673984.0 desc="name: 'empty_job', owner: 'system owner'"
client level=info t=742078 ev=probe stage=hitch set=ring idx=11 slot=-1 tid=0xFFFFFFFF kind=255 age=28008339456.0 desc="name: 'empty_job', owner: 'system owner'"
client level=info t=742078 ev=probe stage=hitch set=ring idx=12 slot=-1 tid=0xFFFFFFFF kind=255 age=14069676032.0 desc="name: 'empty_job', owner: 'system owner'"
client level=info t=742078 ev=probe stage=hitch set=ring idx=13 slot=-1 tid=0xFFFFFFFF kind=255 age=14069673984.0 desc="name: 'empty_job', owner: 'system owner'"
client level=info t=742078 ev=probe stage=hitch set=ring idx=14 slot=-1 tid=0xFFFFFFFF kind=255 age=28008339456.0 desc="name: 'empty_job', owner: 'system owner'"
client level=info t=742078 ev=probe stage=hitch set=ring idx=15 slot=-1 tid=0xFFFFFFFF kind=255 age=28008339456.0 desc="name: 'empty_job', owner: 'system owner'"
client level=info t=742078 ev=probe stage=hitch set=stack tid=0x000031D8 rip=0x7FFD69541444 rsp=0x11359FD638 window=2048
client level=info t=742078 ev=probe stage=hitch set=frames tid=0x000031D8 f0=exe+0x20D6E80 f1=exe+0x20D6E80 f2=exe+0x3550FB f3=exe+0x20D6E38 f4=exe+0x9ED23D f5=exe+0x1DC60C8 f6=exe+0x1DC60D4 f7=exe+0x1B87974
client level=info t=742078 ev=probe stage=hitch set=frames tid=0x000031D8 f8=exe+0x1DC60C8 f9=exe+0x3537B3 f10=exe+0x35ECC44 f11=exe+0x3537B3 f12=exe+0x35ECC44 f13=exe+0x35ECC44 f14=exe+0x3537B3 f15=exe+0x35ECC44
client level=info t=744406 ev=nettick stage=sample latch=0 callbacks=42288
client level=error t=744406 ev=assert stage=hit n=37376 repeat=37376 arg0=0 text=hitch detected: mainloop world controller state activity:in_world {{!38!}} job fiber:{{!0x00834002!}} phase:{{!-1!}} iteration:0x0 stalled 
client level=info t=747172 ev=nettick stage=sample latch=0 callbacks=42288
client level=error t=747172 ev=assert stage=hit n=37888 repeat=37888 arg0=0 text=hitch detected: mainloop world controller state activity:in_world {{!38!}} job fiber:{{!0x00834002!}} phase:{{!-1!}} iteration:0x0 stalled 
client level=info t=749938 ev=nettick stage=sample latch=0 callbacks=42288
client level=error t=749938 ev=assert stage=hit n=38400 repeat=38400 arg0=0 text=hitch detected: mainloop world controller state activity:in_world {{!38!}} job fiber:{{!0x00834002!}} phase:{{!-1!}} iteration:0x0 stalled 
client level=info t=752078 ev=probe stage=hitch step=38 dur=0 gate=0 fa=0x00834000 fa_idle=0 fb=0x00834001 fb_idle=0 fc=0x00834002 fc_idle=0
client level=info t=752078 ev=probe stage=hitch set=wait idx=0 slot=0 tid=0x000031D8 kind=4 age=229994.0 desc="name: 'render_globals_update_and_setup_cascade_shadow_views_job', owner: 'system owner'"
client level=info t=752078 ev=probe stage=hitch set=wait idx=2 slot=2 tid=0x00001B34 kind=4 age=230005.8 desc="fiber:{{!0x00834002!}} phase:{{!-1!}} iteration:0x0"
client level=info t=752078 ev=probe stage=hitch set=ring idx=0 slot=-1 tid=0xFFFFFFFF kind=255 age=14069673984.0 desc="name: 'empty_job', owner: 'system owner'"
client level=info t=752078 ev=probe stage=hitch set=ring idx=1 slot=-1 tid=0xFFFFFFFF kind=255 age=14069673984.0 desc="name: 'empty_job', owner: 'system owner'"
client level=info t=752078 ev=probe stage=hitch set=ring idx=2 slot=-1 tid=0xFFFFFFFF kind=255 age=28008339456.0 desc="name: 'empty_job', owner: 'system owner'"
client level=info t=752078 ev=probe stage=hitch set=ring idx=3 slot=-1 tid=0xFFFFFFFF kind=255 age=14069673984.0 desc="name: 'empty_job', owner: 'system owner'"
client level=info t=752078 ev=probe stage=hitch set=ring idx=4 slot=-1 tid=0xFFFFFFFF kind=255 age=28008339456.0 desc="name: 'empty_job', owner: 'system owner'"
client level=info t=752078 ev=probe stage=hitch set=ring idx=5 slot=-1 tid=0xFFFFFFFF kind=255 age=28008339456.0 desc="name: 'empty_job', owner: 'system owner'"
client level=info t=752078 ev=probe stage=hitch set=ring idx=6 slot=-1 tid=0xFFFFFFFF kind=255 age=14069673984.0 desc="name: 'empty_job', owner: 'system owner'"
client level=info t=752078 ev=probe stage=hitch set=ring idx=7 slot=-1 tid=0xFFFFFFFF kind=255 age=28008339456.0 desc="name: 'empty_job', owner: 'system owner'"
client level=info t=752078 ev=probe stage=hitch set=ring idx=8 slot=-1 tid=0xFFFFFFFF kind=255 age=28008339456.0 desc="name: 'empty_job', owner: 'system owner'"
client level=info t=752078 ev=probe stage=hitch set=ring idx=9 slot=-1 tid=0xFFFFFFFF kind=255 age=28008339456.0 desc="name: 'empty_job', owner: 'system owner'"
client level=info t=752078 ev=probe stage=hitch set=ring idx=10 slot=-1 tid=0xFFFFFFFF kind=255 age=14069673984.0 desc="name: 'empty_job', owner: 'system owner'"
client level=info t=752078 ev=probe stage=hitch set=ring idx=11 slot=-1 tid=0xFFFFFFFF kind=255 age=28008339456.0 desc="name: 'empty_job', owner: 'system owner'"
client level=info t=752078 ev=probe stage=hitch set=ring idx=12 slot=-1 tid=0xFFFFFFFF kind=255 age=14069676032.0 desc="name: 'empty_job', owner: 'system owner'"
client level=info t=752078 ev=probe stage=hitch set=ring idx=13 slot=-1 tid=0xFFFFFFFF kind=255 age=14069673984.0 desc="name: 'empty_job', owner: 'system owner'"
client level=info t=752078 ev=probe stage=hitch set=ring idx=14 slot=-1 tid=0xFFFFFFFF kind=255 age=28008339456.0 desc="name: 'empty_job', owner: 'system owner'"
client level=info t=752078 ev=probe stage=hitch set=ring idx=15 slot=-1 tid=0xFFFFFFFF kind=255 age=28008339456.0 desc="name: 'empty_job', owner: 'system owner'"
client level=info t=752078 ev=probe stage=hitch set=stack tid=0x000031D8 rip=0x7FFD69541444 rsp=0x11359FD638 window=2048
client level=info t=752078 ev=probe stage=hitch set=frames tid=0x000031D8 f0=exe+0x20D6E80 f1=exe+0x20D6E80 f2=exe+0x3550FB f3=exe+0x20D6E38 f4=exe+0x9ED23D f5=exe+0x1DC60C8 f6=exe+0x1DC60D4 f7=exe+0x1B87974
client level=info t=752078 ev=probe stage=hitch set=frames tid=0x000031D8 f8=exe+0x1DC60C8 f9=exe+0x3537B3 f10=exe+0x35ECC44 f11=exe+0x3537B3 f12=exe+0x35ECC44 f13=exe+0x35ECC44 f14=exe+0x3537B3 f15=exe+0x35ECC44
client level=info t=752703 ev=nettick stage=sample latch=0 callbacks=42288
client level=error t=752703 ev=assert stage=hit n=38912 repeat=38912 arg0=0 text=hitch detected: mainloop world controller state activity:in_world {{!38!}} job fiber:{{!0x00834002!}} phase:{{!-1!}} iteration:0x0 stalled 
client level=info t=755469 ev=nettick stage=sample latch=0 callbacks=42288
client level=error t=755469 ev=assert stage=hit n=39424 repeat=39424 arg0=0 text=hitch detected: mainloop world controller state activity:in_world {{!38!}} job fiber:{{!0x00834002!}} phase:{{!-1!}} iteration:0x0 stalled 
client level=info t=758250 ev=nettick stage=sample latch=0 callbacks=42288
client level=error t=758250 ev=assert stage=hit n=39936 repeat=39936 arg0=0 text=hitch detected: mainloop world controller state activity:in_world {{!38!}} job fiber:{{!0x00834002!}} phase:{{!-1!}} iteration:0x0 stalled 
client level=info t=761016 ev=nettick stage=sample latch=0 callbacks=42288
client level=error t=761016 ev=assert stage=hit n=40448 repeat=40448 arg0=0 text=hitch detected: mainloop world controller state activity:in_world {{!38!}} job fiber:{{!0x00834002!}} phase:{{!-1!}} iteration:0x0 stalled 
client level=info t=762078 ev=probe stage=hitch step=38 dur=0 gate=0 fa=0x00834000 fa_idle=0 fb=0x00834001 fb_idle=0 fc=0x00834002 fc_idle=0
client level=info t=762078 ev=probe stage=hitch set=wait idx=0 slot=0 tid=0x000031D8 kind=4 age=239991.3 desc="name: 'render_globals_update_and_setup_cascade_shadow_views_job', owner: 'system owner'"
client level=info t=762078 ev=probe stage=hitch set=wait idx=2 slot=2 tid=0x00001B34 kind=4 age=240003.1 desc="fiber:{{!0x00834002!}} phase:{{!-1!}} iteration:0x0"
client level=info t=762078 ev=probe stage=hitch set=ring idx=0 slot=-1 tid=0xFFFFFFFF kind=255 age=14069673984.0 desc="name: 'empty_job', owner: 'system owner'"
client level=info t=762078 ev=probe stage=hitch set=ring idx=1 slot=-1 tid=0xFFFFFFFF kind=255 age=14069673984.0 desc="name: 'empty_job', owner: 'system owner'"
client level=info t=762078 ev=probe stage=hitch set=ring idx=2 slot=-1 tid=0xFFFFFFFF kind=255 age=28008339456.0 desc="name: 'empty_job', owner: 'system owner'"
client level=info t=762078 ev=probe stage=hitch set=ring idx=3 slot=-1 tid=0xFFFFFFFF kind=255 age=14069673984.0 desc="name: 'empty_job', owner: 'system owner'"
client level=info t=762078 ev=probe stage=hitch set=ring idx=4 slot=-1 tid=0xFFFFFFFF kind=255 age=28008339456.0 desc="name: 'empty_job', owner: 'system owner'"
client level=info t=762078 ev=probe stage=hitch set=ring idx=5 slot=-1 tid=0xFFFFFFFF kind=255 age=28008339456.0 desc="name: 'empty_job', owner: 'system owner'"
client level=info t=762078 ev=probe stage=hitch set=ring idx=6 slot=-1 tid=0xFFFFFFFF kind=255 age=14069673984.0 desc="name: 'empty_job', owner: 'system owner'"
client level=info t=762078 ev=probe stage=hitch set=ring idx=7 slot=-1 tid=0xFFFFFFFF kind=255 age=28008339456.0 desc="name: 'empty_job', owner: 'system owner'"
client level=info t=762078 ev=probe stage=hitch set=ring idx=8 slot=-1 tid=0xFFFFFFFF kind=255 age=28008339456.0 desc="name: 'empty_job', owner: 'system owner'"
client level=info t=762078 ev=probe stage=hitch set=ring idx=9 slot=-1 tid=0xFFFFFFFF kind=255 age=28008339456.0 desc="name: 'empty_job', owner: 'system owner'"
client level=info t=762078 ev=probe stage=hitch set=ring idx=10 slot=-1 tid=0xFFFFFFFF kind=255 age=14069673984.0 desc="name: 'empty_job', owner: 'system owner'"
client level=info t=762078 ev=probe stage=hitch set=ring idx=11 slot=-1 tid=0xFFFFFFFF kind=255 age=28008339456.0 desc="name: 'empty_job', owner: 'system owner'"
client level=info t=762078 ev=probe stage=hitch set=ring idx=12 slot=-1 tid=0xFFFFFFFF kind=255 age=14069676032.0 desc="name: 'empty_job', owner: 'system owner'"
client level=info t=762078 ev=probe stage=hitch set=ring idx=13 slot=-1 tid=0xFFFFFFFF kind=255 age=14069673984.0 desc="name: 'empty_job', owner: 'system owner'"
client level=info t=762078 ev=probe stage=hitch set=ring idx=14 slot=-1 tid=0xFFFFFFFF kind=255 age=28008339456.0 desc="name: 'empty_job', owner: 'system owner'"
client level=info t=762078 ev=probe stage=hitch set=ring idx=15 slot=-1 tid=0xFFFFFFFF kind=255 age=28008339456.0 desc="name: 'empty_job', owner: 'system owner'"
client level=info t=762078 ev=probe stage=hitch set=stack tid=0x000031D8 rip=0x7FFD69541444 rsp=0x11359FD638 window=2048
client level=info t=762078 ev=probe stage=hitch set=frames tid=0x000031D8 f0=exe+0x20D6E80 f1=exe+0x20D6E80 f2=exe+0x3550FB f3=exe+0x20D6E38 f4=exe+0x9ED23D f5=exe+0x1DC60C8 f6=exe+0x1DC60D4 f7=exe+0x1B87974
client level=info t=762078 ev=probe stage=hitch set=frames tid=0x000031D8 f8=exe+0x1DC60C8 f9=exe+0x3537B3 f10=exe+0x35ECC44 f11=exe+0x3537B3 f12=exe+0x35ECC44 f13=exe+0x35ECC44 f14=exe+0x3537B3 f15=exe+0x35ECC44
client level=info t=763781 ev=nettick stage=sample latch=0 callbacks=42288
client level=error t=763781 ev=assert stage=hit n=40960 repeat=40960 arg0=0 text=hitch detected: mainloop world controller state activity:in_world {{!38!}} job fiber:{{!0x00834002!}} phase:{{!-1!}} iteration:0x0 stalled 
