server level=info t=547 ev=mission_script stage=initialize result=enabled session=0 activity_row=0
server level=info t=547 ev=transport stage=listen result=ok port=30974
server level=info t=562 ev=gameplay stage=endpoint result=ok mode=embedded port=30976 ports=16 of=16
client level=info t=641 ev=package_trust stage=attach result=ok mode=package_integrity_bypass
client level=info t=641 ev=bootflow_texture stage=attach count=18 result=ok
client level=info t=641 ev=steam_init result=ok
client level=info t=641 ev=hook stage=install group=egress count=31 result=ok
client level=info t=1656 ev=graphics stage=probe result=ok driver=hardware level=0xB000
client level=info t=1750 ev=cursor stage=install result=ok
client level=info t=1750 ev=polled_input stage=install result=ok
client level=info t=1750 ev=activate stage=graphics result=ok
client level=info t=1766 ev=activate stage=platform result=ok
client level=info t=1781 ev=renderer stage=init result=ok
client level=info t=2047 ev=bootstrap stage=token result=ok
client level=info t=2078 ev=investment stage=family5_commit result=ok
client level=info t=2078 ev=investment stage=install result=ok
client level=info t=2078 ev=activate stage=game_network result=ok
client level=info t=2078 ev=activate stage=package_keys result=ok
client level=info t=2078 ev=retail stage=install result=ok
client level=info t=2078 ev=assert stage=install result=ok
client level=info t=2109 ev=probe stage=hitch result=installed
client level=info t=2109 ev=probe stage=stall result=installed
client level=info t=2125 ev=probe stage=sense result=installed
client level=info t=2187 ev=async_io_guard stage=patch result=ok mode=cached_manager_owner
client level=info t=2187 ev=config_getter stage=install result=ok
client level=info t=2250 ev=bootflow stage=character_select result=ok
client level=info t=2250 ev=bootflow stage=slice_set result=ok
client level=info t=2250 ev=bootflow stage=composition result=ok
client level=info t=2250 ev=bootflow stage=orbit_handoff result=ok
client level=info t=2250 ev=bootflow stage=owner_slot result=ok
client level=info t=2250 ev=bootflow stage=region result=ok
client level=info t=2266 ev=bootflow stage=world_step result=ok
client level=info t=2281 ev=bootflow stage=current_slice result=ok
client level=info t=2312 ev=teleport stage=install result=ok
client level=info t=2344 ev=noclip stage=install result=ok
client level=info t=2375 ev=infinite_ammo stage=install result=ok
client level=info t=2375 ev=inactivity stage=install result=ok
client level=info t=2391 ev=queuez stage=notification result=ok
client level=info t=2406 ev=bitmap stage=ref_guard result=ok
client level=info t=2406 ev=probe stage=msg12 result=installed
client level=info t=2578 ev=probe stage=cine result=installed
client level=info t=2641 ev=probe stage=cine6 result=installed
client level=info t=2844 ev=world_objects stage=install result=ok
client level=info t=2844 ev=activate stage=main result=ok
client level=info t=2844 ev=nettick stage=resolve result=ok latch=0x00007FF686230827
client level=info t=2844 ev=nettick stage=sample latch=1 callbacks=4
server level=info t=2844 ev=core stage=pump result=server_thread
client level=info t=2875 ev=pkg stage=abilities result=ok rows=12
client level=info t=2875 ev=build_data stage=items result=ok rows=15424
client level=info t=2891 ev=build_data stage=domains named=1 items=1 details=1 buckets=1 sockets=1 abilities=1 progressions=1 scenarios=1
client level=info t=3016 ev=inactivity stage=release result=noop
client level=info t=4047 ev=retail site=5 text=networking:stun: Created stun endpoint, advancing to DNS discovery
client level=info t=4062 ev=retail site=6 text=networking:stun: Using lookup type: [0]
client level=info t=4078 ev=retail site=6 text=networking:stun: Using lookup type: [0]
client level=info t=4078 ev=retail site=6 text=networking:stun: Using lookup type: [0]
client level=info t=4094 ev=retail site=6 text=networking:stun: Using lookup type: [0]
client level=info t=4109 ev=retail site=6 text=networking:stun: Using lookup type: [0]
client level=info t=4125 ev=retail site=6 text=networking:stun: Using lookup type: [0]
client level=info t=4141 ev=retail site=6 text=networking:stun: Using lookup type: [0]
client level=info t=4156 ev=retail site=6 text=networking:stun: Using lookup type: [0]
client level=info t=4172 ev=retail site=6 text=networking:stun: Using lookup type: [0]
client level=info t=4187 ev=retail site=6 text=networking:stun: Using lookup type: [0]
client level=info t=4203 ev=retail site=6 text=networking:stun: Using lookup type: [0]
client level=info t=4203 ev=retail site=6 text=networking:stun: Using lookup type: [0]
client level=info t=4219 ev=retail site=6 text=networking:stun: Using lookup type: [0]
client level=info t=4234 ev=retail site=6 text=networking:stun: Using lookup type: [0]
client level=info t=4250 ev=retail site=6 text=networking:stun: Using lookup type: [0]
client level=info t=4266 ev=retail site=6 text=networking:stun: Using lookup type: [0]
client level=info t=4281 ev=retail site=6 text=networking:stun: Using lookup type: [0]
client level=info t=4297 ev=retail site=6 text=networking:stun: Using lookup type: [0]
client level=info t=4297 ev=retail site=7 text=networking:stun: Selected stun server: [0] ip address: [127.0.0.1:3074] valid stun server count: [1]
client level=info t=4328 ev=retail site=8 text=networking:stun: client external ip address: [127.0.0.1:3097]
client level=info t=4344 ev=retail site=9 text=networking:stun: Reporting NAT type [1] and address [127.0.0.1:3097].
client level=info t=4844 ev=nettick stage=sample latch=1 callbacks=239
client level=info t=6844 ev=nettick stage=sample latch=1 callbacks=503
client level=info t=8844 ev=nettick stage=sample latch=1 callbacks=783
client level=info t=10000 ev=retail site=3 text=world_controller:state_manager: Entering state 'bootflow:start' for reason 'unavailable'.
client level=info t=10844 ev=nettick stage=sample latch=1 callbacks=1050
client level=info t=12844 ev=nettick stage=sample latch=1 callbacks=1326
client level=info t=14844 ev=nettick stage=sample latch=1 callbacks=1605
client level=info t=16844 ev=nettick stage=sample latch=1 callbacks=1884
client level=info t=18234 ev=retail site=10 text=networking:link: Endpoint traffic is now: [disabled].
client level=info t=18234 ev=retail site=0 text=networking:UPnP: Resetting UPnP client.
client level=info t=18234 ev=retail site=3 text=world_controller:state_manager: Entering state 'bootflow:platform_signin' for reason 'unavailable'.
client level=info t=18234 ev=retail site=11 text=world_controller:retail_datamine: Timed operation: [ENUM(4)], took: [0 ms], average: [0.000000 ms], min: [0.000000], max: [0.000000], count: [1]
client level=info t=18234 ev=retail site=12 text=networking:logic:session: local user 0 set platform account id=unknown platform account id, live=1, online=1, free=0, user_content=1, friend_content=1
client level=info t=18234 ev=retail site=11 text=world_controller:retail_datamine: Timed operation: [ENUM(5)], took: [0 ms], average: [0.000000 ms], min: [0.000000], max: [0.000000], count: [1]
client level=info t=18234 ev=retail site=3 text=world_controller:state_manager: Entering state 'bootflow:platform_account_warnings' for reason 'unavailable'.
client level=info t=18234 ev=retail site=3 text=world_controller:state_manager: Entering state 'bootflow:enumerate_content_rights' for reason 'unavailable'.
client level=info t=18250 ev=retail site=3 text=world_controller:state_manager: Entering state 'bootflow:account_signin' for reason 'unavailable'.
server level=info t=18297 ev=http method=post route=signon result=ok
client level=info t=18312 ev=retail site=13 text=networking:signon:client: Server environment: live
client level=info t=18312 ev=retail site=14 text=networking:stun: Client external address from signon: [127.0.0.1:0].
client level=info t=18312 ev=retail site=15 text=world_controller:state:bootflow_account_signin_handler: Demonware lobby connection not desired, continuing without Demonware lobby connection.
client level=info t=18312 ev=retail site=11 text=world_controller:retail_datamine: Timed operation: [ENUM(8)], took: [67 ms], average: [67.000000 ms], min: [67.000000], max: [67.000000], count: [1]
client level=info t=18312 ev=retail site=16 text=networking:stun: Using STUN discovered address and NAT type.
client level=info t=18312 ev=retail site=17 text=world_controller:retail_datamine: Total time spent: [75] ms in world controller state: [7] name: [bootflow:account_signin]
client level=info t=18312 ev=retail site=3 text=world_controller:state_manager: Entering state 'bootflow:content_check' for reason 'unavailable'.
client level=info t=18312 ev=content_config stage=get route=manifest bytes=105232 result=ok
client level=info t=18500 ev=retail site=17 text=world_controller:retail_datamine: Total time spent: [187] ms in world controller state: [16] name: [bootflow:content_check]
client level=info t=18500 ev=retail site=3 text=world_controller:state_manager: Entering state 'bootflow:package_registration' for reason 'unavailable'.
client level=info t=18844 ev=nettick stage=sample latch=1 callbacks=2161
client level=info t=20844 ev=nettick stage=sample latch=1 callbacks=2436
client level=info t=21250 ev=retail site=17 text=world_controller:retail_datamine: Total time spent: [2743] ms in world controller state: [21] name: [bootflow:package_registration]
client level=info t=21250 ev=retail site=3 text=world_controller:state_manager: Entering state 'bootflow:bap_signin' for reason 'unavailable'.
client level=info t=21250 ev=retail site=18 text=world_controller:task_manager: Started   task 'ENUM(0)'.
client level=info t=21250 ev=retail site=18 text=world_controller:task_manager: Started   task 'ENUM(1)'.
client level=info t=21250 ev=retail site=18 text=world_controller:task_manager: Started   task 'ENUM(2)'.
client level=info t=21250 ev=retail site=18 text=world_controller:task_manager: Started   task 'ENUM(3)'.
client level=info t=21250 ev=retail site=19 text=world_controller:task_manager: Completed task 'ENUM(3)' after '0ms'.
client level=info t=21250 ev=retail site=18 text=world_controller:task_manager: Started   task 'ENUM(4)'.
client level=info t=21250 ev=retail site=19 text=world_controller:task_manager: Completed task 'ENUM(4)' after '0ms'.
client level=info t=21250 ev=retail site=20 text=networking:server:bap: primary BAP server IP address: 1.0.0.127, port: 30974
server level=info t=21250 ev=transport stage=accept result=ok conn=1
client level=info t=21344 ev=retail site=19 text=world_controller:task_manager: Completed task 'ENUM(0)' after '90ms'.
client level=info t=21344 ev=retail site=11 text=world_controller:retail_datamine: Timed operation: [ENUM(13)], took: [90 ms], average: [90.000000 ms], min: [90.000000], max: [90.000000], count: [1]
client level=info t=21750 ev=retail site=19 text=world_controller:task_manager: Completed task 'ENUM(1)' after '500ms'.
client level=info t=21750 ev=retail site=18 text=world_controller:task_manager: Started   task 'ENUM(14)'.
client level=info t=21766 ev=retail site=19 text=world_controller:task_manager: Completed task 'ENUM(14)' after '14ms'.
client level=info t=22844 ev=nettick stage=sample latch=1 callbacks=2718
client level=info t=24844 ev=nettick stage=sample latch=1 callbacks=3002
client level=info t=26375 ev=retail site=19 text=world_controller:task_manager: Completed task 'ENUM(2)' after '5123ms'.
client level=info t=26375 ev=retail site=18 text=world_controller:task_manager: Started   task 'ENUM(5)'.
client level=info t=26391 ev=retail site=19 text=world_controller:task_manager: Completed task 'ENUM(5)' after '17ms'.
client level=info t=26391 ev=retail site=18 text=world_controller:task_manager: Started   task 'ENUM(6)'.
client level=info t=26391 ev=retail site=18 text=world_controller:task_manager: Started   task 'ENUM(7)'.
client level=info t=26500 ev=retail site=19 text=world_controller:task_manager: Completed task 'ENUM(6)' after '115ms'.
client level=info t=26500 ev=retail site=11 text=world_controller:retail_datamine: Timed operation: [ENUM(11)], took: [132 ms], average: [132.000000 ms], min: [132.000000], max: [132.000000], count: [1]
client level=info t=26578 ev=retail site=19 text=world_controller:task_manager: Completed task 'ENUM(7)' after '192ms'.
client level=info t=26578 ev=retail site=18 text=world_controller:task_manager: Started   task 'ENUM(8)'.
client level=info t=26578 ev=retail site=19 text=world_controller:task_manager: Completed task 'ENUM(8)' after '0ms'.
client level=info t=26578 ev=retail site=18 text=world_controller:task_manager: Started   task 'ENUM(9)'.
client level=info t=26750 ev=retail site=19 text=world_controller:task_manager: Completed task 'ENUM(9)' after '168ms'.
client level=info t=26750 ev=retail site=18 text=world_controller:task_manager: Started   task 'ENUM(10)'.
client level=info t=26750 ev=retail site=18 text=world_controller:task_manager: Started   task 'ENUM(15)'.
client level=info t=26844 ev=nettick stage=sample latch=1 callbacks=3288
client level=info t=27094 ev=retail site=19 text=world_controller:task_manager: Completed task 'ENUM(10)' after '339ms'.
client level=info t=27094 ev=retail site=18 text=world_controller:task_manager: Started   task 'ENUM(13)'.
client level=info t=27234 ev=retail site=19 text=world_controller:task_manager: Completed task 'ENUM(13)' after '141ms'.
client level=info t=27234 ev=retail site=11 text=world_controller:retail_datamine: Timed operation: [ENUM(12)], took: [648 ms], average: [648.000000 ms], min: [648.000000], max: [648.000000], count: [1]
client level=info t=27406 ev=retail site=19 text=world_controller:task_manager: Completed task 'ENUM(15)' after '653ms'.
client level=info t=27406 ev=retail site=18 text=world_controller:task_manager: Started   task 'ENUM(16)'.
client level=info t=27406 ev=retail site=18 text=world_controller:task_manager: Started   task 'ENUM(17)'.
client level=info t=27406 ev=retail site=18 text=world_controller:task_manager: Started   task 'ENUM(18)'.
client level=info t=27406 ev=retail site=19 text=world_controller:task_manager: Completed task 'ENUM(18)' after '0ms'.
client level=info t=27453 ev=retail site=19 text=world_controller:task_manager: Completed task 'ENUM(16)' after '48ms'.
client level=info t=28844 ev=nettick stage=sample latch=1 callbacks=3555
client level=info t=28906 ev=retail site=19 text=world_controller:task_manager: Completed task 'ENUM(17)' after '1499ms'.
client level=info t=28906 ev=retail site=17 text=world_controller:retail_datamine: Total time spent: [7654] ms in world controller state: [22] name: [bootflow:bap_signin]
client level=info t=28906 ev=retail site=3 text=world_controller:state_manager: Entering state 'bootflow:investment_signin' for reason 'unavailable'.
client level=info t=28906 ev=retail site=21 text=world_controller:task_manager: Started   task 'ENUM(0)'.
client level=info t=28906 ev=retail site=21 text=world_controller:task_manager: Started   task 'ENUM(1)'.
client level=info t=28906 ev=retail site=22 text=world_controller:task_manager: Completed task 'ENUM(1)' after '0ms'.
client level=info t=28906 ev=retail site=21 text=world_controller:task_manager: Started   task 'ENUM(2)'.
client level=info t=28906 ev=retail site=21 text=world_controller:task_manager: Started   task 'ENUM(6)'.
client level=info t=28953 ev=retail site=22 text=world_controller:task_manager: Completed task 'ENUM(6)' after '53ms'.
client level=info t=29969 ev=retail site=22 text=world_controller:task_manager: Completed task 'ENUM(2)' after '1059ms'.
client level=info t=29969 ev=retail site=21 text=world_controller:task_manager: Started   task 'ENUM(4)'.
client level=info t=29969 ev=retail site=21 text=world_controller:task_manager: Started   task 'ENUM(5)'.
client level=info t=29969 ev=retail site=22 text=world_controller:task_manager: Completed task 'ENUM(5)' after '0ms'.
client level=info t=30187 ev=retail site=23 text=world_controller: successfully changed world to: ambient_bootstrap
client level=info t=30187 ev=retail site=22 text=world_controller:task_manager: Completed task 'ENUM(4)' after '230ms'.
client level=info t=30281 ev=lore_visibility result=applied conditions=24
client level=info t=30281 ev=retail site=24 text=content_table_patching: patch contents have been cleared
client level=warn t=30375 ev=queuez stage=notification result=skipped reason=null_payload
client level=info t=30375 ev=retail site=25 text=networking:investment:push:queuez: failed to process update for [family_type ENUM(0), family_root_soid 0x9EAA300100100100, version 0, flags 0x01, object_count 2]
client level=info t=30391 ev=retail site=22 text=world_controller:task_manager: Completed task 'ENUM(0)' after '1491ms'.
client level=info t=30391 ev=retail site=26 text=networking:link: Starting port collsion resolution for endpoint type: [2], using port: [2003], max attempts: [100], max upnp attempts: [6]
client level=info t=30391 ev=retail site=27 text=networking:port_collision_resolver: Starting port collision resolution for endpoint type: [2] port: [2003].
client level=info t=30391 ev=retail site=21 text=world_controller:task_manager: Started   task 'ENUM(7)'.
client level=info t=30391 ev=retail site=22 text=world_controller:task_manager: Completed task 'ENUM(7)' after '0ms'.
client level=info t=30391 ev=retail site=17 text=world_controller:retail_datamine: Total time spent: [1491] ms in world controller state: [23] name: [bootflow:investment_signin]
client level=info t=30391 ev=retail site=3 text=world_controller:state_manager: Entering state 'bootflow:prepare_for_orbit' for reason 'unavailable'.
client level=info t=30406 ev=retail site=28 text=networking:UPnP: Started UPnP client for port: [2003].
client level=info t=30844 ev=nettick stage=sample latch=1 callbacks=3847
client level=info t=30875 ev=retail site=25 text=networking:investment:push:queuez: failed to process update for [family_type ENUM(0), family_root_soid 0x9EAA300100100100, version 0, flags 0x01, object_count 2]
client level=info t=32844 ev=nettick stage=sample latch=1 callbacks=4372
client level=info t=34109 ev=retail site=23 text=world_controller: successfully changed world to: orbit_d2
client level=info t=34281 ev=retail site=29 text=world_controller:state:prepare_for_orbit: Waiting for bubble host port collision resolution.
client level=info t=34844 ev=nettick stage=sample latch=1 callbacks=4848
client level=info t=36422 ev=retail site=30 text=networking:UPnP: Client completed with status: [2], port: [2003].
client level=info t=36422 ev=retail site=31 text=networking:port_collision_resolver: Unsuccessful UPnP reservation, UPnP client state: [2], endpoint type: [2] port: [2003].
client level=info t=36422 ev=retail site=0 text=networking:UPnP: Resetting UPnP client.
client level=info t=36422 ev=retail site=32 text=networking:link: Swapping out endpoint type: [2] with collision resolved endpoint using port: [2003]
client level=info t=36437 ev=retail site=17 text=world_controller:retail_datamine: Total time spent: [6039] ms in world controller state: [25] name: [bootflow:prepare_for_orbit]
client level=info t=36437 ev=retail site=10 text=networking:link: Endpoint traffic is now: [enabled].
client level=info t=36437 ev=retail site=3 text=world_controller:state_manager: Entering state 'bootflow:rejoin_activity' for reason 'unavailable'.
client level=info t=36437 ev=retail site=17 text=world_controller:retail_datamine: Total time spent: [0] ms in world controller state: [26] name: [bootflow:rejoin_activity]
client level=info t=36437 ev=retail site=3 text=world_controller:state_manager: Entering state 'character:signin' for reason 'unavailable'.
client level=info t=36437 ev=bootflow stage=character_select result=held
client level=info t=36844 ev=nettick stage=sample latch=1 callbacks=5354
client level=info t=38844 ev=nettick stage=sample latch=1 callbacks=5686
client level=info t=40578 ev=retail site=25 text=networking:investment:push:queuez: failed to process update for [family_type ENUM(0), family_root_soid 0x9EAA300100100100, version 1, flags 0x01, object_count 2]
client level=info t=40625 ev=retail site=17 text=world_controller:retail_datamine: Total time spent: [4196] ms in world controller state: [27] name: [character:signin]
client level=info t=40625 ev=retail site=11 text=world_controller:retail_datamine: Timed operation: [ENUM(15)], took: [4196 ms], average: [4196.000000 ms], min: [4196.000000], max: [4196.000000], count: [1]
client level=info t=40625 ev=retail site=3 text=world_controller:state_manager: Entering state 'cleanup' for reason 'unavailable'.
client level=info t=40625 ev=retail site=33 text=world_controller:state:cleanup: Requested task mask: '0x00e0010c30fbdf3c'
client level=info t=40625 ev=retail site=34 text=world_controller:task_manager: Started   task 'ENUM(2)'.
client level=info t=40625 ev=retail site=35 text=world_controller:task_manager: Completed task 'ENUM(2)' after '0ms'.
client level=info t=40625 ev=retail site=34 text=world_controller:task_manager: Started   task 'ENUM(3)'.
client level=info t=40625 ev=retail site=35 text=world_controller:task_manager: Completed task 'ENUM(3)' after '0ms'.
client level=info t=40625 ev=retail site=34 text=world_controller:task_manager: Started   task 'ENUM(4)'.
client level=info t=40625 ev=retail site=35 text=world_controller:task_manager: Completed task 'ENUM(4)' after '0ms'.
client level=info t=40625 ev=retail site=34 text=world_controller:task_manager: Started   task 'ENUM(5)'.
client level=info t=40625 ev=retail site=35 text=world_controller:task_manager: Completed task 'ENUM(5)' after '0ms'.
client level=info t=40625 ev=retail site=34 text=world_controller:task_manager: Started   task 'ENUM(8)'.
client level=info t=40625 ev=retail site=36 text=networking:session: [fireteam:00000000:00000000] session state is changing from 'none' to 'host-established'.
client level=info t=40625 ev=retail site=34 text=world_controller:task_manager: Started   task 'ENUM(10)'.
client level=info t=40625 ev=retail site=35 text=world_controller:task_manager: Completed task 'ENUM(10)' after '0ms'.
client level=info t=40625 ev=retail site=34 text=world_controller:task_manager: Started   task 'ENUM(11)'.
client level=info t=40625 ev=retail site=35 text=world_controller:task_manager: Completed task 'ENUM(11)' after '0ms'.
client level=info t=40625 ev=retail site=34 text=world_controller:task_manager: Started   task 'ENUM(12)'.
client level=info t=40625 ev=retail site=35 text=world_controller:task_manager: Completed task 'ENUM(12)' after '0ms'.
client level=info t=40625 ev=retail site=34 text=world_controller:task_manager: Started   task 'ENUM(14)'.
client level=info t=40625 ev=retail site=35 text=world_controller:task_manager: Completed task 'ENUM(14)' after '0ms'.
client level=info t=40625 ev=retail site=34 text=world_controller:task_manager: Started   task 'ENUM(15)'.
client level=info t=40625 ev=retail site=35 text=world_controller:task_manager: Completed task 'ENUM(15)' after '0ms'.
client level=info t=40625 ev=retail site=34 text=world_controller:task_manager: Started   task 'ENUM(16)'.
client level=info t=40625 ev=retail site=35 text=world_controller:task_manager: Completed task 'ENUM(16)' after '0ms'.
client level=info t=40625 ev=retail site=34 text=world_controller:task_manager: Started   task 'ENUM(17)'.
client level=info t=40625 ev=retail site=34 text=world_controller:task_manager: Started   task 'ENUM(19)'.
client level=info t=40625 ev=retail site=34 text=world_controller:task_manager: Started   task 'ENUM(20)'.
client level=info t=40625 ev=retail site=35 text=world_controller:task_manager: Completed task 'ENUM(20)' after '0ms'.
client level=info t=40625 ev=retail site=34 text=world_controller:task_manager: Started   task 'ENUM(21)'.
client level=info t=40625 ev=retail site=34 text=world_controller:task_manager: Started   task 'ENUM(28)'.
client level=info t=40625 ev=retail site=37 text=world_controller:retail_datamine: About to attempt retail log upload. We have '157' events, dropped '0' from THIS session due to upload cap, and have '38' unique event IDs.
client level=info t=40625 ev=retail site=34 text=world_controller:task_manager: Started   task 'ENUM(29)'.
client level=info t=40625 ev=retail site=35 text=world_controller:task_manager: Completed task 'ENUM(29)' after '0ms'.
client level=info t=40625 ev=retail site=34 text=world_controller:task_manager: Started   task 'ENUM(34)'.
client level=info t=40625 ev=retail site=35 text=world_controller:task_manager: Completed task 'ENUM(34)' after '0ms'.
client level=info t=40625 ev=retail site=34 text=world_controller:task_manager: Started   task 'ENUM(54)'.
client level=info t=40625 ev=retail site=35 text=world_controller:task_manager: Completed task 'ENUM(54)' after '0ms'.
client level=info t=40625 ev=retail site=34 text=world_controller:task_manager: Started   task 'ENUM(55)'.
client level=info t=40625 ev=retail site=38 text=world_controller:state:cleanup: After 1ms, status: '2', tasks active: '0x00800000102a0100', pending: '0x0020010800c00200', requested: '0x00e0010c30fbdf3c'
client level=info t=40625 ev=retail site=39 text=networking:session:membership:dump: [fireteam:00000000:00000000] update_number: 7, leader_peer_index: # 0, host_peer_index: # 0
client level=info t=40625 ev=retail site=40 text=networking:session:membership:dump:   peers valid: 0x1, non-dormant: 0x1, changed: 0x1, removed: 0x0; players valid: 0x1, changed: 0x0, removed: 0x0
client level=info t=40625 ev=retail site=41 text=networking:session:membership:dump:   peer # 0 a=[steamid:76561198776753861#34ed6b76363dc2f3] s=            _joining o=-1 j=[D977547F-8D6C2FE1] amb=[XXXXXXXX-XXXXXXXX] pc=1 peer_name=<UNKNOWN PEER NAME> session_id= flags=0
client level=info t=40766 ev=retail site=23 text=world_controller: successfully changed world to:
client level=info t=40766 ev=retail site=35 text=world_controller:task_manager: Completed task 'ENUM(19)' after '135ms'.
client level=info t=40766 ev=retail site=35 text=world_controller:task_manager: Completed task 'ENUM(21)' after '135ms'.
client level=info t=40766 ev=retail site=34 text=world_controller:task_manager: Started   task 'ENUM(22)'.
client level=info t=40766 ev=retail site=34 text=world_controller:task_manager: Started   task 'ENUM(23)'.
client level=info t=40766 ev=retail site=35 text=world_controller:task_manager: Completed task 'ENUM(23)' after '0ms'.
client level=info t=40766 ev=retail site=35 text=world_controller:task_manager: Completed task 'ENUM(28)' after '135ms'.
client level=info t=40766 ev=retail site=34 text=world_controller:task_manager: Started   task 'ENUM(53)'.
client level=info t=40766 ev=retail site=35 text=world_controller:task_manager: Completed task 'ENUM(17)' after '137ms'.
client level=info t=40766 ev=retail site=35 text=world_controller:task_manager: Completed task 'ENUM(55)' after '138ms'.
client level=info t=40766 ev=retail site=42 text=networking:session:process-pending-joins: [fireteam:0753ADBB:42310C6F] marking all peers in join [D977547F-8D6C2FE1] as joined
client level=info t=40766 ev=retail site=39 text=networking:session:membership:dump: [fireteam:0753ADBB:42310C6F] update_number: 11, leader_peer_index: # 0, host_peer_index: # 0
client level=info t=40766 ev=retail site=40 text=networking:session:membership:dump:   peers valid: 0x1, non-dormant: 0x1, changed: 0x1, removed: 0x0; players valid: 0x1, changed: 0x0, removed: 0x0
client level=info t=40766 ev=retail site=41 text=networking:session:membership:dump:   peer # 0 a=[steamid:76561198776753861#34ed6b76363dc2f3] s=            _waiting o=-1 j=[D977547F-8D6C2FE1] amb=[XXXXXXXX-XXXXXXXX] pc=1 peer_name=<UNKNOWN PEER NAME> session_id= flags=0
client level=info t=40766 ev=retail site=43 text=networking:session:process-pending-joins: [fireteam:0753ADBB:42310C6F] marking all peers in join [D977547F-8D6C2FE1] as ready, [140] ms since peer [0] created, [40833] since join was queued
client level=info t=40766 ev=retail site=39 text=networking:session:membership:dump: [fireteam:0753ADBB:42310C6F] update_number: 12, leader_peer_index: # 0, host_peer_index: # 0
client level=info t=40766 ev=retail site=40 text=networking:session:membership:dump:   peers valid: 0x1, non-dormant: 0x1, changed: 0x1, removed: 0x0; players valid: 0x1, changed: 0x0, removed: 0x0
client level=info t=40766 ev=retail site=41 text=networking:session:membership:dump:   peer # 0 a=[steamid:76561198776753861#34ed6b76363dc2f3] s=              _ready o=-1 j=[D977547F-8D6C2FE1] amb=[XXXXXXXX-XXXXXXXX] pc=1 peer_name=<UNKNOWN PEER NAME> session_id= flags=0
client level=info t=40766 ev=retail site=44 text=networking:session:process-pending-joins: [fireteam:0753ADBB:42310C6F] marking all peers in join [D977547F-8D6C2FE1] as established
client level=info t=40766 ev=retail site=39 text=networking:session:membership:dump: [fireteam:0753ADBB:42310C6F] update_number: 14, leader_peer_index: # 0, host_peer_index: # 0
client level=info t=40766 ev=retail site=40 text=networking:session:membership:dump:   peers valid: 0x1, non-dormant: 0x1, changed: 0x1, removed: 0x0; players valid: 0x1, changed: 0x0, removed: 0x0
client level=info t=40766 ev=retail site=41 text=networking:session:membership:dump:   peer # 0 a=[steamid:76561198776753861#34ed6b76363dc2f3] s=        _established o=-1 j=[XXXXXXXX-XXXXXXXX] amb=[XXXXXXXX-XXXXXXXX] pc=1 peer_name=<UNKNOWN PEER NAME> session_id= flags=0
client level=info t=40766 ev=retail site=35 text=world_controller:task_manager: Completed task 'ENUM(8)' after '142ms'.
client level=info t=40766 ev=retail site=34 text=world_controller:task_manager: Started   task 'ENUM(9)'.
client level=info t=40766 ev=retail site=35 text=world_controller:task_manager: Completed task 'ENUM(9)' after '0ms'.
client level=info t=40766 ev=retail site=39 text=networking:session:membership:dump: [fireteam:0753ADBB:42310C6F] update_number: 16, leader_peer_index: # 0, host_peer_index: # 0
client level=info t=40766 ev=retail site=40 text=networking:session:membership:dump:   peers valid: 0x1, non-dormant: 0x1, changed: 0xffffffff, removed: 0x0; players valid: 0x1, changed: 0xffffffff, removed: 0x0
client level=info t=40766 ev=retail site=41 text=networking:session:membership:dump:   peer # 0 a=[steamid:76561198776753861#34ed6b76363dc2f3] s=        _established o=-1 j=[XXXXXXXX-XXXXXXXX] amb=[XXXXXXXX-XXXXXXXX] pc=1 peer_name=<UNKNOWN PEER NAME> session_id=Wed_09092026_130644_011336@x64@unknown_pc_user@B0_A1_25_FC_EC_00_F935 flags=0
client level=info t=40844 ev=nettick stage=sample latch=1 callbacks=5992
client level=info t=40875 ev=retail site=35 text=world_controller:task_manager: Completed task 'ENUM(22)' after '117ms'.
client level=info t=40875 ev=retail site=34 text=world_controller:task_manager: Started   task 'ENUM(35)'.
client level=info t=40875 ev=retail site=34 text=world_controller:task_manager: Started   task 'ENUM(40)'.
client level=info t=40875 ev=retail site=35 text=world_controller:task_manager: Completed task 'ENUM(40)' after '0ms'.
client level=info t=41125 ev=retail site=23 text=world_controller: successfully changed world to: orbit_d2
client level=info t=41125 ev=retail site=35 text=world_controller:task_manager: Completed task 'ENUM(35)' after '251ms'.
server level=info t=41156 ev=queuez stage=translate result=paired kind=account identity=0x0110000130AA9EC5 soid=0x9EAA300100100100
server level=info t=41156 ev=ws701 stage=profile_setup result=complete
server level=info t=41172 ev=activity stage=writeback result=ok world_state=0
server level=info t=41187 ev=queuez stage=social_roster result=ok soid=0x9EAA300100100100 objects=2 bytes=176 emblem=1273 hash=0x71B4CC1A
client level=info t=41828 ev=retail site=35 text=world_controller:task_manager: Completed task 'ENUM(53)' after '1061ms'.
client level=info t=41828 ev=retail site=17 text=world_controller:retail_datamine: Total time spent: [1196] ms in world controller state: [28] name: [cleanup]
client level=info t=41828 ev=retail site=3 text=world_controller:state_manager: Entering state 'setup:orbit' for reason 'unavailable'.
client level=info t=41828 ev=retail site=45 text=world_controller:slice_set_transition_manager: Mode changed from 'disabled' to 'fully_enabled'.
client level=info t=41828 ev=retail site=11 text=world_controller:retail_datamine: Timed operation: [ENUM(14)], took: [23597 ms], average: [23597.000000 ms], min: [23597.000000], max: [23597.000000], count: [1]
client level=info t=41828 ev=retail site=46 text=world_controller:slice_set_transition_manager: Failed to find the Orbit slice-set name for destination 'HASH(0x13a023bc)', so we're falling back to a new character (Orbit destination 'HASH(0x59ad083e)', slice-set 'HASH(0x841b4ef7)').
client level=info t=41828 ev=retail site=47 text=world_controller:slice_set_transition_manager: Starting a new transition of type 'transitioning:orbit' to 'PRV24.24 (HASH: 0x841b4ef7)'; token advanced to 001
server level=info t=42094 ev=ws701 stage=profile_setup result=complete
server level=info t=42109 ev=activity stage=writeback result=ok world_state=0
client level=info t=42125 ev=bootflow stage=orbit_handoff result=native
client level=info t=42125 ev=retail site=48 text=world_controller:slice_set_transition_manager: Stopping transition of type 'transitioning:orbit' due to completed
client level=info t=42844 ev=nettick stage=sample latch=1 callbacks=6407
client level=info t=44844 ev=nettick stage=sample latch=1 callbacks=6729
client level=info t=46844 ev=nettick stage=sample latch=1 callbacks=7037
client level=info t=48844 ev=nettick stage=sample latch=1 callbacks=7507
client level=info t=50844 ev=nettick stage=sample latch=1 callbacks=7950
client level=info t=52844 ev=nettick stage=sample latch=1 callbacks=8358
client level=info t=54812 ev=retail site=17 text=world_controller:retail_datamine: Total time spent: [12981] ms in world controller state: [29] name: [setup:orbit]
client level=info t=54812 ev=retail site=45 text=world_controller:slice_set_transition_manager: Mode changed from 'fully_enabled' to 'disabled'.
client level=info t=54812 ev=retail site=49 text=networking:online:matchmaking: Active matchmaking interface type: 0
client level=info t=54812 ev=retail site=3 text=world_controller:state_manager: Entering state 'setup:activity_session_creation' for reason 'unavailable'.
client level=info t=54812 ev=retail site=50 text=world_controller:task_manager: Started   task 'ENUM(0)'.
client level=info t=54812 ev=retail site=50 text=world_controller:task_manager: Started   task 'ENUM(4)'.
client level=info t=54812 ev=retail site=51 text=world_controller:task_manager: Completed task 'ENUM(4)' after '0ms'.
client level=info t=54812 ev=retail site=52 text=world_controller:state:activity_session_creation: Waiting for session peer properties to be in the expected state (no AH ids). FT [EXPECTED], POSSE [WAITING]
client level=info t=54812 ev=retail site=50 text=world_controller:task_manager: Started   task 'ENUM(5)'.
client level=info t=54844 ev=retail site=49 text=networking:online:matchmaking: Active matchmaking interface type: 0
client level=info t=54844 ev=retail site=51 text=world_controller:task_manager: Completed task 'ENUM(0)' after '30ms'.
client level=info t=54844 ev=retail site=50 text=world_controller:task_manager: Started   task 'ENUM(1)'.
client level=info t=54844 ev=nettick stage=sample latch=1 callbacks=8775
server level=info t=54844 ev=bap svc=42 stage=configuration result=ok activity_hash=0xF7E8ADC5 type_hash=0xD07BB2D7 activity=7 name=eden_freeroam current_activity_policy=0 changed=0
client level=info t=54859 ev=retail site=51 text=world_controller:task_manager: Completed task 'ENUM(1)' after '26ms'.
client level=info t=54859 ev=retail site=50 text=world_controller:task_manager: Started   task 'ENUM(2)'.
client level=info t=54875 ev=retail site=39 text=networking:session:membership:dump: [posse:00000000:00000000] update_number: 2, leader_peer_index: # 0, host_peer_index: # 0
client level=info t=54875 ev=retail site=40 text=networking:session:membership:dump:   peers valid: 0x1, non-dormant: 0x1, changed: 0x1, removed: 0x0; players valid: 0x1, changed: 0x0, removed: 0x0
client level=info t=54875 ev=retail site=41 text=networking:session:membership:dump:   peer # 0 a=[steamid:76561198776753861#34ed6b76363dc2f3] s=          _connected o=-1 j=[XXXXXXXX-XXXXXXXX] amb=[XXXXXXXX-XXXXXXXX] pc=1 peer_name=<UNKNOWN PEER NAME> session_id=Wed_09092026_130644_011336@x64@unknown_pc_user@B0_A1_25_FC_EC_00_F935 flags=4
client level=info t=54875 ev=retail site=36 text=networking:session: [posse:00000000:00000000] session state is changing from 'none' to 'host-established'.
client level=info t=54875 ev=retail site=53 text=networking:session:create: join-driven session creation (local and remote peers) assigned a promordial join nonce of 84A9B435-C5A2E562
client level=info t=54875 ev=retail site=39 text=networking:session:membership:dump: [posse:00000000:00000000] update_number: 5, leader_peer_index: # 0, host_peer_index: # 0
client level=info t=54875 ev=retail site=40 text=networking:session:membership:dump:   peers valid: 0x1, non-dormant: 0x1, changed: 0x1, removed: 0x0; players valid: 0x1, changed: 0x0, removed: 0x0
client level=info t=54875 ev=retail site=41 text=networking:session:membership:dump:   peer # 0 a=[steamid:76561198776753861#34ed6b76363dc2f3] s=            _joining o=-1 j=[84A9B435-C5A2E562] amb=[XXXXXXXX-XXXXXXXX] pc=1 peer_name=<UNKNOWN PEER NAME> session_id=Wed_09092026_130644_011336@x64@unknown_pc_user@B0_A1_25_FC_EC_00_F935 flags=4
client level=info t=54875 ev=retail site=51 text=world_controller:task_manager: Completed task 'ENUM(5)' after '73ms'.
client level=info t=54875 ev=retail site=54 text=world_controller:session_manager: PRIVATE session [posse:00000000:00000000] unable to get session keys.
client level=info t=54891 ev=retail site=50 text=world_controller:task_manager: Started   task 'ENUM(3)'.
client level=info t=54891 ev=retail site=51 text=world_controller:task_manager: Completed task 'ENUM(3)' after '0ms'.
client level=info t=54891 ev=retail site=51 text=world_controller:task_manager: Completed task 'ENUM(2)' after '34ms'.
client level=info t=54891 ev=retail site=55 text=world_controller:state:activity_session_creation: As HOST, peers done: skill read: , config refresh: , reputation read: 0
client level=info t=54906 ev=retail site=42 text=networking:session:process-pending-joins: [posse:CE6B4987:C46B4DEE] marking all peers in join [84A9B435-C5A2E562] as joined
client level=info t=54906 ev=retail site=39 text=networking:session:membership:dump: [posse:CE6B4987:C46B4DEE] update_number: 8, leader_peer_index: # 0, host_peer_index: # 0
client level=info t=54906 ev=retail site=40 text=networking:session:membership:dump:   peers valid: 0x1, non-dormant: 0x1, changed: 0x1, removed: 0x0; players valid: 0x1, changed: 0x0, removed: 0x0
client level=info t=54906 ev=retail site=41 text=networking:session:membership:dump:   peer # 0 a=[steamid:76561198776753861#34ed6b76363dc2f3] s=            _waiting o=-1 j=[84A9B435-C5A2E562] amb=[XXXXXXXX-XXXXXXXX] pc=1 peer_name=<UNKNOWN PEER NAME> session_id=Wed_09092026_130644_011336@x64@unknown_pc_user@B0_A1_25_FC_EC_00_F935 flags=4
client level=info t=54906 ev=retail site=43 text=networking:session:process-pending-joins: [posse:CE6B4987:C46B4DEE] marking all peers in join [84A9B435-C5A2E562] as ready, [34] ms since peer [0] created, [54969] since join was queued
client level=info t=54906 ev=retail site=39 text=networking:session:membership:dump: [posse:CE6B4987:C46B4DEE] update_number: 9, leader_peer_index: # 0, host_peer_index: # 0
client level=info t=54906 ev=retail site=40 text=networking:session:membership:dump:   peers valid: 0x1, non-dormant: 0x1, changed: 0x1, removed: 0x0; players valid: 0x1, changed: 0x0, removed: 0x0
client level=info t=54906 ev=retail site=41 text=networking:session:membership:dump:   peer # 0 a=[steamid:76561198776753861#34ed6b76363dc2f3] s=              _ready o=-1 j=[84A9B435-C5A2E562] amb=[XXXXXXXX-XXXXXXXX] pc=1 peer_name=<UNKNOWN PEER NAME> session_id=Wed_09092026_130644_011336@x64@unknown_pc_user@B0_A1_25_FC_EC_00_F935 flags=4
client level=info t=54906 ev=retail site=39 text=networking:session:membership:dump: [posse:CE6B4987:C46B4DEE] update_number: 10, leader_peer_index: # 0, host_peer_index: # 0
client level=info t=54906 ev=retail site=40 text=networking:session:membership:dump:   peers valid: 0x1, non-dormant: 0x1, changed: 0xffffffff, removed: 0x0; players valid: 0x1, changed: 0xffffffff, removed: 0x0
client level=info t=54906 ev=retail site=41 text=networking:session:membership:dump:   peer # 0 a=[steamid:76561198776753861#34ed6b76363dc2f3] s=              _ready o=-1 j=[84A9B435-C5A2E562] amb=[XXXXXXXX-XXXXXXXX] pc=1 peer_name=<UNKNOWN PEER NAME> session_id=Wed_09092026_130644_011336@x64@unknown_pc_user@B0_A1_25_FC_EC_00_F935 flags=7
client level=info t=54922 ev=retail site=56 text=world_controller:state:activity_session_creation: Activity session 'posse:CE6B4987:C46B4DEE' successfully created, trying to move on.
client level=info t=54922 ev=retail site=57 text=world_controller:state_manager: State 'setup:matchmaking' requested for reason 'unavailable', but we can't: 'active outbound FT join [IN-PROGRESS]'.
client level=info t=54922 ev=retail site=44 text=networking:session:process-pending-joins: [posse:CE6B4987:C46B4DEE] marking all peers in join [84A9B435-C5A2E562] as established
client level=info t=54922 ev=retail site=39 text=networking:session:membership:dump: [posse:CE6B4987:C46B4DEE] update_number: 12, leader_peer_index: # 0, host_peer_index: # 0
client level=info t=54922 ev=retail site=40 text=networking:session:membership:dump:   peers valid: 0x1, non-dormant: 0x1, changed: 0x1, removed: 0x0; players valid: 0x1, changed: 0x0, removed: 0x0
client level=info t=54922 ev=retail site=41 text=networking:session:membership:dump:   peer # 0 a=[steamid:76561198776753861#34ed6b76363dc2f3] s=        _established o=-1 j=[XXXXXXXX-XXXXXXXX] amb=[XXXXXXXX-XXXXXXXX] pc=1 peer_name=<UNKNOWN PEER NAME> session_id=Wed_09092026_130644_011336@x64@unknown_pc_user@B0_A1_25_FC_EC_00_F935 flags=7
client level=info t=54937 ev=retail site=17 text=world_controller:retail_datamine: Total time spent: [133] ms in world controller state: [30] name: [setup:activity_session_creation]
client level=info t=54937 ev=retail site=3 text=world_controller:state_manager: Entering state 'setup:matchmaking' for reason 'unavailable'.
client level=info t=54937 ev=retail site=17 text=world_controller:retail_datamine: Total time spent: [1] ms in world controller state: [31] name: [setup:matchmaking]
client level=info t=54937 ev=retail site=58 text=world_controller:retail_datamine: Timed operation Matchmaking, took: [0 seconds]
client level=info t=54937 ev=retail site=3 text=world_controller:state_manager: Entering state 'setup:activity_host_setup' for reason 'unavailable'.
client level=info t=54984 ev=retail site=59 text=networking:activity_client:messaging_interface:bap: AH IP resolution successful: 'proxy -> 127.0.0.1:30974'.
server level=info t=54984 ev=transport stage=accept result=ok conn=2
server level=warn t=55031 ev=bap svc=25 stage=plaintext result=shape_accepted conn=2 len=36 b0=0A b1=20 b34=10 b35=02
client level=info t=55047 ev=retail site=60 text=world_controller:activity_manager: Connected 'PRIVATE CURRENT' activity client.
client level=info t=55047 ev=retail site=61 text=world_controller:activity_manager: 'PRIVATE CURRENT' activity client requesting activity host startup [activity: 0x0007 (HASH(0xf7e8adc5))(type: HASH(0xd07bb2d7))(grognok: eden_freeroam)(destination: HASH(0x8441fff9))(nonce: 7BC3C248-BB259B74) for reason 'ENUM(0)'(override: eden_freeroam)][reservation count 1].
server level=warn t=55062 ev=mission_script stage=attach result=activity_join_pending session=11433003384888623105
client level=info t=55062 ev=retail site=62 text=networking:activity_client:receive_message_from_host: [AC PRIVATE CURRENT CON-Y EST-N AH->0 MEM-0] received startup response from AH [id 9EAA3001:00200001][session ]
client level=info t=55078 ev=retail site=63 text=networking:activity_client: [AC PRIVATE CURRENT CON-Y EST-N AH->0 MEM-0] Sent join request: [AH 9EAA3001:00200001][nonce 1287729946] identity:[account -7013740688821976832][character -7013740688821976831][machine B0:A1:25:FC:EC:00:F935][player 5A:D5:BA:2D:DA:29:49:76] [global resources 0x6c] (part 1/2)
client level=info t=55078 ev=retail site=64 text=networking:activity_client: [AC PRIVATE CURRENT CON-Y EST-N AH->0 MEM-0] Properties [session Wed_09092026_130644_011336@x64@76561198776753861@B0_A1_25_FC_EC_00_F935][FAH --------:--------][GAH --------:--------][FTID 0x46ea3f11069aff10] (part 2/2)
client level=info t=55078 ev=retail site=65 text=world_controller:activity_manager: 'PRIVATE CURRENT' activity client sent join request to AH 9EAA3001:00200001, host=Wed_09092026_130644_011336@x64@unknown_pc_user@B0_A1_25_FC_EC_00_F935
server level=info t=55125 ev=gameplay stage=activityhost result=allocated session=0x9EAA300100200002 group=0x42301555C9BC33B3 generation=1 port=30976 held=1
server level=info t=55125 ev=gameplay stage=advertise result=ok region=160 region_source=arrival ambassador_slot=1
server level=warn t=55141 ev=activity stage=roster result=no_epoch soid=0x9EAA300100200001 public=0 dest= groups=0 top=0 sub=0 subkeys=0 objects=0 bytes=0 state=0 auth=0 authstate=-1 authfirst=-1:-1:0x0:0x0 authlast=-1:-1:0x0:0x0 sceneempty=0 engageempty=0 keygroup=0x0 grant=-1 region=0 slice=0 spawn=0x0 join=0x9EAA300100100101 player=0x0 pending_region=-1 current_region=-1 client_bubble=-1 held=-1 entered=0 selected=0 hash=0x0000000000000000 force=0x00
server level=info t=55141 ev=mission_script stage=open result=no_script session=11433003384888623105 activity_row=8
server level=warn t=55141 ev=mission_script stage=attach result=no_script session=11433003384888623105 activity_row=8
server level=warn t=55141 ev=mission_script stage=attach result=no_activity_link session=11433003384888623106
server level=info t=55141 ev=gameplay stage=activityhost result=allocated session=0x9EAA300100200003 group=0x5CE4E145BB2E4693 generation=2 port=30978 held=2
server level=info t=55141 ev=gameplay stage=activityhost result=allocated session=0x9EAA300100200004 group=0x4D20DF79BDFA663B generation=3 port=30980 held=3
server level=info t=55141 ev=gameplay stage=activityhost result=allocated session=0x9EAA300100200005 group=0x437C8DADB79607E3 generation=4 port=30982 held=4
server level=info t=55141 ev=gameplay stage=activityhost result=allocated session=0x9EAA300100200006 group=0xB1B97BE1AA22248B generation=5 port=30984 held=5
server level=info t=55141 ev=gameplay stage=activityhost result=allocated session=0x9EAA300100200007 group=0xA7F52815ACFDC433 generation=6 port=30986 held=6
server level=info t=55141 ev=gameplay stage=activityhost result=allocated session=0x9EAA300100200008 group=0x9431E649A689E5DB generation=7 port=30988 held=7
server level=info t=55141 ev=gameplay stage=activityhost result=allocated session=0x9EAA300100200009 group=0x8A4DD47D9925FA83 generation=8 port=30990 held=8
client level=info t=55141 ev=retail site=66 text=networking:activity_client:receive_message_from_host: [AC PRIVATE CURRENT CON-Y EST-N AH->0 MEM-0] Received join result from AH '9EAA3001:00200001' [nonce 1287729946][result 0][session id ][replication epoch 0].
client level=info t=55141 ev=retail site=67 text=networking:activity_client:activity_host_changed: instance=PRIVATE CURRENT, ah-sid=, zombie-instance-nonce=0
client level=info t=55141 ev=probe stage=msg12 result=received client=0x1F1F881F980 slot=0 label=PRIVATE CURRENT member=0x35F900ECFC25A1B0 status=0x00FE->0x01FE flag=1
client level=info t=55141 ev=probe stage=bind client=0x1F1F881F980 established=0x9EAA300100200001 slotrec=0x1F1DFCFD9A0 roster=0x1F29D2ABC80 receipt=0
client level=info t=55141 ev=probe stage=hosttail client=0x1F1F881F980 b=00000000000000000000000000000000000000000000000000000000000000000000000000000000FFFFFFFF00000000
client level=info t=55141 ev=probe stage=grant client=0x1F1F881F980 status=0x01FE pending=7936 dirty=0 receipt=0
client level=info t=55172 ev=retail site=68 text=world_controller:state:activity_setup: 'NOJIP' flow, waiting. posse_peers_not_ready_sanitized=0, posse_peers_not_ready=0
server level=warn t=55172 ev=mission_script stage=attach result=no_activity_link session=11433003384888623107
server level=warn t=55172 ev=mission_script stage=attach result=no_activity_link session=11433003384888623108
server level=warn t=55172 ev=mission_script stage=attach result=no_activity_link session=11433003384888623109
server level=warn t=55172 ev=mission_script stage=attach result=no_activity_link session=11433003384888623110
server level=warn t=55172 ev=mission_script stage=attach result=no_activity_link session=11433003384888623111
server level=warn t=55172 ev=mission_script stage=attach result=no_activity_link session=11433003384888623112
server level=warn t=55172 ev=mission_script stage=attach result=no_activity_link session=11433003384888623113
client level=info t=55172 ev=probe stage=msg12 result=received client=0x1F1F881F980 slot=0 label=PRIVATE CURRENT member=0x35F900ECFC25A1B0 status=0x01FE->0x01FE flag=1
client level=info t=55172 ev=probe stage=bind client=0x1F1F881F980 established=0x9EAA300100200001 slotrec=0x1F1DFCFD9A0 roster=0x1F29D2ABC80 receipt=0
client level=info t=55203 ev=probe stage=msg12 result=received client=0x1F1F881F980 slot=0 label=PRIVATE CURRENT member=0x35F900ECFC25A1B0 status=0x01FE->0x01FE flag=1
client level=info t=55203 ev=probe stage=bind client=0x1F1F881F980 established=0x9EAA300100200001 slotrec=0x1F1DFCFD9A0 roster=0x1F29D2ABC80 receipt=0
server level=info t=55859 ev=ws701 stage=profile_setup result=complete
server level=info t=55859 ev=activity stage=writeback result=ok world_state=1
client level=info t=55922 ev=retail site=17 text=world_controller:retail_datamine: Total time spent: [982] ms in world controller state: [32] name: [setup:activity_host_setup]
client level=info t=55922 ev=retail site=3 text=world_controller:state_manager: Entering state 'setup:prologue_intro_loading' for reason 'unavailable'.
client level=info t=55922 ev=retail site=69 text=world_controller:task_manager: Started   task 'ENUM(0)'.
client level=info t=56031 ev=bubbleauth stage=decode result=ok
client level=info t=56031 ev=bubbleauth stage=force result=ok
client level=info t=56062 ev=probe stage=msg12 result=received client=0x1F1F881F980 slot=0 label=PRIVATE CURRENT member=0x35F900ECFC25A1B0 status=0x01FE->0x01FE flag=1
client level=info t=56062 ev=probe stage=bind client=0x1F1F881F980 established=0x9EAA300100200001 slotrec=0x1F1DFCFD9A0 roster=0x1F29D2ABC80 receipt=0
client level=info t=56062 ev=retail site=70 text=world_controller:task_manager: Completed task 'ENUM(0)' after '142ms'.
client level=info t=56062 ev=retail site=69 text=world_controller:task_manager: Started   task 'ENUM(1)'.
client level=info t=56078 ev=retail site=70 text=world_controller:task_manager: Completed task 'ENUM(1)' after '20ms'.
client level=info t=56078 ev=retail site=17 text=world_controller:retail_datamine: Total time spent: [163] ms in world controller state: [33] name: [setup:prologue_intro_loading]
client level=info t=56078 ev=retail site=3 text=world_controller:state_manager: Entering state 'setup:orbit_outro' for reason 'unavailable'.
client level=info t=56844 ev=nettick stage=sample latch=1 callbacks=9067
client level=info t=57141 ev=probe stage=hosttail client=0x1F1F881F980 b=00000000000000000000000000000000000000000000000000000000000000000000000000000000FFFFFFFF00000000
client level=info t=57141 ev=probe stage=grant client=0x1F1F881F980 status=0x01FE pending=7936 dirty=0 receipt=0
client level=info t=58109 ev=probe stage=msg12 result=received client=0x1F1F881F980 slot=0 label=PRIVATE CURRENT member=0x35F900ECFC25A1B0 status=0x01FE->0x01FE flag=1
client level=info t=58109 ev=probe stage=bind client=0x1F1F881F980 established=0x9EAA300100200001 slotrec=0x1F1DFCFD9A0 roster=0x1F29D2ABC80 receipt=0
client level=warn t=58375 ev=vr.probe state on=1 yaw=0.0 height=0.00 fov=0.0
client level=warn t=58375 ev=vr.probe block player=0 addr=0x1F1DFC65810
client level=warn t=58391 ev=vr.xr load path=C:\Program Files\Meta Horizon\Support\oculus-runtime\.\LibOVRRTImpl64_1.dll
client level=warn t=58391 ev=vr.xr unhook module=kernelbase.dll export=LoadLibraryExW result=ok bytes=2
client level=warn t=58406 ev=vr.xr unhook module=kernel32.dll export=GetProcAddress result=ok bytes=2
client level=warn t=58406 ev=vr.xr ldr_notify callback=destiny2.exe+0x3AB4B0 foreign=1
client level=warn t=58406 ev=vr.xr ldr_notify result=ok seen=1 neutralised=1
client level=warn t=58406 ev=vr.xr load result=ok interface=1 runtime_api=1.1.61
client level=warn t=58562 ev=vr.xr views count=2 eye=1824x1968 runtime=Oculus
client level=warn t=58812 ev=vr.xr bindings profile=/interaction_profiles/oculus/touch_controller count=16 result=0
client level=warn t=58812 ev=vr.xr bindings profile=/interaction_profiles/khr/simple_controller count=7 result=0
client level=warn t=58812 ev=vr.xr actions result=ok spaces=1 palm_spaces=1
client level=warn t=58812 ev=vr.xr init result=ok runtime=Oculus
client level=warn t=58812 ev=vr.xr session state=running
client level=warn t=58828 ev=vr.xr submit layers=0 result=0 fov=1.3383 aspect=1.7778
client level=info t=58828 ev=retail site=71 text=networking:update: *** it has been 431 milliseconds since the last network update (longest expected: '500')
client level=warn t=58828 ev=vr.xr submit layers=0 result=0 fov=1.3383 aspect=1.7778
client level=warn t=58828 ev=vr.weapon install result=ok getter=0x12D22C0 ptr=0x12D50F0 xform=0xD5D7F0
client level=warn t=58828 ev=vr.weapon rule path=getter targets=D5D832 source=hand rvas=1 all=0 rules=1
client level=warn t=58828 ev=vr.weapon defaults applied=1 anchor=palm pivot=-0.3300,-0.0915,0.1090
client level=warn t=58844 ev=vr.xr submit layers=0 result=0 fov=1.3383 aspect=1.7778
client level=info t=58844 ev=nettick stage=sample latch=1 callbacks=9296
client level=warn t=58844 ev=vr.xr submit layers=0 result=0 fov=1.3397 aspect=1.7778
client level=warn t=58859 ev=vr.xr submit layers=0 result=0 fov=1.3411 aspect=1.7778
client level=warn t=58875 ev=vr.xr submit layers=0 result=0 fov=1.3424 aspect=1.7778
client level=warn t=58891 ev=vr.xr submit layers=0 result=0 fov=1.3437 aspect=1.7778
client level=warn t=58906 ev=vr.xr submit layers=0 result=0 fov=1.3450 aspect=1.7778
client level=warn t=58922 ev=vr.xr submit layers=0 result=0 fov=1.3462 aspect=1.7778
client level=warn t=58937 ev=vr.xr submit layers=0 result=0 fov=1.3474 aspect=1.7778
client level=warn t=58953 ev=vr.xr submit layers=0 result=0 fov=1.3486 aspect=1.7778
client level=warn t=58969 ev=vr.xr submit layers=0 result=0 fov=1.3498 aspect=1.7778
client level=warn t=58984 ev=vr.xr submit layers=0 result=0 fov=1.3509 aspect=1.7778
client level=warn t=58984 ev=vr.xr submit layers=0 result=0 fov=1.3521 aspect=1.7778
client level=warn t=59000 ev=vr.xr submit layers=0 result=0 fov=1.3532 aspect=1.7778
client level=warn t=59016 ev=vr.xr submit layers=0 result=0 fov=1.3543 aspect=1.7778
client level=warn t=59031 ev=vr.xr submit layers=0 result=0 fov=1.3554 aspect=1.7778
client level=warn t=59047 ev=vr.xr submit layers=0 result=0 fov=1.3564 aspect=1.7778
client level=warn t=59062 ev=vr.xr submit layers=0 result=0 fov=1.3575 aspect=1.7778
client level=warn t=59078 ev=vr.xr submit layers=0 result=0 fov=1.3596 aspect=1.7778
client level=warn t=59094 ev=vr.xr submit layers=0 result=0 fov=1.3606 aspect=1.7778
client level=warn t=59109 ev=vr.xr submit layers=0 result=0 fov=1.3616 aspect=1.7778
client level=warn t=59109 ev=vr.xr submit layers=0 result=0 fov=1.3626 aspect=1.7778
client level=warn t=59125 ev=vr.xr submit layers=0 result=0 fov=1.3636 aspect=1.7778
client level=info t=59141 ev=probe stage=hosttail client=0x1F1F881F980 b=00000000000000000000000000000000000000000000000000000000000000000000000000000000FFFFFFFF00000000
client level=info t=59141 ev=probe stage=grant client=0x1F1F881F980 status=0x01FE pending=7936 dirty=0 receipt=0
client level=warn t=59141 ev=vr.xr submit layers=0 result=0 fov=1.3646 aspect=1.7778
client level=warn t=59156 ev=vr.xr submit layers=0 result=0 fov=1.3656 aspect=1.7778
client level=warn t=59172 ev=vr.xr submit layers=0 result=0 fov=1.3665 aspect=1.7778
client level=warn t=59187 ev=vr.xr submit layers=0 result=0 fov=1.3675 aspect=1.7778
client level=warn t=59203 ev=vr.xr submit layers=0 result=0 fov=1.3685 aspect=1.7778
client level=warn t=59219 ev=vr.xr submit layers=0 result=0 fov=1.3695 aspect=1.7778
client level=warn t=59234 ev=vr.xr submit layers=0 result=0 fov=1.3705 aspect=1.7778
client level=warn t=59234 ev=vr.xr submit layers=0 result=0 fov=1.3715 aspect=1.7778
client level=warn t=59250 ev=vr.xr submit layers=0 result=0 fov=1.3724 aspect=1.7778
client level=warn t=59266 ev=vr.xr submit layers=0 result=0 fov=1.3734 aspect=1.7778
client level=warn t=59281 ev=vr.xr submit layers=0 result=0 fov=1.3743 aspect=1.7778
client level=warn t=59297 ev=vr.xr submit layers=0 result=0 fov=1.3753 aspect=1.7778
client level=warn t=59312 ev=vr.xr submit layers=0 result=0 fov=1.3771 aspect=1.7778
client level=warn t=59328 ev=vr.xr submit layers=0 result=0 fov=1.3781 aspect=1.7778
client level=warn t=59344 ev=vr.xr submit layers=0 result=0 fov=1.3781 aspect=1.7778
client level=warn t=59344 ev=vr.xr submit layers=0 result=0 fov=1.3790 aspect=1.7778
client level=warn t=59359 ev=vr.xr submit layers=0 result=0 fov=1.3800 aspect=1.7778
client level=warn t=59375 ev=vr.xr submit layers=0 result=0 fov=1.3819 aspect=1.7778
client level=warn t=59391 ev=vr.xr submit layers=0 result=0 fov=1.3819 aspect=1.7778
client level=warn t=59406 ev=vr.xr submit layers=0 result=0 fov=1.3828 aspect=1.7778
client level=warn t=59422 ev=vr.xr submit layers=0 result=0 fov=1.3837 aspect=1.7778
client level=warn t=59437 ev=vr.xr submit layers=0 result=0 fov=1.3847 aspect=1.7778
client level=warn t=59453 ev=vr.xr submit layers=0 result=0 fov=1.3855 aspect=1.7778
client level=warn t=59469 ev=vr.xr submit layers=0 result=0 fov=1.3865 aspect=1.7778
client level=warn t=59469 ev=vr.xr submit layers=0 result=0 fov=1.3874 aspect=1.7778
client level=warn t=59484 ev=vr.xr submit layers=0 result=0 fov=1.3884 aspect=1.7778
client level=warn t=59500 ev=vr.xr submit layers=0 result=0 fov=1.3893 aspect=1.7778
client level=warn t=59516 ev=vr.xr submit layers=0 result=0 fov=1.3901 aspect=1.7778
client level=warn t=59531 ev=vr.xr submit layers=0 result=0 fov=1.3910 aspect=1.7778
client level=warn t=59547 ev=vr.xr submit layers=0 result=0 fov=1.3926 aspect=1.7778
client level=warn t=59562 ev=vr.xr eyes index=0 pos=-0.1373,0.0020,0.0613 quat=0.08138,0.13076,0.03265,0.98753 fov_lrud=-0.9425,0.6981,0.7679,-0.9599
client level=warn t=59562 ev=vr.xr eyes index=1 pos=-0.0776,0.0073,0.0457 quat=0.08138,0.13076,0.03265,0.98753 fov_lrud=-0.6981,0.9425,0.7679,-0.9599
client level=warn t=59562 ev=vr.xr recentre x=-0.107 y=0.005 z=0.054
client level=warn t=59562 ev=vr.xr recentre_yaw room=0.2700
client level=warn t=59578 ev=vr.xr swapchain result=ok size=1920x1080 source_format=28 format=29 direct=1 images=3
client level=warn t=60141 ev=vr.weapon callers path=getter B363FA:276 B3598D:92
client level=warn t=60141 ev=vr.weapon callers path=ptr D98F49:368 DB8CB6:92 16E8861:92 B35BEE:92 D7FB5C:13 D8492B:13 D7FF2C:13
client level=warn t=60141 ev=vr.weapon callers path=xform
client level=warn t=60156 ev=vr.probe pose in_pos=1753.51,-11.10,156.20 in_fwd=-0.970,0.244,-0.010 in_fov=1.4172 out_pos=1753.56,-11.06,156.20 out_fwd=-0.965,0.229,0.124 out_fov=1.8850
client level=warn t=60422 ev=vr.xr hand yaw=2.8072 r_valid=0 r_stale=0 r_fwd=0.000,0.000,0.000 r_up=0.000,0.000,0.000 r_off=0.000,0.000,0.000 r_palm=0.000,0.000,0.000 l_valid=0 l_fwd=0.000,0.000,0.000 l_off=0.000,0.000,0.000 h_off=0.050,0.051,-0.012
client level=info t=60844 ev=nettick stage=sample latch=1 callbacks=9439
client level=info t=61141 ev=probe stage=hosttail client=0x1F1F881F980 b=00000000000000000000000000000000000000000000000000000000000000000000000000000000FFFFFFFF00000000
client level=info t=61141 ev=probe stage=grant client=0x1F1F881F980 status=0x01FE pending=7936 dirty=0 receipt=0
client level=info t=61250 ev=retail site=72 text=networking:stream_manager:retail: Local peer network quality = 1.000000/1.0, worst_axis = -1
client level=warn t=61250 ev=vr.xr hand yaw=2.8072 r_valid=0 r_stale=0 r_fwd=0.000,0.000,0.000 r_up=0.000,0.000,0.000 r_off=0.000,0.000,0.000 r_palm=0.000,0.000,0.000 l_valid=0 l_fwd=0.000,0.000,0.000 l_off=0.000,0.000,0.000 h_off=0.049,0.046,-0.017
client level=warn t=61328 ev=vr.body anchor=3.0772 head_yaw=-0.1536 body_yaw=0.7617 error=2.1564 counts_per_rad=4265 servo=1
client level=warn t=61328 ev=vr.pad stats injected=0 held=0 mouse=-19690,0 move=0.00,0.00 turn=0.00,0.00 trig=0.00,0.00 buttons=0x0
client level=warn t=62078 ev=vr.xr hand yaw=2.8072 r_valid=0 r_stale=0 r_fwd=0.000,0.000,0.000 r_up=0.000,0.000,0.000 r_off=0.000,0.000,0.000 r_palm=0.000,0.000,0.000 l_valid=0 l_fwd=0.000,0.000,0.000 l_off=0.000,0.000,0.000 h_off=-0.218,0.112,-0.056
client level=warn t=62078 ev=vr.xr pose fwd=-0.855,0.381,-0.352 off=-0.218,0.112,-0.056 fov=1.8850 aspect=0.964
client level=warn t=62625 ev=vr.weapon callers path=getter B363FA:540 B3598D:180
client level=warn t=62625 ev=vr.weapon callers path=ptr D98F49:720 DB8CB6:180 16E8861:180 B35BEE:180 D7FB5C:28 D8492B:28 D7FF2C:27
client level=warn t=62625 ev=vr.weapon callers path=xform
client level=warn t=62641 ev=vr.probe pose in_pos=2395.40,-13.97,318.75 in_fwd=0.748,0.659,-0.080 in_fov=1.4186 out_pos=2395.19,-13.82,318.67 out_fwd=-0.599,0.605,-0.525 out_fov=1.8850
client level=info t=62844 ev=nettick stage=sample latch=1 callbacks=9583
client level=warn t=62922 ev=vr.xr hand yaw=2.8072 r_valid=1 r_stale=0 r_fwd=-0.953,-0.269,-0.138 r_up=0.131,-0.780,0.612 r_off=-0.329,0.323,-0.358 r_palm=-0.242,0.372,-0.363 l_valid=1 l_fwd=-0.673,0.734,-0.089 l_off=-0.441,0.116,-0.358 h_off=-0.075,0.097,0.016
client level=info t=63141 ev=probe stage=hosttail client=0x1F1F881F980 b=00000000000000000000000000000000000000000000000000000000000000000000000000000000FFFFFFFF00000000
client level=info t=63141 ev=probe stage=grant client=0x1F1F881F980 status=0x01FE pending=7936 dirty=0 receipt=0
client level=info t=63156 ev=retail site=17 text=world_controller:retail_datamine: Total time spent: [7070] ms in world controller state: [34] name: [setup:orbit_outro]
client level=info t=63156 ev=retail site=3 text=world_controller:state_manager: Entering state 'setup:activity_world_transition' for reason 'unavailable'.
client level=info t=63156 ev=retail site=73 text=world_controller:task_manager: Started   task 'ENUM(0)'.
client level=info t=63156 ev=retail site=73 text=world_controller:task_manager: Started   task 'ENUM(1)'.
client level=info t=63156 ev=retail site=74 text=world_controller:task_manager: Completed task 'ENUM(1)' after '0ms'.
client level=info t=63422 ev=bootflow stage=owner_slot result=forced was=0 now=1
client level=info t=63422 ev=retail site=23 text=world_controller: successfully changed world to: eden_freeroam
client level=info t=63422 ev=retail site=71 text=networking:update: *** it has been 264 milliseconds since the last network update (longest expected: '500')
client level=info t=63422 ev=retail site=74 text=world_controller:task_manager: Completed task 'ENUM(0)' after '264ms'.
client level=info t=63422 ev=retail site=17 text=world_controller:retail_datamine: Total time spent: [264] ms in world controller state: [35] name: [setup:activity_world_transition]
client level=info t=63422 ev=retail site=3 text=world_controller:state_manager: Entering state 'activity:initial_slice_set_loading' for reason 'unavailable'.
client level=info t=63422 ev=retail site=75 text=world_controller:task_manager: Started   task 'ENUM(0)'.
client level=info t=63422 ev=retail site=75 text=world_controller:task_manager: Started   task 'ENUM(1)'.
client level=info t=63422 ev=retail site=75 text=world_controller:task_manager: Started   task 'ENUM(4)'.
server level=info t=63437 ev=gameplay stage=receive result=ok from=0x7F000001:2003 bytes=295 b0=0x00
server level=info t=63437 ev=gameplay stage=response result=ok wordb=1 signon=0
client level=info t=63437 ev=retail site=76 text=world_controller:task_manager: Completed task 'ENUM(1)' after '15ms'.
client level=info t=63437 ev=retail site=45 text=world_controller:slice_set_transition_manager: Mode changed from 'disabled' to 'initial_slice_set_precaching'.
client level=info t=63437 ev=retail site=75 text=world_controller:task_manager: Started   task 'ENUM(2)'.
client level=info t=63437 ev=retail site=75 text=world_controller:task_manager: Started   task 'ENUM(3)'.
client level=info t=63437 ev=retail site=76 text=world_controller:task_manager: Completed task 'ENUM(4)' after '15ms'.
client level=info t=63437 ev=retail site=75 text=world_controller:task_manager: Started   task 'ENUM(6)'.
client level=info t=63437 ev=retail site=75 text=world_controller:task_manager: Started   task 'ENUM(7)'.
client level=info t=63437 ev=bootflow stage=region result=forced slice_set=160
client level=info t=63437 ev=retail site=47 text=world_controller:slice_set_transition_manager: Starting a new transition of type 'transitioning:initial_slice_set' to 'PRV160.1 (HASH: 0x4542380a)'; token advanced to 001
client level=info t=63453 ev=retail site=76 text=world_controller:task_manager: Completed task 'ENUM(0)' after '30ms'.
client level=info t=63453 ev=retail site=75 text=world_controller:task_manager: Started   task 'ENUM(5)'.
server level=info t=63469 ev=gameplay stage=receive result=ok from=0x7F000001:2003 bytes=128 b0=0x00
server level=info t=63469 ev=gameplay stage=connect result=ok peer=2003 local=0x00000001 remote=0x00000000 rebuilt=0
server level=info t=63469 ev=gameplay stage=establish result=queued local=0x00000001 remote=0x00000000
server level=info t=63484 ev=ws701 stage=profile_setup result=complete
server level=info t=63484 ev=activity stage=writeback result=ok world_state=1
server level=info t=63500 ev=gameplay stage=advertise result=ok region=160 region_source=reported ambassador_slot=1
client level=info t=63531 ev=probe stage=msg12 result=received client=0x1F1F881F980 slot=0 label=PRIVATE CURRENT member=0x35F900ECFC25A1B0 status=0x01FE->0x01FE flag=1
client level=info t=63531 ev=probe stage=bind client=0x1F1F881F980 established=0x9EAA300100200001 slotrec=0x1F1DFCFD9A0 roster=0x1F29D2ABC80 receipt=1
client level=info t=63547 ev=probe stage=msg12 result=received client=0x1F1F881F980 slot=0 label=PRIVATE CURRENT member=0x35F900ECFC25A1B0 status=0x01FE->0x01FE flag=1
client level=info t=63547 ev=probe stage=bind client=0x1F1F881F980 established=0x9EAA300100200001 slotrec=0x1F1DFCFD9A0 roster=0x1F29D2ABC80 receipt=1
client level=warn t=63984 ev=vr.xr hand yaw=1.8425 r_valid=1 r_stale=1 r_fwd=-0.764,0.630,-0.138 r_up=-0.566,-0.552,0.612 r_off=0.078,0.454,-0.358 r_palm=0.168,0.411,-0.363 l_valid=1 l_fwd=0.220,0.972,-0.089 l_off=-0.156,0.428,-0.358 h_off=0.011,0.021,0.010
client level=warn t=63984 ev=vr.xr submit layers=1 result=0 fov=1.8850 aspect=0.9638
client level=warn t=64062 ev=vr.body anchor=2.1124 head_yaw=-0.1927 body_yaw=0.0172 error=1.9055 counts_per_rad=4872 servo=1
client level=warn t=64062 ev=vr.pad stats injected=0 held=0 mouse=-67185,0 move=0.00,0.00 turn=0.00,0.00 trig=0.00,0.00 buttons=0x0
client level=info t=64187 ev=retail site=76 text=world_controller:task_manager: Completed task 'ENUM(5)' after '734ms'.
client level=info t=64453 ev=retail site=76 text=world_controller:task_manager: Completed task 'ENUM(6)' after '1006ms'.
server level=info t=64484 ev=gameplay stage=receive result=ok from=0x7F000001:2003 bytes=51 b0=0x00
server level=info t=64484 ev=gameplay stage=message result=ok id=8 peerstage=5
server level=info t=64484 ev=gameplay stage=sendqueue result=cleared packet=1 base=4 entries=0
server level=info t=64547 ev=gameplay stage=receive result=ok from=0x7F000001:2003 bytes=1166 b0=0x00
server level=info t=64547 ev=gameplay stage=message result=ok id=40 peerstage=5
server level=info t=64547 ev=gameplay stage=view result=queued remote=1 local=1 token=0x9EAA300100200001 list=0
server level=info t=64625 ev=gameplay stage=receive result=ok from=0x7F000001:2003 bytes=214 b0=0x00
server level=info t=64625 ev=gameplay stage=message result=ok id=40 peerstage=5
server level=info t=64625 ev=gameplay stage=view result=queued remote=2 local=2 token=0x9EAA300100200001 list=15
server level=info t=64625 ev=gameplay stage=sendqueue result=cleared packet=7 base=7 entries=0
server level=info t=64656 ev=gameplay stage=receive result=ok from=0x7F000001:2003 bytes=190 b0=0x00
server level=info t=64656 ev=gameplay stage=message result=ok id=40 peerstage=5
server level=info t=64656 ev=gameplay stage=view result=queued remote=3 local=3 token=0x9EAA300100200001 list=0
server level=info t=64656 ev=gameplay stage=message result=ok id=40 peerstage=5
server level=info t=64656 ev=gameplay stage=view result=queued remote=4 local=4 token=0x9EAA300100200001 list=0
server level=info t=64656 ev=gameplay stage=sendqueue result=cleared packet=8 base=8 entries=0
server level=info t=64734 ev=gameplay stage=receive result=ok from=0x7F000001:2003 bytes=222 b0=0x00
server level=info t=64734 ev=gameplay stage=message result=ok id=40 peerstage=5
server level=warn t=64734 ev=gameplay stage=view result=refused remote=5 local=0 token=0x9EAA300100200001 list=0
server level=info t=64797 ev=gameplay stage=receive result=ok from=0x7F000001:2003 bytes=230 b0=0x00
server level=info t=64797 ev=gameplay stage=sendqueue result=cleared packet=9 base=9 entries=0
client level=warn t=64812 ev=vr.xr hand yaw=1.8425 r_valid=1 r_stale=1 r_fwd=-0.764,0.630,-0.138 r_up=-0.566,-0.552,0.612 r_off=0.078,0.454,-0.358 r_palm=0.168,0.411,-0.363 l_valid=1 l_fwd=0.220,0.972,-0.089 l_off=-0.156,0.428,-0.358 h_off=-0.012,0.016,0.002
client level=warn t=64812 ev=vr.xr pose fwd=-0.343,0.929,0.139 off=-0.012,0.016,0.002 fov=1.8850 aspect=0.964
server level=info t=64844 ev=gameplay stage=receive result=ok from=0x7F000001:2003 bytes=190 b0=0x00
client level=info t=64844 ev=nettick stage=sample latch=1 callbacks=9709
server level=info t=64891 ev=gameplay stage=receive result=ok from=0x7F000001:2003 bytes=206 b0=0x00
server level=info t=64953 ev=gameplay stage=receive result=ok from=0x7F000001:2003 bytes=214 b0=0x00
server level=info t=65016 ev=gameplay stage=receive result=ok from=0x7F000001:2003 bytes=206 b0=0x00
server level=info t=65078 ev=gameplay stage=receive result=ok from=0x7F000001:2003 bytes=214 b0=0x00
server level=info t=65141 ev=gameplay stage=receive result=ok from=0x7F000001:2003 bytes=230 b0=0x00
client level=info t=65156 ev=probe stage=hosttail client=0x1F1F881F980 b=00000000000000000000000000000000000000000000000000000000000000000000000000000000FFFFFFFF00000000
client level=info t=65156 ev=probe stage=grant client=0x1F1F881F980 status=0x01FE pending=0 dirty=0 receipt=1
server level=info t=65203 ev=gameplay stage=receive result=ok from=0x7F000001:2003 bytes=238 b0=0x00
server level=info t=65266 ev=gameplay stage=receive result=ok from=0x7F000001:2003 bytes=206 b0=0x00
server level=info t=65328 ev=gameplay stage=receive result=ok from=0x7F000001:2003 bytes=222 b0=0x00
server level=info t=65391 ev=gameplay stage=receive result=ok from=0x7F000001:2003 bytes=206 b0=0x00
client level=warn t=65437 ev=vr.weapon callers path=getter B363FA:543 B3598D:181 B40A78:3
client level=warn t=65437 ev=vr.weapon callers path=ptr D98F49:719 DB8CB6:180 16E8861:184 B35BEE:181 D7FB5C:6 D8492B:6 D7FF2C:7 12911A0:1 12911B5:1
client level=warn t=65437 ev=vr.weapon callers path=xform
server level=info t=65437 ev=gameplay stage=receive result=ok from=0x7F000001:2003 bytes=198 b0=0x00
client level=warn t=65437 ev=vr.probe pose in_pos=-102.24,1.36,13.43 in_fwd=0.993,0.017,-0.120 in_fov=1.0700 out_pos=-102.18,1.40,13.42 out_fwd=0.462,0.884,0.066 out_fov=1.8850
server level=info t=65484 ev=gameplay stage=receive result=ok from=0x7F000001:2003 bytes=214 b0=0x00
server level=info t=65562 ev=gameplay stage=receive result=ok from=0x7F000001:2003 bytes=206 b0=0x00
server level=info t=65609 ev=gameplay stage=receive result=ok from=0x7F000001:2003 bytes=214 b0=0x00
server level=info t=65687 ev=gameplay stage=receive result=ok from=0x7F000001:2003 bytes=230 b0=0x00
client level=warn t=65703 ev=vr.xr hand yaw=1.8425 r_valid=1 r_stale=1 r_fwd=-0.764,0.630,-0.138 r_up=-0.566,-0.552,0.612 r_off=0.078,0.454,-0.358 r_palm=0.168,0.411,-0.363 l_valid=1 l_fwd=0.220,0.972,-0.089 l_off=-0.156,0.428,-0.358 h_off=0.105,0.041,-0.020
server level=info t=65734 ev=gameplay stage=receive result=ok from=0x7F000001:2003 bytes=198 b0=0x00
server level=info t=65781 ev=gameplay stage=receive result=ok from=0x7F000001:2003 bytes=198 b0=0x00
server level=info t=65844 ev=gameplay stage=receive result=ok from=0x7F000001:2003 bytes=182 b0=0x00
server level=info t=65891 ev=gameplay stage=receive result=ok from=0x7F000001:2003 bytes=206 b0=0x00
server level=info t=65953 ev=gameplay stage=receive result=ok from=0x7F000001:2003 bytes=206 b0=0x00
server level=info t=66016 ev=gameplay stage=receive result=ok from=0x7F000001:2003 bytes=190 b0=0x00
server level=info t=66062 ev=gameplay stage=receive result=ok from=0x7F000001:2003 bytes=206 b0=0x00
server level=info t=66109 ev=gameplay stage=receive result=ok from=0x7F000001:2003 bytes=190 b0=0x00
server level=info t=66172 ev=gameplay stage=receive result=ok from=0x7F000001:2003 bytes=198 b0=0x00
server level=info t=66234 ev=gameplay stage=receive result=ok from=0x7F000001:2003 bytes=198 b0=0x00
server level=info t=66281 ev=gameplay stage=receive result=ok from=0x7F000001:2003 bytes=198 b0=0x00
server level=info t=66328 ev=gameplay stage=receive result=ok from=0x7F000001:2003 bytes=198 b0=0x00
server level=info t=66406 ev=gameplay stage=receive result=ok from=0x7F000001:2003 bytes=222 b0=0x00
server level=info t=66453 ev=gameplay stage=receive result=ok from=0x7F000001:2003 bytes=174 b0=0x00
server level=info t=66453 ev=gameplay stage=message result=ok id=4 peerstage=5
server level=info t=66516 ev=gameplay stage=receive result=ok from=0x7F000001:2003 bytes=214 b0=0x00
client level=warn t=66547 ev=vr.xr hand yaw=1.8425 r_valid=1 r_stale=1 r_fwd=-0.764,0.630,-0.138 r_up=-0.566,-0.552,0.612 r_off=0.078,0.454,-0.358 r_palm=0.168,0.411,-0.363 l_valid=1 l_fwd=0.220,0.972,-0.089 l_off=-0.156,0.428,-0.358 h_off=0.004,0.042,-0.018
server level=info t=66562 ev=gameplay stage=receive result=ok from=0x7F000001:2003 bytes=206 b0=0x00
server level=info t=66641 ev=gameplay stage=receive result=ok from=0x7F000001:2003 bytes=230 b0=0x00
client level=warn t=66656 ev=vr.body anchor=2.1124 head_yaw=-0.1521 body_yaw=0.0172 error=1.9412 counts_per_rad=4872 servo=1
client level=warn t=66656 ev=vr.pad stats injected=0 held=0 mouse=-119453,0 move=0.00,0.00 turn=0.00,0.00 trig=0.00,0.00 buttons=0x0
server level=info t=66703 ev=gameplay stage=receive result=ok from=0x7F000001:2003 bytes=270 b0=0x00
server level=info t=66781 ev=gameplay stage=receive result=ok from=0x7F000001:2003 bytes=238 b0=0x00
server level=info t=66828 ev=gameplay stage=receive result=ok from=0x7F000001:2003 bytes=198 b0=0x00
client level=info t=66844 ev=nettick stage=sample latch=1 callbacks=9846
server level=info t=66906 ev=gameplay stage=receive result=ok from=0x7F000001:2003 bytes=286 b0=0x00
server level=info t=66969 ev=gameplay stage=receive result=ok from=0x7F000001:2003 bytes=230 b0=0x00
server level=info t=67016 ev=gameplay stage=receive result=ok from=0x7F000001:2003 bytes=214 b0=0x00
server level=info t=67125 ev=gameplay stage=receive result=ok from=0x7F000001:2003 bytes=342 b0=0x00
client level=info t=67156 ev=probe stage=hosttail client=0x1F1F881F980 b=00000000000000000000000000000000000000000000000000000000000000000000000000000000FFFFFFFF00000000
client level=info t=67156 ev=probe stage=grant client=0x1F1F881F980 status=0x01FE pending=0 dirty=0 receipt=1
server level=info t=67172 ev=gameplay stage=receive result=ok from=0x7F000001:2003 bytes=198 b0=0x00
server level=info t=67234 ev=gameplay stage=receive result=ok from=0x7F000001:2003 bytes=206 b0=0x00
server level=info t=67328 ev=gameplay stage=receive result=ok from=0x7F000001:2003 bytes=334 b0=0x00
server level=info t=67375 ev=gameplay stage=receive result=ok from=0x7F000001:2003 bytes=198 b0=0x00
server level=info t=67437 ev=gameplay stage=receive result=ok from=0x7F000001:2003 bytes=198 b0=0x00
client level=warn t=67437 ev=vr.xr hand yaw=1.8425 r_valid=1 r_stale=1 r_fwd=-0.764,0.630,-0.138 r_up=-0.566,-0.552,0.612 r_off=0.078,0.454,-0.358 r_palm=0.168,0.411,-0.363 l_valid=1 l_fwd=0.220,0.972,-0.089 l_off=-0.156,0.428,-0.358 h_off=-0.011,0.035,-0.018
client level=warn t=67437 ev=vr.xr pose fwd=-0.406,0.909,-0.095 off=-0.011,0.035,-0.018 fov=1.8850 aspect=0.964
server level=info t=67516 ev=gameplay stage=receive result=ok from=0x7F000001:2003 bytes=358 b0=0x00
server level=info t=67625 ev=gameplay stage=receive result=ok from=0x7F000001:2003 bytes=390 b0=0x00
server level=info t=67734 ev=gameplay stage=receive result=ok from=0x7F000001:2003 bytes=382 b0=0x00
server level=info t=67781 ev=gameplay stage=receive result=ok from=0x7F000001:2003 bytes=190 b0=0x00
server level=info t=67828 ev=gameplay stage=receive result=ok from=0x7F000001:2003 bytes=198 b0=0x00
server level=info t=67922 ev=gameplay stage=receive result=ok from=0x7F000001:2003 bytes=318 b0=0x00
server level=info t=67969 ev=gameplay stage=receive result=ok from=0x7F000001:2003 bytes=198 b0=0x00
server level=info t=68031 ev=gameplay stage=receive result=ok from=0x7F000001:2003 bytes=246 b0=0x00
client level=warn t=68062 ev=vr.weapon callers path=getter B363FA:540 B3598D:180 B40A78:0
client level=warn t=68062 ev=vr.weapon callers path=ptr D98F49:720 DB8CB6:180 16E8861:180 B35BEE:180 D7FB5C:0 D8492B:0 D7FF2C:0 12911A0:0 12911B5:0
client level=warn t=68062 ev=vr.weapon callers path=xform
client level=warn t=68078 ev=vr.probe pose in_pos=-102.24,1.36,13.43 in_fwd=0.993,0.017,-0.120 in_fov=1.0700 out_pos=-102.24,1.40,13.41 out_fwd=-0.339,0.940,-0.048 out_fov=1.8850
server level=info t=68109 ev=gameplay stage=receive result=ok from=0x7F000001:2003 bytes=278 b0=0x00
server level=info t=68219 ev=gameplay stage=receive result=ok from=0x7F000001:2003 bytes=414 b0=0x00
server level=info t=68312 ev=gameplay stage=receive result=ok from=0x7F000001:2003 bytes=398 b0=0x00
client level=warn t=68328 ev=vr.xr hand yaw=1.8425 r_valid=1 r_stale=1 r_fwd=-0.764,0.630,-0.138 r_up=-0.566,-0.552,0.612 r_off=0.078,0.454,-0.358 r_palm=0.168,0.411,-0.363 l_valid=1 l_fwd=0.220,0.972,-0.089 l_off=-0.156,0.428,-0.358 h_off=0.001,0.035,-0.013
client level=warn t=68328 ev=vr.xr submit layers=1 result=0 fov=1.8850 aspect=0.9638
server level=info t=68406 ev=gameplay stage=receive result=ok from=0x7F000001:2003 bytes=358 b0=0x00
client level=info t=68453 ev=retail site=77 text=world_controller:state:activity:initial_slice_set_loading: Timeout entering the prologue-filler (given 5000ms).
client level=info t=68469 ev=retail site=75 text=world_controller:task_manager: Started   task 'ENUM(9)'.
server level=info t=68812 ev=gameplay stage=message result=ok id=4 peerstage=5
client level=info t=68844 ev=nettick stage=sample latch=1 callbacks=9979
client level=info t=69156 ev=probe stage=hosttail client=0x1F1F881F980 b=00000000000000000000000000000000000000000000000000000000000000000000000000000000FFFFFFFF00000000
client level=info t=69156 ev=probe stage=grant client=0x1F1F881F980 status=0x01FE pending=0 dirty=0 receipt=1
client level=warn t=69234 ev=vr.xr hand yaw=1.8425 r_valid=1 r_stale=1 r_fwd=-0.764,0.630,-0.138 r_up=-0.566,-0.552,0.612 r_off=0.078,0.454,-0.358 r_palm=0.168,0.411,-0.363 l_valid=1 l_fwd=0.220,0.972,-0.089 l_off=-0.156,0.428,-0.358 h_off=0.006,0.035,-0.013
client level=warn t=69328 ev=vr.body anchor=2.1124 head_yaw=-0.2320 body_yaw=0.0173 error=1.8647 counts_per_rad=4872 servo=1
client level=warn t=69328 ev=vr.pad stats injected=0 held=0 mouse=-172013,0 move=0.00,0.00 turn=0.00,0.00 trig=0.00,0.00 buttons=0x0
client level=warn t=70094 ev=vr.xr hand yaw=1.8425 r_valid=1 r_stale=1 r_fwd=-0.764,0.630,-0.138 r_up=-0.566,-0.552,0.612 r_off=0.078,0.454,-0.358 r_palm=0.168,0.411,-0.363 l_valid=1 l_fwd=0.220,0.972,-0.089 l_off=-0.156,0.428,-0.358 h_off=0.013,0.036,-0.012
client level=warn t=70094 ev=vr.xr pose fwd=-0.286,0.958,-0.033 off=0.013,0.036,-0.012 fov=1.8850 aspect=0.964
client level=warn t=70672 ev=vr.weapon callers path=getter B363FA:540 B3598D:180 B40A78:0
client level=warn t=70672 ev=vr.weapon callers path=ptr D98F49:720 DB8CB6:180 16E8861:180 B35BEE:180 D7FB5C:0 D8492B:0 D7FF2C:0 12911A0:0 12911B5:0
client level=warn t=70672 ev=vr.weapon callers path=xform
client level=warn t=70687 ev=vr.probe pose in_pos=-102.24,2.29,13.43 in_fwd=0.993,0.017,-0.120 in_fov=1.0700 out_pos=-102.22,2.33,13.41 out_fwd=-0.281,0.959,-0.043 out_fov=1.8850
client level=info t=70703 ev=retail site=76 text=world_controller:task_manager: Completed task 'ENUM(2)' after '7264ms'.
client level=info t=70844 ev=nettick stage=sample latch=1 callbacks=10119
client level=warn t=70953 ev=vr.xr hand yaw=1.8425 r_valid=1 r_stale=1 r_fwd=-0.764,0.630,-0.138 r_up=-0.566,-0.552,0.612 r_off=0.078,0.454,-0.358 r_palm=0.168,0.411,-0.363 l_valid=1 l_fwd=0.220,0.972,-0.089 l_off=-0.156,0.428,-0.358 h_off=0.018,0.039,-0.013
client level=info t=71156 ev=probe stage=hosttail client=0x1F1F881F980 b=00000000000000000000000000000000000000000000000000000000000000000000000000000000FFFFFFFF00000000
client level=info t=71156 ev=probe stage=grant client=0x1F1F881F980 status=0x01FE pending=0 dirty=0 receipt=1
client level=info t=71187 ev=retail site=76 text=world_controller:task_manager: Completed task 'ENUM(3)' after '7745ms'.
client level=info t=71187 ev=retail site=45 text=world_controller:slice_set_transition_manager: Mode changed from 'initial_slice_set_precaching' to 'initial_slice_set_instantion'.
client level=info t=71187 ev=retail site=75 text=world_controller:task_manager: Started   task 'ENUM(8)'.
client level=info t=71219 ev=retail site=76 text=world_controller:task_manager: Completed task 'ENUM(8)' after '28ms'.
client level=info t=71219 ev=retail site=48 text=world_controller:slice_set_transition_manager: Stopping transition of type 'transitioning:initial_slice_set' due to completed
client level=info t=71266 ev=probe stage=msg12 result=received client=0x1F1F881F980 slot=0 label=PRIVATE CURRENT member=0x35F900ECFC25A1B0 status=0x01FE->0x01FE flag=1
client level=info t=71266 ev=probe stage=bind client=0x1F1F881F980 established=0x9EAA300100200001 slotrec=0x1F1DFCFD9A0 roster=0x1F29D2ABC80 receipt=1
client level=info t=71297 ev=retail site=76 text=world_controller:task_manager: Completed task 'ENUM(9)' after '2829ms'.
client level=info t=71297 ev=retail site=75 text=world_controller:task_manager: Started   task 'ENUM(10)'.
client level=info t=71297 ev=probe stage=msg12 result=received client=0x1F1F881F980 slot=0 label=PRIVATE CURRENT member=0x35F900ECFC25A1B0 status=0x01FE->0x01FE flag=1
client level=info t=71297 ev=probe stage=bind client=0x1F1F881F980 established=0x9EAA300100200001 slotrec=0x1F1DFCFD9A0 roster=0x1F29D2ABC80 receipt=1
server level=info t=71734 ev=gameplay stage=message result=ok id=4 peerstage=5
client level=warn t=71859 ev=vr.xr hand yaw=1.8425 r_valid=1 r_stale=1 r_fwd=-0.764,0.630,-0.138 r_up=-0.566,-0.552,0.612 r_off=0.078,0.454,-0.358 r_palm=0.168,0.411,-0.363 l_valid=1 l_fwd=0.220,0.972,-0.089 l_off=-0.156,0.428,-0.358 h_off=0.025,0.045,-0.015
client level=warn t=71937 ev=vr.body anchor=2.1124 head_yaw=-0.3312 body_yaw=0.0173 error=1.7648 counts_per_rad=4872 servo=1
client level=warn t=71937 ev=vr.pad stats injected=0 held=0 mouse=-224281,0 move=0.00,0.00 turn=0.00,0.00 trig=0.00,0.00 buttons=0x0
client level=warn t=72703 ev=vr.xr hand yaw=1.8425 r_valid=1 r_stale=1 r_fwd=-0.764,0.630,-0.138 r_up=-0.566,-0.552,0.612 r_off=0.078,0.454,-0.358 r_palm=0.168,0.411,-0.363 l_valid=1 l_fwd=0.220,0.972,-0.089 l_off=-0.156,0.428,-0.358 h_off=0.022,0.042,-0.014
client level=warn t=72703 ev=vr.xr pose fwd=-0.224,0.972,-0.065 off=0.022,0.042,-0.014 fov=1.8850 aspect=0.964
client level=warn t=72703 ev=vr.xr submit layers=1 result=0 fov=1.8850 aspect=0.9638
client level=info t=72844 ev=nettick stage=sample latch=1 callbacks=10257
client level=info t=73031 ev=retail site=76 text=world_controller:task_manager: Completed task 'ENUM(10)' after '1727ms'.
client level=info t=73031 ev=retail site=17 text=world_controller:retail_datamine: Total time spent: [9606] ms in world controller state: [36] name: [activity:initial_slice_set_loading]
client level=info t=73031 ev=retail site=3 text=world_controller:state_manager: Entering state 'activity:physics_join' for reason 'unavailable'.
client level=info t=73031 ev=retail site=78 text=world_controller:task_manager: Started   task 'ENUM(0)'.
client level=info t=73156 ev=probe stage=hosttail client=0x1F1F881F980 b=00000000000000000000000000000000000000000000000000000000000000000000000000000000FFFFFFFF00000000
client level=info t=73156 ev=probe stage=grant client=0x1F1F881F980 status=0x01FE pending=0 dirty=0 receipt=1
client level=warn t=73297 ev=vr.weapon callers path=getter B363FA:540 B3598D:180 B40A78:0
client level=warn t=73297 ev=vr.weapon callers path=ptr D98F49:720 DB8CB6:180 16E8861:186 B35BEE:180 D7FB5C:49 D8492B:9 D7FF2C:9 12911A0:0 12911B5:0
client level=warn t=73297 ev=vr.weapon callers path=xform
client level=warn t=73297 ev=vr.probe pose in_pos=-57.50,-7.81,13.88 in_fwd=0.997,-0.052,0.056 in_fov=1.0700 out_pos=-57.48,-7.76,13.87 out_fwd=-0.225,0.972,-0.068 out_fov=1.8850
client level=warn t=73547 ev=vr.xr hand yaw=1.8425 r_valid=1 r_stale=1 r_fwd=-0.764,0.630,-0.138 r_up=-0.566,-0.552,0.612 r_off=0.078,0.454,-0.358 r_palm=0.168,0.411,-0.363 l_valid=1 l_fwd=0.220,0.972,-0.089 l_off=-0.156,0.428,-0.358 h_off=0.023,0.041,-0.014
client level=warn t=74391 ev=vr.xr hand yaw=1.8425 r_valid=1 r_stale=1 r_fwd=-0.764,0.630,-0.138 r_up=-0.566,-0.552,0.612 r_off=0.078,0.454,-0.358 r_palm=0.168,0.411,-0.363 l_valid=1 l_fwd=0.220,0.972,-0.089 l_off=-0.156,0.428,-0.358 h_off=0.025,0.042,-0.014
client level=warn t=74484 ev=vr.body anchor=2.1124 head_yaw=-0.3146 body_yaw=-0.0135 error=1.8112 counts_per_rad=4872 servo=1
client level=warn t=74484 ev=vr.pad stats injected=0 held=0 mouse=-277425,0 move=0.00,0.00 turn=0.00,0.00 trig=0.00,0.00 buttons=0x0
client level=info t=74844 ev=nettick stage=sample latch=1 callbacks=10399
server level=info t=74844 ev=gameplay stage=message result=ok id=4 peerstage=5
client level=info t=75156 ev=probe stage=hosttail client=0x1F1F881F980 b=00000000000000000000000000000000000000000000000000000000000000000000000000000000FFFFFFFF00000000
client level=info t=75156 ev=probe stage=grant client=0x1F1F881F980 status=0x01FE pending=0 dirty=0 receipt=1
client level=warn t=75234 ev=vr.xr hand yaw=1.8425 r_valid=1 r_stale=1 r_fwd=-0.764,0.630,-0.138 r_up=-0.566,-0.552,0.612 r_off=0.078,0.454,-0.358 r_palm=0.168,0.411,-0.363 l_valid=1 l_fwd=0.220,0.972,-0.089 l_off=-0.156,0.428,-0.358 h_off=0.024,0.041,-0.014
client level=warn t=75234 ev=vr.xr pose fwd=-0.225,0.973,-0.061 off=0.024,0.041,-0.014 fov=1.8850 aspect=0.964
client level=warn t=75797 ev=vr.weapon callers path=getter B363FA:540 B3598D:180 B40A78:0
client level=warn t=75797 ev=vr.weapon callers path=ptr D98F49:720 DB8CB6:180 16E8861:180 B35BEE:180 D7FB5C:79 D8492B:13 D7FF2C:13 12911A0:0 12911B5:0
client level=warn t=75797 ev=vr.weapon callers path=xform
client level=warn t=75812 ev=vr.probe pose in_pos=-57.50,-7.82,13.88 in_fwd=0.999,-0.024,-0.041 in_fov=1.0700 out_pos=-57.48,-7.78,13.86 out_fwd=-0.228,0.972,-0.060 out_fov=1.8850
client level=warn t=76062 ev=vr.xr hand yaw=1.8425 r_valid=1 r_stale=1 r_fwd=-0.764,0.630,-0.138 r_up=-0.566,-0.552,0.612 r_off=0.078,0.454,-0.358 r_palm=0.168,0.411,-0.363 l_valid=1 l_fwd=0.220,0.972,-0.089 l_off=-0.156,0.428,-0.358 h_off=0.024,0.041,-0.014
client level=info t=76844 ev=nettick stage=sample latch=1 callbacks=10543
client level=warn t=76891 ev=vr.xr hand yaw=1.8425 r_valid=1 r_stale=1 r_fwd=-0.764,0.630,-0.138 r_up=-0.566,-0.552,0.612 r_off=0.078,0.454,-0.358 r_palm=0.168,0.411,-0.363 l_valid=1 l_fwd=0.220,0.972,-0.089 l_off=-0.156,0.428,-0.358 h_off=0.022,0.039,-0.013
client level=warn t=76906 ev=vr.xr submit layers=1 result=0 fov=1.8850 aspect=0.9638
client level=warn t=76984 ev=vr.body anchor=2.1124 head_yaw=-0.3034 body_yaw=-0.0306 error=1.8402 counts_per_rad=4872 servo=1
client level=warn t=76984 ev=vr.pad stats injected=0 held=0 mouse=-329985,0 move=0.00,0.00 turn=0.00,0.00 trig=0.00,0.00 buttons=0x0
client level=info t=77156 ev=probe stage=hosttail client=0x1F1F881F980 b=00000000000000000000000000000000000000000000000000000000000000000000000000000000FFFFFFFF00000000
client level=info t=77156 ev=probe stage=grant client=0x1F1F881F980 status=0x01FE pending=0 dirty=0 receipt=1
client level=warn t=77734 ev=vr.xr hand yaw=1.8425 r_valid=1 r_stale=1 r_fwd=-0.764,0.630,-0.138 r_up=-0.566,-0.552,0.612 r_off=0.078,0.454,-0.358 r_palm=0.168,0.411,-0.363 l_valid=1 l_fwd=0.220,0.972,-0.089 l_off=-0.156,0.428,-0.358 h_off=0.025,0.039,-0.012
client level=warn t=77734 ev=vr.xr pose fwd=-0.228,0.973,-0.043 off=0.025,0.039,-0.012 fov=1.8850 aspect=0.964
server level=info t=77969 ev=gameplay stage=message result=ok id=4 peerstage=5
client level=warn t=78297 ev=vr.weapon callers path=getter B363FA:540 B3598D:180 B40A78:0
client level=warn t=78297 ev=vr.weapon callers path=ptr D98F49:720 DB8CB6:180 16E8861:180 B35BEE:180 D7FB5C:65 D8492B:11 D7FF2C:10 12911A0:0 12911B5:0
client level=warn t=78297 ev=vr.weapon callers path=xform
client level=warn t=78297 ev=vr.probe pose in_pos=-57.50,-7.79,13.87 in_fwd=0.953,-0.078,-0.294 in_fov=1.0700 out_pos=-57.48,-7.75,13.86 out_fwd=-0.230,0.972,-0.042 out_fov=1.8850
client level=warn t=78562 ev=vr.xr hand yaw=1.8425 r_valid=1 r_stale=1 r_fwd=-0.764,0.630,-0.138 r_up=-0.566,-0.552,0.612 r_off=0.078,0.454,-0.358 r_palm=0.168,0.411,-0.363 l_valid=1 l_fwd=0.220,0.972,-0.089 l_off=-0.156,0.428,-0.358 h_off=0.025,0.039,-0.012
client level=info t=78844 ev=nettick stage=sample latch=1 callbacks=10688
client level=info t=79062 ev=retail site=79 text=world_controller:task_manager: Completed task 'ENUM(0)' after '6031ms'.
client level=info t=79062 ev=retail site=17 text=world_controller:retail_datamine: Total time spent: [6031] ms in world controller state: [37] name: [activity:physics_join]
client level=info t=79062 ev=retail site=3 text=world_controller:state_manager: Entering state 'activity:in_world' for reason 'unavailable'.
client level=info t=79062 ev=retail site=80 text=world_controller:state:in_world: Starting activity '0x0007 (HASH(0xf7e8adc5))(type: HASH(0xd07bb2d7))(grognok: eden_freeroam)(destination: HASH(0x8441fff9))(nonce: 7BC3C248-BB259B74) for reason 'ENUM(0)'(override: eden_freeroam)'.
client level=info t=79062 ev=retail site=11 text=world_controller:retail_datamine: Timed operation: [ENUM(17)], took: [24250 ms], average: [24250.000000 ms], min: [24250.000000], max: [24250.000000], count: [1]
client level=info t=79156 ev=probe stage=hosttail client=0x1F1F881F980 b=00000000000000000000000000000000000000000000000000000000000000000000000000000000FFFFFFFF00000000
client level=info t=79156 ev=probe stage=grant client=0x1F1F881F980 status=0x01FE pending=0 dirty=0 receipt=1
client level=warn t=85312 ev=probe stage=stall result=detected idle=6109 count=10709
client level=info t=85359 ev=probe stage=stall set=stack tid=0x000034CC rip=0x7FFD69540E44 rsp=0xC6706FD6D8 window=2048
client level=info t=85359 ev=probe stage=stall set=frames tid=0x000034CC f0=exe+0x2167200 f1=exe+0x20CFF01 f2=exe+0x360D5E f3=exe+0x1BCD9C8 f4=exe+0x1463A80 f5=exe+0x1C2A140 f6=exe+0x1C283B8 f7=exe+0x1C283B8
client level=info t=85359 ev=probe stage=stall set=stack tid=0x00001AE0 rip=0x7FFD69544A74 rsp=0xC670BFF838 window=2048
client level=info t=85359 ev=probe stage=stall set=stack tid=0x00003448 rip=0x7FFD69544A74 rsp=0xC670FFF568 window=2048
client level=info t=85359 ev=probe stage=stall set=stack tid=0x00003D98 rip=0x7FFD69544A74 rsp=0xC6713FF648 window=2048
client level=info t=85359 ev=probe stage=stall set=stack tid=0x00001AC0 rip=0x7FFD69544A74 rsp=0xC6717FF728 window=2048
client level=info t=85359 ev=probe stage=stall set=stack tid=0x0000423C rip=0x7FFD69541444 rsp=0xC671FFF6E8 window=2048
client level=info t=85359 ev=probe stage=stall set=frames tid=0x0000423C f0=exe+0x267D140 f1=exe+0x3B1A77 f2=exe+0x3AFF70 f3=exe+0x4F5C89E f4=exe+0x69533FF f5=exe+0x6DD9A7A f6=exe+0x47DA9CB f7=exe+0x0
client level=info t=85359 ev=probe stage=stall set=frames tid=0x0000423C f8=exe+0x3FB1A5A f9=exe+0x69533FF f10=exe+0x3AFF70
client level=info t=85359 ev=probe stage=stall set=stack tid=0x00001B30 rip=0x7FFD69544A74 rsp=0xC6723FF818 window=2048
client level=info t=85359 ev=probe stage=stall set=stack tid=0x00003EEC rip=0x7FFD69544A74 rsp=0xC6727FFAD8 window=1024
client level=info t=85359 ev=probe stage=stall set=stack tid=0x00002560 rip=0x7FFD69540E44 rsp=0xC672BFFAF8 window=1024
client level=info t=85359 ev=probe stage=stall set=frames tid=0x00002560 f0=exe+0x1280280 f1=exe+0x0 f2=exe+0x242CD10 f3=exe+0x1280201 f4=exe+0x3023E5 f5=exe+0x348061 f6=exe+0x7CB8EAA f7=exe+0x7039128
client level=info t=85359 ev=probe stage=stall set=frames tid=0x00002560 f8=exe+0x128029D f9=exe+0x0 f10=exe+0x1280280 f11=exe+0x129869C
client level=info t=85359 ev=probe stage=stall set=stack tid=0x00003248 rip=0x7FFD69541444 rsp=0xC672FF8B48 window=2048
client level=info t=85359 ev=probe stage=stall set=frames tid=0x00003248 f0=exe+0x1299FD0 f1=exe+0x7CB8EAA f2=exe+0x0 f3=exe+0x1299FD0 f4=exe+0x129A08B f5=exe+0x2F24088 f6=exe+0x2F23FB0
client level=info t=85359 ev=probe stage=stall set=stack tid=0x000034EC rip=0x7FFD69540E44 rsp=0xC6733FF748 window=2048
client level=info t=85359 ev=probe stage=stall set=frames tid=0x000034EC f0=exe+0x2E59D30 f1=exe+0x302465 f2=exe+0x31D073 f3=exe+0x31D0BA f4=exe+0x318894 f5=exe+0x20D6E38 f6=exe+0x31B241 f7=exe+0x3537B3
client level=info t=85359 ev=probe stage=stall set=frames tid=0x000034EC f8=exe+0x20D6E38 f9=exe+0x20D6E38 f10=exe+0x353874 f11=exe+0x20D6E38 f12=exe+0x20D6E5C f13=exe+0x3537D0 f14=exe+0x20D6E38
client level=info t=85359 ev=probe stage=stall set=stack tid=0x000029A4 rip=0x7FFD69541444 rsp=0xC6737FDD78 window=2048
client level=info t=85359 ev=probe stage=stall set=frames tid=0x000029A4 f0=exe+0x20D7A80 f1=exe+0x20D7A80 f2=exe+0x3550FB f3=exe+0x20D7A38 f4=exe+0x1DC60C8 f5=exe+0x1DC60D4 f6=exe+0x1B87974 f7=exe+0x1DC60C8
client level=info t=85359 ev=probe stage=stall set=frames tid=0x000029A4 f8=exe+0x3537B3 f9=exe+0x35ECC44 f10=exe+0x3537B3 f11=exe+0x35ECC44 f12=exe+0x35ECC44 f13=exe+0x3537B3 f14=exe+0x35ECC44 f15=exe+0x2E5CB10
client level=info t=85359 ev=probe stage=stall set=stack tid=0x000019D4 rip=0x7FFD69540E44 rsp=0xC673BFFBA8 window=1024
client level=info t=85359 ev=probe stage=stall set=frames tid=0x000019D4 f0=exe+0x302465 f1=exe+0x31D073 f2=exe+0x31D0BA f3=exe+0x318894 f4=exe+0x20D8638 f5=exe+0x31B241 f6=exe+0x3537B3 f7=exe+0x20D8638
client level=info t=85359 ev=probe stage=stall set=frames tid=0x000019D4 f8=exe+0x20D8638 f9=exe+0x353874 f10=exe+0x20D8638 f11=exe+0x20D865C f12=exe+0x3537D0 f13=exe+0x20D8638
client level=info t=85359 ev=probe stage=stall set=stack tid=0x000020D4 rip=0x7FFD69540E44 rsp=0xC673FFF7B8 window=2048
client level=info t=85359 ev=probe stage=stall set=frames tid=0x000020D4 f0=exe+0x302465 f1=exe+0x31D073 f2=exe+0x2E7ABC0 f3=exe+0x31D0BA f4=exe+0x318894 f5=exe+0x20D9238 f6=exe+0x31B241 f7=exe+0x3537B3
client level=info t=85359 ev=probe stage=stall set=frames tid=0x000020D4 f8=exe+0x20D9238 f9=exe+0x20D9238 f10=exe+0x353874 f11=exe+0x20D9238 f12=exe+0x20D925C f13=exe+0x3537D0 f14=exe+0x20D9238
client level=info t=85359 ev=probe stage=stall set=stack tid=0x00003480 rip=0x7FFD69541444 rsp=0xC6743FD6F8 window=2048
client level=info t=85359 ev=probe stage=stall set=frames tid=0x00003480 f0=exe+0x20D9E80 f1=exe+0x20D9E80 f2=exe+0x3550FB f3=exe+0x20D9E38 f4=exe+0x1DC60C8 f5=exe+0x1DC60D4 f6=exe+0x1B87974 f7=exe+0x1DC60C8
client level=info t=85359 ev=probe stage=stall set=frames tid=0x00003480 f8=exe+0x3537B3 f9=exe+0x35ECC44 f10=exe+0x3537B3 f11=exe+0x35ECC44 f12=exe+0x35ECC44 f13=exe+0x3537B3 f14=exe+0x35ECC44 f15=exe+0x353874
client level=info t=85359 ev=probe stage=stall set=stack tid=0x000026B0 rip=0x7FFD69540E44 rsp=0xC6747FF6E8 window=2048
client level=info t=85359 ev=probe stage=stall set=frames tid=0x000026B0 f0=exe+0x2E5B380 f1=exe+0x302465 f2=exe+0x31D073 f3=exe+0x31D0BA f4=exe+0x318894 f5=exe+0x20DAA38 f6=exe+0x31B241 f7=exe+0x3537B3
client level=info t=85359 ev=probe stage=stall set=frames tid=0x000026B0 f8=exe+0x20DAA38 f9=exe+0x20DAA38 f10=exe+0x353874 f11=exe+0x20DAA38 f12=exe+0x20DAA5C f13=exe+0x3537D0 f14=exe+0x20DAA38
client level=info t=85359 ev=probe stage=stall set=stack tid=0x00002E34 rip=0x7FFD69540E44 rsp=0xC674BFF648 window=2048
client level=info t=85359 ev=probe stage=stall set=frames tid=0x00002E34 f0=exe+0x302465 f1=exe+0x31D073 f2=exe+0x31D0BA f3=exe+0x318894 f4=exe+0x20EEE48 f5=exe+0x31B241 f6=exe+0x3537B3 f7=exe+0x20EEE48
client level=info t=85359 ev=probe stage=stall set=frames tid=0x00002E34 f8=exe+0x20EEE48 f9=exe+0x353874 f10=exe+0x20EEE48 f11=exe+0x20EEE6C f12=exe+0x3537D0 f13=exe+0x20EEE48
client level=info t=85359 ev=probe stage=stall set=stack tid=0x00004A10 rip=0x7FFD69540E44 rsp=0xC674FFF8E8 window=2048
client level=info t=85359 ev=probe stage=stall set=frames tid=0x00004A10 f0=exe+0x302465 f1=exe+0x31D073 f2=exe+0x31D0BA f3=exe+0x318894 f4=exe+0x20EFA48 f5=exe+0x31B241 f6=exe+0x3537B3 f7=exe+0x20EFA48
client level=info t=85359 ev=probe stage=stall set=frames tid=0x00004A10 f8=exe+0x20EFA48 f9=exe+0x353874 f10=exe+0x20EFA48 f11=exe+0x20EFA6C f12=exe+0x3537D0 f13=exe+0x20EFA48
client level=info t=85359 ev=probe stage=stall set=stack tid=0x00003F24 rip=0x7FFD69541444 rsp=0xC6753FF428 window=2048
client level=info t=85359 ev=probe stage=stall set=frames tid=0x00003F24 f0=exe+0x1AEBDFF
client level=info t=85359 ev=probe stage=stall set=stack tid=0x00004388 rip=0x7FFD69540E44 rsp=0xC6757FF958 window=2048
client level=info t=85359 ev=probe stage=stall set=frames tid=0x00004388 f0=exe+0x1AE9B80
client level=info t=85359 ev=probe stage=stall set=stack tid=0x000043CC rip=0x7FFD66761344 rsp=0xC675BFFC48 window=2048
client level=info t=85359 ev=probe stage=stall set=frames tid=0x000043CC f0=exe+0x2686901 f1=exe+0x2686901 f2=exe+0x3C5F69 f3=exe+0x26869E0 f4=exe+0x26869E0 f5=exe+0x3BD893 f6=exe+0x26869E0 f7=exe+0x3BDA99
client level=info t=85359 ev=probe stage=stall set=frames tid=0x000043CC f8=exe+0x26869E0 f9=exe+0x3537B3 f10=exe+0x26869E0 f11=exe+0x353874 f12=exe+0x26869E0 f13=exe+0x2686A04 f14=exe+0x3537D0 f15=exe+0x26869E0
client level=info t=85359 ev=probe stage=stall set=stack tid=0x00001E3C rip=0x7FFD66761344 rsp=0xC675FFF908 window=2048
client level=info t=85359 ev=probe stage=stall set=frames tid=0x00001E3C f0=exe+0x3BDA55 f1=exe+0x26869E0 f2=exe+0x26875E0 f3=exe+0x3537B3 f4=exe+0x26875E0 f5=exe+0x353874 f6=exe+0x26875E0 f7=exe+0x2687604
client level=info t=85359 ev=probe stage=stall set=frames tid=0x00001E3C f8=exe+0x3537D0 f9=exe+0x26875E0
client level=info t=85359 ev=probe stage=stall set=stack tid=0x00002500 rip=0x7FFD69540EE4 rsp=0xC6763FFAD8 window=2048
client level=info t=85359 ev=probe stage=stall set=stack tid=0x000042E0 rip=0x7FFD69544A14 rsp=0xC676BFF8E8 window=2048
client level=info t=85359 ev=probe stage=stall set=stack tid=0x00000F90 rip=0x7FFD69544A14 rsp=0xC676FFFB48 window=2048
client level=info t=85359 ev=probe stage=stall set=stack tid=0x000009E8 rip=0x7FFD69540E44 rsp=0xC6773FFB08 window=2048
client level=info t=85359 ev=probe stage=stall set=stack tid=0x0000243C rip=0x7FFD69540E44 rsp=0xC6767FFA58 window=2048
client level=info t=85359 ev=probe stage=stall set=stack tid=0x000028C4 rip=0x7FFD69540E44 rsp=0xC6777FFC28 window=2048
client level=info t=85359 ev=probe stage=stall set=stack tid=0x00004158 rip=0x7FFD69540E44 rsp=0xC677BFFA38 window=2048
client level=info t=85359 ev=probe stage=stall set=stack tid=0x00004AD4 rip=0x7FFD69540E44 rsp=0xC677FFFC48 window=2048
client level=info t=85359 ev=probe stage=stall set=stack tid=0x00003E3C rip=0x7FFD69540E44 rsp=0xC6783FFA78 window=2048
client level=info t=85359 ev=probe stage=stall set=stack tid=0x00004724 rip=0x7FFD69540E44 rsp=0xC6787FF668 window=2048
client level=info t=85359 ev=probe stage=stall set=stack tid=0x00000E14 rip=0x7FFD69540E44 rsp=0xC678BFFD48 window=2048
client level=info t=85359 ev=probe stage=stall set=stack tid=0x0000091C rip=0x7FFD69540E44 rsp=0xC678FFFB98 window=2048
client level=info t=85359 ev=probe stage=stall set=stack tid=0x00000A78 rip=0x7FFD69540E44 rsp=0xC6793FF588 window=2048
client level=info t=85359 ev=probe stage=stall set=stack tid=0x000042F0 rip=0x7FFD69540E44 rsp=0xC6797FFB48 window=2048
client level=info t=85359 ev=probe stage=stall set=stack tid=0x0000176C rip=0x7FFD69544A14 rsp=0xC679BFF8C8 window=2048
client level=info t=85359 ev=probe stage=stall set=stack tid=0x00001034 rip=0x7FFD69544A14 rsp=0xC679FFF938 window=1024
client level=info t=85359 ev=probe stage=stall set=stack tid=0x00001968 rip=0x7FFD69541914 rsp=0xC67A7FF518 window=2048
client level=info t=85359 ev=probe stage=stall set=stack tid=0x00003CBC rip=0x7FFD69540E44 rsp=0xC67ABFFC88 window=2048
client level=info t=85359 ev=probe stage=stall set=stack tid=0x0000458C rip=0x7FFD69540E44 rsp=0xC67AFFF888 window=2048
client level=info t=85359 ev=probe stage=stall set=stack tid=0x00000C4C rip=0x7FFD69540E44 rsp=0xC67B3FFAC8 window=2048
client level=info t=85359 ev=probe stage=stall set=stack tid=0x00000D0C rip=0x7FFD69540E44 rsp=0xC67B7FF9B8 window=2048
client level=info t=85359 ev=probe stage=stall set=stack tid=0x00003F84 rip=0x7FFD69540E44 rsp=0xC67BBFFB88 window=2048
client level=info t=85359 ev=probe stage=stall set=stack tid=0x00000C2C rip=0x7FFD69540E44 rsp=0xC67BFFF6E8 window=2048
client level=info t=85359 ev=probe stage=stall set=stack tid=0x00003650 rip=0x7FFD69540E44 rsp=0xC67C3FF958 window=2048
client level=info t=85359 ev=probe stage=stall set=stack tid=0x00003328 rip=0x7FFD69540E44 rsp=0xC67C7FF8E8 window=1024
client level=info t=85359 ev=probe stage=stall set=stack tid=0x00002564 rip=0x7FFD69541444 rsp=0xC67CBFF648 window=2048
client level=info t=85359 ev=probe stage=stall set=frames tid=0x00002564 f0=exe+0x26869D0 f1=exe+0x11C7C5C f2=exe+0x2E5BEC2 f3=exe+0x3537B3 f4=exe+0x2E5BE90 f5=exe+0x2E5BE90 f6=exe+0x353874 f7=exe+0x2E5BE90
client level=info t=85359 ev=probe stage=stall set=frames tid=0x00002564 f8=exe+0x2E5BEB4 f9=exe+0x3537D0 f10=exe+0x2E5BE90
client level=info t=85359 ev=probe stage=stall set=stack tid=0x000038B0 rip=0x7FFD69540E44 rsp=0xC67CFFFA68 window=1024
client level=info t=85359 ev=probe stage=stall set=frames tid=0x000038B0 f0=exe+0x2E79DE3 f1=exe+0x11DB4DB f2=exe+0x2E79DA0 f3=exe+0x3537B3 f4=exe+0x2E79DA0 f5=exe+0x353874 f6=exe+0x2E79DA0 f7=exe+0x2E79DC4
client level=info t=85359 ev=probe stage=stall set=frames tid=0x000038B0 f8=exe+0x3537D0 f9=exe+0x2E79DA0
client level=info t=85359 ev=probe stage=stall set=stack tid=0x00002F08 rip=0x7FFD69544A74 rsp=0xC67D7FF868 window=2048
client level=info t=85359 ev=probe stage=stall set=stack tid=0x00003CD8 rip=0x7FFD69544A74 rsp=0xC67DBFF688 window=2048
client level=info t=85359 ev=probe stage=stall set=stack tid=0x00002088 rip=0x7FFD69540E44 rsp=0xC67DFFFA38 window=2048
client level=info t=85359 ev=probe stage=stall set=stack tid=0x000036A4 rip=0x7FFD69540E44 rsp=0xC67E3FF9F8 window=2048
client level=info t=85359 ev=probe stage=stall set=stack tid=0x000017D8 rip=0x7FFD69540E44 rsp=0xC67E7FF828 window=2048
client level=info t=85359 ev=probe stage=stall set=stack tid=0x000033EC rip=0x7FFD69540E44 rsp=0xC67EBFFCB8 window=2048
client level=info t=85359 ev=probe stage=stall set=stack tid=0x000038E4 rip=0x7FFD69540E44 rsp=0xC67EFFF988 window=2048
client level=info t=85359 ev=probe stage=stall set=stack tid=0x00004178 rip=0x7FFD69540E44 rsp=0xC67F3FF7D8 window=2048
client level=info t=85359 ev=probe stage=stall set=stack tid=0x00002A04 rip=0x7FFD69540E44 rsp=0xC67F7FFDC8 window=2048
client level=info t=85359 ev=probe stage=stall set=stack tid=0x00004160 rip=0x7FFD69540E44 rsp=0xC67FBFFCD8 window=2048
client level=info t=85359 ev=probe stage=stall set=stack tid=0x00004834 rip=0x7FFD69540E44 rsp=0xC67FFFF6B8 window=2048
client level=info t=85359 ev=probe stage=stall set=stack tid=0x00000A34 rip=0x7FFD69540E44 rsp=0xC6003FF6E8 window=2048
client level=info t=85359 ev=probe stage=stall set=frames tid=0x00000A34 f0=exe+0x19F8801
client level=info t=85359 ev=probe stage=stall set=stack tid=0x000020A0 rip=0x7FFD69540E44 rsp=0xC6007FFB38 window=1024
client level=info t=85359 ev=probe stage=stall set=frames tid=0x000020A0 f0=exe+0x1A07446
client level=info t=85359 ev=probe stage=stall set=stack tid=0x00000C38 rip=0x7FFD69541914 rsp=0xC600BFFBB8 window=2048
client level=info t=85359 ev=probe stage=stall set=frames tid=0x00000C38 f0=exe+0x199B0E8 f1=exe+0x199B97C f2=exe+0x1A40E79 f3=exe+0x1A41E30
client level=info t=85359 ev=probe stage=stall set=stack tid=0x000034C0 rip=0x7FFD69541914 rsp=0xC600FFF238 window=2048
client level=info t=85359 ev=probe stage=stall set=stack tid=0x00004808 rip=0x7FFD69541914 rsp=0xC6017FFB58 window=2048
client level=info t=85359 ev=probe stage=stall set=stack tid=0x000037C0 rip=0x7FFD69541914 rsp=0xC601BFFAD8 window=1024
client level=info t=85359 ev=probe stage=stall set=stack tid=0x00002EC0 rip=0x7FFD69540E44 rsp=0xC601FFF3C8 window=2048
client level=info t=85359 ev=probe stage=stall set=frames tid=0x00002EC0 f0=exe+0x1A914FF f1=own+0x149383 f2=exe+0x39B4FB f3=exe+0x1A8222A
client level=info t=85359 ev=probe stage=stall set=stack tid=0x00001F9C rip=0x7FFD69540E44 rsp=0xC6023FFA78 window=2048
client level=info t=85359 ev=probe stage=stall set=frames tid=0x00001F9C f0=exe+0x0 f1=exe+0x1F15A90 f2=exe+0x0 f3=exe+0x30FE80 f4=exe+0x30FED2 f5=exe+0x30FE80 f6=exe+0x30FE80 f7=exe+0x129869C
client level=info t=85359 ev=probe stage=stall set=stack tid=0x00002054 rip=0x7FFD69541914 rsp=0xC6027FF448 window=2048
client level=info t=85359 ev=probe stage=stall set=stack tid=0x00004088 rip=0x7FFD69541914 rsp=0xC602BFDFB8 window=2048
client level=info t=85359 ev=probe stage=stall set=frames tid=0x00004088 f0=exe+0x3E8155
client level=info t=85359 ev=probe stage=stall set=stack tid=0x00004B60 rip=0x7FFD69541444 rsp=0xC6033FFA78 window=2048
client level=info t=85359 ev=probe stage=stall set=frames tid=0x00004B60 f0=own+0x695A60 f1=own+0x679AE8 f2=own+0x679AC8 f3=own+0x679AC8 f4=own+0x679AE8 f5=own+0x1DA83B f6=own+0x679AC8 f7=own+0x679AE8
client level=info t=85359 ev=probe stage=stall set=stack tid=0x000015F4 rip=0x7FFD69540EE4 rsp=0xC6037FF778 window=2048
client level=info t=85359 ev=probe stage=stall set=stack tid=0x00003E4C rip=0x7FFD69541444 rsp=0xC603BFFC58 window=512
client level=info t=85359 ev=probe stage=stall set=frames tid=0x00003E4C f0=exe+0x173A58B f1=exe+0x31DA5A0 f2=exe+0x3537B3 f3=exe+0x31DA5A0 f4=exe+0x353874 f5=exe+0x31DA5A0 f6=exe+0x31DA5C4 f7=exe+0x3537D0
client level=info t=85359 ev=probe stage=stall set=frames tid=0x00003E4C f8=exe+0x31DA5A0
client level=info t=85359 ev=probe stage=stall set=stack tid=0x0000268C rip=0x7FFD69541914 rsp=0xC603FFF798 window=2048
client level=info t=85359 ev=probe stage=stall set=stack tid=0x000032E0 rip=0x7FFD69544A14 rsp=0xC6043FFAC8 window=2048
client level=info t=85359 ev=probe stage=stall set=stack tid=0x00001CF8 rip=0x7FFD69541914 rsp=0xC6047FF3C8 window=2048
client level=info t=85359 ev=probe stage=stall set=stack tid=0x00001F40 rip=0x7FFD69544A14 rsp=0xC604BFEFA8 window=2048
client level=info t=85359 ev=probe stage=stall set=frames tid=0x00001F40 f0=exe+0x7C97F8 f1=exe+0x294B57 f2=exe+0x0 f3=exe+0x91790 f4=exe+0x0 f5=exe+0x91790
client level=info t=85359 ev=probe stage=stall set=stack tid=0x00000854 rip=0x7FFD69544A14 rsp=0xC604FFEE78 window=2048
client level=info t=85359 ev=probe stage=stall set=frames tid=0x00000854 f0=exe+0x7C97F8 f1=exe+0x294B57 f2=exe+0x0 f3=exe+0x91790 f4=exe+0x0 f5=exe+0x91790
client level=info t=85359 ev=probe stage=stall set=stack tid=0x00002D58 rip=0x7FFD69544A14 rsp=0xC6053FF1A8 window=2048
client level=info t=85359 ev=probe stage=stall set=frames tid=0x00002D58 f0=exe+0x7C97F8 f1=exe+0x294B57 f2=exe+0x0 f3=exe+0x91790 f4=exe+0x0 f5=exe+0x91790
client level=info t=85359 ev=probe stage=stall set=stack tid=0x00003FC0 rip=0x7FFD69541914 rsp=0xC6057FEFA8 window=2048
client level=info t=85359 ev=probe stage=stall set=stack tid=0x00003020 rip=0x7FFD69544A14 rsp=0xC605BFFBF8 window=2048
client level=info t=85359 ev=probe stage=stall set=stack tid=0x00002CA8 rip=0x7FFD69544A14 rsp=0xC605FFF888 window=2048
client level=info t=85359 ev=probe stage=stall set=stack tid=0x000034A8 rip=0x7FFD69544A14 rsp=0xC6063FFC68 window=2048
client level=info t=85359 ev=probe stage=stall set=stack tid=0x000022B8 rip=0x7FFD69544A14 rsp=0xC6067FF9D8 window=2048
client level=info t=85359 ev=probe stage=stall set=stack tid=0x00002A6C rip=0x7FFD69541914 rsp=0xC606BFF678 window=2048
client level=info t=85359 ev=probe stage=stall set=stack tid=0x00000D30 rip=0x7FFD69541914 rsp=0xC606FFF318 window=2048
client level=info t=85359 ev=probe stage=stall set=stack tid=0x00002D28 rip=0x7FFD69544A14 rsp=0xC6073FFBE8 window=2048
client level=info t=85359 ev=probe stage=stall set=stack tid=0x00000DF8 rip=0x7FFD69541914 rsp=0xC6077FF1E8 window=2048
client level=info t=85359 ev=probe stage=stall set=stack tid=0x00003520 rip=0x7FFD69544A14 rsp=0xC607BFFC18 window=2048
client level=info t=85359 ev=probe stage=stall set=stack tid=0x00003C20 rip=0x7FFD69541914 rsp=0xC607FFF738 window=2048
client level=info t=85359 ev=probe stage=stall set=stack tid=0x00002BA4 rip=0x7FFD69544A14 rsp=0xC6083FF808 window=2048
client level=info t=85359 ev=probe stage=stall set=stack tid=0x00002040 rip=0x7FFD69541914 rsp=0xC6087FF298 window=2048
client level=info t=85359 ev=probe stage=stall set=stack tid=0x00000FE0 rip=0x7FFD69544A14 rsp=0xC608BFF7A8 window=2048
client level=info t=85359 ev=probe stage=stall set=stack tid=0x00003E90 rip=0x7FFD69544A14 rsp=0xC608FFFC68 window=512
client level=info t=85359 ev=probe stage=stall set=stack tid=0x00001DCC rip=0x7FFD69541914 rsp=0xC6013FF918 window=2048
server level=info t=89172 ev=gameplay stage=association result=timeout
client level=warn t=100375 ev=probe stage=stall result=detected idle=21172 count=10709
client level=info t=100406 ev=probe stage=stall set=stack tid=0x000034CC rip=0x7FFD69540E44 rsp=0xC6706FD6D8 window=2048
client level=info t=100406 ev=probe stage=stall set=frames tid=0x000034CC f0=exe+0x2167200 f1=exe+0x20CFF01 f2=exe+0x360D5E f3=exe+0x1BCD9C8 f4=exe+0x1463A80 f5=exe+0x1C2A140 f6=exe+0x1C283B8 f7=exe+0x1C283B8
client level=info t=100406 ev=probe stage=stall set=stack tid=0x00001AE0 rip=0x7FFD69544A74 rsp=0xC670BFF838 window=2048
client level=info t=100406 ev=probe stage=stall set=stack tid=0x00003448 rip=0x7FFD69544A74 rsp=0xC670FFF568 window=2048
client level=info t=100406 ev=probe stage=stall set=stack tid=0x00003D98 rip=0x7FFD69544A74 rsp=0xC6713FF648 window=2048
client level=info t=100406 ev=probe stage=stall set=stack tid=0x00001AC0 rip=0x7FFD69544A74 rsp=0xC6717FF728 window=2048
client level=info t=100406 ev=probe stage=stall set=stack tid=0x0000423C rip=0x7FFD69541444 rsp=0xC671FFF6E8 window=2048
client level=info t=100406 ev=probe stage=stall set=frames tid=0x0000423C f0=exe+0x3B1A77 f1=exe+0x3AFF70 f2=exe+0x4F5C89E f3=exe+0x69533FF f4=exe+0x6DD9A7A f5=exe+0x47DA9CB f6=exe+0x0 f7=exe+0x3FB1A5A
client level=info t=100406 ev=probe stage=stall set=frames tid=0x0000423C f8=exe+0x69533FF f9=exe+0x3AFF70
client level=info t=100406 ev=probe stage=stall set=stack tid=0x00001B30 rip=0x7FFD69544A74 rsp=0xC6723FF818 window=2048
client level=info t=100406 ev=probe stage=stall set=stack tid=0x00003EEC rip=0x7FFD69544A74 rsp=0xC6727FFAD8 window=1024
client level=info t=100406 ev=probe stage=stall set=stack tid=0x00002560 rip=0x7FFD69540E44 rsp=0xC672BFFAF8 window=1024
client level=info t=100406 ev=probe stage=stall set=frames tid=0x00002560 f0=exe+0x1280280 f1=exe+0x0 f2=exe+0x242CD10 f3=exe+0x1280201 f4=exe+0x3023E5 f5=exe+0x348061 f6=exe+0x7CB8EAA f7=exe+0x7039128
client level=info t=100406 ev=probe stage=stall set=frames tid=0x00002560 f8=exe+0x128029D f9=exe+0x0 f10=exe+0x1280280 f11=exe+0x129869C
client level=info t=100406 ev=probe stage=stall set=stack tid=0x00003248 rip=0x7FFD69541444 rsp=0xC672FF19F8 window=2048
client level=info t=100406 ev=probe stage=stall set=frames tid=0x00003248 f0=exe+0x1299FD0 f1=exe+0x1299FD0 f2=exe+0x0 f3=exe+0x1299FD0 f4=exe+0x128038A f5=exe+0x0 f6=exe+0x31B159 f7=exe+0x1BE04D0
client level=info t=100406 ev=probe stage=stall set=frames tid=0x00003248 f8=own+0x11C069 f9=exe+0x1BE04D0 f10=own+0x11C719 f11=exe+0x1C81108 f12=exe+0x2FCDAF f13=exe+0x1C81108 f14=exe+0x32CDD9 f15=exe+0x12989AE
client level=info t=100406 ev=probe stage=stall set=stack tid=0x000034EC rip=0x7FFD69540E44 rsp=0xC6733FF748 window=2048
client level=info t=100406 ev=probe stage=stall set=frames tid=0x000034EC f0=exe+0x2E59D30 f1=exe+0x302465 f2=exe+0x31D073 f3=exe+0x31D0BA f4=exe+0x318894 f5=exe+0x20D6E38 f6=exe+0x31B241 f7=exe+0x3537B3
client level=info t=100406 ev=probe stage=stall set=frames tid=0x000034EC f8=exe+0x20D6E38 f9=exe+0x20D6E38 f10=exe+0x353874 f11=exe+0x20D6E38 f12=exe+0x20D6E5C f13=exe+0x3537D0 f14=exe+0x20D6E38
client level=info t=100406 ev=probe stage=stall set=stack tid=0x000029A4 rip=0x7FFD69541444 rsp=0xC6737FDD78 window=2048
client level=info t=100406 ev=probe stage=stall set=frames tid=0x000029A4 f0=exe+0x20D7A80 f1=exe+0x20D7A80 f2=exe+0x3550FB f3=exe+0x20D7A38 f4=exe+0x1DC60C8 f5=exe+0x1DC60D4 f6=exe+0x1B87974 f7=exe+0x1DC60C8
client level=info t=100406 ev=probe stage=stall set=frames tid=0x000029A4 f8=exe+0x3537B3 f9=exe+0x35ECC44 f10=exe+0x3537B3 f11=exe+0x35ECC44 f12=exe+0x35ECC44 f13=exe+0x3537B3 f14=exe+0x35ECC44 f15=exe+0x2E5CB10
client level=info t=100406 ev=probe stage=stall set=stack tid=0x000019D4 rip=0x7FFD69540E44 rsp=0xC673BFFBA8 window=1024
client level=info t=100406 ev=probe stage=stall set=frames tid=0x000019D4 f0=exe+0x302465 f1=exe+0x31D073 f2=exe+0x31D0BA f3=exe+0x318894 f4=exe+0x20D8638 f5=exe+0x31B241 f6=exe+0x3537B3 f7=exe+0x20D8638
client level=info t=100406 ev=probe stage=stall set=frames tid=0x000019D4 f8=exe+0x20D8638 f9=exe+0x353874 f10=exe+0x20D8638 f11=exe+0x20D865C f12=exe+0x3537D0 f13=exe+0x20D8638
client level=info t=100406 ev=probe stage=stall set=stack tid=0x000020D4 rip=0x7FFD69540E44 rsp=0xC673FFF7B8 window=2048
client level=info t=100406 ev=probe stage=stall set=frames tid=0x000020D4 f0=exe+0x302465 f1=exe+0x31D073 f2=exe+0x2E7ABC0 f3=exe+0x31D0BA f4=exe+0x318894 f5=exe+0x20D9238 f6=exe+0x31B241 f7=exe+0x3537B3
client level=info t=100406 ev=probe stage=stall set=frames tid=0x000020D4 f8=exe+0x20D9238 f9=exe+0x20D9238 f10=exe+0x353874 f11=exe+0x20D9238 f12=exe+0x20D925C f13=exe+0x3537D0 f14=exe+0x20D9238
client level=info t=100406 ev=probe stage=stall set=stack tid=0x00003480 rip=0x7FFD69541444 rsp=0xC6743FD6F8 window=2048
client level=info t=100406 ev=probe stage=stall set=frames tid=0x00003480 f0=exe+0x20D9E80 f1=exe+0x20D9E80 f2=exe+0x3550FB f3=exe+0x20D9E38 f4=exe+0x1DC60C8 f5=exe+0x1DC60D4 f6=exe+0x1B87974 f7=exe+0x1DC60C8
client level=info t=100406 ev=probe stage=stall set=frames tid=0x00003480 f8=exe+0x3537B3 f9=exe+0x35ECC44 f10=exe+0x3537B3 f11=exe+0x35ECC44 f12=exe+0x35ECC44 f13=exe+0x3537B3 f14=exe+0x35ECC44 f15=exe+0x353874
client level=info t=100406 ev=probe stage=stall set=stack tid=0x000026B0 rip=0x7FFD69540E44 rsp=0xC6747FF6E8 window=2048
client level=info t=100406 ev=probe stage=stall set=frames tid=0x000026B0 f0=exe+0x2E5B380 f1=exe+0x302465 f2=exe+0x31D073 f3=exe+0x31D0BA f4=exe+0x318894 f5=exe+0x20DAA38 f6=exe+0x31B241 f7=exe+0x3537B3
client level=info t=100406 ev=probe stage=stall set=frames tid=0x000026B0 f8=exe+0x20DAA38 f9=exe+0x20DAA38 f10=exe+0x353874 f11=exe+0x20DAA38 f12=exe+0x20DAA5C f13=exe+0x3537D0 f14=exe+0x20DAA38
client level=info t=100406 ev=probe stage=stall set=stack tid=0x00002E34 rip=0x7FFD69540E44 rsp=0xC674BFF648 window=2048
client level=info t=100406 ev=probe stage=stall set=frames tid=0x00002E34 f0=exe+0x302465 f1=exe+0x31D073 f2=exe+0x31D0BA f3=exe+0x318894 f4=exe+0x20EEE48 f5=exe+0x31B241 f6=exe+0x3537B3 f7=exe+0x20EEE48
client level=info t=100406 ev=probe stage=stall set=frames tid=0x00002E34 f8=exe+0x20EEE48 f9=exe+0x353874 f10=exe+0x20EEE48 f11=exe+0x20EEE6C f12=exe+0x3537D0 f13=exe+0x20EEE48
client level=info t=100406 ev=probe stage=stall set=stack tid=0x00004A10 rip=0x7FFD69540E44 rsp=0xC674FFF8E8 window=2048
client level=info t=100406 ev=probe stage=stall set=frames tid=0x00004A10 f0=exe+0x302465 f1=exe+0x31D073 f2=exe+0x31D0BA f3=exe+0x318894 f4=exe+0x20EFA48 f5=exe+0x31B241 f6=exe+0x3537B3 f7=exe+0x20EFA48
client level=info t=100406 ev=probe stage=stall set=frames tid=0x00004A10 f8=exe+0x20EFA48 f9=exe+0x353874 f10=exe+0x20EFA48 f11=exe+0x20EFA6C f12=exe+0x3537D0 f13=exe+0x20EFA48
client level=info t=100406 ev=probe stage=stall set=stack tid=0x00003F24 rip=0x7FFD69541444 rsp=0xC6753FF428 window=2048
client level=info t=100406 ev=probe stage=stall set=frames tid=0x00003F24 f0=exe+0x1AEBDFF
client level=info t=100406 ev=probe stage=stall set=stack tid=0x00004388 rip=0x7FFD69540E44 rsp=0xC6757FF958 window=2048
client level=info t=100406 ev=probe stage=stall set=frames tid=0x00004388 f0=exe+0x1AE9B80
client level=info t=100406 ev=probe stage=stall set=stack tid=0x000043CC rip=0x7FFD66761344 rsp=0xC675BFFC48 window=2048
client level=info t=100406 ev=probe stage=stall set=frames tid=0x000043CC f0=exe+0x2686901 f1=exe+0x2686901 f2=exe+0x3C5F69 f3=exe+0x26869E0 f4=exe+0x26869E0 f5=exe+0x3BD893 f6=exe+0x26869E0 f7=exe+0x3BDA99
client level=info t=100406 ev=probe stage=stall set=frames tid=0x000043CC f8=exe+0x26869E0 f9=exe+0x3537B3 f10=exe+0x26869E0 f11=exe+0x353874 f12=exe+0x26869E0 f13=exe+0x2686A04 f14=exe+0x3537D0 f15=exe+0x26869E0
client level=info t=100406 ev=probe stage=stall set=stack tid=0x00001E3C rip=0x7FFD66761344 rsp=0xC675FFF908 window=2048
client level=info t=100406 ev=probe stage=stall set=frames tid=0x00001E3C f0=exe+0x3BDA55 f1=exe+0x26869E0 f2=exe+0x26875E0 f3=exe+0x3537B3 f4=exe+0x26875E0 f5=exe+0x353874 f6=exe+0x26875E0 f7=exe+0x2687604
client level=info t=100406 ev=probe stage=stall set=frames tid=0x00001E3C f8=exe+0x3537D0 f9=exe+0x26875E0
client level=info t=100406 ev=probe stage=stall set=stack tid=0x00002500 rip=0x7FFD69540EE4 rsp=0xC6763FFAD8 window=2048
client level=info t=100406 ev=probe stage=stall set=stack tid=0x000042E0 rip=0x7FFD69544A14 rsp=0xC676BFF8E8 window=2048
client level=info t=100406 ev=probe stage=stall set=stack tid=0x00000F90 rip=0x7FFD69544A14 rsp=0xC676FFFB48 window=2048
client level=info t=100406 ev=probe stage=stall set=stack tid=0x000009E8 rip=0x7FFD69540E44 rsp=0xC6773FFB08 window=2048
client level=info t=100406 ev=probe stage=stall set=stack tid=0x0000243C rip=0x7FFD69540E44 rsp=0xC6767FFA58 window=2048
client level=info t=100406 ev=probe stage=stall set=stack tid=0x000028C4 rip=0x7FFD69540E44 rsp=0xC6777FFC28 window=2048
client level=info t=100406 ev=probe stage=stall set=stack tid=0x00004158 rip=0x7FFD69540E44 rsp=0xC677BFFA38 window=2048
client level=info t=100406 ev=probe stage=stall set=stack tid=0x00004AD4 rip=0x7FFD69540E44 rsp=0xC677FFFC48 window=2048
client level=info t=100406 ev=probe stage=stall set=stack tid=0x00003E3C rip=0x7FFD69540E44 rsp=0xC6783FFA78 window=2048
client level=info t=100406 ev=probe stage=stall set=stack tid=0x00004724 rip=0x7FFD69540E44 rsp=0xC6787FF668 window=2048
client level=info t=100406 ev=probe stage=stall set=stack tid=0x00000E14 rip=0x7FFD69540E44 rsp=0xC678BFFD48 window=2048
client level=info t=100406 ev=probe stage=stall set=stack tid=0x0000091C rip=0x7FFD69540E44 rsp=0xC678FFFB98 window=2048
client level=info t=100406 ev=probe stage=stall set=stack tid=0x00000A78 rip=0x7FFD69540E44 rsp=0xC6793FF588 window=2048
client level=info t=100406 ev=probe stage=stall set=stack tid=0x000042F0 rip=0x7FFD69540E44 rsp=0xC6797FFB48 window=2048
client level=info t=100406 ev=probe stage=stall set=stack tid=0x0000176C rip=0x7FFD69544A14 rsp=0xC679BFF8C8 window=2048
client level=info t=100406 ev=probe stage=stall set=stack tid=0x00001034 rip=0x7FFD69544A14 rsp=0xC679FFF938 window=1024
client level=info t=100406 ev=probe stage=stall set=stack tid=0x00001968 rip=0x7FFD69541914 rsp=0xC67A7FF518 window=2048
client level=info t=100406 ev=probe stage=stall set=stack tid=0x00003CBC rip=0x7FFD69540E44 rsp=0xC67ABFFC88 window=2048
client level=info t=100406 ev=probe stage=stall set=stack tid=0x0000458C rip=0x7FFD69540E44 rsp=0xC67AFFF888 window=2048
client level=info t=100406 ev=probe stage=stall set=stack tid=0x00000C4C rip=0x7FFD69540E44 rsp=0xC67B3FFAC8 window=2048
client level=info t=100406 ev=probe stage=stall set=stack tid=0x00000D0C rip=0x7FFD69540E44 rsp=0xC67B7FF9B8 window=2048
client level=info t=100406 ev=probe stage=stall set=stack tid=0x00003F84 rip=0x7FFD69540E44 rsp=0xC67BBFFB88 window=2048
client level=info t=100406 ev=probe stage=stall set=stack tid=0x00000C2C rip=0x7FFD69540E44 rsp=0xC67BFFF6E8 window=2048
client level=info t=100406 ev=probe stage=stall set=stack tid=0x00003650 rip=0x7FFD69540E44 rsp=0xC67C3FF958 window=2048
client level=info t=100406 ev=probe stage=stall set=stack tid=0x00003328 rip=0x7FFD69540E44 rsp=0xC67C7FF8E8 window=1024
client level=info t=100406 ev=probe stage=stall set=stack tid=0x00002564 rip=0x7FFD69541444 rsp=0xC67CBFF648 window=2048
client level=info t=100406 ev=probe stage=stall set=frames tid=0x00002564 f0=exe+0x26869D0 f1=exe+0x11C7C5C f2=exe+0x2E5BEC2 f3=exe+0x3537B3 f4=exe+0x2E5BE90 f5=exe+0x2E5BE90 f6=exe+0x353874 f7=exe+0x2E5BE90
client level=info t=100406 ev=probe stage=stall set=frames tid=0x00002564 f8=exe+0x2E5BEB4 f9=exe+0x3537D0 f10=exe+0x2E5BE90
client level=info t=100406 ev=probe stage=stall set=stack tid=0x000038B0 rip=0x7FFD69540E44 rsp=0xC67CFFFA68 window=1024
client level=info t=100406 ev=probe stage=stall set=frames tid=0x000038B0 f0=exe+0x2E79DE3 f1=exe+0x11DB4DB f2=exe+0x2E79DA0 f3=exe+0x3537B3 f4=exe+0x2E79DA0 f5=exe+0x353874 f6=exe+0x2E79DA0 f7=exe+0x2E79DC4
client level=info t=100406 ev=probe stage=stall set=frames tid=0x000038B0 f8=exe+0x3537D0 f9=exe+0x2E79DA0
client level=info t=100406 ev=probe stage=stall set=stack tid=0x00002F08 rip=0x7FFD69544A74 rsp=0xC67D7FF868 window=2048
client level=info t=100406 ev=probe stage=stall set=stack tid=0x00003CD8 rip=0x7FFD69544A74 rsp=0xC67DBFF688 window=2048
client level=info t=100406 ev=probe stage=stall set=stack tid=0x00002088 rip=0x7FFD69540E44 rsp=0xC67DFFFA38 window=2048
client level=info t=100406 ev=probe stage=stall set=stack tid=0x000036A4 rip=0x7FFD69540E44 rsp=0xC67E3FF9F8 window=2048
client level=info t=100406 ev=probe stage=stall set=stack tid=0x000017D8 rip=0x7FFD69540E44 rsp=0xC67E7FF828 window=2048
client level=info t=100406 ev=probe stage=stall set=stack tid=0x000033EC rip=0x7FFD69540E44 rsp=0xC67EBFFCB8 window=2048
client level=info t=100406 ev=probe stage=stall set=stack tid=0x000038E4 rip=0x7FFD69540E44 rsp=0xC67EFFF988 window=2048
client level=info t=100406 ev=probe stage=stall set=stack tid=0x00004178 rip=0x7FFD69540E44 rsp=0xC67F3FF7D8 window=2048
client level=info t=100406 ev=probe stage=stall set=stack tid=0x00002A04 rip=0x7FFD69540E44 rsp=0xC67F7FFDC8 window=2048
client level=info t=100406 ev=probe stage=stall set=stack tid=0x00004160 rip=0x7FFD69540E44 rsp=0xC67FBFFCD8 window=2048
client level=info t=100406 ev=probe stage=stall set=stack tid=0x00004834 rip=0x7FFD69540E44 rsp=0xC67FFFF6B8 window=2048
client level=info t=100406 ev=probe stage=stall set=stack tid=0x00000A34 rip=0x7FFD69540E44 rsp=0xC6003FF6E8 window=2048
client level=info t=100406 ev=probe stage=stall set=frames tid=0x00000A34 f0=exe+0x19F8801
client level=info t=100406 ev=probe stage=stall set=stack tid=0x000020A0 rip=0x7FFD69540E44 rsp=0xC6007FFB38 window=1024
client level=info t=100406 ev=probe stage=stall set=frames tid=0x000020A0 f0=exe+0x1A07446
client level=info t=100406 ev=probe stage=stall set=stack tid=0x00000C38 rip=0x7FFD69541914 rsp=0xC600BFFBB8 window=2048
client level=info t=100406 ev=probe stage=stall set=frames tid=0x00000C38 f0=exe+0x1A40E63 f1=exe+0x1A41E30
client level=info t=100406 ev=probe stage=stall set=stack tid=0x000034C0 rip=0x7FFD69541914 rsp=0xC600FFF238 window=2048
client level=info t=100406 ev=probe stage=stall set=stack tid=0x00004808 rip=0x7FFD69541914 rsp=0xC6017FFB58 window=2048
client level=info t=100406 ev=probe stage=stall set=stack tid=0x000037C0 rip=0x7FFD69541914 rsp=0xC601BFFAD8 window=1024
client level=info t=100406 ev=probe stage=stall set=stack tid=0x00002EC0 rip=0x7FFD69540E44 rsp=0xC601FFF3C8 window=2048
client level=info t=100406 ev=probe stage=stall set=frames tid=0x00002EC0 f0=exe+0x1A914FF f1=own+0x149383 f2=exe+0x39B4FB f3=exe+0x1A8222A
client level=info t=100406 ev=probe stage=stall set=stack tid=0x00001F9C rip=0x7FFD69540E44 rsp=0xC6023FFA78 window=2048
client level=info t=100406 ev=probe stage=stall set=frames tid=0x00001F9C f0=exe+0x0 f1=exe+0x1F15A90 f2=exe+0x0 f3=exe+0x30FE80 f4=exe+0x30FED2 f5=exe+0x30FE80 f6=exe+0x30FE80 f7=exe+0x129869C
client level=info t=100406 ev=probe stage=stall set=stack tid=0x00002054 rip=0x7FFD69541914 rsp=0xC6027FF448 window=2048
client level=info t=100406 ev=probe stage=stall set=stack tid=0x00004088 rip=0x7FFD69541914 rsp=0xC602BFDFB8 window=2048
client level=info t=100406 ev=probe stage=stall set=frames tid=0x00004088 f0=exe+0x3E8155
client level=info t=100406 ev=probe stage=stall set=stack tid=0x00004B60 rip=0x7FFD69541444 rsp=0xC6033FFA78 window=2048
client level=info t=100406 ev=probe stage=stall set=frames tid=0x00004B60 f0=own+0x695A60 f1=own+0x679AE8 f2=own+0x679AC8 f3=own+0x679AC8 f4=own+0x679AE8 f5=own+0x1DA83B f6=own+0x679AC8 f7=own+0x679AE8
client level=info t=100406 ev=probe stage=stall set=stack tid=0x000015F4 rip=0x7FFD69540EE4 rsp=0xC6037FF778 window=2048
client level=info t=100406 ev=probe stage=stall set=stack tid=0x00003E4C rip=0x7FFD69541444 rsp=0xC603BFFC58 window=512
client level=info t=100406 ev=probe stage=stall set=frames tid=0x00003E4C f0=exe+0x173A58B f1=exe+0x31DA5A0 f2=exe+0x3537B3 f3=exe+0x31DA5A0 f4=exe+0x353874 f5=exe+0x31DA5A0 f6=exe+0x31DA5C4 f7=exe+0x3537D0
client level=info t=100406 ev=probe stage=stall set=frames tid=0x00003E4C f8=exe+0x31DA5A0
client level=info t=100406 ev=probe stage=stall set=stack tid=0x000032E0 rip=0x7FFD69544A14 rsp=0xC6043FFAC8 window=2048
client level=info t=100406 ev=probe stage=stall set=stack tid=0x00001CF8 rip=0x7FFD69541914 rsp=0xC6047FF3C8 window=2048
client level=info t=100406 ev=probe stage=stall set=stack tid=0x00001F40 rip=0x7FFD69544A14 rsp=0xC604BFEFA8 window=2048
client level=info t=100406 ev=probe stage=stall set=frames tid=0x00001F40 f0=exe+0x7C97F8 f1=exe+0x294B57 f2=exe+0x0 f3=exe+0x91790 f4=exe+0x0 f5=exe+0x91790
client level=info t=100406 ev=probe stage=stall set=stack tid=0x00000854 rip=0x7FFD69544A14 rsp=0xC604FFEE78 window=2048
client level=info t=100406 ev=probe stage=stall set=frames tid=0x00000854 f0=exe+0x7C97F8 f1=exe+0x294B57 f2=exe+0x0 f3=exe+0x91790 f4=exe+0x0 f5=exe+0x91790
client level=info t=100406 ev=probe stage=stall set=stack tid=0x00002D58 rip=0x7FFD69544A14 rsp=0xC6053FF1A8 window=2048
client level=info t=100406 ev=probe stage=stall set=frames tid=0x00002D58 f0=exe+0x7C97F8 f1=exe+0x294B57 f2=exe+0x0 f3=exe+0x91790 f4=exe+0x0 f5=exe+0x91790
client level=info t=100406 ev=probe stage=stall set=stack tid=0x00003FC0 rip=0x7FFD69541914 rsp=0xC6057FEFA8 window=2048
client level=info t=100406 ev=probe stage=stall set=stack tid=0x00003020 rip=0x7FFD69544A14 rsp=0xC605BFFBF8 window=2048
client level=info t=100406 ev=probe stage=stall set=stack tid=0x00002CA8 rip=0x7FFD69544A14 rsp=0xC605FFF888 window=2048
client level=info t=100406 ev=probe stage=stall set=stack tid=0x000034A8 rip=0x7FFD69544A14 rsp=0xC6063FFC68 window=2048
client level=info t=100406 ev=probe stage=stall set=stack tid=0x000022B8 rip=0x7FFD69544A14 rsp=0xC6067FF9D8 window=2048
client level=info t=100406 ev=probe stage=stall set=stack tid=0x00002A6C rip=0x7FFD69541914 rsp=0xC606BFF678 window=2048
client level=info t=100406 ev=probe stage=stall set=stack tid=0x00000D30 rip=0x7FFD69541914 rsp=0xC606FFF318 window=2048
client level=info t=100406 ev=probe stage=stall set=stack tid=0x00002D28 rip=0x7FFD69544A14 rsp=0xC6073FFBE8 window=2048
client level=info t=100406 ev=probe stage=stall set=stack tid=0x00000DF8 rip=0x7FFD69541914 rsp=0xC6077FF1E8 window=2048
client level=info t=100406 ev=probe stage=stall set=stack tid=0x00003520 rip=0x7FFD69544A14 rsp=0xC607BFFC18 window=2048
client level=info t=100406 ev=probe stage=stall set=stack tid=0x00003C20 rip=0x7FFD69541914 rsp=0xC607FFF738 window=2048
client level=info t=100406 ev=probe stage=stall set=stack tid=0x00002BA4 rip=0x7FFD69544A14 rsp=0xC6083FF808 window=2048
client level=info t=100406 ev=probe stage=stall set=stack tid=0x00002040 rip=0x7FFD69541914 rsp=0xC6087FF298 window=2048
client level=info t=100406 ev=probe stage=stall set=stack tid=0x00000FE0 rip=0x7FFD69544A14 rsp=0xC608BFF7A8 window=2048
client level=info t=100406 ev=probe stage=stall set=stack tid=0x00003E90 rip=0x7FFD69544A14 rsp=0xC608FFFC68 window=512
client level=info t=100406 ev=probe stage=stall set=stack tid=0x00001DCC rip=0x7FFD69541914 rsp=0xC6013FF918 window=2048
client level=info t=100406 ev=probe stage=stall set=stack tid=0x00001A10 rip=0x7FFD69541914 rsp=0xC603FFF9A8 window=2048
client level=info t=114797 ev=retail site=81 text=application_state: Suspend state changed from [active] to [partial]
client level=warn t=115406 ev=probe stage=stall result=detected idle=36203 count=10709
client level=info t=115422 ev=retail site=81 text=application_state: Suspend state changed from [partial] to [active]
client level=info t=115453 ev=probe stage=stall set=stack tid=0x000034CC rip=0x7FFD69540E44 rsp=0xC6706FF448 window=2048
client level=info t=115453 ev=probe stage=stall set=frames tid=0x000034CC f0=exe+0xB54BE2 f1=exe+0x302465 f2=exe+0xB58F1F f3=exe+0x1C151D8 f4=exe+0x0 f5=exe+0xB5268C f6=exe+0x80DA9B1 f7=exe+0x48564BA
client level=info t=115453 ev=probe stage=stall set=frames tid=0x000034CC f8=exe+0x93FC7 f9=exe+0x0 f10=exe+0x1C151C8
client level=info t=115453 ev=probe stage=stall set=stack tid=0x00001AE0 rip=0x7FFD69544A74 rsp=0xC670BFF838 window=2048
client level=info t=115453 ev=probe stage=stall set=stack tid=0x00003448 rip=0x7FFD69544A74 rsp=0xC670FFF568 window=2048
client level=info t=115453 ev=probe stage=stall set=stack tid=0x00003D98 rip=0x7FFD69544A74 rsp=0xC6713FF648 window=2048
client level=info t=115453 ev=probe stage=stall set=stack tid=0x00001AC0 rip=0x7FFD69544A74 rsp=0xC6717FF728 window=2048
client level=info t=115453 ev=probe stage=stall set=stack tid=0x0000423C rip=0x7FFD69541444 rsp=0xC671FFF6E8 window=2048
client level=info t=115453 ev=probe stage=stall set=frames tid=0x0000423C f0=exe+0x3B1A77 f1=exe+0x3AFF70 f2=exe+0x4F5C89E f3=exe+0x69533FF f4=exe+0x6DD9A7A f5=exe+0x47DA9CB f6=exe+0x0 f7=exe+0x3FB1A5A
client level=info t=115453 ev=probe stage=stall set=frames tid=0x0000423C f8=exe+0x69533FF f9=exe+0x3AFF70
client level=info t=115453 ev=probe stage=stall set=stack tid=0x00001B30 rip=0x7FFD69544A74 rsp=0xC6723FF818 window=2048
client level=info t=115453 ev=probe stage=stall set=stack tid=0x00003EEC rip=0x7FFD69544A74 rsp=0xC6727FFAD8 window=1024
client level=info t=115453 ev=probe stage=stall set=stack tid=0x00002560 rip=0x7FFD69540E44 rsp=0xC672BFFAF8 window=1024
client level=info t=115453 ev=probe stage=stall set=frames tid=0x00002560 f0=exe+0x1280280 f1=exe+0x0 f2=exe+0x242CD10 f3=exe+0x1280201 f4=exe+0x3023E5 f5=exe+0x348061 f6=exe+0x7CB8EAA f7=exe+0x7039128
client level=info t=115453 ev=probe stage=stall set=frames tid=0x00002560 f8=exe+0x128029D f9=exe+0x0 f10=exe+0x1280280 f11=exe+0x129869C
client level=info t=115453 ev=probe stage=stall set=stack tid=0x00003248 rip=0x7FFD69541444 rsp=0xC672FF19F8 window=2048
client level=info t=115453 ev=probe stage=stall set=frames tid=0x00003248 f0=exe+0x1299FD0 f1=exe+0x1299FD0 f2=exe+0x0 f3=exe+0x1299FD0 f4=exe+0x128038A f5=exe+0x0 f6=exe+0x31B159 f7=exe+0x1BE04D0
client level=info t=115453 ev=probe stage=stall set=frames tid=0x00003248 f8=own+0x11C069 f9=exe+0x1BE04D0 f10=own+0x11C719 f11=exe+0x1C81108 f12=exe+0x2FCDAF f13=exe+0x1C81108 f14=exe+0x32CDD9 f15=exe+0x12989AE
client level=info t=115453 ev=probe stage=stall set=stack tid=0x000034EC rip=0x7FFD69540E44 rsp=0xC6733FF748 window=2048
client level=info t=115453 ev=probe stage=stall set=frames tid=0x000034EC f0=exe+0x2E59D30 f1=exe+0x302465 f2=exe+0x31D073 f3=exe+0x31D0BA f4=exe+0x318894 f5=exe+0x20D6E38 f6=exe+0x31B241 f7=exe+0x3537B3
client level=info t=115453 ev=probe stage=stall set=frames tid=0x000034EC f8=exe+0x20D6E38 f9=exe+0x20D6E38 f10=exe+0x353874 f11=exe+0x20D6E38 f12=exe+0x20D6E5C f13=exe+0x3537D0 f14=exe+0x20D6E38
client level=info t=115453 ev=probe stage=stall set=stack tid=0x000029A4 rip=0x7FFD69541444 rsp=0xC6737FDD78 window=2048
client level=info t=115453 ev=probe stage=stall set=frames tid=0x000029A4 f0=exe+0x20D7A80 f1=exe+0x20D7A80 f2=exe+0x3550FB f3=exe+0x20D7A38 f4=exe+0x1DC60C8 f5=exe+0x1DC60D4 f6=exe+0x1B87974 f7=exe+0x1DC60C8
client level=info t=115453 ev=probe stage=stall set=frames tid=0x000029A4 f8=exe+0x3537B3 f9=exe+0x35ECC44 f10=exe+0x3537B3 f11=exe+0x35ECC44 f12=exe+0x35ECC44 f13=exe+0x3537B3 f14=exe+0x35ECC44 f15=exe+0x2E5CB10
client level=info t=115453 ev=probe stage=stall set=stack tid=0x000019D4 rip=0x7FFD69540E44 rsp=0xC673BFFBA8 window=1024
client level=info t=115453 ev=probe stage=stall set=frames tid=0x000019D4 f0=exe+0x302465 f1=exe+0x31D073 f2=exe+0x31D0BA f3=exe+0x318894 f4=exe+0x20D8638 f5=exe+0x31B241 f6=exe+0x3537B3 f7=exe+0x20D8638
client level=info t=115453 ev=probe stage=stall set=frames tid=0x000019D4 f8=exe+0x20D8638 f9=exe+0x353874 f10=exe+0x20D8638 f11=exe+0x20D865C f12=exe+0x3537D0 f13=exe+0x20D8638
client level=info t=115453 ev=probe stage=stall set=stack tid=0x000020D4 rip=0x7FFD69540E44 rsp=0xC673FFF7B8 window=2048
client level=info t=115453 ev=probe stage=stall set=frames tid=0x000020D4 f0=exe+0x302465 f1=exe+0x31D073 f2=exe+0x2E7ABC0 f3=exe+0x31D0BA f4=exe+0x318894 f5=exe+0x20D9238 f6=exe+0x31B241 f7=exe+0x3537B3
client level=info t=115453 ev=probe stage=stall set=frames tid=0x000020D4 f8=exe+0x20D9238 f9=exe+0x20D9238 f10=exe+0x353874 f11=exe+0x20D9238 f12=exe+0x20D925C f13=exe+0x3537D0 f14=exe+0x20D9238
client level=info t=115453 ev=probe stage=stall set=stack tid=0x00003480 rip=0x7FFD69541444 rsp=0xC6743FD6F8 window=2048
client level=info t=115453 ev=probe stage=stall set=frames tid=0x00003480 f0=exe+0x20D9E80 f1=exe+0x20D9E80 f2=exe+0x3550FB f3=exe+0x20D9E38 f4=exe+0x1DC60C8 f5=exe+0x1DC60D4 f6=exe+0x1B87974 f7=exe+0x1DC60C8
client level=info t=115453 ev=probe stage=stall set=frames tid=0x00003480 f8=exe+0x3537B3 f9=exe+0x35ECC44 f10=exe+0x3537B3 f11=exe+0x35ECC44 f12=exe+0x35ECC44 f13=exe+0x3537B3 f14=exe+0x35ECC44 f15=exe+0x353874
client level=info t=115453 ev=probe stage=stall set=stack tid=0x000026B0 rip=0x7FFD69540E44 rsp=0xC6747FF6E8 window=2048
client level=info t=115453 ev=probe stage=stall set=frames tid=0x000026B0 f0=exe+0x2E5B380 f1=exe+0x302465 f2=exe+0x31D073 f3=exe+0x31D0BA f4=exe+0x318894 f5=exe+0x20DAA38 f6=exe+0x31B241 f7=exe+0x3537B3
client level=info t=115453 ev=probe stage=stall set=frames tid=0x000026B0 f8=exe+0x20DAA38 f9=exe+0x20DAA38 f10=exe+0x353874 f11=exe+0x20DAA38 f12=exe+0x20DAA5C f13=exe+0x3537D0 f14=exe+0x20DAA38
client level=info t=115453 ev=probe stage=stall set=stack tid=0x00002E34 rip=0x7FFD69540E44 rsp=0xC674BFF648 window=2048
client level=info t=115453 ev=probe stage=stall set=frames tid=0x00002E34 f0=exe+0x302465 f1=exe+0x31D073 f2=exe+0x31D0BA f3=exe+0x318894 f4=exe+0x20EEE48 f5=exe+0x31B241 f6=exe+0x3537B3 f7=exe+0x20EEE48
client level=info t=115453 ev=probe stage=stall set=frames tid=0x00002E34 f8=exe+0x20EEE48 f9=exe+0x353874 f10=exe+0x20EEE48 f11=exe+0x20EEE6C f12=exe+0x3537D0 f13=exe+0x20EEE48
client level=info t=115453 ev=probe stage=stall set=stack tid=0x00004A10 rip=0x7FFD69540E44 rsp=0xC674FFF8E8 window=2048
client level=info t=115453 ev=probe stage=stall set=frames tid=0x00004A10 f0=exe+0x302465 f1=exe+0x31D073 f2=exe+0x31D0BA f3=exe+0x318894 f4=exe+0x20EFA48 f5=exe+0x31B241 f6=exe+0x3537B3 f7=exe+0x20EFA48
client level=info t=115453 ev=probe stage=stall set=frames tid=0x00004A10 f8=exe+0x20EFA48 f9=exe+0x353874 f10=exe+0x20EFA48 f11=exe+0x20EFA6C f12=exe+0x3537D0 f13=exe+0x20EFA48
client level=info t=115453 ev=probe stage=stall set=stack tid=0x00003F24 rip=0x7FFD69541444 rsp=0xC6753FF428 window=2048
client level=info t=115453 ev=probe stage=stall set=frames tid=0x00003F24 f0=exe+0x1AEBDFF
client level=info t=115453 ev=probe stage=stall set=stack tid=0x00004388 rip=0x7FFD69540E44 rsp=0xC6757FF958 window=2048
client level=info t=115453 ev=probe stage=stall set=frames tid=0x00004388 f0=exe+0x1AE9B80
client level=info t=115453 ev=probe stage=stall set=stack tid=0x000043CC rip=0x7FFD66761344 rsp=0xC675BFFC48 window=2048
client level=info t=115453 ev=probe stage=stall set=frames tid=0x000043CC f0=exe+0x2686901 f1=exe+0x2686901 f2=exe+0x3C5F69 f3=exe+0x26869E0 f4=exe+0x26869E0 f5=exe+0x3BD893 f6=exe+0x26869E0 f7=exe+0x3BDA99
client level=info t=115453 ev=probe stage=stall set=frames tid=0x000043CC f8=exe+0x26869E0 f9=exe+0x3537B3 f10=exe+0x26869E0 f11=exe+0x353874 f12=exe+0x26869E0 f13=exe+0x2686A04 f14=exe+0x3537D0 f15=exe+0x26869E0
client level=info t=115453 ev=probe stage=stall set=stack tid=0x00001E3C rip=0x7FFD66761344 rsp=0xC675FFF908 window=2048
client level=info t=115453 ev=probe stage=stall set=frames tid=0x00001E3C f0=exe+0x3BDA55 f1=exe+0x26869E0 f2=exe+0x26875E0 f3=exe+0x3537B3 f4=exe+0x26875E0 f5=exe+0x353874 f6=exe+0x26875E0 f7=exe+0x2687604
client level=info t=115453 ev=probe stage=stall set=frames tid=0x00001E3C f8=exe+0x3537D0 f9=exe+0x26875E0
client level=info t=115453 ev=probe stage=stall set=stack tid=0x00002500 rip=0x7FFD69540EE4 rsp=0xC6763FFAD8 window=2048
client level=info t=115453 ev=probe stage=stall set=stack tid=0x000042E0 rip=0x7FFD69544A14 rsp=0xC676BFF8E8 window=2048
client level=info t=115453 ev=probe stage=stall set=stack tid=0x00000F90 rip=0x7FFD69544A14 rsp=0xC676FFFB48 window=2048
client level=info t=115453 ev=probe stage=stall set=stack tid=0x000009E8 rip=0x7FFD69540E44 rsp=0xC6773FFB08 window=2048
client level=info t=115453 ev=probe stage=stall set=stack tid=0x0000243C rip=0x7FFD69540E44 rsp=0xC6767FFA58 window=2048
client level=info t=115453 ev=probe stage=stall set=stack tid=0x000028C4 rip=0x7FFD69540E44 rsp=0xC6777FFC28 window=2048
client level=info t=115453 ev=probe stage=stall set=stack tid=0x00004158 rip=0x7FFD69540E44 rsp=0xC677BFFA38 window=2048
client level=info t=115453 ev=probe stage=stall set=stack tid=0x00004AD4 rip=0x7FFD69540E44 rsp=0xC677FFFC48 window=2048
client level=info t=115453 ev=probe stage=stall set=stack tid=0x00003E3C rip=0x7FFD69540E44 rsp=0xC6783FFA78 window=2048
client level=info t=115453 ev=probe stage=stall set=stack tid=0x00004724 rip=0x7FFD69540E44 rsp=0xC6787FF668 window=2048
client level=info t=115453 ev=probe stage=stall set=stack tid=0x00000E14 rip=0x7FFD69540E44 rsp=0xC678BFFD48 window=2048
client level=info t=115453 ev=probe stage=stall set=stack tid=0x0000091C rip=0x7FFD69540E44 rsp=0xC678FFFB98 window=2048
client level=info t=115453 ev=probe stage=stall set=stack tid=0x00000A78 rip=0x7FFD69540E44 rsp=0xC6793FF588 window=2048
client level=info t=115453 ev=probe stage=stall set=stack tid=0x000042F0 rip=0x7FFD69540E44 rsp=0xC6797FFB48 window=2048
client level=info t=115453 ev=probe stage=stall set=stack tid=0x0000176C rip=0x7FFD69544A14 rsp=0xC679BFF8C8 window=2048
client level=info t=115453 ev=probe stage=stall set=stack tid=0x00001034 rip=0x7FFD69544A14 rsp=0xC679FFF938 window=1024
client level=info t=115453 ev=probe stage=stall set=stack tid=0x00001968 rip=0x7FFD69541914 rsp=0xC67A7FF518 window=2048
client level=info t=115453 ev=probe stage=stall set=stack tid=0x00003CBC rip=0x7FFD69540E44 rsp=0xC67ABFFC88 window=2048
client level=info t=115453 ev=probe stage=stall set=stack tid=0x0000458C rip=0x7FFD69540E44 rsp=0xC67AFFF888 window=2048
client level=info t=115453 ev=probe stage=stall set=stack tid=0x00000C4C rip=0x7FFD69540E44 rsp=0xC67B3FFAC8 window=2048
client level=info t=115453 ev=probe stage=stall set=stack tid=0x00000D0C rip=0x7FFD69540E44 rsp=0xC67B7FF9B8 window=2048
client level=info t=115453 ev=probe stage=stall set=stack tid=0x00003F84 rip=0x7FFD69540E44 rsp=0xC67BBFFB88 window=2048
client level=info t=115453 ev=probe stage=stall set=stack tid=0x00000C2C rip=0x7FFD69540E44 rsp=0xC67BFFF6E8 window=2048
client level=info t=115453 ev=probe stage=stall set=stack tid=0x00003650 rip=0x7FFD69540E44 rsp=0xC67C3FF958 window=2048
client level=info t=115453 ev=probe stage=stall set=stack tid=0x00003328 rip=0x7FFD69540E44 rsp=0xC67C7FF8E8 window=1024
client level=info t=115453 ev=probe stage=stall set=stack tid=0x00002564 rip=0x7FFD69541444 rsp=0xC67CBFF648 window=2048
client level=info t=115453 ev=probe stage=stall set=frames tid=0x00002564 f0=exe+0x26869D0 f1=exe+0x11C7C5C f2=exe+0x2E5BEC2 f3=exe+0x3537B3 f4=exe+0x2E5BE90 f5=exe+0x2E5BE90 f6=exe+0x353874 f7=exe+0x2E5BE90
client level=info t=115453 ev=probe stage=stall set=frames tid=0x00002564 f8=exe+0x2E5BEB4 f9=exe+0x3537D0 f10=exe+0x2E5BE90
client level=info t=115453 ev=probe stage=stall set=stack tid=0x000038B0 rip=0x7FFD69540E44 rsp=0xC67CFFFA68 window=1024
client level=info t=115453 ev=probe stage=stall set=frames tid=0x000038B0 f0=exe+0x2E79DE3 f1=exe+0x11DB4DB f2=exe+0x2E79DA0 f3=exe+0x3537B3 f4=exe+0x2E79DA0 f5=exe+0x353874 f6=exe+0x2E79DA0 f7=exe+0x2E79DC4
client level=info t=115453 ev=probe stage=stall set=frames tid=0x000038B0 f8=exe+0x3537D0 f9=exe+0x2E79DA0
client level=info t=115453 ev=probe stage=stall set=stack tid=0x00002F08 rip=0x7FFD69544A74 rsp=0xC67D7FF868 window=2048
client level=info t=115453 ev=probe stage=stall set=stack tid=0x00003CD8 rip=0x7FFD69544A74 rsp=0xC67DBFF688 window=2048
client level=info t=115453 ev=probe stage=stall set=stack tid=0x00002088 rip=0x7FFD69540E44 rsp=0xC67DFFFA38 window=2048
client level=info t=115453 ev=probe stage=stall set=stack tid=0x000036A4 rip=0x7FFD69540E44 rsp=0xC67E3FF9F8 window=2048
client level=info t=115453 ev=probe stage=stall set=stack tid=0x000017D8 rip=0x7FFD69540E44 rsp=0xC67E7FF828 window=2048
client level=info t=115453 ev=probe stage=stall set=stack tid=0x000033EC rip=0x7FFD69540E44 rsp=0xC67EBFFCB8 window=2048
client level=info t=115453 ev=probe stage=stall set=stack tid=0x000038E4 rip=0x7FFD69540E44 rsp=0xC67EFFF988 window=2048
client level=info t=115453 ev=probe stage=stall set=stack tid=0x00004178 rip=0x7FFD69540E44 rsp=0xC67F3FF7D8 window=2048
client level=info t=115453 ev=probe stage=stall set=stack tid=0x00002A04 rip=0x7FFD69540E44 rsp=0xC67F7FFDC8 window=2048
client level=info t=115453 ev=probe stage=stall set=stack tid=0x00004160 rip=0x7FFD69540E44 rsp=0xC67FBFFCD8 window=2048
client level=info t=115453 ev=probe stage=stall set=stack tid=0x00004834 rip=0x7FFD69540E44 rsp=0xC67FFFF6B8 window=2048
client level=info t=115453 ev=probe stage=stall set=stack tid=0x00000A34 rip=0x7FFD69540E44 rsp=0xC6003FF6E8 window=2048
client level=info t=115453 ev=probe stage=stall set=frames tid=0x00000A34 f0=exe+0x19F8801
client level=info t=115453 ev=probe stage=stall set=stack tid=0x000020A0 rip=0x7FFD69540E44 rsp=0xC6007FFB38 window=1024
client level=info t=115453 ev=probe stage=stall set=frames tid=0x000020A0 f0=exe+0x1A07446
client level=info t=115453 ev=probe stage=stall set=stack tid=0x00000C38 rip=0x7FFD69541914 rsp=0xC600BFFBB8 window=2048
client level=info t=115453 ev=probe stage=stall set=frames tid=0x00000C38 f0=exe+0x1A40E63 f1=exe+0x1A41E30
client level=info t=115453 ev=probe stage=stall set=stack tid=0x000034C0 rip=0x7FFD69541914 rsp=0xC600FFF238 window=2048
client level=info t=115453 ev=probe stage=stall set=stack tid=0x00004808 rip=0x7FFD69541914 rsp=0xC6017FFB58 window=2048
client level=info t=115453 ev=probe stage=stall set=stack tid=0x000037C0 rip=0x7FFD69541914 rsp=0xC601BFFAD8 window=1024
client level=info t=115453 ev=probe stage=stall set=stack tid=0x00002EC0 rip=0x7FFD69540E44 rsp=0xC601FFF3C8 window=2048
client level=info t=115453 ev=probe stage=stall set=frames tid=0x00002EC0 f0=exe+0x1A914FF f1=own+0x149383 f2=exe+0x39B4FB f3=exe+0x1A8222A
client level=info t=115453 ev=probe stage=stall set=stack tid=0x00001F9C rip=0x7FFD69540E44 rsp=0xC6023FFA78 window=2048
client level=info t=115453 ev=probe stage=stall set=frames tid=0x00001F9C f0=exe+0x0 f1=exe+0x1F15A90 f2=exe+0x0 f3=exe+0x30FE80 f4=exe+0x30FED2 f5=exe+0x30FE80 f6=exe+0x30FE80 f7=exe+0x129869C
client level=info t=115453 ev=probe stage=stall set=stack tid=0x00002054 rip=0x7FFD69541914 rsp=0xC6027FF448 window=2048
client level=info t=115453 ev=probe stage=stall set=stack tid=0x00004088 rip=0x7FFD69541914 rsp=0xC602BFDFB8 window=2048
client level=info t=115453 ev=probe stage=stall set=frames tid=0x00004088 f0=exe+0x3E8155
client level=info t=115453 ev=probe stage=stall set=stack tid=0x00004B60 rip=0x7FFD69541444 rsp=0xC6033FFA78 window=2048
client level=info t=115453 ev=probe stage=stall set=frames tid=0x00004B60 f0=own+0x695A60 f1=own+0x679AE8 f2=own+0x679AC8 f3=own+0x679AC8 f4=own+0x679AE8 f5=own+0x1DA83B f6=own+0x679AC8 f7=own+0x679AE8
client level=info t=115453 ev=probe stage=stall set=stack tid=0x000015F4 rip=0x7FFD69540EE4 rsp=0xC6037FF778 window=2048
client level=info t=115453 ev=probe stage=stall set=stack tid=0x00003E4C rip=0x7FFD69541444 rsp=0xC603BFFC58 window=512
client level=info t=115453 ev=probe stage=stall set=frames tid=0x00003E4C f0=exe+0x31DA0A0 f1=exe+0x173A58B f2=exe+0x31DA5A0 f3=exe+0x3537B3 f4=exe+0x31DA5A0 f5=exe+0x353874 f6=exe+0x31DA5A0 f7=exe+0x31DA5C4
client level=info t=115453 ev=probe stage=stall set=frames tid=0x00003E4C f8=exe+0x3537D0 f9=exe+0x31DA5A0
client level=info t=115453 ev=probe stage=stall set=stack tid=0x000032E0 rip=0x7FFD69544A14 rsp=0xC6043FFAC8 window=2048
client level=info t=115453 ev=probe stage=stall set=stack tid=0x00001CF8 rip=0x7FFD69541914 rsp=0xC6047FF3C8 window=2048
client level=info t=115453 ev=probe stage=stall set=stack tid=0x00001F40 rip=0x7FFD69544A14 rsp=0xC604BFEFA8 window=2048
client level=info t=115453 ev=probe stage=stall set=frames tid=0x00001F40 f0=exe+0x7C97F8 f1=exe+0x294B57 f2=exe+0x0 f3=exe+0x91790 f4=exe+0x0 f5=exe+0x91790
client level=info t=115453 ev=probe stage=stall set=stack tid=0x00000854 rip=0x7FFD69544A14 rsp=0xC604FFEE78 window=2048
client level=info t=115453 ev=probe stage=stall set=frames tid=0x00000854 f0=exe+0x7C97F8 f1=exe+0x294B57 f2=exe+0x0 f3=exe+0x91790 f4=exe+0x0 f5=exe+0x91790
client level=info t=115453 ev=probe stage=stall set=stack tid=0x00002D58 rip=0x7FFD69544A14 rsp=0xC6053FF1A8 window=2048
client level=info t=115453 ev=probe stage=stall set=frames tid=0x00002D58 f0=exe+0x7C97F8 f1=exe+0x294B57 f2=exe+0x0 f3=exe+0x91790 f4=exe+0x0 f5=exe+0x91790
client level=info t=115453 ev=probe stage=stall set=stack tid=0x00003FC0 rip=0x7FFD69541914 rsp=0xC6057FEFA8 window=2048
client level=info t=115453 ev=probe stage=stall set=stack tid=0x00003020 rip=0x7FFD69544A14 rsp=0xC605BFFBF8 window=2048
client level=info t=115453 ev=probe stage=stall set=stack tid=0x00002CA8 rip=0x7FFD69544A14 rsp=0xC605FFF888 window=2048
client level=info t=115453 ev=probe stage=stall set=stack tid=0x000034A8 rip=0x7FFD69544A14 rsp=0xC6063FFC68 window=2048
client level=info t=115453 ev=probe stage=stall set=stack tid=0x000022B8 rip=0x7FFD69544A14 rsp=0xC6067FF9D8 window=2048
client level=info t=115453 ev=probe stage=stall set=stack tid=0x00002A6C rip=0x7FFD69541914 rsp=0xC606BFF678 window=2048
client level=info t=115453 ev=probe stage=stall set=stack tid=0x00000D30 rip=0x7FFD69541914 rsp=0xC606FFF318 window=2048
client level=info t=115453 ev=probe stage=stall set=stack tid=0x00002D28 rip=0x7FFD69544A14 rsp=0xC6073FFBE8 window=2048
client level=info t=115453 ev=probe stage=stall set=stack tid=0x00000DF8 rip=0x7FFD69541914 rsp=0xC6077FF1E8 window=2048
client level=info t=115453 ev=probe stage=stall set=stack tid=0x00003520 rip=0x7FFD69544A14 rsp=0xC607BFFC18 window=2048
client level=info t=115453 ev=probe stage=stall set=stack tid=0x00003C20 rip=0x7FFD69541914 rsp=0xC607FFF738 window=2048
client level=info t=115453 ev=probe stage=stall set=stack tid=0x00002BA4 rip=0x7FFD69544A14 rsp=0xC6083FF808 window=2048
client level=info t=115453 ev=probe stage=stall set=stack tid=0x00002040 rip=0x7FFD69541914 rsp=0xC6087FF298 window=2048
client level=info t=115453 ev=probe stage=stall set=stack tid=0x00000FE0 rip=0x7FFD69544A14 rsp=0xC608BFF7A8 window=2048
client level=info t=115453 ev=probe stage=stall set=stack tid=0x00003E90 rip=0x7FFD69544A14 rsp=0xC608FFFC68 window=512
client level=info t=115453 ev=probe stage=stall set=stack tid=0x00001DCC rip=0x7FFD69541914 rsp=0xC6013FF918 window=2048
client level=info t=115453 ev=probe stage=stall set=stack tid=0x00001A10 rip=0x7FFD69541914 rsp=0xC603FFF9A8 window=2048
client level=info t=117812 ev=retail site=81 text=application_state: Suspend state changed from [active] to [partial]
client level=info t=118187 ev=retail site=81 text=application_state: Suspend state changed from [partial] to [active]
client level=warn t=130453 ev=probe stage=stall result=detected idle=51250 count=10709
client level=info t=130484 ev=probe stage=stall set=stack tid=0x000034CC rip=0x7FFD69540E44 rsp=0xC6706FF448 window=2048
client level=info t=130484 ev=probe stage=stall set=frames tid=0x000034CC f0=exe+0xB54BE2 f1=exe+0x302465 f2=exe+0xB58F1F f3=exe+0x1C151D8 f4=exe+0x0 f5=exe+0xB5268C f6=exe+0x80DA9B1 f7=exe+0x48564BA
client level=info t=130484 ev=probe stage=stall set=frames tid=0x000034CC f8=exe+0x93FC7 f9=exe+0x0 f10=exe+0x1C151C8
client level=info t=130484 ev=probe stage=stall set=stack tid=0x00001AE0 rip=0x7FFD69544A74 rsp=0xC670BFF838 window=2048
client level=info t=130484 ev=probe stage=stall set=stack tid=0x00003448 rip=0x7FFD69544A74 rsp=0xC670FFF568 window=2048
client level=info t=130484 ev=probe stage=stall set=stack tid=0x00003D98 rip=0x7FFD69544A74 rsp=0xC6713FF648 window=2048
client level=info t=130484 ev=probe stage=stall set=stack tid=0x00001AC0 rip=0x7FFD69544A74 rsp=0xC6717FF728 window=2048
client level=info t=130484 ev=probe stage=stall set=stack tid=0x0000423C rip=0x7FFD69541444 rsp=0xC671FFF6E8 window=2048
client level=info t=130484 ev=probe stage=stall set=frames tid=0x0000423C f0=exe+0x3B1A77 f1=exe+0x3AFF70 f2=exe+0x4F5C89E f3=exe+0x69533FF f4=exe+0x6DD9A7A f5=exe+0x47DA9CB f6=exe+0x0 f7=exe+0x3FB1A5A
client level=info t=130484 ev=probe stage=stall set=frames tid=0x0000423C f8=exe+0x69533FF f9=exe+0x3AFF70
client level=info t=130484 ev=probe stage=stall set=stack tid=0x00001B30 rip=0x7FFD69544A74 rsp=0xC6723FF818 window=2048
client level=info t=130484 ev=probe stage=stall set=stack tid=0x00003EEC rip=0x7FFD69544A74 rsp=0xC6727FFAD8 window=1024
client level=info t=130484 ev=probe stage=stall set=stack tid=0x00002560 rip=0x7FFD69540E44 rsp=0xC672BFFAF8 window=1024
client level=info t=130484 ev=probe stage=stall set=frames tid=0x00002560 f0=exe+0x1280280 f1=exe+0x0 f2=exe+0x242CD10 f3=exe+0x1280201 f4=exe+0x3023E5 f5=exe+0x348061 f6=exe+0x7CB8EAA f7=exe+0x7039128
client level=info t=130484 ev=probe stage=stall set=frames tid=0x00002560 f8=exe+0x128029D f9=exe+0x0 f10=exe+0x1280280 f11=exe+0x129869C
client level=info t=130484 ev=probe stage=stall set=stack tid=0x00003248 rip=0x7FFD69541444 rsp=0xC672FF19F8 window=2048
client level=info t=130484 ev=probe stage=stall set=frames tid=0x00003248 f0=exe+0x1299FD0 f1=exe+0x1299FD0 f2=exe+0x0 f3=exe+0x1299FD0 f4=exe+0x128038A f5=exe+0x0 f6=exe+0x31B159 f7=exe+0x1BE04D0
client level=info t=130484 ev=probe stage=stall set=frames tid=0x00003248 f8=own+0x11C069 f9=exe+0x1BE04D0 f10=own+0x11C719 f11=exe+0x1C81108 f12=exe+0x2FCDAF f13=exe+0x1C81108 f14=exe+0x32CDD9 f15=exe+0x12989AE
client level=info t=130484 ev=probe stage=stall set=stack tid=0x000034EC rip=0x7FFD69540E44 rsp=0xC6733FF748 window=2048
client level=info t=130484 ev=probe stage=stall set=frames tid=0x000034EC f0=exe+0x2E59D30 f1=exe+0x302465 f2=exe+0x31D073 f3=exe+0x31D0BA f4=exe+0x318894 f5=exe+0x20D6E38 f6=exe+0x31B241 f7=exe+0x3537B3
client level=info t=130484 ev=probe stage=stall set=frames tid=0x000034EC f8=exe+0x20D6E38 f9=exe+0x20D6E38 f10=exe+0x353874 f11=exe+0x20D6E38 f12=exe+0x20D6E5C f13=exe+0x3537D0 f14=exe+0x20D6E38
client level=info t=130484 ev=probe stage=stall set=stack tid=0x000029A4 rip=0x7FFD69541444 rsp=0xC6737FDD78 window=2048
client level=info t=130484 ev=probe stage=stall set=frames tid=0x000029A4 f0=exe+0x20D7A80 f1=exe+0x20D7A80 f2=exe+0x3550FB f3=exe+0x20D7A38 f4=exe+0x1DC60C8 f5=exe+0x1DC60D4 f6=exe+0x1B87974 f7=exe+0x1DC60C8
client level=info t=130484 ev=probe stage=stall set=frames tid=0x000029A4 f8=exe+0x3537B3 f9=exe+0x35ECC44 f10=exe+0x3537B3 f11=exe+0x35ECC44 f12=exe+0x35ECC44 f13=exe+0x3537B3 f14=exe+0x35ECC44 f15=exe+0x2E5CB10
client level=info t=130484 ev=probe stage=stall set=stack tid=0x000019D4 rip=0x7FFD69540E44 rsp=0xC673BFFBA8 window=1024
client level=info t=130484 ev=probe stage=stall set=frames tid=0x000019D4 f0=exe+0x302465 f1=exe+0x31D073 f2=exe+0x31D0BA f3=exe+0x318894 f4=exe+0x20D8638 f5=exe+0x31B241 f6=exe+0x3537B3 f7=exe+0x20D8638
client level=info t=130484 ev=probe stage=stall set=frames tid=0x000019D4 f8=exe+0x20D8638 f9=exe+0x353874 f10=exe+0x20D8638 f11=exe+0x20D865C f12=exe+0x3537D0 f13=exe+0x20D8638
client level=info t=130484 ev=probe stage=stall set=stack tid=0x000020D4 rip=0x7FFD69540E44 rsp=0xC673FFF7B8 window=2048
client level=info t=130484 ev=probe stage=stall set=frames tid=0x000020D4 f0=exe+0x302465 f1=exe+0x31D073 f2=exe+0x2E7ABC0 f3=exe+0x31D0BA f4=exe+0x318894 f5=exe+0x20D9238 f6=exe+0x31B241 f7=exe+0x3537B3
client level=info t=130484 ev=probe stage=stall set=frames tid=0x000020D4 f8=exe+0x20D9238 f9=exe+0x20D9238 f10=exe+0x353874 f11=exe+0x20D9238 f12=exe+0x20D925C f13=exe+0x3537D0 f14=exe+0x20D9238
client level=info t=130484 ev=probe stage=stall set=stack tid=0x00003480 rip=0x7FFD69541444 rsp=0xC6743FD6F8 window=2048
client level=info t=130484 ev=probe stage=stall set=frames tid=0x00003480 f0=exe+0x20D9E80 f1=exe+0x20D9E80 f2=exe+0x3550FB f3=exe+0x20D9E38 f4=exe+0x1DC60C8 f5=exe+0x1DC60D4 f6=exe+0x1B87974 f7=exe+0x1DC60C8
client level=info t=130484 ev=probe stage=stall set=frames tid=0x00003480 f8=exe+0x3537B3 f9=exe+0x35ECC44 f10=exe+0x3537B3 f11=exe+0x35ECC44 f12=exe+0x35ECC44 f13=exe+0x3537B3 f14=exe+0x35ECC44 f15=exe+0x353874
client level=info t=130484 ev=probe stage=stall set=stack tid=0x000026B0 rip=0x7FFD69540E44 rsp=0xC6747FF6E8 window=2048
client level=info t=130484 ev=probe stage=stall set=frames tid=0x000026B0 f0=exe+0x2E5B380 f1=exe+0x302465 f2=exe+0x31D073 f3=exe+0x31D0BA f4=exe+0x318894 f5=exe+0x20DAA38 f6=exe+0x31B241 f7=exe+0x3537B3
client level=info t=130484 ev=probe stage=stall set=frames tid=0x000026B0 f8=exe+0x20DAA38 f9=exe+0x20DAA38 f10=exe+0x353874 f11=exe+0x20DAA38 f12=exe+0x20DAA5C f13=exe+0x3537D0 f14=exe+0x20DAA38
client level=info t=130484 ev=probe stage=stall set=stack tid=0x00002E34 rip=0x7FFD69540E44 rsp=0xC674BFF648 window=2048
client level=info t=130484 ev=probe stage=stall set=frames tid=0x00002E34 f0=exe+0x302465 f1=exe+0x31D073 f2=exe+0x31D0BA f3=exe+0x318894 f4=exe+0x20EEE48 f5=exe+0x31B241 f6=exe+0x3537B3 f7=exe+0x20EEE48
client level=info t=130484 ev=probe stage=stall set=frames tid=0x00002E34 f8=exe+0x20EEE48 f9=exe+0x353874 f10=exe+0x20EEE48 f11=exe+0x20EEE6C f12=exe+0x3537D0 f13=exe+0x20EEE48
client level=info t=130484 ev=probe stage=stall set=stack tid=0x00004A10 rip=0x7FFD69540E44 rsp=0xC674FFF8E8 window=2048
client level=info t=130484 ev=probe stage=stall set=frames tid=0x00004A10 f0=exe+0x302465 f1=exe+0x31D073 f2=exe+0x31D0BA f3=exe+0x318894 f4=exe+0x20EFA48 f5=exe+0x31B241 f6=exe+0x3537B3 f7=exe+0x20EFA48
client level=info t=130484 ev=probe stage=stall set=frames tid=0x00004A10 f8=exe+0x20EFA48 f9=exe+0x353874 f10=exe+0x20EFA48 f11=exe+0x20EFA6C f12=exe+0x3537D0 f13=exe+0x20EFA48
client level=info t=130484 ev=probe stage=stall set=stack tid=0x00003F24 rip=0x7FFD69541444 rsp=0xC6753FF428 window=2048
client level=info t=130484 ev=probe stage=stall set=frames tid=0x00003F24 f0=exe+0x1AEBDFF
client level=info t=130484 ev=probe stage=stall set=stack tid=0x00004388 rip=0x7FFD69540E44 rsp=0xC6757FF958 window=2048
client level=info t=130484 ev=probe stage=stall set=frames tid=0x00004388 f0=exe+0x1AE9B80
client level=info t=130484 ev=probe stage=stall set=stack tid=0x000043CC rip=0x7FFD66761344 rsp=0xC675BFFC48 window=2048
client level=info t=130484 ev=probe stage=stall set=frames tid=0x000043CC f0=exe+0x2686901 f1=exe+0x2686901 f2=exe+0x3C5F69 f3=exe+0x26869E0 f4=exe+0x26869E0 f5=exe+0x3BD893 f6=exe+0x26869E0 f7=exe+0x3BDA99
client level=info t=130484 ev=probe stage=stall set=frames tid=0x000043CC f8=exe+0x26869E0 f9=exe+0x3537B3 f10=exe+0x26869E0 f11=exe+0x353874 f12=exe+0x26869E0 f13=exe+0x2686A04 f14=exe+0x3537D0 f15=exe+0x26869E0
client level=info t=130484 ev=probe stage=stall set=stack tid=0x00001E3C rip=0x7FFD66761344 rsp=0xC675FFF908 window=2048
client level=info t=130484 ev=probe stage=stall set=frames tid=0x00001E3C f0=exe+0x3BDA55 f1=exe+0x26869E0 f2=exe+0x26875E0 f3=exe+0x3537B3 f4=exe+0x26875E0 f5=exe+0x353874 f6=exe+0x26875E0 f7=exe+0x2687604
client level=info t=130484 ev=probe stage=stall set=frames tid=0x00001E3C f8=exe+0x3537D0 f9=exe+0x26875E0
client level=info t=130484 ev=probe stage=stall set=stack tid=0x00002500 rip=0x7FFD69540EE4 rsp=0xC6763FFAD8 window=2048
client level=info t=130484 ev=probe stage=stall set=stack tid=0x000042E0 rip=0x7FFD69544A14 rsp=0xC676BFF8E8 window=2048
client level=info t=130484 ev=probe stage=stall set=stack tid=0x00000F90 rip=0x7FFD69544A14 rsp=0xC676FFFB48 window=2048
client level=info t=130484 ev=probe stage=stall set=stack tid=0x000009E8 rip=0x7FFD69540E44 rsp=0xC6773FFB08 window=2048
client level=info t=130484 ev=probe stage=stall set=stack tid=0x0000243C rip=0x7FFD69540E44 rsp=0xC6767FFA58 window=2048
client level=info t=130484 ev=probe stage=stall set=stack tid=0x000028C4 rip=0x7FFD69540E44 rsp=0xC6777FFC28 window=2048
client level=info t=130484 ev=probe stage=stall set=stack tid=0x00004158 rip=0x7FFD69540E44 rsp=0xC677BFFA38 window=2048
client level=info t=130484 ev=probe stage=stall set=stack tid=0x00004AD4 rip=0x7FFD69540E44 rsp=0xC677FFFC48 window=2048
client level=info t=130484 ev=probe stage=stall set=stack tid=0x00003E3C rip=0x7FFD69540E44 rsp=0xC6783FFA78 window=2048
client level=info t=130484 ev=probe stage=stall set=stack tid=0x00004724 rip=0x7FFD69540E44 rsp=0xC6787FF668 window=2048
client level=info t=130484 ev=probe stage=stall set=stack tid=0x00000E14 rip=0x7FFD69540E44 rsp=0xC678BFFD48 window=2048
client level=info t=130484 ev=probe stage=stall set=stack tid=0x0000091C rip=0x7FFD69540E44 rsp=0xC678FFFB98 window=2048
client level=info t=130484 ev=probe stage=stall set=stack tid=0x00000A78 rip=0x7FFD69540E44 rsp=0xC6793FF588 window=2048
client level=info t=130484 ev=probe stage=stall set=stack tid=0x000042F0 rip=0x7FFD69540E44 rsp=0xC6797FFB48 window=2048
client level=info t=130484 ev=probe stage=stall set=stack tid=0x0000176C rip=0x7FFD69544A14 rsp=0xC679BFF8C8 window=2048
client level=info t=130484 ev=probe stage=stall set=stack tid=0x00001034 rip=0x7FFD69544A14 rsp=0xC679FFF938 window=1024
client level=info t=130484 ev=probe stage=stall set=stack tid=0x00001968 rip=0x7FFD69541914 rsp=0xC67A7FF518 window=2048
client level=info t=130484 ev=probe stage=stall set=stack tid=0x00003CBC rip=0x7FFD69540E44 rsp=0xC67ABFFC88 window=2048
client level=info t=130484 ev=probe stage=stall set=stack tid=0x0000458C rip=0x7FFD69540E44 rsp=0xC67AFFF888 window=2048
client level=info t=130484 ev=probe stage=stall set=stack tid=0x00000C4C rip=0x7FFD69540E44 rsp=0xC67B3FFAC8 window=2048
client level=info t=130484 ev=probe stage=stall set=stack tid=0x00000D0C rip=0x7FFD69540E44 rsp=0xC67B7FF9B8 window=2048
client level=info t=130484 ev=probe stage=stall set=stack tid=0x00003F84 rip=0x7FFD69540E44 rsp=0xC67BBFFB88 window=2048
client level=info t=130484 ev=probe stage=stall set=stack tid=0x00000C2C rip=0x7FFD69540E44 rsp=0xC67BFFF6E8 window=2048
client level=info t=130484 ev=probe stage=stall set=stack tid=0x00003650 rip=0x7FFD69540E44 rsp=0xC67C3FF958 window=2048
client level=info t=130484 ev=probe stage=stall set=stack tid=0x00003328 rip=0x7FFD69540E44 rsp=0xC67C7FF8E8 window=1024
client level=info t=130484 ev=probe stage=stall set=stack tid=0x00002564 rip=0x7FFD69541444 rsp=0xC67CBFF648 window=2048
client level=info t=130484 ev=probe stage=stall set=frames tid=0x00002564 f0=exe+0x26869D0 f1=exe+0x11C7C5C f2=exe+0x2E5BEC2 f3=exe+0x3537B3 f4=exe+0x2E5BE90 f5=exe+0x2E5BE90 f6=exe+0x353874 f7=exe+0x2E5BE90
client level=info t=130484 ev=probe stage=stall set=frames tid=0x00002564 f8=exe+0x2E5BEB4 f9=exe+0x3537D0 f10=exe+0x2E5BE90
client level=info t=130484 ev=probe stage=stall set=stack tid=0x000038B0 rip=0x7FFD69540E44 rsp=0xC67CFFFA68 window=1024
client level=info t=130484 ev=probe stage=stall set=frames tid=0x000038B0 f0=exe+0x2E79DE3 f1=exe+0x11DB4DB f2=exe+0x2E79DA0 f3=exe+0x3537B3 f4=exe+0x2E79DA0 f5=exe+0x353874 f6=exe+0x2E79DA0 f7=exe+0x2E79DC4
client level=info t=130484 ev=probe stage=stall set=frames tid=0x000038B0 f8=exe+0x3537D0 f9=exe+0x2E79DA0
client level=info t=130484 ev=probe stage=stall set=stack tid=0x00002F08 rip=0x7FFD69544A74 rsp=0xC67D7FF868 window=2048
client level=info t=130484 ev=probe stage=stall set=stack tid=0x00003CD8 rip=0x7FFD69544A74 rsp=0xC67DBFF688 window=2048
client level=info t=130484 ev=probe stage=stall set=stack tid=0x00002088 rip=0x7FFD69540E44 rsp=0xC67DFFFA38 window=2048
client level=info t=130484 ev=probe stage=stall set=stack tid=0x000036A4 rip=0x7FFD69540E44 rsp=0xC67E3FF9F8 window=2048
client level=info t=130484 ev=probe stage=stall set=stack tid=0x000017D8 rip=0x7FFD69540E44 rsp=0xC67E7FF828 window=2048
client level=info t=130484 ev=probe stage=stall set=stack tid=0x000033EC rip=0x7FFD69540E44 rsp=0xC67EBFFCB8 window=2048
client level=info t=130484 ev=probe stage=stall set=stack tid=0x000038E4 rip=0x7FFD69540E44 rsp=0xC67EFFF988 window=2048
client level=info t=130484 ev=probe stage=stall set=stack tid=0x00004178 rip=0x7FFD69540E44 rsp=0xC67F3FF7D8 window=2048
client level=info t=130484 ev=probe stage=stall set=stack tid=0x00002A04 rip=0x7FFD69540E44 rsp=0xC67F7FFDC8 window=2048
client level=info t=130484 ev=probe stage=stall set=stack tid=0x00004160 rip=0x7FFD69540E44 rsp=0xC67FBFFCD8 window=2048
client level=info t=130484 ev=probe stage=stall set=stack tid=0x00004834 rip=0x7FFD69540E44 rsp=0xC67FFFF6B8 window=2048
client level=info t=130484 ev=probe stage=stall set=stack tid=0x00000A34 rip=0x7FFD69540E44 rsp=0xC6003FF6E8 window=2048
client level=info t=130484 ev=probe stage=stall set=frames tid=0x00000A34 f0=exe+0x19F8801
client level=info t=130484 ev=probe stage=stall set=stack tid=0x000020A0 rip=0x7FFD69540E44 rsp=0xC6007FFB38 window=1024
client level=info t=130484 ev=probe stage=stall set=frames tid=0x000020A0 f0=exe+0x1A07446
client level=info t=130484 ev=probe stage=stall set=stack tid=0x00000C38 rip=0x7FFD69541914 rsp=0xC600BFFBB8 window=1024
client level=info t=130484 ev=probe stage=stall set=frames tid=0x00000C38 f0=exe+0x1A40E63 f1=exe+0x1A41E30
client level=info t=130484 ev=probe stage=stall set=stack tid=0x00004808 rip=0x7FFD69541914 rsp=0xC6017FFB58 window=2048
client level=info t=130484 ev=probe stage=stall set=stack tid=0x000037C0 rip=0x7FFD69541914 rsp=0xC601BFFAD8 window=1024
client level=info t=130484 ev=probe stage=stall set=stack tid=0x00002EC0 rip=0x7FFD69540E44 rsp=0xC601FFF3C8 window=2048
client level=info t=130484 ev=probe stage=stall set=frames tid=0x00002EC0 f0=exe+0x1A914FF f1=own+0x149383 f2=exe+0x39B4FB f3=exe+0x1A8222A
client level=info t=130484 ev=probe stage=stall set=stack tid=0x00001F9C rip=0x7FFD69540E44 rsp=0xC6023FFA78 window=2048
client level=info t=130484 ev=probe stage=stall set=frames tid=0x00001F9C f0=exe+0x0 f1=exe+0x1F15A90 f2=exe+0x0 f3=exe+0x30FE80 f4=exe+0x30FED2 f5=exe+0x30FE80 f6=exe+0x30FE80 f7=exe+0x129869C
client level=info t=130484 ev=probe stage=stall set=stack tid=0x00002054 rip=0x7FFD69541914 rsp=0xC6027FF448 window=2048
client level=info t=130484 ev=probe stage=stall set=stack tid=0x00004088 rip=0x7FFD69541914 rsp=0xC602BFDFB8 window=2048
client level=info t=130484 ev=probe stage=stall set=frames tid=0x00004088 f0=exe+0x3E8155
client level=info t=130484 ev=probe stage=stall set=stack tid=0x00004B60 rip=0x7FFD69541444 rsp=0xC6033FFA78 window=2048
client level=info t=130484 ev=probe stage=stall set=frames tid=0x00004B60 f0=own+0x695A60 f1=own+0x679AE8 f2=own+0x679AC8 f3=own+0x679AC8 f4=own+0x679AE8 f5=own+0x1DA83B f6=own+0x679AC8 f7=own+0x679AE8
client level=info t=130484 ev=probe stage=stall set=stack tid=0x000015F4 rip=0x7FFD69540EE4 rsp=0xC6037FF778 window=2048
client level=info t=130484 ev=probe stage=stall set=stack tid=0x00003E4C rip=0x7FFD69541444 rsp=0xC603BFFC58 window=512
client level=info t=130484 ev=probe stage=stall set=frames tid=0x00003E4C f0=exe+0x31DA0A0 f1=exe+0x173A58B f2=exe+0x31DA5A0 f3=exe+0x3537B3 f4=exe+0x31DA5A0 f5=exe+0x353874 f6=exe+0x31DA5A0 f7=exe+0x31DA5C4
client level=info t=130484 ev=probe stage=stall set=frames tid=0x00003E4C f8=exe+0x3537D0 f9=exe+0x31DA5A0
client level=info t=130484 ev=probe stage=stall set=stack tid=0x000032E0 rip=0x7FFD69544A14 rsp=0xC6043FFAC8 window=2048
client level=info t=130484 ev=probe stage=stall set=stack tid=0x00001CF8 rip=0x7FFD69541914 rsp=0xC6047FF3C8 window=2048
client level=info t=130484 ev=probe stage=stall set=stack tid=0x00001F40 rip=0x7FFD69544A14 rsp=0xC604BFEFA8 window=2048
client level=info t=130484 ev=probe stage=stall set=frames tid=0x00001F40 f0=exe+0x7C97F8 f1=exe+0x294B57 f2=exe+0x0 f3=exe+0x91790 f4=exe+0x0 f5=exe+0x91790
client level=info t=130484 ev=probe stage=stall set=stack tid=0x00000854 rip=0x7FFD69544A14 rsp=0xC604FFEE78 window=2048
client level=info t=130484 ev=probe stage=stall set=frames tid=0x00000854 f0=exe+0x7C97F8 f1=exe+0x294B57 f2=exe+0x0 f3=exe+0x91790 f4=exe+0x0 f5=exe+0x91790
client level=info t=130484 ev=probe stage=stall set=stack tid=0x00002D58 rip=0x7FFD69544A14 rsp=0xC6053FF1A8 window=2048
client level=info t=130484 ev=probe stage=stall set=frames tid=0x00002D58 f0=exe+0x7C97F8 f1=exe+0x294B57 f2=exe+0x0 f3=exe+0x91790 f4=exe+0x0 f5=exe+0x91790
client level=info t=130484 ev=probe stage=stall set=stack tid=0x00003FC0 rip=0x7FFD69541914 rsp=0xC6057FEFA8 window=2048
client level=info t=130484 ev=probe stage=stall set=stack tid=0x00003020 rip=0x7FFD69544A14 rsp=0xC605BFFBF8 window=2048
client level=info t=130484 ev=probe stage=stall set=stack tid=0x00002CA8 rip=0x7FFD69544A14 rsp=0xC605FFF888 window=2048
client level=info t=130484 ev=probe stage=stall set=stack tid=0x000034A8 rip=0x7FFD69544A14 rsp=0xC6063FFC68 window=2048
client level=info t=130484 ev=probe stage=stall set=stack tid=0x000022B8 rip=0x7FFD69544A14 rsp=0xC6067FF9D8 window=2048
client level=info t=130484 ev=probe stage=stall set=stack tid=0x00002A6C rip=0x7FFD69541914 rsp=0xC606BFF678 window=2048
client level=info t=130484 ev=probe stage=stall set=stack tid=0x00000D30 rip=0x7FFD69541914 rsp=0xC606FFF318 window=2048
client level=info t=130484 ev=probe stage=stall set=stack tid=0x00002D28 rip=0x7FFD69544A14 rsp=0xC6073FFBE8 window=2048
client level=info t=130484 ev=probe stage=stall set=stack tid=0x00000DF8 rip=0x7FFD69541914 rsp=0xC6077FF1E8 window=2048
client level=info t=130484 ev=probe stage=stall set=stack tid=0x00003520 rip=0x7FFD69544A14 rsp=0xC607BFFC18 window=2048
client level=info t=130484 ev=probe stage=stall set=stack tid=0x00003C20 rip=0x7FFD69541914 rsp=0xC607FFF738 window=2048
client level=info t=130484 ev=probe stage=stall set=stack tid=0x00002BA4 rip=0x7FFD69544A14 rsp=0xC6083FF808 window=2048
client level=info t=130484 ev=probe stage=stall set=stack tid=0x00002040 rip=0x7FFD69541914 rsp=0xC6087FF298 window=2048
client level=info t=130484 ev=probe stage=stall set=stack tid=0x00000FE0 rip=0x7FFD69544A14 rsp=0xC608BFF7A8 window=2048
client level=info t=130484 ev=probe stage=stall set=stack tid=0x00003E90 rip=0x7FFD69544A14 rsp=0xC608FFFC68 window=512
client level=info t=130484 ev=probe stage=stall set=stack tid=0x00001DCC rip=0x7FFD69541914 rsp=0xC6013FF918 window=2048
client level=info t=137609 ev=retail site=81 text=application_state: Suspend state changed from [active] to [partial]
client level=info t=140031 ev=retail site=81 text=application_state: Suspend state changed from [partial] to [active]
client level=info t=140984 ev=retail site=81 text=application_state: Suspend state changed from [active] to [partial]
client level=info t=141344 ev=retail site=81 text=application_state: Suspend state changed from [partial] to [active]
client level=info t=142562 ev=retail site=81 text=application_state: Suspend state changed from [active] to [partial]
client level=warn t=145500 ev=probe stage=stall result=detected idle=66297 count=10709
client level=info t=145531 ev=probe stage=stall set=stack tid=0x000034CC rip=0x7FFD69540E44 rsp=0xC6706FF448 window=2048
client level=info t=145531 ev=probe stage=stall set=frames tid=0x000034CC f0=exe+0xB54BE2 f1=exe+0x302465 f2=exe+0xB58F1F f3=exe+0x1C151D8 f4=exe+0x0 f5=exe+0xB5268C f6=exe+0x80DA9B1 f7=exe+0x48564BA
client level=info t=145531 ev=probe stage=stall set=frames tid=0x000034CC f8=exe+0x93FC7 f9=exe+0x0 f10=exe+0x1C151C8
client level=info t=145531 ev=probe stage=stall set=stack tid=0x00001AE0 rip=0x7FFD69544A74 rsp=0xC670BFF838 window=2048
client level=info t=145531 ev=probe stage=stall set=stack tid=0x00003448 rip=0x7FFD69544A74 rsp=0xC670FFF568 window=2048
client level=info t=145531 ev=probe stage=stall set=stack tid=0x00003D98 rip=0x7FFD69544A74 rsp=0xC6713FF648 window=2048
client level=info t=145531 ev=probe stage=stall set=stack tid=0x00001AC0 rip=0x7FFD69544A74 rsp=0xC6717FF728 window=2048
client level=info t=145531 ev=probe stage=stall set=stack tid=0x0000423C rip=0x7FFD69541444 rsp=0xC671FFF6E8 window=2048
client level=info t=145531 ev=probe stage=stall set=frames tid=0x0000423C f0=exe+0x3AE580 f1=exe+0x622C856 f2=exe+0x3B1A77 f3=exe+0x3AFF70 f4=exe+0x4F5C89E f5=exe+0x69533FF f6=exe+0x6DD9A7A f7=exe+0x47DA9CB
client level=info t=145531 ev=probe stage=stall set=frames tid=0x0000423C f8=exe+0x0 f9=exe+0x3FB1A5A f10=exe+0x69533FF f11=exe+0x3AFF70
client level=info t=145531 ev=probe stage=stall set=stack tid=0x00001B30 rip=0x7FFD69544A74 rsp=0xC6723FF818 window=2048
client level=info t=145531 ev=probe stage=stall set=stack tid=0x00003EEC rip=0x7FFD69544A74 rsp=0xC6727FFAD8 window=1024
client level=info t=145531 ev=probe stage=stall set=stack tid=0x00002560 rip=0x7FFD69540E44 rsp=0xC672BFFAF8 window=1024
client level=info t=145531 ev=probe stage=stall set=frames tid=0x00002560 f0=exe+0x1280280 f1=exe+0x0 f2=exe+0x242CD10 f3=exe+0x1280201 f4=exe+0x3023E5 f5=exe+0x348061 f6=exe+0x7CB8EAA f7=exe+0x7039128
client level=info t=145531 ev=probe stage=stall set=frames tid=0x00002560 f8=exe+0x128029D f9=exe+0x0 f10=exe+0x1280280 f11=exe+0x129869C
client level=info t=145531 ev=probe stage=stall set=stack tid=0x00003248 rip=0x7FFD69541444 rsp=0xC672FF19F8 window=2048
client level=info t=145531 ev=probe stage=stall set=frames tid=0x00003248 f0=exe+0x1299FD0 f1=exe+0x1299FD0 f2=exe+0x0 f3=exe+0x1299FD0 f4=exe+0x128038A f5=exe+0x0 f6=exe+0x31B159 f7=exe+0x1BE04D0
client level=info t=145531 ev=probe stage=stall set=frames tid=0x00003248 f8=own+0x11C069 f9=exe+0x1BE04D0 f10=own+0x11C719 f11=exe+0x1C81108 f12=exe+0x2FCDAF f13=exe+0x1C81108 f14=exe+0x32CDD9 f15=exe+0x12989AE
client level=info t=145531 ev=probe stage=stall set=stack tid=0x000034EC rip=0x7FFD69540E44 rsp=0xC6733FF748 window=2048
client level=info t=145531 ev=probe stage=stall set=frames tid=0x000034EC f0=exe+0x2E59D30 f1=exe+0x302465 f2=exe+0x31D073 f3=exe+0x31D0BA f4=exe+0x318894 f5=exe+0x20D6E38 f6=exe+0x31B241 f7=exe+0x3537B3
client level=info t=145531 ev=probe stage=stall set=frames tid=0x000034EC f8=exe+0x20D6E38 f9=exe+0x20D6E38 f10=exe+0x353874 f11=exe+0x20D6E38 f12=exe+0x20D6E5C f13=exe+0x3537D0 f14=exe+0x20D6E38
client level=info t=145531 ev=probe stage=stall set=stack tid=0x000029A4 rip=0x7FFD69541444 rsp=0xC6737FDD78 window=2048
client level=info t=145531 ev=probe stage=stall set=frames tid=0x000029A4 f0=exe+0x20D7A80 f1=exe+0x20D7A80 f2=exe+0x3550FB f3=exe+0x20D7A38 f4=exe+0x1DC60C8 f5=exe+0x1DC60D4 f6=exe+0x1B87974 f7=exe+0x1DC60C8
client level=info t=145531 ev=probe stage=stall set=frames tid=0x000029A4 f8=exe+0x3537B3 f9=exe+0x35ECC44 f10=exe+0x3537B3 f11=exe+0x35ECC44 f12=exe+0x35ECC44 f13=exe+0x3537B3 f14=exe+0x35ECC44 f15=exe+0x2E5CB10
client level=info t=145531 ev=probe stage=stall set=stack tid=0x000019D4 rip=0x7FFD69540E44 rsp=0xC673BFFBA8 window=1024
client level=info t=145531 ev=probe stage=stall set=frames tid=0x000019D4 f0=exe+0x302465 f1=exe+0x31D073 f2=exe+0x31D0BA f3=exe+0x318894 f4=exe+0x20D8638 f5=exe+0x31B241 f6=exe+0x3537B3 f7=exe+0x20D8638
client level=info t=145531 ev=probe stage=stall set=frames tid=0x000019D4 f8=exe+0x20D8638 f9=exe+0x353874 f10=exe+0x20D8638 f11=exe+0x20D865C f12=exe+0x3537D0 f13=exe+0x20D8638
client level=info t=145531 ev=probe stage=stall set=stack tid=0x000020D4 rip=0x7FFD69540E44 rsp=0xC673FFF7B8 window=2048
client level=info t=145531 ev=probe stage=stall set=frames tid=0x000020D4 f0=exe+0x302465 f1=exe+0x31D073 f2=exe+0x2E7ABC0 f3=exe+0x31D0BA f4=exe+0x318894 f5=exe+0x20D9238 f6=exe+0x31B241 f7=exe+0x3537B3
client level=info t=145531 ev=probe stage=stall set=frames tid=0x000020D4 f8=exe+0x20D9238 f9=exe+0x20D9238 f10=exe+0x353874 f11=exe+0x20D9238 f12=exe+0x20D925C f13=exe+0x3537D0 f14=exe+0x20D9238
client level=info t=145531 ev=probe stage=stall set=stack tid=0x00003480 rip=0x7FFD69541444 rsp=0xC6743FD6F8 window=2048
client level=info t=145531 ev=probe stage=stall set=frames tid=0x00003480 f0=exe+0x20D9E80 f1=exe+0x20D9E80 f2=exe+0x3550FB f3=exe+0x20D9E38 f4=exe+0x1DC60C8 f5=exe+0x1DC60D4 f6=exe+0x1B87974 f7=exe+0x1DC60C8
client level=info t=145531 ev=probe stage=stall set=frames tid=0x00003480 f8=exe+0x3537B3 f9=exe+0x35ECC44 f10=exe+0x3537B3 f11=exe+0x35ECC44 f12=exe+0x35ECC44 f13=exe+0x3537B3 f14=exe+0x35ECC44 f15=exe+0x353874
client level=info t=145531 ev=probe stage=stall set=stack tid=0x000026B0 rip=0x7FFD69540E44 rsp=0xC6747FF6E8 window=2048
client level=info t=145531 ev=probe stage=stall set=frames tid=0x000026B0 f0=exe+0x2E5B380 f1=exe+0x302465 f2=exe+0x31D073 f3=exe+0x31D0BA f4=exe+0x318894 f5=exe+0x20DAA38 f6=exe+0x31B241 f7=exe+0x3537B3
client level=info t=145531 ev=probe stage=stall set=frames tid=0x000026B0 f8=exe+0x20DAA38 f9=exe+0x20DAA38 f10=exe+0x353874 f11=exe+0x20DAA38 f12=exe+0x20DAA5C f13=exe+0x3537D0 f14=exe+0x20DAA38
client level=info t=145531 ev=probe stage=stall set=stack tid=0x00002E34 rip=0x7FFD69540E44 rsp=0xC674BFF648 window=2048
client level=info t=145531 ev=probe stage=stall set=frames tid=0x00002E34 f0=exe+0x302465 f1=exe+0x31D073 f2=exe+0x31D0BA f3=exe+0x318894 f4=exe+0x20EEE48 f5=exe+0x31B241 f6=exe+0x3537B3 f7=exe+0x20EEE48
client level=info t=145531 ev=probe stage=stall set=frames tid=0x00002E34 f8=exe+0x20EEE48 f9=exe+0x353874 f10=exe+0x20EEE48 f11=exe+0x20EEE6C f12=exe+0x3537D0 f13=exe+0x20EEE48
client level=info t=145531 ev=probe stage=stall set=stack tid=0x00004A10 rip=0x7FFD69540E44 rsp=0xC674FFF8E8 window=2048
client level=info t=145531 ev=probe stage=stall set=frames tid=0x00004A10 f0=exe+0x302465 f1=exe+0x31D073 f2=exe+0x31D0BA f3=exe+0x318894 f4=exe+0x20EFA48 f5=exe+0x31B241 f6=exe+0x3537B3 f7=exe+0x20EFA48
client level=info t=145531 ev=probe stage=stall set=frames tid=0x00004A10 f8=exe+0x20EFA48 f9=exe+0x353874 f10=exe+0x20EFA48 f11=exe+0x20EFA6C f12=exe+0x3537D0 f13=exe+0x20EFA48
client level=info t=145531 ev=probe stage=stall set=stack tid=0x00003F24 rip=0x7FFD69541444 rsp=0xC6753FF428 window=2048
client level=info t=145531 ev=probe stage=stall set=frames tid=0x00003F24 f0=exe+0x1AEBDFF
client level=info t=145531 ev=probe stage=stall set=stack tid=0x00004388 rip=0x7FFD69540E44 rsp=0xC6757FF958 window=2048
client level=info t=145531 ev=probe stage=stall set=frames tid=0x00004388 f0=exe+0x1AE9B80
client level=info t=145531 ev=probe stage=stall set=stack tid=0x000043CC rip=0x7FFD66761344 rsp=0xC675BFFC48 window=2048
client level=info t=145531 ev=probe stage=stall set=frames tid=0x000043CC f0=exe+0x2686900 f1=exe+0x2686900 f2=exe+0x3C5F69 f3=exe+0x26869E0 f4=exe+0x26869E0 f5=exe+0x3BD893 f6=exe+0x26869E0 f7=exe+0x3BDA99
client level=info t=145531 ev=probe stage=stall set=frames tid=0x000043CC f8=exe+0x26869E0 f9=exe+0x3537B3 f10=exe+0x26869E0 f11=exe+0x353874 f12=exe+0x26869E0 f13=exe+0x2686A04 f14=exe+0x3537D0 f15=exe+0x26869E0
client level=info t=145531 ev=probe stage=stall set=stack tid=0x00001E3C rip=0x7FFD66761344 rsp=0xC675FFF908 window=2048
client level=info t=145531 ev=probe stage=stall set=frames tid=0x00001E3C f0=exe+0x3BDA55 f1=exe+0x26869E0 f2=exe+0x26875E0 f3=exe+0x3537B3 f4=exe+0x26875E0 f5=exe+0x353874 f6=exe+0x26875E0 f7=exe+0x2687604
client level=info t=145531 ev=probe stage=stall set=frames tid=0x00001E3C f8=exe+0x3537D0 f9=exe+0x26875E0
client level=info t=145531 ev=probe stage=stall set=stack tid=0x00002500 rip=0x7FFD69540EE4 rsp=0xC6763FFAD8 window=2048
client level=info t=145531 ev=probe stage=stall set=stack tid=0x000042E0 rip=0x7FFD69544A14 rsp=0xC676BFF8E8 window=2048
client level=info t=145531 ev=probe stage=stall set=stack tid=0x00000F90 rip=0x7FFD69544A14 rsp=0xC676FFFB48 window=2048
client level=info t=145531 ev=probe stage=stall set=stack tid=0x000009E8 rip=0x7FFD69540E44 rsp=0xC6773FFB08 window=2048
client level=info t=145531 ev=probe stage=stall set=stack tid=0x0000243C rip=0x7FFD69540E44 rsp=0xC6767FFA58 window=2048
client level=info t=145531 ev=probe stage=stall set=stack tid=0x000028C4 rip=0x7FFD69540E44 rsp=0xC6777FFC28 window=2048
client level=info t=145531 ev=probe stage=stall set=stack tid=0x00004158 rip=0x7FFD69540E44 rsp=0xC677BFFA38 window=2048
client level=info t=145531 ev=probe stage=stall set=stack tid=0x00004AD4 rip=0x7FFD69540E44 rsp=0xC677FFFC48 window=2048
client level=info t=145531 ev=probe stage=stall set=stack tid=0x00003E3C rip=0x7FFD69540E44 rsp=0xC6783FFA78 window=2048
client level=info t=145531 ev=probe stage=stall set=stack tid=0x00004724 rip=0x7FFD69540E44 rsp=0xC6787FF668 window=2048
client level=info t=145531 ev=probe stage=stall set=stack tid=0x00000E14 rip=0x7FFD69540E44 rsp=0xC678BFFD48 window=2048
client level=info t=145531 ev=probe stage=stall set=stack tid=0x0000091C rip=0x7FFD69540E44 rsp=0xC678FFFB98 window=2048
client level=info t=145531 ev=probe stage=stall set=stack tid=0x00000A78 rip=0x7FFD69540E44 rsp=0xC6793FF588 window=2048
client level=info t=145531 ev=probe stage=stall set=stack tid=0x000042F0 rip=0x7FFD69540E44 rsp=0xC6797FFB48 window=2048
client level=info t=145531 ev=probe stage=stall set=stack tid=0x0000176C rip=0x7FFD69544A14 rsp=0xC679BFF8C8 window=2048
client level=info t=145531 ev=probe stage=stall set=stack tid=0x00001034 rip=0x7FFD69544A14 rsp=0xC679FFF938 window=1024
client level=info t=145531 ev=probe stage=stall set=stack tid=0x00001968 rip=0x7FFD69541914 rsp=0xC67A7FF518 window=2048
client level=info t=145531 ev=probe stage=stall set=stack tid=0x00003CBC rip=0x7FFD69540E44 rsp=0xC67ABFFC88 window=2048
client level=info t=145531 ev=probe stage=stall set=stack tid=0x0000458C rip=0x7FFD69540E44 rsp=0xC67AFFF888 window=2048
client level=info t=145531 ev=probe stage=stall set=stack tid=0x00000C4C rip=0x7FFD69540E44 rsp=0xC67B3FFAC8 window=2048
client level=info t=145531 ev=probe stage=stall set=stack tid=0x00000D0C rip=0x7FFD69540E44 rsp=0xC67B7FF9B8 window=2048
client level=info t=145531 ev=probe stage=stall set=stack tid=0x00003F84 rip=0x7FFD69540E44 rsp=0xC67BBFFB88 window=2048
client level=info t=145531 ev=probe stage=stall set=stack tid=0x00000C2C rip=0x7FFD69540E44 rsp=0xC67BFFF6E8 window=2048
client level=info t=145531 ev=probe stage=stall set=stack tid=0x00003650 rip=0x7FFD69540E44 rsp=0xC67C3FF958 window=2048
client level=info t=145531 ev=probe stage=stall set=stack tid=0x00003328 rip=0x7FFD69540E44 rsp=0xC67C7FF8E8 window=1024
client level=info t=145531 ev=probe stage=stall set=stack tid=0x00002564 rip=0x7FFD69541444 rsp=0xC67CBFF648 window=2048
client level=info t=145531 ev=probe stage=stall set=frames tid=0x00002564 f0=exe+0x26869D0 f1=exe+0x11C7C5C f2=exe+0x2E5BEC2 f3=exe+0x3537B3 f4=exe+0x2E5BE90 f5=exe+0x2E5BE90 f6=exe+0x353874 f7=exe+0x2E5BE90
client level=info t=145531 ev=probe stage=stall set=frames tid=0x00002564 f8=exe+0x2E5BEB4 f9=exe+0x3537D0 f10=exe+0x2E5BE90
client level=info t=145531 ev=probe stage=stall set=stack tid=0x000038B0 rip=0x7FFD69540E44 rsp=0xC67CFFFA68 window=1024
client level=info t=145531 ev=probe stage=stall set=frames tid=0x000038B0 f0=exe+0x2E79DE3 f1=exe+0x11DB4DB f2=exe+0x2E79DA0 f3=exe+0x3537B3 f4=exe+0x2E79DA0 f5=exe+0x353874 f6=exe+0x2E79DA0 f7=exe+0x2E79DC4
client level=info t=145531 ev=probe stage=stall set=frames tid=0x000038B0 f8=exe+0x3537D0 f9=exe+0x2E79DA0
client level=info t=145531 ev=probe stage=stall set=stack tid=0x00002F08 rip=0x7FFD69544A74 rsp=0xC67D7FF868 window=2048
client level=info t=145531 ev=probe stage=stall set=stack tid=0x00003CD8 rip=0x7FFD69544A74 rsp=0xC67DBFF688 window=2048
client level=info t=145531 ev=probe stage=stall set=stack tid=0x00002088 rip=0x7FFD69540E44 rsp=0xC67DFFFA38 window=2048
client level=info t=145531 ev=probe stage=stall set=stack tid=0x000036A4 rip=0x7FFD69540E44 rsp=0xC67E3FF9F8 window=2048
client level=info t=145531 ev=probe stage=stall set=stack tid=0x000017D8 rip=0x7FFD69540E44 rsp=0xC67E7FF828 window=2048
client level=info t=145531 ev=probe stage=stall set=stack tid=0x000033EC rip=0x7FFD69540E44 rsp=0xC67EBFFCB8 window=2048
client level=info t=145531 ev=probe stage=stall set=stack tid=0x000038E4 rip=0x7FFD69540E44 rsp=0xC67EFFF988 window=2048
client level=info t=145531 ev=probe stage=stall set=stack tid=0x00004178 rip=0x7FFD69540E44 rsp=0xC67F3FF7D8 window=2048
client level=info t=145531 ev=probe stage=stall set=stack tid=0x00002A04 rip=0x7FFD69540E44 rsp=0xC67F7FFDC8 window=2048
client level=info t=145531 ev=probe stage=stall set=stack tid=0x00004160 rip=0x7FFD69540E44 rsp=0xC67FBFFCD8 window=2048
client level=info t=145531 ev=probe stage=stall set=stack tid=0x00004834 rip=0x7FFD69540E44 rsp=0xC67FFFF6B8 window=2048
client level=info t=145531 ev=probe stage=stall set=stack tid=0x00000A34 rip=0x7FFD69540E44 rsp=0xC6003FF6E8 window=2048
client level=info t=145531 ev=probe stage=stall set=frames tid=0x00000A34 f0=exe+0x19F8801
client level=info t=145531 ev=probe stage=stall set=stack tid=0x000020A0 rip=0x7FFD69540E44 rsp=0xC6007FFB38 window=1024
client level=info t=145531 ev=probe stage=stall set=frames tid=0x000020A0 f0=exe+0x1A07446
client level=info t=145531 ev=probe stage=stall set=stack tid=0x00000C38 rip=0x7FFD69541914 rsp=0xC600BFFBB8 window=1024
client level=info t=145531 ev=probe stage=stall set=frames tid=0x00000C38 f0=exe+0x1A40E63 f1=exe+0x1A41E30
client level=info t=145531 ev=probe stage=stall set=stack tid=0x00004808 rip=0x7FFD69541914 rsp=0xC6017FFB58 window=2048
client level=info t=145531 ev=probe stage=stall set=stack tid=0x000037C0 rip=0x7FFD69541914 rsp=0xC601BFFAD8 window=1024
client level=info t=145531 ev=probe stage=stall set=stack tid=0x00002EC0 rip=0x7FFD69540E44 rsp=0xC601FFF3C8 window=2048
client level=info t=145531 ev=probe stage=stall set=frames tid=0x00002EC0 f0=exe+0x1A914FF f1=own+0x149383 f2=exe+0x39B4FB f3=exe+0x1A8222A
client level=info t=145531 ev=probe stage=stall set=stack tid=0x00001F9C rip=0x7FFD69540E44 rsp=0xC6023FFA78 window=2048
client level=info t=145531 ev=probe stage=stall set=frames tid=0x00001F9C f0=exe+0x0 f1=exe+0x1F15A90 f2=exe+0x0 f3=exe+0x30FE80 f4=exe+0x30FED2 f5=exe+0x30FE80 f6=exe+0x30FE80 f7=exe+0x129869C
client level=info t=145531 ev=probe stage=stall set=stack tid=0x00002054 rip=0x7FFD69541914 rsp=0xC6027FF448 window=2048
client level=info t=145531 ev=probe stage=stall set=stack tid=0x00004088 rip=0x7FFD69541914 rsp=0xC602BFDFB8 window=2048
client level=info t=145531 ev=probe stage=stall set=frames tid=0x00004088 f0=exe+0x3E8155
client level=info t=145531 ev=probe stage=stall set=stack tid=0x00004B60 rip=0x7FFD69541444 rsp=0xC6033FFA78 window=2048
client level=info t=145531 ev=probe stage=stall set=frames tid=0x00004B60 f0=own+0x695A60 f1=own+0x679AE8 f2=own+0x679AC8 f3=own+0x679AC8 f4=own+0x679AE8 f5=own+0x1DA83B f6=own+0x679AC8 f7=own+0x679AE8
client level=info t=145531 ev=probe stage=stall set=stack tid=0x000015F4 rip=0x7FFD69540EE4 rsp=0xC6037FF778 window=2048
client level=info t=145531 ev=probe stage=stall set=stack tid=0x00003E4C rip=0x7FFD69541444 rsp=0xC603BFFC58 window=512
client level=info t=145531 ev=probe stage=stall set=frames tid=0x00003E4C f0=exe+0x30E50F0 f1=exe+0x173A58B f2=exe+0x31DA5A0 f3=exe+0x3537B3 f4=exe+0x31DA5A0 f5=exe+0x353874 f6=exe+0x31DA5A0 f7=exe+0x31DA5C4
client level=info t=145531 ev=probe stage=stall set=frames tid=0x00003E4C f8=exe+0x3537D0 f9=exe+0x31DA5A0
client level=info t=145531 ev=probe stage=stall set=stack tid=0x000032E0 rip=0x7FFD69544A14 rsp=0xC6043FFAC8 window=2048
client level=info t=145531 ev=probe stage=stall set=stack tid=0x00001CF8 rip=0x7FFD69541914 rsp=0xC6047FF3C8 window=2048
client level=info t=145531 ev=probe stage=stall set=stack tid=0x00001F40 rip=0x7FFD69544A14 rsp=0xC604BFEFA8 window=2048
client level=info t=145531 ev=probe stage=stall set=frames tid=0x00001F40 f0=exe+0x7C97F8 f1=exe+0x294B57 f2=exe+0x0 f3=exe+0x91790 f4=exe+0x0 f5=exe+0x91790
client level=info t=145531 ev=probe stage=stall set=stack tid=0x00000854 rip=0x7FFD69544A14 rsp=0xC604FFEE78 window=2048
client level=info t=145531 ev=probe stage=stall set=frames tid=0x00000854 f0=exe+0x7C97F8 f1=exe+0x294B57 f2=exe+0x0 f3=exe+0x91790 f4=exe+0x0 f5=exe+0x91790
client level=info t=145531 ev=probe stage=stall set=stack tid=0x00002D58 rip=0x7FFD69544A14 rsp=0xC6053FF1A8 window=2048
client level=info t=145531 ev=probe stage=stall set=frames tid=0x00002D58 f0=exe+0x7C97F8 f1=exe+0x294B57 f2=exe+0x0 f3=exe+0x91790 f4=exe+0x0 f5=exe+0x91790
client level=info t=145531 ev=probe stage=stall set=stack tid=0x00003FC0 rip=0x7FFD69541914 rsp=0xC6057FEFA8 window=2048
client level=info t=145531 ev=probe stage=stall set=stack tid=0x00003020 rip=0x7FFD69544A14 rsp=0xC605BFFBF8 window=2048
client level=info t=145531 ev=probe stage=stall set=stack tid=0x00002CA8 rip=0x7FFD69544A14 rsp=0xC605FFF888 window=2048
client level=info t=145531 ev=probe stage=stall set=stack tid=0x000034A8 rip=0x7FFD69544A14 rsp=0xC6063FFC68 window=2048
client level=info t=145531 ev=probe stage=stall set=stack tid=0x000022B8 rip=0x7FFD69544A14 rsp=0xC6067FF9D8 window=2048
client level=info t=145531 ev=probe stage=stall set=stack tid=0x00002A6C rip=0x7FFD69541914 rsp=0xC606BFF678 window=2048
client level=info t=145531 ev=probe stage=stall set=stack tid=0x00000D30 rip=0x7FFD69541914 rsp=0xC606FFF318 window=2048
client level=info t=145531 ev=probe stage=stall set=stack tid=0x00002D28 rip=0x7FFD69544A14 rsp=0xC6073FFBE8 window=2048
client level=info t=145531 ev=probe stage=stall set=stack tid=0x00000DF8 rip=0x7FFD69541914 rsp=0xC6077FF1E8 window=2048
client level=info t=145531 ev=probe stage=stall set=stack tid=0x00003520 rip=0x7FFD69544A14 rsp=0xC607BFFC18 window=2048
client level=info t=145531 ev=probe stage=stall set=stack tid=0x00003C20 rip=0x7FFD69541914 rsp=0xC607FFF738 window=2048
client level=info t=145531 ev=probe stage=stall set=stack tid=0x00002BA4 rip=0x7FFD69544A14 rsp=0xC6083FF808 window=2048
client level=info t=145531 ev=probe stage=stall set=stack tid=0x00002040 rip=0x7FFD69541914 rsp=0xC6087FF298 window=2048
client level=info t=145531 ev=probe stage=stall set=stack tid=0x00000FE0 rip=0x7FFD69544A14 rsp=0xC608BFF7A8 window=2048
client level=info t=145531 ev=probe stage=stall set=stack tid=0x00003E90 rip=0x7FFD69544A14 rsp=0xC608FFFC68 window=512
client level=info t=145531 ev=probe stage=stall set=stack tid=0x00001DCC rip=0x7FFD69541914 rsp=0xC6013FF918 window=2048
client level=info t=147047 ev=retail site=81 text=application_state: Suspend state changed from [partial] to [active]
client level=info t=147500 ev=retail site=81 text=application_state: Suspend state changed from [active] to [partial]
client level=info t=149281 ev=retail site=81 text=application_state: Suspend state changed from [partial] to [active]
client level=info t=153672 ev=retail site=81 text=application_state: Suspend state changed from [active] to [partial]
client level=info t=154250 ev=retail site=81 text=application_state: Suspend state changed from [partial] to [active]
client level=info t=154625 ev=retail site=81 text=application_state: Suspend state changed from [active] to [partial]
client level=info t=155266 ev=retail site=81 text=application_state: Suspend state changed from [partial] to [active]
client level=info t=155906 ev=retail site=81 text=application_state: Suspend state changed from [active] to [partial]
client level=warn t=160531 ev=probe stage=stall result=detected idle=81328 count=10709
client level=info t=160562 ev=probe stage=stall set=stack tid=0x000034CC rip=0x7FFD69540E44 rsp=0xC6706FF448 window=2048
client level=info t=160562 ev=probe stage=stall set=frames tid=0x000034CC f0=exe+0xB54BE2 f1=exe+0x302465 f2=exe+0xB58F1F f3=exe+0x1C151D8 f4=exe+0x0 f5=exe+0xB5268C f6=exe+0x80DA9B1 f7=exe+0x48564BA
client level=info t=160562 ev=probe stage=stall set=frames tid=0x000034CC f8=exe+0x93FC7 f9=exe+0x0 f10=exe+0x1C151C8
client level=info t=160562 ev=probe stage=stall set=stack tid=0x00001AE0 rip=0x7FFD69544A74 rsp=0xC670BFF838 window=2048
client level=info t=160562 ev=probe stage=stall set=stack tid=0x00003448 rip=0x7FFD69544A74 rsp=0xC670FFF568 window=2048
client level=info t=160562 ev=probe stage=stall set=stack tid=0x00003D98 rip=0x7FFD69544A74 rsp=0xC6713FF648 window=2048
client level=info t=160562 ev=probe stage=stall set=stack tid=0x00001AC0 rip=0x7FFD69544A74 rsp=0xC6717FF728 window=2048
client level=info t=160562 ev=probe stage=stall set=stack tid=0x0000423C rip=0x7FFD69541444 rsp=0xC671FFF6E8 window=2048
client level=info t=160562 ev=probe stage=stall set=frames tid=0x0000423C f0=exe+0x1681597 f1=exe+0x3B1A77 f2=exe+0x3AFF70 f3=exe+0x4F5C89E f4=exe+0x69533FF f5=exe+0x6DD9A7A f6=exe+0x47DA9CB f7=exe+0x0
client level=info t=160562 ev=probe stage=stall set=frames tid=0x0000423C f8=exe+0x3FB1A5A f9=exe+0x69533FF f10=exe+0x3AFF70
client level=info t=160562 ev=probe stage=stall set=stack tid=0x00001B30 rip=0x7FFD69544A74 rsp=0xC6723FF818 window=2048
client level=info t=160562 ev=probe stage=stall set=stack tid=0x00003EEC rip=0x7FFD69544A74 rsp=0xC6727FFAD8 window=1024
client level=info t=160562 ev=probe stage=stall set=stack tid=0x00002560 rip=0x7FFD69540E44 rsp=0xC672BFFAF8 window=1024
client level=info t=160562 ev=probe stage=stall set=frames tid=0x00002560 f0=exe+0x1280280 f1=exe+0x0 f2=exe+0x242CD10 f3=exe+0x1280201 f4=exe+0x3023E5 f5=exe+0x348061 f6=exe+0x7CB8EAA f7=exe+0x7039128
client level=info t=160562 ev=probe stage=stall set=frames tid=0x00002560 f8=exe+0x128029D f9=exe+0x0 f10=exe+0x1280280 f11=exe+0x129869C
client level=info t=160562 ev=probe stage=stall set=stack tid=0x00003248 rip=0x7FFD69541444 rsp=0xC672FF19F8 window=2048
client level=info t=160562 ev=probe stage=stall set=frames tid=0x00003248 f0=exe+0x1299FD0 f1=exe+0x1299FD0 f2=exe+0x0 f3=exe+0x1299FD0 f4=exe+0x128038A f5=exe+0x0 f6=exe+0x31B159 f7=exe+0x1BE04D0
client level=info t=160562 ev=probe stage=stall set=frames tid=0x00003248 f8=own+0x11C069 f9=exe+0x1BE04D0 f10=own+0x11C719 f11=exe+0x1C81108 f12=exe+0x2FCDAF f13=exe+0x1C81108 f14=exe+0x32CDD9 f15=exe+0x12989AE
client level=info t=160562 ev=probe stage=stall set=stack tid=0x000034EC rip=0x7FFD69540E44 rsp=0xC6733FF748 window=2048
client level=info t=160562 ev=probe stage=stall set=frames tid=0x000034EC f0=exe+0x2E59D30 f1=exe+0x302465 f2=exe+0x31D073 f3=exe+0x31D0BA f4=exe+0x318894 f5=exe+0x20D6E38 f6=exe+0x31B241 f7=exe+0x3537B3
client level=info t=160562 ev=probe stage=stall set=frames tid=0x000034EC f8=exe+0x20D6E38 f9=exe+0x20D6E38 f10=exe+0x353874 f11=exe+0x20D6E38 f12=exe+0x20D6E5C f13=exe+0x3537D0 f14=exe+0x20D6E38
client level=info t=160562 ev=probe stage=stall set=stack tid=0x000029A4 rip=0x7FFD69541444 rsp=0xC6737FDD78 window=2048
client level=info t=160562 ev=probe stage=stall set=frames tid=0x000029A4 f0=exe+0x20D7A80 f1=exe+0x20D7A80 f2=exe+0x3550FB f3=exe+0x20D7A38 f4=exe+0x1DC60C8 f5=exe+0x1DC60D4 f6=exe+0x1B87974 f7=exe+0x1DC60C8
client level=info t=160562 ev=probe stage=stall set=frames tid=0x000029A4 f8=exe+0x3537B3 f9=exe+0x35ECC44 f10=exe+0x3537B3 f11=exe+0x35ECC44 f12=exe+0x35ECC44 f13=exe+0x3537B3 f14=exe+0x35ECC44 f15=exe+0x2E5CB10
client level=info t=160562 ev=probe stage=stall set=stack tid=0x000019D4 rip=0x7FFD69540E44 rsp=0xC673BFFBA8 window=1024
client level=info t=160562 ev=probe stage=stall set=frames tid=0x000019D4 f0=exe+0x302465 f1=exe+0x31D073 f2=exe+0x31D0BA f3=exe+0x318894 f4=exe+0x20D8638 f5=exe+0x31B241 f6=exe+0x3537B3 f7=exe+0x20D8638
client level=info t=160562 ev=probe stage=stall set=frames tid=0x000019D4 f8=exe+0x20D8638 f9=exe+0x353874 f10=exe+0x20D8638 f11=exe+0x20D865C f12=exe+0x3537D0 f13=exe+0x20D8638
client level=info t=160562 ev=probe stage=stall set=stack tid=0x000020D4 rip=0x7FFD69540E44 rsp=0xC673FFF7B8 window=2048
client level=info t=160562 ev=probe stage=stall set=frames tid=0x000020D4 f0=exe+0x302465 f1=exe+0x31D073 f2=exe+0x2E7ABC0 f3=exe+0x31D0BA f4=exe+0x318894 f5=exe+0x20D9238 f6=exe+0x31B241 f7=exe+0x3537B3
client level=info t=160562 ev=probe stage=stall set=frames tid=0x000020D4 f8=exe+0x20D9238 f9=exe+0x20D9238 f10=exe+0x353874 f11=exe+0x20D9238 f12=exe+0x20D925C f13=exe+0x3537D0 f14=exe+0x20D9238
client level=info t=160562 ev=probe stage=stall set=stack tid=0x00003480 rip=0x7FFD69541444 rsp=0xC6743FD6F8 window=2048
client level=info t=160562 ev=probe stage=stall set=frames tid=0x00003480 f0=exe+0x20D9E80 f1=exe+0x20D9E80 f2=exe+0x3550FB f3=exe+0x20D9E38 f4=exe+0x1DC60C8 f5=exe+0x1DC60D4 f6=exe+0x1B87974 f7=exe+0x1DC60C8
client level=info t=160562 ev=probe stage=stall set=frames tid=0x00003480 f8=exe+0x3537B3 f9=exe+0x35ECC44 f10=exe+0x3537B3 f11=exe+0x35ECC44 f12=exe+0x35ECC44 f13=exe+0x3537B3 f14=exe+0x35ECC44 f15=exe+0x353874
client level=info t=160562 ev=probe stage=stall set=stack tid=0x000026B0 rip=0x7FFD69540E44 rsp=0xC6747FF6E8 window=2048
client level=info t=160562 ev=probe stage=stall set=frames tid=0x000026B0 f0=exe+0x2E5B380 f1=exe+0x302465 f2=exe+0x31D073 f3=exe+0x31D0BA f4=exe+0x318894 f5=exe+0x20DAA38 f6=exe+0x31B241 f7=exe+0x3537B3
client level=info t=160562 ev=probe stage=stall set=frames tid=0x000026B0 f8=exe+0x20DAA38 f9=exe+0x20DAA38 f10=exe+0x353874 f11=exe+0x20DAA38 f12=exe+0x20DAA5C f13=exe+0x3537D0 f14=exe+0x20DAA38
client level=info t=160562 ev=probe stage=stall set=stack tid=0x00002E34 rip=0x7FFD69540E44 rsp=0xC674BFF648 window=2048
client level=info t=160562 ev=probe stage=stall set=frames tid=0x00002E34 f0=exe+0x302465 f1=exe+0x31D073 f2=exe+0x31D0BA f3=exe+0x318894 f4=exe+0x20EEE48 f5=exe+0x31B241 f6=exe+0x3537B3 f7=exe+0x20EEE48
client level=info t=160562 ev=probe stage=stall set=frames tid=0x00002E34 f8=exe+0x20EEE48 f9=exe+0x353874 f10=exe+0x20EEE48 f11=exe+0x20EEE6C f12=exe+0x3537D0 f13=exe+0x20EEE48
client level=info t=160562 ev=probe stage=stall set=stack tid=0x00004A10 rip=0x7FFD69540E44 rsp=0xC674FFF8E8 window=2048
client level=info t=160562 ev=probe stage=stall set=frames tid=0x00004A10 f0=exe+0x302465 f1=exe+0x31D073 f2=exe+0x31D0BA f3=exe+0x318894 f4=exe+0x20EFA48 f5=exe+0x31B241 f6=exe+0x3537B3 f7=exe+0x20EFA48
client level=info t=160562 ev=probe stage=stall set=frames tid=0x00004A10 f8=exe+0x20EFA48 f9=exe+0x353874 f10=exe+0x20EFA48 f11=exe+0x20EFA6C f12=exe+0x3537D0 f13=exe+0x20EFA48
client level=info t=160562 ev=probe stage=stall set=stack tid=0x00003F24 rip=0x7FFD69541444 rsp=0xC6753FF428 window=2048
client level=info t=160562 ev=probe stage=stall set=frames tid=0x00003F24 f0=exe+0x1AEBDFF
client level=info t=160562 ev=probe stage=stall set=stack tid=0x00004388 rip=0x7FFD69540E44 rsp=0xC6757FF958 window=2048
client level=info t=160562 ev=probe stage=stall set=frames tid=0x00004388 f0=exe+0x1AE9B80
client level=info t=160562 ev=probe stage=stall set=stack tid=0x000043CC rip=0x7FFD66761344 rsp=0xC675BFFC48 window=2048
client level=info t=160562 ev=probe stage=stall set=frames tid=0x000043CC f0=exe+0x2686900 f1=exe+0x2686900 f2=exe+0x3C5F69 f3=exe+0x26869E0 f4=exe+0x26869E0 f5=exe+0x3BD893 f6=exe+0x26869E0 f7=exe+0x3BDA99
client level=info t=160562 ev=probe stage=stall set=frames tid=0x000043CC f8=exe+0x26869E0 f9=exe+0x3537B3 f10=exe+0x26869E0 f11=exe+0x353874 f12=exe+0x26869E0 f13=exe+0x2686A04 f14=exe+0x3537D0 f15=exe+0x26869E0
client level=info t=160562 ev=probe stage=stall set=stack tid=0x00001E3C rip=0x7FFD66761344 rsp=0xC675FFF908 window=2048
client level=info t=160562 ev=probe stage=stall set=frames tid=0x00001E3C f0=exe+0x3BDA55 f1=exe+0x26869E0 f2=exe+0x26875E0 f3=exe+0x3537B3 f4=exe+0x26875E0 f5=exe+0x353874 f6=exe+0x26875E0 f7=exe+0x2687604
client level=info t=160562 ev=probe stage=stall set=frames tid=0x00001E3C f8=exe+0x3537D0 f9=exe+0x26875E0
client level=info t=160562 ev=probe stage=stall set=stack tid=0x00002500 rip=0x7FFD69540EE4 rsp=0xC6763FFAD8 window=2048
client level=info t=160562 ev=probe stage=stall set=stack tid=0x000042E0 rip=0x7FFD69544A14 rsp=0xC676BFF8E8 window=2048
client level=info t=160562 ev=probe stage=stall set=stack tid=0x00000F90 rip=0x7FFD69544A14 rsp=0xC676FFFB48 window=2048
client level=info t=160562 ev=probe stage=stall set=stack tid=0x000009E8 rip=0x7FFD69540E44 rsp=0xC6773FFB08 window=2048
client level=info t=160562 ev=probe stage=stall set=stack tid=0x0000243C rip=0x7FFD69540E44 rsp=0xC6767FFA58 window=2048
client level=info t=160562 ev=probe stage=stall set=stack tid=0x000028C4 rip=0x7FFD69540E44 rsp=0xC6777FFC28 window=2048
client level=info t=160562 ev=probe stage=stall set=stack tid=0x00004158 rip=0x7FFD69540E44 rsp=0xC677BFFA38 window=2048
client level=info t=160562 ev=probe stage=stall set=stack tid=0x00004AD4 rip=0x7FFD69540E44 rsp=0xC677FFFC48 window=2048
client level=info t=160562 ev=probe stage=stall set=stack tid=0x00003E3C rip=0x7FFD69540E44 rsp=0xC6783FFA78 window=2048
client level=info t=160562 ev=probe stage=stall set=stack tid=0x00004724 rip=0x7FFD69540E44 rsp=0xC6787FF668 window=2048
client level=info t=160562 ev=probe stage=stall set=stack tid=0x00000E14 rip=0x7FFD69540E44 rsp=0xC678BFFD48 window=2048
client level=info t=160562 ev=probe stage=stall set=stack tid=0x0000091C rip=0x7FFD69540E44 rsp=0xC678FFFB98 window=2048
client level=info t=160562 ev=probe stage=stall set=stack tid=0x00000A78 rip=0x7FFD69540E44 rsp=0xC6793FF588 window=2048
client level=info t=160562 ev=probe stage=stall set=stack tid=0x000042F0 rip=0x7FFD69540E44 rsp=0xC6797FFB48 window=2048
client level=info t=160562 ev=probe stage=stall set=stack tid=0x0000176C rip=0x7FFD69544A14 rsp=0xC679BFF8C8 window=2048
client level=info t=160562 ev=probe stage=stall set=stack tid=0x00001034 rip=0x7FFD69544A14 rsp=0xC679FFF938 window=1024
client level=info t=160562 ev=probe stage=stall set=stack tid=0x00001968 rip=0x7FFD69541914 rsp=0xC67A7FF518 window=2048
client level=info t=160562 ev=probe stage=stall set=stack tid=0x00003CBC rip=0x7FFD69540E44 rsp=0xC67ABFFC88 window=2048
client level=info t=160562 ev=probe stage=stall set=stack tid=0x0000458C rip=0x7FFD69540E44 rsp=0xC67AFFF888 window=2048
client level=info t=160562 ev=probe stage=stall set=stack tid=0x00000C4C rip=0x7FFD69540E44 rsp=0xC67B3FFAC8 window=2048
client level=info t=160562 ev=probe stage=stall set=stack tid=0x00000D0C rip=0x7FFD69540E44 rsp=0xC67B7FF9B8 window=2048
client level=info t=160562 ev=probe stage=stall set=stack tid=0x00003F84 rip=0x7FFD69540E44 rsp=0xC67BBFFB88 window=2048
client level=info t=160562 ev=probe stage=stall set=stack tid=0x00000C2C rip=0x7FFD69540E44 rsp=0xC67BFFF6E8 window=2048
client level=info t=160562 ev=probe stage=stall set=stack tid=0x00003650 rip=0x7FFD69540E44 rsp=0xC67C3FF958 window=2048
client level=info t=160562 ev=probe stage=stall set=stack tid=0x00003328 rip=0x7FFD69540E44 rsp=0xC67C7FF8E8 window=1024
client level=info t=160562 ev=probe stage=stall set=stack tid=0x00002564 rip=0x7FFD69541444 rsp=0xC67CBFF648 window=2048
client level=info t=160562 ev=probe stage=stall set=frames tid=0x00002564 f0=exe+0x26869D0 f1=exe+0x11C7C5C f2=exe+0x2E5BEC2 f3=exe+0x3537B3 f4=exe+0x2E5BE90 f5=exe+0x2E5BE90 f6=exe+0x353874 f7=exe+0x2E5BE90
client level=info t=160562 ev=probe stage=stall set=frames tid=0x00002564 f8=exe+0x2E5BEB4 f9=exe+0x3537D0 f10=exe+0x2E5BE90
client level=info t=160562 ev=probe stage=stall set=stack tid=0x000038B0 rip=0x7FFD69540E44 rsp=0xC67CFFFA68 window=1024
client level=info t=160562 ev=probe stage=stall set=frames tid=0x000038B0 f0=exe+0x2E79DE3 f1=exe+0x11DB4DB f2=exe+0x2E79DA0 f3=exe+0x3537B3 f4=exe+0x2E79DA0 f5=exe+0x353874 f6=exe+0x2E79DA0 f7=exe+0x2E79DC4
client level=info t=160562 ev=probe stage=stall set=frames tid=0x000038B0 f8=exe+0x3537D0 f9=exe+0x2E79DA0
client level=info t=160562 ev=probe stage=stall set=stack tid=0x00002F08 rip=0x7FFD69544A74 rsp=0xC67D7FF868 window=2048
client level=info t=160562 ev=probe stage=stall set=stack tid=0x00003CD8 rip=0x7FFD69544A74 rsp=0xC67DBFF688 window=2048
client level=info t=160562 ev=probe stage=stall set=stack tid=0x00002088 rip=0x7FFD69540E44 rsp=0xC67DFFFA38 window=2048
client level=info t=160562 ev=probe stage=stall set=stack tid=0x000036A4 rip=0x7FFD69540E44 rsp=0xC67E3FF9F8 window=2048
client level=info t=160562 ev=probe stage=stall set=stack tid=0x000017D8 rip=0x7FFD69540E44 rsp=0xC67E7FF828 window=2048
client level=info t=160562 ev=probe stage=stall set=stack tid=0x000033EC rip=0x7FFD69540E44 rsp=0xC67EBFFCB8 window=2048
client level=info t=160562 ev=probe stage=stall set=stack tid=0x000038E4 rip=0x7FFD69540E44 rsp=0xC67EFFF988 window=2048
client level=info t=160562 ev=probe stage=stall set=stack tid=0x00004178 rip=0x7FFD69540E44 rsp=0xC67F3FF7D8 window=2048
client level=info t=160562 ev=probe stage=stall set=stack tid=0x00002A04 rip=0x7FFD69540E44 rsp=0xC67F7FFDC8 window=2048
client level=info t=160562 ev=probe stage=stall set=stack tid=0x00004160 rip=0x7FFD69540E44 rsp=0xC67FBFFCD8 window=2048
client level=info t=160562 ev=probe stage=stall set=stack tid=0x00004834 rip=0x7FFD69540E44 rsp=0xC67FFFF6B8 window=2048
client level=info t=160562 ev=probe stage=stall set=stack tid=0x00000A34 rip=0x7FFD69540E44 rsp=0xC6003FF6E8 window=2048
client level=info t=160562 ev=probe stage=stall set=frames tid=0x00000A34 f0=exe+0x19F8801
client level=info t=160562 ev=probe stage=stall set=stack tid=0x000020A0 rip=0x7FFD69540E44 rsp=0xC6007FFB38 window=1024
client level=info t=160562 ev=probe stage=stall set=frames tid=0x000020A0 f0=exe+0x1A07446
client level=info t=160562 ev=probe stage=stall set=stack tid=0x00000C38 rip=0x7FFD69541914 rsp=0xC600BFFBB8 window=1024
client level=info t=160562 ev=probe stage=stall set=frames tid=0x00000C38 f0=exe+0x1A40E63 f1=exe+0x1A41E30
client level=info t=160562 ev=probe stage=stall set=stack tid=0x00004808 rip=0x7FFD69541914 rsp=0xC6017FFB58 window=2048
client level=info t=160562 ev=probe stage=stall set=stack tid=0x000037C0 rip=0x7FFD69541914 rsp=0xC601BFFAD8 window=1024
client level=info t=160562 ev=probe stage=stall set=stack tid=0x00002EC0 rip=0x7FFD69540E44 rsp=0xC601FFF3C8 window=2048
client level=info t=160562 ev=probe stage=stall set=frames tid=0x00002EC0 f0=exe+0x1A914FF f1=own+0x149383 f2=exe+0x39B4FB f3=exe+0x1A8222A
client level=info t=160562 ev=probe stage=stall set=stack tid=0x00001F9C rip=0x7FFD69540E44 rsp=0xC6023FFA78 window=2048
client level=info t=160562 ev=probe stage=stall set=frames tid=0x00001F9C f0=exe+0x0 f1=exe+0x1F15A90 f2=exe+0x0 f3=exe+0x30FE80 f4=exe+0x30FED2 f5=exe+0x30FE80 f6=exe+0x30FE80 f7=exe+0x129869C
client level=info t=160562 ev=probe stage=stall set=stack tid=0x00002054 rip=0x7FFD69541914 rsp=0xC6027FF448 window=2048
client level=info t=160562 ev=probe stage=stall set=stack tid=0x00004088 rip=0x7FFD69541914 rsp=0xC602BFDFB8 window=2048
client level=info t=160562 ev=probe stage=stall set=frames tid=0x00004088 f0=exe+0x3E8155
client level=info t=160562 ev=probe stage=stall set=stack tid=0x00004B60 rip=0x7FFD69541444 rsp=0xC6033FFA78 window=2048
client level=info t=160562 ev=probe stage=stall set=frames tid=0x00004B60 f0=own+0x695A60 f1=own+0x679AE8 f2=own+0x679AC8 f3=own+0x679AC8 f4=own+0x679AE8 f5=own+0x1DA83B f6=own+0x679AC8 f7=own+0x679AE8
client level=info t=160562 ev=probe stage=stall set=stack tid=0x000015F4 rip=0x7FFD69540EE4 rsp=0xC6037FF778 window=2048
client level=info t=160562 ev=probe stage=stall set=stack tid=0x00003E4C rip=0x7FFD69541444 rsp=0xC603BFFC58 window=512
client level=info t=160562 ev=probe stage=stall set=frames tid=0x00003E4C f0=exe+0x31DA0A0 f1=exe+0x173A58B f2=exe+0x31DA5A0 f3=exe+0x3537B3 f4=exe+0x31DA5A0 f5=exe+0x353874 f6=exe+0x31DA5A0 f7=exe+0x31DA5C4
client level=info t=160562 ev=probe stage=stall set=frames tid=0x00003E4C f8=exe+0x3537D0 f9=exe+0x31DA5A0
client level=info t=160562 ev=probe stage=stall set=stack tid=0x000032E0 rip=0x7FFD69544A14 rsp=0xC6043FFAC8 window=2048
client level=info t=160562 ev=probe stage=stall set=stack tid=0x00001CF8 rip=0x7FFD69541914 rsp=0xC6047FF3C8 window=2048
client level=info t=160562 ev=probe stage=stall set=stack tid=0x00001F40 rip=0x7FFD69544A14 rsp=0xC604BFEFA8 window=2048
client level=info t=160562 ev=probe stage=stall set=frames tid=0x00001F40 f0=exe+0x7C97F8 f1=exe+0x294B57 f2=exe+0x0 f3=exe+0x91790 f4=exe+0x0 f5=exe+0x91790
client level=info t=160562 ev=probe stage=stall set=stack tid=0x00000854 rip=0x7FFD69544A14 rsp=0xC604FFEE78 window=2048
client level=info t=160562 ev=probe stage=stall set=frames tid=0x00000854 f0=exe+0x7C97F8 f1=exe+0x294B57 f2=exe+0x0 f3=exe+0x91790 f4=exe+0x0 f5=exe+0x91790
client level=info t=160562 ev=probe stage=stall set=stack tid=0x00002D58 rip=0x7FFD69544A14 rsp=0xC6053FF1A8 window=2048
client level=info t=160562 ev=probe stage=stall set=frames tid=0x00002D58 f0=exe+0x7C97F8 f1=exe+0x294B57 f2=exe+0x0 f3=exe+0x91790 f4=exe+0x0 f5=exe+0x91790
client level=info t=160562 ev=probe stage=stall set=stack tid=0x00003FC0 rip=0x7FFD69541914 rsp=0xC6057FEFA8 window=2048
client level=info t=160562 ev=probe stage=stall set=stack tid=0x00003020 rip=0x7FFD69544A14 rsp=0xC605BFFBF8 window=2048
client level=info t=160562 ev=probe stage=stall set=stack tid=0x00002CA8 rip=0x7FFD69544A14 rsp=0xC605FFF888 window=2048
client level=info t=160562 ev=probe stage=stall set=stack tid=0x000034A8 rip=0x7FFD69544A14 rsp=0xC6063FFC68 window=2048
client level=info t=160562 ev=probe stage=stall set=stack tid=0x000022B8 rip=0x7FFD69544A14 rsp=0xC6067FF9D8 window=2048
client level=info t=160562 ev=probe stage=stall set=stack tid=0x00002A6C rip=0x7FFD69541914 rsp=0xC606BFF678 window=2048
client level=info t=160562 ev=probe stage=stall set=stack tid=0x00000D30 rip=0x7FFD69541914 rsp=0xC606FFF318 window=2048
client level=info t=160562 ev=probe stage=stall set=stack tid=0x00002D28 rip=0x7FFD69544A14 rsp=0xC6073FFBE8 window=2048
client level=info t=160562 ev=probe stage=stall set=stack tid=0x00000DF8 rip=0x7FFD69541914 rsp=0xC6077FF1E8 window=2048
client level=info t=160562 ev=probe stage=stall set=stack tid=0x00003520 rip=0x7FFD69544A14 rsp=0xC607BFFC18 window=2048
client level=info t=160562 ev=probe stage=stall set=stack tid=0x00003C20 rip=0x7FFD69541914 rsp=0xC607FFF738 window=2048
client level=info t=160562 ev=probe stage=stall set=stack tid=0x00002BA4 rip=0x7FFD69544A14 rsp=0xC6083FF808 window=2048
client level=info t=160562 ev=probe stage=stall set=stack tid=0x00002040 rip=0x7FFD69541914 rsp=0xC6087FF298 window=2048
client level=info t=160562 ev=probe stage=stall set=stack tid=0x00000FE0 rip=0x7FFD69544A14 rsp=0xC608BFF7A8 window=2048
client level=info t=160562 ev=probe stage=stall set=stack tid=0x00003E90 rip=0x7FFD69544A14 rsp=0xC608FFFC68 window=512
client level=info t=160562 ev=probe stage=stall set=stack tid=0x00001DCC rip=0x7FFD69541914 rsp=0xC6013FF918 window=2048
client level=info t=163875 ev=retail site=81 text=application_state: Suspend state changed from [partial] to [active]
client level=info t=164250 ev=retail site=81 text=application_state: Suspend state changed from [active] to [partial]
client level=warn t=175578 ev=probe stage=stall result=detected idle=96375 count=10709
client level=info t=175609 ev=probe stage=stall set=stack tid=0x000034CC rip=0x7FFD69540E44 rsp=0xC6706FF448 window=2048
client level=info t=175609 ev=probe stage=stall set=frames tid=0x000034CC f0=exe+0xB54BE2 f1=exe+0x302465 f2=exe+0xB58F1F f3=exe+0x1C151D8 f4=exe+0x0 f5=exe+0xB5268C f6=exe+0x80DA9B1 f7=exe+0x48564BA
client level=info t=175609 ev=probe stage=stall set=frames tid=0x000034CC f8=exe+0x93FC7 f9=exe+0x0 f10=exe+0x1C151C8
client level=info t=175609 ev=probe stage=stall set=stack tid=0x00001AE0 rip=0x7FFD69544A74 rsp=0xC670BFF838 window=2048
client level=info t=175609 ev=probe stage=stall set=stack tid=0x00003448 rip=0x7FFD69544A74 rsp=0xC670FFF568 window=2048
client level=info t=175609 ev=probe stage=stall set=stack tid=0x00003D98 rip=0x7FFD69544A74 rsp=0xC6713FF648 window=2048
client level=info t=175609 ev=probe stage=stall set=stack tid=0x00001AC0 rip=0x7FFD69544A74 rsp=0xC6717FF728 window=2048
client level=info t=175609 ev=probe stage=stall set=stack tid=0x0000423C rip=0x7FFD69541444 rsp=0xC671FFF6E8 window=2048
client level=info t=175609 ev=probe stage=stall set=frames tid=0x0000423C f0=exe+0x267D140 f1=exe+0x3B1A77 f2=exe+0x3AFF70 f3=exe+0x4F5C89E f4=exe+0x69533FF f5=exe+0x6DD9A7A f6=exe+0x47DA9CB f7=exe+0x0
client level=info t=175609 ev=probe stage=stall set=frames tid=0x0000423C f8=exe+0x3FB1A5A f9=exe+0x69533FF f10=exe+0x3AFF70
client level=info t=175609 ev=probe stage=stall set=stack tid=0x00001B30 rip=0x7FFD69544A74 rsp=0xC6723FF818 window=2048
client level=info t=175609 ev=probe stage=stall set=stack tid=0x00003EEC rip=0x7FFD69544A74 rsp=0xC6727FFAD8 window=1024
client level=info t=175609 ev=probe stage=stall set=stack tid=0x00002560 rip=0x7FFD69540E44 rsp=0xC672BFFAF8 window=1024
client level=info t=175609 ev=probe stage=stall set=frames tid=0x00002560 f0=exe+0x1280280 f1=exe+0x0 f2=exe+0x242CD10 f3=exe+0x1280201 f4=exe+0x3023E5 f5=exe+0x348061 f6=exe+0x7CB8EAA f7=exe+0x7039128
client level=info t=175609 ev=probe stage=stall set=frames tid=0x00002560 f8=exe+0x128029D f9=exe+0x0 f10=exe+0x1280280 f11=exe+0x129869C
client level=info t=175609 ev=probe stage=stall set=stack tid=0x00003248 rip=0x7FFD69541444 rsp=0xC672FF19F8 window=2048
client level=info t=175609 ev=probe stage=stall set=frames tid=0x00003248 f0=exe+0x1299FD0 f1=exe+0x1299FD0 f2=exe+0x0 f3=exe+0x1299FD0 f4=exe+0x128038A f5=exe+0x0 f6=exe+0x31B159 f7=exe+0x1BE04D0
client level=info t=175609 ev=probe stage=stall set=frames tid=0x00003248 f8=own+0x11C069 f9=exe+0x1BE04D0 f10=own+0x11C719 f11=exe+0x1C81108 f12=exe+0x2FCDAF f13=exe+0x1C81108 f14=exe+0x32CDD9 f15=exe+0x12989AE
client level=info t=175609 ev=probe stage=stall set=stack tid=0x000034EC rip=0x7FFD69540E44 rsp=0xC6733FF748 window=2048
client level=info t=175609 ev=probe stage=stall set=frames tid=0x000034EC f0=exe+0x2E59D30 f1=exe+0x302465 f2=exe+0x31D073 f3=exe+0x31D0BA f4=exe+0x318894 f5=exe+0x20D6E38 f6=exe+0x31B241 f7=exe+0x3537B3
client level=info t=175609 ev=probe stage=stall set=frames tid=0x000034EC f8=exe+0x20D6E38 f9=exe+0x20D6E38 f10=exe+0x353874 f11=exe+0x20D6E38 f12=exe+0x20D6E5C f13=exe+0x3537D0 f14=exe+0x20D6E38
client level=info t=175609 ev=probe stage=stall set=stack tid=0x000029A4 rip=0x7FFD69541444 rsp=0xC6737FDD78 window=2048
client level=info t=175609 ev=probe stage=stall set=frames tid=0x000029A4 f0=exe+0x20D7A80 f1=exe+0x20D7A80 f2=exe+0x3550FB f3=exe+0x20D7A38 f4=exe+0x1DC60C8 f5=exe+0x1DC60D4 f6=exe+0x1B87974 f7=exe+0x1DC60C8
client level=info t=175609 ev=probe stage=stall set=frames tid=0x000029A4 f8=exe+0x3537B3 f9=exe+0x35ECC44 f10=exe+0x3537B3 f11=exe+0x35ECC44 f12=exe+0x35ECC44 f13=exe+0x3537B3 f14=exe+0x35ECC44 f15=exe+0x2E5CB10
client level=info t=175609 ev=probe stage=stall set=stack tid=0x000019D4 rip=0x7FFD69540E44 rsp=0xC673BFFBA8 window=1024
client level=info t=175609 ev=probe stage=stall set=frames tid=0x000019D4 f0=exe+0x302465 f1=exe+0x31D073 f2=exe+0x31D0BA f3=exe+0x318894 f4=exe+0x20D8638 f5=exe+0x31B241 f6=exe+0x3537B3 f7=exe+0x20D8638
client level=info t=175609 ev=probe stage=stall set=frames tid=0x000019D4 f8=exe+0x20D8638 f9=exe+0x353874 f10=exe+0x20D8638 f11=exe+0x20D865C f12=exe+0x3537D0 f13=exe+0x20D8638
client level=info t=175609 ev=probe stage=stall set=stack tid=0x000020D4 rip=0x7FFD69540E44 rsp=0xC673FFF7B8 window=2048
client level=info t=175609 ev=probe stage=stall set=frames tid=0x000020D4 f0=exe+0x302465 f1=exe+0x31D073 f2=exe+0x2E7ABC0 f3=exe+0x31D0BA f4=exe+0x318894 f5=exe+0x20D9238 f6=exe+0x31B241 f7=exe+0x3537B3
client level=info t=175609 ev=probe stage=stall set=frames tid=0x000020D4 f8=exe+0x20D9238 f9=exe+0x20D9238 f10=exe+0x353874 f11=exe+0x20D9238 f12=exe+0x20D925C f13=exe+0x3537D0 f14=exe+0x20D9238
client level=info t=175609 ev=probe stage=stall set=stack tid=0x00003480 rip=0x7FFD69541444 rsp=0xC6743FD6F8 window=2048
client level=info t=175609 ev=probe stage=stall set=frames tid=0x00003480 f0=exe+0x20D9E80 f1=exe+0x20D9E80 f2=exe+0x3550FB f3=exe+0x20D9E38 f4=exe+0x1DC60C8 f5=exe+0x1DC60D4 f6=exe+0x1B87974 f7=exe+0x1DC60C8
client level=info t=175609 ev=probe stage=stall set=frames tid=0x00003480 f8=exe+0x3537B3 f9=exe+0x35ECC44 f10=exe+0x3537B3 f11=exe+0x35ECC44 f12=exe+0x35ECC44 f13=exe+0x3537B3 f14=exe+0x35ECC44 f15=exe+0x353874
client level=info t=175609 ev=probe stage=stall set=stack tid=0x000026B0 rip=0x7FFD69540E44 rsp=0xC6747FF6E8 window=2048
client level=info t=175609 ev=probe stage=stall set=frames tid=0x000026B0 f0=exe+0x2E5B380 f1=exe+0x302465 f2=exe+0x31D073 f3=exe+0x31D0BA f4=exe+0x318894 f5=exe+0x20DAA38 f6=exe+0x31B241 f7=exe+0x3537B3
client level=info t=175609 ev=probe stage=stall set=frames tid=0x000026B0 f8=exe+0x20DAA38 f9=exe+0x20DAA38 f10=exe+0x353874 f11=exe+0x20DAA38 f12=exe+0x20DAA5C f13=exe+0x3537D0 f14=exe+0x20DAA38
client level=info t=175609 ev=probe stage=stall set=stack tid=0x00002E34 rip=0x7FFD69540E44 rsp=0xC674BFF648 window=2048
client level=info t=175609 ev=probe stage=stall set=frames tid=0x00002E34 f0=exe+0x302465 f1=exe+0x31D073 f2=exe+0x31D0BA f3=exe+0x318894 f4=exe+0x20EEE48 f5=exe+0x31B241 f6=exe+0x3537B3 f7=exe+0x20EEE48
client level=info t=175609 ev=probe stage=stall set=frames tid=0x00002E34 f8=exe+0x20EEE48 f9=exe+0x353874 f10=exe+0x20EEE48 f11=exe+0x20EEE6C f12=exe+0x3537D0 f13=exe+0x20EEE48
client level=info t=175609 ev=probe stage=stall set=stack tid=0x00004A10 rip=0x7FFD69540E44 rsp=0xC674FFF8E8 window=2048
client level=info t=175609 ev=probe stage=stall set=frames tid=0x00004A10 f0=exe+0x302465 f1=exe+0x31D073 f2=exe+0x31D0BA f3=exe+0x318894 f4=exe+0x20EFA48 f5=exe+0x31B241 f6=exe+0x3537B3 f7=exe+0x20EFA48
client level=info t=175609 ev=probe stage=stall set=frames tid=0x00004A10 f8=exe+0x20EFA48 f9=exe+0x353874 f10=exe+0x20EFA48 f11=exe+0x20EFA6C f12=exe+0x3537D0 f13=exe+0x20EFA48
client level=info t=175609 ev=probe stage=stall set=stack tid=0x00003F24 rip=0x7FFD69541444 rsp=0xC6753FF428 window=2048
client level=info t=175609 ev=probe stage=stall set=frames tid=0x00003F24 f0=exe+0x1AEBDFF
client level=info t=175609 ev=probe stage=stall set=stack tid=0x00004388 rip=0x7FFD69540E44 rsp=0xC6757FF958 window=2048
client level=info t=175609 ev=probe stage=stall set=frames tid=0x00004388 f0=exe+0x1AE9B80
client level=info t=175609 ev=probe stage=stall set=stack tid=0x000043CC rip=0x7FFD66761344 rsp=0xC675BFFC48 window=2048
client level=info t=175609 ev=probe stage=stall set=frames tid=0x000043CC f0=exe+0x2686900 f1=exe+0x2686900 f2=exe+0x3C5F69 f3=exe+0x26869E0 f4=exe+0x26869E0 f5=exe+0x3BD893 f6=exe+0x26869E0 f7=exe+0x3BDA99
client level=info t=175609 ev=probe stage=stall set=frames tid=0x000043CC f8=exe+0x26869E0 f9=exe+0x3537B3 f10=exe+0x26869E0 f11=exe+0x353874 f12=exe+0x26869E0 f13=exe+0x2686A04 f14=exe+0x3537D0 f15=exe+0x26869E0
client level=info t=175609 ev=probe stage=stall set=stack tid=0x00001E3C rip=0x7FFD66761344 rsp=0xC675FFF908 window=2048
client level=info t=175609 ev=probe stage=stall set=frames tid=0x00001E3C f0=exe+0x3BDA55 f1=exe+0x26869E0 f2=exe+0x26875E0 f3=exe+0x3537B3 f4=exe+0x26875E0 f5=exe+0x353874 f6=exe+0x26875E0 f7=exe+0x2687604
client level=info t=175609 ev=probe stage=stall set=frames tid=0x00001E3C f8=exe+0x3537D0 f9=exe+0x26875E0
client level=info t=175609 ev=probe stage=stall set=stack tid=0x00002500 rip=0x7FFD69540EE4 rsp=0xC6763FFAD8 window=2048
client level=info t=175609 ev=probe stage=stall set=stack tid=0x000042E0 rip=0x7FFD69544A14 rsp=0xC676BFF8E8 window=2048
client level=info t=175609 ev=probe stage=stall set=stack tid=0x00000F90 rip=0x7FFD69544A14 rsp=0xC676FFFB48 window=2048
client level=info t=175609 ev=probe stage=stall set=stack tid=0x000009E8 rip=0x7FFD69540E44 rsp=0xC6773FFB08 window=2048
client level=info t=175609 ev=probe stage=stall set=stack tid=0x0000243C rip=0x7FFD69540E44 rsp=0xC6767FFA58 window=2048
client level=info t=175609 ev=probe stage=stall set=stack tid=0x000028C4 rip=0x7FFD69540E44 rsp=0xC6777FFC28 window=2048
client level=info t=175609 ev=probe stage=stall set=stack tid=0x00004158 rip=0x7FFD69540E44 rsp=0xC677BFFA38 window=2048
client level=info t=175609 ev=probe stage=stall set=stack tid=0x00004AD4 rip=0x7FFD69540E44 rsp=0xC677FFFC48 window=2048
client level=info t=175609 ev=probe stage=stall set=stack tid=0x00003E3C rip=0x7FFD69540E44 rsp=0xC6783FFA78 window=2048
client level=info t=175609 ev=probe stage=stall set=stack tid=0x00004724 rip=0x7FFD69540E44 rsp=0xC6787FF668 window=2048
client level=info t=175609 ev=probe stage=stall set=stack tid=0x00000E14 rip=0x7FFD69540E44 rsp=0xC678BFFD48 window=2048
client level=info t=175609 ev=probe stage=stall set=stack tid=0x0000091C rip=0x7FFD69540E44 rsp=0xC678FFFB98 window=2048
client level=info t=175609 ev=probe stage=stall set=stack tid=0x00000A78 rip=0x7FFD69540E44 rsp=0xC6793FF588 window=2048
client level=info t=175609 ev=probe stage=stall set=stack tid=0x000042F0 rip=0x7FFD69540E44 rsp=0xC6797FFB48 window=2048
client level=info t=175609 ev=probe stage=stall set=stack tid=0x0000176C rip=0x7FFD69544A14 rsp=0xC679BFF8C8 window=2048
client level=info t=175609 ev=probe stage=stall set=stack tid=0x00001034 rip=0x7FFD69544A14 rsp=0xC679FFF938 window=1024
client level=info t=175609 ev=probe stage=stall set=stack tid=0x00001968 rip=0x7FFD69541914 rsp=0xC67A7FF518 window=2048
client level=info t=175609 ev=probe stage=stall set=stack tid=0x00003CBC rip=0x7FFD69540E44 rsp=0xC67ABFFC88 window=2048
client level=info t=175609 ev=probe stage=stall set=stack tid=0x0000458C rip=0x7FFD69540E44 rsp=0xC67AFFF888 window=2048
client level=info t=175609 ev=probe stage=stall set=stack tid=0x00000C4C rip=0x7FFD69540E44 rsp=0xC67B3FFAC8 window=2048
client level=info t=175609 ev=probe stage=stall set=stack tid=0x00000D0C rip=0x7FFD69540E44 rsp=0xC67B7FF9B8 window=2048
client level=info t=175609 ev=probe stage=stall set=stack tid=0x00003F84 rip=0x7FFD69540E44 rsp=0xC67BBFFB88 window=2048
client level=info t=175609 ev=probe stage=stall set=stack tid=0x00000C2C rip=0x7FFD69540E44 rsp=0xC67BFFF6E8 window=2048
client level=info t=175609 ev=probe stage=stall set=stack tid=0x00003650 rip=0x7FFD69540E44 rsp=0xC67C3FF958 window=2048
client level=info t=175609 ev=probe stage=stall set=stack tid=0x00003328 rip=0x7FFD69540E44 rsp=0xC67C7FF8E8 window=1024
client level=info t=175609 ev=probe stage=stall set=stack tid=0x00002564 rip=0x7FFD69541444 rsp=0xC67CBFF648 window=2048
client level=info t=175609 ev=probe stage=stall set=frames tid=0x00002564 f0=exe+0x26869D0 f1=exe+0x11C7C5C f2=exe+0x2E5BEC2 f3=exe+0x3537B3 f4=exe+0x2E5BE90 f5=exe+0x2E5BE90 f6=exe+0x353874 f7=exe+0x2E5BE90
client level=info t=175609 ev=probe stage=stall set=frames tid=0x00002564 f8=exe+0x2E5BEB4 f9=exe+0x3537D0 f10=exe+0x2E5BE90
client level=info t=175609 ev=probe stage=stall set=stack tid=0x000038B0 rip=0x7FFD69540E44 rsp=0xC67CFFFA68 window=1024
client level=info t=175609 ev=probe stage=stall set=frames tid=0x000038B0 f0=exe+0x2E79DE3 f1=exe+0x11DB4DB f2=exe+0x2E79DA0 f3=exe+0x3537B3 f4=exe+0x2E79DA0 f5=exe+0x353874 f6=exe+0x2E79DA0 f7=exe+0x2E79DC4
client level=info t=175609 ev=probe stage=stall set=frames tid=0x000038B0 f8=exe+0x3537D0 f9=exe+0x2E79DA0
client level=info t=175609 ev=probe stage=stall set=stack tid=0x00002F08 rip=0x7FFD69544A74 rsp=0xC67D7FF868 window=2048
client level=info t=175609 ev=probe stage=stall set=stack tid=0x00003CD8 rip=0x7FFD69544A74 rsp=0xC67DBFF688 window=2048
client level=info t=175609 ev=probe stage=stall set=stack tid=0x00002088 rip=0x7FFD69540E44 rsp=0xC67DFFFA38 window=2048
client level=info t=175609 ev=probe stage=stall set=stack tid=0x000036A4 rip=0x7FFD69540E44 rsp=0xC67E3FF9F8 window=2048
client level=info t=175609 ev=probe stage=stall set=stack tid=0x000017D8 rip=0x7FFD69540E44 rsp=0xC67E7FF828 window=2048
client level=info t=175609 ev=probe stage=stall set=stack tid=0x000033EC rip=0x7FFD69540E44 rsp=0xC67EBFFCB8 window=2048
client level=info t=175609 ev=probe stage=stall set=stack tid=0x000038E4 rip=0x7FFD69540E44 rsp=0xC67EFFF988 window=2048
client level=info t=175609 ev=probe stage=stall set=stack tid=0x00004178 rip=0x7FFD69540E44 rsp=0xC67F3FF7D8 window=2048
client level=info t=175609 ev=probe stage=stall set=stack tid=0x00002A04 rip=0x7FFD69540E44 rsp=0xC67F7FFDC8 window=2048
client level=info t=175609 ev=probe stage=stall set=stack tid=0x00004160 rip=0x7FFD69540E44 rsp=0xC67FBFFCD8 window=2048
client level=info t=175609 ev=probe stage=stall set=stack tid=0x00004834 rip=0x7FFD69540E44 rsp=0xC67FFFF6B8 window=2048
client level=info t=175609 ev=probe stage=stall set=stack tid=0x00000A34 rip=0x7FFD69540E44 rsp=0xC6003FF6E8 window=2048
client level=info t=175609 ev=probe stage=stall set=frames tid=0x00000A34 f0=exe+0x19F8801
client level=info t=175609 ev=probe stage=stall set=stack tid=0x000020A0 rip=0x7FFD69540E44 rsp=0xC6007FFB38 window=1024
client level=info t=175609 ev=probe stage=stall set=frames tid=0x000020A0 f0=exe+0x1A07446
client level=info t=175609 ev=probe stage=stall set=stack tid=0x00000C38 rip=0x7FFD69541914 rsp=0xC600BFFBB8 window=1024
client level=info t=175609 ev=probe stage=stall set=frames tid=0x00000C38 f0=exe+0x1A40E63 f1=exe+0x1A41E30
client level=info t=175609 ev=probe stage=stall set=stack tid=0x00004808 rip=0x7FFD69541914 rsp=0xC6017FFB58 window=2048
client level=info t=175609 ev=probe stage=stall set=stack tid=0x000037C0 rip=0x7FFD69541914 rsp=0xC601BFFAD8 window=1024
client level=info t=175609 ev=probe stage=stall set=stack tid=0x00002EC0 rip=0x7FFD69540E44 rsp=0xC601FFF3C8 window=2048
client level=info t=175609 ev=probe stage=stall set=frames tid=0x00002EC0 f0=exe+0x1A914FF f1=own+0x149383 f2=exe+0x39B4FB f3=exe+0x1A8222A
client level=info t=175609 ev=probe stage=stall set=stack tid=0x00001F9C rip=0x7FFD69540E44 rsp=0xC6023FFA78 window=2048
client level=info t=175609 ev=probe stage=stall set=frames tid=0x00001F9C f0=exe+0x0 f1=exe+0x1F15A90 f2=exe+0x0 f3=exe+0x30FE80 f4=exe+0x30FED2 f5=exe+0x30FE80 f6=exe+0x30FE80 f7=exe+0x129869C
client level=info t=175609 ev=probe stage=stall set=stack tid=0x00002054 rip=0x7FFD69541914 rsp=0xC6027FF448 window=2048
client level=info t=175609 ev=probe stage=stall set=stack tid=0x00004088 rip=0x7FFD69541914 rsp=0xC602BFDFB8 window=2048
client level=info t=175609 ev=probe stage=stall set=frames tid=0x00004088 f0=exe+0x3E8155
client level=info t=175609 ev=probe stage=stall set=stack tid=0x00004B60 rip=0x7FFD69541444 rsp=0xC6033FFA78 window=2048
client level=info t=175609 ev=probe stage=stall set=frames tid=0x00004B60 f0=own+0x695A60 f1=own+0x679AE8 f2=own+0x679AC8 f3=own+0x679AC8 f4=own+0x679AE8 f5=own+0x1DA83B f6=own+0x679AC8 f7=own+0x679AE8
client level=info t=175609 ev=probe stage=stall set=stack tid=0x000015F4 rip=0x7FFD69540EE4 rsp=0xC6037FF778 window=2048
client level=info t=175609 ev=probe stage=stall set=stack tid=0x00003E4C rip=0x7FFD69541444 rsp=0xC603BFFC58 window=512
client level=info t=175609 ev=probe stage=stall set=frames tid=0x00003E4C f0=exe+0x173A58B f1=exe+0x31DA5A0 f2=exe+0x3537B3 f3=exe+0x31DA5A0 f4=exe+0x353874 f5=exe+0x31DA5A0 f6=exe+0x31DA5C4 f7=exe+0x3537D0
client level=info t=175609 ev=probe stage=stall set=frames tid=0x00003E4C f8=exe+0x31DA5A0
client level=info t=175609 ev=probe stage=stall set=stack tid=0x000032E0 rip=0x7FFD69544A14 rsp=0xC6043FFAC8 window=2048
client level=info t=175609 ev=probe stage=stall set=stack tid=0x00001CF8 rip=0x7FFD69541914 rsp=0xC6047FF3C8 window=2048
client level=info t=175609 ev=probe stage=stall set=stack tid=0x00001F40 rip=0x7FFD69544A14 rsp=0xC604BFEFA8 window=2048
client level=info t=175609 ev=probe stage=stall set=frames tid=0x00001F40 f0=exe+0x7C97F8 f1=exe+0x294B57 f2=exe+0x0 f3=exe+0x91790 f4=exe+0x0 f5=exe+0x91790
client level=info t=175609 ev=probe stage=stall set=stack tid=0x00000854 rip=0x7FFD69544A14 rsp=0xC604FFEE78 window=2048
client level=info t=175609 ev=probe stage=stall set=frames tid=0x00000854 f0=exe+0x7C97F8 f1=exe+0x294B57 f2=exe+0x0 f3=exe+0x91790 f4=exe+0x0 f5=exe+0x91790
client level=info t=175609 ev=probe stage=stall set=stack tid=0x00002D58 rip=0x7FFD69544A14 rsp=0xC6053FF1A8 window=2048
client level=info t=175609 ev=probe stage=stall set=frames tid=0x00002D58 f0=exe+0x7C97F8 f1=exe+0x294B57 f2=exe+0x0 f3=exe+0x91790 f4=exe+0x0 f5=exe+0x91790
client level=info t=175609 ev=probe stage=stall set=stack tid=0x00003FC0 rip=0x7FFD69541914 rsp=0xC6057FEFA8 window=2048
client level=info t=175609 ev=probe stage=stall set=stack tid=0x00003020 rip=0x7FFD69544A14 rsp=0xC605BFFBF8 window=2048
client level=info t=175609 ev=probe stage=stall set=stack tid=0x00002CA8 rip=0x7FFD69544A14 rsp=0xC605FFF888 window=2048
client level=info t=175609 ev=probe stage=stall set=stack tid=0x000034A8 rip=0x7FFD69544A14 rsp=0xC6063FFC68 window=2048
client level=info t=175609 ev=probe stage=stall set=stack tid=0x000022B8 rip=0x7FFD69544A14 rsp=0xC6067FF9D8 window=2048
client level=info t=175609 ev=probe stage=stall set=stack tid=0x00002A6C rip=0x7FFD69541914 rsp=0xC606BFF678 window=2048
client level=info t=175609 ev=probe stage=stall set=stack tid=0x00000D30 rip=0x7FFD69541914 rsp=0xC606FFF318 window=2048
client level=info t=175609 ev=probe stage=stall set=stack tid=0x00002D28 rip=0x7FFD69544A14 rsp=0xC6073FFBE8 window=2048
client level=info t=175609 ev=probe stage=stall set=stack tid=0x00000DF8 rip=0x7FFD69541914 rsp=0xC6077FF1E8 window=2048
client level=info t=175609 ev=probe stage=stall set=stack tid=0x00003520 rip=0x7FFD69544A14 rsp=0xC607BFFC18 window=2048
client level=info t=175609 ev=probe stage=stall set=stack tid=0x00003C20 rip=0x7FFD69541914 rsp=0xC607FFF738 window=2048
client level=info t=175609 ev=probe stage=stall set=stack tid=0x00002BA4 rip=0x7FFD69544A14 rsp=0xC6083FF808 window=2048
client level=info t=175609 ev=probe stage=stall set=stack tid=0x00002040 rip=0x7FFD69541914 rsp=0xC6087FF298 window=2048
client level=info t=175609 ev=probe stage=stall set=stack tid=0x00000FE0 rip=0x7FFD69544A14 rsp=0xC608BFF7A8 window=2048
client level=info t=175609 ev=probe stage=stall set=stack tid=0x00003E90 rip=0x7FFD69544A14 rsp=0xC608FFFC68 window=512
client level=info t=175609 ev=probe stage=stall set=stack tid=0x00001DCC rip=0x7FFD69541914 rsp=0xC6013FF918 window=2048
