server level=info t=531 ev=mission_script stage=initialize result=enabled session=0 activity_row=0
server level=info t=531 ev=transport stage=listen result=ok port=30974
server level=info t=531 ev=gameplay stage=endpoint result=ok mode=embedded port=30976 ports=16 of=16
client level=info t=609 ev=package_trust stage=attach result=ok mode=package_integrity_bypass
client level=info t=625 ev=bootflow_texture stage=attach count=18 result=ok
client level=info t=625 ev=steam_init result=ok
client level=info t=625 ev=hook stage=install group=egress count=31 result=ok
client level=info t=1672 ev=graphics stage=probe result=ok driver=hardware level=0xB000
client level=info t=1750 ev=cursor stage=install result=ok
client level=info t=1750 ev=polled_input stage=install result=ok
client level=info t=1750 ev=activate stage=graphics result=ok
client level=info t=1766 ev=activate stage=platform result=ok
client level=info t=1781 ev=renderer stage=init result=ok
client level=info t=2047 ev=bootstrap stage=token result=ok
client level=info t=2078 ev=investment stage=family5_commit result=ok
client level=info t=2078 ev=investment stage=install result=ok
client level=info t=2078 ev=activate stage=game_network result=ok
client level=info t=2078 ev=activate stage=package_keys result=ok
client level=info t=2078 ev=retail stage=install result=ok
client level=info t=2078 ev=assert stage=install result=ok
client level=info t=2109 ev=probe stage=hitch result=installed
client level=info t=2109 ev=probe stage=stall result=installed
client level=info t=2125 ev=probe stage=sense result=installed
client level=info t=2188 ev=async_io_guard stage=patch result=ok mode=cached_manager_owner
client level=info t=2188 ev=config_getter stage=install result=ok
client level=info t=2250 ev=bootflow stage=character_select result=ok
client level=info t=2250 ev=bootflow stage=slice_set result=ok
client level=info t=2250 ev=bootflow stage=composition result=ok
client level=info t=2250 ev=bootflow stage=orbit_handoff result=ok
client level=info t=2250 ev=bootflow stage=owner_slot result=ok
client level=info t=2250 ev=bootflow stage=region result=ok
client level=info t=2266 ev=bootflow stage=world_step result=ok
client level=info t=2281 ev=bootflow stage=current_slice result=ok
client level=info t=2328 ev=teleport stage=install result=ok
client level=info t=2344 ev=noclip stage=install result=ok
client level=info t=2375 ev=infinite_ammo stage=install result=ok
client level=info t=2391 ev=inactivity stage=install result=ok
client level=info t=2406 ev=queuez stage=notification result=ok
client level=info t=2406 ev=bitmap stage=ref_guard result=ok
client level=info t=2422 ev=probe stage=msg12 result=installed
client level=info t=2594 ev=probe stage=cine result=installed
client level=info t=2641 ev=probe stage=cine6 result=installed
client level=info t=2844 ev=world_objects stage=install result=ok
client level=info t=2844 ev=activate stage=main result=ok
client level=info t=2859 ev=nettick stage=resolve result=ok latch=0x00007FF686230827
client level=info t=2859 ev=nettick stage=sample latch=1 callbacks=4
server level=info t=2859 ev=core stage=pump result=server_thread
client level=info t=2891 ev=pkg stage=abilities result=ok rows=12
client level=info t=2891 ev=build_data stage=items result=ok rows=15424
client level=info t=2906 ev=build_data stage=domains named=1 items=1 details=1 buckets=1 sockets=1 abilities=1 progressions=1 scenarios=1
client level=info t=3063 ev=inactivity stage=release result=noop
client level=info t=4094 ev=retail site=5 text=networking:stun: Created stun endpoint, advancing to DNS discovery
client level=info t=4109 ev=retail site=6 text=networking:stun: Using lookup type: [0]
client level=info t=4125 ev=retail site=6 text=networking:stun: Using lookup type: [0]
client level=info t=4141 ev=retail site=6 text=networking:stun: Using lookup type: [0]
client level=info t=4156 ev=retail site=6 text=networking:stun: Using lookup type: [0]
client level=info t=4172 ev=retail site=6 text=networking:stun: Using lookup type: [0]
client level=info t=4188 ev=retail site=6 text=networking:stun: Using lookup type: [0]
client level=info t=4203 ev=retail site=6 text=networking:stun: Using lookup type: [0]
client level=info t=4219 ev=retail site=6 text=networking:stun: Using lookup type: [0]
client level=info t=4234 ev=retail site=6 text=networking:stun: Using lookup type: [0]
client level=info t=4250 ev=retail site=6 text=networking:stun: Using lookup type: [0]
client level=info t=4250 ev=retail site=6 text=networking:stun: Using lookup type: [0]
client level=info t=4266 ev=retail site=6 text=networking:stun: Using lookup type: [0]
client level=info t=4281 ev=retail site=6 text=networking:stun: Using lookup type: [0]
client level=info t=4297 ev=retail site=6 text=networking:stun: Using lookup type: [0]
client level=info t=4313 ev=retail site=6 text=networking:stun: Using lookup type: [0]
client level=info t=4328 ev=retail site=6 text=networking:stun: Using lookup type: [0]
client level=info t=4344 ev=retail site=6 text=networking:stun: Using lookup type: [0]
client level=info t=4359 ev=retail site=6 text=networking:stun: Using lookup type: [0]
client level=info t=4359 ev=retail site=7 text=networking:stun: Selected stun server: [0] ip address: [127.0.0.1:3074] valid stun server count: [1]
client level=info t=4375 ev=retail site=8 text=networking:stun: client external ip address: [127.0.0.1:3097]
client level=info t=4406 ev=retail site=9 text=networking:stun: Reporting NAT type [1] and address [127.0.0.1:3097].
client level=info t=4859 ev=nettick stage=sample latch=1 callbacks=223
client level=info t=6859 ev=nettick stage=sample latch=1 callbacks=489
client level=info t=8859 ev=nettick stage=sample latch=1 callbacks=758
client level=info t=10031 ev=retail site=3 text=world_controller:state_manager: Entering state 'bootflow:start' for reason 'unavailable'.
client level=info t=10859 ev=nettick stage=sample latch=1 callbacks=1018
client level=info t=12859 ev=nettick stage=sample latch=1 callbacks=1292
client level=info t=14688 ev=retail site=10 text=networking:link: Endpoint traffic is now: [disabled].
client level=info t=14688 ev=retail site=0 text=networking:UPnP: Resetting UPnP client.
client level=info t=14688 ev=retail site=3 text=world_controller:state_manager: Entering state 'bootflow:platform_signin' for reason 'unavailable'.
client level=info t=14688 ev=retail site=11 text=world_controller:retail_datamine: Timed operation: [ENUM(4)], took: [0 ms], average: [0.000000 ms], min: [0.000000], max: [0.000000], count: [1]
client level=info t=14688 ev=retail site=12 text=networking:logic:session: local user 0 set platform account id=unknown platform account id, live=1, online=1, free=0, user_content=1, friend_content=1
client level=info t=14688 ev=retail site=11 text=world_controller:retail_datamine: Timed operation: [ENUM(5)], took: [0 ms], average: [0.000000 ms], min: [0.000000], max: [0.000000], count: [1]
client level=info t=14688 ev=retail site=3 text=world_controller:state_manager: Entering state 'bootflow:platform_account_warnings' for reason 'unavailable'.
client level=info t=14688 ev=retail site=3 text=world_controller:state_manager: Entering state 'bootflow:enumerate_content_rights' for reason 'unavailable'.
client level=info t=14703 ev=retail site=3 text=world_controller:state_manager: Entering state 'bootflow:account_signin' for reason 'unavailable'.
server level=info t=14766 ev=http method=post route=signon result=ok
client level=info t=14766 ev=retail site=13 text=networking:signon:client: Server environment: live
client level=info t=14766 ev=retail site=14 text=networking:stun: Client external address from signon: [127.0.0.1:0].
client level=info t=14781 ev=retail site=15 text=world_controller:state:bootflow_account_signin_handler: Demonware lobby connection not desired, continuing without Demonware lobby connection.
client level=info t=14781 ev=retail site=11 text=world_controller:retail_datamine: Timed operation: [ENUM(8)], took: [67 ms], average: [67.000000 ms], min: [67.000000], max: [67.000000], count: [1]
client level=info t=14781 ev=retail site=16 text=networking:stun: Using STUN discovered address and NAT type.
client level=info t=14781 ev=retail site=17 text=world_controller:retail_datamine: Total time spent: [74] ms in world controller state: [7] name: [bootflow:account_signin]
client level=info t=14781 ev=retail site=3 text=world_controller:state_manager: Entering state 'bootflow:content_check' for reason 'unavailable'.
client level=info t=14781 ev=content_config stage=get route=manifest bytes=105232 result=ok
client level=info t=14859 ev=nettick stage=sample latch=1 callbacks=1577
client level=info t=14953 ev=retail site=17 text=world_controller:retail_datamine: Total time spent: [166] ms in world controller state: [16] name: [bootflow:content_check]
client level=info t=14953 ev=retail site=3 text=world_controller:state_manager: Entering state 'bootflow:package_registration' for reason 'unavailable'.
client level=info t=16859 ev=nettick stage=sample latch=1 callbacks=1863
client level=info t=17625 ev=retail site=17 text=world_controller:retail_datamine: Total time spent: [2680] ms in world controller state: [21] name: [bootflow:package_registration]
client level=info t=17625 ev=retail site=3 text=world_controller:state_manager: Entering state 'bootflow:bap_signin' for reason 'unavailable'.
client level=info t=17625 ev=retail site=18 text=world_controller:task_manager: Started   task 'ENUM(0)'.
client level=info t=17625 ev=retail site=18 text=world_controller:task_manager: Started   task 'ENUM(1)'.
client level=info t=17625 ev=retail site=18 text=world_controller:task_manager: Started   task 'ENUM(2)'.
client level=info t=17625 ev=retail site=18 text=world_controller:task_manager: Started   task 'ENUM(3)'.
client level=info t=17625 ev=retail site=19 text=world_controller:task_manager: Completed task 'ENUM(3)' after '0ms'.
client level=info t=17625 ev=retail site=18 text=world_controller:task_manager: Started   task 'ENUM(4)'.
client level=info t=17625 ev=retail site=19 text=world_controller:task_manager: Completed task 'ENUM(4)' after '0ms'.
client level=info t=17625 ev=retail site=20 text=networking:server:bap: primary BAP server IP address: 1.0.0.127, port: 30974
server level=info t=17641 ev=transport stage=accept result=ok conn=1
client level=info t=17734 ev=retail site=19 text=world_controller:task_manager: Completed task 'ENUM(0)' after '98ms'.
client level=info t=17734 ev=retail site=11 text=world_controller:retail_datamine: Timed operation: [ENUM(13)], took: [98 ms], average: [98.000000 ms], min: [98.000000], max: [98.000000], count: [1]
client level=info t=18125 ev=retail site=19 text=world_controller:task_manager: Completed task 'ENUM(1)' after '499ms'.
client level=info t=18125 ev=retail site=18 text=world_controller:task_manager: Started   task 'ENUM(14)'.
client level=info t=18141 ev=retail site=19 text=world_controller:task_manager: Completed task 'ENUM(14)' after '14ms'.
client level=info t=18859 ev=nettick stage=sample latch=1 callbacks=2151
client level=info t=20859 ev=nettick stage=sample latch=1 callbacks=2439
client level=info t=22750 ev=retail site=19 text=world_controller:task_manager: Completed task 'ENUM(2)' after '5124ms'.
client level=info t=22750 ev=retail site=18 text=world_controller:task_manager: Started   task 'ENUM(5)'.
client level=info t=22766 ev=retail site=19 text=world_controller:task_manager: Completed task 'ENUM(5)' after '13ms'.
client level=info t=22766 ev=retail site=18 text=world_controller:task_manager: Started   task 'ENUM(6)'.
client level=info t=22766 ev=retail site=18 text=world_controller:task_manager: Started   task 'ENUM(7)'.
client level=info t=22859 ev=nettick stage=sample latch=1 callbacks=2725
client level=info t=22891 ev=retail site=19 text=world_controller:task_manager: Completed task 'ENUM(6)' after '119ms'.
client level=info t=22891 ev=retail site=11 text=world_controller:retail_datamine: Timed operation: [ENUM(11)], took: [133 ms], average: [133.000000 ms], min: [133.000000], max: [133.000000], count: [1]
client level=info t=22953 ev=retail site=19 text=world_controller:task_manager: Completed task 'ENUM(7)' after '187ms'.
client level=info t=22953 ev=retail site=18 text=world_controller:task_manager: Started   task 'ENUM(8)'.
client level=info t=22953 ev=retail site=19 text=world_controller:task_manager: Completed task 'ENUM(8)' after '0ms'.
client level=info t=22953 ev=retail site=18 text=world_controller:task_manager: Started   task 'ENUM(9)'.
client level=info t=23188 ev=retail site=19 text=world_controller:task_manager: Completed task 'ENUM(9)' after '236ms'.
client level=info t=23188 ev=retail site=18 text=world_controller:task_manager: Started   task 'ENUM(10)'.
client level=info t=23188 ev=retail site=18 text=world_controller:task_manager: Started   task 'ENUM(15)'.
client level=info t=23469 ev=retail site=19 text=world_controller:task_manager: Completed task 'ENUM(10)' after '284ms'.
client level=info t=23469 ev=retail site=18 text=world_controller:task_manager: Started   task 'ENUM(13)'.
client level=info t=23609 ev=retail site=19 text=world_controller:task_manager: Completed task 'ENUM(13)' after '136ms'.
client level=info t=23609 ev=retail site=11 text=world_controller:retail_datamine: Timed operation: [ENUM(12)], took: [656 ms], average: [656.000000 ms], min: [656.000000], max: [656.000000], count: [1]
client level=info t=23781 ev=retail site=19 text=world_controller:task_manager: Completed task 'ENUM(15)' after '583ms'.
client level=info t=23781 ev=retail site=18 text=world_controller:task_manager: Started   task 'ENUM(16)'.
client level=info t=23781 ev=retail site=18 text=world_controller:task_manager: Started   task 'ENUM(17)'.
client level=info t=23781 ev=retail site=18 text=world_controller:task_manager: Started   task 'ENUM(18)'.
client level=info t=23781 ev=retail site=19 text=world_controller:task_manager: Completed task 'ENUM(18)' after '0ms'.
client level=info t=23828 ev=retail site=19 text=world_controller:task_manager: Completed task 'ENUM(16)' after '49ms'.
client level=info t=24859 ev=nettick stage=sample latch=1 callbacks=2990
client level=info t=25281 ev=retail site=19 text=world_controller:task_manager: Completed task 'ENUM(17)' after '1501ms'.
client level=info t=25281 ev=retail site=17 text=world_controller:retail_datamine: Total time spent: [7646] ms in world controller state: [22] name: [bootflow:bap_signin]
client level=info t=25281 ev=retail site=3 text=world_controller:state_manager: Entering state 'bootflow:investment_signin' for reason 'unavailable'.
client level=info t=25281 ev=retail site=21 text=world_controller:task_manager: Started   task 'ENUM(0)'.
client level=info t=25281 ev=retail site=21 text=world_controller:task_manager: Started   task 'ENUM(1)'.
client level=info t=25281 ev=retail site=22 text=world_controller:task_manager: Completed task 'ENUM(1)' after '0ms'.
client level=info t=25281 ev=retail site=21 text=world_controller:task_manager: Started   task 'ENUM(2)'.
client level=info t=25281 ev=retail site=21 text=world_controller:task_manager: Started   task 'ENUM(6)'.
client level=info t=25328 ev=retail site=22 text=world_controller:task_manager: Completed task 'ENUM(6)' after '50ms'.
client level=info t=26188 ev=retail site=22 text=world_controller:task_manager: Completed task 'ENUM(2)' after '916ms'.
client level=info t=26188 ev=retail site=21 text=world_controller:task_manager: Started   task 'ENUM(4)'.
client level=info t=26188 ev=retail site=21 text=world_controller:task_manager: Started   task 'ENUM(5)'.
client level=info t=26188 ev=retail site=22 text=world_controller:task_manager: Completed task 'ENUM(5)' after '0ms'.
client level=info t=26422 ev=retail site=23 text=world_controller: successfully changed world to: ambient_bootstrap
client level=info t=26422 ev=retail site=22 text=world_controller:task_manager: Completed task 'ENUM(4)' after '224ms'.
client level=info t=26500 ev=lore_visibility result=applied conditions=24
client level=info t=26500 ev=retail site=24 text=content_table_patching: patch contents have been cleared
client level=warn t=26578 ev=queuez stage=notification result=skipped reason=null_payload
client level=info t=26578 ev=retail site=25 text=networking:investment:push:queuez: failed to process update for [family_type ENUM(0), family_root_soid 0x9EAA300100100100, version 0, flags 0x01, object_count 2]
client level=info t=26625 ev=retail site=22 text=world_controller:task_manager: Completed task 'ENUM(0)' after '1346ms'.
client level=info t=26625 ev=retail site=26 text=networking:link: Starting port collsion resolution for endpoint type: [2], using port: [2003], max attempts: [100], max upnp attempts: [6]
client level=info t=26625 ev=retail site=27 text=networking:port_collision_resolver: Starting port collision resolution for endpoint type: [2] port: [2003].
client level=info t=26625 ev=retail site=21 text=world_controller:task_manager: Started   task 'ENUM(7)'.
client level=info t=26625 ev=retail site=22 text=world_controller:task_manager: Completed task 'ENUM(7)' after '0ms'.
client level=info t=26625 ev=retail site=17 text=world_controller:retail_datamine: Total time spent: [1346] ms in world controller state: [23] name: [bootflow:investment_signin]
client level=info t=26625 ev=retail site=3 text=world_controller:state_manager: Entering state 'bootflow:prepare_for_orbit' for reason 'unavailable'.
client level=info t=26625 ev=retail site=28 text=networking:UPnP: Started UPnP client for port: [2003].
client level=info t=26859 ev=nettick stage=sample latch=1 callbacks=3270
client level=info t=27094 ev=retail site=25 text=networking:investment:push:queuez: failed to process update for [family_type ENUM(0), family_root_soid 0x9EAA300100100100, version 0, flags 0x01, object_count 2]
client level=info t=28859 ev=nettick stage=sample latch=1 callbacks=3829
client level=info t=29953 ev=retail site=23 text=world_controller: successfully changed world to: orbit_d2
client level=info t=30094 ev=retail site=29 text=world_controller:state:prepare_for_orbit: Waiting for bubble host port collision resolution.
client level=info t=30859 ev=nettick stage=sample latch=1 callbacks=4338
client level=info t=32641 ev=retail site=30 text=networking:UPnP: Client completed with status: [2], port: [2003].
client level=info t=32656 ev=retail site=31 text=networking:port_collision_resolver: Unsuccessful UPnP reservation, UPnP client state: [2], endpoint type: [2] port: [2003].
client level=info t=32656 ev=retail site=0 text=networking:UPnP: Resetting UPnP client.
client level=info t=32656 ev=retail site=32 text=networking:link: Swapping out endpoint type: [2] with collision resolved endpoint using port: [2003]
client level=info t=32656 ev=retail site=17 text=world_controller:retail_datamine: Total time spent: [6031] ms in world controller state: [25] name: [bootflow:prepare_for_orbit]
client level=info t=32656 ev=retail site=10 text=networking:link: Endpoint traffic is now: [enabled].
client level=info t=32656 ev=retail site=3 text=world_controller:state_manager: Entering state 'bootflow:rejoin_activity' for reason 'unavailable'.
client level=info t=32656 ev=retail site=17 text=world_controller:retail_datamine: Total time spent: [0] ms in world controller state: [26] name: [bootflow:rejoin_activity]
client level=info t=32656 ev=retail site=3 text=world_controller:state_manager: Entering state 'character:signin' for reason 'unavailable'.
client level=info t=32656 ev=bootflow stage=character_select result=held
client level=info t=32859 ev=nettick stage=sample latch=1 callbacks=4903
client level=info t=34859 ev=nettick stage=sample latch=1 callbacks=5295
client level=info t=36859 ev=nettick stage=sample latch=1 callbacks=5652
client level=info t=38859 ev=nettick stage=sample latch=1 callbacks=6006
client level=info t=38906 ev=retail site=25 text=networking:investment:push:queuez: failed to process update for [family_type ENUM(0), family_root_soid 0x9EAA300100100100, version 1, flags 0x01, object_count 3]
client level=info t=38938 ev=retail site=17 text=world_controller:retail_datamine: Total time spent: [6284] ms in world controller state: [27] name: [character:signin]
client level=info t=38938 ev=retail site=11 text=world_controller:retail_datamine: Timed operation: [ENUM(15)], took: [6284 ms], average: [6284.000000 ms], min: [6284.000000], max: [6284.000000], count: [1]
client level=info t=38938 ev=retail site=3 text=world_controller:state_manager: Entering state 'cleanup' for reason 'unavailable'.
client level=info t=38938 ev=retail site=33 text=world_controller:state:cleanup: Requested task mask: '0x00e0010c30fbdf3c'
client level=info t=38938 ev=retail site=34 text=world_controller:task_manager: Started   task 'ENUM(2)'.
client level=info t=38938 ev=retail site=35 text=world_controller:task_manager: Completed task 'ENUM(2)' after '0ms'.
client level=info t=38938 ev=retail site=34 text=world_controller:task_manager: Started   task 'ENUM(3)'.
client level=info t=38938 ev=retail site=35 text=world_controller:task_manager: Completed task 'ENUM(3)' after '0ms'.
client level=info t=38938 ev=retail site=34 text=world_controller:task_manager: Started   task 'ENUM(4)'.
client level=info t=38938 ev=retail site=35 text=world_controller:task_manager: Completed task 'ENUM(4)' after '0ms'.
client level=info t=38938 ev=retail site=34 text=world_controller:task_manager: Started   task 'ENUM(5)'.
client level=info t=38938 ev=retail site=35 text=world_controller:task_manager: Completed task 'ENUM(5)' after '0ms'.
client level=info t=38938 ev=retail site=34 text=world_controller:task_manager: Started   task 'ENUM(8)'.
client level=info t=38938 ev=retail site=36 text=networking:session: [fireteam:00000000:00000000] session state is changing from 'none' to 'host-established'.
client level=info t=38938 ev=retail site=34 text=world_controller:task_manager: Started   task 'ENUM(10)'.
client level=info t=38938 ev=retail site=35 text=world_controller:task_manager: Completed task 'ENUM(10)' after '0ms'.
client level=info t=38938 ev=retail site=34 text=world_controller:task_manager: Started   task 'ENUM(11)'.
client level=info t=38938 ev=retail site=35 text=world_controller:task_manager: Completed task 'ENUM(11)' after '0ms'.
client level=info t=38938 ev=retail site=34 text=world_controller:task_manager: Started   task 'ENUM(12)'.
client level=info t=38938 ev=retail site=35 text=world_controller:task_manager: Completed task 'ENUM(12)' after '0ms'.
client level=info t=38938 ev=retail site=34 text=world_controller:task_manager: Started   task 'ENUM(14)'.
client level=info t=38938 ev=retail site=35 text=world_controller:task_manager: Completed task 'ENUM(14)' after '0ms'.
client level=info t=38938 ev=retail site=34 text=world_controller:task_manager: Started   task 'ENUM(15)'.
client level=info t=38938 ev=retail site=35 text=world_controller:task_manager: Completed task 'ENUM(15)' after '0ms'.
client level=info t=38938 ev=retail site=34 text=world_controller:task_manager: Started   task 'ENUM(16)'.
client level=info t=38938 ev=retail site=35 text=world_controller:task_manager: Completed task 'ENUM(16)' after '0ms'.
client level=info t=38938 ev=retail site=34 text=world_controller:task_manager: Started   task 'ENUM(17)'.
client level=info t=38938 ev=retail site=34 text=world_controller:task_manager: Started   task 'ENUM(19)'.
client level=info t=38938 ev=retail site=34 text=world_controller:task_manager: Started   task 'ENUM(20)'.
client level=info t=38938 ev=retail site=35 text=world_controller:task_manager: Completed task 'ENUM(20)' after '0ms'.
client level=info t=38938 ev=retail site=34 text=world_controller:task_manager: Started   task 'ENUM(21)'.
client level=info t=38938 ev=retail site=34 text=world_controller:task_manager: Started   task 'ENUM(28)'.
client level=info t=38938 ev=retail site=37 text=world_controller:retail_datamine: About to attempt retail log upload. We have '157' events, dropped '0' from THIS session due to upload cap, and have '38' unique event IDs.
client level=info t=38938 ev=retail site=34 text=world_controller:task_manager: Started   task 'ENUM(29)'.
client level=info t=38938 ev=retail site=35 text=world_controller:task_manager: Completed task 'ENUM(29)' after '0ms'.
client level=info t=38938 ev=retail site=34 text=world_controller:task_manager: Started   task 'ENUM(34)'.
client level=info t=38938 ev=retail site=35 text=world_controller:task_manager: Completed task 'ENUM(34)' after '0ms'.
client level=info t=38938 ev=retail site=34 text=world_controller:task_manager: Started   task 'ENUM(54)'.
client level=info t=38938 ev=retail site=35 text=world_controller:task_manager: Completed task 'ENUM(54)' after '0ms'.
client level=info t=38938 ev=retail site=34 text=world_controller:task_manager: Started   task 'ENUM(55)'.
client level=info t=38938 ev=retail site=38 text=world_controller:state:cleanup: After 1ms, status: '2', tasks active: '0x00800000102a0100', pending: '0x0020010800c00200', requested: '0x00e0010c30fbdf3c'
client level=info t=38938 ev=retail site=39 text=networking:session:membership:dump: [fireteam:00000000:00000000] update_number: 7, leader_peer_index: # 0, host_peer_index: # 0
client level=info t=38938 ev=retail site=40 text=networking:session:membership:dump:   peers valid: 0x1, non-dormant: 0x1, changed: 0x1, removed: 0x0; players valid: 0x1, changed: 0x0, removed: 0x0
client level=info t=38938 ev=retail site=41 text=networking:session:membership:dump:   peer # 0 a=[steamid:76561198776753861#e7794c14112ea750] s=            _joining o=-1 j=[9F2F811A-4F0944CD] amb=[XXXXXXXX-XXXXXXXX] pc=1 peer_name=<UNKNOWN PEER NAME> session_id= flags=0
client level=info t=39063 ev=retail site=23 text=world_controller: successfully changed world to:
client level=info t=39063 ev=retail site=35 text=world_controller:task_manager: Completed task 'ENUM(19)' after '132ms'.
client level=info t=39063 ev=retail site=35 text=world_controller:task_manager: Completed task 'ENUM(21)' after '132ms'.
client level=info t=39063 ev=retail site=34 text=world_controller:task_manager: Started   task 'ENUM(22)'.
client level=info t=39063 ev=retail site=34 text=world_controller:task_manager: Started   task 'ENUM(23)'.
client level=info t=39063 ev=retail site=35 text=world_controller:task_manager: Completed task 'ENUM(23)' after '0ms'.
client level=info t=39063 ev=retail site=35 text=world_controller:task_manager: Completed task 'ENUM(28)' after '132ms'.
client level=info t=39063 ev=retail site=34 text=world_controller:task_manager: Started   task 'ENUM(53)'.
client level=info t=39078 ev=retail site=35 text=world_controller:task_manager: Completed task 'ENUM(17)' after '134ms'.
client level=info t=39078 ev=retail site=35 text=world_controller:task_manager: Completed task 'ENUM(55)' after '137ms'.
client level=info t=39078 ev=retail site=42 text=networking:session:process-pending-joins: [fireteam:4F90F889:21AEDB6A] marking all peers in join [9F2F811A-4F0944CD] as joined
client level=info t=39078 ev=retail site=39 text=networking:session:membership:dump: [fireteam:4F90F889:21AEDB6A] update_number: 11, leader_peer_index: # 0, host_peer_index: # 0
client level=info t=39078 ev=retail site=40 text=networking:session:membership:dump:   peers valid: 0x1, non-dormant: 0x1, changed: 0x1, removed: 0x0; players valid: 0x1, changed: 0x0, removed: 0x0
client level=info t=39078 ev=retail site=41 text=networking:session:membership:dump:   peer # 0 a=[steamid:76561198776753861#e7794c14112ea750] s=            _waiting o=-1 j=[9F2F811A-4F0944CD] amb=[XXXXXXXX-XXXXXXXX] pc=1 peer_name=<UNKNOWN PEER NAME> session_id= flags=0
client level=info t=39078 ev=retail site=43 text=networking:session:process-pending-joins: [fireteam:4F90F889:21AEDB6A] marking all peers in join [9F2F811A-4F0944CD] as ready, [139] ms since peer [0] created, [39140] since join was queued
client level=info t=39078 ev=retail site=39 text=networking:session:membership:dump: [fireteam:4F90F889:21AEDB6A] update_number: 12, leader_peer_index: # 0, host_peer_index: # 0
client level=info t=39078 ev=retail site=40 text=networking:session:membership:dump:   peers valid: 0x1, non-dormant: 0x1, changed: 0x1, removed: 0x0; players valid: 0x1, changed: 0x0, removed: 0x0
client level=info t=39078 ev=retail site=41 text=networking:session:membership:dump:   peer # 0 a=[steamid:76561198776753861#e7794c14112ea750] s=              _ready o=-1 j=[9F2F811A-4F0944CD] amb=[XXXXXXXX-XXXXXXXX] pc=1 peer_name=<UNKNOWN PEER NAME> session_id= flags=0
client level=info t=39078 ev=retail site=44 text=networking:session:process-pending-joins: [fireteam:4F90F889:21AEDB6A] marking all peers in join [9F2F811A-4F0944CD] as established
client level=info t=39078 ev=retail site=39 text=networking:session:membership:dump: [fireteam:4F90F889:21AEDB6A] update_number: 14, leader_peer_index: # 0, host_peer_index: # 0
client level=info t=39078 ev=retail site=40 text=networking:session:membership:dump:   peers valid: 0x1, non-dormant: 0x1, changed: 0x1, removed: 0x0; players valid: 0x1, changed: 0x0, removed: 0x0
client level=info t=39078 ev=retail site=41 text=networking:session:membership:dump:   peer # 0 a=[steamid:76561198776753861#e7794c14112ea750] s=        _established o=-1 j=[XXXXXXXX-XXXXXXXX] amb=[XXXXXXXX-XXXXXXXX] pc=1 peer_name=<UNKNOWN PEER NAME> session_id= flags=0
client level=info t=39078 ev=retail site=35 text=world_controller:task_manager: Completed task 'ENUM(8)' after '141ms'.
client level=info t=39078 ev=retail site=34 text=world_controller:task_manager: Started   task 'ENUM(9)'.
client level=info t=39078 ev=retail site=35 text=world_controller:task_manager: Completed task 'ENUM(9)' after '0ms'.
server level=info t=39078 ev=queuez stage=translate result=paired kind=account identity=0x0110000130AA9EC5 soid=0x9EAA300100100100
client level=info t=39078 ev=retail site=39 text=networking:session:membership:dump: [fireteam:4F90F889:21AEDB6A] update_number: 16, leader_peer_index: # 0, host_peer_index: # 0
client level=info t=39078 ev=retail site=40 text=networking:session:membership:dump:   peers valid: 0x1, non-dormant: 0x1, changed: 0xffffffff, removed: 0x0; players valid: 0x1, changed: 0xffffffff, removed: 0x0
client level=info t=39078 ev=retail site=41 text=networking:session:membership:dump:   peer # 0 a=[steamid:76561198776753861#e7794c14112ea750] s=        _established o=-1 j=[XXXXXXXX-XXXXXXXX] amb=[XXXXXXXX-XXXXXXXX] pc=1 peer_name=<UNKNOWN PEER NAME> session_id=Wed_09092026_134328_010536@x64@unknown_pc_user@B0_A1_25_FC_EC_00_F935 flags=0
client level=info t=39250 ev=retail site=35 text=world_controller:task_manager: Completed task 'ENUM(22)' after '178ms'.
client level=info t=39250 ev=retail site=34 text=world_controller:task_manager: Started   task 'ENUM(35)'.
client level=info t=39250 ev=retail site=34 text=world_controller:task_manager: Started   task 'ENUM(40)'.
client level=info t=39250 ev=retail site=35 text=world_controller:task_manager: Completed task 'ENUM(40)' after '0ms'.
client level=info t=39469 ev=retail site=23 text=world_controller: successfully changed world to: orbit_d2
client level=info t=39469 ev=retail site=35 text=world_controller:task_manager: Completed task 'ENUM(35)' after '228ms'.
server level=info t=39516 ev=ws701 stage=profile_setup result=complete
server level=info t=39516 ev=queuez stage=social_roster result=ok soid=0x9EAA300100100100 objects=2 bytes=176 emblem=1274 hash=0x71B4CC19
client level=info t=40047 ev=retail site=35 text=world_controller:task_manager: Completed task 'ENUM(53)' after '969ms'.
client level=info t=40047 ev=retail site=17 text=world_controller:retail_datamine: Total time spent: [1102] ms in world controller state: [28] name: [cleanup]
client level=info t=40047 ev=retail site=3 text=world_controller:state_manager: Entering state 'setup:orbit' for reason 'unavailable'.
client level=info t=40047 ev=retail site=45 text=world_controller:slice_set_transition_manager: Mode changed from 'disabled' to 'fully_enabled'.
client level=info t=40047 ev=retail site=11 text=world_controller:retail_datamine: Timed operation: [ENUM(14)], took: [25345 ms], average: [25345.000000 ms], min: [25345.000000], max: [25345.000000], count: [1]
client level=info t=40047 ev=retail site=46 text=world_controller:slice_set_transition_manager: Failed to find the Orbit slice-set name for destination 'HASH(0x13a023bc)', so we're falling back to a new character (Orbit destination 'HASH(0x59ad083e)', slice-set 'HASH(0x841b4ef7)').
client level=info t=40047 ev=retail site=47 text=world_controller:slice_set_transition_manager: Starting a new transition of type 'transitioning:orbit' to 'PRV24.24 (HASH: 0x841b4ef7)'; token advanced to 001
client level=info t=40313 ev=bootflow stage=orbit_handoff result=native
client level=info t=40313 ev=retail site=48 text=world_controller:slice_set_transition_manager: Stopping transition of type 'transitioning:orbit' due to completed
server level=info t=40469 ev=ws701 stage=profile_setup result=complete
server level=info t=40469 ev=activity stage=writeback result=ok world_state=0
client level=info t=40859 ev=nettick stage=sample latch=1 callbacks=6448
client level=info t=42859 ev=nettick stage=sample latch=1 callbacks=6850
client level=info t=44859 ev=nettick stage=sample latch=1 callbacks=7268
client level=info t=46859 ev=nettick stage=sample latch=1 callbacks=7797
client level=info t=48859 ev=nettick stage=sample latch=1 callbacks=8294
client level=info t=50859 ev=retail site=17 text=world_controller:retail_datamine: Total time spent: [10813] ms in world controller state: [29] name: [setup:orbit]
client level=info t=50859 ev=retail site=45 text=world_controller:slice_set_transition_manager: Mode changed from 'fully_enabled' to 'disabled'.
client level=info t=50859 ev=retail site=49 text=networking:online:matchmaking: Active matchmaking interface type: 0
client level=info t=50859 ev=retail site=3 text=world_controller:state_manager: Entering state 'setup:activity_session_creation' for reason 'unavailable'.
client level=info t=50859 ev=retail site=50 text=world_controller:task_manager: Started   task 'ENUM(0)'.
client level=info t=50859 ev=retail site=50 text=world_controller:task_manager: Started   task 'ENUM(4)'.
client level=info t=50859 ev=retail site=51 text=world_controller:task_manager: Completed task 'ENUM(4)' after '0ms'.
client level=info t=50859 ev=retail site=52 text=world_controller:state:activity_session_creation: Waiting for session peer properties to be in the expected state (no AH ids). FT [EXPECTED], POSSE [WAITING]
client level=info t=50859 ev=retail site=50 text=world_controller:task_manager: Started   task 'ENUM(5)'.
client level=info t=50859 ev=nettick stage=sample latch=1 callbacks=8797
client level=info t=50875 ev=retail site=49 text=networking:online:matchmaking: Active matchmaking interface type: 0
client level=info t=50875 ev=retail site=51 text=world_controller:task_manager: Completed task 'ENUM(0)' after '28ms'.
client level=info t=50875 ev=retail site=50 text=world_controller:task_manager: Started   task 'ENUM(1)'.
server level=info t=50891 ev=bap svc=42 stage=configuration result=ok activity_hash=0xF858B379 type_hash=0xD07BB2D7 activity=10 name=fleet_freeroam current_activity_policy=0 changed=0
client level=info t=50906 ev=retail site=51 text=world_controller:task_manager: Completed task 'ENUM(1)' after '25ms'.
client level=info t=50906 ev=retail site=50 text=world_controller:task_manager: Started   task 'ENUM(2)'.
client level=info t=50906 ev=retail site=39 text=networking:session:membership:dump: [posse:00000000:00000000] update_number: 2, leader_peer_index: # 0, host_peer_index: # 0
client level=info t=50906 ev=retail site=40 text=networking:session:membership:dump:   peers valid: 0x1, non-dormant: 0x1, changed: 0x1, removed: 0x0; players valid: 0x1, changed: 0x0, removed: 0x0
client level=info t=50906 ev=retail site=41 text=networking:session:membership:dump:   peer # 0 a=[steamid:76561198776753861#e7794c14112ea750] s=          _connected o=-1 j=[XXXXXXXX-XXXXXXXX] amb=[XXXXXXXX-XXXXXXXX] pc=1 peer_name=<UNKNOWN PEER NAME> session_id=Wed_09092026_134328_010536@x64@unknown_pc_user@B0_A1_25_FC_EC_00_F935 flags=4
client level=info t=50906 ev=retail site=36 text=networking:session: [posse:00000000:00000000] session state is changing from 'none' to 'host-established'.
client level=info t=50906 ev=retail site=53 text=networking:session:create: join-driven session creation (local and remote peers) assigned a promordial join nonce of 35C3AD56-E1874C45
client level=info t=50906 ev=retail site=39 text=networking:session:membership:dump: [posse:00000000:00000000] update_number: 5, leader_peer_index: # 0, host_peer_index: # 0
client level=info t=50906 ev=retail site=40 text=networking:session:membership:dump:   peers valid: 0x1, non-dormant: 0x1, changed: 0x1, removed: 0x0; players valid: 0x1, changed: 0x0, removed: 0x0
client level=info t=50906 ev=retail site=41 text=networking:session:membership:dump:   peer # 0 a=[steamid:76561198776753861#e7794c14112ea750] s=            _joining o=-1 j=[35C3AD56-E1874C45] amb=[XXXXXXXX-XXXXXXXX] pc=1 peer_name=<UNKNOWN PEER NAME> session_id=Wed_09092026_134328_010536@x64@unknown_pc_user@B0_A1_25_FC_EC_00_F935 flags=4
client level=info t=50922 ev=retail site=51 text=world_controller:task_manager: Completed task 'ENUM(5)' after '64ms'.
client level=info t=50922 ev=retail site=54 text=world_controller:session_manager: PRIVATE session [posse:00000000:00000000] unable to get session keys.
client level=info t=50922 ev=retail site=50 text=world_controller:task_manager: Started   task 'ENUM(3)'.
client level=info t=50922 ev=retail site=51 text=world_controller:task_manager: Completed task 'ENUM(3)' after '0ms'.
client level=info t=50922 ev=retail site=51 text=world_controller:task_manager: Completed task 'ENUM(2)' after '22ms'.
client level=info t=50922 ev=retail site=55 text=world_controller:state:activity_session_creation: As HOST, peers done: skill read: , config refresh: , reputation read: 0
client level=info t=50938 ev=retail site=42 text=networking:session:process-pending-joins: [posse:489A9A8D:52753D03] marking all peers in join [35C3AD56-E1874C45] as joined
client level=info t=50938 ev=retail site=39 text=networking:session:membership:dump: [posse:489A9A8D:52753D03] update_number: 8, leader_peer_index: # 0, host_peer_index: # 0
client level=info t=50938 ev=retail site=40 text=networking:session:membership:dump:   peers valid: 0x1, non-dormant: 0x1, changed: 0x1, removed: 0x0; players valid: 0x1, changed: 0x0, removed: 0x0
client level=info t=50938 ev=retail site=41 text=networking:session:membership:dump:   peer # 0 a=[steamid:76561198776753861#e7794c14112ea750] s=            _waiting o=-1 j=[35C3AD56-E1874C45] amb=[XXXXXXXX-XXXXXXXX] pc=1 peer_name=<UNKNOWN PEER NAME> session_id=Wed_09092026_134328_010536@x64@unknown_pc_user@B0_A1_25_FC_EC_00_F935 flags=4
client level=info t=50938 ev=retail site=43 text=networking:session:process-pending-joins: [posse:489A9A8D:52753D03] marking all peers in join [35C3AD56-E1874C45] as ready, [21] ms since peer [0] created, [50998] since join was queued
client level=info t=50938 ev=retail site=39 text=networking:session:membership:dump: [posse:489A9A8D:52753D03] update_number: 9, leader_peer_index: # 0, host_peer_index: # 0
client level=info t=50938 ev=retail site=40 text=networking:session:membership:dump:   peers valid: 0x1, non-dormant: 0x1, changed: 0x1, removed: 0x0; players valid: 0x1, changed: 0x0, removed: 0x0
client level=info t=50938 ev=retail site=41 text=networking:session:membership:dump:   peer # 0 a=[steamid:76561198776753861#e7794c14112ea750] s=              _ready o=-1 j=[35C3AD56-E1874C45] amb=[XXXXXXXX-XXXXXXXX] pc=1 peer_name=<UNKNOWN PEER NAME> session_id=Wed_09092026_134328_010536@x64@unknown_pc_user@B0_A1_25_FC_EC_00_F935 flags=4
client level=info t=50938 ev=retail site=39 text=networking:session:membership:dump: [posse:489A9A8D:52753D03] update_number: 10, leader_peer_index: # 0, host_peer_index: # 0
client level=info t=50938 ev=retail site=40 text=networking:session:membership:dump:   peers valid: 0x1, non-dormant: 0x1, changed: 0xffffffff, removed: 0x0; players valid: 0x1, changed: 0xffffffff, removed: 0x0
client level=info t=50938 ev=retail site=41 text=networking:session:membership:dump:   peer # 0 a=[steamid:76561198776753861#e7794c14112ea750] s=              _ready o=-1 j=[35C3AD56-E1874C45] amb=[XXXXXXXX-XXXXXXXX] pc=1 peer_name=<UNKNOWN PEER NAME> session_id=Wed_09092026_134328_010536@x64@unknown_pc_user@B0_A1_25_FC_EC_00_F935 flags=7
client level=info t=50938 ev=retail site=56 text=world_controller:state:activity_session_creation: Activity session 'posse:489A9A8D:52753D03' successfully created, trying to move on.
client level=info t=50938 ev=retail site=57 text=world_controller:state_manager: State 'setup:matchmaking' requested for reason 'unavailable', but we can't: 'active outbound FT join [IN-PROGRESS]'.
client level=info t=50938 ev=retail site=44 text=networking:session:process-pending-joins: [posse:489A9A8D:52753D03] marking all peers in join [35C3AD56-E1874C45] as established
client level=info t=50938 ev=retail site=39 text=networking:session:membership:dump: [posse:489A9A8D:52753D03] update_number: 12, leader_peer_index: # 0, host_peer_index: # 0
client level=info t=50938 ev=retail site=40 text=networking:session:membership:dump:   peers valid: 0x1, non-dormant: 0x1, changed: 0x1, removed: 0x0; players valid: 0x1, changed: 0x0, removed: 0x0
client level=info t=50938 ev=retail site=41 text=networking:session:membership:dump:   peer # 0 a=[steamid:76561198776753861#e7794c14112ea750] s=        _established o=-1 j=[XXXXXXXX-XXXXXXXX] amb=[XXXXXXXX-XXXXXXXX] pc=1 peer_name=<UNKNOWN PEER NAME> session_id=Wed_09092026_134328_010536@x64@unknown_pc_user@B0_A1_25_FC_EC_00_F935 flags=7
client level=info t=50953 ev=retail site=17 text=world_controller:retail_datamine: Total time spent: [108] ms in world controller state: [30] name: [setup:activity_session_creation]
client level=info t=50953 ev=retail site=3 text=world_controller:state_manager: Entering state 'setup:matchmaking' for reason 'unavailable'.
client level=info t=50953 ev=retail site=17 text=world_controller:retail_datamine: Total time spent: [0] ms in world controller state: [31] name: [setup:matchmaking]
client level=info t=50953 ev=retail site=58 text=world_controller:retail_datamine: Timed operation Matchmaking, took: [0 seconds]
client level=info t=50953 ev=retail site=3 text=world_controller:state_manager: Entering state 'setup:activity_host_setup' for reason 'unavailable'.
client level=info t=50984 ev=retail site=59 text=networking:activity_client:messaging_interface:bap: AH IP resolution successful: 'proxy -> 127.0.0.1:30974'.
server level=info t=50984 ev=transport stage=accept result=ok conn=2
server level=warn t=51016 ev=bap svc=25 stage=plaintext result=shape_accepted conn=2 len=36 b0=0A b1=20 b34=10 b35=02
client level=info t=51016 ev=retail site=60 text=world_controller:activity_manager: Connected 'PRIVATE CURRENT' activity client.
client level=info t=51016 ev=retail site=61 text=world_controller:activity_manager: 'PRIVATE CURRENT' activity client requesting activity host startup [activity: 0x000a (HASH(0xf858b379))(type: HASH(0xd07bb2d7))(grognok: fleet_freeroam)(destination: HASH(0x8e6191bd))(nonce: 670B4CC4-447FF86C) for reason 'ENUM(0)'(override: fleet_freeroam)][reservation count 1].
server level=warn t=51031 ev=mission_script stage=attach result=activity_join_pending session=11433003384888623105
client level=info t=51047 ev=retail site=62 text=networking:activity_client:receive_message_from_host: [AC PRIVATE CURRENT CON-Y EST-N AH->0 MEM-0] received startup response from AH [id 9EAA3001:00200001][session ]
client level=info t=51047 ev=retail site=63 text=networking:activity_client: [AC PRIVATE CURRENT CON-Y EST-N AH->0 MEM-0] Sent join request: [AH 9EAA3001:00200001][nonce 1420263293] identity:[account -7013740688821976832][character -7013740688821976829][machine B0:A1:25:FC:EC:00:F935][player 39:4A:BB:F2:5C:D1:B3:E2] [global resources 0x6c] (part 1/2)
client level=info t=51047 ev=retail site=64 text=networking:activity_client: [AC PRIVATE CURRENT CON-Y EST-N AH->0 MEM-0] Properties [session Wed_09092026_134328_010536@x64@76561198776753861@B0_A1_25_FC_EC_00_F935][FAH --------:--------][GAH --------:--------][FTID 0x3adfb98b9ec50398] (part 2/2)
client level=info t=51047 ev=retail site=65 text=world_controller:activity_manager: 'PRIVATE CURRENT' activity client sent join request to AH 9EAA3001:00200001, host=Wed_09092026_134328_010536@x64@unknown_pc_user@B0_A1_25_FC_EC_00_F935
server level=info t=51109 ev=gameplay stage=activityhost result=allocated session=0x9EAA300100200002 group=0x09ED3B6CEAC5E03A generation=1 port=30976 held=1
server level=info t=51125 ev=gameplay stage=advertise result=ok region=16 region_source=arrival ambassador_slot=1
server level=warn t=51125 ev=activity stage=roster result=no_epoch soid=0x9EAA300100200001 public=0 dest= groups=0 top=0 sub=0 subkeys=0 objects=0 bytes=0 state=0 auth=0 authstate=-1 authfirst=-1:-1:0x0:0x0 authlast=-1:-1:0x0:0x0 sceneempty=0 engageempty=0 keygroup=0x0 grant=-1 region=0 slice=0 spawn=0x0 join=0x9EAA300100100103 player=0x0 pending_region=-1 current_region=-1 client_bubble=-1 held=-1 entered=0 selected=0 hash=0x0000000000000000 force=0x00
client level=info t=51125 ev=retail site=66 text=networking:activity_client:receive_message_from_host: [AC PRIVATE CURRENT CON-Y EST-N AH->0 MEM-0] Received join result from AH '9EAA3001:00200001' [nonce 1420263293][result 0][session id ][replication epoch 0].
client level=info t=51125 ev=retail site=67 text=networking:activity_client:activity_host_changed: instance=PRIVATE CURRENT, ah-sid=, zombie-instance-nonce=0
client level=info t=51125 ev=probe stage=msg12 result=received client=0x22D3A64F980 slot=0 label=PRIVATE CURRENT member=0x35F900ECFC25A1B0 status=0x00FE->0x01FE flag=1
client level=info t=51125 ev=probe stage=bind client=0x22D3A64F980 established=0x9EAA300100200001 slotrec=0x22D21B2D9A0 roster=0x22DDA0DBC80 receipt=0
client level=info t=51125 ev=probe stage=hosttail client=0x22D3A64F980 b=00000000000000000000000000000000000000000000000000000000000000000000000000000000FFFFFFFF00000000
client level=info t=51125 ev=probe stage=grant client=0x22D3A64F980 status=0x01FE pending=7936 dirty=0 receipt=0
server level=info t=51125 ev=mission_script stage=open result=no_script session=11433003384888623105 activity_row=11
server level=warn t=51125 ev=mission_script stage=attach result=no_script session=11433003384888623105 activity_row=11
server level=warn t=51125 ev=mission_script stage=attach result=no_activity_link session=11433003384888623106
server level=info t=51125 ev=gameplay stage=activityhost result=allocated session=0x9EAA300100200003 group=0x16755784E67DA14A generation=2 port=30978 held=2
server level=info t=51125 ev=gameplay stage=activityhost result=allocated session=0x9EAA300100200004 group=0x07B169B8E0A981E2 generation=3 port=30980 held=3
server level=info t=51125 ev=gameplay stage=activityhost result=allocated session=0x9EAA300100200005 group=0xFB28CD20F771C352 generation=4 port=30982 held=4
server level=info t=51125 ev=gameplay stage=activityhost result=allocated session=0x9EAA300100200006 group=0xED649ED4F1AE23EA generation=5 port=30984 held=5
server level=info t=51125 ev=gameplay stage=activityhost result=allocated session=0x9EAA300100200007 group=0xDEA05088FBDA0202 generation=6 port=30986 held=6
server level=info t=51125 ev=gameplay stage=activityhost result=allocated session=0x9EAA300100200008 group=0xC0DC62BCC4761D5A generation=7 port=30988 held=7
server level=info t=51125 ev=gameplay stage=activityhost result=allocated session=0x9EAA300100200009 group=0xB2183470CEA27DF2 generation=8 port=30990 held=8
client level=info t=51141 ev=retail site=68 text=world_controller:state:activity_setup: 'NOJIP' flow, waiting. posse_peers_not_ready_sanitized=0, posse_peers_not_ready=0
client level=info t=51172 ev=probe stage=msg12 result=received client=0x22D3A64F980 slot=0 label=PRIVATE CURRENT member=0x35F900ECFC25A1B0 status=0x01FE->0x01FE flag=1
client level=info t=51172 ev=probe stage=bind client=0x22D3A64F980 established=0x9EAA300100200001 slotrec=0x22D21B2D9A0 roster=0x22DDA0DBC80 receipt=0
client level=info t=51172 ev=probe stage=msg12 result=received client=0x22D3A64F980 slot=0 label=PRIVATE CURRENT member=0x35F900ECFC25A1B0 status=0x01FE->0x01FE flag=1
client level=info t=51172 ev=probe stage=bind client=0x22D3A64F980 established=0x9EAA300100200001 slotrec=0x22D21B2D9A0 roster=0x22DDA0DBC80 receipt=0
server level=warn t=51172 ev=mission_script stage=attach result=no_activity_link session=11433003384888623107
server level=warn t=51172 ev=mission_script stage=attach result=no_activity_link session=11433003384888623108
server level=warn t=51172 ev=mission_script stage=attach result=no_activity_link session=11433003384888623109
server level=warn t=51172 ev=mission_script stage=attach result=no_activity_link session=11433003384888623110
server level=warn t=51172 ev=mission_script stage=attach result=no_activity_link session=11433003384888623111
server level=warn t=51172 ev=mission_script stage=attach result=no_activity_link session=11433003384888623112
server level=warn t=51172 ev=mission_script stage=attach result=no_activity_link session=11433003384888623113
server level=info t=51906 ev=ws701 stage=profile_setup result=complete
server level=info t=51906 ev=activity stage=writeback result=ok world_state=1
client level=info t=51953 ev=retail site=17 text=world_controller:retail_datamine: Total time spent: [990] ms in world controller state: [32] name: [setup:activity_host_setup]
client level=info t=51953 ev=retail site=3 text=world_controller:state_manager: Entering state 'setup:prologue_intro_loading' for reason 'unavailable'.
client level=info t=51953 ev=retail site=69 text=world_controller:task_manager: Started   task 'ENUM(0)'.
client level=info t=52016 ev=bubbleauth stage=decode result=ok
client level=info t=52016 ev=bubbleauth stage=force result=ok
client level=info t=52047 ev=probe stage=msg12 result=received client=0x22D3A64F980 slot=0 label=PRIVATE CURRENT member=0x35F900ECFC25A1B0 status=0x01FE->0x01FE flag=1
client level=info t=52047 ev=probe stage=bind client=0x22D3A64F980 established=0x9EAA300100200001 slotrec=0x22D21B2D9A0 roster=0x22DDA0DBC80 receipt=0
client level=info t=52125 ev=retail site=70 text=world_controller:task_manager: Completed task 'ENUM(0)' after '170ms'.
client level=info t=52125 ev=retail site=69 text=world_controller:task_manager: Started   task 'ENUM(1)'.
client level=info t=52141 ev=retail site=70 text=world_controller:task_manager: Completed task 'ENUM(1)' after '18ms'.
client level=info t=52141 ev=retail site=17 text=world_controller:retail_datamine: Total time spent: [189] ms in world controller state: [33] name: [setup:prologue_intro_loading]
client level=info t=52141 ev=retail site=3 text=world_controller:state_manager: Entering state 'setup:orbit_outro' for reason 'unavailable'.
client level=info t=52859 ev=nettick stage=sample latch=1 callbacks=9200
client level=info t=53125 ev=probe stage=hosttail client=0x22D3A64F980 b=00000000000000000000000000000000000000000000000000000000000000000000000000000000FFFFFFFF00000000
client level=info t=53125 ev=probe stage=grant client=0x22D3A64F980 status=0x01FE pending=7936 dirty=0 receipt=0
client level=info t=54094 ev=probe stage=msg12 result=received client=0x22D3A64F980 slot=0 label=PRIVATE CURRENT member=0x35F900ECFC25A1B0 status=0x01FE->0x01FE flag=1
client level=info t=54094 ev=probe stage=bind client=0x22D3A64F980 established=0x9EAA300100200001 slotrec=0x22D21B2D9A0 roster=0x22DDA0DBC80 receipt=0
client level=info t=54859 ev=nettick stage=sample latch=1 callbacks=9606
client level=info t=55125 ev=probe stage=hosttail client=0x22D3A64F980 b=00000000000000000000000000000000000000000000000000000000000000000000000000000000FFFFFFFF00000000
client level=info t=55125 ev=probe stage=grant client=0x22D3A64F980 status=0x01FE pending=7936 dirty=0 receipt=0
client level=info t=56859 ev=nettick stage=sample latch=1 callbacks=10029
client level=info t=57125 ev=probe stage=hosttail client=0x22D3A64F980 b=00000000000000000000000000000000000000000000000000000000000000000000000000000000FFFFFFFF00000000
client level=info t=57125 ev=probe stage=grant client=0x22D3A64F980 status=0x01FE pending=7936 dirty=0 receipt=0
client level=info t=58766 ev=retail site=17 text=world_controller:retail_datamine: Total time spent: [6631] ms in world controller state: [34] name: [setup:orbit_outro]
client level=info t=58766 ev=retail site=3 text=world_controller:state_manager: Entering state 'setup:activity_world_transition' for reason 'unavailable'.
client level=info t=58766 ev=retail site=71 text=world_controller:task_manager: Started   task 'ENUM(0)'.
client level=info t=58766 ev=retail site=71 text=world_controller:task_manager: Started   task 'ENUM(1)'.
client level=info t=58766 ev=retail site=72 text=world_controller:task_manager: Completed task 'ENUM(1)' after '0ms'.
client level=info t=59016 ev=bootflow stage=owner_slot result=forced was=0 now=1
client level=info t=59016 ev=retail site=23 text=world_controller: successfully changed world to: fleet_freeroam
client level=info t=59016 ev=retail site=73 text=networking:update: *** it has been 250 milliseconds since the last network update (longest expected: '500')
client level=info t=59016 ev=retail site=72 text=world_controller:task_manager: Completed task 'ENUM(0)' after '251ms'.
client level=info t=59016 ev=retail site=17 text=world_controller:retail_datamine: Total time spent: [251] ms in world controller state: [35] name: [setup:activity_world_transition]
client level=info t=59016 ev=retail site=3 text=world_controller:state_manager: Entering state 'activity:initial_slice_set_loading' for reason 'unavailable'.
client level=info t=59031 ev=retail site=74 text=world_controller:task_manager: Started   task 'ENUM(0)'.
client level=info t=59031 ev=retail site=74 text=world_controller:task_manager: Started   task 'ENUM(1)'.
client level=info t=59031 ev=retail site=74 text=world_controller:task_manager: Started   task 'ENUM(4)'.
client level=info t=59031 ev=nettick stage=sample latch=1 callbacks=10487
server level=info t=59031 ev=gameplay stage=receive result=ok from=0x7F000001:2003 bytes=295 b0=0x00
server level=info t=59031 ev=gameplay stage=response result=ok wordb=1 signon=0
client level=info t=59031 ev=retail site=75 text=world_controller:task_manager: Completed task 'ENUM(1)' after '7ms'.
client level=info t=59031 ev=retail site=45 text=world_controller:slice_set_transition_manager: Mode changed from 'disabled' to 'initial_slice_set_precaching'.
client level=info t=59031 ev=retail site=74 text=world_controller:task_manager: Started   task 'ENUM(2)'.
client level=info t=59031 ev=retail site=74 text=world_controller:task_manager: Started   task 'ENUM(3)'.
client level=info t=59031 ev=retail site=75 text=world_controller:task_manager: Completed task 'ENUM(4)' after '7ms'.
client level=info t=59031 ev=retail site=74 text=world_controller:task_manager: Started   task 'ENUM(6)'.
client level=info t=59031 ev=retail site=74 text=world_controller:task_manager: Started   task 'ENUM(7)'.
client level=info t=59031 ev=bootflow stage=region result=forced slice_set=16
client level=info t=59031 ev=retail site=47 text=world_controller:slice_set_transition_manager: Starting a new transition of type 'transitioning:initial_slice_set' to 'PRV16.16 (HASH: 0x4cf9b596)'; token advanced to 001
client level=info t=59047 ev=retail site=75 text=world_controller:task_manager: Completed task 'ENUM(0)' after '10ms'.
client level=info t=59047 ev=retail site=74 text=world_controller:task_manager: Started   task 'ENUM(5)'.
server level=info t=59047 ev=ws701 stage=profile_setup result=complete
server level=info t=59047 ev=activity stage=writeback result=ok world_state=1
server level=info t=59078 ev=gameplay stage=advertise result=ok region=16 region_source=reported ambassador_slot=1
client level=info t=59109 ev=probe stage=msg12 result=received client=0x22D3A64F980 slot=0 label=PRIVATE CURRENT member=0x35F900ECFC25A1B0 status=0x01FE->0x01FE flag=1
client level=info t=59109 ev=probe stage=bind client=0x22D3A64F980 established=0x9EAA300100200001 slotrec=0x22D21B2D9A0 roster=0x22DDA0DBC80 receipt=1
client level=info t=59109 ev=probe stage=msg12 result=received client=0x22D3A64F980 slot=0 label=PRIVATE CURRENT member=0x35F900ECFC25A1B0 status=0x01FE->0x01FE flag=1
client level=info t=59109 ev=probe stage=bind client=0x22D3A64F980 established=0x9EAA300100200001 slotrec=0x22D21B2D9A0 roster=0x22DDA0DBC80 receipt=1
server level=info t=59109 ev=gameplay stage=receive result=ok from=0x7F000001:2003 bytes=128 b0=0x00
server level=info t=59109 ev=gameplay stage=connect result=ok peer=2003 local=0x00000001 remote=0x00000000 rebuilt=0
server level=info t=59109 ev=gameplay stage=establish result=queued local=0x00000001 remote=0x00000000
client level=info t=59125 ev=probe stage=hosttail client=0x22D3A64F980 b=00000000000000000000000000000000000000000000000000000000000000000000000000000000FFFFFFFF00000000
client level=info t=59125 ev=probe stage=grant client=0x22D3A64F980 status=0x01FE pending=0 dirty=0 receipt=1
client level=info t=59688 ev=retail site=75 text=world_controller:task_manager: Completed task 'ENUM(6)' after '649ms'.
client level=info t=60047 ev=retail site=75 text=world_controller:task_manager: Completed task 'ENUM(5)' after '1002ms'.
server level=info t=60141 ev=gameplay stage=receive result=ok from=0x7F000001:2003 bytes=51 b0=0x00
server level=info t=60141 ev=gameplay stage=message result=ok id=8 peerstage=5
server level=info t=60141 ev=gameplay stage=sendqueue result=cleared packet=1 base=5 entries=0
server level=info t=60172 ev=gameplay stage=receive result=ok from=0x7F000001:2003 bytes=1166 b0=0x00
server level=info t=60172 ev=gameplay stage=message result=ok id=40 peerstage=5
server level=info t=60172 ev=gameplay stage=view result=queued remote=1 local=1 token=0x9EAA300100200001 list=0
server level=info t=60219 ev=gameplay stage=receive result=ok from=0x7F000001:2003 bytes=174 b0=0x00
server level=info t=60219 ev=gameplay stage=message result=ok id=40 peerstage=5
server level=info t=60219 ev=gameplay stage=view result=queued remote=2 local=2 token=0x9EAA300100200001 list=15
server level=info t=60219 ev=gameplay stage=sendqueue result=cleared packet=7 base=7 entries=0
server level=info t=60281 ev=gameplay stage=receive result=ok from=0x7F000001:2003 bytes=190 b0=0x00
server level=info t=60281 ev=gameplay stage=message result=ok id=40 peerstage=5
server level=info t=60281 ev=gameplay stage=view result=queued remote=3 local=3 token=0x9EAA300100200001 list=0
server level=info t=60281 ev=gameplay stage=message result=ok id=40 peerstage=5
server level=info t=60281 ev=gameplay stage=view result=queued remote=4 local=4 token=0x9EAA300100200001 list=0
server level=info t=60281 ev=gameplay stage=sendqueue result=cleared packet=8 base=8 entries=0
server level=info t=60328 ev=gameplay stage=receive result=ok from=0x7F000001:2003 bytes=182 b0=0x00
server level=info t=60328 ev=gameplay stage=message result=ok id=40 peerstage=5
server level=warn t=60328 ev=gameplay stage=view result=refused remote=5 local=0 token=0x9EAA300100200001 list=0
server level=info t=60391 ev=gameplay stage=receive result=ok from=0x7F000001:2003 bytes=190 b0=0x00
server level=info t=60391 ev=gameplay stage=sendqueue result=cleared packet=9 base=9 entries=0
server level=info t=60438 ev=gameplay stage=receive result=ok from=0x7F000001:2003 bytes=174 b0=0x00
server level=info t=60484 ev=gameplay stage=receive result=ok from=0x7F000001:2003 bytes=182 b0=0x00
server level=info t=60547 ev=gameplay stage=receive result=ok from=0x7F000001:2003 bytes=174 b0=0x00
server level=info t=60594 ev=gameplay stage=receive result=ok from=0x7F000001:2003 bytes=174 b0=0x00
server level=info t=60641 ev=gameplay stage=receive result=ok from=0x7F000001:2003 bytes=182 b0=0x00
server level=info t=60703 ev=gameplay stage=receive result=ok from=0x7F000001:2003 bytes=206 b0=0x00
server level=info t=60750 ev=gameplay stage=receive result=ok from=0x7F000001:2003 bytes=198 b0=0x00
server level=info t=60828 ev=gameplay stage=receive result=ok from=0x7F000001:2003 bytes=214 b0=0x00
server level=info t=60859 ev=gameplay stage=receive result=ok from=0x7F000001:2003 bytes=198 b0=0x00
server level=info t=60922 ev=gameplay stage=receive result=ok from=0x7F000001:2003 bytes=198 b0=0x00
server level=info t=60984 ev=gameplay stage=receive result=ok from=0x7F000001:2003 bytes=198 b0=0x00
client level=info t=61031 ev=nettick stage=sample latch=1 callbacks=10844
server level=info t=61031 ev=gameplay stage=receive result=ok from=0x7F000001:2003 bytes=190 b0=0x00
server level=info t=61078 ev=gameplay stage=receive result=ok from=0x7F000001:2003 bytes=182 b0=0x00
client level=info t=61125 ev=probe stage=hosttail client=0x22D3A64F980 b=00000000000000000000000000000000000000000000000000000000000000000000000000000000FFFFFFFF00000000
client level=info t=61125 ev=probe stage=grant client=0x22D3A64F980 status=0x01FE pending=0 dirty=0 receipt=1
server level=info t=61141 ev=gameplay stage=receive result=ok from=0x7F000001:2003 bytes=190 b0=0x00
server level=info t=61188 ev=gameplay stage=receive result=ok from=0x7F000001:2003 bytes=190 b0=0x00
client level=info t=61250 ev=retail site=76 text=networking:channel:packet_loss_stats: [dir:127.0.0.1(id=0):30976#bh64] Incoming packet read result summary - 8 ok, 0 discard, 18 discard-expected, 0 corrupt
client level=info t=61250 ev=retail site=77 text=networking:channel:packet_loss_stats: [dir:127.0.0.1(id=0):30976#bh64] Outgoing packet delivery summary - 21 delivered, 0 of those out-of-order, 0 lost - highest loss fraction seen 0.000
client level=info t=61250 ev=retail site=78 text=networking:stream_manager:retail: # 0 rx 9.5/rxbps 6.0kb tx 9.5/txbps20.3kb cx15.0pkts/33.0cxkbps lat=  0avg,  -1cg to=9999 aloc45.0kb max513.0kbps, loss=0.00pct loss dev 2.00pct rel=N, name=                            bh64
client level=info t=61250 ev=retail site=79 text=networking:stream_manager:retail: Local peer network quality = 1.000000/1.0, worst_axis = -1
server level=info t=61250 ev=gameplay stage=receive result=ok from=0x7F000001:2003 bytes=198 b0=0x00
server level=info t=61297 ev=gameplay stage=receive result=ok from=0x7F000001:2003 bytes=190 b0=0x00
server level=info t=61344 ev=gameplay stage=receive result=ok from=0x7F000001:2003 bytes=182 b0=0x00
server level=info t=61406 ev=gameplay stage=receive result=ok from=0x7F000001:2003 bytes=198 b0=0x00
server level=info t=61469 ev=gameplay stage=receive result=ok from=0x7F000001:2003 bytes=198 b0=0x00
server level=info t=61516 ev=gameplay stage=receive result=ok from=0x7F000001:2003 bytes=198 b0=0x00
server level=info t=61578 ev=gameplay stage=receive result=ok from=0x7F000001:2003 bytes=230 b0=0x00
server level=info t=61641 ev=gameplay stage=receive result=ok from=0x7F000001:2003 bytes=214 b0=0x00
server level=info t=61703 ev=gameplay stage=receive result=ok from=0x7F000001:2003 bytes=190 b0=0x00
server level=info t=61750 ev=gameplay stage=receive result=ok from=0x7F000001:2003 bytes=198 b0=0x00
server level=info t=61813 ev=gameplay stage=receive result=ok from=0x7F000001:2003 bytes=206 b0=0x00
server level=info t=61859 ev=gameplay stage=receive result=ok from=0x7F000001:2003 bytes=182 b0=0x00
server level=info t=61906 ev=gameplay stage=receive result=ok from=0x7F000001:2003 bytes=174 b0=0x00
server level=info t=61969 ev=gameplay stage=receive result=ok from=0x7F000001:2003 bytes=198 b0=0x00
server level=info t=61969 ev=gameplay stage=message result=ok id=4 peerstage=5
server level=info t=62016 ev=gameplay stage=receive result=ok from=0x7F000001:2003 bytes=174 b0=0x00
server level=info t=62078 ev=gameplay stage=receive result=ok from=0x7F000001:2003 bytes=214 b0=0x00
server level=info t=62125 ev=gameplay stage=receive result=ok from=0x7F000001:2003 bytes=190 b0=0x00
server level=info t=62203 ev=gameplay stage=receive result=ok from=0x7F000001:2003 bytes=190 b0=0x00
server level=info t=62250 ev=gameplay stage=receive result=ok from=0x7F000001:2003 bytes=198 b0=0x00
server level=info t=62297 ev=gameplay stage=receive result=ok from=0x7F000001:2003 bytes=238 b0=0x00
server level=info t=62359 ev=gameplay stage=receive result=ok from=0x7F000001:2003 bytes=214 b0=0x00
server level=info t=62422 ev=gameplay stage=receive result=ok from=0x7F000001:2003 bytes=182 b0=0x00
server level=info t=62469 ev=gameplay stage=receive result=ok from=0x7F000001:2003 bytes=206 b0=0x00
server level=info t=62531 ev=gameplay stage=receive result=ok from=0x7F000001:2003 bytes=206 b0=0x00
server level=info t=62609 ev=gameplay stage=receive result=ok from=0x7F000001:2003 bytes=302 b0=0x00
server level=info t=62672 ev=gameplay stage=receive result=ok from=0x7F000001:2003 bytes=198 b0=0x00
server level=info t=62719 ev=gameplay stage=receive result=ok from=0x7F000001:2003 bytes=198 b0=0x00
server level=info t=62766 ev=gameplay stage=receive result=ok from=0x7F000001:2003 bytes=198 b0=0x00
server level=info t=62828 ev=gameplay stage=receive result=ok from=0x7F000001:2003 bytes=198 b0=0x00
server level=info t=62906 ev=gameplay stage=receive result=ok from=0x7F000001:2003 bytes=286 b0=0x00
server level=info t=62969 ev=gameplay stage=receive result=ok from=0x7F000001:2003 bytes=190 b0=0x00
server level=info t=63016 ev=gameplay stage=receive result=ok from=0x7F000001:2003 bytes=190 b0=0x00
client level=info t=63031 ev=nettick stage=sample latch=1 callbacks=11161
server level=info t=63063 ev=gameplay stage=receive result=ok from=0x7F000001:2003 bytes=198 b0=0x00
server level=info t=63109 ev=gameplay stage=receive result=ok from=0x7F000001:2003 bytes=174 b0=0x00
client level=info t=63125 ev=probe stage=hosttail client=0x22D3A64F980 b=00000000000000000000000000000000000000000000000000000000000000000000000000000000FFFFFFFF00000000
client level=info t=63125 ev=probe stage=grant client=0x22D3A64F980 status=0x01FE pending=0 dirty=0 receipt=1
server level=info t=63203 ev=gameplay stage=receive result=ok from=0x7F000001:2003 bytes=318 b0=0x00
server level=info t=63266 ev=gameplay stage=receive result=ok from=0x7F000001:2003 bytes=190 b0=0x00
server level=info t=63313 ev=gameplay stage=receive result=ok from=0x7F000001:2003 bytes=190 b0=0x00
server level=info t=63359 ev=gameplay stage=receive result=ok from=0x7F000001:2003 bytes=182 b0=0x00
server level=info t=63422 ev=gameplay stage=receive result=ok from=0x7F000001:2003 bytes=174 b0=0x00
server level=info t=63516 ev=gameplay stage=receive result=ok from=0x7F000001:2003 bytes=374 b0=0x00
server level=info t=63563 ev=gameplay stage=receive result=ok from=0x7F000001:2003 bytes=190 b0=0x00
server level=info t=63922 ev=gameplay stage=message result=ok id=4 peerstage=5
client level=info t=64047 ev=retail site=80 text=world_controller:state:activity:initial_slice_set_loading: Timeout entering the prologue-filler (given 5000ms).
client level=info t=64047 ev=retail site=74 text=world_controller:task_manager: Started   task 'ENUM(9)'.
client level=info t=65031 ev=nettick stage=sample latch=1 callbacks=11475
client level=info t=65125 ev=probe stage=hosttail client=0x22D3A64F980 b=00000000000000000000000000000000000000000000000000000000000000000000000000000000FFFFFFFF00000000
client level=info t=65125 ev=probe stage=grant client=0x22D3A64F980 status=0x01FE pending=0 dirty=0 receipt=1
client level=info t=65172 ev=retail site=75 text=world_controller:task_manager: Completed task 'ENUM(2)' after '6132ms'.
client level=info t=65484 ev=retail site=75 text=world_controller:task_manager: Completed task 'ENUM(3)' after '6444ms'.
client level=info t=65484 ev=retail site=45 text=world_controller:slice_set_transition_manager: Mode changed from 'initial_slice_set_precaching' to 'initial_slice_set_instantion'.
client level=info t=65484 ev=retail site=74 text=world_controller:task_manager: Started   task 'ENUM(8)'.
client level=info t=65516 ev=retail site=75 text=world_controller:task_manager: Completed task 'ENUM(8)' after '34ms'.
client level=info t=65516 ev=retail site=48 text=world_controller:slice_set_transition_manager: Stopping transition of type 'transitioning:initial_slice_set' due to completed
client level=info t=65563 ev=probe stage=msg12 result=received client=0x22D3A64F980 slot=0 label=PRIVATE CURRENT member=0x35F900ECFC25A1B0 status=0x01FE->0x01FE flag=1
client level=info t=65563 ev=probe stage=bind client=0x22D3A64F980 established=0x9EAA300100200001 slotrec=0x22D21B2D9A0 roster=0x22DDA0DBC80 receipt=1
client level=info t=65578 ev=retail site=75 text=world_controller:task_manager: Completed task 'ENUM(9)' after '1532ms'.
client level=info t=65578 ev=retail site=74 text=world_controller:task_manager: Started   task 'ENUM(10)'.
client level=info t=65578 ev=probe stage=msg12 result=received client=0x22D3A64F980 slot=0 label=PRIVATE CURRENT member=0x35F900ECFC25A1B0 status=0x01FE->0x01FE flag=1
client level=info t=65578 ev=probe stage=bind client=0x22D3A64F980 established=0x9EAA300100200001 slotrec=0x22D21B2D9A0 roster=0x22DDA0DBC80 receipt=1
server level=info t=66938 ev=gameplay stage=message result=ok id=4 peerstage=5
client level=info t=67031 ev=nettick stage=sample latch=1 callbacks=11772
client level=info t=67125 ev=probe stage=hosttail client=0x22D3A64F980 b=00000000000000000000000000000000000000000000000000000000000000000000000000000000FFFFFFFF00000000
client level=info t=67125 ev=probe stage=grant client=0x22D3A64F980 status=0x01FE pending=0 dirty=0 receipt=1
client level=info t=67281 ev=retail site=75 text=world_controller:task_manager: Completed task 'ENUM(10)' after '1708ms'.
client level=info t=67281 ev=retail site=17 text=world_controller:retail_datamine: Total time spent: [8266] ms in world controller state: [36] name: [activity:initial_slice_set_loading]
client level=info t=67281 ev=retail site=3 text=world_controller:state_manager: Entering state 'activity:physics_join' for reason 'unavailable'.
client level=info t=67281 ev=retail site=81 text=world_controller:task_manager: Started   task 'ENUM(0)'.
client level=info t=69031 ev=nettick stage=sample latch=1 callbacks=12047
client level=info t=69125 ev=probe stage=hosttail client=0x22D3A64F980 b=00000000000000000000000000000000000000000000000000000000000000000000000000000000FFFFFFFF00000000
client level=info t=69125 ev=probe stage=grant client=0x22D3A64F980 status=0x01FE pending=0 dirty=0 receipt=1
server level=info t=70047 ev=gameplay stage=message result=ok id=4 peerstage=5
client level=info t=71031 ev=nettick stage=sample latch=1 callbacks=12287
client level=info t=71125 ev=probe stage=hosttail client=0x22D3A64F980 b=00000000000000000000000000000000000000000000000000000000000000000000000000000000FFFFFFFF00000000
client level=info t=71125 ev=probe stage=grant client=0x22D3A64F980 status=0x01FE pending=0 dirty=0 receipt=1
client level=info t=73031 ev=nettick stage=sample latch=1 callbacks=12566
client level=info t=73125 ev=probe stage=hosttail client=0x22D3A64F980 b=00000000000000000000000000000000000000000000000000000000000000000000000000000000FFFFFFFF00000000
client level=info t=73125 ev=probe stage=grant client=0x22D3A64F980 status=0x01FE pending=0 dirty=0 receipt=1
server level=info t=73156 ev=gameplay stage=message result=ok id=4 peerstage=5
client level=info t=73313 ev=retail site=82 text=world_controller:task_manager: Completed task 'ENUM(0)' after '6022ms'.
client level=info t=73313 ev=retail site=17 text=world_controller:retail_datamine: Total time spent: [6022] ms in world controller state: [37] name: [activity:physics_join]
client level=info t=73313 ev=retail site=3 text=world_controller:state_manager: Entering state 'activity:in_world' for reason 'unavailable'.
client level=info t=73313 ev=retail site=83 text=world_controller:state:in_world: Starting activity '0x000a (HASH(0xf858b379))(type: HASH(0xd07bb2d7))(grognok: fleet_freeroam)(destination: HASH(0x8e6191bd))(nonce: 670B4CC4-447FF86C) for reason 'ENUM(0)'(override: fleet_freeroam)'.
client level=info t=73313 ev=retail site=11 text=world_controller:retail_datamine: Timed operation: [ENUM(17)], took: [22457 ms], average: [22457.000000 ms], min: [22457.000000], max: [22457.000000], count: [1]
client level=info t=73391 ev=retail site=45 text=world_controller:slice_set_transition_manager: Mode changed from 'initial_slice_set_instantion' to 'fully_enabled'.
server level=info t=74328 ev=ws701 stage=profile_setup result=complete
server level=info t=74344 ev=activity stage=writeback result=ok world_state=8
client level=info t=75031 ev=nettick stage=sample latch=1 callbacks=12854
client level=info t=75125 ev=probe stage=hosttail client=0x22D3A64F980 b=00000000000000000000000000000000000000000000000000000000000000000000000000000000FFFFFFFF00000000
client level=info t=75125 ev=probe stage=grant client=0x22D3A64F980 status=0x01FE pending=0 dirty=0 receipt=1
server level=info t=76266 ev=gameplay stage=message result=ok id=4 peerstage=5
client level=info t=77031 ev=nettick stage=sample latch=1 callbacks=13051
client level=info t=77125 ev=probe stage=hosttail client=0x22D3A64F980 b=00000000000000000000000000000000000000000000000000000000000000000000000000000000FFFFFFFF00000000
client level=info t=77125 ev=probe stage=grant client=0x22D3A64F980 status=0x01FE pending=0 dirty=0 receipt=1
client level=info t=79031 ev=nettick stage=sample latch=1 callbacks=13232
client level=info t=79125 ev=probe stage=hosttail client=0x22D3A64F980 b=00000000000000000000000000000000000000000000000000000000000000000000000000000000FFFFFFFF00000000
client level=info t=79125 ev=probe stage=grant client=0x22D3A64F980 status=0x01FE pending=0 dirty=0 receipt=1
server level=info t=79359 ev=gameplay stage=message result=ok id=4 peerstage=5
client level=info t=81031 ev=nettick stage=sample latch=1 callbacks=13461
client level=info t=81125 ev=probe stage=hosttail client=0x22D3A64F980 b=00000000000000000000000000000000000000000000000000000000000000000000000000000000FFFFFFFF00000000
client level=info t=81125 ev=probe stage=grant client=0x22D3A64F980 status=0x01FE pending=0 dirty=0 receipt=1
server level=info t=82578 ev=gameplay stage=message result=ok id=4 peerstage=5
client level=info t=83031 ev=nettick stage=sample latch=1 callbacks=13759
client level=info t=83125 ev=probe stage=hosttail client=0x22D3A64F980 b=00000000000000000000000000000000000000000000000000000000000000000000000000000000FFFFFFFF00000000
client level=info t=83125 ev=probe stage=grant client=0x22D3A64F980 status=0x01FE pending=0 dirty=0 receipt=1
server level=info t=84391 ev=queuez stage=social_roster result=ok soid=0x9EAA300100100100 objects=2 bytes=176 emblem=1274 hash=0x71B4CC19
client level=info t=85031 ev=nettick stage=sample latch=1 callbacks=14086
client level=info t=85125 ev=probe stage=hosttail client=0x22D3A64F980 b=00000000000000000000000000000000000000000000000000000000000000000000000000000000FFFFFFFF00000000
client level=info t=85125 ev=probe stage=grant client=0x22D3A64F980 status=0x01FE pending=0 dirty=0 receipt=1
server level=info t=85859 ev=gameplay stage=message result=ok id=4 peerstage=5
client level=info t=87031 ev=nettick stage=sample latch=1 callbacks=14450
client level=info t=87125 ev=probe stage=hosttail client=0x22D3A64F980 b=00000000000000000000000000000000000000000000000000000000000000000000000000000000FFFFFFFF00000000
client level=info t=87125 ev=probe stage=grant client=0x22D3A64F980 status=0x01FE pending=0 dirty=0 receipt=1
client level=info t=89047 ev=nettick stage=sample latch=1 callbacks=14794
server level=info t=89047 ev=gameplay stage=message result=ok id=4 peerstage=5
client level=info t=89141 ev=probe stage=hosttail client=0x22D3A64F980 b=00000000000000000000000000000000000000000000000000000000000000000000000000000000FFFFFFFF00000000
client level=info t=89141 ev=probe stage=grant client=0x22D3A64F980 status=0x01FE pending=0 dirty=0 receipt=1
server level=info t=90906 ev=queuez stage=social_roster result=ok soid=0x9EAA300100100100 objects=2 bytes=176 emblem=1274 hash=0x71B4CC19
client level=info t=91047 ev=nettick stage=sample latch=1 callbacks=15132
client level=info t=91141 ev=probe stage=hosttail client=0x22D3A64F980 b=00000000000000000000000000000000000000000000000000000000000000000000000000000000FFFFFFFF00000000
client level=info t=91141 ev=probe stage=grant client=0x22D3A64F980 status=0x01FE pending=0 dirty=0 receipt=1
server level=info t=92172 ev=gameplay stage=message result=ok id=4 peerstage=5
client level=info t=93047 ev=nettick stage=sample latch=1 callbacks=15474
client level=info t=93141 ev=probe stage=hosttail client=0x22D3A64F980 b=00000000000000000000000000000000000000000000000000000000000000000000000000000000FFFFFFFF00000000
client level=info t=93141 ev=probe stage=grant client=0x22D3A64F980 status=0x01FE pending=0 dirty=0 receipt=1
client level=info t=95047 ev=nettick stage=sample latch=1 callbacks=15826
client level=info t=95141 ev=probe stage=hosttail client=0x22D3A64F980 b=00000000000000000000000000000000000000000000000000000000000000000000000000000000FFFFFFFF00000000
client level=info t=95141 ev=probe stage=grant client=0x22D3A64F980 status=0x01FE pending=0 dirty=0 receipt=1
server level=info t=95281 ev=gameplay stage=message result=ok id=4 peerstage=5
client level=info t=97047 ev=nettick stage=sample latch=1 callbacks=16068
server level=info t=98391 ev=gameplay stage=message result=ok id=4 peerstage=5
client level=info t=99047 ev=nettick stage=sample latch=1 callbacks=16312
client level=info t=101047 ev=nettick stage=sample latch=1 callbacks=16477
server level=info t=101484 ev=gameplay stage=message result=ok id=4 peerstage=5
client level=info t=103047 ev=nettick stage=sample latch=1 callbacks=16634
client level=warn t=104125 ev=vr.probe state on=1 yaw=0.0 height=0.00 fov=0.0
client level=warn t=104125 ev=vr.probe block player=0 addr=0x22D21A95810
client level=warn t=104141 ev=vr.xr load path=C:\Program Files\Meta Horizon\Support\oculus-runtime\.\LibOVRRTImpl64_1.dll
client level=warn t=104156 ev=vr.xr unhook module=kernelbase.dll export=LoadLibraryExW result=ok bytes=2
client level=warn t=104156 ev=vr.xr unhook module=kernel32.dll export=GetProcAddress result=ok bytes=2
client level=warn t=104156 ev=vr.xr ldr_notify callback=destiny2.exe+0x3AB4B0 foreign=1
client level=warn t=104156 ev=vr.xr ldr_notify result=ok seen=1 neutralised=1
client level=warn t=104172 ev=vr.xr load result=ok interface=1 runtime_api=1.1.61
client level=warn t=104359 ev=vr.xr views count=2 eye=1824x1968 runtime=Oculus
client level=warn t=104594 ev=vr.xr bindings profile=/interaction_profiles/oculus/touch_controller count=16 result=0
client level=warn t=104594 ev=vr.xr bindings profile=/interaction_profiles/khr/simple_controller count=7 result=0
client level=warn t=104594 ev=vr.xr actions result=ok spaces=1 palm_spaces=1
client level=warn t=104594 ev=vr.xr init result=ok runtime=Oculus
client level=warn t=104594 ev=vr.xr session state=running
client level=warn t=104625 ev=vr.xr submit layers=0 result=0 fov=1.4242 aspect=1.7778
client level=info t=104625 ev=retail site=73 text=networking:update: *** it has been 482 milliseconds since the last network update (longest expected: '500')
client level=warn t=104625 ev=vr.xr submit layers=0 result=0 fov=1.4242 aspect=1.7778
client level=warn t=104641 ev=vr.weapon install result=ok getter=0x12D22C0 ptr=0x12D50F0 xform=0xD5D7F0
client level=warn t=104641 ev=vr.weapon rule path=getter targets=D5D832 source=hand rvas=1 all=0 rules=1
client level=warn t=104641 ev=vr.weapon defaults applied=1 anchor=palm pivot=-0.3300,-0.0915,0.1090
client level=warn t=104641 ev=vr.xr submit layers=0 result=0 fov=1.4242 aspect=1.7778
client level=warn t=104656 ev=vr.xr submit layers=0 result=0 fov=1.4242 aspect=1.7778
client level=warn t=104688 ev=vr.xr submit layers=0 result=0 fov=1.4242 aspect=1.7778
client level=warn t=104703 ev=vr.xr submit layers=0 result=0 fov=1.4242 aspect=1.7778
client level=warn t=104734 ev=vr.xr submit layers=0 result=0 fov=1.4242 aspect=1.7778
client level=warn t=104750 ev=vr.xr submit layers=0 result=0 fov=1.4242 aspect=1.7778
client level=warn t=104766 ev=vr.xr submit layers=0 result=0 fov=1.4242 aspect=1.7778
client level=warn t=104781 ev=vr.xr submit layers=0 result=0 fov=1.4242 aspect=1.7778
client level=warn t=104813 ev=vr.xr submit layers=0 result=0 fov=1.4242 aspect=1.7778
client level=warn t=104828 ev=vr.xr submit layers=0 result=0 fov=1.4242 aspect=1.7778
client level=warn t=104859 ev=vr.xr submit layers=0 result=0 fov=1.4242 aspect=1.7778
client level=warn t=104875 ev=vr.xr submit layers=0 result=0 fov=1.4242 aspect=1.7778
client level=warn t=104891 ev=vr.xr submit layers=0 result=0 fov=1.4242 aspect=1.7778
client level=warn t=104906 ev=vr.xr submit layers=0 result=0 fov=1.4242 aspect=1.7778
server level=info t=104922 ev=ws701 stage=profile_setup result=complete
client level=warn t=104922 ev=vr.xr submit layers=0 result=0 fov=1.4242 aspect=1.7778
server level=info t=104922 ev=activity stage=writeback result=ok world_state=8
client level=warn t=104938 ev=vr.xr submit layers=0 result=0 fov=1.4242 aspect=1.7778
server level=info t=104953 ev=gameplay stage=message result=ok id=4 peerstage=5
client level=warn t=104953 ev=vr.xr submit layers=0 result=0 fov=1.4242 aspect=1.7778
client level=warn t=104984 ev=vr.xr submit layers=0 result=0 fov=1.4242 aspect=1.7778
client level=warn t=105000 ev=vr.xr submit layers=0 result=0 fov=1.4242 aspect=1.7778
client level=warn t=105016 ev=vr.xr submit layers=0 result=0 fov=1.4242 aspect=1.7778
client level=warn t=105031 ev=vr.xr submit layers=0 result=0 fov=1.4242 aspect=1.7778
client level=info t=105047 ev=nettick stage=sample latch=1 callbacks=16742
client level=warn t=105047 ev=vr.xr submit layers=0 result=0 fov=1.4242 aspect=1.7778
client level=warn t=105078 ev=vr.xr submit layers=0 result=0 fov=1.4242 aspect=1.7778
client level=warn t=105094 ev=vr.xr submit layers=0 result=0 fov=1.4242 aspect=1.7778
client level=warn t=105125 ev=vr.xr submit layers=0 result=0 fov=1.4242 aspect=1.7778
client level=warn t=105141 ev=vr.xr submit layers=0 result=0 fov=1.4242 aspect=1.7778
client level=warn t=105156 ev=vr.xr submit layers=0 result=0 fov=1.4242 aspect=1.7778
client level=warn t=105172 ev=vr.xr submit layers=0 result=0 fov=1.4242 aspect=1.7778
client level=warn t=105188 ev=vr.xr submit layers=0 result=0 fov=1.4242 aspect=1.7778
client level=warn t=105203 ev=vr.xr submit layers=0 result=0 fov=1.4242 aspect=1.7778
client level=warn t=105234 ev=vr.xr submit layers=0 result=0 fov=1.4242 aspect=1.7778
client level=warn t=105250 ev=vr.xr submit layers=0 result=0 fov=1.4242 aspect=1.7778
client level=warn t=105266 ev=vr.xr submit layers=0 result=0 fov=1.4242 aspect=1.7778
client level=warn t=105281 ev=vr.xr submit layers=0 result=0 fov=1.4242 aspect=1.7778
client level=warn t=105313 ev=vr.xr submit layers=0 result=0 fov=1.4242 aspect=1.7778
client level=warn t=105328 ev=vr.xr submit layers=0 result=0 fov=1.4242 aspect=1.7778
client level=warn t=105344 ev=vr.xr submit layers=0 result=0 fov=1.4242 aspect=1.7778
client level=warn t=105375 ev=vr.xr eyes index=0 pos=0.1367,0.0821,0.2880 quat=-0.03970,-0.46717,-0.02394,0.88295 fov_lrud=-0.9425,0.6981,0.7679,-0.9599
client level=warn t=105375 ev=vr.xr eyes index=1 pos=0.1716,0.0818,0.3392 quat=-0.03970,-0.46717,-0.02394,0.88295 fov_lrud=-0.6981,0.9425,0.7679,-0.9599
client level=warn t=105375 ev=vr.xr recentre x=0.154 y=0.082 z=0.314
client level=warn t=105375 ev=vr.xr recentre_yaw room=-0.9731
client level=warn t=105391 ev=vr.xr swapchain result=ok size=1920x1080 source_format=28 format=29 direct=1 images=3
client level=warn t=106641 ev=vr.xr hand yaw=0.7082 r_valid=1 r_stale=0 r_fwd=0.985,0.071,0.154 r_up=-0.135,-0.222,0.966 r_off=0.272,-0.269,-0.145 r_palm=0.182,-0.269,-0.188 l_valid=0 l_fwd=0.000,0.000,0.000 l_off=0.000,0.000,0.000 h_off=-0.123,-0.069,0.025
client level=info t=107063 ev=nettick stage=sample latch=1 callbacks=16838
client level=warn t=107891 ev=vr.xr hand yaw=0.7082 r_valid=1 r_stale=0 r_fwd=0.946,0.274,0.174 r_up=-0.187,0.021,0.982 r_off=0.277,-0.174,-0.158 r_palm=0.193,-0.201,-0.204 l_valid=0 l_fwd=0.000,0.000,0.000 l_off=0.000,0.000,0.000 h_off=-0.123,-0.031,0.024
server level=info t=108063 ev=gameplay stage=message result=ok id=4 peerstage=5
client level=warn t=108203 ev=vr.weapon callers path=getter D5D832:172 B363FA:516 B3598D:172
client level=warn t=108203 ev=vr.weapon callers path=ptr D98F49:860 D7FB5C:118 DB8CB6:172 12B0A09:172 16E8861:172 D8F242:172 D8B348:172 D8B9B5:172 12B2284:28 D2F672:28 F4276C:4 D8492B:24 D7FF2C:6
client level=warn t=108203 ev=vr.weapon callers path=xform D5896F:172
client level=warn t=108219 ev=vr.probe pose in_pos=-203.13,447.02,81.43 in_fwd=0.999,0.043,0.000 in_fov=1.4242 out_pos=-203.26,446.98,81.45 out_fwd=0.999,0.026,-0.039 out_fov=1.8850
client level=warn t=108328 ev=vr.body anchor=-0.2649 head_yaw=0.2651 body_yaw=0.0202 error=-0.0167 counts_per_rad=579 servo=1
client level=warn t=108328 ev=vr.pad stats injected=0 held=0 mouse=-162,0 move=0.00,0.00 turn=0.00,0.00 trig=0.00,0.00 buttons=0x0
client level=info t=109063 ev=nettick stage=sample latch=1 callbacks=16934
client level=warn t=109141 ev=vr.xr hand yaw=0.7082 r_valid=1 r_stale=0 r_fwd=0.980,-0.199,-0.024 r_up=0.057,0.163,0.985 r_off=0.399,-0.276,-0.106 r_palm=0.304,-0.262,-0.133 l_valid=0 l_fwd=0.000,0.000,0.000 l_off=0.000,0.000,0.000 h_off=-0.143,-0.059,0.027
client level=warn t=109141 ev=vr.xr pose fwd=0.937,-0.345,-0.062 off=-0.143,-0.059,0.027 fov=1.8850 aspect=0.964
client level=warn t=110391 ev=vr.xr hand yaw=0.7082 r_valid=1 r_stale=0 r_fwd=0.903,-0.412,0.121 r_up=-0.070,0.136,0.988 r_off=0.380,-0.321,-0.099 r_palm=0.296,-0.286,-0.140 l_valid=0 l_fwd=0.000,0.000,0.000 l_off=0.000,0.000,0.000 h_off=-0.145,-0.067,0.029
client level=info t=111063 ev=nettick stage=sample latch=1 callbacks=17030
server level=info t=111172 ev=gameplay stage=message result=ok id=4 peerstage=5
client level=warn t=111625 ev=vr.xr hand yaw=0.7082 r_valid=1 r_stale=0 r_fwd=0.980,0.150,0.128 r_up=-0.167,0.288,0.943 r_off=0.323,-0.228,-0.147 r_palm=0.235,-0.251,-0.187 l_valid=0 l_fwd=0.000,0.000,0.000 l_off=0.000,0.000,0.000 h_off=-0.144,-0.003,0.035
client level=warn t=111625 ev=vr.xr submit layers=1 result=0 fov=1.8850 aspect=0.9638
client level=warn t=111953 ev=vr.weapon callers path=getter D5D832:180 B363FA:540 B3598D:180 B40A78:22
client level=warn t=111953 ev=vr.weapon callers path=ptr D98F49:900 D7FB5C:117 DB8CB6:180 12B0A09:180 16E8861:180 D8F242:180 D8B348:180 D8B9B5:180 12B2284:41 D2F672:41 F4276C:4 D8492B:28 D7FF2C:7 CE3C40:11
client level=warn t=111953 ev=vr.weapon callers path=xform D5896F:180
client level=warn t=111969 ev=vr.probe pose in_pos=-203.13,447.02,81.43 in_fwd=0.788,0.616,0.000 in_fov=1.4242 out_pos=-203.30,447.02,81.48 out_fwd=0.748,0.609,0.264 out_fov=1.8850
client level=warn t=112063 ev=vr.body anchor=-0.2649 head_yaw=0.9728 body_yaw=0.6875 error=0.0137 counts_per_rad=579 servo=1
client level=warn t=112063 ev=vr.pad stats injected=4 held=0 mouse=-548,0 move=0.00,0.00 turn=0.00,0.00 trig=0.00,0.00 buttons=0x0
client level=warn t=112859 ev=vr.xr hand yaw=0.7082 r_valid=1 r_stale=0 r_fwd=0.959,0.026,0.283 r_up=-0.282,-0.017,0.959 r_off=0.265,-0.318,-0.185 r_palm=0.183,-0.320,-0.241 l_valid=0 l_fwd=0.000,0.000,0.000 l_off=0.000,0.000,0.000 h_off=-0.092,-0.155,-0.002
client level=warn t=112859 ev=vr.xr pose fwd=0.893,-0.386,-0.233 off=-0.092,-0.155,-0.002 fov=1.8850 aspect=0.964
client level=info t=113063 ev=nettick stage=sample latch=1 callbacks=17127
client level=warn t=114109 ev=vr.xr hand yaw=1.0441 r_valid=1 r_stale=0 r_fwd=0.590,0.731,0.341 r_up=-0.145,-0.320,0.936 r_off=0.139,-0.012,-0.197 r_palm=0.088,-0.072,-0.257 l_valid=0 l_fwd=0.000,0.000,0.000 l_off=0.000,0.000,0.000 h_off=-0.117,-0.066,0.022
server level=info t=114266 ev=gameplay stage=message result=ok id=4 peerstage=5
client level=info t=115078 ev=nettick stage=sample latch=1 callbacks=17223
client level=warn t=115359 ev=vr.xr hand yaw=0.8878 r_valid=1 r_stale=0 r_fwd=0.782,0.577,0.235 r_up=-0.111,-0.242,0.964 r_off=0.102,-0.018,-0.287 r_palm=0.031,-0.066,-0.338 l_valid=1 l_fwd=0.978,-0.121,0.172 l_off=0.008,0.086,-0.381 h_off=-0.114,-0.068,0.012
client level=warn t=115688 ev=vr.weapon callers path=getter D5D832:180 B363FA:540 B3598D:180 B40A78:0
client level=warn t=115688 ev=vr.weapon callers path=ptr D98F49:900 D7FB5C:125 DB8CB6:180 12B0A09:180 16E8861:180 D8F242:180 D8B348:180 D8B9B5:180 12B2284:30 D2F672:30 F4276C:3 D8492B:25 D7FF2C:6 CE3C40:0
client level=warn t=115688 ev=vr.weapon callers path=xform D5896F:180
client level=warn t=115703 ev=vr.probe pose in_pos=-197.24,449.89,81.43 in_fwd=0.722,0.691,0.000 in_fov=1.4242 out_pos=-197.35,449.80,81.45 out_fwd=0.681,0.732,-0.012 out_fov=1.8850
client level=warn t=115813 ev=vr.body anchor=0.1841 head_yaw=0.6838 body_yaw=0.8327 error=0.0318 counts_per_rad=579 servo=1
client level=warn t=115813 ev=vr.pad stats injected=5 held=1 mouse=-636,0 move=0.14,0.99 turn=0.00,0.00 trig=0.00,0.00 buttons=0x0
client level=warn t=116609 ev=vr.xr hand yaw=1.1572 r_valid=1 r_stale=0 r_fwd=0.534,0.829,0.167 r_up=0.011,-0.205,0.979 r_off=0.056,0.070,-0.342 r_palm=0.005,-0.003,-0.387 l_valid=1 l_fwd=0.913,0.209,0.350 l_off=-0.030,0.080,-0.307 h_off=-0.140,-0.112,0.059
client level=warn t=116609 ev=vr.xr pose fwd=0.181,0.862,0.474 off=-0.140,-0.112,0.059 fov=1.8850 aspect=0.964
client level=info t=117078 ev=nettick stage=sample latch=1 callbacks=17321
server level=info t=117375 ev=gameplay stage=message result=ok id=4 peerstage=5
client level=warn t=117844 ev=vr.xr hand yaw=1.1572 r_valid=1 r_stale=0 r_fwd=0.504,0.862,-0.059 r_up=0.385,-0.163,0.908 r_off=0.110,0.124,-0.291 r_palm=0.051,0.047,-0.312 l_valid=1 l_fwd=0.908,0.339,0.245 l_off=-0.029,0.110,-0.332 h_off=-0.074,-0.088,-0.019
client level=warn t=117844 ev=vr.xr submit layers=1 result=0 fov=1.8850 aspect=0.9638
client level=warn t=119078 ev=vr.xr hand yaw=1.1572 r_valid=1 r_stale=0 r_fwd=0.576,0.734,-0.360 r_up=0.097,0.376,0.922 r_off=0.162,0.356,-0.288 r_palm=0.104,0.275,-0.282 l_valid=1 l_fwd=0.928,0.278,0.249 l_off=-0.060,0.107,-0.336 h_off=-0.134,-0.061,0.003
client level=info t=119078 ev=nettick stage=sample latch=1 callbacks=17418
client level=warn t=119391 ev=vr.weapon callers path=getter D5D832:180 B363FA:540 B3598D:180 B40A78:10
client level=warn t=119391 ev=vr.weapon callers path=ptr D98F49:900 D7FB5C:108 DB8CB6:180 12B0A09:180 16E8861:180 D8F242:180 D8B348:180 D8B9B5:180 12B2284:34 D2F672:34 F4276C:4 D8492B:26 D7FF2C:6 CE3C40:5
client level=warn t=119391 ev=vr.weapon callers path=xform D5896F:180
client level=warn t=119406 ev=vr.probe pose in_pos=-187.60,457.62,81.46 in_fwd=0.725,0.685,0.062 in_fov=1.4242 out_pos=-187.73,457.56,81.46 out_fwd=0.685,0.650,-0.328 out_fov=1.8850
client level=warn t=119500 ev=vr.body anchor=0.1841 head_yaw=0.5715 body_yaw=0.7668 error=-0.0097 counts_per_rad=613 servo=1
client level=warn t=119500 ev=vr.pad stats injected=9 held=0 mouse=-587,0 move=0.00,0.00 turn=0.00,0.00 trig=0.00,1.00 buttons=0x0
client level=info t=119641 ev=retail site=47 text=world_controller:slice_set_transition_manager: Starting a new transition of type 'transitioning:normal_z_leg' to 'PRV24.24 (HASH: 0xc3e951f2)'; token advanced to 002
server level=info t=119688 ev=gameplay stage=activityhost result=allocated session=0x9EAA30010020000A group=0x88422E3D9937DD5F generation=9 port=30992 held=9
server level=warn t=119703 ev=mission_script stage=attach result=no_activity_link session=11433003384888623114
client level=info t=119969 ev=retail site=84 text=networking:bandwidth: min_channels: 0 max channels: 1 max bps: 38848 avg cong bps: -1 low cong bps: -1 hi cong bps: -1 lat avg: -1 lat hi avg: 0 lat avg var: -1 pct loss: 0.00 pct loss hi avg: [0.00].
client level=info t=119969 ev=retail site=85 text=networking:bandwidth: machine [3A:E0:C5:EA:6C:3B:ED09] longest reception gap [564ms] longest ack gap [564ms] pct loss [0.00] disc count [0] sps [10] rps [10] bh: [y].
client level=warn t=120391 ev=vr.xr hand yaw=1.1572 r_valid=1 r_stale=0 r_fwd=0.634,0.771,0.060 r_up=-0.524,0.370,0.767 r_off=0.156,0.339,-0.259 r_palm=0.112,0.254,-0.288 l_valid=1 l_fwd=0.934,0.256,0.249 l_off=-0.054,0.099,-0.337 h_off=-0.126,-0.079,0.012
client level=warn t=120391 ev=vr.xr pose fwd=0.729,0.639,-0.245 off=-0.126,-0.079,0.012 fov=1.8850 aspect=0.964
server level=info t=120484 ev=gameplay stage=message result=ok id=4 peerstage=5
client level=info t=121078 ev=nettick stage=sample latch=1 callbacks=17510
client level=info t=121250 ev=retail site=76 text=networking:channel:packet_loss_stats: [dir:127.0.0.1(id=0):30976#bh64] Incoming packet read result summary - 0 ok, 0 discard, 610 discard-expected, 0 corrupt
client level=info t=121250 ev=retail site=77 text=networking:channel:packet_loss_stats: [dir:127.0.0.1(id=0):30976#bh64] Outgoing packet delivery summary - 610 delivered, 0 of those out-of-order, 0 lost - highest loss fraction seen 0.000
client level=info t=121250 ev=retail site=78 text=networking:stream_manager:retail: # 0 rx10.0/rxbps 5.8kb tx10.0/txbps32.6kb cx15.0pkts/33.0cxkbps lat=  0avg,  -1cg to=9999 aloc45.0kb max513.0kbps, loss=0.00pct loss dev 2.00pct rel=N, name=                            bh64
client level=info t=121250 ev=retail site=79 text=networking:stream_manager:retail: Local peer network quality = 1.000000/1.0, worst_axis = -1
client level=warn t=121609 ev=vr.xr hand yaw=1.1572 r_valid=1 r_stale=0 r_fwd=0.064,0.486,0.871 r_up=0.526,-0.758,0.385 r_off=0.100,0.132,0.018 r_palm=0.078,0.109,-0.076 l_valid=1 l_fwd=0.943,0.162,0.290 l_off=-0.030,0.058,-0.330 h_off=-0.178,-0.142,0.069
client level=info t=121719 ev=probe stage=msg12 result=received client=0x22D3A64F980 slot=0 label=PRIVATE CURRENT member=0x35F900ECFC25A1B0 status=0x01FE->0x01FE flag=1
client level=info t=121719 ev=probe stage=bind client=0x22D3A64F980 established=0x9EAA300100200001 slotrec=0x22D21B2D9A0 roster=0x22DDA0DBC80 receipt=1
client level=info t=121719 ev=probe stage=hosttail client=0x22D3A64F980 b=00000000000000000000000000000000000000000000000000000000000000000000000000000000FFFFFFFF00000000
client level=info t=121719 ev=probe stage=grant client=0x22D3A64F980 status=0x01FE pending=0 dirty=0 receipt=1
client level=info t=121719 ev=retail site=76 text=networking:channel:packet_loss_stats: [dir:127.0.0.1(id=0):30976#bh64] Incoming packet read result summary - 0 ok, 0 discard, 5 discard-expected, 0 corrupt
client level=info t=121719 ev=retail site=77 text=networking:channel:packet_loss_stats: [dir:127.0.0.1(id=0):30976#bh64] Outgoing packet delivery summary - 5 delivered, 0 of those out-of-order, 0 lost - highest loss fraction seen 0.000
client level=info t=121719 ev=retail site=86 text=networking:channel: channel dir:127.0.0.1(id=0):30976#bh64(id '0') (ra: ''dir:127.0.0.1(id=0):30976'') state change connected -> closed
client level=info t=121719 ev=retail site=87 text=networking:channel_manager: channel 'dir:127.0.0.1(id=0):30976#bh64' (0): channel closed (reason=channel-manager-owners-released) because 'dir:127.0.0.1(id=0):30976' can't be reached, resetting security
server level=info t=121734 ev=gameplay stage=peer result=closed reason=10
server level=info t=121734 ev=gameplay stage=response result=ok wordb=2 signon=0
client level=info t=121750 ev=retail site=88 text=world_controller:slice_set_transition_manager: Region 'PRV24.24 (HASH: 0xc3e951f2)' -- PAH assigned ambassadorship to us.
server level=info t=121781 ev=gameplay stage=connect result=ok peer=2003 local=0x00000002 remote=0x00000004 rebuilt=0
server level=info t=121781 ev=gameplay stage=establish result=queued local=0x00000002 remote=0x00000004
client level=warn t=122781 ev=vr.xr hand yaw=1.1572 r_valid=1 r_stale=0 r_fwd=0.108,0.721,0.685 r_up=-0.317,-0.628,0.711 r_off=0.046,0.197,-0.013 r_palm=0.045,0.147,-0.099 l_valid=1 l_fwd=0.955,0.182,0.235 l_off=-0.034,0.061,-0.342 h_off=-0.175,-0.133,0.061
server level=info t=122797 ev=gameplay stage=message result=ok id=8 peerstage=5
server level=info t=122797 ev=gameplay stage=sendqueue result=cleared packet=1 base=4 entries=0
server level=info t=122891 ev=gameplay stage=message result=ok id=40 peerstage=5
server level=info t=122891 ev=gameplay stage=view result=queued remote=1 local=1 token=0x9EAA300100200001 list=0
server level=info t=122938 ev=gameplay stage=message result=ok id=40 peerstage=5
server level=info t=122938 ev=gameplay stage=view result=queued remote=2 local=2 token=0x9EAA300100200001 list=15
server level=info t=122938 ev=gameplay stage=sendqueue result=cleared packet=7 base=7 entries=0
server level=info t=123000 ev=gameplay stage=message result=ok id=40 peerstage=5
server level=info t=123000 ev=gameplay stage=view result=queued remote=3 local=3 token=0x9EAA300100200001 list=0
server level=info t=123000 ev=gameplay stage=message result=ok id=40 peerstage=5
server level=info t=123000 ev=gameplay stage=view result=queued remote=4 local=4 token=0x9EAA300100200001 list=0
server level=info t=123000 ev=gameplay stage=sendqueue result=cleared packet=8 base=8 entries=0
client level=info t=123094 ev=nettick stage=sample latch=1 callbacks=17613
client level=warn t=123094 ev=vr.weapon callers path=getter D5D832:180 B363FA:540 B3598D:180 B40A78:26
client level=warn t=123094 ev=vr.weapon callers path=ptr D98F49:900 D7FB5C:108 DB8CB6:180 12B0A09:180 16E8861:180 D8F242:180 D8B348:180 D8B9B5:180 12B2284:41 D2F672:41 F4276C:0 D8492B:25 D7FF2C:7 CE3C40:13
client level=warn t=123094 ev=vr.weapon callers path=xform D5896F:180
client level=warn t=123094 ev=vr.probe pose in_pos=-187.60,457.62,81.46 in_fwd=0.449,0.894,0.001 in_fov=1.4242 out_pos=-187.76,457.47,81.52 out_fwd=0.450,0.845,0.289 out_fov=1.8850
client level=warn t=123203 ev=vr.body anchor=0.1841 head_yaw=0.8398 body_yaw=1.0603 error=-0.0298 counts_per_rad=584 servo=1
client level=warn t=123203 ev=vr.pad stats injected=12 held=0 mouse=-750,0 move=0.00,0.00 turn=0.00,0.00 trig=0.00,0.20 buttons=0x0
client level=info t=123719 ev=probe stage=hosttail client=0x22D3A64F980 b=00000000000000000000000000000000000000000000000000000000000000000000000000000000FFFFFFFF00000000
client level=info t=123719 ev=probe stage=grant client=0x22D3A64F980 status=0x01FE pending=0 dirty=0 receipt=1
client level=warn t=123984 ev=vr.xr hand yaw=1.1572 r_valid=1 r_stale=0 r_fwd=0.424,0.824,0.376 r_up=-0.295,-0.267,0.917 r_off=0.024,0.305,0.161 r_palm=-0.007,0.235,0.098 l_valid=1 l_fwd=0.952,0.217,0.214 l_off=-0.056,0.074,-0.323 h_off=-0.169,-0.163,0.055
client level=warn t=123984 ev=vr.xr pose fwd=0.611,0.745,0.268 off=-0.169,-0.163,0.055 fov=1.8850 aspect=0.964
client level=warn t=123984 ev=vr.xr submit layers=1 result=0 fov=1.8850 aspect=0.9638
client level=info t=125094 ev=nettick stage=sample latch=1 callbacks=17713
client level=warn t=125188 ev=vr.xr hand yaw=1.1572 r_valid=1 r_stale=0 r_fwd=0.211,0.925,0.317 r_up=-0.443,-0.198,0.874 r_off=0.045,0.137,-0.282 r_palm=0.038,0.056,-0.338 l_valid=1 l_fwd=0.911,0.326,0.253 l_off=-0.042,0.087,-0.346 h_off=-0.192,-0.125,0.066
client level=info t=125719 ev=probe stage=hosttail client=0x22D3A64F980 b=00000000000000000000000000000000000000000000000000000000000000000000000000000000FFFFFFFF00000000
client level=info t=125719 ev=probe stage=grant client=0x22D3A64F980 status=0x01FE pending=0 dirty=0 receipt=1
client level=warn t=126328 ev=vr.xr hand yaw=1.8022 r_valid=1 r_stale=0 r_fwd=-0.412,0.903,0.126 r_up=-0.109,-0.186,0.976 r_off=-0.075,0.134,-0.355 r_palm=-0.032,0.054,-0.396 l_valid=1 l_fwd=0.549,0.807,0.218 l_off=-0.104,0.039,-0.351 h_off=-0.113,-0.172,0.023
client level=warn t=126625 ev=vr.weapon callers path=getter D5D832:180 B363FA:540 B3598D:180 B40A78:8
client level=warn t=126625 ev=vr.weapon callers path=ptr D98F49:900 D7FB5C:121 DB8CB6:180 12B0A09:180 16E8861:180 D8F242:180 D8B348:180 D8B9B5:180 12B2284:34 D2F672:31 F4276C:0 D8492B:24 D7FF2C:6 CE3C40:4
client level=warn t=126625 ev=vr.weapon callers path=xform D5896F:180
client level=warn t=126641 ev=vr.probe pose in_pos=-188.97,456.24,81.45 in_fwd=-0.944,0.329,0.001 in_fov=1.4242 out_pos=-188.97,456.05,81.47 out_fwd=-0.958,0.286,-0.028 out_fov=1.8850
client level=warn t=126719 ev=vr.body anchor=1.4540 head_yaw=1.3874 body_yaw=2.8756 error=-0.0189 counts_per_rad=579 servo=1
client level=warn t=126719 ev=vr.pad stats injected=17 held=2 mouse=-1804,0 move=-0.57,0.82 turn=0.00,0.00 trig=0.00,0.00 buttons=0x0
client level=info t=127094 ev=nettick stage=sample latch=1 callbacks=17818
client level=warn t=127469 ev=vr.xr hand yaw=2.4271 r_valid=1 r_stale=0 r_fwd=-0.841,0.516,0.163 r_up=0.232,0.073,0.970 r_off=-0.183,0.110,-0.187 r_palm=-0.110,0.059,-0.232 l_valid=1 l_fwd=-0.333,0.786,0.520 l_off=-0.223,0.023,-0.200 h_off=0.031,-0.152,0.011
client level=warn t=127469 ev=vr.xr pose fwd=-0.547,0.800,-0.246 off=0.031,-0.152,0.011 fov=1.8850 aspect=0.964
client level=info t=127641 ev=retail site=48 text=world_controller:slice_set_transition_manager: Stopping transition of type 'transitioning:normal_z_leg' due to completed
client level=info t=127719 ev=probe stage=msg12 result=received client=0x22D3A64F980 slot=0 label=PRIVATE CURRENT member=0x35F900ECFC25A1B0 status=0x01FE->0x01FE flag=1
client level=info t=127719 ev=probe stage=bind client=0x22D3A64F980 established=0x9EAA300100200001 slotrec=0x22D21B2D9A0 roster=0x22DDA0DBC80 receipt=1
client level=info t=127719 ev=probe stage=hosttail client=0x22D3A64F980 b=00000000000000000000000000000000000000000000000000000000000000000000000000000000FFFFFFFF00000000
client level=info t=127719 ev=probe stage=grant client=0x22D3A64F980 status=0x01FE pending=0 dirty=0 receipt=1
client level=info t=127719 ev=retail site=76 text=networking:channel:packet_loss_stats: [dir:127.0.0.1(id=0):30992#bh64] Incoming packet read result summary - 8 ok, 0 discard, 0 discard-expected, 0 corrupt
client level=info t=127719 ev=retail site=77 text=networking:channel:packet_loss_stats: [dir:127.0.0.1(id=0):30992#bh64] Outgoing packet delivery summary - 3 delivered, 0 of those out-of-order, 0 lost - highest loss fraction seen 0.000
client level=info t=127719 ev=retail site=86 text=networking:channel: channel dir:127.0.0.1(id=0):30992#bh64(id '4') (ra: ''dir:127.0.0.1(id=0):30992'') state change connected -> closed
client level=info t=127719 ev=retail site=87 text=networking:channel_manager: channel 'dir:127.0.0.1(id=0):30992#bh64' (1): channel closed (reason=channel-manager-owners-released) because 'dir:127.0.0.1(id=0):30992' can't be reached, resetting security
server level=info t=127734 ev=gameplay stage=peer result=closed reason=10
client level=warn t=128594 ev=vr.xr hand yaw=2.4271 r_valid=1 r_stale=0 r_fwd=-0.809,0.585,0.049 r_up=0.065,0.006,0.998 r_off=-0.197,0.142,-0.217 r_palm=-0.122,0.087,-0.252 l_valid=1 l_fwd=-0.562,0.755,0.337 l_off=-0.241,0.012,-0.229 h_off=0.032,-0.164,0.021
client level=info t=129094 ev=nettick stage=sample latch=1 callbacks=17924
client level=warn t=129719 ev=vr.xr hand yaw=2.4271 r_valid=1 r_stale=0 r_fwd=-0.887,0.453,-0.093 r_up=-0.181,-0.154,0.971 r_off=-0.223,0.090,-0.281 r_palm=-0.133,0.052,-0.301 l_valid=1 l_fwd=-0.550,0.718,0.426 l_off=-0.230,0.002,-0.250 h_off=-0.003,-0.181,0.016
client level=warn t=129719 ev=vr.xr submit layers=1 result=0 fov=1.8850 aspect=0.9638
client level=info t=129719 ev=probe stage=hosttail client=0x22D3A64F980 b=00000000000000000000000000000000000000000000000000000000000000000000000000000000FFFFFFFF00000000
client level=info t=129719 ev=probe stage=grant client=0x22D3A64F980 status=0x01FE pending=0 dirty=0 receipt=1
client level=info t=129750 ev=probe stage=msg12 result=received client=0x22D3A64F980 slot=0 label=PRIVATE CURRENT member=0x35F900ECFC25A1B0 status=0x01FE->0x01FE flag=1
client level=info t=129750 ev=probe stage=bind client=0x22D3A64F980 established=0x9EAA300100200001 slotrec=0x22D21B2D9A0 roster=0x22DDA0DBC80 receipt=1
client level=warn t=130016 ev=vr.weapon callers path=getter D5D832:180 B363FA:540 B3598D:180 B40A78:0
client level=warn t=130016 ev=vr.weapon callers path=ptr D98F49:900 D7FB5C:113 DB8CB6:180 12B0A09:180 16E8861:180 D8F242:180 D8B348:180 D8B9B5:180 12B2284:25 D2F672:25 F4276C:0 D8492B:27 D7FF2C:6 CE3C40:0
client level=warn t=130016 ev=vr.weapon callers path=xform D5896F:180
client level=warn t=130031 ev=vr.probe pose in_pos=-199.32,456.66,81.40 in_fwd=-0.881,0.474,0.000 in_fov=1.4242 out_pos=-199.32,456.48,81.42 out_fwd=-0.862,0.482,-0.158 out_fov=1.8850
client level=warn t=130109 ev=vr.body anchor=1.4540 head_yaw=1.1012 body_yaw=2.6063 error=-0.0375 counts_per_rad=579 servo=1
client level=warn t=130109 ev=vr.pad stats injected=21 held=0 mouse=-1644,0 move=0.00,0.00 turn=0.00,0.00 trig=0.00,0.00 buttons=0x0
client level=warn t=130844 ev=vr.xr hand yaw=2.4271 r_valid=1 r_stale=0 r_fwd=-0.737,0.669,0.098 r_up=0.023,-0.120,0.992 r_off=-0.229,0.154,-0.184 r_palm=-0.159,0.094,-0.223 l_valid=1 l_fwd=-0.514,0.800,0.309 l_off=-0.216,0.011,-0.259 h_off=0.038,-0.138,0.002
client level=warn t=130844 ev=vr.xr pose fwd=-0.511,0.801,-0.312 off=0.038,-0.138,0.002 fov=1.8850 aspect=0.964
client level=info t=131094 ev=nettick stage=sample latch=1 callbacks=18030
client level=info t=131719 ev=probe stage=hosttail client=0x22D3A64F980 b=00000000000000000000000000000000000000000000000000000000000000000000000000000000FFFFFFFF00000000
client level=info t=131719 ev=probe stage=grant client=0x22D3A64F980 status=0x01FE pending=0 dirty=0 receipt=1
server level=info t=131750 ev=gameplay stage=association result=timeout
server level=info t=131781 ev=gameplay stage=response result=ok wordb=3 signon=0
server level=info t=131828 ev=gameplay stage=connect result=ok peer=2003 local=0x00000003 remote=0x00000008 rebuilt=0
server level=info t=131828 ev=gameplay stage=establish result=queued local=0x00000003 remote=0x00000008
client level=warn t=131984 ev=vr.xr hand yaw=2.4271 r_valid=1 r_stale=0 r_fwd=-0.789,0.601,0.129 r_up=-0.492,-0.743,0.453 r_off=-0.339,0.146,-0.250 r_palm=-0.249,0.111,-0.275 l_valid=1 l_fwd=-0.491,0.788,0.372 l_off=-0.226,-0.018,-0.264 h_off=0.023,-0.160,0.010
server level=info t=132844 ev=gameplay stage=message result=ok id=8 peerstage=5
server level=info t=132844 ev=gameplay stage=sendqueue result=cleared packet=1 base=4 entries=0
server level=info t=132938 ev=gameplay stage=message result=ok id=40 peerstage=5
server level=info t=132938 ev=gameplay stage=view result=queued remote=1 local=1 token=0x9EAA300100200001 list=0
server level=info t=132984 ev=gameplay stage=message result=ok id=40 peerstage=5
server level=info t=132984 ev=gameplay stage=view result=queued remote=2 local=2 token=0x9EAA300100200001 list=15
server level=info t=132984 ev=gameplay stage=sendqueue result=cleared packet=7 base=7 entries=0
server level=info t=133047 ev=gameplay stage=message result=ok id=40 peerstage=5
server level=info t=133047 ev=gameplay stage=view result=queued remote=3 local=3 token=0x9EAA300100200001 list=0
server level=info t=133047 ev=gameplay stage=message result=ok id=40 peerstage=5
server level=info t=133047 ev=gameplay stage=view result=queued remote=4 local=4 token=0x9EAA300100200001 list=0
server level=info t=133047 ev=gameplay stage=sendqueue result=cleared packet=8 base=8 entries=0
client level=info t=133094 ev=nettick stage=sample latch=1 callbacks=18137
client level=warn t=133109 ev=vr.xr hand yaw=2.4271 r_valid=1 r_stale=0 r_fwd=-0.806,0.311,0.504 r_up=-0.419,-0.901,-0.113 r_off=-0.335,0.090,-0.305 r_palm=-0.246,0.087,-0.349 l_valid=1 l_fwd=-0.517,0.761,0.392 l_off=-0.242,-0.036,-0.263 h_off=0.008,-0.167,0.011
client level=warn t=133422 ev=vr.weapon callers path=getter D5D832:180 B363FA:540 B3598D:180 B40A78:2
client level=warn t=133422 ev=vr.weapon callers path=ptr D98F49:900 D7FB5C:111 DB8CB6:180 12B0A09:180 16E8861:180 D8F242:180 D8B348:180 D8B9B5:180 12B2284:28 D2F672:27 F4276C:0 D8492B:19 D7FF2C:7 CE3C40:1
client level=warn t=133422 ev=vr.weapon callers path=xform D5896F:180
client level=warn t=133438 ev=vr.probe pose in_pos=-204.15,451.41,81.48 in_fwd=-0.802,0.579,0.151 in_fov=1.4242 out_pos=-204.14,451.25,81.49 out_fwd=-0.779,0.574,-0.251 out_fov=1.8850
client level=warn t=133516 ev=vr.body anchor=1.4540 head_yaw=1.0483 body_yaw=2.5130 error=-0.0090 counts_per_rad=577 servo=1
client level=warn t=133516 ev=vr.pad stats injected=24 held=1 mouse=-1601,0 move=-1.00,0.02 turn=0.00,0.00 trig=0.00,0.00 buttons=0x0
client level=info t=133719 ev=probe stage=hosttail client=0x22D3A64F980 b=00000000000000000000000000000000000000000000000000000000000000000000000000000000FFFFFFFF00000000
client level=info t=133719 ev=probe stage=grant client=0x22D3A64F980 status=0x01FE pending=0 dirty=0 receipt=1
client level=warn t=134281 ev=vr.xr hand yaw=2.4271 r_valid=1 r_stale=0 r_fwd=-0.967,0.146,-0.207 r_up=-0.235,-0.211,0.949 r_off=-0.290,0.006,-0.402 r_palm=-0.191,-0.001,-0.410 l_valid=1 l_fwd=-0.570,0.733,0.371 l_off=-0.266,-0.068,-0.306 h_off=-0.076,-0.185,0.005
client level=warn t=134281 ev=vr.xr pose fwd=-0.945,0.235,-0.229 off=-0.076,-0.185,0.005 fov=1.8850 aspect=0.964
server level=info t=134938 ev=ws701 stage=profile_setup result=complete
server level=info t=134953 ev=activity stage=writeback result=ok world_state=8
client level=info t=135109 ev=nettick stage=sample latch=1 callbacks=18240
client level=warn t=135438 ev=vr.xr hand yaw=3.1404 r_valid=1 r_stale=0 r_fwd=-0.972,0.043,-0.231 r_up=-0.222,0.149,0.963 r_off=-0.017,0.033,-0.465 r_palm=0.082,0.024,-0.472 l_valid=1 l_fwd=-0.693,0.694,0.195 l_off=-0.088,-0.022,-0.370 h_off=0.118,-0.050,0.026
client level=warn t=135438 ev=vr.xr submit layers=1 result=0 fov=1.8850 aspect=0.9638
client level=info t=135719 ev=probe stage=hosttail client=0x22D3A64F980 b=00000000000000000000000000000000000000000000000000000000000000000000000000000000FFFFFFFF00000000
client level=info t=135719 ev=probe stage=grant client=0x22D3A64F980 status=0x01FE pending=0 dirty=0 receipt=1
client level=warn t=136594 ev=vr.xr hand yaw=-2.0029 r_valid=1 r_stale=0 r_fwd=-0.524,-0.831,-0.189 r_up=-0.107,-0.156,0.982 r_off=-0.069,-0.015,-0.510 r_palm=-0.016,0.069,-0.521 l_valid=1 l_fwd=-0.754,-0.655,-0.053 l_off=-0.029,-0.156,-0.515 h_off=0.124,0.112,0.033
client level=warn t=136906 ev=vr.weapon callers path=getter D5D832:180 B363FA:540 B3598D:180 B40A78:0
client level=warn t=136906 ev=vr.weapon callers path=ptr D98F49:900 D7FB5C:123 DB8CB6:180 12B0A09:180 16E8861:180 D8F242:180 D8B348:180 D8B9B5:180 12B2284:26 D2F672:26 F4276C:0 D8492B:18 D7FF2C:6 CE3C40:0
client level=warn t=136906 ev=vr.weapon callers path=xform D5896F:180
client level=warn t=136922 ev=vr.probe pose in_pos=-210.42,445.20,81.50 in_fwd=-0.940,-0.306,0.151 in_fov=1.4242 out_pos=-210.29,445.34,81.54 out_fwd=-0.967,-0.241,0.076 out_fov=1.8850
client level=warn t=137000 ev=vr.body anchor=-2.9760 head_yaw=-0.0498 body_yaw=-2.9374 error=-0.0737 counts_per_rad=579 servo=1
client level=warn t=137000 ev=vr.pad stats injected=27 held=0 mouse=-2069,0 move=0.00,0.00 turn=0.00,0.00 trig=0.00,0.00 buttons=0x0
client level=info t=137109 ev=nettick stage=sample latch=1 callbacks=18344
client level=info t=137719 ev=probe stage=hosttail client=0x22D3A64F980 b=00000000000000000000000000000000000000000000000000000000000000000000000000000000FFFFFFFF00000000
client level=info t=137719 ev=probe stage=grant client=0x22D3A64F980 status=0x01FE pending=0 dirty=0 receipt=1
client level=warn t=137734 ev=vr.xr hand yaw=-2.0029 r_valid=1 r_stale=0 r_fwd=-0.923,-0.134,0.360 r_up=0.330,0.201,0.922 r_off=-0.372,0.245,0.085 r_palm=-0.294,0.252,0.023 l_valid=1 l_fwd=-0.813,-0.581,0.042 l_off=-0.054,-0.139,-0.515 h_off=0.158,0.149,0.037
client level=warn t=137734 ev=vr.xr pose fwd=-0.994,0.064,0.088 off=0.158,0.149,0.037 fov=1.8850 aspect=0.964
server level=info t=137750 ev=gameplay stage=association result=timeout
client level=warn t=138844 ev=vr.xr hand yaw=-2.0029 r_valid=1 r_stale=0 r_fwd=-0.390,-0.128,0.912 r_up=0.550,-0.827,0.119 r_off=-0.412,0.191,0.095 r_palm=-0.391,0.228,0.005 l_valid=1 l_fwd=-0.818,-0.574,0.041 l_off=-0.056,-0.140,-0.516 h_off=0.175,0.154,0.042
client level=info t=139109 ev=nettick stage=sample latch=1 callbacks=18451
client level=info t=139719 ev=probe stage=hosttail client=0x22D3A64F980 b=00000000000000000000000000000000000000000000000000000000000000000000000000000000FFFFFFFF00000000
client level=info t=139719 ev=probe stage=grant client=0x22D3A64F980 status=0x01FE pending=0 dirty=0 receipt=1
client level=warn t=139969 ev=vr.xr hand yaw=-2.0029 r_valid=1 r_stale=0 r_fwd=-0.818,-0.548,0.175 r_up=-0.143,0.487,0.861 r_off=-0.460,0.225,0.030 r_palm=-0.378,0.262,-0.012 l_valid=1 l_fwd=-0.823,-0.566,0.042 l_off=-0.057,-0.136,-0.517 h_off=0.163,0.158,0.040
client level=warn t=140250 ev=vr.weapon callers path=getter D5D832:180 B363FA:540 B3598D:180 B40A78:0
client level=warn t=140250 ev=vr.weapon callers path=ptr D98F49:900 D7FB5C:124 DB8CB6:180 12B0A09:180 16E8861:180 D8F242:180 D8B348:180 D8B9B5:180 12B2284:26 D2F672:26 F4276C:0 D8492B:21 D7FF2C:7 CE3C40:0
client level=warn t=140250 ev=vr.weapon callers path=xform D5896F:180
client level=warn t=140266 ev=vr.probe pose in_pos=-210.42,445.20,81.51 in_fwd=-0.981,0.122,0.151 in_fov=1.4242 out_pos=-210.26,445.35,81.55 out_fwd=-0.989,0.115,0.093 out_fov=1.8850
client level=warn t=140359 ev=vr.body anchor=-2.9760 head_yaw=-0.2779 body_yaw=3.0210 error=0.0077 counts_per_rad=579 servo=1
client level=warn t=140359 ev=vr.pad stats injected=27 held=0 mouse=-1895,0 move=0.00,0.00 turn=0.00,0.00 trig=0.00,0.00 buttons=0x0
client level=info t=140875 ev=retail site=89 text=networking:channel_manager:connect: channel 'dir:127.0.0.1(id=0):30976#bh64' (0) closing (local 8) due to timeout:
client level=info t=140875 ev=retail site=90 text=networking:channel_manager:connect:   time since activity 162<active-send-timeout(2000), time since inactivity 8010>drop-min-active-time(8000), time since receive 7873>recv-timeout(4000))
client level=info t=140875 ev=retail site=76 text=networking:channel:packet_loss_stats: [dir:127.0.0.1(id=0):30976#bh64] Incoming packet read result summary - 8 ok, 0 discard, 0 discard-expected, 0 corrupt
client level=info t=140875 ev=retail site=77 text=networking:channel:packet_loss_stats: [dir:127.0.0.1(id=0):30976#bh64] Outgoing packet delivery summary - 3 delivered, 0 of those out-of-order, 0 lost - highest loss fraction seen 0.000
client level=info t=140875 ev=retail site=86 text=networking:channel: channel dir:127.0.0.1(id=0):30976#bh64(id '8') (ra: ''dir:127.0.0.1(id=0):30976'') state change connected -> closed
client level=info t=140875 ev=retail site=87 text=networking:channel_manager: channel 'dir:127.0.0.1(id=0):30976#bh64' (0): channel closed (reason=channel-manager-connected-timeout) because 'dir:127.0.0.1(id=0):30976' can't be reached, resetting security
server level=info t=140891 ev=gameplay stage=peer result=closed reason=12
server level=info t=140906 ev=gameplay stage=connect result=ok peer=2003 local=0x00000004 remote=0x0000000D rebuilt=0
server level=info t=140906 ev=gameplay stage=establish result=queued local=0x00000004 remote=0x0000000D
client level=warn t=141078 ev=vr.xr hand yaw=-2.0029 r_valid=1 r_stale=0 r_fwd=-0.513,-0.320,0.796 r_up=0.327,-0.931,-0.163 r_off=-0.430,0.204,-0.026 r_palm=-0.391,0.263,-0.096 l_valid=1 l_fwd=-0.823,-0.567,0.042 l_off=-0.056,-0.135,-0.516 h_off=0.153,0.165,0.032
client level=warn t=141078 ev=vr.xr pose fwd=-0.992,0.130,0.004 off=0.153,0.165,0.032 fov=1.8850 aspect=0.964
client level=warn t=141078 ev=vr.xr submit layers=1 result=0 fov=1.8850 aspect=0.9638
client level=info t=141125 ev=nettick stage=sample latch=1 callbacks=18560
client level=info t=141719 ev=probe stage=hosttail client=0x22D3A64F980 b=00000000000000000000000000000000000000000000000000000000000000000000000000000000FFFFFFFF00000000
client level=info t=141719 ev=probe stage=grant client=0x22D3A64F980 status=0x01FE pending=0 dirty=0 receipt=1
server level=info t=141938 ev=gameplay stage=message result=ok id=8 peerstage=5
server level=info t=141938 ev=gameplay stage=sendqueue result=cleared packet=1 base=5 entries=0
server level=info t=142000 ev=gameplay stage=message result=ok id=40 peerstage=5
server level=info t=142000 ev=gameplay stage=view result=queued remote=1 local=1 token=0x9EAA300100200001 list=0
server level=info t=142063 ev=gameplay stage=message result=ok id=40 peerstage=5
server level=info t=142063 ev=gameplay stage=view result=queued remote=2 local=2 token=0x9EAA300100200001 list=15
server level=info t=142063 ev=gameplay stage=sendqueue result=cleared packet=7 base=7 entries=0
server level=info t=142125 ev=gameplay stage=message result=ok id=40 peerstage=5
server level=info t=142125 ev=gameplay stage=view result=queued remote=3 local=3 token=0x9EAA300100200001 list=0
server level=info t=142125 ev=gameplay stage=message result=ok id=40 peerstage=5
server level=info t=142125 ev=gameplay stage=view result=queued remote=4 local=4 token=0x9EAA300100200001 list=0
server level=info t=142125 ev=gameplay stage=sendqueue result=cleared packet=8 base=8 entries=0
client level=warn t=142172 ev=vr.xr hand yaw=-2.0029 r_valid=1 r_stale=0 r_fwd=-0.328,-0.128,0.936 r_up=0.446,-0.894,0.034 r_off=-0.381,0.233,-0.008 r_palm=-0.364,0.272,-0.098 l_valid=1 l_fwd=-0.823,-0.566,0.042 l_off=-0.055,-0.135,-0.516 h_off=0.166,0.161,0.042
client level=info t=143141 ev=nettick stage=sample latch=1 callbacks=18669
client level=warn t=143281 ev=vr.xr hand yaw=-2.0029 r_valid=1 r_stale=0 r_fwd=-0.997,-0.066,0.031 r_up=0.034,-0.047,0.998 r_off=-0.501,0.174,-0.035 r_palm=-0.408,0.182,-0.068 l_valid=1 l_fwd=-0.820,-0.571,0.044 l_off=-0.056,-0.135,-0.516 h_off=0.166,0.166,0.037
client level=warn t=143578 ev=vr.weapon callers path=getter D5D832:180 B363FA:540 B3598D:180 B40A78:0
client level=warn t=143578 ev=vr.weapon callers path=ptr D98F49:895 D7FB5C:124 DB8CB6:180 12B0A09:180 16E8861:180 D8F242:180 D8B348:180 D8B9B5:180 12B2284:26 D2F672:26 F4276C:0 D8492B:21 D7FF2C:7 CE3C40:0
client level=warn t=143578 ev=vr.weapon callers path=xform D5896F:180
client level=warn t=143594 ev=vr.probe pose in_pos=-210.42,445.20,81.51 in_fwd=-0.984,0.092,0.151 in_fov=1.3989 out_pos=-210.26,445.36,81.54 out_fwd=-0.995,0.089,0.052 out_fov=1.8850
client level=warn t=143672 ev=vr.body anchor=-2.9760 head_yaw=-0.2534 body_yaw=3.0486 error=0.0047 counts_per_rad=579 servo=1
client level=warn t=143672 ev=vr.pad stats injected=28 held=0 mouse=-1911,0 move=0.00,0.00 turn=0.00,0.00 trig=1.00,0.00 buttons=0x0
client level=info t=143719 ev=probe stage=hosttail client=0x22D3A64F980 b=00000000000000000000000000000000000000000000000000000000000000000000000000000000FFFFFFFF00000000
client level=info t=143719 ev=probe stage=grant client=0x22D3A64F980 status=0x01FE pending=0 dirty=0 receipt=1
client level=warn t=144406 ev=vr.xr hand yaw=-2.0029 r_valid=1 r_stale=0 r_fwd=-0.991,-0.135,0.009 r_up=0.002,0.048,0.999 r_off=-0.505,0.154,-0.044 r_palm=-0.411,0.166,-0.074 l_valid=1 l_fwd=-0.840,-0.541,0.046 l_off=-0.053,-0.130,-0.515 h_off=0.161,0.144,0.029
client level=warn t=144406 ev=vr.xr pose fwd=-0.993,-0.118,-0.031 off=0.161,0.144,0.029 fov=1.8850 aspect=0.964
client level=info t=145141 ev=nettick stage=sample latch=1 callbacks=18777
client level=warn t=145531 ev=vr.xr hand yaw=-2.0029 r_valid=1 r_stale=0 r_fwd=-0.976,-0.207,0.072 r_up=0.061,0.059,0.996 r_off=-0.500,0.147,-0.036 r_palm=-0.409,0.164,-0.072 l_valid=1 l_fwd=-0.839,-0.543,0.039 l_off=-0.054,-0.131,-0.516 h_off=0.167,0.153,0.036
client level=info t=145734 ev=probe stage=hosttail client=0x22D3A64F980 b=00000000000000000000000000000000000000000000000000000000000000000000000000000000FFFFFFFF00000000
client level=info t=145734 ev=probe stage=grant client=0x22D3A64F980 status=0x01FE pending=0 dirty=0 receipt=1
client level=warn t=146641 ev=vr.xr hand yaw=-2.0029 r_valid=1 r_stale=0 r_fwd=-0.979,-0.069,0.194 r_up=0.201,-0.528,0.825 r_off=-0.510,0.158,-0.044 r_palm=-0.423,0.181,-0.087 l_valid=1 l_fwd=-0.834,-0.550,0.034 l_off=-0.055,-0.131,-0.517 h_off=0.173,0.157,0.040
client level=warn t=146641 ev=vr.xr submit layers=1 result=0 fov=1.8850 aspect=0.9638
client level=warn t=146922 ev=vr.weapon callers path=getter D5D832:180 B363FA:540 B3598D:180 B40A78:6
client level=warn t=146922 ev=vr.weapon callers path=ptr D98F49:873 D7FB5C:124 DB8CB6:180 12B0A09:180 16E8861:180 D8F242:180 D8B348:180 D8B9B5:180 12B2284:32 D2F672:29 F4276C:0 D8492B:21 D7FF2C:7 CE3C40:3
client level=warn t=146922 ev=vr.weapon callers path=xform D5896F:180
client level=warn t=146938 ev=vr.probe pose in_pos=-210.40,445.20,81.49 in_fwd=-0.873,-0.016,0.488 in_fov=1.4242 out_pos=-210.23,445.35,81.53 out_fwd=-0.997,-0.017,0.079 out_fov=1.8850
client level=warn t=147031 ev=vr.body anchor=-2.9760 head_yaw=-0.1528 body_yaw=-3.1238 error=-0.0035 counts_per_rad=592 servo=1
client level=warn t=147031 ev=vr.pad stats injected=35 held=0 mouse=-1930,0 move=0.00,0.00 turn=0.00,0.00 trig=0.00,0.00 buttons=0x0
client level=info t=147141 ev=nettick stage=sample latch=1 callbacks=18884
client level=info t=147734 ev=probe stage=hosttail client=0x22D3A64F980 b=00000000000000000000000000000000000000000000000000000000000000000000000000000000FFFFFFFF00000000
client level=info t=147734 ev=probe stage=grant client=0x22D3A64F980 status=0x01FE pending=0 dirty=0 receipt=1
client level=warn t=147766 ev=vr.xr hand yaw=-2.0029 r_valid=1 r_stale=0 r_fwd=-0.823,-0.388,0.415 r_up=0.075,0.649,0.757 r_off=-0.453,0.174,0.028 r_palm=-0.377,0.192,-0.034 l_valid=1 l_fwd=-0.826,-0.560,0.063 l_off=-0.057,-0.128,-0.516 h_off=0.157,0.162,0.029
client level=warn t=147766 ev=vr.xr pose fwd=-0.999,0.044,-0.028 off=0.157,0.162,0.029 fov=1.8850 aspect=0.964
client level=warn t=148891 ev=vr.xr hand yaw=-2.0029 r_valid=1 r_stale=0 r_fwd=-0.356,-0.915,0.189 r_up=0.100,0.164,0.981 r_off=-0.401,0.209,0.019 r_palm=-0.370,0.291,-0.028 l_valid=1 l_fwd=-0.832,-0.550,0.068 l_off=-0.057,-0.127,-0.517 h_off=0.162,0.166,0.034
client level=info t=149141 ev=nettick stage=sample latch=1 callbacks=18990
client level=info t=149750 ev=probe stage=hosttail client=0x22D3A64F980 b=00000000000000000000000000000000000000000000000000000000000000000000000000000000FFFFFFFF00000000
client level=info t=149750 ev=probe stage=grant client=0x22D3A64F980 status=0x01FE pending=0 dirty=0 receipt=1
client level=info t=149969 ev=retail site=89 text=networking:channel_manager:connect: channel 'dir:127.0.0.1(id=0):30976#bh64' (0) closing (local 13) due to timeout:
client level=info t=149969 ev=retail site=90 text=networking:channel_manager:connect:   time since activity 222<active-send-timeout(2000), time since inactivity 8012>drop-min-active-time(8000), time since receive 7898>recv-timeout(4000))
client level=info t=149969 ev=retail site=76 text=networking:channel:packet_loss_stats: [dir:127.0.0.1(id=0):30976#bh64] Incoming packet read result summary - 8 ok, 0 discard, 0 discard-expected, 0 corrupt
client level=info t=149969 ev=retail site=77 text=networking:channel:packet_loss_stats: [dir:127.0.0.1(id=0):30976#bh64] Outgoing packet delivery summary - 3 delivered, 0 of those out-of-order, 0 lost - highest loss fraction seen 0.000
client level=info t=149969 ev=retail site=86 text=networking:channel: channel dir:127.0.0.1(id=0):30976#bh64(id '13') (ra: ''dir:127.0.0.1(id=0):30976'') state change connected -> closed
client level=info t=149969 ev=retail site=87 text=networking:channel_manager: channel 'dir:127.0.0.1(id=0):30976#bh64' (0): channel closed (reason=channel-manager-connected-timeout) because 'dir:127.0.0.1(id=0):30976' can't be reached, resetting security
server level=info t=149969 ev=gameplay stage=peer result=closed reason=12
server level=info t=150000 ev=gameplay stage=connect result=ok peer=2003 local=0x00000005 remote=0x00000012 rebuilt=0
server level=info t=150000 ev=gameplay stage=establish result=queued local=0x00000005 remote=0x00000012
client level=warn t=150016 ev=vr.xr hand yaw=-2.0029 r_valid=1 r_stale=0 r_fwd=-0.279,-0.353,0.893 r_up=0.099,-0.936,-0.339 r_off=-0.464,0.214,0.041 r_palm=-0.440,0.276,-0.034 l_valid=1 l_fwd=-0.830,-0.554,0.065 l_off=-0.058,-0.128,-0.517 h_off=0.176,0.166,0.045
client level=warn t=150297 ev=vr.weapon callers path=getter D5D832:180 B363FA:540 B3598D:180 B40A78:0
client level=warn t=150297 ev=vr.weapon callers path=ptr D98F49:900 D7FB5C:124 DB8CB6:180 12B0A09:180 16E8861:180 D8F242:180 D8B348:180 D8B9B5:180 12B2284:25 D2F672:25 F4276C:0 D8492B:21 D7FF2C:7 CE3C40:0
client level=warn t=150297 ev=vr.weapon callers path=xform D5896F:180
client level=warn t=150313 ev=vr.probe pose in_pos=-210.42,445.20,81.51 in_fwd=-0.875,0.054,0.482 in_fov=1.4242 out_pos=-210.24,445.36,81.55 out_fwd=-0.986,0.047,0.160 out_fov=1.8850
client level=warn t=150391 ev=vr.body anchor=-2.9760 head_yaw=-0.1922 body_yaw=3.0960 error=0.0145 counts_per_rad=579 servo=1
client level=warn t=150391 ev=vr.pad stats injected=35 held=0 mouse=-1895,0 move=0.00,0.00 turn=0.00,0.00 trig=0.00,0.00 buttons=0x0
server level=info t=151016 ev=gameplay stage=message result=ok id=8 peerstage=5
server level=info t=151016 ev=gameplay stage=sendqueue result=cleared packet=1 base=4 entries=0
server level=info t=151109 ev=gameplay stage=message result=ok id=40 peerstage=5
server level=info t=151109 ev=gameplay stage=view result=queued remote=1 local=1 token=0x9EAA300100200001 list=0
client level=warn t=151125 ev=vr.xr hand yaw=-2.0029 r_valid=1 r_stale=0 r_fwd=-0.720,-0.301,0.625 r_up=0.592,-0.737,0.327 r_off=-0.402,0.140,-0.011 r_palm=-0.351,0.190,-0.080 l_valid=1 l_fwd=-0.850,-0.510,0.135 l_off=-0.053,-0.124,-0.507 h_off=0.170,0.151,0.037
client level=warn t=151125 ev=vr.xr pose fwd=-0.997,-0.044,0.069 off=0.170,0.151,0.037 fov=1.8850 aspect=0.964
client level=info t=151141 ev=nettick stage=sample latch=1 callbacks=19098
server level=info t=151172 ev=gameplay stage=message result=ok id=40 peerstage=5
server level=info t=151172 ev=gameplay stage=view result=queued remote=2 local=2 token=0x9EAA300100200001 list=15
server level=info t=151172 ev=gameplay stage=sendqueue result=cleared packet=7 base=7 entries=0
server level=info t=151219 ev=gameplay stage=message result=ok id=40 peerstage=5
server level=info t=151219 ev=gameplay stage=view result=queued remote=3 local=3 token=0x9EAA300100200001 list=0
server level=info t=151219 ev=gameplay stage=message result=ok id=40 peerstage=5
server level=info t=151219 ev=gameplay stage=view result=queued remote=4 local=4 token=0x9EAA300100200001 list=0
server level=info t=151219 ev=gameplay stage=sendqueue result=cleared packet=8 base=8 entries=0
client level=info t=151766 ev=probe stage=hosttail client=0x22D3A64F980 b=00000000000000000000000000000000000000000000000000000000000000000000000000000000FFFFFFFF00000000
client level=info t=151766 ev=probe stage=grant client=0x22D3A64F980 status=0x01FE pending=0 dirty=0 receipt=1
client level=warn t=152250 ev=vr.xr hand yaw=-2.0029 r_valid=1 r_stale=0 r_fwd=-0.924,-0.144,0.353 r_up=0.376,-0.190,0.907 r_off=-0.447,0.177,-0.017 r_palm=-0.370,0.196,-0.078 l_valid=1 l_fwd=-0.857,-0.498,0.132 l_off=-0.054,-0.122,-0.507 h_off=0.158,0.159,0.031
client level=warn t=152250 ev=vr.xr submit layers=1 result=0 fov=1.8850 aspect=0.9638
client level=info t=153141 ev=nettick stage=sample latch=1 callbacks=19205
client level=warn t=153359 ev=vr.xr hand yaw=-2.0029 r_valid=1 r_stale=0 r_fwd=-0.962,-0.261,0.082 r_up=0.172,-0.340,0.925 r_off=-0.473,0.165,-0.064 r_palm=-0.386,0.200,-0.100 l_valid=1 l_fwd=-0.854,-0.503,0.131 l_off=-0.053,-0.124,-0.508 h_off=0.165,0.154,0.037
client level=warn t=153656 ev=vr.weapon callers path=getter D5D832:180 B363FA:540 B3598D:180 B40A78:20
client level=warn t=153656 ev=vr.weapon callers path=ptr D98F49:900 D7FB5C:116 DB8CB6:180 12B0A09:180 16E8861:180 D8F242:180 D8B348:180 D8B9B5:180 12B2284:36 D2F672:36 F4276C:0 D8492B:26 D7FF2C:7 CE3C40:10
client level=warn t=153656 ev=vr.weapon callers path=xform D5896F:180
client level=warn t=153672 ev=vr.probe pose in_pos=-210.42,445.20,81.51 in_fwd=-0.822,-0.010,0.570 in_fov=1.4242 out_pos=-210.25,445.35,81.55 out_fwd=-0.996,-0.018,0.084 out_fov=1.8850
client level=warn t=153766 ev=vr.body anchor=-2.9760 head_yaw=-0.1383 body_yaw=-3.1184 error=0.0029 counts_per_rad=555 servo=1
client level=warn t=153766 ev=vr.pad stats injected=38 held=0 mouse=-1894,0 move=0.00,0.00 turn=0.00,0.00 trig=0.00,1.00 buttons=0x0
client level=info t=153781 ev=probe stage=hosttail client=0x22D3A64F980 b=00000000000000000000000000000000000000000000000000000000000000000000000000000000FFFFFFFF00000000
client level=info t=153781 ev=probe stage=grant client=0x22D3A64F980 status=0x01FE pending=0 dirty=0 receipt=1
client level=warn t=154500 ev=vr.xr hand yaw=-2.0029 r_valid=1 r_stale=0 r_fwd=-0.856,-0.398,0.329 r_up=0.210,0.313,0.926 r_off=-0.440,0.080,-0.021 r_palm=-0.365,0.108,-0.080 l_valid=1 l_fwd=-0.852,-0.507,0.131 l_off=-0.053,-0.123,-0.507 h_off=0.182,0.146,0.045
client level=warn t=154500 ev=vr.xr pose fwd=-0.974,-0.165,0.156 off=0.182,0.146,0.045 fov=1.8850 aspect=0.964
client level=info t=155141 ev=nettick stage=sample latch=1 callbacks=19311
client level=warn t=155641 ev=vr.xr hand yaw=-2.0029 r_valid=1 r_stale=0 r_fwd=-0.960,-0.179,0.214 r_up=0.255,-0.253,0.933 r_off=-0.497,0.188,-0.052 r_palm=-0.414,0.212,-0.100 l_valid=1 l_fwd=-0.853,-0.507,0.127 l_off=-0.053,-0.123,-0.507 h_off=0.152,0.170,0.021
client level=info t=155797 ev=probe stage=hosttail client=0x22D3A64F980 b=00000000000000000000000000000000000000000000000000000000000000000000000000000000FFFFFFFF00000000
client level=info t=155797 ev=probe stage=grant client=0x22D3A64F980 status=0x01FE pending=0 dirty=0 receipt=1
client level=warn t=156813 ev=vr.xr hand yaw=-2.0029 r_valid=1 r_stale=0 r_fwd=-0.882,-0.173,0.438 r_up=0.224,-0.972,0.067 r_off=-0.500,0.194,-0.080 r_palm=-0.422,0.239,-0.124 l_valid=1 l_fwd=-0.853,-0.507,0.127 l_off=-0.052,-0.123,-0.507 h_off=0.152,0.171,0.028
client level=warn t=157109 ev=vr.weapon callers path=getter D5D832:180 B363FA:540 B3598D:180 B40A78:46
client level=warn t=157109 ev=vr.weapon callers path=ptr D98F49:900 D7FB5C:121 DB8CB6:180 12B0A09:180 16E8861:180 D8F242:180 D8B348:180 D8B9B5:180 12B2284:49 D2F672:49 F4276C:0 D8492B:24 D7FF2C:6 CE3C40:23
client level=warn t=157109 ev=vr.weapon callers path=xform D5896F:180
client level=warn t=157125 ev=vr.probe pose in_pos=-210.42,445.20,81.50 in_fwd=-0.746,0.013,0.665 in_fov=1.4242 out_pos=-210.26,445.36,81.54 out_fwd=-0.993,0.004,0.119 out_fov=1.8850
client level=info t=157141 ev=nettick stage=sample latch=1 callbacks=19415
client level=warn t=157203 ev=vr.body anchor=-2.9760 head_yaw=-0.1332 body_yaw=3.1391 error=0.0185 counts_per_rad=759 servo=1
client level=warn t=157203 ev=vr.pad stats injected=38 held=0 mouse=-1848,0 move=0.00,0.00 turn=0.00,0.00 trig=0.00,1.00 buttons=0x0
client level=info t=157797 ev=probe stage=hosttail client=0x22D3A64F980 b=00000000000000000000000000000000000000000000000000000000000000000000000000000000FFFFFFFF00000000
client level=info t=157797 ev=probe stage=grant client=0x22D3A64F980 status=0x01FE pending=0 dirty=0 receipt=1
client level=warn t=157953 ev=vr.xr hand yaw=-2.0029 r_valid=1 r_stale=0 r_fwd=-0.555,-0.794,0.247 r_up=0.081,0.244,0.966 r_off=-0.278,-0.037,-0.063 r_palm=-0.228,0.031,-0.116 l_valid=1 l_fwd=-0.835,-0.528,0.152 l_off=-0.050,-0.123,-0.504 h_off=0.218,0.092,0.061
client level=warn t=157953 ev=vr.xr pose fwd=-0.551,-0.757,0.352 off=0.218,0.092,0.061 fov=1.8850 aspect=0.964
client level=warn t=157953 ev=vr.xr submit layers=1 result=0 fov=1.8850 aspect=0.9638
client level=info t=159047 ev=retail site=89 text=networking:channel_manager:connect: channel 'dir:127.0.0.1(id=0):30976#bh64' (0) closing (local 18) due to timeout:
client level=info t=159047 ev=retail site=90 text=networking:channel_manager:connect:   time since activity 187<active-send-timeout(2000), time since inactivity 8004>drop-min-active-time(8000), time since receive 7867>recv-timeout(4000))
client level=info t=159047 ev=retail site=76 text=networking:channel:packet_loss_stats: [dir:127.0.0.1(id=0):30976#bh64] Incoming packet read result summary - 8 ok, 0 discard, 0 discard-expected, 0 corrupt
client level=info t=159047 ev=retail site=77 text=networking:channel:packet_loss_stats: [dir:127.0.0.1(id=0):30976#bh64] Outgoing packet delivery summary - 3 delivered, 0 of those out-of-order, 0 lost - highest loss fraction seen 0.000
client level=info t=159047 ev=retail site=86 text=networking:channel: channel dir:127.0.0.1(id=0):30976#bh64(id '18') (ra: ''dir:127.0.0.1(id=0):30976'') state change connected -> closed
client level=info t=159047 ev=retail site=87 text=networking:channel_manager: channel 'dir:127.0.0.1(id=0):30976#bh64' (0): channel closed (reason=channel-manager-connected-timeout) because 'dir:127.0.0.1(id=0):30976' can't be reached, resetting security
server level=info t=159047 ev=gameplay stage=peer result=closed reason=12
server level=info t=159078 ev=gameplay stage=connect result=ok peer=2003 local=0x00000006 remote=0x00000017 rebuilt=0
server level=info t=159078 ev=gameplay stage=establish result=queued local=0x00000006 remote=0x00000017
client level=warn t=159094 ev=vr.xr hand yaw=-2.0029 r_valid=1 r_stale=0 r_fwd=-0.702,-0.650,0.289 r_up=0.293,0.106,0.950 r_off=-0.255,-0.228,0.208 r_palm=-0.197,-0.170,0.152 l_valid=1 l_fwd=-0.817,-0.573,0.065 l_off=-0.048,-0.126,-0.511 h_off=0.244,0.170,0.067
client level=info t=159141 ev=nettick stage=sample latch=1 callbacks=19520
server level=info t=160094 ev=gameplay stage=message result=ok id=8 peerstage=5
server level=info t=160094 ev=gameplay stage=sendqueue result=cleared packet=1 base=4 entries=0
server level=info t=160172 ev=gameplay stage=message result=ok id=40 peerstage=5
server level=info t=160172 ev=gameplay stage=view result=queued remote=1 local=1 token=0x9EAA300100200001 list=0
server level=info t=160219 ev=gameplay stage=message result=ok id=40 peerstage=5
server level=info t=160219 ev=gameplay stage=view result=queued remote=2 local=2 token=0x9EAA300100200001 list=15
server level=info t=160219 ev=gameplay stage=sendqueue result=cleared packet=7 base=7 entries=0
client level=warn t=160219 ev=vr.xr hand yaw=-2.0029 r_valid=1 r_stale=0 r_fwd=-0.550,-0.648,0.527 r_up=0.575,0.164,0.802 r_off=-0.071,-0.287,0.299 r_palm=-0.036,-0.231,0.225 l_valid=1 l_fwd=-0.803,-0.592,0.068 l_off=-0.045,-0.124,-0.504 h_off=0.257,0.148,0.073
server level=info t=160281 ev=gameplay stage=message result=ok id=40 peerstage=5
server level=info t=160281 ev=gameplay stage=view result=queued remote=3 local=3 token=0x9EAA300100200001 list=0
server level=info t=160281 ev=gameplay stage=message result=ok id=40 peerstage=5
server level=info t=160281 ev=gameplay stage=view result=queued remote=4 local=4 token=0x9EAA300100200001 list=0
server level=info t=160281 ev=gameplay stage=sendqueue result=cleared packet=8 base=8 entries=0
client level=warn t=160531 ev=vr.weapon callers path=getter D5D832:180 B363FA:540 B3598D:180 B40A78:17
client level=warn t=160531 ev=vr.weapon callers path=ptr D98F49:900 D7FB5C:117 DB8CB6:180 12B0A09:180 16E8861:180 D8F242:180 D8B348:180 D8B9B5:180 12B2284:38 D2F672:35 F4276C:0 D8492B:28 D7FF2C:7 CE3C40:9
client level=warn t=160531 ev=vr.weapon callers path=xform D5896F:180
client level=warn t=160531 ev=vr.probe pose in_pos=-210.42,445.20,81.51 in_fwd=-0.627,-0.539,0.563 in_fov=1.4242 out_pos=-210.16,445.34,81.58 out_fwd=-0.624,-0.545,0.559 out_fov=1.8850
client level=warn t=160625 ev=vr.body anchor=-2.9760 head_yaw=0.5585 body_yaw=-2.4267 error=0.0091 counts_per_rad=654 servo=1
client level=warn t=160625 ev=vr.pad stats injected=40 held=0 mouse=-2278,0 move=0.00,0.00 turn=0.00,0.00 trig=0.00,1.00 buttons=0x0
client level=info t=161141 ev=nettick stage=sample latch=1 callbacks=19626
client level=warn t=161359 ev=vr.xr hand yaw=-2.0029 r_valid=1 r_stale=0 r_fwd=-0.474,-0.696,0.538 r_up=0.462,0.324,0.826 r_off=-0.020,-0.218,0.263 r_palm=0.012,-0.162,0.187 l_valid=1 l_fwd=-0.807,-0.583,0.092 l_off=-0.056,-0.126,-0.503 h_off=0.228,0.112,0.075
client level=warn t=161359 ev=vr.xr pose fwd=-0.662,-0.528,0.533 off=0.228,0.112,0.075 fov=1.8850 aspect=0.964
client level=warn t=162500 ev=vr.xr hand yaw=-1.6311 r_valid=1 r_stale=0 r_fwd=-0.354,-0.711,0.607 r_up=0.365,0.492,0.790 r_off=-0.070,-0.204,0.252 r_palm=-0.047,-0.151,0.170 l_valid=1 l_fwd=-0.553,-0.825,0.116 l_off=-0.007,-0.134,-0.499 h_off=0.140,0.233,0.075
client level=info t=163141 ev=nettick stage=sample latch=1 callbacks=19731
client level=warn t=163641 ev=vr.xr hand yaw=-1.6311 r_valid=1 r_stale=0 r_fwd=-0.438,-0.736,0.516 r_up=0.368,0.377,0.850 r_off=-0.168,-0.177,0.263 r_palm=-0.137,-0.118,0.189 l_valid=1 l_fwd=-0.551,-0.827,0.108 l_off=-0.007,-0.136,-0.501 h_off=0.132,0.261,0.075
client level=warn t=163641 ev=vr.xr submit layers=1 result=0 fov=1.8850 aspect=0.9638
client level=warn t=163953 ev=vr.weapon callers path=getter D5D832:180 B363FA:540 B3598D:180 B40A78:13
client level=warn t=163953 ev=vr.weapon callers path=ptr D98F49:900 D7FB5C:122 DB8CB6:180 12B0A09:180 16E8861:180 D8F242:180 D8B348:180 D8B9B5:180 12B2284:31 D2F672:31 F4276C:0 D8492B:28 D7FF2C:6 CE3C40:6
client level=warn t=163953 ev=vr.weapon callers path=xform D5896F:180
client level=warn t=163969 ev=vr.probe pose in_pos=-210.42,445.20,81.51 in_fwd=-0.817,-0.317,0.482 in_fov=1.4242 out_pos=-210.29,445.46,81.58 out_fwd=-0.825,-0.280,0.491 out_fov=1.8850
client level=warn t=164063 ev=vr.body anchor=-2.6041 head_yaw=-0.3355 body_yaw=-2.8451 error=-0.0738 counts_per_rad=579 servo=1
client level=warn t=164063 ev=vr.pad stats injected=41 held=0 mouse=-2019,0 move=0.00,0.00 turn=0.00,0.00 trig=0.00,0.00 buttons=0x0
client level=warn t=164781 ev=vr.xr hand yaw=-1.6311 r_valid=1 r_stale=0 r_fwd=-0.600,-0.576,0.555 r_up=0.480,0.296,0.826 r_off=-0.238,-0.146,0.263 r_palm=-0.195,-0.100,0.186 l_valid=1 l_fwd=-0.553,-0.826,0.112 l_off=-0.008,-0.138,-0.506 h_off=0.139,0.233,0.073
client level=warn t=164781 ev=vr.xr pose fwd=-0.629,-0.621,0.468 off=0.139,0.233,0.073 fov=1.8850 aspect=0.964
server level=info t=164969 ev=ws701 stage=profile_setup result=complete
server level=info t=164969 ev=activity stage=writeback result=ok world_state=8
client level=info t=165141 ev=nettick stage=sample latch=1 callbacks=19837
client level=warn t=165938 ev=vr.xr hand yaw=-1.6311 r_valid=1 r_stale=0 r_fwd=-0.569,-0.634,0.523 r_up=0.433,0.310,0.847 r_off=-0.227,-0.149,0.268 r_palm=-0.186,-0.098,0.193 l_valid=1 l_fwd=-0.550,-0.828,0.114 l_off=-0.009,-0.140,-0.508 h_off=0.149,0.239,0.075
client level=warn t=167063 ev=vr.xr hand yaw=-1.6311 r_valid=1 r_stale=0 r_fwd=-0.186,-0.823,0.537 r_up=0.968,-0.246,-0.042 r_off=-0.143,-0.218,0.158 r_palm=-0.155,-0.132,0.108 l_valid=1 l_fwd=-0.552,-0.826,0.113 l_off=-0.008,-0.138,-0.509 h_off=0.158,0.206,0.056
client level=info t=167141 ev=nettick stage=sample latch=1 callbacks=19942
client level=warn t=167359 ev=vr.weapon callers path=getter D5D832:180 B363FA:540 B3598D:180 B40A78:24
client level=warn t=167359 ev=vr.weapon callers path=ptr D98F49:900 D7FB5C:121 DB8CB6:180 12B0A09:180 16E8861:180 D8F242:180 D8B348:180 D8B9B5:180 12B2284:38 D2F672:38 F4276C:0 D8492B:24 D7FF2C:7 CE3C40:12
client level=warn t=167359 ev=vr.weapon callers path=xform D5896F:180
client level=warn t=167375 ev=vr.probe pose in_pos=-210.42,445.20,81.51 in_fwd=-0.185,-0.855,0.484 in_fov=1.4242 out_pos=-210.26,445.38,81.55 out_fwd=-0.201,-0.979,0.029 out_fov=1.8850
client level=warn t=167469 ev=vr.body anchor=-2.6041 head_yaw=0.8117 body_yaw=-1.7808 error=-0.0035 counts_per_rad=603 servo=1
client level=warn t=167469 ev=vr.pad stats injected=43 held=0 mouse=-2633,0 move=0.00,0.00 turn=0.00,0.00 trig=0.00,0.00 buttons=0x0
client level=info t=168125 ev=retail site=89 text=networking:channel_manager:connect: channel 'dir:127.0.0.1(id=0):30976#bh64' (0) closing (local 23) due to timeout:
client level=info t=168125 ev=retail site=90 text=networking:channel_manager:connect:   time since activity 163<active-send-timeout(2000), time since inactivity 8009>drop-min-active-time(8000), time since receive 7898>recv-timeout(4000))
client level=info t=168125 ev=retail site=76 text=networking:channel:packet_loss_stats: [dir:127.0.0.1(id=0):30976#bh64] Incoming packet read result summary - 8 ok, 0 discard, 0 discard-expected, 0 corrupt
client level=info t=168125 ev=retail site=77 text=networking:channel:packet_loss_stats: [dir:127.0.0.1(id=0):30976#bh64] Outgoing packet delivery summary - 3 delivered, 0 of those out-of-order, 0 lost - highest loss fraction seen 0.000
client level=info t=168141 ev=retail site=86 text=networking:channel: channel dir:127.0.0.1(id=0):30976#bh64(id '23') (ra: ''dir:127.0.0.1(id=0):30976'') state change connected -> closed
client level=info t=168141 ev=retail site=87 text=networking:channel_manager: channel 'dir:127.0.0.1(id=0):30976#bh64' (0): channel closed (reason=channel-manager-connected-timeout) because 'dir:127.0.0.1(id=0):30976' can't be reached, resetting security
server level=info t=168141 ev=gameplay stage=peer result=closed reason=12
server level=info t=168156 ev=gameplay stage=connect result=ok peer=2003 local=0x00000007 remote=0x00000018 rebuilt=0
server level=info t=168156 ev=gameplay stage=establish result=queued local=0x00000007 remote=0x00000018
client level=warn t=168219 ev=vr.xr hand yaw=-0.9733 r_valid=1 r_stale=0 r_fwd=0.550,-0.655,0.518 r_up=-0.236,0.473,0.849 r_off=0.082,-0.093,-0.270 r_palm=0.037,-0.045,-0.345 l_valid=1 l_fwd=0.013,-0.998,-0.059 l_off=0.099,-0.108,-0.514 h_off=-0.033,0.190,0.034
client level=warn t=168219 ev=vr.xr pose fwd=0.519,-0.854,-0.031 off=-0.033,0.190,0.034 fov=1.8850 aspect=0.964
client level=info t=169156 ev=nettick stage=sample latch=1 callbacks=20044
server level=info t=169188 ev=gameplay stage=message result=ok id=8 peerstage=5
server level=info t=169188 ev=gameplay stage=sendqueue result=cleared packet=1 base=4 entries=0
server level=info t=169281 ev=gameplay stage=message result=ok id=40 peerstage=5
server level=info t=169281 ev=gameplay stage=view result=queued remote=1 local=1 token=0x9EAA300100200001 list=0
server level=info t=169359 ev=gameplay stage=message result=ok id=40 peerstage=5
server level=info t=169359 ev=gameplay stage=view result=queued remote=2 local=2 token=0x9EAA300100200001 list=15
server level=info t=169359 ev=gameplay stage=sendqueue result=cleared packet=7 base=7 entries=0
server level=info t=169422 ev=gameplay stage=message result=ok id=40 peerstage=5
server level=info t=169422 ev=gameplay stage=view result=queued remote=3 local=3 token=0x9EAA300100200001 list=0
server level=info t=169422 ev=gameplay stage=message result=ok id=40 peerstage=5
server level=info t=169422 ev=gameplay stage=view result=queued remote=4 local=4 token=0x9EAA300100200001 list=0
server level=info t=169422 ev=gameplay stage=sendqueue result=cleared packet=8 base=8 entries=0
client level=warn t=169453 ev=vr.xr hand yaw=-0.2503 r_valid=1 r_stale=0 r_fwd=0.966,0.046,-0.255 r_up=0.257,-0.053,0.965 r_off=0.272,0.031,-0.344 r_palm=0.172,0.028,-0.349 l_valid=1 l_fwd=0.700,-0.709,-0.081 l_off=0.150,-0.007,-0.515 h_off=-0.145,0.131,0.026
client level=warn t=169453 ev=vr.xr submit layers=1 result=0 fov=1.8850 aspect=0.9638
client level=warn t=170703 ev=vr.xr hand yaw=-0.2503 r_valid=1 r_stale=0 r_fwd=0.799,0.062,0.598 r_up=-0.145,0.985,0.091 r_off=0.168,-0.055,-0.315 r_palm=0.096,-0.091,-0.374 l_valid=1 l_fwd=0.795,-0.603,-0.058 l_off=0.163,0.015,-0.504 h_off=-0.132,0.112,-0.010
client level=warn t=171016 ev=vr.weapon callers path=getter D5D832:180 B363FA:540 B3598D:180 B40A78:12
client level=warn t=171016 ev=vr.weapon callers path=ptr D98F49:900 D7FB5C:113 DB8CB6:180 12B0A09:180 16E8861:180 D8F242:180 D8B348:180 D8B9B5:180 12B2284:36 D2F672:35 F4276C:0 D8492B:28 D7FF2C:7 CE3C40:6
client level=warn t=171016 ev=vr.weapon callers path=xform D5896F:180
client level=warn t=171031 ev=vr.probe pose in_pos=-192.50,448.23,81.41 in_fwd=0.560,-0.674,0.482 in_fov=1.4242 out_pos=-192.64,448.34,81.40 out_fwd=0.511,-0.774,-0.374 out_fov=1.8850
client level=warn t=171125 ev=vr.body anchor=-1.2234 head_yaw=-0.0746 body_yaw=-1.1112 error=-0.1586 counts_per_rad=578 servo=1
client level=warn t=171125 ev=vr.pad stats injected=55 held=0 mouse=-2980,0 move=0.00,0.00 turn=0.00,0.00 trig=0.00,0.00 buttons=0x0
client level=info t=171156 ev=nettick stage=sample latch=1 callbacks=20140
client level=warn t=171891 ev=vr.xr hand yaw=-0.2503 r_valid=1 r_stale=0 r_fwd=0.716,0.512,0.474 r_up=0.474,0.141,-0.869 r_off=-0.395,-0.380,0.025 r_palm=-0.477,-0.433,0.006 l_valid=1 l_fwd=0.775,-0.630,0.040 l_off=0.162,0.018,-0.488 h_off=-0.210,0.136,0.043
client level=warn t=171891 ev=vr.xr pose fwd=-0.190,-0.972,0.136 off=-0.210,0.136,0.043 fov=1.8850 aspect=0.964
client level=warn t=173063 ev=vr.xr hand yaw=-0.2503 r_valid=1 r_stale=0 r_fwd=0.193,-0.877,0.441 r_up=0.281,0.480,0.831 r_off=-0.462,-0.449,-0.079 r_palm=-0.489,-0.381,-0.146 l_valid=1 l_fwd=0.780,-0.626,0.031 l_off=0.162,0.018,-0.490 h_off=-0.208,0.123,0.039
client level=info t=173156 ev=nettick stage=sample latch=1 callbacks=20243
client level=warn t=174234 ev=vr.xr hand yaw=-0.2503 r_valid=1 r_stale=0 r_fwd=0.682,0.275,0.678 r_up=0.678,0.110,-0.727 r_off=-0.436,-0.360,-0.088 r_palm=-0.522,-0.389,-0.131 l_valid=1 l_fwd=0.795,-0.605,0.046 l_off=0.165,0.022,-0.492 h_off=-0.163,0.200,0.071
client level=warn t=174531 ev=vr.weapon callers path=getter D5D832:180 B363FA:540 B3598D:180 B40A78:20
client level=warn t=174531 ev=vr.weapon callers path=ptr D98F49:900 D7FB5C:124 DB8CB6:180 12B0A09:180 16E8861:180 D8F242:180 D8B348:180 D8B9B5:180 12B2284:38 D2F672:36 F4276C:3 D8492B:24 D7FF2C:6 CE3C40:10
client level=warn t=174531 ev=vr.weapon callers path=xform D5896F:180
client level=warn t=174547 ev=vr.probe pose in_pos=-192.50,448.23,81.43 in_fwd=0.363,-0.745,0.559 in_fov=1.4242 out_pos=-192.65,448.45,81.50 out_fwd=0.364,-0.727,0.583 out_fov=1.8850
client level=warn t=174625 ev=vr.body anchor=-1.2234 head_yaw=0.1122 body_yaw=-1.1159 error=0.0066 counts_per_rad=629 servo=1
client level=warn t=174625 ev=vr.pad stats injected=58 held=0 mouse=-3004,0 move=0.00,0.00 turn=0.00,0.00 trig=0.00,1.00 buttons=0x0
client level=info t=175156 ev=nettick stage=sample latch=1 callbacks=20344
client level=warn t=175438 ev=vr.xr hand yaw=-0.0881 r_valid=1 r_stale=0 r_fwd=0.988,-0.010,0.152 r_up=-0.135,-0.524,0.841 r_off=0.000,-0.088,-0.236 r_palm=-0.090,-0.071,-0.275 l_valid=1 l_fwd=0.825,-0.564,-0.024 l_off=0.151,0.039,-0.500 h_off=-0.165,0.099,0.022
client level=warn t=175438 ev=vr.xr pose fwd=0.837,-0.514,-0.190 off=-0.165,0.099,0.022 fov=1.8850 aspect=0.964
client level=warn t=175438 ev=vr.xr submit layers=1 result=0 fov=1.8850 aspect=0.9638
client level=warn t=176656 ev=vr.xr hand yaw=-0.1575 r_valid=1 r_stale=0 r_fwd=0.658,-0.747,0.095 r_up=-0.622,-0.469,0.627 r_off=-0.074,-0.241,-0.267 r_palm=-0.118,-0.156,-0.294 l_valid=1 l_fwd=0.766,-0.643,-0.012 l_off=0.140,0.015,-0.503 h_off=-0.228,0.036,0.018
client level=info t=177156 ev=nettick stage=sample latch=1 callbacks=20441
client level=info t=177219 ev=retail site=89 text=networking:channel_manager:connect: channel 'dir:127.0.0.1(id=0):30976#bh64' (0) closing (local 24) due to timeout:
client level=info t=177234 ev=retail site=90 text=networking:channel_manager:connect:   time since activity 951<active-send-timeout(2000), time since inactivity 8010>drop-min-active-time(8000), time since receive 7858>recv-timeout(4000))
client level=info t=177234 ev=retail site=76 text=networking:channel:packet_loss_stats: [dir:127.0.0.1(id=0):30976#bh64] Incoming packet read result summary - 8 ok, 0 discard, 0 discard-expected, 0 corrupt
client level=info t=177234 ev=retail site=77 text=networking:channel:packet_loss_stats: [dir:127.0.0.1(id=0):30976#bh64] Outgoing packet delivery summary - 3 delivered, 0 of those out-of-order, 0 lost - highest loss fraction seen 0.000
client level=info t=177234 ev=retail site=86 text=networking:channel: channel dir:127.0.0.1(id=0):30976#bh64(id '24') (ra: ''dir:127.0.0.1(id=0):30976'') state change connected -> closed
client level=info t=177234 ev=retail site=87 text=networking:channel_manager: channel 'dir:127.0.0.1(id=0):30976#bh64' (0): channel closed (reason=channel-manager-connected-timeout) because 'dir:127.0.0.1(id=0):30976' can't be reached, resetting security
server level=info t=177234 ev=gameplay stage=peer result=closed reason=12
server level=info t=177250 ev=gameplay stage=connect result=ok peer=2003 local=0x00000008 remote=0x0000001D rebuilt=0
server level=info t=177250 ev=gameplay stage=establish result=queued local=0x00000008 remote=0x0000001D
client level=warn t=177875 ev=vr.xr hand yaw=-0.3343 r_valid=1 r_stale=0 r_fwd=0.369,-0.873,0.319 r_up=-0.116,0.298,0.948 r_off=-0.206,-0.352,-0.115 r_palm=-0.237,-0.278,-0.174 l_valid=1 l_fwd=0.617,-0.785,0.054 l_off=0.151,0.003,-0.486 h_off=-0.202,0.104,0.027
client level=warn t=178203 ev=vr.weapon callers path=getter D5D832:180 B363FA:540 B3598D:180 B40A78:2
client level=warn t=178203 ev=vr.weapon callers path=ptr D98F49:900 D7FB5C:110 DB8CB6:180 12B0A09:180 16E8861:180 D8F242:180 D8B348:180 D8B9B5:180 12B2284:29 D2F672:29 F4276C:4 D8492B:28 D7FF2C:7 CE3C40:1
client level=warn t=178203 ev=vr.weapon callers path=xform D5896F:180
client level=warn t=178203 ev=vr.probe pose in_pos=-190.25,435.06,79.48 in_fwd=0.138,-0.865,0.482 in_fov=1.4242 out_pos=-190.41,435.18,79.49 out_fwd=0.180,-0.939,-0.294 out_fov=1.8850
server level=info t=178297 ev=gameplay stage=message result=ok id=8 peerstage=5
server level=info t=178297 ev=gameplay stage=sendqueue result=cleared packet=1 base=5 entries=0
client level=warn t=178313 ev=vr.body anchor=-1.4258 head_yaw=0.0177 body_yaw=-1.3794 error=-0.0213 counts_per_rad=579 servo=1
client level=warn t=178313 ev=vr.pad stats injected=68 held=1 mouse=-2850,0 move=-0.25,0.97 turn=0.00,0.00 trig=0.00,0.00 buttons=0x0
server level=info t=178391 ev=gameplay stage=message result=ok id=40 peerstage=5
server level=info t=178391 ev=gameplay stage=view result=queued remote=1 local=1 token=0x9EAA300100200001 list=0
server level=info t=178438 ev=gameplay stage=message result=ok id=40 peerstage=5
server level=info t=178438 ev=gameplay stage=view result=queued remote=2 local=2 token=0x9EAA300100200001 list=15
server level=info t=178438 ev=gameplay stage=sendqueue result=cleared packet=7 base=7 entries=0
server level=info t=178500 ev=gameplay stage=message result=ok id=40 peerstage=5
server level=info t=178500 ev=gameplay stage=view result=queued remote=3 local=3 token=0x9EAA300100200001 list=0
server level=info t=178500 ev=gameplay stage=message result=ok id=40 peerstage=5
server level=info t=178500 ev=gameplay stage=view result=queued remote=4 local=4 token=0x9EAA300100200001 list=0
server level=info t=178500 ev=gameplay stage=sendqueue result=cleared packet=8 base=8 entries=0
client level=warn t=179094 ev=vr.xr hand yaw=-0.4527 r_valid=1 r_stale=0 r_fwd=0.231,-0.936,0.265 r_up=0.197,0.312,0.929 r_off=-0.183,-0.253,-0.195 r_palm=-0.211,-0.173,-0.248 l_valid=1 l_fwd=-0.336,-0.789,0.514 l_off=0.009,-0.032,-0.313 h_off=0.035,0.061,0.018
client level=warn t=179094 ev=vr.xr pose fwd=0.213,-0.957,-0.197 off=0.035,0.061,0.018 fov=1.8850 aspect=0.964
client level=info t=179156 ev=nettick stage=sample latch=1 callbacks=20541
client level=info t=179984 ev=retail site=84 text=networking:bandwidth: min_channels: 0 max channels: 1 max bps: 78624 avg cong bps: -1 low cong bps: -1 hi cong bps: -1 lat avg: -1 lat hi avg: 0 lat avg var: -1 pct loss: 0.00 pct loss hi avg: [0.00].
client level=info t=179984 ev=retail site=85 text=networking:bandwidth: machine [3A:E0:C5:EA:6C:3B:ED09] longest reception gap [63ms] longest ack gap [109ms] pct loss [0.00] disc count [0] sps [13] rps [1] bh: [y].
client level=warn t=180281 ev=vr.xr hand yaw=-0.4527 r_valid=1 r_stale=0 r_fwd=0.779,-0.190,-0.597 r_up=0.615,0.054,0.786 r_off=0.010,0.048,-0.436 r_palm=-0.082,0.065,-0.402 l_valid=1 l_fwd=0.596,-0.777,0.202 l_off=0.187,0.103,-0.453 h_off=0.186,0.187,-0.162
client level=info t=181156 ev=nettick stage=sample latch=1 callbacks=20642
client level=info t=181266 ev=retail site=76 text=networking:channel:packet_loss_stats: [dir:127.0.0.1(id=0):30976#bh64] Incoming packet read result summary - 8 ok, 0 discard, 0 discard-expected, 0 corrupt
client level=info t=181266 ev=retail site=77 text=networking:channel:packet_loss_stats: [dir:127.0.0.1(id=0):30976#bh64] Outgoing packet delivery summary - 3 delivered, 0 of those out-of-order, 0 lost - highest loss fraction seen 0.000
client level=info t=181266 ev=retail site=78 text=networking:stream_manager:retail: # 0 rx 0.0/rxbps 0.0kb tx16.5/txbps59.4kb cx15.0pkts/33.0cxkbps lat=  0avg,  -1cg to=9999 aloc45.0kb max513.0kbps, loss=0.00pct loss dev 2.00pct rel=N, name=                            bh64
client level=info t=181266 ev=retail site=79 text=networking:stream_manager:retail: Local peer network quality = 1.000000/1.0, worst_axis = -1
client level=warn t=181469 ev=vr.xr hand yaw=-0.8195 r_valid=1 r_stale=0 r_fwd=0.564,-0.793,0.231 r_up=-0.089,0.219,0.972 r_off=-0.032,-0.043,-0.283 r_palm=-0.083,0.026,-0.334 l_valid=1 l_fwd=-0.121,-0.951,0.284 l_off=0.085,0.009,-0.359 h_off=-0.011,0.074,0.011
client level=warn t=181469 ev=vr.xr submit layers=1 result=0 fov=1.8850 aspect=0.9638
client level=warn t=181781 ev=vr.weapon callers path=getter D5D832:180 B363FA:540 B3598D:180 B40A78:0
client level=warn t=181781 ev=vr.weapon callers path=ptr D98F49:900 D7FB5C:124 DB8CB6:180 12B0A09:180 16E8861:180 D8F242:180 D8B348:180 D8B9B5:180 12B2284:27 D2F672:27 F4276C:3 D8492B:24 D7FF2C:6 CE3C40:0
client level=warn t=181781 ev=vr.weapon callers path=xform D5896F:180
client level=warn t=181797 ev=vr.probe pose in_pos=-186.74,421.85,79.05 in_fwd=-0.206,-0.851,0.482 in_fov=1.4242 out_pos=-186.85,421.97,79.07 out_fwd=-0.355,-0.935,-0.027 out_fov=1.8850
client level=warn t=181891 ev=vr.body anchor=-2.0652 head_yaw=-0.1261 body_yaw=-2.0567 error=-0.1111 counts_per_rad=579 servo=1
client level=warn t=181891 ev=vr.pad stats injected=72 held=1 mouse=-2440,0 move=-0.38,0.93 turn=0.79,-0.42 trig=0.00,0.00 buttons=0x0
client level=warn t=182656 ev=vr.xr hand yaw=-1.0922 r_valid=1 r_stale=0 r_fwd=0.074,-0.979,0.191 r_up=-0.178,0.176,0.968 r_off=-0.148,-0.034,-0.276 r_palm=-0.150,0.054,-0.323 l_valid=1 l_fwd=-0.404,-0.854,0.329 l_off=0.060,-0.001,-0.330 h_off=-0.078,0.147,0.011
client level=warn t=182656 ev=vr.xr pose fwd=-0.522,-0.835,-0.173 off=-0.078,0.147,0.011 fov=1.8850 aspect=0.964
client level=info t=183156 ev=nettick stage=sample latch=1 callbacks=20743
client level=warn t=183828 ev=vr.xr hand yaw=-1.4204 r_valid=1 r_stale=0 r_fwd=-0.666,-0.738,0.109 r_up=0.019,0.129,0.991 r_off=-0.271,0.009,-0.225 r_palm=-0.208,0.075,-0.265 l_valid=1 l_fwd=-0.627,-0.685,0.372 l_off=0.064,-0.016,-0.328 h_off=-0.019,0.170,0.009
client level=warn t=185016 ev=vr.xr hand yaw=-1.4125 r_valid=1 r_stale=0 r_fwd=0.139,-0.912,-0.386 r_up=-0.016,-0.392,0.920 r_off=-0.030,0.003,-0.431 r_palm=-0.043,0.101,-0.422 l_valid=1 l_fwd=-0.443,-0.874,0.200 l_off=0.114,-0.047,-0.395 h_off=0.111,0.057,-0.076
client level=info t=185156 ev=nettick stage=sample latch=1 callbacks=20844
client level=warn t=185328 ev=vr.weapon callers path=getter D5D832:180 B363FA:540 B3598D:180 B40A78:8
client level=warn t=185328 ev=vr.weapon callers path=ptr D98F49:900 D7FB5C:110 DB8CB6:180 12B0A09:180 16E8861:180 D8F242:180 D8B348:180 D8B9B5:180 12B2284:31 D2F672:31 F4276C:4 D8492B:25 D7FF2C:6 CE3C40:4
client level=warn t=185328 ev=vr.weapon callers path=xform D5896F:180
client level=warn t=185344 ev=vr.probe pose in_pos=-191.45,408.84,79.09 in_fwd=-0.141,-0.864,0.483 in_fov=1.4242 out_pos=-191.26,408.75,78.95 out_fwd=-0.163,-0.771,-0.615 out_fov=1.8850
client level=warn t=185438 ev=vr.body anchor=-2.3856 head_yaw=0.3705 body_yaw=-1.8539 error=-0.1232 counts_per_rad=579 servo=1
client level=warn t=185438 ev=vr.pad stats injected=86 held=0 mouse=-2555,0 move=0.00,0.00 turn=0.00,0.00 trig=0.00,0.00 buttons=0x0
client level=warn t=186203 ev=vr.xr hand yaw=-1.4125 r_valid=1 r_stale=0 r_fwd=-0.061,-0.752,-0.656 r_up=0.363,-0.629,0.687 r_off=0.057,-0.108,-0.478 r_palm=0.051,-0.017,-0.436 l_valid=1 l_fwd=-0.229,-0.961,0.153 l_off=0.210,-0.196,-0.479 h_off=0.237,-0.275,-0.238
client level=warn t=186203 ev=vr.xr pose fwd=-0.593,-0.718,-0.364 off=0.237,-0.275,-0.238 fov=1.8850 aspect=0.964
client level=info t=186313 ev=retail site=89 text=networking:channel_manager:connect: channel 'dir:127.0.0.1(id=0):30976#bh64' (0) closing (local 29) due to timeout:
client level=info t=186313 ev=retail site=90 text=networking:channel_manager:connect:   time since activity 1014<active-send-timeout(2000), time since inactivity 8001>drop-min-active-time(8000), time since receive 7862>recv-timeout(4000))
client level=info t=186313 ev=retail site=76 text=networking:channel:packet_loss_stats: [dir:127.0.0.1(id=0):30976#bh64] Incoming packet read result summary - 0 ok, 0 discard, 0 discard-expected, 0 corrupt
client level=info t=186313 ev=retail site=77 text=networking:channel:packet_loss_stats: [dir:127.0.0.1(id=0):30976#bh64] Outgoing packet delivery summary - 0 delivered, 0 of those out-of-order, 0 lost - highest loss fraction seen 0.000
client level=info t=186313 ev=retail site=86 text=networking:channel: channel dir:127.0.0.1(id=0):30976#bh64(id '29') (ra: ''dir:127.0.0.1(id=0):30976'') state change connected -> closed
client level=info t=186313 ev=retail site=87 text=networking:channel_manager: channel 'dir:127.0.0.1(id=0):30976#bh64' (0): channel closed (reason=channel-manager-connected-timeout) because 'dir:127.0.0.1(id=0):30976' can't be reached, resetting security
server level=info t=186328 ev=gameplay stage=peer result=closed reason=12
server level=info t=186344 ev=gameplay stage=connect result=ok peer=2003 local=0x00000009 remote=0x00000022 rebuilt=0
server level=info t=186344 ev=gameplay stage=establish result=queued local=0x00000009 remote=0x00000022
client level=info t=187156 ev=nettick stage=sample latch=1 callbacks=20945
server level=info t=187375 ev=gameplay stage=message result=ok id=8 peerstage=5
server level=info t=187375 ev=gameplay stage=sendqueue result=cleared packet=1 base=4 entries=0
client level=warn t=187406 ev=vr.xr hand yaw=-0.9995 r_valid=1 r_stale=0 r_fwd=0.848,-0.470,0.244 r_up=-0.513,-0.615,0.599 r_off=0.151,-0.119,-0.167 r_palm=0.085,-0.056,-0.208 l_valid=1 l_fwd=0.241,-0.850,0.469 l_off=0.206,-0.008,-0.254 h_off=-0.048,0.143,0.010
client level=warn t=187406 ev=vr.xr submit layers=1 result=0 fov=1.8850 aspect=0.9638
server level=info t=187469 ev=gameplay stage=message result=ok id=40 peerstage=5
server level=info t=187469 ev=gameplay stage=view result=queued remote=1 local=1 token=0x9EAA300100200001 list=0
server level=info t=187531 ev=gameplay stage=message result=ok id=40 peerstage=5
server level=info t=187531 ev=gameplay stage=view result=queued remote=2 local=2 token=0x9EAA300100200001 list=15
server level=info t=187531 ev=gameplay stage=sendqueue result=cleared packet=7 base=7 entries=0
server level=info t=187594 ev=gameplay stage=message result=ok id=40 peerstage=5
server level=info t=187594 ev=gameplay stage=view result=queued remote=3 local=3 token=0x9EAA300100200001 list=0
server level=info t=187594 ev=gameplay stage=message result=ok id=40 peerstage=5
server level=info t=187594 ev=gameplay stage=view result=queued remote=4 local=4 token=0x9EAA300100200001 list=0
server level=info t=187594 ev=gameplay stage=sendqueue result=cleared packet=8 base=8 entries=0
client level=warn t=188609 ev=vr.xr hand yaw=-0.9995 r_valid=1 r_stale=0 r_fwd=-0.035,-0.999,0.036 r_up=-0.135,0.041,0.990 r_off=-0.157,-0.184,-0.165 r_palm=-0.150,-0.090,-0.198 l_valid=1 l_fwd=-0.085,-0.879,0.470 l_off=0.128,-0.014,-0.307 h_off=-0.027,0.169,0.019
client level=warn t=188922 ev=vr.weapon callers path=getter D5D832:180 B363FA:540 B3598D:180 B40A78:0
client level=warn t=188922 ev=vr.weapon callers path=ptr D98F49:900 D7FB5C:108 DB8CB6:180 12B0A09:180 16E8861:180 D8F242:180 D8B348:180 D8B9B5:180 12B2284:28 D2F672:28 F4276C:3 D8492B:27 D7FF2C:7 CE3C40:0
client level=warn t=188922 ev=vr.weapon callers path=xform D5896F:180
client level=warn t=188938 ev=vr.probe pose in_pos=-186.60,402.25,79.09 in_fwd=-0.462,-0.744,0.483 in_fov=1.4242 out_pos=-186.68,402.40,79.10 out_fwd=-0.532,-0.814,-0.233 out_fov=1.8850
client level=warn t=189031 ev=vr.body anchor=-1.9726 head_yaw=-0.2081 body_yaw=-2.1615 error=-0.0138 counts_per_rad=579 servo=1
client level=warn t=189031 ev=vr.pad stats injected=91 held=1 mouse=-2399,0 move=0.18,0.98 turn=0.00,0.00 trig=0.00,0.00 buttons=0x0
client level=info t=189156 ev=nettick stage=sample latch=1 callbacks=21045
client level=warn t=189813 ev=vr.xr hand yaw=-0.9995 r_valid=1 r_stale=0 r_fwd=0.031,-0.909,-0.415 r_up=0.314,-0.385,0.868 r_off=-0.330,-0.099,-0.206 r_palm=-0.343,-0.001,-0.192 l_valid=1 l_fwd=-0.294,-0.875,0.385 l_off=0.045,-0.032,-0.324 h_off=-0.081,0.061,-0.032
client level=warn t=189813 ev=vr.xr pose fwd=-0.425,-0.757,-0.496 off=-0.081,0.061,-0.032 fov=1.8850 aspect=0.964
client level=warn t=190984 ev=vr.xr hand yaw=-0.9995 r_valid=1 r_stale=0 r_fwd=-0.029,-0.959,-0.280 r_up=0.341,-0.273,0.899 r_off=-0.350,-0.101,-0.194 r_palm=-0.357,-0.001,-0.194 l_valid=1 l_fwd=-0.365,-0.871,0.330 l_off=0.046,-0.040,-0.333 h_off=-0.104,0.052,-0.024
client level=info t=191156 ev=nettick stage=sample latch=1 callbacks=21146
client level=warn t=192188 ev=vr.xr hand yaw=-0.9995 r_valid=1 r_stale=0 r_fwd=-0.132,-0.950,-0.282 r_up=0.067,-0.293,0.954 r_off=-0.400,-0.066,-0.243 r_palm=-0.390,0.033,-0.244 l_valid=1 l_fwd=-0.411,-0.854,0.318 l_off=0.016,-0.017,-0.333 h_off=-0.128,0.080,-0.021
client level=warn t=192516 ev=vr.weapon callers path=getter D5D832:180 B363FA:540 B3598D:180 B40A78:28
client level=warn t=192516 ev=vr.weapon callers path=ptr D98F49:900 D7FB5C:122 DB8CB6:180 12B0A09:180 16E8861:180 D8F242:180 D8B348:180 D8B9B5:180 12B2284:41 D2F672:41 F4276C:4 D8492B:24 D7FF2C:6 CE3C40:14
client level=warn t=192516 ev=vr.weapon callers path=xform D5896F:180
client level=warn t=192531 ev=vr.probe pose in_pos=-187.64,399.62,79.09 in_fwd=-0.521,-0.697,0.494 in_fov=1.4242 out_pos=-187.76,399.71,79.08 out_fwd=-0.577,-0.733,-0.361 out_fov=1.8850
client level=warn t=192625 ev=vr.body anchor=-1.9726 head_yaw=-0.2804 body_yaw=-2.2484 error=-0.0086 counts_per_rad=563 servo=1
client level=warn t=192625 ev=vr.pad stats injected=101 held=0 mouse=-2342,0 move=0.00,0.00 turn=0.00,0.00 trig=0.00,1.00 buttons=0x0
client level=info t=193156 ev=nettick stage=sample latch=1 callbacks=21246
client level=warn t=193391 ev=vr.xr hand yaw=-0.9995 r_valid=1 r_stale=0 r_fwd=-0.287,-0.935,-0.209 r_up=-0.104,-0.187,0.977 r_off=-0.262,-0.184,-0.204 r_palm=-0.232,-0.090,-0.213 l_valid=1 l_fwd=-0.218,-0.858,0.466 l_off=0.084,0.022,-0.319 h_off=-0.040,0.139,-0.016
client level=warn t=193391 ev=vr.xr pose fwd=-0.452,-0.767,-0.456 off=-0.040,0.139,-0.016 fov=1.8850 aspect=0.964
client level=warn t=193391 ev=vr.xr submit layers=1 result=0 fov=1.8850 aspect=0.9638
client level=warn t=194578 ev=vr.xr hand yaw=-0.9995 r_valid=1 r_stale=0 r_fwd=-0.317,-0.934,0.165 r_up=0.102,0.139,0.985 r_off=-0.275,-0.127,-0.208 r_palm=-0.248,-0.043,-0.253 l_valid=1 l_fwd=-0.127,-0.943,0.308 l_off=0.071,0.000,-0.323 h_off=-0.087,0.143,0.003
server level=info t=195016 ev=ws701 stage=profile_setup result=complete
server level=info t=195016 ev=activity stage=writeback result=ok world_state=8
client level=info t=195156 ev=nettick stage=sample latch=1 callbacks=21347
client level=info t=195406 ev=retail site=89 text=networking:channel_manager:connect: channel 'dir:127.0.0.1(id=0):30976#bh64' (0) closing (local 34) due to timeout:
client level=info t=195406 ev=retail site=90 text=networking:channel_manager:connect:   time since activity 1005<active-send-timeout(2000), time since inactivity 8003>drop-min-active-time(8000), time since receive 7865>recv-timeout(4000))
client level=info t=195406 ev=retail site=76 text=networking:channel:packet_loss_stats: [dir:127.0.0.1(id=0):30976#bh64] Incoming packet read result summary - 8 ok, 0 discard, 0 discard-expected, 0 corrupt
client level=info t=195406 ev=retail site=77 text=networking:channel:packet_loss_stats: [dir:127.0.0.1(id=0):30976#bh64] Outgoing packet delivery summary - 3 delivered, 0 of those out-of-order, 0 lost - highest loss fraction seen 0.000
client level=info t=195406 ev=retail site=86 text=networking:channel: channel dir:127.0.0.1(id=0):30976#bh64(id '34') (ra: ''dir:127.0.0.1(id=0):30976'') state change connected -> closed
client level=info t=195406 ev=retail site=87 text=networking:channel_manager: channel 'dir:127.0.0.1(id=0):30976#bh64' (0): channel closed (reason=channel-manager-connected-timeout) because 'dir:127.0.0.1(id=0):30976' can't be reached, resetting security
server level=info t=195406 ev=gameplay stage=peer result=closed reason=12
server level=info t=195422 ev=gameplay stage=connect result=ok peer=2003 local=0x0000000A remote=0x00000027 rebuilt=0
server level=info t=195422 ev=gameplay stage=establish result=queued local=0x0000000A remote=0x00000027
client level=warn t=195750 ev=vr.xr hand yaw=-0.9995 r_valid=1 r_stale=0 r_fwd=-0.227,-0.970,-0.088 r_up=-0.502,0.039,0.864 r_off=-0.225,-0.120,-0.255 r_palm=-0.189,-0.029,-0.272 l_valid=1 l_fwd=-0.009,-0.949,0.316 l_off=0.083,0.005,-0.323 h_off=-0.074,0.139,-0.005
client level=warn t=196063 ev=vr.weapon callers path=getter D5D832:180 B363FA:540 B3598D:180 B40A78:8
client level=warn t=196063 ev=vr.weapon callers path=ptr D98F49:900 D7FB5C:115 DB8CB6:180 12B0A09:180 16E8861:180 D8F242:180 D8B348:180 D8B9B5:180 12B2284:34 D2F672:31 F4276C:4 D8492B:28 D7FF2C:7 CE3C40:4
client level=warn t=196063 ev=vr.weapon callers path=xform D5896F:180
client level=warn t=196078 ev=vr.probe pose in_pos=-188.67,397.92,79.08 in_fwd=-0.422,-0.768,0.482 in_fov=1.4242 out_pos=-188.75,398.06,79.07 out_fwd=-0.453,-0.808,-0.378 out_fov=1.8850
client level=warn t=196172 ev=vr.body anchor=-1.9726 head_yaw=-0.1245 body_yaw=-2.0833 error=-0.0094 counts_per_rad=578 servo=1
client level=warn t=196172 ev=vr.pad stats injected=107 held=0 mouse=-2436,0 move=0.00,0.00 turn=0.00,0.00 trig=0.00,0.00 buttons=0x0
server level=info t=196453 ev=gameplay stage=message result=ok id=8 peerstage=5
server level=info t=196453 ev=gameplay stage=sendqueue result=cleared packet=1 base=5 entries=0
server level=info t=196531 ev=gameplay stage=message result=ok id=40 peerstage=5
server level=info t=196531 ev=gameplay stage=view result=queued remote=1 local=1 token=0x9EAA300100200001 list=0
server level=info t=196594 ev=gameplay stage=message result=ok id=40 peerstage=5
server level=info t=196594 ev=gameplay stage=view result=queued remote=2 local=2 token=0x9EAA300100200001 list=15
server level=info t=196594 ev=gameplay stage=sendqueue result=cleared packet=7 base=7 entries=0
server level=info t=196641 ev=gameplay stage=message result=ok id=40 peerstage=5
server level=info t=196641 ev=gameplay stage=view result=queued remote=3 local=3 token=0x9EAA300100200001 list=0
server level=info t=196641 ev=gameplay stage=message result=ok id=40 peerstage=5
server level=info t=196641 ev=gameplay stage=view result=queued remote=4 local=4 token=0x9EAA300100200001 list=0
server level=info t=196641 ev=gameplay stage=sendqueue result=cleared packet=8 base=8 entries=0
client level=warn t=196938 ev=vr.xr hand yaw=-0.9995 r_valid=1 r_stale=0 r_fwd=-0.585,-0.719,-0.375 r_up=-0.411,-0.135,0.901 r_off=-0.343,-0.133,-0.268 r_palm=-0.275,-0.061,-0.260 l_valid=1 l_fwd=-0.023,-0.946,0.322 l_off=0.079,0.008,-0.327 h_off=-0.075,0.140,-0.009
client level=warn t=196938 ev=vr.xr pose fwd=-0.493,-0.769,-0.407 off=-0.075,0.140,-0.009 fov=1.8850 aspect=0.964
client level=info t=197156 ev=nettick stage=sample latch=1 callbacks=21448
client level=warn t=198125 ev=vr.xr hand yaw=-0.9995 r_valid=1 r_stale=0 r_fwd=0.272,-0.172,-0.947 r_up=0.871,-0.374,0.318 r_off=-0.280,0.178,-0.546 r_palm=-0.332,0.206,-0.465 l_valid=1 l_fwd=-0.198,-0.949,0.245 l_off=0.023,0.000,-0.357 h_off=-0.125,0.083,-0.065
client level=info t=199156 ev=nettick stage=sample latch=1 callbacks=21550
client level=warn t=199313 ev=vr.xr hand yaw=-0.9995 r_valid=1 r_stale=0 r_fwd=-0.294,-0.930,-0.221 r_up=0.894,-0.187,-0.406 r_off=-0.513,-0.060,-0.702 r_palm=-0.512,0.034,-0.669 l_valid=1 l_fwd=-0.382,-0.913,0.144 l_off=-0.042,-0.013,-0.359 h_off=-0.238,0.078,-0.105
client level=warn t=199313 ev=vr.xr submit layers=1 result=0 fov=1.8850 aspect=0.9638
client level=warn t=199609 ev=vr.weapon callers path=getter D5D832:180 B363FA:540 B3598D:180 B40A78:0
client level=warn t=199609 ev=vr.weapon callers path=ptr D98F49:900 D7FB5C:123 DB8CB6:180 12B0A09:180 16E8861:180 D8F242:180 D8B348:180 D8B9B5:180 12B2284:27 D2F672:27 F4276C:3 D8492B:19 D7FF2C:6 CE3C40:0
client level=warn t=199609 ev=vr.weapon callers path=xform D5896F:180
client level=warn t=199625 ev=vr.probe pose in_pos=-188.67,397.92,79.09 in_fwd=-0.742,-0.466,0.483 in_fov=1.4242 out_pos=-188.91,398.00,78.99 out_fwd=-0.548,-0.335,-0.767 out_fov=1.8850
client level=warn t=199719 ev=vr.body anchor=-1.9726 head_yaw=-0.6243 body_yaw=-2.5948 error=-0.0073 counts_per_rad=579 servo=1
client level=warn t=199719 ev=vr.pad stats injected=107 held=0 mouse=-2140,0 move=0.00,0.00 turn=0.00,0.00 trig=0.00,0.00 buttons=0x0
client level=warn t=200500 ev=vr.xr hand yaw=-0.7395 r_valid=1 r_stale=0 r_fwd=-0.077,-0.816,-0.572 r_up=0.467,-0.537,0.703 r_off=-0.367,-0.098,-0.682 r_palm=-0.373,-0.005,-0.649 l_valid=1 l_fwd=-0.047,-0.967,0.249 l_off=0.014,0.019,-0.362 h_off=-0.069,0.096,0.031
client level=warn t=200500 ev=vr.xr pose fwd=0.454,-0.888,0.076 off=-0.069,0.096,0.031 fov=1.8850 aspect=0.964
client level=info t=201156 ev=nettick stage=sample latch=1 callbacks=21650
client level=warn t=201719 ev=vr.xr hand yaw=0.9198 r_valid=1 r_stale=0 r_fwd=0.555,0.794,0.248 r_up=0.069,-0.341,0.938 r_off=0.084,0.096,-0.258 r_palm=0.029,0.031,-0.310 l_valid=1 l_fwd=0.762,0.486,0.427 l_off=-0.078,0.194,-0.260 h_off=-0.105,-0.091,0.014
client level=warn t=202953 ev=vr.xr hand yaw=0.7764 r_valid=1 r_stale=0 r_fwd=0.868,0.495,-0.035 r_up=0.153,-0.201,0.968 r_off=0.127,-0.066,-0.359 r_palm=0.040,-0.107,-0.385 l_valid=1 l_fwd=0.900,0.243,0.362 l_off=-0.026,0.150,-0.303 h_off=-0.126,-0.097,0.024
client level=info t=203156 ev=nettick stage=sample latch=1 callbacks=21747
client level=warn t=203281 ev=vr.weapon callers path=getter D5D832:180 B363FA:540 B3598D:180 B40A78:41
client level=warn t=203281 ev=vr.weapon callers path=ptr D98F49:900 D7FB5C:116 DB8CB6:180 12B0A09:180 16E8861:180 D8F242:180 D8B348:180 D8B9B5:180 12B2284:32 D2F672:32 F4276C:5 D8492B:20 D7FF2C:7 CE3C40:0
client level=warn t=203281 ev=vr.weapon callers path=xform D5896F:180
client level=warn t=203297 ev=vr.probe pose in_pos=-178.98,405.89,84.84 in_fwd=0.871,0.091,0.483 in_fov=1.4242 out_pos=-179.10,405.79,84.86 out_fwd=0.973,0.093,-0.209 out_fov=1.8850
client level=warn t=203391 ev=vr.body anchor=-0.1967 head_yaw=0.2777 body_yaw=0.0973 error=-0.0128 counts_per_rad=579 servo=1
client level=warn t=203391 ev=vr.pad stats injected=127 held=2 mouse=-3696,0 move=0.30,-0.95 turn=0.00,0.00 trig=0.00,0.00 buttons=0x0
client level=warn t=204156 ev=vr.xr hand yaw=0.7928 r_valid=1 r_stale=0 r_fwd=0.842,0.537,-0.051 r_up=0.128,-0.108,0.986 r_off=0.109,-0.080,-0.378 r_palm=0.025,-0.127,-0.403 l_valid=1 l_fwd=0.897,0.235,0.373 l_off=-0.029,0.128,-0.308 h_off=-0.090,-0.114,-0.016
client level=warn t=204156 ev=vr.xr pose fwd=0.900,0.087,-0.427 off=-0.090,-0.114,-0.016 fov=1.8850 aspect=0.964
client level=info t=204500 ev=retail site=89 text=networking:channel_manager:connect: channel 'dir:127.0.0.1(id=0):30976#bh64' (0) closing (local 39) due to timeout:
client level=info t=204500 ev=retail site=90 text=networking:channel_manager:connect:   time since activity 81<active-send-timeout(2000), time since inactivity 8013>drop-min-active-time(8000), time since receive 7893>recv-timeout(4000))
client level=info t=204500 ev=retail site=76 text=networking:channel:packet_loss_stats: [dir:127.0.0.1(id=0):30976#bh64] Incoming packet read result summary - 8 ok, 0 discard, 0 discard-expected, 0 corrupt
client level=info t=204500 ev=retail site=77 text=networking:channel:packet_loss_stats: [dir:127.0.0.1(id=0):30976#bh64] Outgoing packet delivery summary - 3 delivered, 0 of those out-of-order, 0 lost - highest loss fraction seen 0.000
client level=info t=204500 ev=retail site=86 text=networking:channel: channel dir:127.0.0.1(id=0):30976#bh64(id '39') (ra: ''dir:127.0.0.1(id=0):30976'') state change connected -> closed
client level=info t=204500 ev=retail site=87 text=networking:channel_manager: channel 'dir:127.0.0.1(id=0):30976#bh64' (0): channel closed (reason=channel-manager-connected-timeout) because 'dir:127.0.0.1(id=0):30976' can't be reached, resetting security
server level=info t=204500 ev=gameplay stage=peer result=closed reason=12
server level=info t=204531 ev=gameplay stage=connect result=ok peer=2003 local=0x0000000B remote=0x00000028 rebuilt=0
server level=info t=204531 ev=gameplay stage=establish result=queued local=0x0000000B remote=0x00000028
client level=info t=205156 ev=nettick stage=sample latch=1 callbacks=21847
client level=warn t=205375 ev=vr.xr hand yaw=0.5197 r_valid=1 r_stale=0 r_fwd=0.906,0.200,-0.373 r_up=0.358,0.106,0.928 r_off=-0.061,-0.183,-0.475 r_palm=-0.158,-0.205,-0.467 l_valid=1 l_fwd=0.800,-0.520,0.300 l_off=-0.007,-0.014,-0.334 h_off=-0.134,-0.130,-0.026
client level=warn t=205375 ev=vr.xr submit layers=1 result=0 fov=1.8850 aspect=0.9638
server level=info t=205578 ev=gameplay stage=message result=ok id=8 peerstage=5
server level=info t=205578 ev=gameplay stage=sendqueue result=cleared packet=1 base=5 entries=0
server level=info t=205672 ev=gameplay stage=message result=ok id=40 peerstage=5
server level=info t=205672 ev=gameplay stage=view result=queued remote=1 local=1 token=0x9EAA300100200001 list=0
server level=info t=205750 ev=gameplay stage=message result=ok id=40 peerstage=5
server level=info t=205750 ev=gameplay stage=view result=queued remote=2 local=2 token=0x9EAA300100200001 list=15
server level=info t=205750 ev=gameplay stage=sendqueue result=cleared packet=7 base=7 entries=0
server level=info t=205781 ev=gameplay stage=message result=ok id=40 peerstage=5
server level=info t=205781 ev=gameplay stage=view result=queued remote=3 local=3 token=0x9EAA300100200001 list=0
server level=info t=205781 ev=gameplay stage=message result=ok id=40 peerstage=5
server level=info t=205781 ev=gameplay stage=view result=queued remote=4 local=4 token=0x9EAA300100200001 list=0
server level=info t=205797 ev=gameplay stage=sendqueue result=cleared packet=8 base=8 entries=0
client level=warn t=206578 ev=vr.xr hand yaw=0.0519 r_valid=1 r_stale=0 r_fwd=0.897,-0.280,-0.342 r_up=0.367,0.038,0.930 r_off=0.064,-0.110,-0.569 r_palm=-0.032,-0.084,-0.565 l_valid=1 l_fwd=0.851,-0.517,-0.093 l_off=0.134,0.032,-0.530 h_off=-0.163,0.003,0.017
client level=warn t=206891 ev=vr.weapon callers path=getter D5D832:180 B363FA:540 B3598D:180 B40A78:0
client level=warn t=206891 ev=vr.weapon callers path=ptr D98F49:900 D7FB5C:124 DB8CB6:180 12B0A09:180 16E8861:180 D8F242:180 D8B348:180 D8B9B5:180 12B2284:31 D2F672:31 F4276C:3 D8492B:21 D7FF2C:7 CE3C40:0
client level=warn t=206891 ev=vr.weapon callers path=xform D5896F:180
client level=warn t=206906 ev=vr.probe pose in_pos=-181.42,404.84,79.15 in_fwd=0.464,-0.743,0.483 in_fov=1.4242 out_pos=-181.58,404.85,79.16 out_fwd=0.519,-0.846,-0.124 out_fov=1.8850
client level=warn t=207000 ev=vr.body anchor=-0.9977 head_yaw=-0.0290 body_yaw=-1.0155 error=-0.0096 counts_per_rad=580 servo=1
client level=warn t=207000 ev=vr.pad stats injected=139 held=1 mouse=-3054,0 move=-0.01,1.00 turn=0.00,0.00 trig=0.00,0.00 buttons=0x0
client level=info t=207156 ev=nettick stage=sample latch=1 callbacks=21946
client level=warn t=207797 ev=vr.xr hand yaw=-0.0247 r_valid=1 r_stale=0 r_fwd=0.592,-0.659,0.465 r_up=-0.095,0.516,0.851 r_off=-0.151,-0.287,-0.068 r_palm=-0.204,-0.240,-0.138 l_valid=1 l_fwd=0.667,-0.745,-0.000 l_off=0.086,-0.013,-0.532 h_off=-0.183,0.007,0.020
client level=warn t=207797 ev=vr.xr pose fwd=0.231,-0.968,-0.100 off=-0.183,0.007,0.020 fov=1.8850 aspect=0.964
client level=warn t=209016 ev=vr.xr hand yaw=-0.0172 r_valid=1 r_stale=0 r_fwd=0.526,-0.796,0.298 r_up=0.012,0.358,0.934 r_off=-0.186,-0.420,-0.098 r_palm=-0.236,-0.355,-0.154 l_valid=1 l_fwd=0.402,-0.908,-0.117 l_off=-0.039,-0.010,-0.479 h_off=-0.214,0.069,0.029
client level=info t=209156 ev=nettick stage=sample latch=1 callbacks=22045
client level=warn t=210203 ev=vr.xr hand yaw=0.6265 r_valid=1 r_stale=0 r_fwd=0.964,-0.263,0.035 r_up=-0.035,0.002,0.999 r_off=0.259,-0.322,-0.132 r_palm=0.168,-0.297,-0.166 l_valid=1 l_fwd=0.958,-0.181,0.222 l_off=-0.053,0.015,-0.337 h_off=-0.300,-0.115,0.041
client level=warn t=210516 ev=vr.weapon callers path=getter D5D832:180 B363FA:540 B3598D:180 B40A78:0
client level=warn t=210516 ev=vr.weapon callers path=ptr D98F49:888 D7FB5C:120 DB8CB6:180 12B0A09:180 16E8861:180 D8F242:180 D8B348:180 D8B9B5:180 12B2284:29 D2F672:29 F4276C:4 D8492B:21 D7FF2C:7 CE3C40:0
client level=warn t=210516 ev=vr.weapon callers path=xform D5896F:180
client level=warn t=210531 ev=vr.probe pose in_pos=-177.21,393.87,77.43 in_fwd=0.825,-0.294,0.483 in_fov=1.4242 out_pos=-177.47,393.76,77.46 out_fwd=0.922,-0.336,-0.191 out_fov=1.8850
client level=warn t=210625 ev=vr.body anchor=-0.3466 head_yaw=-0.0604 body_yaw=-0.3680 error=-0.0271 counts_per_rad=579 servo=1
client level=warn t=210625 ev=vr.pad stats injected=148 held=0 mouse=-3423,0 move=0.00,0.00 turn=0.00,0.00 trig=0.00,0.00 buttons=0x0
client level=info t=211156 ev=nettick stage=sample latch=1 callbacks=22145
client level=warn t=211406 ev=vr.xr hand yaw=0.5729 r_valid=1 r_stale=0 r_fwd=0.725,-0.685,-0.080 r_up=0.114,0.005,0.993 r_off=0.034,-0.617,-0.223 r_palm=-0.038,-0.552,-0.245 l_valid=1 l_fwd=0.840,-0.533,0.101 l_off=-0.017,-0.051,-0.397 h_off=-0.191,-0.150,0.010
client level=warn t=211406 ev=vr.xr pose fwd=0.462,-0.814,-0.352 off=-0.191,-0.150,0.010 fov=1.8850 aspect=0.964
client level=warn t=211406 ev=vr.xr submit layers=1 result=0 fov=1.8850 aspect=0.9638
client level=warn t=212609 ev=vr.xr hand yaw=0.3591 r_valid=1 r_stale=0 r_fwd=0.786,-0.564,-0.253 r_up=0.281,-0.038,0.959 r_off=0.106,-0.529,-0.161 r_palm=0.022,-0.474,-0.165 l_valid=1 l_fwd=0.757,-0.603,0.250 l_off=-0.063,-0.008,-0.346 h_off=-0.281,-0.070,0.031
client level=info t=213156 ev=nettick stage=sample latch=1 callbacks=22244
client level=info t=213625 ev=retail site=89 text=networking:channel_manager:connect: channel 'dir:127.0.0.1(id=0):30976#bh64' (0) closing (local 40) due to timeout:
client level=info t=213625 ev=retail site=90 text=networking:channel_manager:connect:   time since activity 932<active-send-timeout(2000), time since inactivity 8018>drop-min-active-time(8000), time since receive 7860>recv-timeout(4000))
client level=info t=213625 ev=retail site=76 text=networking:channel:packet_loss_stats: [dir:127.0.0.1(id=0):30976#bh64] Incoming packet read result summary - 8 ok, 0 discard, 0 discard-expected, 0 corrupt
client level=info t=213625 ev=retail site=77 text=networking:channel:packet_loss_stats: [dir:127.0.0.1(id=0):30976#bh64] Outgoing packet delivery summary - 3 delivered, 0 of those out-of-order, 0 lost - highest loss fraction seen 0.000
client level=info t=213625 ev=retail site=86 text=networking:channel: channel dir:127.0.0.1(id=0):30976#bh64(id '40') (ra: ''dir:127.0.0.1(id=0):30976'') state change connected -> closed
client level=info t=213625 ev=retail site=87 text=networking:channel_manager: channel 'dir:127.0.0.1(id=0):30976#bh64' (0): channel closed (reason=channel-manager-connected-timeout) because 'dir:127.0.0.1(id=0):30976' can't be reached, resetting security
server level=info t=213625 ev=gameplay stage=peer result=closed reason=12
server level=info t=213656 ev=gameplay stage=connect result=ok peer=2003 local=0x0000000C remote=0x0000002D rebuilt=0
server level=info t=213656 ev=gameplay stage=establish result=queued local=0x0000000C remote=0x0000002D
client level=warn t=213813 ev=vr.xr hand yaw=0.3591 r_valid=1 r_stale=0 r_fwd=0.722,-0.543,0.429 r_up=0.691,0.585,-0.423 r_off=-0.004,-0.501,-0.130 r_palm=-0.094,-0.467,-0.158 l_valid=1 l_fwd=0.702,-0.647,0.298 l_off=-0.084,0.006,-0.348 h_off=-0.309,0.003,0.040
client level=warn t=214125 ev=vr.weapon callers path=getter D5D832:180 B363FA:540 B3598D:180 B40A78:2
client level=warn t=214125 ev=vr.weapon callers path=ptr D98F49:900 D7FB5C:126 DB8CB6:180 12B0A09:180 16E8861:180 D8F242:180 D8B348:180 D8B9B5:180 12B2284:30 D2F672:29 F4276C:4 D8492B:19 D7FF2C:6 CE3C40:1
client level=warn t=214125 ev=vr.weapon callers path=xform D5896F:180
client level=warn t=214141 ev=vr.probe pose in_pos=-164.35,382.22,76.06 in_fwd=0.449,-0.654,0.609 in_fov=1.4242 out_pos=-164.64,382.18,76.10 out_fwd=0.549,-0.825,-0.136 out_fov=1.8850
client level=warn t=214234 ev=vr.body anchor=-0.6140 head_yaw=-0.3819 body_yaw=-0.9896 error=-0.0066 counts_per_rad=570 servo=1
client level=warn t=214234 ev=vr.pad stats injected=156 held=1 mouse=-3071,0 move=-0.31,0.95 turn=0.00,0.00 trig=0.00,0.00 buttons=0x0
server level=info t=214672 ev=gameplay stage=message result=ok id=8 peerstage=5
server level=info t=214672 ev=gameplay stage=sendqueue result=cleared packet=1 base=4 entries=0
server level=info t=214766 ev=gameplay stage=message result=ok id=40 peerstage=5
server level=info t=214766 ev=gameplay stage=view result=queued remote=1 local=1 token=0x9EAA300100200001 list=0
server level=info t=214813 ev=gameplay stage=message result=ok id=40 peerstage=5
server level=info t=214813 ev=gameplay stage=view result=queued remote=2 local=2 token=0x9EAA300100200001 list=15
server level=info t=214813 ev=gameplay stage=sendqueue result=cleared packet=7 base=7 entries=0
server level=info t=214859 ev=gameplay stage=message result=ok id=40 peerstage=5
server level=info t=214859 ev=gameplay stage=view result=queued remote=3 local=3 token=0x9EAA300100200001 list=0
server level=info t=214859 ev=gameplay stage=message result=ok id=40 peerstage=5
server level=info t=214859 ev=gameplay stage=view result=queued remote=4 local=4 token=0x9EAA300100200001 list=0
server level=info t=214859 ev=gameplay stage=sendqueue result=cleared packet=8 base=8 entries=0
client level=warn t=215016 ev=vr.xr hand yaw=0.7469 r_valid=1 r_stale=0 r_fwd=0.913,-0.397,0.098 r_up=-0.245,-0.338,0.909 r_off=0.085,-0.514,-0.228 r_palm=0.006,-0.466,-0.265 l_valid=1 l_fwd=0.927,-0.254,0.276 l_off=-0.078,-0.003,-0.306 h_off=-0.239,-0.246,0.034
client level=warn t=215016 ev=vr.xr pose fwd=0.841,-0.513,-0.175 off=-0.239,-0.246,0.034 fov=1.8850 aspect=0.964
client level=info t=215172 ev=nettick stage=sample latch=1 callbacks=22345
client level=warn t=216266 ev=vr.xr hand yaw=1.2028 r_valid=1 r_stale=0 r_fwd=0.685,0.726,0.062 r_up=0.078,-0.158,0.984 r_off=0.234,0.084,-0.072 r_palm=0.167,0.019,-0.107 l_valid=1 l_fwd=0.711,0.296,0.637 l_off=-0.168,-0.009,-0.176 h_off=-0.191,-0.249,0.042
client level=info t=217172 ev=nettick stage=sample latch=1 callbacks=22441
client level=warn t=217516 ev=vr.xr hand yaw=1.8004 r_valid=1 r_stale=0 r_fwd=-0.317,0.851,-0.419 r_up=-0.144,0.394,0.908 r_off=-0.168,0.113,-0.361 r_palm=-0.134,0.020,-0.348 l_valid=1 l_fwd=0.279,0.826,0.489 l_off=-0.179,-0.056,-0.214 h_off=-0.073,-0.251,0.014
client level=warn t=217516 ev=vr.xr submit layers=1 result=0 fov=1.8850 aspect=0.9638
client level=warn t=217859 ev=vr.weapon callers path=getter D5D832:180 B363FA:540 B3598D:180 B40A78:0
client level=warn t=217859 ev=vr.weapon callers path=ptr D98F49:900 D7FB5C:102 DB8CB6:180 12B0A09:180 16E8861:180 D8F242:180 D8B348:180 D8B9B5:180 12B2284:29 D2F672:29 F4276C:3 D8492B:17 D7FF2C:6 CE3C40:0
client level=warn t=217859 ev=vr.weapon callers path=xform D5896F:180
client level=warn t=217875 ev=vr.probe pose in_pos=-157.38,386.16,76.33 in_fwd=-0.499,0.616,0.609 in_fov=1.4242 out_pos=-157.50,385.93,76.33 out_fwd=-0.600,0.670,-0.436 out_fov=1.8850
client level=warn t=217969 ev=vr.body anchor=0.8273 head_yaw=1.4990 body_yaw=2.3106 error=0.0127 counts_per_rad=579 servo=1
client level=warn t=217969 ev=vr.pad stats injected=163 held=2 mouse=-4983,0 move=-0.37,0.93 turn=0.00,0.00 trig=0.00,0.00 buttons=0x0
client level=warn t=218766 ev=vr.xr hand yaw=2.1025 r_valid=1 r_stale=0 r_fwd=-0.967,0.198,-0.157 r_up=-0.159,0.008,0.987 r_off=-0.401,-0.116,-0.340 r_palm=-0.305,-0.135,-0.355 l_valid=1 l_fwd=0.507,0.804,0.311 l_off=-0.057,-0.153,-0.181 h_off=-0.025,-0.229,0.007
client level=warn t=218766 ev=vr.xr pose fwd=-0.958,0.089,-0.273 off=-0.025,-0.229,0.007 fov=1.8850 aspect=0.964
client level=info t=219172 ev=nettick stage=sample latch=1 callbacks=22537
client level=warn t=219984 ev=vr.xr hand yaw=2.5717 r_valid=1 r_stale=0 r_fwd=-0.741,0.151,-0.654 r_up=-0.632,0.170,0.756 r_off=-0.395,-0.109,-0.486 r_palm=-0.306,-0.128,-0.447 l_valid=1 l_fwd=-0.637,0.761,0.125 l_off=-0.191,-0.290,-0.389 h_off=-0.140,-0.224,-0.069
client level=info t=221172 ev=nettick stage=sample latch=1 callbacks=22637
client level=warn t=221172 ev=vr.xr hand yaw=2.3653 r_valid=1 r_stale=0 r_fwd=-0.527,0.669,-0.525 r_up=-0.423,0.330,0.844 r_off=-0.120,0.044,-0.476 r_palm=-0.057,-0.029,-0.451 l_valid=1 l_fwd=-0.167,0.951,0.260 l_off=-0.160,-0.170,-0.379 h_off=-0.045,-0.198,-0.017
client level=warn t=221500 ev=vr.weapon callers path=getter D5D832:180 B363FA:540 B3598D:180 B40A78:0
client level=warn t=221500 ev=vr.weapon callers path=ptr D98F49:900 D7FB5C:113 DB8CB6:180 12B0A09:180 16E8861:180 D8F242:180 D8B348:180 D8B9B5:180 12B2284:31 D2F672:31 F4276C:4 D8492B:18 D7FF2C:6 CE3C40:0
client level=warn t=221500 ev=vr.weapon callers path=xform D5896F:180
client level=warn t=221516 ev=vr.probe pose in_pos=-164.05,391.11,72.18 in_fwd=-0.238,0.757,0.609 in_fov=1.4242 out_pos=-164.07,390.91,72.16 out_fwd=-0.302,0.763,-0.572 out_fov=1.8850
client level=warn t=221609 ev=vr.body anchor=1.3922 head_yaw=0.6741 body_yaw=1.9805 error=0.0583 counts_per_rad=579 servo=1
client level=warn t=221609 ev=vr.pad stats injected=175 held=2 mouse=-4801,0 move=-0.75,0.66 turn=0.00,0.00 trig=0.00,0.00 buttons=0x0
client level=warn t=222406 ev=vr.xr hand yaw=2.3653 r_valid=1 r_stale=0 r_fwd=-0.468,0.728,-0.501 r_up=-0.341,0.374,0.862 r_off=-0.090,0.073,-0.495 r_palm=-0.035,-0.008,-0.473 l_valid=1 l_fwd=-0.306,0.943,0.130 l_off=-0.187,-0.119,-0.389 h_off=-0.058,-0.114,-0.067
client level=warn t=222406 ev=vr.xr pose fwd=-0.086,0.684,-0.724 off=-0.058,-0.114,-0.067 fov=1.8850 aspect=0.964
client level=info t=222703 ev=retail site=89 text=networking:channel_manager:connect: channel 'dir:127.0.0.1(id=0):30976#bh64' (0) closing (local 45) due to timeout:
client level=info t=222703 ev=retail site=90 text=networking:channel_manager:connect:   time since activity 854<active-send-timeout(2000), time since inactivity 8002>drop-min-active-time(8000), time since receive 7886>recv-timeout(4000))
client level=info t=222703 ev=retail site=76 text=networking:channel:packet_loss_stats: [dir:127.0.0.1(id=0):30976#bh64] Incoming packet read result summary - 8 ok, 0 discard, 0 discard-expected, 0 corrupt
client level=info t=222703 ev=retail site=77 text=networking:channel:packet_loss_stats: [dir:127.0.0.1(id=0):30976#bh64] Outgoing packet delivery summary - 3 delivered, 0 of those out-of-order, 0 lost - highest loss fraction seen 0.000
client level=info t=222703 ev=retail site=86 text=networking:channel: channel dir:127.0.0.1(id=0):30976#bh64(id '45') (ra: ''dir:127.0.0.1(id=0):30976'') state change connected -> closed
client level=info t=222703 ev=retail site=87 text=networking:channel_manager: channel 'dir:127.0.0.1(id=0):30976#bh64' (0): channel closed (reason=channel-manager-connected-timeout) because 'dir:127.0.0.1(id=0):30976' can't be reached, resetting security
server level=info t=222719 ev=gameplay stage=peer result=closed reason=12
server level=info t=222734 ev=gameplay stage=connect result=ok peer=2003 local=0x0000000D remote=0x00000032 rebuilt=0
server level=info t=222734 ev=gameplay stage=establish result=queued local=0x0000000D remote=0x00000032
client level=info t=223172 ev=nettick stage=sample latch=1 callbacks=22735
client level=warn t=223625 ev=vr.xr hand yaw=2.3653 r_valid=1 r_stale=0 r_fwd=-0.619,0.500,-0.606 r_up=-0.363,0.502,0.785 r_off=-0.062,0.023,-0.527 r_palm=0.008,-0.040,-0.493 l_valid=1 l_fwd=-0.130,0.939,0.319 l_off=-0.089,-0.150,-0.318 h_off=0.061,-0.233,-0.024
client level=warn t=223625 ev=vr.xr submit layers=1 result=0 fov=1.8850 aspect=0.9638
server level=info t=223766 ev=gameplay stage=message result=ok id=8 peerstage=5
server level=info t=223766 ev=gameplay stage=sendqueue result=cleared packet=1 base=4 entries=0
server level=info t=223844 ev=gameplay stage=message result=ok id=40 peerstage=5
server level=info t=223844 ev=gameplay stage=view result=queued remote=1 local=1 token=0x9EAA300100200001 list=0
server level=info t=223906 ev=gameplay stage=message result=ok id=40 peerstage=5
server level=info t=223906 ev=gameplay stage=view result=queued remote=2 local=2 token=0x9EAA300100200001 list=15
server level=info t=223906 ev=gameplay stage=sendqueue result=cleared packet=7 base=7 entries=0
server level=info t=223969 ev=gameplay stage=message result=ok id=40 peerstage=5
server level=info t=223969 ev=gameplay stage=view result=queued remote=3 local=3 token=0x9EAA300100200001 list=0
server level=info t=223969 ev=gameplay stage=message result=ok id=40 peerstage=5
server level=info t=223969 ev=gameplay stage=view result=queued remote=4 local=4 token=0x9EAA300100200001 list=0
server level=info t=223969 ev=gameplay stage=sendqueue result=cleared packet=8 base=8 entries=0
client level=warn t=224828 ev=vr.xr hand yaw=2.3653 r_valid=1 r_stale=0 r_fwd=-0.105,0.324,-0.940 r_up=-0.965,0.195,0.175 r_off=-0.422,-0.003,-0.701 r_palm=-0.383,-0.040,-0.617 l_valid=1 l_fwd=-0.700,0.714,0.019 l_off=-0.284,-0.263,-0.459 h_off=-0.241,-0.201,-0.126
server level=info t=225031 ev=ws701 stage=profile_setup result=complete
server level=info t=225031 ev=activity stage=writeback result=ok world_state=8
client level=warn t=225141 ev=vr.weapon callers path=getter D5D832:180 B363FA:540 B3598D:180 B40A78:0
client level=warn t=225141 ev=vr.weapon callers path=ptr D98F49:900 D7FB5C:109 DB8CB6:180 12B0A09:180 16E8861:180 D8F242:180 D8B348:180 D8B9B5:180 12B2284:28 D2F672:28 F4276C:4 D8492B:18 D7FF2C:6 CE3C40:0
client level=warn t=225141 ev=vr.weapon callers path=xform D5896F:180
client level=warn t=225156 ev=vr.probe pose in_pos=-165.94,394.87,72.13 in_fwd=-0.584,0.537,0.609 in_fov=1.4242 out_pos=-166.18,394.65,72.02 out_fwd=-0.533,0.477,-0.699 out_fov=1.8850
client level=info t=225172 ev=nettick stage=sample latch=1 callbacks=22835
client level=warn t=225234 ev=vr.body anchor=1.3922 head_yaw=1.0271 body_yaw=2.4142 error=0.0064 counts_per_rad=579 servo=1
client level=warn t=225234 ev=vr.pad stats injected=184 held=0 mouse=-5041,0 move=0.00,0.00 turn=0.00,0.00 trig=0.00,0.00 buttons=0x0
client level=warn t=226031 ev=vr.xr hand yaw=2.3653 r_valid=1 r_stale=0 r_fwd=-0.627,0.564,-0.538 r_up=-0.609,0.076,0.790 r_off=-0.588,0.001,-0.736 r_palm=-0.510,-0.055,-0.709 l_valid=1 l_fwd=-0.717,0.668,-0.199 l_off=-0.301,-0.288,-0.546 h_off=-0.358,-0.183,-0.216
client level=warn t=226031 ev=vr.xr pose fwd=-0.433,0.510,-0.743 off=-0.358,-0.183,-0.216 fov=1.8850 aspect=0.964
client level=info t=227172 ev=nettick stage=sample latch=1 callbacks=22933
client level=warn t=227266 ev=vr.xr hand yaw=2.0444 r_valid=1 r_stale=0 r_fwd=-0.889,0.458,-0.022 r_up=-0.129,-0.203,0.971 r_off=-0.323,0.015,-0.394 r_palm=-0.234,-0.022,-0.421 l_valid=1 l_fwd=-0.210,0.953,0.220 l_off=-0.245,-0.124,-0.348 h_off=-0.158,-0.209,0.006
client level=warn t=228516 ev=vr.xr hand yaw=1.1992 r_valid=1 r_stale=0 r_fwd=0.614,0.629,0.476 r_up=-0.431,-0.238,0.870 r_off=0.070,-0.237,-0.105 r_palm=0.025,-0.289,-0.176 l_valid=1 l_fwd=0.828,0.382,0.411 l_off=-0.145,-0.001,-0.295 h_off=-0.194,-0.223,0.047
client level=warn t=228844 ev=vr.weapon callers path=getter D5D832:180 B363FA:540 B3598D:180 B40A78:0
client level=warn t=228844 ev=vr.weapon callers path=ptr D98F49:900 D7FB5C:119 DB8CB6:180 12B0A09:180 16E8861:180 D8F242:180 D8B348:180 D8B9B5:180 12B2284:30 D2F672:30 F4276C:3 D8492B:21 D7FF2C:7 CE3C40:0
client level=warn t=228844 ev=vr.weapon callers path=xform D5896F:180
client level=warn t=228859 ev=vr.probe pose in_pos=-160.45,399.13,72.18 in_fwd=0.736,0.296,0.609 in_fov=1.4242 out_pos=-160.66,398.91,72.23 out_fwd=0.929,0.365,0.067 out_fov=1.8850
client level=warn t=228953 ev=vr.body anchor=0.2261 head_yaw=0.1263 body_yaw=0.3718 error=-0.0121 counts_per_rad=579 servo=1
client level=warn t=228953 ev=vr.pad stats injected=195 held=2 mouse=-3857,0 move=-0.64,0.77 turn=0.00,0.00 trig=0.00,0.00 buttons=0x0
client level=info t=229172 ev=nettick stage=sample latch=1 callbacks=23029
client level=warn t=229781 ev=vr.xr hand yaw=1.1992 r_valid=1 r_stale=0 r_fwd=0.367,0.846,0.387 r_up=-0.632,0.532,-0.563 r_off=0.297,-0.211,-0.021 r_palm=0.281,-0.307,-0.041 l_valid=1 l_fwd=0.830,0.356,0.430 l_off=-0.143,-0.002,-0.281 h_off=-0.211,-0.244,0.051
client level=warn t=229781 ev=vr.xr pose fwd=0.967,0.241,0.075 off=-0.211,-0.244,0.051 fov=1.8850 aspect=0.964
client level=warn t=229781 ev=vr.xr submit layers=1 result=0 fov=1.8850 aspect=0.9638
client level=warn t=231031 ev=vr.xr hand yaw=1.1992 r_valid=1 r_stale=0 r_fwd=0.823,-0.200,0.531 r_up=-0.566,-0.213,0.797 r_off=0.302,-0.536,0.170 r_palm=0.240,-0.510,0.096 l_valid=1 l_fwd=0.787,0.372,0.493 l_off=-0.153,-0.005,-0.300 h_off=-0.242,-0.253,0.063
client level=info t=231172 ev=nettick stage=sample latch=1 callbacks=23123
client level=info t=231813 ev=retail site=89 text=networking:channel_manager:connect: channel 'dir:127.0.0.1(id=0):30976#bh64' (0) closing (local 50) due to timeout:
client level=info t=231813 ev=retail site=90 text=networking:channel_manager:connect:   time since activity 982<active-send-timeout(2000), time since inactivity 8019>drop-min-active-time(8000), time since receive 7899>recv-timeout(4000))
client level=info t=231813 ev=retail site=76 text=networking:channel:packet_loss_stats: [dir:127.0.0.1(id=0):30976#bh64] Incoming packet read result summary - 8 ok, 0 discard, 0 discard-expected, 0 corrupt
client level=info t=231813 ev=retail site=77 text=networking:channel:packet_loss_stats: [dir:127.0.0.1(id=0):30976#bh64] Outgoing packet delivery summary - 3 delivered, 0 of those out-of-order, 0 lost - highest loss fraction seen 0.000
client level=info t=231813 ev=retail site=86 text=networking:channel: channel dir:127.0.0.1(id=0):30976#bh64(id '50') (ra: ''dir:127.0.0.1(id=0):30976'') state change connected -> closed
client level=info t=231813 ev=retail site=87 text=networking:channel_manager: channel 'dir:127.0.0.1(id=0):30976#bh64' (0): channel closed (reason=channel-manager-connected-timeout) because 'dir:127.0.0.1(id=0):30976' can't be reached, resetting security
server level=info t=231828 ev=gameplay stage=peer result=closed reason=12
server level=info t=231844 ev=gameplay stage=connect result=ok peer=2003 local=0x0000000E remote=0x00000037 rebuilt=0
server level=info t=231844 ev=gameplay stage=establish result=queued local=0x0000000E remote=0x00000037
client level=warn t=232313 ev=vr.xr hand yaw=1.1992 r_valid=1 r_stale=0 r_fwd=0.431,0.790,0.437 r_up=-0.355,-0.297,0.886 r_off=0.093,0.139,0.183 r_palm=0.063,0.073,0.115 l_valid=1 l_fwd=0.766,-0.033,0.642 l_off=-0.134,-0.132,-0.173 h_off=-0.225,-0.290,0.068
client level=warn t=232625 ev=vr.weapon callers path=getter D5D832:180 B363FA:540 B3598D:180 B40A78:0
client level=warn t=232625 ev=vr.weapon callers path=ptr D98F49:900 D7FB5C:115 DB8CB6:180 12B0A09:180 16E8861:180 D8F242:180 D8B348:180 D8B9B5:180 12B2284:30 D2F672:30 F4276C:4 D8492B:21 D7FF2C:7 CE3C40:0
client level=warn t=232625 ev=vr.weapon callers path=xform D5896F:180
client level=warn t=232641 ev=vr.probe pose in_pos=-152.88,403.97,72.19 in_fwd=0.314,0.728,0.609 in_fov=1.4242 out_pos=-153.09,403.68,72.24 out_fwd=0.385,0.920,0.070 out_fov=1.8850
client level=warn t=232750 ev=vr.body anchor=0.2261 head_yaw=0.8119 body_yaw=1.1373 error=-0.0822 counts_per_rad=579 servo=1
client level=warn t=232750 ev=vr.pad stats injected=199 held=1 mouse=-4286,0 move=0.18,0.98 turn=0.00,0.00 trig=0.00,0.00 buttons=0x0
server level=info t=232891 ev=gameplay stage=message result=ok id=8 peerstage=5
server level=info t=232891 ev=gameplay stage=sendqueue result=cleared packet=1 base=5 entries=0
server level=info t=232984 ev=gameplay stage=message result=ok id=40 peerstage=5
server level=info t=232984 ev=gameplay stage=view result=queued remote=1 local=1 token=0x9EAA300100200001 list=0
server level=info t=233047 ev=gameplay stage=message result=ok id=40 peerstage=5
server level=info t=233047 ev=gameplay stage=view result=queued remote=2 local=2 token=0x9EAA300100200001 list=15
server level=info t=233047 ev=gameplay stage=sendqueue result=cleared packet=7 base=7 entries=0
server level=info t=233109 ev=gameplay stage=message result=ok id=40 peerstage=5
server level=info t=233109 ev=gameplay stage=view result=queued remote=3 local=3 token=0x9EAA300100200001 list=0
server level=info t=233109 ev=gameplay stage=message result=ok id=40 peerstage=5
server level=info t=233109 ev=gameplay stage=view result=queued remote=4 local=4 token=0x9EAA300100200001 list=0
server level=info t=233109 ev=gameplay stage=sendqueue result=cleared packet=8 base=8 entries=0
client level=info t=233172 ev=nettick stage=sample latch=1 callbacks=23219
client level=warn t=233563 ev=vr.xr hand yaw=0.9261 r_valid=1 r_stale=0 r_fwd=0.944,0.230,0.235 r_up=-0.200,-0.163,0.966 r_off=0.211,-0.326,-0.007 r_palm=0.128,-0.343,-0.058 l_valid=1 l_fwd=0.778,-0.082,0.622 l_off=-0.154,-0.043,-0.228 h_off=-0.274,-0.218,0.045
client level=warn t=233563 ev=vr.xr pose fwd=0.980,-0.198,-0.010 off=-0.274,-0.218,0.045 fov=1.8850 aspect=0.964
client level=warn t=234813 ev=vr.xr hand yaw=0.3904 r_valid=1 r_stale=0 r_fwd=0.652,-0.722,0.231 r_up=-0.456,-0.130,0.881 r_off=-0.157,-0.579,-0.073 r_palm=-0.205,-0.506,-0.121 l_valid=1 l_fwd=0.671,-0.427,0.606 l_off=-0.148,0.039,-0.236 h_off=-0.342,-0.080,0.040
client level=info t=235172 ev=nettick stage=sample latch=1 callbacks=23315
client level=warn t=236047 ev=vr.xr hand yaw=0.1057 r_valid=1 r_stale=0 r_fwd=0.469,-0.874,0.128 r_up=-0.576,-0.193,0.794 r_off=-0.271,-0.502,-0.130 r_palm=-0.298,-0.414,-0.166 l_valid=1 l_fwd=0.469,-0.607,0.641 l_off=-0.133,0.085,-0.223 h_off=-0.358,0.005,0.032
client level=warn t=236063 ev=vr.xr submit layers=1 result=0 fov=1.8850 aspect=0.9638
client level=warn t=236375 ev=vr.weapon callers path=getter D5D832:180 B363FA:540 B3598D:180 B40A78:0
client level=warn t=236375 ev=vr.weapon callers path=ptr D98F49:900 D7FB5C:126 DB8CB6:180 12B0A09:180 16E8861:180 D8F242:180 D8B348:180 D8B9B5:180 12B2284:30 D2F672:30 F4276C:4 D8492B:21 D7FF2C:7 CE3C40:0
client level=warn t=236375 ev=vr.weapon callers path=xform D5896F:180
client level=warn t=236391 ev=vr.probe pose in_pos=-139.08,396.07,72.19 in_fwd=0.551,-0.571,0.609 in_fov=1.4242 out_pos=-139.41,395.98,72.21 out_fwd=0.739,-0.624,-0.253 out_fov=1.8850
client level=warn t=236500 ev=vr.body anchor=-0.6057 head_yaw=-0.0362 body_yaw=-0.6856 error=0.0421 counts_per_rad=579 servo=1
client level=warn t=236500 ev=vr.pad stats injected=202 held=2 mouse=-3255,0 move=0.29,0.96 turn=0.00,0.00 trig=0.00,0.00 buttons=0x0
client level=info t=237172 ev=nettick stage=sample latch=1 callbacks=23410
client level=warn t=237313 ev=vr.xr hand yaw=0.3674 r_valid=1 r_stale=0 r_fwd=0.897,-0.395,0.199 r_up=0.120,0.650,0.751 r_off=0.019,-0.394,-0.147 r_palm=-0.070,-0.376,-0.189 l_valid=1 l_fwd=0.673,-0.430,0.602 l_off=-0.130,0.065,-0.193 h_off=-0.328,-0.074,0.016
client level=warn t=237313 ev=vr.xr pose fwd=0.760,-0.570,-0.312 off=-0.328,-0.074,0.016 fov=1.8850 aspect=0.964
client level=warn t=238563 ev=vr.xr hand yaw=0.3674 r_valid=1 r_stale=0 r_fwd=0.629,-0.652,0.424 r_up=0.015,0.555,0.832 r_off=0.041,-0.533,-0.009 r_palm=-0.019,-0.488,-0.074 l_valid=1 l_fwd=0.516,-0.575,0.635 l_off=-0.102,-0.001,-0.203 h_off=-0.277,-0.056,0.038
client level=info t=239172 ev=nettick stage=sample latch=1 callbacks=23507
client level=warn t=239781 ev=vr.xr hand yaw=0.3674 r_valid=1 r_stale=0 r_fwd=0.302,-0.902,0.307 r_up=0.141,0.361,0.922 r_off=-0.225,-0.641,-0.017 r_palm=-0.258,-0.566,-0.074 l_valid=1 l_fwd=0.310,-0.737,0.601 l_off=-0.121,-0.053,-0.227 h_off=-0.268,-0.049,0.026
client level=info t=240000 ev=retail site=84 text=networking:bandwidth: min_channels: 0 max channels: 1 max bps: 76352 avg cong bps: -1 low cong bps: -1 hi cong bps: -1 lat avg: -1 lat hi avg: 0 lat avg var: -1 pct loss: 0.00 pct loss hi avg: [0.00].
client level=info t=240000 ev=retail site=85 text=networking:bandwidth: machine [3A:E0:C5:EA:6C:3B:ED09] longest reception gap [77ms] longest ack gap [103ms] pct loss [0.00] disc count [0] sps [1] rps [0] bh: [y].
client level=warn t=240109 ev=vr.weapon callers path=getter D5D832:180 B363FA:540 B3598D:180 B40A78:169
client level=warn t=240109 ev=vr.weapon callers path=ptr D98F49:900 D7FB5C:110 DB8CB6:180 12B0A09:180 16E8861:180 D8F242:180 D8B348:180 D8B9B5:180 12B2284:32 D2F672:32 F4276C:5 D8492B:18 D7FF2C:6 CE3C40:0
client level=warn t=240109 ev=vr.weapon callers path=xform D5896F:180
client level=warn t=240125 ev=vr.probe pose in_pos=-116.58,385.66,79.03 in_fwd=0.358,-0.708,0.609 in_fov=1.4242 out_pos=-116.83,385.63,79.06 out_fwd=0.582,-0.794,-0.178 out_fov=1.8850
client level=warn t=240219 ev=vr.body anchor=-0.6057 head_yaw=-0.0060 body_yaw=-0.8324 error=0.1785 counts_per_rad=579 servo=1
client level=warn t=240219 ev=vr.pad stats injected=208 held=2 mouse=-3196,0 move=-0.51,0.86 turn=0.00,0.00 trig=0.00,0.00 buttons=0x0
client level=info t=240938 ev=retail site=89 text=networking:channel_manager:connect: channel 'dir:127.0.0.1(id=0):30976#bh64' (0) closing (local 55) due to timeout:
client level=info t=240938 ev=retail site=90 text=networking:channel_manager:connect:   time since activity 812<active-send-timeout(2000), time since inactivity 8020>drop-min-active-time(8000), time since receive 7872>recv-timeout(4000))
client level=info t=240938 ev=retail site=76 text=networking:channel:packet_loss_stats: [dir:127.0.0.1(id=0):30976#bh64] Incoming packet read result summary - 8 ok, 0 discard, 0 discard-expected, 0 corrupt
client level=info t=240938 ev=retail site=77 text=networking:channel:packet_loss_stats: [dir:127.0.0.1(id=0):30976#bh64] Outgoing packet delivery summary - 3 delivered, 0 of those out-of-order, 0 lost - highest loss fraction seen 0.000
client level=info t=240938 ev=retail site=86 text=networking:channel: channel dir:127.0.0.1(id=0):30976#bh64(id '55') (ra: ''dir:127.0.0.1(id=0):30976'') state change connected -> closed
client level=info t=240938 ev=retail site=87 text=networking:channel_manager: channel 'dir:127.0.0.1(id=0):30976#bh64' (0): channel closed (reason=channel-manager-connected-timeout) because 'dir:127.0.0.1(id=0):30976' can't be reached, resetting security
server level=info t=240953 ev=gameplay stage=peer result=closed reason=12
server level=info t=240969 ev=gameplay stage=connect result=ok peer=2003 local=0x0000000F remote=0x00000038 rebuilt=0
server level=info t=240969 ev=gameplay stage=establish result=queued local=0x0000000F remote=0x00000038
client level=warn t=241031 ev=vr.xr hand yaw=0.3674 r_valid=1 r_stale=0 r_fwd=0.971,-0.215,-0.103 r_up=0.147,0.200,0.969 r_off=0.169,-0.353,-0.069 r_palm=0.072,-0.338,-0.089 l_valid=1 l_fwd=0.589,-0.596,0.546 l_off=-0.147,0.012,-0.208 h_off=-0.270,-0.047,0.014
client level=warn t=241031 ev=vr.xr pose fwd=0.897,-0.228,-0.379 off=-0.270,-0.047,0.014 fov=1.8850 aspect=0.964
client level=info t=241172 ev=nettick stage=sample latch=1 callbacks=23604
client level=info t=241266 ev=retail site=76 text=networking:channel:packet_loss_stats: [dir:127.0.0.1(id=0):30976#bh64] Incoming packet read result summary - 2 ok, 0 discard, 0 discard-expected, 0 corrupt
client level=info t=241266 ev=retail site=77 text=networking:channel:packet_loss_stats: [dir:127.0.0.1(id=0):30976#bh64] Outgoing packet delivery summary - 0 delivered, 0 of those out-of-order, 0 lost - highest loss fraction seen 0.000
client level=info t=241266 ev=retail site=78 text=networking:stream_manager:retail: # 0 rx 0.5/rxbps 0.4kb tx 0.5/txbps 7.0kb cx 0.0pkts/ 0.0cxkbps lat=  0avg,   0cg to=9999 aloc 0.0kb max 0.0kbps, loss=100.00pct loss dev 0.00pct rel=N, name=                            bh64
client level=info t=241266 ev=retail site=79 text=networking:stream_manager:retail: Local peer network quality = 1.000000/1.0, worst_axis = -1
server level=info t=242016 ev=gameplay stage=message result=ok id=8 peerstage=5
server level=info t=242016 ev=gameplay stage=sendqueue result=cleared packet=1 base=5 entries=0
server level=info t=242078 ev=gameplay stage=message result=ok id=40 peerstage=5
server level=info t=242078 ev=gameplay stage=view result=queued remote=1 local=1 token=0x9EAA300100200001 list=0
server level=info t=242156 ev=gameplay stage=message result=ok id=40 peerstage=5
server level=info t=242156 ev=gameplay stage=view result=queued remote=2 local=2 token=0x9EAA300100200001 list=15
server level=info t=242156 ev=gameplay stage=sendqueue result=cleared packet=7 base=7 entries=0
server level=info t=242219 ev=gameplay stage=message result=ok id=40 peerstage=5
server level=info t=242219 ev=gameplay stage=view result=queued remote=3 local=3 token=0x9EAA300100200001 list=0
server level=info t=242219 ev=gameplay stage=message result=ok id=40 peerstage=5
server level=info t=242219 ev=gameplay stage=view result=queued remote=4 local=4 token=0x9EAA300100200001 list=0
server level=info t=242219 ev=gameplay stage=sendqueue result=cleared packet=8 base=8 entries=0
client level=warn t=242281 ev=vr.xr hand yaw=0.3674 r_valid=1 r_stale=0 r_fwd=-0.000,-0.789,0.615 r_up=-0.191,0.604,0.774 r_off=-0.051,-0.598,0.084 r_palm=-0.045,-0.541,0.003 l_valid=1 l_fwd=0.520,-0.609,0.599 l_off=-0.135,0.006,-0.213 h_off=-0.323,-0.044,0.070
client level=warn t=242281 ev=vr.xr submit layers=1 result=0 fov=1.8850 aspect=0.9638
client level=info t=243172 ev=nettick stage=sample latch=1 callbacks=23701
client level=warn t=243516 ev=vr.xr hand yaw=0.3674 r_valid=1 r_stale=0 r_fwd=0.506,-0.775,0.379 r_up=-0.031,0.423,0.906 r_off=-0.043,-0.540,-0.040 r_palm=-0.090,-0.479,-0.103 l_valid=1 l_fwd=0.578,-0.560,0.594 l_off=-0.135,0.039,-0.238 h_off=-0.318,-0.015,0.051
client level=warn t=243844 ev=vr.weapon callers path=getter D5D832:180 B363FA:540 B3598D:180 B40A78:102
client level=warn t=243844 ev=vr.weapon callers path=ptr D98F49:900 D7FB5C:118 DB8CB6:180 12B0A09:180 16E8861:180 D8F242:180 D8B348:180 D8B9B5:180 12B2284:36 D2F672:35 F4276C:3 D8492B:18 D7FF2C:6 CE3C40:1
client level=warn t=243844 ev=vr.weapon callers path=xform D5896F:180
client level=warn t=243859 ev=vr.probe pose in_pos=-94.17,378.11,59.10 in_fwd=0.347,-0.650,0.676 in_fov=1.4242 out_pos=-94.48,378.08,59.15 out_fwd=0.480,-0.875,0.055 out_fov=1.8850
client level=warn t=243938 ev=vr.body anchor=-0.6057 head_yaw=-0.4347 body_yaw=-1.0594 error=0.0160 counts_per_rad=698 servo=1
client level=warn t=243938 ev=vr.pad stats injected=212 held=2 mouse=-2988,0 move=-0.42,0.91 turn=0.00,0.00 trig=0.00,0.00 buttons=0x0
client level=warn t=244750 ev=vr.xr hand yaw=0.3674 r_valid=1 r_stale=0 r_fwd=0.774,-0.559,0.298 r_up=-0.482,-0.214,0.850 r_off=-0.029,-0.579,-0.026 r_palm=-0.088,-0.520,-0.080 l_valid=1 l_fwd=0.605,-0.566,0.560 l_off=-0.127,0.031,-0.233 h_off=-0.302,-0.042,0.043
client level=warn t=244750 ev=vr.xr pose fwd=0.586,-0.807,-0.067 off=-0.302,-0.042,0.043 fov=1.8850 aspect=0.964
client level=info t=245172 ev=nettick stage=sample latch=1 callbacks=23798
client level=info t=245469 ev=retail site=47 text=world_controller:slice_set_transition_manager: Starting a new transition of type 'transitioning:normal_z_leg' to 'PRV40.40 (HASH: 0xc65a2a44)'; token advanced to 003
client level=info t=245547 ev=probe stage=msg12 result=received client=0x22D3A64F980 slot=0 label=PRIVATE CURRENT member=0x35F900ECFC25A1B0 status=0x01FE->0x01FE flag=1
client level=info t=245547 ev=probe stage=bind client=0x22D3A64F980 established=0x9EAA300100200001 slotrec=0x22D21B2D9A0 roster=0x22DDA0DBC80 receipt=1
client level=info t=245547 ev=probe stage=hosttail client=0x22D3A64F980 b=00000000000000000000000000000000000000000000000000000000000000000000000000000000FFFFFFFF00000000
client level=info t=245547 ev=probe stage=grant client=0x22D3A64F980 status=0x01FE pending=0 dirty=0 receipt=1
client level=info t=245563 ev=retail site=76 text=networking:channel:packet_loss_stats: [dir:127.0.0.1(id=0):30976#bh64] Incoming packet read result summary - 6 ok, 0 discard, 0 discard-expected, 0 corrupt
client level=info t=245563 ev=retail site=77 text=networking:channel:packet_loss_stats: [dir:127.0.0.1(id=0):30976#bh64] Outgoing packet delivery summary - 3 delivered, 0 of those out-of-order, 0 lost - highest loss fraction seen 0.000
client level=info t=245563 ev=retail site=86 text=networking:channel: channel dir:127.0.0.1(id=0):30976#bh64(id '56') (ra: ''dir:127.0.0.1(id=0):30976'') state change connected -> closed
client level=info t=245563 ev=retail site=87 text=networking:channel_manager: channel 'dir:127.0.0.1(id=0):30976#bh64' (0): channel closed (reason=channel-manager-owners-released) because 'dir:127.0.0.1(id=0):30976' can't be reached, resetting security
server level=info t=245563 ev=gameplay stage=peer result=closed reason=10
server level=info t=245563 ev=gameplay stage=response result=ok wordb=4 signon=0
client level=info t=245578 ev=retail site=88 text=world_controller:slice_set_transition_manager: Region 'PRV40.40 (HASH: 0xc65a2a44)' -- PAH assigned ambassadorship to us.
server level=info t=245594 ev=gameplay stage=connect result=ok peer=2003 local=0x00000010 remote=0x0000003C rebuilt=0
server level=info t=245594 ev=gameplay stage=establish result=queued local=0x00000010 remote=0x0000003C
client level=warn t=246047 ev=vr.xr hand yaw=-0.1457 r_valid=1 r_stale=0 r_fwd=0.324,-0.904,0.281 r_up=-0.149,0.244,0.958 r_off=-0.252,-0.460,-0.044 r_palm=-0.279,-0.381,-0.100 l_valid=1 l_fwd=0.358,-0.749,0.558 l_off=-0.085,0.093,-0.241 h_off=-0.273,0.122,0.049
server level=info t=246625 ev=gameplay stage=message result=ok id=8 peerstage=5
server level=info t=246625 ev=gameplay stage=sendqueue result=cleared packet=1 base=5 entries=0
server level=info t=246719 ev=gameplay stage=message result=ok id=40 peerstage=5
server level=info t=246719 ev=gameplay stage=view result=queued remote=1 local=1 token=0x9EAA300100200001 list=0
server level=info t=246797 ev=gameplay stage=message result=ok id=40 peerstage=5
server level=info t=246797 ev=gameplay stage=view result=queued remote=2 local=2 token=0x9EAA300100200001 list=15
server level=info t=246797 ev=gameplay stage=sendqueue result=cleared packet=7 base=7 entries=0
server level=info t=246828 ev=gameplay stage=message result=ok id=40 peerstage=5
server level=info t=246828 ev=gameplay stage=view result=queued remote=3 local=3 token=0x9EAA300100200001 list=0
server level=info t=246828 ev=gameplay stage=message result=ok id=40 peerstage=5
server level=info t=246828 ev=gameplay stage=view result=queued remote=4 local=4 token=0x9EAA300100200001 list=0
server level=info t=246844 ev=gameplay stage=sendqueue result=cleared packet=8 base=8 entries=0
client level=info t=247172 ev=nettick stage=sample latch=1 callbacks=23890
client level=warn t=247313 ev=vr.xr hand yaw=-0.1457 r_valid=1 r_stale=0 r_fwd=-0.247,-0.896,0.368 r_up=0.060,0.365,0.929 r_off=-0.469,-0.481,0.002 r_palm=-0.447,-0.407,-0.061 l_valid=1 l_fwd=0.249,-0.838,0.485 l_off=-0.124,0.064,-0.257 h_off=-0.314,0.113,0.040
client level=info t=247547 ev=probe stage=hosttail client=0x22D3A64F980 b=00000000000000000000000000000000000000000000000000000000000000000000000000000000FFFFFFFF00000000
client level=info t=247547 ev=probe stage=grant client=0x22D3A64F980 status=0x01FE pending=0 dirty=0 receipt=1
client level=warn t=247641 ev=vr.weapon callers path=getter D5D832:180 B363FA:540 B3598D:180 B40A78:34
client level=warn t=247641 ev=vr.weapon callers path=ptr D98F49:900 D7FB5C:78 DB8CB6:180 12B0A09:180 16E8861:180 D8F242:180 D8B348:180 D8B9B5:180 12B2284:32 D2F672:32 F4276C:3 D8492B:17 D7FF2C:5 CE3C40:0
client level=warn t=247641 ev=vr.weapon callers path=xform D5896F:180
client level=warn t=247656 ev=vr.probe pose in_pos=-84.51,366.64,63.31 in_fwd=-0.106,-0.707,0.699 in_fov=1.4242 out_pos=-84.82,366.75,63.35 out_fwd=-0.142,-0.987,-0.073 out_fov=1.8850
client level=warn t=247750 ev=vr.body anchor=-1.1187 head_yaw=-0.6248 body_yaw=-1.7201 error=-0.0138 counts_per_rad=578 servo=1
client level=warn t=247750 ev=vr.pad stats injected=226 held=0 mouse=-2601,0 move=0.06,0.08 turn=0.00,0.00 trig=0.00,0.00 buttons=0x0
client level=warn t=248563 ev=vr.xr hand yaw=-0.1652 r_valid=1 r_stale=0 r_fwd=-0.086,-0.981,0.177 r_up=-0.056,0.182,0.982 r_off=-0.452,-0.482,-0.088 r_palm=-0.442,-0.394,-0.134 l_valid=1 l_fwd=0.292,-0.842,0.453 l_off=-0.127,0.056,-0.261 h_off=-0.326,0.089,0.020
client level=warn t=248563 ev=vr.xr pose fwd=-0.235,-0.943,-0.234 off=-0.326,0.089,0.020 fov=1.8850 aspect=0.964
client level=warn t=248563 ev=vr.xr submit layers=1 result=0 fov=1.8850 aspect=0.9638
client level=info t=249172 ev=nettick stage=sample latch=1 callbacks=23988
client level=info t=249484 ev=retail site=48 text=world_controller:slice_set_transition_manager: Stopping transition of type 'transitioning:normal_z_leg' due to completed
client level=info t=249547 ev=retail site=47 text=world_controller:slice_set_transition_manager: Starting a new transition of type 'transitioning:normal_z_leg' to 'PRV40.40 (HASH: 0xc65a2a44)'; token advanced to 004
client level=info t=249547 ev=probe stage=hosttail client=0x22D3A64F980 b=00000000000000000000000000000000000000000000000000000000000000000000000000000000FFFFFFFF00000000
client level=info t=249547 ev=probe stage=grant client=0x22D3A64F980 status=0x01FE pending=0 dirty=0 receipt=1
client level=info t=249563 ev=probe stage=msg12 result=received client=0x22D3A64F980 slot=0 label=PRIVATE CURRENT member=0x35F900ECFC25A1B0 status=0x01FE->0x01FE flag=1
client level=info t=249563 ev=probe stage=bind client=0x22D3A64F980 established=0x9EAA300100200001 slotrec=0x22D21B2D9A0 roster=0x22DDA0DBC80 receipt=1
client level=info t=249563 ev=retail site=76 text=networking:channel:packet_loss_stats: [dir:127.0.0.1(id=0):30992#bh64] Incoming packet read result summary - 8 ok, 0 discard, 0 discard-expected, 0 corrupt
client level=info t=249563 ev=retail site=77 text=networking:channel:packet_loss_stats: [dir:127.0.0.1(id=0):30992#bh64] Outgoing packet delivery summary - 3 delivered, 0 of those out-of-order, 0 lost - highest loss fraction seen 0.000
client level=info t=249563 ev=retail site=86 text=networking:channel: channel dir:127.0.0.1(id=0):30992#bh64(id '60') (ra: ''dir:127.0.0.1(id=0):30992'') state change connected -> closed
client level=info t=249563 ev=retail site=87 text=networking:channel_manager: channel 'dir:127.0.0.1(id=0):30992#bh64' (1): channel closed (reason=channel-manager-owners-released) because 'dir:127.0.0.1(id=0):30992' can't be reached, resetting security
server level=info t=249578 ev=gameplay stage=peer result=closed reason=10
client level=info t=249625 ev=probe stage=msg12 result=received client=0x22D3A64F980 slot=0 label=PRIVATE CURRENT member=0x35F900ECFC25A1B0 status=0x01FE->0x01FE flag=1
client level=info t=249625 ev=probe stage=bind client=0x22D3A64F980 established=0x9EAA300100200001 slotrec=0x22D21B2D9A0 roster=0x22DDA0DBC80 receipt=1
client level=info t=249625 ev=retail site=91 text=networking:channel_manager: channel 'dir:127.0.0.1(id=0):30976' ('#0'): 'dir:127.0.0.1(id=0):30976' failed to connect and is now dead, state transitioning from securing2 to waiting1 to wait for 10000 ms
client level=info t=249641 ev=retail site=88 text=world_controller:slice_set_transition_manager: Region 'PRV40.40 (HASH: 0xc65a2a44)' -- PAH assigned ambassadorship to us.
client level=warn t=249781 ev=vr.xr hand yaw=-0.1652 r_valid=1 r_stale=0 r_fwd=0.251,-0.949,0.193 r_up=-0.241,0.132,0.962 r_off=-0.303,-0.489,-0.038 r_palm=-0.319,-0.403,-0.086 l_valid=1 l_fwd=0.345,-0.795,0.499 l_off=-0.109,0.083,-0.253 h_off=-0.313,0.100,0.029
client level=warn t=251016 ev=vr.xr hand yaw=-0.6673 r_valid=1 r_stale=0 r_fwd=-0.502,-0.841,0.200 r_up=-0.098,0.285,0.954 r_off=-0.704,-0.152,-0.102 r_palm=-0.654,-0.081,-0.150 l_valid=1 l_fwd=-0.249,-0.849,0.466 l_off=-0.103,0.093,-0.257 h_off=-0.270,0.260,0.055
client level=info t=251172 ev=nettick stage=sample latch=1 callbacks=24086
client level=warn t=251313 ev=vr.weapon callers path=getter D5D832:180 B363FA:540 B3598D:180 B40A78:41
client level=warn t=251313 ev=vr.weapon callers path=ptr D98F49:900 D7FB5C:112 DB8CB6:180 12B0A09:180 16E8861:180 D8F242:180 D8B348:180 D8B9B5:180 12B2284:31 D2F672:31 F4276C:0 D8492B:24 D7FF2C:6 CE3C40:0
client level=warn t=251313 ev=vr.weapon callers path=xform D5896F:180
client level=warn t=251328 ev=vr.probe pose in_pos=-97.48,346.52,63.57 in_fwd=-0.675,-0.215,0.706 in_fov=1.4242 out_pos=-97.66,346.82,63.63 out_fwd=-0.918,-0.343,0.199 out_fov=1.8850
client level=warn t=251438 ev=vr.body anchor=-1.8564 head_yaw=-0.7650 body_yaw=-2.7171 error=0.0855 counts_per_rad=579 servo=1
client level=warn t=251438 ev=vr.pad stats injected=234 held=1 mouse=-2043,0 move=0.20,0.98 turn=0.00,0.00 trig=0.00,0.00 buttons=0x0
client level=info t=251547 ev=probe stage=hosttail client=0x22D3A64F980 b=00000000000000000000000000000000000000000000000000000000000000000000000000000000FFFFFFFF00000000
client level=info t=251547 ev=probe stage=grant client=0x22D3A64F980 status=0x01FE pending=0 dirty=0 receipt=1
client level=info t=251688 ev=probe stage=msg12 result=received client=0x22D3A64F980 slot=0 label=PRIVATE CURRENT member=0x35F900ECFC25A1B0 status=0x01FE->0x01FE flag=1
client level=info t=251688 ev=probe stage=bind client=0x22D3A64F980 established=0x9EAA300100200001 slotrec=0x22D21B2D9A0 roster=0x22DDA0DBC80 receipt=1
client level=warn t=252203 ev=vr.xr hand yaw=-0.8834 r_valid=1 r_stale=0 r_fwd=-0.786,-0.593,0.174 r_up=0.016,0.263,0.965 r_off=-0.728,-0.070,0.059 r_palm=-0.654,-0.022,0.013 l_valid=1 l_fwd=-0.321,-0.725,0.610 l_off=-0.053,0.149,-0.241 h_off=-0.184,0.328,0.060
client level=warn t=252203 ev=vr.xr pose fwd=-0.799,-0.580,0.161 off=-0.184,0.328,0.060 fov=1.8850 aspect=0.964
client level=info t=253172 ev=nettick stage=sample latch=1 callbacks=24185
client level=warn t=253422 ev=vr.xr hand yaw=-0.8834 r_valid=1 r_stale=0 r_fwd=-0.351,-0.861,0.369 r_up=0.728,-0.003,0.686 r_off=-0.538,-0.188,0.002 r_palm=-0.526,-0.106,-0.053 l_valid=1 l_fwd=-0.293,-0.771,0.566 l_off=-0.045,0.142,-0.253 h_off=-0.175,0.278,0.029
client level=info t=253547 ev=probe stage=hosttail client=0x22D3A64F980 b=00000000000000000000000000000000000000000000000000000000000000000000000000000000FFFFFFFF00000000
client level=info t=253547 ev=probe stage=grant client=0x22D3A64F980 status=0x01FE pending=0 dirty=0 receipt=1
client level=info t=253734 ev=retail site=48 text=world_controller:slice_set_transition_manager: Stopping transition of type 'transitioning:normal_z_leg' due to completed
client level=info t=253813 ev=probe stage=msg12 result=received client=0x22D3A64F980 slot=0 label=PRIVATE CURRENT member=0x35F900ECFC25A1B0 status=0x01FE->0x01FE flag=1
client level=info t=253813 ev=probe stage=bind client=0x22D3A64F980 established=0x9EAA300100200001 slotrec=0x22D21B2D9A0 roster=0x22DDA0DBC80 receipt=1
client level=info t=253813 ev=retail site=91 text=networking:channel_manager: channel 'dir:127.0.0.1(id=0):30992' ('#1'): 'dir:127.0.0.1(id=0):30992' failed to connect and is now dead, state transitioning from securing2 to waiting1 to wait for 10000 ms
client level=warn t=254641 ev=vr.xr hand yaw=-0.8834 r_valid=1 r_stale=0 r_fwd=-0.432,-0.322,0.843 r_up=0.890,-0.303,0.340 r_off=-0.611,-0.155,0.050 r_palm=-0.596,-0.115,-0.040 l_valid=1 l_fwd=-0.291,-0.787,0.545 l_off=-0.044,0.137,-0.260 h_off=-0.175,0.270,0.035
client level=warn t=254641 ev=vr.xr submit layers=1 result=0 fov=1.8850 aspect=0.9638
client level=warn t=254953 ev=vr.weapon callers path=getter D5D832:180 B363FA:540 B3598D:180 B40A78:0
client level=warn t=254953 ev=vr.weapon callers path=ptr D98F49:900 D7FB5C:106 DB8CB6:180 12B0A09:180 16E8861:180 D8F242:180 D8B348:180 D8B9B5:180 12B2284:31 D2F672:31 F4276C:1 D8492B:24 D7FF2C:6 CE3C40:0
client level=warn t=254953 ev=vr.weapon callers path=xform D5896F:180
client level=warn t=254969 ev=vr.probe pose in_pos=-115.89,328.12,56.68 in_fwd=-0.563,-0.430,0.706 in_fov=1.5982 out_pos=-116.06,328.41,56.73 out_fwd=-0.799,-0.601,-0.004 out_fov=1.8850
client level=warn t=255063 ev=vr.body anchor=-1.8564 head_yaw=-0.6331 body_yaw=-2.4892 error=-0.0009 counts_per_rad=579 servo=1
client level=warn t=255063 ev=vr.pad stats injected=239 held=2 mouse=-2158,0 move=-0.51,0.86 turn=0.00,0.00 trig=0.00,0.00 buttons=0x0
server level=info t=255094 ev=ws701 stage=profile_setup result=complete
server level=info t=255094 ev=activity stage=writeback result=ok world_state=8
client level=info t=255172 ev=nettick stage=sample latch=1 callbacks=24284
client level=info t=255547 ev=probe stage=hosttail client=0x22D3A64F980 b=00000000000000000000000000000000000000000000000000000000000000000000000000000000FFFFFFFF00000000
client level=info t=255547 ev=probe stage=grant client=0x22D3A64F980 status=0x01FE pending=0 dirty=0 receipt=1
server level=info t=255563 ev=gameplay stage=association result=timeout
client level=warn t=255844 ev=vr.xr hand yaw=-0.8834 r_valid=1 r_stale=0 r_fwd=-0.365,-0.363,0.857 r_up=0.928,-0.217,0.303 r_off=-0.579,-0.132,0.135 r_palm=-0.572,-0.091,0.045 l_valid=1 l_fwd=-0.265,-0.757,0.598 l_off=-0.030,0.148,-0.252 h_off=-0.164,0.337,0.064
client level=warn t=255844 ev=vr.xr pose fwd=-0.789,-0.570,0.227 off=-0.164,0.337,0.064 fov=1.8850 aspect=0.964
server level=info t=255844 ev=gameplay stage=response result=ok wordb=7 signon=0
client level=info t=255859 ev=probe stage=msg12 result=received client=0x22D3A64F980 slot=0 label=PRIVATE CURRENT member=0x35F900ECFC25A1B0 status=0x01FE->0x01FE flag=1
client level=info t=255859 ev=probe stage=bind client=0x22D3A64F980 established=0x9EAA300100200001 slotrec=0x22D21B2D9A0 roster=0x22DDA0DBC80 receipt=1
server level=info t=255891 ev=gameplay stage=connect result=ok peer=2003 local=0x00000011 remote=0x00000040 rebuilt=0
server level=info t=255891 ev=gameplay stage=establish result=queued local=0x00000011 remote=0x00000040
server level=info t=256922 ev=gameplay stage=message result=ok id=8 peerstage=5
server level=info t=256922 ev=gameplay stage=sendqueue result=cleared packet=1 base=5 entries=0
server level=info t=257000 ev=gameplay stage=message result=ok id=40 peerstage=5
server level=info t=257000 ev=gameplay stage=view result=queued remote=1 local=1 token=0x9EAA300100200001 list=0
server level=info t=257078 ev=gameplay stage=message result=ok id=40 peerstage=5
server level=info t=257078 ev=gameplay stage=view result=queued remote=2 local=2 token=0x9EAA300100200001 list=15
server level=info t=257078 ev=gameplay stage=sendqueue result=cleared packet=7 base=7 entries=0
client level=warn t=257078 ev=vr.xr hand yaw=-0.8834 r_valid=1 r_stale=0 r_fwd=0.061,-0.991,0.116 r_up=0.156,0.124,0.980 r_off=-0.356,-0.246,0.046 r_palm=-0.366,-0.156,0.006 l_valid=1 l_fwd=-0.323,-0.713,0.622 l_off=-0.055,0.162,-0.225 h_off=-0.168,0.302,0.041
server level=info t=257141 ev=gameplay stage=message result=ok id=40 peerstage=5
server level=info t=257141 ev=gameplay stage=view result=queued remote=3 local=3 token=0x9EAA300100200001 list=0
server level=info t=257141 ev=gameplay stage=message result=ok id=40 peerstage=5
server level=info t=257141 ev=gameplay stage=view result=queued remote=4 local=4 token=0x9EAA300100200001 list=0
server level=info t=257141 ev=gameplay stage=sendqueue result=cleared packet=8 base=8 entries=0
client level=info t=257172 ev=nettick stage=sample latch=1 callbacks=24382
client level=info t=257563 ev=probe stage=hosttail client=0x22D3A64F980 b=00000000000000000000000000000000000000000000000000000000000000000000000000000000FFFFFFFF00000000
client level=info t=257563 ev=probe stage=grant client=0x22D3A64F980 status=0x01FE pending=0 dirty=0 receipt=1
client level=warn t=258297 ev=vr.xr hand yaw=-0.8834 r_valid=1 r_stale=0 r_fwd=-0.920,-0.337,0.199 r_up=0.183,0.079,0.980 r_off=-0.773,-0.075,0.057 r_palm=-0.691,-0.046,0.009 l_valid=1 l_fwd=-0.342,-0.678,0.650 l_off=-0.052,0.175,-0.215 h_off=-0.228,0.371,0.049
client level=warn t=258609 ev=vr.weapon callers path=getter D5D832:180 B363FA:540 B3598D:180 B40A78:34
client level=warn t=258609 ev=vr.weapon callers path=ptr D98F49:900 D7FB5C:122 DB8CB6:180 12B0A09:180 16E8861:180 D8F242:180 D8B348:180 D8B9B5:180 12B2284:45 D2F672:45 F4276C:0 D8492B:24 D7FF2C:6 CE3C40:17
client level=warn t=258609 ev=vr.weapon callers path=xform D5896F:180
client level=warn t=258625 ev=vr.probe pose in_pos=-133.77,317.37,56.70 in_fwd=-0.566,-0.398,0.722 in_fov=1.4242 out_pos=-133.98,317.73,56.75 out_fwd=-0.809,-0.586,0.035 out_fov=1.8850
client level=warn t=258703 ev=vr.body anchor=-1.8564 head_yaw=-0.5057 body_yaw=-2.4587 error=0.0751 counts_per_rad=590 servo=1
client level=warn t=258703 ev=vr.pad stats injected=261 held=1 mouse=-2195,0 move=0.14,0.99 turn=0.00,0.00 trig=0.00,0.58 buttons=0x0
client level=info t=259172 ev=nettick stage=sample latch=1 callbacks=24480
client level=warn t=259531 ev=vr.xr hand yaw=-1.3601 r_valid=1 r_stale=0 r_fwd=-0.977,0.179,0.120 r_up=0.079,-0.223,0.972 r_off=-0.673,0.506,-0.010 r_palm=-0.582,0.495,-0.051 l_valid=1 l_fwd=-0.676,-0.335,0.656 l_off=0.018,0.168,-0.249 h_off=0.021,0.369,0.039
client level=warn t=259531 ev=vr.xr pose fwd=-0.979,0.203,0.037 off=0.021,0.369,0.039 fov=1.8850 aspect=0.964
client level=info t=259563 ev=probe stage=hosttail client=0x22D3A64F980 b=00000000000000000000000000000000000000000000000000000000000000000000000000000000FFFFFFFF00000000
client level=info t=259563 ev=probe stage=grant client=0x22D3A64F980 status=0x01FE pending=0 dirty=0 receipt=1
server level=info t=259594 ev=gameplay stage=association result=timeout
client level=warn t=260813 ev=vr.xr hand yaw=-1.7250 r_valid=1 r_stale=0 r_fwd=-0.757,0.652,0.038 r_up=-0.652,-0.750,-0.111 r_off=-0.445,0.792,-0.134 r_palm=-0.354,0.752,-0.135 l_valid=1 l_fwd=-0.829,0.126,0.545 l_off=-0.013,0.203,-0.298 h_off=0.007,0.262,-0.003
client level=warn t=260813 ev=vr.xr submit layers=1 result=0 fov=1.8850 aspect=0.9638
client level=info t=261172 ev=nettick stage=sample latch=1 callbacks=24574
client level=info t=261563 ev=probe stage=hosttail client=0x22D3A64F980 b=00000000000000000000000000000000000000000000000000000000000000000000000000000000FFFFFFFF00000000
client level=info t=261563 ev=probe stage=grant client=0x22D3A64F980 status=0x01FE pending=0 dirty=0 receipt=1
client level=warn t=262063 ev=vr.xr hand yaw=-1.7250 r_valid=1 r_stale=0 r_fwd=-0.878,0.422,0.226 r_up=0.197,-0.110,0.974 r_off=-0.451,0.725,-0.030 r_palm=-0.374,0.688,-0.081 l_valid=1 l_fwd=-0.818,0.138,0.559 l_off=0.023,0.210,-0.276 h_off=0.073,0.316,0.023
client level=warn t=262391 ev=vr.weapon callers path=getter D5D832:180 B363FA:540 B3598D:180 B40A78:22
client level=warn t=262391 ev=vr.weapon callers path=ptr D98F49:900 D7FB5C:100 DB8CB6:180 12B0A09:180 16E8861:180 D8F242:180 D8B348:180 D8B9B5:180 12B2284:41 D2F672:41 F4276C:0 D8492B:24 D7FF2C:6 CE3C40:11
client level=warn t=262391 ev=vr.weapon callers path=xform D5896F:180
client level=warn t=262406 ev=vr.probe pose in_pos=-143.24,319.66,56.69 in_fwd=-0.708,0.017,0.706 in_fov=1.4242 out_pos=-143.26,320.00,56.73 out_fwd=-0.996,-0.093,0.002 out_fov=1.8850
client level=warn t=262484 ev=vr.body anchor=-2.0540 head_yaw=-0.7195 body_yaw=-2.9182 error=0.1166 counts_per_rad=579 servo=1
client level=warn t=262484 ev=vr.pad stats injected=304 held=0 mouse=-1932,0 move=0.00,0.00 turn=-0.89,0.41 trig=0.00,0.00 buttons=0x0
client level=info t=263172 ev=nettick stage=sample latch=1 callbacks=24672
client level=warn t=263281 ev=vr.xr hand yaw=-1.3096 r_valid=1 r_stale=0 r_fwd=-0.917,0.397,0.041 r_up=-0.328,-0.808,0.490 r_off=-0.682,0.667,-0.102 r_palm=-0.585,0.653,-0.120 l_valid=1 l_fwd=-0.927,-0.023,0.373 l_off=-0.104,0.226,-0.308 h_off=-0.099,0.295,0.011
client level=warn t=263281 ev=vr.xr pose fwd=-0.888,0.458,-0.033 off=-0.099,0.295,0.011 fov=1.8850 aspect=0.964
client level=info t=263563 ev=probe stage=hosttail client=0x22D3A64F980 b=00000000000000000000000000000000000000000000000000000000000000000000000000000000FFFFFFFF00000000
client level=info t=263563 ev=probe stage=grant client=0x22D3A64F980 status=0x01FE pending=0 dirty=0 receipt=1
client level=warn t=264500 ev=vr.xr hand yaw=-1.5344 r_valid=1 r_stale=0 r_fwd=-0.869,0.475,0.135 r_up=-0.058,-0.369,0.928 r_off=-0.501,0.792,-0.044 r_palm=-0.417,0.758,-0.084 l_valid=1 l_fwd=-0.924,0.171,0.343 l_off=-0.075,0.251,-0.303 h_off=-0.002,0.360,0.028
client level=info t=264969 ev=retail site=89 text=networking:channel_manager:connect: channel 'dir:127.0.0.1(id=0):30976#bh64' (0) closing (local 64) due to timeout:
client level=info t=264969 ev=retail site=90 text=networking:channel_manager:connect:   time since activity 883<active-send-timeout(2000), time since inactivity 8006>drop-min-active-time(8000), time since receive 7876>recv-timeout(4000))
client level=info t=264969 ev=retail site=76 text=networking:channel:packet_loss_stats: [dir:127.0.0.1(id=0):30976#bh64] Incoming packet read result summary - 8 ok, 0 discard, 0 discard-expected, 0 corrupt
client level=info t=264969 ev=retail site=77 text=networking:channel:packet_loss_stats: [dir:127.0.0.1(id=0):30976#bh64] Outgoing packet delivery summary - 3 delivered, 0 of those out-of-order, 0 lost - highest loss fraction seen 0.000
client level=info t=264969 ev=retail site=86 text=networking:channel: channel dir:127.0.0.1(id=0):30976#bh64(id '64') (ra: ''dir:127.0.0.1(id=0):30976'') state change connected -> closed
client level=info t=264969 ev=retail site=87 text=networking:channel_manager: channel 'dir:127.0.0.1(id=0):30976#bh64' (0): channel closed (reason=channel-manager-connected-timeout) because 'dir:127.0.0.1(id=0):30976' can't be reached, resetting security
server level=info t=264969 ev=gameplay stage=peer result=closed reason=12
server level=info t=265000 ev=gameplay stage=connect result=ok peer=2003 local=0x00000012 remote=0x00000045 rebuilt=0
server level=info t=265000 ev=gameplay stage=establish result=queued local=0x00000012 remote=0x00000045
client level=info t=265172 ev=nettick stage=sample latch=1 callbacks=24771
client level=info t=265563 ev=probe stage=hosttail client=0x22D3A64F980 b=00000000000000000000000000000000000000000000000000000000000000000000000000000000FFFFFFFF00000000
client level=info t=265563 ev=probe stage=grant client=0x22D3A64F980 status=0x01FE pending=0 dirty=0 receipt=1
client level=warn t=265703 ev=vr.xr hand yaw=-1.5344 r_valid=1 r_stale=0 r_fwd=-0.879,0.477,-0.015 r_up=-0.457,-0.851,-0.260 r_off=-0.673,0.859,-0.249 r_palm=-0.576,0.840,-0.240 l_valid=1 l_fwd=-0.919,0.363,-0.154 l_off=-0.193,0.299,-0.399 h_off=-0.297,0.421,-0.059
server level=info t=266031 ev=gameplay stage=message result=ok id=8 peerstage=5
server level=info t=266031 ev=gameplay stage=sendqueue result=cleared packet=1 base=4 entries=0
client level=warn t=266047 ev=vr.weapon callers path=getter D5D832:180 B363FA:540 B3598D:180 B40A78:8
client level=warn t=266047 ev=vr.weapon callers path=ptr D98F49:900 D7FB5C:118 DB8CB6:180 12B0A09:180 16E8861:180 D8F242:180 D8B348:180 D8B9B5:180 12B2284:33 D2F672:33 F4276C:0 D8492B:28 D7FF2C:7 CE3C40:4
client level=warn t=266047 ev=vr.weapon callers path=xform D5896F:180
client level=warn t=266063 ev=vr.probe pose in_pos=-144.03,318.82,56.69 in_fwd=-0.501,0.494,0.710 in_fov=1.4242 out_pos=-144.29,319.21,56.66 out_fwd=-0.757,0.634,-0.157 out_fov=1.8850
server level=info t=266109 ev=gameplay stage=message result=ok id=40 peerstage=5
server level=info t=266109 ev=gameplay stage=view result=queued remote=1 local=1 token=0x9EAA300100200001 list=0
client level=warn t=266156 ev=vr.body anchor=-2.5075 head_yaw=-1.1938 body_yaw=2.4881 error=0.0664 counts_per_rad=607 servo=1
client level=warn t=266156 ev=vr.pad stats injected=328 held=0 mouse=-1415,0 move=-0.01,-0.14 turn=0.00,0.00 trig=0.00,0.00 buttons=0x0
server level=info t=266172 ev=gameplay stage=message result=ok id=40 peerstage=5
server level=info t=266172 ev=gameplay stage=view result=queued remote=2 local=2 token=0x9EAA300100200001 list=15
server level=info t=266172 ev=gameplay stage=sendqueue result=cleared packet=7 base=7 entries=0
server level=info t=266234 ev=gameplay stage=message result=ok id=40 peerstage=5
server level=info t=266234 ev=gameplay stage=view result=queued remote=3 local=3 token=0x9EAA300100200001 list=0
server level=info t=266234 ev=gameplay stage=message result=ok id=40 peerstage=5
server level=info t=266234 ev=gameplay stage=view result=queued remote=4 local=4 token=0x9EAA300100200001 list=0
server level=info t=266234 ev=gameplay stage=sendqueue result=cleared packet=8 base=8 entries=0
client level=warn t=266922 ev=vr.xr hand yaw=-1.5344 r_valid=1 r_stale=0 r_fwd=-0.381,-0.907,0.180 r_up=0.243,0.089,0.966 r_off=-0.134,-0.250,0.066 r_palm=-0.105,-0.166,0.020 l_valid=1 l_fwd=-0.809,-0.415,0.416 l_off=0.091,0.166,-0.272 h_off=0.153,0.315,0.056
client level=warn t=266922 ev=vr.xr pose fwd=-0.434,-0.886,0.163 off=0.153,0.315,0.056 fov=1.8850 aspect=0.964
client level=warn t=266922 ev=vr.xr submit layers=1 result=0 fov=1.8850 aspect=0.9638
client level=info t=267188 ev=nettick stage=sample latch=1 callbacks=24870
client level=info t=267563 ev=probe stage=hosttail client=0x22D3A64F980 b=00000000000000000000000000000000000000000000000000000000000000000000000000000000FFFFFFFF00000000
client level=info t=267563 ev=probe stage=grant client=0x22D3A64F980 status=0x01FE pending=0 dirty=0 receipt=1
client level=warn t=268141 ev=vr.xr hand yaw=-1.5344 r_valid=1 r_stale=0 r_fwd=0.013,-0.979,0.204 r_up=-0.506,0.170,0.846 r_off=0.036,-0.182,-0.010 r_palm=0.050,-0.094,-0.055 l_valid=1 l_fwd=-0.587,-0.531,0.611 l_off=0.141,0.109,-0.193 h_off=0.098,0.296,0.039
client level=info t=269188 ev=nettick stage=sample latch=1 callbacks=24970
client level=warn t=269328 ev=vr.xr hand yaw=-1.5344 r_valid=1 r_stale=0 r_fwd=-0.026,-0.999,0.044 r_up=0.290,0.035,0.956 r_off=0.045,-0.253,-0.101 r_palm=0.039,-0.159,-0.133 l_valid=1 l_fwd=-0.521,-0.645,0.559 l_off=0.127,0.093,-0.198 h_off=0.124,0.299,0.039
client level=info t=269578 ev=probe stage=hosttail client=0x22D3A64F980 b=00000000000000000000000000000000000000000000000000000000000000000000000000000000FFFFFFFF00000000
client level=info t=269578 ev=probe stage=grant client=0x22D3A64F980 status=0x01FE pending=0 dirty=0 receipt=1
client level=warn t=269656 ev=vr.weapon callers path=getter D5D832:180 B363FA:540 B3598D:180 B40A78:6
client level=warn t=269656 ev=vr.weapon callers path=ptr D98F49:900 D7FB5C:115 DB8CB6:180 12B0A09:180 16E8861:180 D8F242:180 D8B348:180 D8B9B5:180 12B2284:34 D2F672:31 F4276C:0 D8492B:24 D7FF2C:6 CE3C40:3
client level=warn t=269656 ev=vr.weapon callers path=xform D5896F:180
client level=warn t=269672 ev=vr.probe pose in_pos=-143.95,314.60,56.69 in_fwd=-0.080,-0.701,0.708 in_fov=1.4242 out_pos=-143.78,314.85,56.70 out_fwd=0.000,-0.967,-0.254 out_fov=1.8850
client level=warn t=269766 ev=vr.body anchor=-2.5075 head_yaw=0.8686 body_yaw=-1.5785 error=-0.0146 counts_per_rad=572 servo=1
client level=warn t=269766 ev=vr.pad stats injected=340 held=0 mouse=-2678,0 move=0.00,0.00 turn=0.00,0.00 trig=0.00,0.00 buttons=0x0
client level=warn t=270547 ev=vr.xr hand yaw=-1.5344 r_valid=1 r_stale=0 r_fwd=-0.622,-0.772,0.131 r_up=0.383,-0.155,0.911 r_off=-0.314,-0.171,0.015 r_palm=-0.266,-0.093,-0.025 l_valid=1 l_fwd=-0.501,-0.683,0.532 l_off=0.100,0.044,-0.222 h_off=0.133,0.266,0.045
client level=warn t=270547 ev=vr.xr pose fwd=-0.759,-0.649,0.050 off=0.133,0.266,0.045 fov=1.8850 aspect=0.964
client level=info t=271188 ev=nettick stage=sample latch=1 callbacks=25071
client level=info t=271578 ev=probe stage=hosttail client=0x22D3A64F980 b=00000000000000000000000000000000000000000000000000000000000000000000000000000000FFFFFFFF00000000
client level=info t=271578 ev=probe stage=grant client=0x22D3A64F980 status=0x01FE pending=0 dirty=0 receipt=1
client level=warn t=271734 ev=vr.xr hand yaw=-1.5344 r_valid=1 r_stale=0 r_fwd=-0.834,-0.542,0.102 r_up=0.406,-0.478,0.779 r_off=-0.487,-0.035,0.004 r_palm=-0.420,0.031,-0.030 l_valid=1 l_fwd=-0.634,-0.611,0.474 l_off=0.077,0.068,-0.252 h_off=0.116,0.277,0.046
client level=warn t=272906 ev=vr.xr hand yaw=-1.5344 r_valid=1 r_stale=0 r_fwd=-0.621,-0.765,0.172 r_up=0.380,-0.102,0.919 r_off=-0.430,-0.030,-0.050 r_palm=-0.382,0.046,-0.094 l_valid=1 l_fwd=-0.765,-0.525,0.373 l_off=0.004,0.091,-0.248 h_off=0.029,0.287,0.048
client level=warn t=272906 ev=vr.xr submit layers=1 result=0 fov=1.8850 aspect=0.9638
client level=info t=273188 ev=nettick stage=sample latch=1 callbacks=25171
client level=warn t=273234 ev=vr.weapon callers path=getter D5D832:180 B363FA:540 B3598D:180 B40A78:32
client level=warn t=273234 ev=vr.weapon callers path=ptr D98F49:900 D7FB5C:119 DB8CB6:180 12B0A09:180 16E8861:180 D8F242:180 D8B348:180 D8B9B5:180 12B2284:43 D2F672:43 F4276C:0 D8492B:28 D7FF2C:7 CE3C40:16
client level=warn t=273234 ev=vr.weapon callers path=xform D5896F:180
client level=warn t=273250 ev=vr.probe pose in_pos=-143.95,314.60,56.69 in_fwd=-0.558,-0.435,0.706 in_fov=1.4242 out_pos=-143.93,314.89,56.74 out_fwd=-0.778,-0.628,-0.013 out_fov=1.8850
client level=warn t=273344 ev=vr.body anchor=-2.5075 head_yaw=0.0747 body_yaw=-2.4517 error=0.0146 counts_per_rad=585 servo=1
client level=warn t=273344 ev=vr.pad stats injected=342 held=0 mouse=-2163,0 move=0.00,0.00 turn=0.00,0.00 trig=0.00,0.00 buttons=0x0
client level=info t=273578 ev=probe stage=hosttail client=0x22D3A64F980 b=00000000000000000000000000000000000000000000000000000000000000000000000000000000FFFFFFFF00000000
client level=info t=273578 ev=probe stage=grant client=0x22D3A64F980 status=0x01FE pending=0 dirty=0 receipt=1
client level=info t=274063 ev=retail site=89 text=networking:channel_manager:connect: channel 'dir:127.0.0.1(id=0):30976#bh64' (0) closing (local 69) due to timeout:
client level=info t=274063 ev=retail site=90 text=networking:channel_manager:connect:   time since activity 22<active-send-timeout(2000), time since inactivity 8006>drop-min-active-time(8000), time since receive 7880>recv-timeout(4000))
client level=info t=274063 ev=retail site=76 text=networking:channel:packet_loss_stats: [dir:127.0.0.1(id=0):30976#bh64] Incoming packet read result summary - 8 ok, 0 discard, 0 discard-expected, 0 corrupt
client level=info t=274063 ev=retail site=77 text=networking:channel:packet_loss_stats: [dir:127.0.0.1(id=0):30976#bh64] Outgoing packet delivery summary - 3 delivered, 0 of those out-of-order, 0 lost - highest loss fraction seen 0.000
client level=info t=274063 ev=retail site=86 text=networking:channel: channel dir:127.0.0.1(id=0):30976#bh64(id '69') (ra: ''dir:127.0.0.1(id=0):30976'') state change connected -> closed
client level=info t=274063 ev=retail site=87 text=networking:channel_manager: channel 'dir:127.0.0.1(id=0):30976#bh64' (0): channel closed (reason=channel-manager-connected-timeout) because 'dir:127.0.0.1(id=0):30976' can't be reached, resetting security
server level=info t=274078 ev=gameplay stage=peer result=closed reason=12
server level=info t=274094 ev=gameplay stage=connect result=ok peer=2003 local=0x00000013 remote=0x0000004A rebuilt=0
server level=info t=274094 ev=gameplay stage=establish result=queued local=0x00000013 remote=0x0000004A
client level=warn t=274156 ev=vr.xr hand yaw=-1.5344 r_valid=1 r_stale=0 r_fwd=-0.533,-0.826,-0.185 r_up=0.270,-0.373,0.888 r_off=-0.401,-0.075,-0.128 r_palm=-0.358,0.015,-0.137 l_valid=1 l_fwd=-0.834,-0.459,0.307 l_off=0.001,0.104,-0.284 h_off=-0.002,0.186,0.029
client level=warn t=274156 ev=vr.xr pose fwd=-0.767,-0.641,0.033 off=-0.002,0.186,0.029 fov=1.8850 aspect=0.964
server level=info t=275125 ev=gameplay stage=message result=ok id=8 peerstage=5
server level=info t=275125 ev=gameplay stage=sendqueue result=cleared packet=1 base=4 entries=0
client level=info t=275188 ev=nettick stage=sample latch=1 callbacks=25266
server level=info t=275250 ev=gameplay stage=message result=ok id=40 peerstage=5
server level=info t=275250 ev=gameplay stage=view result=queued remote=1 local=1 token=0x9EAA300100200001 list=0
server level=info t=275313 ev=gameplay stage=message result=ok id=40 peerstage=5
server level=info t=275313 ev=gameplay stage=view result=queued remote=2 local=2 token=0x9EAA300100200001 list=15
server level=info t=275313 ev=gameplay stage=sendqueue result=cleared packet=7 base=7 entries=0
server level=info t=275375 ev=gameplay stage=message result=ok id=40 peerstage=5
server level=info t=275375 ev=gameplay stage=view result=queued remote=3 local=3 token=0x9EAA300100200001 list=0
server level=info t=275375 ev=gameplay stage=message result=ok id=40 peerstage=5
server level=info t=275375 ev=gameplay stage=view result=queued remote=4 local=4 token=0x9EAA300100200001 list=0
server level=info t=275375 ev=gameplay stage=sendqueue result=cleared packet=8 base=8 entries=0
client level=warn t=275422 ev=vr.xr hand yaw=-1.0889 r_valid=1 r_stale=0 r_fwd=0.261,-0.962,-0.076 r_up=0.417,0.041,0.908 r_off=-0.217,-0.152,-0.157 r_palm=-0.254,-0.062,-0.177 l_valid=1 l_fwd=-0.508,-0.783,0.360 l_off=-0.002,0.100,-0.294 h_off=-0.021,0.121,-0.019
client level=info t=275594 ev=probe stage=hosttail client=0x22D3A64F980 b=00000000000000000000000000000000000000000000000000000000000000000000000000000000FFFFFFFF00000000
client level=info t=275594 ev=probe stage=grant client=0x22D3A64F980 status=0x01FE pending=0 dirty=0 receipt=1
client level=warn t=276672 ev=vr.xr hand yaw=-0.2368 r_valid=1 r_stale=0 r_fwd=0.910,-0.375,-0.179 r_up=0.121,-0.173,0.977 r_off=-0.100,-0.096,-0.287 r_palm=-0.190,-0.055,-0.299 l_valid=1 l_fwd=0.414,-0.862,0.292 l_off=-0.041,0.080,-0.298 h_off=-0.093,0.053,-0.010
client level=warn t=277016 ev=vr.weapon callers path=getter D5D832:180 B363FA:540 B3598D:180 B40A78:14
client level=warn t=277016 ev=vr.weapon callers path=ptr D98F49:900 D7FB5C:124 DB8CB6:180 12B0A09:180 16E8861:180 D8F242:180 D8B348:180 D8B9B5:180 12B2284:32 D2F672:32 F4276C:1 D8492B:24 D7FF2C:6 CE3C40:0
client level=warn t=277016 ev=vr.weapon callers path=xform D5896F:180
client level=warn t=277031 ev=vr.probe pose in_pos=-138.77,309.54,59.18 in_fwd=0.658,-0.301,0.690 in_fov=1.4242 out_pos=-138.87,309.61,59.18 out_fwd=0.877,-0.387,-0.286 out_fov=1.8850
client level=warn t=277141 ev=vr.body anchor=-1.1276 head_yaw=0.8462 body_yaw=-0.3973 error=0.0559 counts_per_rad=579 servo=1
client level=warn t=277141 ev=vr.pad stats injected=353 held=2 mouse=-3361,0 move=-0.80,0.59 turn=-0.99,0.15 trig=0.00,0.00 buttons=0x0
client level=info t=277188 ev=nettick stage=sample latch=1 callbacks=25361
client level=info t=277609 ev=probe stage=hosttail client=0x22D3A64F980 b=00000000000000000000000000000000000000000000000000000000000000000000000000000000FFFFFFFF00000000
client level=info t=277609 ev=probe stage=grant client=0x22D3A64F980 status=0x01FE pending=0 dirty=0 receipt=1
client level=warn t=277953 ev=vr.xr hand yaw=0.3944 r_valid=1 r_stale=0 r_fwd=0.865,0.478,0.154 r_up=-0.110,-0.119,0.987 r_off=0.028,0.001,-0.221 r_palm=-0.051,-0.041,-0.266 l_valid=1 l_fwd=0.874,-0.372,0.312 l_off=-0.080,0.052,-0.276 h_off=-0.164,-0.017,0.044
client level=warn t=277953 ev=vr.xr pose fwd=0.853,0.514,0.091 off=-0.164,-0.017,0.044 fov=1.8850 aspect=0.964
client level=info t=279203 ev=nettick stage=sample latch=1 callbacks=25454
client level=warn t=279266 ev=vr.xr hand yaw=0.3944 r_valid=1 r_stale=0 r_fwd=0.563,0.794,-0.230 r_up=0.080,0.224,0.971 r_off=0.031,0.275,-0.203 r_palm=-0.025,0.193,-0.210 l_valid=1 l_fwd=0.827,-0.507,0.242 l_off=-0.185,0.077,-0.250 h_off=-0.285,-0.001,0.002
client level=warn t=279281 ev=vr.xr submit layers=1 result=0 fov=1.8850 aspect=0.9638
client level=info t=279609 ev=probe stage=hosttail client=0x22D3A64F980 b=00000000000000000000000000000000000000000000000000000000000000000000000000000000FFFFFFFF00000000
client level=info t=279609 ev=probe stage=grant client=0x22D3A64F980 status=0x01FE pending=0 dirty=0 receipt=1
client level=warn t=280531 ev=vr.xr hand yaw=0.3944 r_valid=1 r_stale=0 r_fwd=0.637,0.425,0.643 r_up=-0.655,-0.140,0.742 r_off=0.069,0.204,-0.002 r_palm=0.028,0.168,-0.085 l_valid=1 l_fwd=0.692,-0.503,0.518 l_off=-0.174,0.088,-0.183 h_off=-0.299,-0.000,0.038
client level=warn t=280859 ev=vr.weapon callers path=getter D5D832:180 B363FA:540 B3598D:180 B40A78:184
client level=warn t=280859 ev=vr.weapon callers path=ptr D98F49:900 D7FB5C:110 DB8CB6:180 12B0A09:180 16E8861:180 D8F242:180 D8B348:180 D8B9B5:180 12B2284:31 D2F672:31 F4276C:0 D8492B:28 D7FF2C:7 CE3C40:0
client level=warn t=280859 ev=vr.weapon callers path=xform D5896F:180
client level=warn t=280875 ev=vr.probe pose in_pos=-128.25,329.68,61.36 in_fwd=0.544,0.453,0.706 in_fov=1.4242 out_pos=-128.62,329.68,61.44 out_fwd=0.690,0.633,0.350 out_fov=1.8850
client level=warn t=280969 ev=vr.body anchor=-0.5787 head_yaw=1.3905 body_yaw=0.7605 error=0.0338 counts_per_rad=579 servo=1
client level=warn t=280969 ev=vr.pad stats injected=355 held=2 mouse=-4026,0 move=-0.40,0.91 turn=0.00,0.00 trig=0.00,0.00 buttons=0x0
client level=info t=281219 ev=nettick stage=sample latch=1 callbacks=25550
client level=info t=281609 ev=probe stage=hosttail client=0x22D3A64F980 b=00000000000000000000000000000000000000000000000000000000000000000000000000000000FFFFFFFF00000000
client level=info t=281609 ev=probe stage=grant client=0x22D3A64F980 status=0x01FE pending=0 dirty=0 receipt=1
client level=warn t=281781 ev=vr.xr hand yaw=0.3944 r_valid=1 r_stale=0 r_fwd=0.451,0.758,0.471 r_up=-0.887,0.442,0.138 r_off=-0.030,0.311,-0.068 r_palm=-0.046,0.225,-0.117 l_valid=1 l_fwd=0.416,0.391,0.821 l_off=-0.156,0.299,-0.055 h_off=-0.377,0.003,0.049
client level=warn t=281781 ev=vr.xr pose fwd=0.617,0.777,0.120 off=-0.377,0.003,0.049 fov=1.8850 aspect=0.964
client level=warn t=283031 ev=vr.xr hand yaw=0.3944 r_valid=1 r_stale=0 r_fwd=0.266,0.839,0.475 r_up=0.588,-0.532,0.610 r_off=0.054,0.179,-0.031 r_palm=0.012,0.115,-0.095 l_valid=1 l_fwd=0.539,0.173,0.824 l_off=-0.143,0.223,-0.085 h_off=-0.325,-0.039,0.025
client level=info t=283188 ev=retail site=89 text=networking:channel_manager:connect: channel 'dir:127.0.0.1(id=0):30976#bh64' (0) closing (local 74) due to timeout:
client level=info t=283188 ev=retail site=90 text=networking:channel_manager:connect:   time since activity 744<active-send-timeout(2000), time since inactivity 8021>drop-min-active-time(8000), time since receive 7866>recv-timeout(4000))
client level=info t=283188 ev=retail site=76 text=networking:channel:packet_loss_stats: [dir:127.0.0.1(id=0):30976#bh64] Incoming packet read result summary - 8 ok, 0 discard, 0 discard-expected, 0 corrupt
client level=info t=283188 ev=retail site=77 text=networking:channel:packet_loss_stats: [dir:127.0.0.1(id=0):30976#bh64] Outgoing packet delivery summary - 3 delivered, 0 of those out-of-order, 0 lost - highest loss fraction seen 0.000
client level=info t=283188 ev=retail site=86 text=networking:channel: channel dir:127.0.0.1(id=0):30976#bh64(id '74') (ra: ''dir:127.0.0.1(id=0):30976'') state change connected -> closed
client level=info t=283188 ev=retail site=87 text=networking:channel_manager: channel 'dir:127.0.0.1(id=0):30976#bh64' (0): channel closed (reason=channel-manager-connected-timeout) because 'dir:127.0.0.1(id=0):30976' can't be reached, resetting security
server level=info t=283203 ev=gameplay stage=peer result=closed reason=12
server level=info t=283219 ev=gameplay stage=connect result=ok peer=2003 local=0x00000014 remote=0x0000004F rebuilt=0
server level=info t=283219 ev=gameplay stage=establish result=queued local=0x00000014 remote=0x0000004F
client level=info t=283234 ev=nettick stage=sample latch=1 callbacks=25647
client level=info t=283625 ev=probe stage=hosttail client=0x22D3A64F980 b=00000000000000000000000000000000000000000000000000000000000000000000000000000000FFFFFFFF00000000
client level=info t=283625 ev=probe stage=grant client=0x22D3A64F980 status=0x01FE pending=0 dirty=0 receipt=1
server level=info t=284250 ev=gameplay stage=message result=ok id=8 peerstage=5
server level=info t=284250 ev=gameplay stage=sendqueue result=cleared packet=1 base=5 entries=0
client level=warn t=284281 ev=vr.xr hand yaw=0.3944 r_valid=1 r_stale=0 r_fwd=0.983,0.152,0.106 r_up=-0.125,0.119,0.985 r_off=0.243,-0.023,0.023 r_palm=0.153,-0.041,-0.017 l_valid=1 l_fwd=0.526,0.009,0.851 l_off=-0.159,0.183,-0.120 h_off=-0.353,-0.025,0.045
server level=info t=284344 ev=gameplay stage=message result=ok id=40 peerstage=5
server level=info t=284344 ev=gameplay stage=view result=queued remote=1 local=1 token=0x9EAA300100200001 list=0
server level=info t=284391 ev=gameplay stage=message result=ok id=40 peerstage=5
server level=info t=284391 ev=gameplay stage=view result=queued remote=2 local=2 token=0x9EAA300100200001 list=15
server level=info t=284391 ev=gameplay stage=sendqueue result=cleared packet=7 base=7 entries=0
server level=info t=284453 ev=gameplay stage=message result=ok id=40 peerstage=5
server level=info t=284453 ev=gameplay stage=view result=queued remote=3 local=3 token=0x9EAA300100200001 list=0
server level=info t=284453 ev=gameplay stage=message result=ok id=40 peerstage=5
server level=info t=284453 ev=gameplay stage=view result=queued remote=4 local=4 token=0x9EAA300100200001 list=0
server level=info t=284453 ev=gameplay stage=sendqueue result=cleared packet=8 base=8 entries=0
client level=warn t=284594 ev=vr.weapon callers path=getter D5D832:180 B363FA:540 B3598D:180 B40A78:22
client level=warn t=284594 ev=vr.weapon callers path=ptr D98F49:900 D7FB5C:112 DB8CB6:180 12B0A09:180 16E8861:180 D8F242:180 D8B348:180 D8B9B5:180 12B2284:33 D2F672:33 F4276C:0 D8492B:24 D7FF2C:6 CE3C40:0
client level=warn t=284594 ev=vr.weapon callers path=xform D5896F:180
client level=warn t=284609 ev=vr.probe pose in_pos=-125.82,344.99,56.69 in_fwd=0.690,-0.159,0.706 in_fov=1.4242 out_pos=-126.18,344.96,56.73 out_fwd=0.973,-0.231,-0.004 out_fov=1.8850
client level=warn t=284688 ev=vr.body anchor=-0.5787 head_yaw=0.3671 body_yaw=-0.2262 error=0.0101 counts_per_rad=579 servo=1
client level=warn t=284688 ev=vr.pad stats injected=358 held=0 mouse=-3451,0 move=0.00,0.00 turn=0.00,0.00 trig=0.00,0.00 buttons=0x0
server level=info t=285125 ev=ws701 stage=profile_setup result=complete
server level=info t=285125 ev=activity stage=writeback result=ok world_state=8
client level=info t=285234 ev=nettick stage=sample latch=1 callbacks=25745
client level=warn t=285484 ev=vr.xr hand yaw=0.3944 r_valid=1 r_stale=0 r_fwd=0.997,-0.060,0.043 r_up=-0.042,0.006,0.999 r_off=0.265,-0.037,0.012 r_palm=0.171,-0.032,-0.022 l_valid=1 l_fwd=0.524,-0.071,0.849 l_off=-0.159,0.173,-0.126 h_off=-0.350,-0.029,0.041
client level=warn t=285484 ev=vr.xr pose fwd=0.981,-0.194,-0.028 off=-0.350,-0.029,0.041 fov=1.8850 aspect=0.964
client level=warn t=285484 ev=vr.xr submit layers=1 result=0 fov=1.8850 aspect=0.9638
client level=info t=285625 ev=probe stage=hosttail client=0x22D3A64F980 b=00000000000000000000000000000000000000000000000000000000000000000000000000000000FFFFFFFF00000000
client level=info t=285625 ev=probe stage=grant client=0x22D3A64F980 status=0x01FE pending=0 dirty=0 receipt=1
client level=warn t=286734 ev=vr.xr hand yaw=0.3944 r_valid=1 r_stale=0 r_fwd=0.996,-0.067,0.054 r_up=-0.057,-0.041,0.998 r_off=0.246,-0.158,-0.003 r_palm=0.153,-0.150,-0.038 l_valid=1 l_fwd=0.540,-0.045,0.840 l_off=-0.159,0.176,-0.132 h_off=-0.344,-0.031,0.041
client level=info t=287250 ev=nettick stage=sample latch=1 callbacks=25842
client level=warn t=287953 ev=vr.xr hand yaw=0.3944 r_valid=1 r_stale=0 r_fwd=0.984,-0.174,0.038 r_up=-0.048,-0.058,0.997 r_off=0.249,-0.178,-0.018 r_palm=0.157,-0.159,-0.051 l_valid=1 l_fwd=0.541,-0.049,0.840 l_off=-0.159,0.176,-0.134 h_off=-0.351,-0.026,0.046
client level=warn t=288266 ev=vr.weapon callers path=getter D5D832:180 B363FA:540 B3598D:180 B40A78:0
client level=warn t=288266 ev=vr.weapon callers path=ptr D98F49:888 D7FB5C:122 DB8CB6:180 12B0A09:180 16E8861:180 D8F242:180 D8B348:180 D8B9B5:180 12B2284:29 D2F672:29 F4276C:0 D8492B:28 D7FF2C:6 CE3C40:0
client level=warn t=288266 ev=vr.weapon callers path=xform D5896F:180
client level=warn t=288281 ev=vr.probe pose in_pos=-125.82,344.99,56.69 in_fwd=0.697,-0.124,0.706 in_fov=0.8901 out_pos=-126.17,344.97,56.74 out_fwd=0.983,-0.181,0.022 out_fov=1.8850
client level=warn t=288375 ev=vr.body anchor=-0.5787 head_yaw=0.3958 body_yaw=-0.1764 error=-0.0067 counts_per_rad=926 servo=1
client level=warn t=288375 ev=vr.pad stats injected=359 held=0 mouse=-3486,0 move=0.00,0.00 turn=0.00,0.00 trig=1.00,0.00 buttons=0x0
client level=warn t=289188 ev=vr.xr hand yaw=0.3944 r_valid=1 r_stale=0 r_fwd=0.994,0.105,0.021 r_up=0.030,-0.469,0.883 r_off=0.251,-0.160,-0.025 r_palm=0.156,-0.155,-0.053 l_valid=1 l_fwd=0.575,-0.006,0.818 l_off=-0.154,0.178,-0.134 h_off=-0.354,-0.032,0.046
client level=warn t=289188 ev=vr.xr pose fwd=0.974,-0.227,0.019 off=-0.354,-0.032,0.046 fov=1.8850 aspect=0.964
client level=info t=289250 ev=nettick stage=sample latch=1 callbacks=25941
client level=warn t=290406 ev=vr.xr hand yaw=0.3944 r_valid=1 r_stale=0 r_fwd=0.986,-0.163,0.020 r_up=-0.021,-0.008,1.000 r_off=0.230,-0.111,0.005 r_palm=0.137,-0.096,-0.027 l_valid=1 l_fwd=0.581,-0.010,0.814 l_off=-0.153,0.176,-0.135 h_off=-0.313,-0.058,0.038
client level=info t=291266 ev=nettick stage=sample latch=1 callbacks=26040
client level=warn t=291625 ev=vr.xr hand yaw=0.3944 r_valid=1 r_stale=0 r_fwd=0.888,0.062,0.455 r_up=-0.274,0.867,0.416 r_off=0.093,-0.158,-0.091 r_palm=0.017,-0.190,-0.147 l_valid=1 l_fwd=0.785,-0.311,0.535 l_off=-0.063,0.034,-0.224 h_off=-0.298,-0.057,0.022
client level=warn t=291625 ev=vr.xr submit layers=1 result=0 fov=1.8850 aspect=0.9638
client level=warn t=291953 ev=vr.weapon callers path=getter D5D832:180 B363FA:540 B3598D:180 B40A78:12
client level=warn t=291953 ev=vr.weapon callers path=ptr D98F49:888 D7FB5C:121 DB8CB6:180 12B0A09:180 16E8861:180 D8F242:180 D8B348:180 D8B9B5:180 12B2284:35 D2F672:35 F4276C:0 D8492B:24 D7FF2C:7 CE3C40:6
client level=warn t=291953 ev=vr.weapon callers path=xform D5896F:180
client level=warn t=291969 ev=vr.probe pose in_pos=-125.82,344.99,56.69 in_fwd=0.664,-0.244,0.706 in_fov=1.4242 out_pos=-126.07,344.91,56.71 out_fwd=0.903,-0.313,-0.296 out_fov=1.8850
client level=warn t=292047 ev=vr.body anchor=-0.5787 head_yaw=0.2558 body_yaw=-0.3324 error=0.0083 counts_per_rad=592 servo=1
client level=warn t=292047 ev=vr.pad stats injected=362 held=0 mouse=-3385,0 move=0.00,0.00 turn=0.00,0.00 trig=0.00,0.00 buttons=0x0
client level=info t=292297 ev=retail site=89 text=networking:channel_manager:connect: channel 'dir:127.0.0.1(id=0):30976#bh64' (0) closing (local 79) due to timeout:
client level=info t=292297 ev=retail site=90 text=networking:channel_manager:connect:   time since activity 997<active-send-timeout(2000), time since inactivity 8020>drop-min-active-time(8000), time since receive 7896>recv-timeout(4000))
client level=info t=292297 ev=retail site=76 text=networking:channel:packet_loss_stats: [dir:127.0.0.1(id=0):30976#bh64] Incoming packet read result summary - 8 ok, 0 discard, 0 discard-expected, 0 corrupt
client level=info t=292297 ev=retail site=77 text=networking:channel:packet_loss_stats: [dir:127.0.0.1(id=0):30976#bh64] Outgoing packet delivery summary - 3 delivered, 0 of those out-of-order, 0 lost - highest loss fraction seen 0.000
client level=info t=292313 ev=retail site=86 text=networking:channel: channel dir:127.0.0.1(id=0):30976#bh64(id '79') (ra: ''dir:127.0.0.1(id=0):30976'') state change connected -> closed
client level=info t=292313 ev=retail site=87 text=networking:channel_manager: channel 'dir:127.0.0.1(id=0):30976#bh64' (0): channel closed (reason=channel-manager-connected-timeout) because 'dir:127.0.0.1(id=0):30976' can't be reached, resetting security
server level=info t=292313 ev=gameplay stage=peer result=closed reason=12
server level=info t=292328 ev=gameplay stage=connect result=ok peer=2003 local=0x00000015 remote=0x00000050 rebuilt=0
server level=info t=292328 ev=gameplay stage=establish result=queued local=0x00000015 remote=0x00000050
client level=warn t=292828 ev=vr.xr hand yaw=0.3944 r_valid=1 r_stale=0 r_fwd=0.947,0.319,0.027 r_up=-0.319,0.932,0.173 r_off=0.126,-0.142,-0.330 r_palm=0.046,-0.201,-0.338 l_valid=1 l_fwd=0.806,-0.549,0.223 l_off=0.126,-0.121,-0.379 h_off=-0.186,-0.085,0.014
client level=warn t=292828 ev=vr.xr pose fwd=0.926,0.196,-0.324 off=-0.186,-0.085,0.014 fov=1.8850 aspect=0.964
client level=info t=293266 ev=nettick stage=sample latch=1 callbacks=26138
server level=info t=293359 ev=gameplay stage=message result=ok id=8 peerstage=5
server level=info t=293359 ev=gameplay stage=sendqueue result=cleared packet=1 base=4 entries=0
server level=info t=293438 ev=gameplay stage=message result=ok id=40 peerstage=5
server level=info t=293438 ev=gameplay stage=view result=queued remote=1 local=1 token=0x9EAA300100200001 list=0
server level=info t=293500 ev=gameplay stage=message result=ok id=40 peerstage=5
server level=info t=293500 ev=gameplay stage=view result=queued remote=2 local=2 token=0x9EAA300100200001 list=15
server level=info t=293500 ev=gameplay stage=sendqueue result=cleared packet=7 base=7 entries=0
server level=info t=293563 ev=gameplay stage=message result=ok id=40 peerstage=5
server level=info t=293563 ev=gameplay stage=view result=queued remote=3 local=3 token=0x9EAA300100200001 list=0
server level=info t=293563 ev=gameplay stage=message result=ok id=40 peerstage=5
server level=info t=293563 ev=gameplay stage=view result=queued remote=4 local=4 token=0x9EAA300100200001 list=0
server level=info t=293563 ev=gameplay stage=sendqueue result=cleared packet=8 base=8 entries=0
client level=warn t=294109 ev=vr.xr hand yaw=0.3944 r_valid=1 r_stale=0 r_fwd=0.971,0.138,0.194 r_up=-0.198,0.923,0.331 r_off=0.181,-0.109,-0.302 r_palm=0.094,-0.150,-0.331 l_valid=1 l_fwd=0.779,-0.241,0.578 l_off=0.132,-0.029,-0.238 h_off=-0.161,0.031,0.014
client level=info t=295266 ev=nettick stage=sample latch=1 callbacks=26233
client level=warn t=295359 ev=vr.xr hand yaw=0.3944 r_valid=1 r_stale=0 r_fwd=0.995,0.037,-0.087 r_up=0.021,0.810,0.586 r_off=0.231,-0.210,-0.330 r_palm=0.136,-0.238,-0.339 l_valid=1 l_fwd=0.846,-0.526,-0.088 l_off=0.310,-0.223,-0.333 h_off=-0.192,-0.045,0.067
client level=warn t=295719 ev=vr.weapon callers path=getter D5D832:180 B363FA:540 B3598D:180 B40A78:0
client level=warn t=295719 ev=vr.weapon callers path=ptr D98F49:900 D7FB5C:117 DB8CB6:180 12B0A09:180 16E8861:180 D8F242:180 D8B348:180 D8B9B5:180 12B2284:30 D2F672:30 F4276C:0 D8492B:28 D7FF2C:7 CE3C40:0
client level=warn t=295719 ev=vr.weapon callers path=xform D5896F:180
client level=warn t=295734 ev=vr.probe pose in_pos=-125.82,344.99,56.69 in_fwd=0.643,0.295,0.706 in_fov=1.4242 out_pos=-126.01,345.06,56.74 out_fwd=0.856,0.516,-0.019 out_fov=1.8850
client level=warn t=295828 ev=vr.body anchor=-0.5787 head_yaw=1.3603 body_yaw=0.6507 error=0.0887 counts_per_rad=579 servo=1
client level=warn t=295828 ev=vr.pad stats injected=362 held=0 mouse=-3971,0 move=0.00,0.00 turn=0.00,0.00 trig=0.00,0.00 buttons=0x0
client level=warn t=296656 ev=vr.xr hand yaw=0.3944 r_valid=1 r_stale=0 r_fwd=0.995,0.037,-0.087 r_up=0.021,0.810,0.586 r_off=0.231,-0.210,-0.329 r_palm=0.136,-0.238,-0.338 l_valid=1 l_fwd=0.846,-0.526,-0.087 l_off=0.305,-0.222,-0.328 h_off=0.047,0.350,-0.040
client level=warn t=296656 ev=vr.xr pose fwd=0.854,0.456,0.251 off=0.047,0.350,-0.040 fov=1.8850 aspect=0.964
client level=info t=297266 ev=nettick stage=sample latch=1 callbacks=26326
client level=warn t=297953 ev=vr.xr hand yaw=0.3944 r_valid=1 r_stale=0 r_fwd=0.995,0.076,-0.068 r_up=-0.016,0.777,0.629 r_off=0.232,-0.210,-0.328 r_palm=0.138,-0.241,-0.340 l_valid=1 l_fwd=0.846,-0.527,-0.087 l_off=0.224,-0.323,-0.391 h_off=0.015,0.180,-0.030
client level=warn t=297953 ev=vr.xr submit layers=1 result=0 fov=1.8850 aspect=0.9638
client level=warn t=299172 ev=vr.xr hand yaw=0.3944 r_valid=1 r_stale=0 r_fwd=0.996,0.030,-0.089 r_up=0.028,0.811,0.585 r_off=0.232,-0.210,-0.329 r_palm=0.137,-0.238,-0.338 l_valid=1 l_fwd=0.845,-0.529,-0.085 l_off=0.308,-0.222,-0.330 h_off=-0.262,-0.126,0.018
client level=info t=299266 ev=nettick stage=sample latch=1 callbacks=26423
client level=warn t=299469 ev=vr.weapon callers path=getter D5D832:180 B363FA:540 B3598D:180 B40A78:0
client level=warn t=299469 ev=vr.weapon callers path=ptr D98F49:900 D7FB5C:119 DB8CB6:180 12B0A09:180 16E8861:180 D8F242:180 D8B348:180 D8B9B5:180 12B2284:29 D2F672:29 F4276C:0 D8492B:24 D7FF2C:6 CE3C40:0
client level=warn t=299469 ev=vr.weapon callers path=xform D5896F:180
client level=warn t=299484 ev=vr.probe pose in_pos=-125.82,344.99,56.69 in_fwd=0.596,-0.382,0.706 in_fov=1.4242 out_pos=-126.07,344.84,56.72 out_fwd=0.848,-0.510,-0.146 out_fov=1.8850
client level=warn t=299578 ev=vr.body anchor=-0.5787 head_yaw=0.0925 body_yaw=-0.5241 error=0.0288 counts_per_rad=579 servo=1
client level=warn t=299578 ev=vr.pad stats injected=362 held=0 mouse=-3279,0 move=0.00,0.00 turn=0.00,0.00 trig=0.00,0.00 buttons=0x0
client level=info t=300016 ev=retail site=84 text=networking:bandwidth: min_channels: 0 max channels: 1 max bps: 79200 avg cong bps: -1 low cong bps: -1 hi cong bps: -1 lat avg: -1 lat hi avg: 0 lat avg var: -1 pct loss: 0.00 pct loss hi avg: [0.00].
client level=info t=300016 ev=retail site=85 text=networking:bandwidth: machine [3A:E0:C5:EA:6C:3B:ED09] longest reception gap [62ms] longest ack gap [82ms] pct loss [0.00] disc count [0] sps [1] rps [0] bh: [y].
client level=warn t=300391 ev=vr.xr hand yaw=0.3944 r_valid=1 r_stale=0 r_fwd=0.868,-0.437,-0.235 r_up=0.476,0.599,0.644 r_off=0.235,-0.244,-0.339 r_palm=0.138,-0.221,-0.335 l_valid=1 l_fwd=0.844,-0.529,-0.086 l_off=0.307,-0.223,-0.330 h_off=-0.183,-0.098,0.016
client level=warn t=300391 ev=vr.xr pose fwd=0.869,-0.388,-0.307 off=-0.183,-0.098,0.016 fov=1.8850 aspect=0.964
client level=info t=301266 ev=nettick stage=sample latch=1 callbacks=26521
client level=info t=301281 ev=retail site=76 text=networking:channel:packet_loss_stats: [dir:127.0.0.1(id=0):30976#bh64] Incoming packet read result summary - 8 ok, 0 discard, 0 discard-expected, 0 corrupt
client level=info t=301281 ev=retail site=77 text=networking:channel:packet_loss_stats: [dir:127.0.0.1(id=0):30976#bh64] Outgoing packet delivery summary - 3 delivered, 0 of those out-of-order, 0 lost - highest loss fraction seen 0.000
client level=info t=301281 ev=retail site=78 text=networking:stream_manager:retail: # 0 rx 0.0/rxbps 0.0kb tx 1.0/txbps14.0kb cx15.0pkts/33.0cxkbps lat=  0avg,  -1cg to=9999 aloc45.0kb max513.0kbps, loss=0.00pct loss dev 2.00pct rel=N, name=                            bh64
client level=info t=301281 ev=retail site=79 text=networking:stream_manager:retail: Local peer network quality = 1.000000/1.0, worst_axis = -1
client level=info t=301406 ev=retail site=89 text=networking:channel_manager:connect: channel 'dir:127.0.0.1(id=0):30976#bh64' (0) closing (local 80) due to timeout:
client level=info t=301406 ev=retail site=90 text=networking:channel_manager:connect:   time since activity 805<active-send-timeout(2000), time since inactivity 8018>drop-min-active-time(8000), time since receive 7894>recv-timeout(4000))
client level=info t=301406 ev=retail site=76 text=networking:channel:packet_loss_stats: [dir:127.0.0.1(id=0):30976#bh64] Incoming packet read result summary - 0 ok, 0 discard, 0 discard-expected, 0 corrupt
client level=info t=301406 ev=retail site=77 text=networking:channel:packet_loss_stats: [dir:127.0.0.1(id=0):30976#bh64] Outgoing packet delivery summary - 0 delivered, 0 of those out-of-order, 0 lost - highest loss fraction seen 0.000
client level=info t=301406 ev=retail site=86 text=networking:channel: channel dir:127.0.0.1(id=0):30976#bh64(id '80') (ra: ''dir:127.0.0.1(id=0):30976'') state change connected -> closed
client level=info t=301406 ev=retail site=87 text=networking:channel_manager: channel 'dir:127.0.0.1(id=0):30976#bh64' (0): channel closed (reason=channel-manager-connected-timeout) because 'dir:127.0.0.1(id=0):30976' can't be reached, resetting security
server level=info t=301406 ev=gameplay stage=peer result=closed reason=12
server level=info t=301438 ev=gameplay stage=connect result=ok peer=2003 local=0x00000016 remote=0x00000055 rebuilt=0
server level=info t=301438 ev=gameplay stage=establish result=queued local=0x00000016 remote=0x00000055
client level=warn t=301609 ev=vr.xr hand yaw=0.3944 r_valid=1 r_stale=0 r_fwd=0.752,-0.600,0.272 r_up=-0.266,0.102,0.959 r_off=0.045,-0.476,-0.101 r_palm=-0.018,-0.422,-0.156 l_valid=1 l_fwd=0.803,-0.589,-0.084 l_off=0.367,-0.232,-0.329 h_off=-0.202,-0.108,0.004
server level=info t=302484 ev=gameplay stage=message result=ok id=8 peerstage=5
server level=info t=302484 ev=gameplay stage=sendqueue result=cleared packet=1 base=5 entries=0
server level=info t=302563 ev=gameplay stage=message result=ok id=40 peerstage=5
server level=info t=302563 ev=gameplay stage=view result=queued remote=1 local=1 token=0x9EAA300100200001 list=0
server level=info t=302609 ev=gameplay stage=message result=ok id=40 peerstage=5
server level=info t=302609 ev=gameplay stage=view result=queued remote=2 local=2 token=0x9EAA300100200001 list=15
server level=info t=302609 ev=gameplay stage=sendqueue result=cleared packet=7 base=7 entries=0
server level=info t=302672 ev=gameplay stage=message result=ok id=40 peerstage=5
server level=info t=302672 ev=gameplay stage=view result=queued remote=3 local=3 token=0x9EAA300100200001 list=0
server level=info t=302672 ev=gameplay stage=message result=ok id=40 peerstage=5
server level=info t=302672 ev=gameplay stage=view result=queued remote=4 local=4 token=0x9EAA300100200001 list=0
server level=info t=302672 ev=gameplay stage=sendqueue result=cleared packet=8 base=8 entries=0
client level=warn t=302813 ev=vr.xr hand yaw=0.3944 r_valid=1 r_stale=0 r_fwd=0.904,-0.174,0.390 r_up=-0.426,-0.424,0.799 r_off=0.143,-0.266,0.155 r_palm=0.070,-0.237,0.094 l_valid=1 l_fwd=0.787,-0.548,0.283 l_off=-0.083,0.087,-0.324 h_off=-0.354,0.066,0.051
client level=warn t=303125 ev=vr.weapon callers path=getter D5D832:180 B363FA:540 B3598D:180 B40A78:0
client level=warn t=303125 ev=vr.weapon callers path=ptr D98F49:900 D7FB5C:111 DB8CB6:180 12B0A09:180 16E8861:180 D8F242:180 D8B348:180 D8B9B5:180 12B2284:29 D2F672:29 F4276C:0 D8492B:28 D7FF2C:7 CE3C40:0
client level=warn t=303125 ev=vr.weapon callers path=xform D5896F:180
client level=warn t=303141 ev=vr.probe pose in_pos=-125.82,344.99,56.69 in_fwd=0.507,-0.494,0.706 in_fov=1.4242 out_pos=-126.19,345.06,56.75 out_fwd=0.666,-0.681,0.304 out_fov=1.8850
client level=warn t=303234 ev=vr.body anchor=-0.5787 head_yaw=-0.2765 body_yaw=-0.8162 error=-0.0266 counts_per_rad=579 servo=1
client level=warn t=303234 ev=vr.pad stats injected=362 held=0 mouse=-3100,0 move=0.00,0.00 turn=0.00,0.00 trig=0.00,0.00 buttons=0x0
client level=info t=303266 ev=nettick stage=sample latch=1 callbacks=26620
client level=warn t=304031 ev=vr.xr hand yaw=0.3944 r_valid=1 r_stale=0 r_fwd=0.771,-0.521,0.367 r_up=-0.267,0.259,0.928 r_off=0.010,-0.486,0.113 r_palm=-0.056,-0.445,0.050 l_valid=1 l_fwd=0.646,-0.571,0.507 l_off=-0.097,0.055,-0.262 h_off=-0.407,0.045,0.056
client level=warn t=304031 ev=vr.xr pose fwd=0.466,-0.829,0.310 off=-0.407,0.045,0.056 fov=1.8850 aspect=0.964
client level=warn t=304031 ev=vr.xr submit layers=1 result=0 fov=1.8850 aspect=0.9638
client level=warn t=305266 ev=vr.xr hand yaw=1.3885 r_valid=1 r_stale=0 r_fwd=0.749,0.449,0.487 r_up=-0.493,-0.113,0.862 r_off=0.375,-0.150,0.112 r_palm=0.319,-0.190,0.040 l_valid=1 l_fwd=0.819,0.143,0.556 l_off=-0.110,-0.068,-0.247 h_off=-0.253,-0.291,0.070
client level=info t=305266 ev=nettick stage=sample latch=1 callbacks=26718
client level=warn t=306531 ev=vr.xr hand yaw=1.3885 r_valid=1 r_stale=0 r_fwd=0.768,0.634,0.091 r_up=0.100,-0.259,0.961 r_off=0.310,0.092,0.019 r_palm=0.234,0.039,-0.018 l_valid=1 l_fwd=0.833,0.275,0.480 l_off=-0.106,-0.075,-0.219 h_off=-0.157,-0.331,0.041
client level=warn t=306844 ev=vr.weapon callers path=getter D5D832:180 B363FA:540 B3598D:180 B40A78:0
client level=warn t=306844 ev=vr.weapon callers path=ptr D98F49:900 D7FB5C:108 DB8CB6:180 12B0A09:180 16E8861:180 D8F242:180 D8B348:180 D8B9B5:180 12B2284:29 D2F672:29 F4276C:0 D8492B:24 D7FF2C:6 CE3C40:0
client level=warn t=306844 ev=vr.weapon callers path=xform D5896F:180
client level=warn t=306859 ev=vr.probe pose in_pos=-121.58,348.59,56.69 in_fwd=0.565,0.426,0.706 in_fov=1.4242 out_pos=-121.74,348.26,56.73 out_fwd=0.794,0.607,0.021 out_fov=1.8850
client level=warn t=306969 ev=vr.body anchor=0.4154 head_yaw=0.2359 body_yaw=0.6491 error=0.0040 counts_per_rad=579 servo=1
client level=warn t=306969 ev=vr.pad stats injected=366 held=0 mouse=-3953,0 move=0.00,0.00 turn=0.00,0.00 trig=0.00,0.00 buttons=0x0
client level=info t=307266 ev=nettick stage=sample latch=1 callbacks=26813
client level=warn t=307781 ev=vr.xr hand yaw=1.3885 r_valid=1 r_stale=0 r_fwd=0.793,0.586,-0.166 r_up=0.271,-0.096,0.958 r_off=0.374,0.050,-0.077 r_palm=0.290,-0.002,-0.090 l_valid=1 l_fwd=0.841,0.259,0.474 l_off=-0.103,-0.080,-0.225 h_off=-0.154,-0.334,0.044
client level=warn t=307781 ev=vr.xr pose fwd=0.904,0.427,0.038 off=-0.154,-0.334,0.044 fov=1.8850 aspect=0.964
client level=warn t=309031 ev=vr.xr hand yaw=1.3885 r_valid=1 r_stale=0 r_fwd=0.555,0.755,0.349 r_up=0.422,-0.617,0.664 r_off=0.375,0.002,-0.039 r_palm=0.309,-0.051,-0.092 l_valid=1 l_fwd=0.747,0.538,0.390 l_off=-0.133,-0.001,-0.232 h_off=-0.152,-0.328,0.037
client level=info t=309266 ev=nettick stage=sample latch=1 callbacks=26909
client level=warn t=310281 ev=vr.xr hand yaw=1.3885 r_valid=1 r_stale=0 r_fwd=0.527,0.849,0.047 r_up=0.367,-0.277,0.888 r_off=0.380,-0.000,-0.044 r_palm=0.319,-0.073,-0.076 l_valid=1 l_fwd=0.766,0.382,0.516 l_off=-0.124,-0.046,-0.219 h_off=-0.153,-0.323,0.034
client level=warn t=310281 ev=vr.xr submit layers=1 result=0 fov=1.8850 aspect=0.9638
client level=info t=310516 ev=retail site=89 text=networking:channel_manager:connect: channel 'dir:127.0.0.1(id=0):30976#bh64' (0) closing (local 85) due to timeout:
client level=info t=310516 ev=retail site=90 text=networking:channel_manager:connect:   time since activity 958<active-send-timeout(2000), time since inactivity 8003>drop-min-active-time(8000), time since receive 7882>recv-timeout(4000))
client level=info t=310516 ev=retail site=76 text=networking:channel:packet_loss_stats: [dir:127.0.0.1(id=0):30976#bh64] Incoming packet read result summary - 8 ok, 0 discard, 0 discard-expected, 0 corrupt
client level=info t=310516 ev=retail site=77 text=networking:channel:packet_loss_stats: [dir:127.0.0.1(id=0):30976#bh64] Outgoing packet delivery summary - 3 delivered, 0 of those out-of-order, 0 lost - highest loss fraction seen 0.000
client level=info t=310516 ev=retail site=86 text=networking:channel: channel dir:127.0.0.1(id=0):30976#bh64(id '85') (ra: ''dir:127.0.0.1(id=0):30976'') state change connected -> closed
client level=info t=310516 ev=retail site=87 text=networking:channel_manager: channel 'dir:127.0.0.1(id=0):30976#bh64' (0): channel closed (reason=channel-manager-connected-timeout) because 'dir:127.0.0.1(id=0):30976' can't be reached, resetting security
server level=info t=310516 ev=gameplay stage=peer result=closed reason=12
server level=info t=310547 ev=gameplay stage=connect result=ok peer=2003 local=0x00000017 remote=0x0000005A rebuilt=0
server level=info t=310547 ev=gameplay stage=establish result=queued local=0x00000017 remote=0x0000005A
client level=warn t=310594 ev=vr.weapon callers path=getter D5D832:180 B363FA:540 B3598D:180 B40A78:2
client level=warn t=310594 ev=vr.weapon callers path=ptr D98F49:900 D7FB5C:122 DB8CB6:180 12B0A09:180 16E8861:180 D8F242:180 D8B348:180 D8B9B5:180 12B2284:31 D2F672:31 F4276C:0 D8492B:24 D7FF2C:6 CE3C40:156
client level=warn t=310594 ev=vr.weapon callers path=xform D5896F:180
client level=warn t=310625 ev=vr.probe pose in_pos=-120.66,350.32,56.69 in_fwd=0.638,0.189,0.746 in_fov=1.4242 out_pos=-120.81,350.01,56.71 out_fwd=0.947,0.247,-0.208 out_fov=1.8850
client level=warn t=310719 ev=vr.body anchor=0.4154 head_yaw=-0.1719 body_yaw=0.2478 error=-0.0050 counts_per_rad=579 servo=1
client level=warn t=310719 ev=vr.pad stats injected=377 held=2 mouse=-3716,0 move=-0.44,0.90 turn=0.00,0.00 trig=0.00,0.00 buttons=0x0
client level=info t=311266 ev=nettick stage=sample latch=1 callbacks=27005
client level=warn t=311531 ev=vr.xr hand yaw=1.3885 r_valid=1 r_stale=0 r_fwd=0.850,0.522,0.074 r_up=-0.012,-0.122,0.992 r_off=0.447,-0.057,-0.043 r_palm=0.367,-0.102,-0.080 l_valid=1 l_fwd=0.783,0.310,0.540 l_off=-0.114,-0.070,-0.229 h_off=-0.151,-0.321,0.032
client level=warn t=311531 ev=vr.xr pose fwd=0.955,0.285,-0.081 off=-0.151,-0.321,0.032 fov=1.8850 aspect=0.964
server level=info t=311563 ev=gameplay stage=message result=ok id=8 peerstage=5
server level=info t=311563 ev=gameplay stage=sendqueue result=cleared packet=1 base=4 entries=0
server level=info t=311672 ev=gameplay stage=message result=ok id=40 peerstage=5
server level=info t=311672 ev=gameplay stage=view result=queued remote=1 local=1 token=0x9EAA300100200001 list=0
server level=info t=311734 ev=gameplay stage=message result=ok id=40 peerstage=5
server level=info t=311734 ev=gameplay stage=view result=queued remote=2 local=2 token=0x9EAA300100200001 list=15
server level=info t=311734 ev=gameplay stage=sendqueue result=cleared packet=7 base=7 entries=0
server level=info t=311797 ev=gameplay stage=message result=ok id=40 peerstage=5
server level=info t=311797 ev=gameplay stage=view result=queued remote=3 local=3 token=0x9EAA300100200001 list=0
server level=info t=311797 ev=gameplay stage=message result=ok id=40 peerstage=5
server level=info t=311797 ev=gameplay stage=view result=queued remote=4 local=4 token=0x9EAA300100200001 list=0
server level=info t=311797 ev=gameplay stage=sendqueue result=cleared packet=8 base=8 entries=0
client level=warn t=312781 ev=vr.xr hand yaw=1.3885 r_valid=1 r_stale=0 r_fwd=0.683,0.690,-0.241 r_up=0.257,0.081,0.963 r_off=0.404,-0.002,-0.070 r_palm=0.332,-0.070,-0.076 l_valid=1 l_fwd=0.765,0.320,0.559 l_off=-0.113,-0.076,-0.231 h_off=-0.249,-0.377,0.090
client level=info t=313266 ev=nettick stage=sample latch=1 callbacks=27101
client level=warn t=314031 ev=vr.xr hand yaw=1.3885 r_valid=1 r_stale=0 r_fwd=0.747,0.648,-0.145 r_up=0.213,-0.027,0.977 r_off=0.439,-0.054,-0.045 r_palm=0.362,-0.115,-0.060 l_valid=1 l_fwd=0.794,0.308,0.524 l_off=-0.108,-0.080,-0.245 h_off=-0.105,-0.296,-0.035
client level=warn t=314344 ev=vr.weapon callers path=getter D5D832:180 B363FA:540 B3598D:180 B40A78:155
client level=warn t=314344 ev=vr.weapon callers path=ptr D98F49:900 D7FB5C:112 DB8CB6:180 12B0A09:180 16E8861:180 D8F242:180 D8B348:180 D8B9B5:180 12B2284:33 D2F672:33 F4276C:1 D8492B:28 D7FF2C:7 CE3C40:180
client level=warn t=314344 ev=vr.weapon callers path=xform D5896F:180
client level=warn t=314359 ev=vr.probe pose in_pos=-101.52,364.61,64.28 in_fwd=0.661,0.076,0.746 in_fov=1.4242 out_pos=-101.62,364.31,64.26 out_fwd=0.871,0.141,-0.470 out_fov=1.8850
client level=warn t=314469 ev=vr.body anchor=0.4154 head_yaw=-0.1510 body_yaw=0.2081 error=0.0503 counts_per_rad=579 servo=1
client level=warn t=314469 ev=vr.pad stats injected=382 held=1 mouse=-3703,0 move=-0.12,0.99 turn=0.00,0.00 trig=0.00,0.00 buttons=0x0
server level=info t=315156 ev=ws701 stage=profile_setup result=complete
server level=info t=315172 ev=activity stage=writeback result=ok world_state=8
client level=info t=315266 ev=nettick stage=sample latch=1 callbacks=27197
client level=warn t=315281 ev=vr.xr hand yaw=1.3885 r_valid=1 r_stale=0 r_fwd=0.671,0.733,-0.112 r_up=0.114,0.047,0.992 r_off=0.395,-0.002,-0.076 r_palm=0.328,-0.073,-0.095 l_valid=1 l_fwd=0.792,0.286,0.540 l_off=-0.111,-0.084,-0.240 h_off=-0.239,-0.284,0.073
client level=warn t=315281 ev=vr.xr pose fwd=0.206,0.872,0.443 off=-0.239,-0.284,0.073 fov=1.8850 aspect=0.964
client level=warn t=316547 ev=vr.xr hand yaw=1.3885 r_valid=1 r_stale=0 r_fwd=0.731,0.640,0.237 r_up=-0.069,-0.277,0.959 r_off=0.378,0.016,-0.035 r_palm=0.311,-0.037,-0.086 l_valid=1 l_fwd=0.782,0.249,0.572 l_off=-0.115,-0.083,-0.221 h_off=-0.157,-0.317,0.033
client level=warn t=316547 ev=vr.xr submit layers=1 result=0 fov=1.8850 aspect=0.9638
client level=info t=317266 ev=nettick stage=sample latch=1 callbacks=27291
client level=warn t=317813 ev=vr.xr hand yaw=1.3885 r_valid=1 r_stale=0 r_fwd=0.444,0.730,0.519 r_up=-0.823,0.103,0.559 r_off=0.229,0.125,0.008 r_palm=0.211,0.053,-0.058 l_valid=1 l_fwd=0.727,0.317,0.610 l_off=-0.121,-0.068,-0.153 h_off=-0.137,-0.331,0.066
client level=warn t=318141 ev=vr.weapon callers path=getter D5D832:180 B363FA:540 B3598D:180 B40A78:73
client level=warn t=318141 ev=vr.weapon callers path=ptr D98F49:900 D7FB5C:108 DB8CB6:180 12B0A09:180 16E8861:180 D8F242:180 D8B348:180 D8B9B5:180 12B2284:33 D2F672:33 F4276C:0 D8492B:24 D7FF2C:6 CE3C40:180
client level=warn t=318141 ev=vr.weapon callers path=xform D5896F:180
client level=warn t=318156 ev=vr.probe pose in_pos=-89.63,374.97,59.08 in_fwd=-0.159,0.646,0.746 in_fov=1.4242 out_pos=-89.72,374.60,59.13 out_fwd=-0.348,0.886,0.307 out_fov=1.8850
client level=warn t=318266 ev=vr.body anchor=0.4154 head_yaw=1.5230 body_yaw=1.9256 error=0.0170 counts_per_rad=579 servo=1
client level=warn t=318266 ev=vr.pad stats injected=388 held=0 mouse=-4690,0 move=0.00,0.00 turn=0.00,0.00 trig=0.00,0.00 buttons=0x0
client level=info t=318578 ev=retail site=47 text=world_controller:slice_set_transition_manager: Starting a new transition of type 'transitioning:normal_z_leg' to 'PRV40.40 (HASH: 0xc65a2a44)'; token advanced to 005
client level=info t=318688 ev=probe stage=msg12 result=received client=0x22D3A64F980 slot=0 label=PRIVATE CURRENT member=0x35F900ECFC25A1B0 status=0x01FE->0x01FE flag=1
client level=info t=318688 ev=probe stage=bind client=0x22D3A64F980 established=0x9EAA300100200001 slotrec=0x22D21B2D9A0 roster=0x22DDA0DBC80 receipt=1
client level=info t=318688 ev=probe stage=hosttail client=0x22D3A64F980 b=00000000000000000000000000000000000000000000000000000000000000000000000000000000FFFFFFFF00000000
client level=info t=318688 ev=probe stage=grant client=0x22D3A64F980 status=0x01FE pending=0 dirty=0 receipt=1
client level=info t=318688 ev=retail site=76 text=networking:channel:packet_loss_stats: [dir:127.0.0.1(id=0):30976#bh64] Incoming packet read result summary - 8 ok, 0 discard, 0 discard-expected, 0 corrupt
client level=info t=318688 ev=retail site=77 text=networking:channel:packet_loss_stats: [dir:127.0.0.1(id=0):30976#bh64] Outgoing packet delivery summary - 3 delivered, 0 of those out-of-order, 0 lost - highest loss fraction seen 0.000
client level=info t=318688 ev=retail site=86 text=networking:channel: channel dir:127.0.0.1(id=0):30976#bh64(id '90') (ra: ''dir:127.0.0.1(id=0):30976'') state change connected -> closed
client level=info t=318688 ev=retail site=87 text=networking:channel_manager: channel 'dir:127.0.0.1(id=0):30976#bh64' (0): channel closed (reason=channel-manager-owners-released) because 'dir:127.0.0.1(id=0):30976' can't be reached, resetting security
server level=info t=318703 ev=gameplay stage=peer result=closed reason=10
server level=info t=318703 ev=gameplay stage=response result=ok wordb=8 signon=0
client level=info t=318703 ev=retail site=88 text=world_controller:slice_set_transition_manager: Region 'PRV40.40 (HASH: 0xc65a2a44)' -- PAH assigned ambassadorship to us.
server level=info t=318734 ev=gameplay stage=connect result=ok peer=2003 local=0x00000018 remote=0x0000005C rebuilt=0
server level=info t=318734 ev=gameplay stage=establish result=queued local=0x00000018 remote=0x0000005C
client level=warn t=319063 ev=vr.xr hand yaw=1.3885 r_valid=1 r_stale=0 r_fwd=-0.110,0.938,0.328 r_up=0.221,-0.298,0.929 r_off=-0.105,0.215,-0.038 r_palm=-0.101,0.135,-0.097 l_valid=1 l_fwd=0.843,0.197,0.501 l_off=-0.040,-0.206,-0.135 h_off=-0.041,-0.317,0.026
client level=warn t=319063 ev=vr.xr pose fwd=-0.221,0.975,0.011 off=-0.041,-0.317,0.026 fov=1.8850 aspect=0.964
client level=info t=319266 ev=nettick stage=sample latch=1 callbacks=27387
server level=info t=319766 ev=gameplay stage=message result=ok id=8 peerstage=5
server level=info t=319766 ev=gameplay stage=sendqueue result=cleared packet=1 base=4 entries=0
server level=info t=319875 ev=gameplay stage=message result=ok id=40 peerstage=5
server level=info t=319875 ev=gameplay stage=view result=queued remote=1 local=1 token=0x9EAA300100200001 list=0
server level=info t=319938 ev=gameplay stage=message result=ok id=40 peerstage=5
server level=info t=319938 ev=gameplay stage=view result=queued remote=2 local=2 token=0x9EAA300100200001 list=15
server level=info t=319938 ev=gameplay stage=sendqueue result=cleared packet=7 base=7 entries=0
server level=info t=320000 ev=gameplay stage=message result=ok id=40 peerstage=5
server level=info t=320000 ev=gameplay stage=view result=queued remote=3 local=3 token=0x9EAA300100200001 list=0
server level=info t=320000 ev=gameplay stage=message result=ok id=40 peerstage=5
server level=info t=320000 ev=gameplay stage=view result=queued remote=4 local=4 token=0x9EAA300100200001 list=0
server level=info t=320000 ev=gameplay stage=sendqueue result=cleared packet=8 base=8 entries=0
client level=warn t=320313 ev=vr.xr hand yaw=1.3885 r_valid=1 r_stale=0 r_fwd=0.736,0.573,0.361 r_up=-0.675,0.659,0.332 r_off=0.305,-0.110,-0.241 r_palm=0.255,-0.184,-0.285 l_valid=1 l_fwd=0.833,0.183,0.522 l_off=0.159,0.022,-0.229 h_off=-0.020,-0.136,-0.001
client level=info t=320703 ev=probe stage=hosttail client=0x22D3A64F980 b=00000000000000000000000000000000000000000000000000000000000000000000000000000000FFFFFFFF00000000
client level=info t=320703 ev=probe stage=grant client=0x22D3A64F980 status=0x01FE pending=0 dirty=0 receipt=1
client level=info t=321266 ev=nettick stage=sample latch=1 callbacks=27483
client level=warn t=321563 ev=vr.xr hand yaw=1.3885 r_valid=1 r_stale=0 r_fwd=0.920,0.383,-0.088 r_up=-0.264,0.768,0.584 r_off=0.432,-0.217,-0.330 r_palm=0.352,-0.276,-0.339 l_valid=1 l_fwd=0.989,-0.121,-0.088 l_off=0.354,-0.036,-0.329 h_off=-0.024,-0.177,0.005
client level=warn t=321891 ev=vr.weapon callers path=getter D5D832:180 B363FA:540 B3598D:180 B40A78:0
client level=warn t=321891 ev=vr.weapon callers path=ptr D98F49:900 D7FB5C:108 DB8CB6:180 12B0A09:180 16E8861:180 D8F242:180 D8B348:180 D8B9B5:180 12B2284:30 D2F672:30 F4276C:0 D8492B:24 D7FF2C:6 CE3C40:25
client level=warn t=321891 ev=vr.weapon callers path=xform D5896F:180
client level=warn t=321906 ev=vr.probe pose in_pos=-89.63,374.97,59.08 in_fwd=0.596,0.297,0.746 in_fov=1.4242 out_pos=-89.69,374.81,59.08 out_fwd=0.799,0.445,-0.404 out_fov=1.8850
client level=warn t=322000 ev=vr.body anchor=0.4154 head_yaw=0.1617 body_yaw=0.5364 error=0.0330 counts_per_rad=579 servo=1
client level=warn t=322000 ev=vr.pad stats injected=388 held=0 mouse=-3889,0 move=0.00,0.00 turn=0.00,0.00 trig=0.00,0.00 buttons=0x0
client level=warn t=322250 ev=vr.xr session state=stopped
client level=info t=322703 ev=probe stage=hosttail client=0x22D3A64F980 b=00000000000000000000000000000000000000000000000000000000000000000000000000000000FFFFFFFF00000000
client level=info t=322703 ev=probe stage=grant client=0x22D3A64F980 status=0x01FE pending=0 dirty=0 receipt=1
client level=info t=323266 ev=nettick stage=sample latch=1 callbacks=27591
client level=warn t=324328 ev=vr.probe state on=0 yaw=0.0 height=0.00 fov=0.0
client level=warn t=324516 ev=vr.weapon callers path=getter D5D832:180 B363FA:540 B3598D:180 B40A78:0
client level=warn t=324516 ev=vr.weapon callers path=ptr D98F49:900 D7FB5C:117 DB8CB6:180 12B0A09:180 16E8861:180 D8F242:180 D8B348:180 D8B9B5:180 12B2284:22 D2F672:22 F4276C:0 D8492B:24 D7FF2C:6 CE3C40:0
client level=warn t=324516 ev=vr.weapon callers path=xform D5896F:180
client level=info t=324703 ev=probe stage=hosttail client=0x22D3A64F980 b=00000000000000000000000000000000000000000000000000000000000000000000000000000000FFFFFFFF00000000
client level=info t=324703 ev=probe stage=grant client=0x22D3A64F980 status=0x01FE pending=0 dirty=0 receipt=1
client level=info t=325266 ev=nettick stage=sample latch=1 callbacks=27829
client level=warn t=325500 ev=vr.weapon callers path=getter D5D832:180 B363FA:540 B3598D:180 B40A78:0
client level=warn t=325500 ev=vr.weapon callers path=ptr D98F49:900 D7FB5C:104 DB8CB6:180 12B0A09:180 16E8861:180 D8F242:180 D8B348:180 D8B9B5:180 12B2284:9 D2F672:9 F4276C:0 D8492B:24 D7FF2C:6 CE3C40:0
client level=warn t=325500 ev=vr.weapon callers path=xform D5896F:180
client level=info t=326719 ev=probe stage=hosttail client=0x22D3A64F980 b=00000000000000000000000000000000000000000000000000000000000000000000000000000000FFFFFFFF00000000
client level=info t=326719 ev=probe stage=grant client=0x22D3A64F980 status=0x01FE pending=0 dirty=0 receipt=1
client level=warn t=327094 ev=vr.weapon callers path=getter D5D832:180 B363FA:540 B3598D:180 B40A78:0
client level=warn t=327094 ev=vr.weapon callers path=ptr D98F49:900 D7FB5C:109 DB8CB6:180 12B0A09:180 16E8861:180 D8F242:180 D8B348:180 D8B9B5:180 12B2284:13 D2F672:13 F4276C:0 D8492B:24 D7FF2C:6 CE3C40:0
client level=warn t=327094 ev=vr.weapon callers path=xform D5896F:180
client level=info t=327266 ev=nettick stage=sample latch=1 callbacks=28079
client level=info t=327813 ev=retail site=89 text=networking:channel_manager:connect: channel 'dir:127.0.0.1(id=0):30992#bh64' (1) closing (local 92) due to timeout:
client level=info t=327813 ev=retail site=90 text=networking:channel_manager:connect:   time since activity 928<active-send-timeout(2000), time since inactivity 8005>drop-min-active-time(8000), time since receive 7856>recv-timeout(4000))
client level=info t=327813 ev=retail site=76 text=networking:channel:packet_loss_stats: [dir:127.0.0.1(id=0):30992#bh64] Incoming packet read result summary - 8 ok, 0 discard, 0 discard-expected, 0 corrupt
client level=info t=327813 ev=retail site=77 text=networking:channel:packet_loss_stats: [dir:127.0.0.1(id=0):30992#bh64] Outgoing packet delivery summary - 3 delivered, 0 of those out-of-order, 0 lost - highest loss fraction seen 0.000
client level=info t=327813 ev=retail site=86 text=networking:channel: channel dir:127.0.0.1(id=0):30992#bh64(id '92') (ra: ''dir:127.0.0.1(id=0):30992'') state change connected -> closed
client level=info t=327813 ev=retail site=87 text=networking:channel_manager: channel 'dir:127.0.0.1(id=0):30992#bh64' (1): channel closed (reason=channel-manager-connected-timeout) because 'dir:127.0.0.1(id=0):30992' can't be reached, resetting security
server level=info t=327813 ev=gameplay stage=peer result=closed reason=12
server level=info t=327828 ev=gameplay stage=connect result=ok peer=2003 local=0x00000019 remote=0x00000061 rebuilt=0
server level=info t=327828 ev=gameplay stage=establish result=queued local=0x00000019 remote=0x00000061
client level=warn t=328344 ev=vr.weapon callers path=getter D5D832:180 B363FA:540 B3598D:180 B40A78:0
client level=warn t=328344 ev=vr.weapon callers path=ptr D98F49:900 D7FB5C:108 DB8CB6:180 12B0A09:180 16E8861:180 D8F242:180 D8B348:180 D8B9B5:180 12B2284:11 D2F672:11 F4276C:0 D8492B:24 D7FF2C:6 CE3C40:0
client level=warn t=328344 ev=vr.weapon callers path=xform D5896F:180
server level=info t=328703 ev=gameplay stage=association result=timeout
client level=info t=328719 ev=probe stage=hosttail client=0x22D3A64F980 b=00000000000000000000000000000000000000000000000000000000000000000000000000000000FFFFFFFF00000000
client level=info t=328719 ev=probe stage=grant client=0x22D3A64F980 status=0x01FE pending=0 dirty=0 receipt=1
server level=info t=328844 ev=gameplay stage=message result=ok id=8 peerstage=5
server level=info t=328844 ev=gameplay stage=sendqueue result=cleared packet=1 base=4 entries=0
server level=info t=328875 ev=gameplay stage=message result=ok id=40 peerstage=5
server level=info t=328875 ev=gameplay stage=view result=queued remote=1 local=1 token=0x9EAA300100200001 list=0
server level=info t=328922 ev=gameplay stage=message result=ok id=40 peerstage=5
server level=info t=328922 ev=gameplay stage=view result=queued remote=2 local=2 token=0x9EAA300100200001 list=15
server level=info t=328922 ev=gameplay stage=sendqueue result=cleared packet=7 base=7 entries=0
server level=info t=328984 ev=gameplay stage=message result=ok id=40 peerstage=5
server level=info t=328984 ev=gameplay stage=view result=queued remote=3 local=3 token=0x9EAA300100200001 list=0
server level=info t=328984 ev=gameplay stage=message result=ok id=40 peerstage=5
server level=info t=328984 ev=gameplay stage=view result=queued remote=4 local=4 token=0x9EAA300100200001 list=0
server level=info t=328984 ev=gameplay stage=sendqueue result=cleared packet=8 base=8 entries=0
client level=info t=329266 ev=nettick stage=sample latch=1 callbacks=28365
client level=warn t=330234 ev=vr.weapon callers path=getter D5D832:180 B363FA:540 B3598D:180 B40A78:0
client level=warn t=330234 ev=vr.weapon callers path=ptr D98F49:900 D7FB5C:112 DB8CB6:180 12B0A09:180 16E8861:180 D8F242:180 D8B348:180 D8B9B5:180 12B2284:15 D2F672:15 F4276C:0 D8492B:24 D7FF2C:6 CE3C40:0
client level=warn t=330234 ev=vr.weapon callers path=xform D5896F:180
client level=info t=330719 ev=probe stage=hosttail client=0x22D3A64F980 b=00000000000000000000000000000000000000000000000000000000000000000000000000000000FFFFFFFF00000000
client level=info t=330719 ev=probe stage=grant client=0x22D3A64F980 status=0x01FE pending=0 dirty=0 receipt=1
client level=info t=331266 ev=nettick stage=sample latch=1 callbacks=28560
client level=warn t=332016 ev=vr.weapon callers path=getter D5D832:180 B363FA:540 B3598D:180 B40A78:0
client level=warn t=332016 ev=vr.weapon callers path=ptr D98F49:900 D7FB5C:114 DB8CB6:180 12B0A09:180 16E8861:180 D8F242:180 D8B348:180 D8B9B5:180 12B2284:14 D2F672:14 F4276C:0 D8492B:24 D7FF2C:6 CE3C40:0
client level=warn t=332016 ev=vr.weapon callers path=xform D5896F:180
client level=info t=332719 ev=probe stage=hosttail client=0x22D3A64F980 b=00000000000000000000000000000000000000000000000000000000000000000000000000000000FFFFFFFF00000000
client level=info t=332719 ev=probe stage=grant client=0x22D3A64F980 status=0x01FE pending=0 dirty=0 receipt=1
client level=info t=333266 ev=nettick stage=sample latch=1 callbacks=28749
client level=warn t=333438 ev=vr.weapon callers path=getter D5D832:180 B363FA:540 B3598D:180 B40A78:0
client level=warn t=333438 ev=vr.weapon callers path=ptr D98F49:900 D7FB5C:109 DB8CB6:180 12B0A09:180 16E8861:180 D8F242:180 D8B348:180 D8B9B5:180 12B2284:13 D2F672:13 F4276C:0 D8492B:24 D7FF2C:6 CE3C40:0
client level=warn t=333438 ev=vr.weapon callers path=xform D5896F:180
client level=warn t=334703 ev=vr.weapon callers path=getter D5D832:180 B363FA:540 B3598D:180 B40A78:0
client level=warn t=334703 ev=vr.weapon callers path=ptr D98F49:900 D7FB5C:109 DB8CB6:180 12B0A09:180 16E8861:180 D8F242:180 D8B348:180 D8B9B5:180 12B2284:12 D2F672:12 F4276C:0 D8492B:28 D7FF2C:6 CE3C40:0
client level=warn t=334703 ev=vr.weapon callers path=xform D5896F:180
client level=info t=334719 ev=probe stage=hosttail client=0x22D3A64F980 b=00000000000000000000000000000000000000000000000000000000000000000000000000000000FFFFFFFF00000000
client level=info t=334719 ev=probe stage=grant client=0x22D3A64F980 status=0x01FE pending=0 dirty=0 receipt=1
client level=info t=335266 ev=nettick stage=sample latch=1 callbacks=28978
client level=info t=336734 ev=probe stage=hosttail client=0x22D3A64F980 b=00000000000000000000000000000000000000000000000000000000000000000000000000000000FFFFFFFF00000000
client level=info t=336734 ev=probe stage=grant client=0x22D3A64F980 status=0x01FE pending=0 dirty=0 receipt=1
client level=warn t=336766 ev=vr.weapon callers path=getter D5D832:180 B363FA:540 B3598D:180 B40A78:0
client level=warn t=336766 ev=vr.weapon callers path=ptr D98F49:900 D7FB5C:108 DB8CB6:180 12B0A09:180 16E8861:180 D8F242:180 D8B348:180 D8B9B5:180 12B2284:16 D2F672:16 F4276C:0 D8492B:24 D7FF2C:7 CE3C40:0
client level=warn t=336766 ev=vr.weapon callers path=xform D5896F:180
client level=info t=336875 ev=retail site=89 text=networking:channel_manager:connect: channel 'dir:127.0.0.1(id=0):30992#bh64' (1) closing (local 97) due to timeout:
client level=info t=336875 ev=retail site=90 text=networking:channel_manager:connect:   time since activity 38<active-send-timeout(2000), time since inactivity 8021>drop-min-active-time(8000), time since receive 7943>recv-timeout(4000))
client level=info t=336875 ev=retail site=76 text=networking:channel:packet_loss_stats: [dir:127.0.0.1(id=0):30992#bh64] Incoming packet read result summary - 8 ok, 0 discard, 0 discard-expected, 0 corrupt
client level=info t=336875 ev=retail site=77 text=networking:channel:packet_loss_stats: [dir:127.0.0.1(id=0):30992#bh64] Outgoing packet delivery summary - 3 delivered, 0 of those out-of-order, 0 lost - highest loss fraction seen 0.000
client level=info t=336875 ev=retail site=86 text=networking:channel: channel dir:127.0.0.1(id=0):30992#bh64(id '97') (ra: ''dir:127.0.0.1(id=0):30992'') state change connected -> closed
client level=info t=336875 ev=retail site=87 text=networking:channel_manager: channel 'dir:127.0.0.1(id=0):30992#bh64' (1): channel closed (reason=channel-manager-connected-timeout) because 'dir:127.0.0.1(id=0):30992' can't be reached, resetting security
server level=info t=336875 ev=gameplay stage=peer result=closed reason=12
server level=info t=336922 ev=gameplay stage=connect result=ok peer=2003 local=0x0000001A remote=0x00000066 rebuilt=0
server level=info t=336922 ev=gameplay stage=establish result=queued local=0x0000001A remote=0x00000066
client level=info t=337266 ev=nettick stage=sample latch=1 callbacks=29147
server level=info t=337953 ev=gameplay stage=message result=ok id=8 peerstage=5
server level=info t=337953 ev=gameplay stage=sendqueue result=cleared packet=1 base=5 entries=0
server level=info t=338000 ev=gameplay stage=message result=ok id=40 peerstage=5
server level=info t=338000 ev=gameplay stage=view result=queued remote=1 local=1 token=0x9EAA300100200001 list=0
server level=info t=338063 ev=gameplay stage=message result=ok id=40 peerstage=5
server level=info t=338063 ev=gameplay stage=view result=queued remote=2 local=2 token=0x9EAA300100200001 list=15
server level=info t=338063 ev=gameplay stage=sendqueue result=cleared packet=7 base=7 entries=0
server level=info t=338125 ev=gameplay stage=message result=ok id=40 peerstage=5
server level=info t=338125 ev=gameplay stage=view result=queued remote=3 local=3 token=0x9EAA300100200001 list=0
server level=info t=338125 ev=gameplay stage=message result=ok id=40 peerstage=5
server level=info t=338125 ev=gameplay stage=view result=queued remote=4 local=4 token=0x9EAA300100200001 list=0
server level=info t=338125 ev=gameplay stage=sendqueue result=cleared packet=8 base=8 entries=0
client level=info t=338734 ev=probe stage=hosttail client=0x22D3A64F980 b=00000000000000000000000000000000000000000000000000000000000000000000000000000000FFFFFFFF00000000
client level=info t=338734 ev=probe stage=grant client=0x22D3A64F980 status=0x01FE pending=0 dirty=0 receipt=1
client level=warn t=339016 ev=vr.weapon callers path=getter D5D832:180 B363FA:540 B3598D:180 B40A78:0
client level=warn t=339016 ev=vr.weapon callers path=ptr D98F49:900 D7FB5C:111 DB8CB6:180 12B0A09:180 16E8861:180 D8F242:180 D8B348:180 D8B9B5:180 12B2284:18 D2F672:18 F4276C:0 D8492B:24 D7FF2C:6 CE3C40:0
client level=warn t=339016 ev=vr.weapon callers path=xform D5896F:180
client level=info t=339266 ev=nettick stage=sample latch=1 callbacks=29328
client level=warn t=340469 ev=vr.weapon callers path=getter D5D832:180 B363FA:540 B3598D:180 B40A78:0
client level=warn t=340469 ev=vr.weapon callers path=ptr D98F49:900 D7FB5C:112 DB8CB6:180 12B0A09:180 16E8861:180 D8F242:180 D8B348:180 D8B9B5:180 12B2284:13 D2F672:13 F4276C:0 D8492B:24 D7FF2C:6 CE3C40:0
client level=warn t=340469 ev=vr.weapon callers path=xform D5896F:180
client level=info t=340734 ev=probe stage=hosttail client=0x22D3A64F980 b=00000000000000000000000000000000000000000000000000000000000000000000000000000000FFFFFFFF00000000
client level=info t=340734 ev=probe stage=grant client=0x22D3A64F980 status=0x01FE pending=0 dirty=0 receipt=1
client level=info t=341266 ev=nettick stage=sample latch=1 callbacks=29575
client level=warn t=342219 ev=vr.weapon callers path=getter D5D832:180 B363FA:540 B3598D:180 B40A78:0
client level=warn t=342219 ev=vr.weapon callers path=ptr D98F49:900 D7FB5C:119 DB8CB6:180 12B0A09:180 16E8861:180 D8F242:180 D8B348:180 D8B9B5:180 12B2284:15 D2F672:15 F4276C:0 D8492B:25 D7FF2C:6 CE3C40:0
client level=warn t=342219 ev=vr.weapon callers path=xform D5896F:180
client level=info t=342859 ev=probe stage=hosttail client=0x22D3A64F980 b=00000000000000000000000000000000000000000000000000000000000000000000000000000000FFFFFFFF00000000
client level=info t=342859 ev=probe stage=grant client=0x22D3A64F980 status=0x01FE pending=0 dirty=0 receipt=1
client level=info t=343266 ev=nettick stage=sample latch=1 callbacks=29716
client level=warn t=344734 ev=vr.weapon callers path=getter D5D832:180 B363FA:540 B3598D:180 B40A78:0
client level=warn t=344734 ev=vr.weapon callers path=ptr D98F49:900 D7FB5C:110 DB8CB6:180 12B0A09:180 16E8861:180 D8F242:180 D8B348:180 D8B9B5:180 12B2284:17 D2F672:17 F4276C:0 D8492B:27 D7FF2C:7 CE3C40:0
client level=warn t=344734 ev=vr.weapon callers path=xform D5896F:180
client level=info t=344859 ev=probe stage=hosttail client=0x22D3A64F980 b=00000000000000000000000000000000000000000000000000000000000000000000000000000000FFFFFFFF00000000
client level=info t=344859 ev=probe stage=grant client=0x22D3A64F980 status=0x01FE pending=0 dirty=0 receipt=1
client level=info t=345266 ev=nettick stage=sample latch=1 callbacks=29910
server level=info t=345734 ev=ws701 stage=profile_setup result=complete
server level=info t=345734 ev=activity stage=writeback result=ok world_state=8
client level=info t=346000 ev=retail site=89 text=networking:channel_manager:connect: channel 'dir:127.0.0.1(id=0):30992#bh64' (1) closing (local 102) due to timeout:
client level=info t=346000 ev=retail site=90 text=networking:channel_manager:connect:   time since activity 107<active-send-timeout(2000), time since inactivity 8024>drop-min-active-time(8000), time since receive 7933>recv-timeout(4000))
client level=info t=346000 ev=retail site=76 text=networking:channel:packet_loss_stats: [dir:127.0.0.1(id=0):30992#bh64] Incoming packet read result summary - 8 ok, 0 discard, 0 discard-expected, 0 corrupt
client level=info t=346000 ev=retail site=77 text=networking:channel:packet_loss_stats: [dir:127.0.0.1(id=0):30992#bh64] Outgoing packet delivery summary - 3 delivered, 0 of those out-of-order, 0 lost - highest loss fraction seen 0.000
client level=info t=346000 ev=retail site=86 text=networking:channel: channel dir:127.0.0.1(id=0):30992#bh64(id '102') (ra: ''dir:127.0.0.1(id=0):30992'') state change connected -> closed
client level=info t=346000 ev=retail site=87 text=networking:channel_manager: channel 'dir:127.0.0.1(id=0):30992#bh64' (1): channel closed (reason=channel-manager-connected-timeout) because 'dir:127.0.0.1(id=0):30992' can't be reached, resetting security
server level=info t=346016 ev=gameplay stage=peer result=closed reason=12
server level=info t=346047 ev=gameplay stage=connect result=ok peer=2003 local=0x0000001B remote=0x0000006B rebuilt=0
server level=info t=346047 ev=gameplay stage=establish result=queued local=0x0000001B remote=0x0000006B
client level=warn t=346766 ev=vr.weapon callers path=getter D5D832:180 B363FA:540 B3598D:180 B40A78:0
client level=warn t=346766 ev=vr.weapon callers path=ptr D98F49:900 D7FB5C:112 DB8CB6:180 12B0A09:180 16E8861:180 D8F242:180 D8B348:180 D8B9B5:180 12B2284:17 D2F672:17 F4276C:0 D8492B:24 D7FF2C:6 CE3C40:0
client level=warn t=346766 ev=vr.weapon callers path=xform D5896F:180
client level=info t=346859 ev=probe stage=hosttail client=0x22D3A64F980 b=00000000000000000000000000000000000000000000000000000000000000000000000000000000FFFFFFFF00000000
client level=info t=346859 ev=probe stage=grant client=0x22D3A64F980 status=0x01FE pending=0 dirty=0 receipt=1
server level=info t=347094 ev=gameplay stage=message result=ok id=8 peerstage=5
server level=info t=347094 ev=gameplay stage=sendqueue result=cleared packet=1 base=5 entries=0
server level=info t=347125 ev=gameplay stage=message result=ok id=40 peerstage=5
server level=info t=347125 ev=gameplay stage=view result=queued remote=1 local=1 token=0x9EAA300100200001 list=0
server level=info t=347188 ev=gameplay stage=message result=ok id=40 peerstage=5
server level=info t=347188 ev=gameplay stage=view result=queued remote=2 local=2 token=0x9EAA300100200001 list=15
server level=info t=347188 ev=gameplay stage=sendqueue result=cleared packet=7 base=7 entries=0
server level=info t=347234 ev=gameplay stage=message result=ok id=40 peerstage=5
server level=info t=347234 ev=gameplay stage=view result=queued remote=3 local=3 token=0x9EAA300100200001 list=0
server level=info t=347234 ev=gameplay stage=message result=ok id=40 peerstage=5
server level=info t=347234 ev=gameplay stage=view result=queued remote=4 local=4 token=0x9EAA300100200001 list=0
server level=info t=347234 ev=gameplay stage=sendqueue result=cleared packet=8 base=8 entries=0
client level=info t=347266 ev=nettick stage=sample latch=1 callbacks=30102
client level=warn t=348219 ev=vr.probe state on=1 yaw=0.0 height=0.00 fov=0.0
client level=warn t=348234 ev=vr.xr session state=running
client level=warn t=349016 ev=vr.weapon callers path=getter D5D832:180 B363FA:540 B3598D:180 B40A78:0
client level=warn t=349016 ev=vr.weapon callers path=ptr D98F49:900 D7FB5C:103 DB8CB6:180 12B0A09:180 16E8861:180 D8F242:180 D8B348:180 D8B9B5:180 12B2284:16 D2F672:16 F4276C:0 D8492B:24 D7FF2C:6 CE3C40:0
client level=warn t=349016 ev=vr.weapon callers path=xform D5896F:180
client level=warn t=349031 ev=vr.probe pose in_pos=-89.63,374.97,59.08 in_fwd=0.196,0.636,0.746 in_fov=1.4242 out_pos=-89.76,375.75,58.79 out_fwd=0.290,0.951,-0.111 out_fov=1.8850
client level=warn t=349203 ev=vr.xr hand yaw=1.3937 r_valid=1 r_stale=0 r_fwd=0.889,0.446,-0.101 r_up=-0.317,0.762,0.565 r_off=0.506,0.270,-0.458 r_palm=0.431,0.205,-0.465 l_valid=1 l_fwd=0.997,0.004,-0.083 l_off=0.438,0.460,-0.461 h_off=-0.121,0.732,-0.252
client level=warn t=349203 ev=vr.xr pose fwd=0.265,0.961,-0.075 off=-0.121,0.732,-0.252 fov=1.8850 aspect=0.964
client level=warn t=349203 ev=vr.xr submit layers=1 result=0 fov=1.8850 aspect=0.9638
client level=info t=349266 ev=nettick stage=sample latch=1 callbacks=30222
client level=warn t=349625 ev=vr.body anchor=0.4206 head_yaw=0.6473 body_yaw=1.4262 error=-0.2098 counts_per_rad=579 servo=1
client level=warn t=349625 ev=vr.pad stats injected=388 held=0 mouse=-4364,0 move=0.00,0.00 turn=0.00,0.00 trig=0.00,0.00 buttons=0x0
client level=warn t=350875 ev=vr.xr hand yaw=1.3937 r_valid=1 r_stale=1 r_fwd=0.889,0.446,-0.101 r_up=-0.317,0.762,0.565 r_off=0.506,0.270,-0.458 r_palm=0.431,0.205,-0.465 l_valid=1 l_fwd=0.997,0.004,-0.083 l_off=0.437,0.459,-0.460 h_off=-0.044,0.458,-0.160
client level=info t=351281 ev=nettick stage=sample latch=1 callbacks=30294
client level=warn t=352547 ev=vr.xr hand yaw=1.3937 r_valid=1 r_stale=0 r_fwd=0.889,0.446,-0.101 r_up=-0.318,0.762,0.564 r_off=0.506,0.270,-0.458 r_palm=0.431,0.205,-0.465 l_valid=1 l_fwd=0.997,0.003,-0.082 l_off=0.437,0.458,-0.459 h_off=-0.124,0.732,-0.225
client level=warn t=352672 ev=vr.body servo=stuck reason=no_response action=stop_injecting
client level=info t=353281 ev=nettick stage=sample latch=1 callbacks=30372
client level=warn t=353719 ev=vr.weapon callers path=getter D5D832:180 B363FA:540 B3598D:180 B40A78:0
client level=warn t=353719 ev=vr.weapon callers path=ptr D98F49:900 D7FB5C:125 DB8CB6:180 12B0A09:111 16E8861:180 D8F242:180 D8B348:180 D8B9B5:180 12B2284:35 D2F672:35 F4276C:0 D8492B:27 D7FF2C:6 CE3C40:0
client level=warn t=353719 ev=vr.weapon callers path=xform D5896F:180
client level=warn t=353734 ev=vr.probe pose in_pos=-89.63,374.97,59.08 in_fwd=0.072,0.662,0.746 in_fov=1.4242 out_pos=-89.75,375.69,58.86 out_fwd=0.078,0.976,0.201 out_fov=1.8850
client level=warn t=353828 ev=vr.xr hand yaw=1.3937 r_valid=1 r_stale=0 r_fwd=0.889,0.446,-0.101 r_up=-0.318,0.762,0.564 r_off=0.506,0.270,-0.458 r_palm=0.431,0.205,-0.465 l_valid=1 l_fwd=0.997,0.003,-0.082 l_off=0.437,0.458,-0.459 h_off=-0.113,0.722,-0.216
client level=warn t=353828 ev=vr.xr pose fwd=0.080,0.976,0.201 off=-0.113,0.722,-0.216 fov=1.8850 aspect=0.964
client level=warn t=354203 ev=vr.body anchor=0.4206 head_yaw=1.0713 body_yaw=1.4625 error=0.0285 counts_per_rad=579 servo=1
client level=warn t=354203 ev=vr.pad stats injected=388 held=0 mouse=-4566,0 move=0.00,0.00 turn=0.00,0.00 trig=0.00,0.00 buttons=0x0
client level=info t=355109 ev=retail site=89 text=networking:channel_manager:connect: channel 'dir:127.0.0.1(id=0):30992#bh64' (1) closing (local 107) due to timeout:
client level=info t=355109 ev=retail site=90 text=networking:channel_manager:connect:   time since activity 87<active-send-timeout(2000), time since inactivity 8001>drop-min-active-time(8000), time since receive 7908>recv-timeout(4000))
client level=info t=355109 ev=retail site=76 text=networking:channel:packet_loss_stats: [dir:127.0.0.1(id=0):30992#bh64] Incoming packet read result summary - 8 ok, 0 discard, 0 discard-expected, 0 corrupt
client level=info t=355109 ev=retail site=77 text=networking:channel:packet_loss_stats: [dir:127.0.0.1(id=0):30992#bh64] Outgoing packet delivery summary - 3 delivered, 0 of those out-of-order, 0 lost - highest loss fraction seen 0.000
client level=info t=355109 ev=retail site=86 text=networking:channel: channel dir:127.0.0.1(id=0):30992#bh64(id '107') (ra: ''dir:127.0.0.1(id=0):30992'') state change connected -> closed
client level=info t=355109 ev=retail site=87 text=networking:channel_manager: channel 'dir:127.0.0.1(id=0):30992#bh64' (1): channel closed (reason=channel-manager-connected-timeout) because 'dir:127.0.0.1(id=0):30992' can't be reached, resetting security
server level=info t=355109 ev=gameplay stage=peer result=closed reason=12
server level=info t=355125 ev=gameplay stage=connect result=ok peer=2003 local=0x0000001C remote=0x0000006C rebuilt=0
server level=info t=355125 ev=gameplay stage=establish result=queued local=0x0000001C remote=0x0000006C
client level=warn t=355156 ev=vr.xr hand yaw=1.3937 r_valid=1 r_stale=0 r_fwd=0.889,0.446,-0.101 r_up=-0.318,0.762,0.564 r_off=0.506,0.270,-0.458 r_palm=0.431,0.205,-0.465 l_valid=1 l_fwd=0.997,0.003,-0.082 l_off=0.437,0.458,-0.459 h_off=-0.111,0.718,-0.213
client level=info t=355297 ev=nettick stage=sample latch=1 callbacks=30465
server level=info t=356156 ev=gameplay stage=message result=ok id=8 peerstage=5
server level=info t=356156 ev=gameplay stage=sendqueue result=cleared packet=1 base=5 entries=0
server level=info t=356234 ev=gameplay stage=message result=ok id=40 peerstage=5
server level=info t=356234 ev=gameplay stage=view result=queued remote=1 local=1 token=0x9EAA300100200001 list=0
server level=info t=356313 ev=gameplay stage=message result=ok id=40 peerstage=5
server level=info t=356313 ev=gameplay stage=view result=queued remote=2 local=2 token=0x9EAA300100200001 list=15
server level=info t=356313 ev=gameplay stage=sendqueue result=cleared packet=7 base=7 entries=0
server level=info t=356359 ev=gameplay stage=message result=ok id=40 peerstage=5
server level=info t=356359 ev=gameplay stage=view result=queued remote=3 local=3 token=0x9EAA300100200001 list=0
server level=info t=356359 ev=gameplay stage=message result=ok id=40 peerstage=5
server level=info t=356359 ev=gameplay stage=view result=queued remote=4 local=4 token=0x9EAA300100200001 list=0
server level=info t=356359 ev=gameplay stage=sendqueue result=cleared packet=8 base=8 entries=0
client level=warn t=356375 ev=vr.xr hand yaw=1.3937 r_valid=1 r_stale=1 r_fwd=0.889,0.446,-0.101 r_up=-0.318,0.762,0.564 r_off=0.506,0.270,-0.458 r_palm=0.431,0.205,-0.465 l_valid=1 l_fwd=0.997,0.002,-0.082 l_off=0.437,0.458,-0.459 h_off=-0.104,0.713,-0.205
client level=warn t=356375 ev=vr.xr submit layers=1 result=0 fov=1.8850 aspect=0.9638
client level=info t=357297 ev=nettick stage=sample latch=1 callbacks=30564
client level=warn t=357484 ev=vr.weapon callers path=getter D5D832:180 B363FA:540 B3598D:180 B40A78:0
client level=warn t=357484 ev=vr.weapon callers path=ptr D98F49:900 D7FB5C:108 DB8CB6:180 12B0A09:0 16E8861:180 D8F242:180 D8B348:180 D8B9B5:180 12B2284:29 D2F672:29 F4276C:0 D8492B:25 D7FF2C:7 CE3C40:0 B35BEE:28
client level=warn t=357484 ev=vr.weapon callers path=xform D5896F:180
client level=warn t=357500 ev=vr.probe pose in_pos=-89.63,374.97,59.08 in_fwd=0.072,0.662,0.746 in_fov=1.4242 out_pos=-89.73,375.68,58.88 out_fwd=0.141,0.955,0.259 out_fov=1.8850
client level=warn t=357594 ev=vr.xr hand yaw=1.3937 r_valid=1 r_stale=1 r_fwd=0.889,0.446,-0.101 r_up=-0.318,0.762,0.564 r_off=0.506,0.270,-0.458 r_palm=0.431,0.205,-0.465 l_valid=1 l_fwd=0.997,0.002,-0.082 l_off=0.437,0.458,-0.459 h_off=-0.099,0.708,-0.201
client level=warn t=357594 ev=vr.xr pose fwd=0.135,0.957,0.256 off=-0.099,0.708,-0.201 fov=1.8850 aspect=0.964
client level=warn t=357891 ev=vr.body anchor=0.4206 head_yaw=1.0135 body_yaw=1.4625 error=-0.0301 counts_per_rad=579 servo=1
client level=warn t=357891 ev=vr.pad stats injected=388 held=0 mouse=-4580,0 move=0.00,0.00 turn=0.00,0.00 trig=0.00,0.00 buttons=0x0
client level=warn t=358859 ev=vr.xr hand yaw=1.3937 r_valid=1 r_stale=1 r_fwd=0.889,0.446,-0.101 r_up=-0.318,0.762,0.564 r_off=0.506,0.270,-0.458 r_palm=0.431,0.205,-0.465 l_valid=1 l_fwd=0.997,0.002,-0.082 l_off=0.437,0.458,-0.459 h_off=-0.100,0.708,-0.202
client level=info t=359313 ev=nettick stage=sample latch=1 callbacks=30658
client level=info t=360031 ev=retail site=84 text=networking:bandwidth: min_channels: 0 max channels: 1 max bps: 79200 avg cong bps: -1 low cong bps: -1 hi cong bps: -1 lat avg: -1 lat hi avg: 0 lat avg var: -1 pct loss: 0.00 pct loss hi avg: [0.00].
client level=info t=360031 ev=retail site=85 text=networking:bandwidth: machine [5F:DD:37:99:3D:2E:4288] longest reception gap [62ms] longest ack gap [82ms] pct loss [0.00] disc count [0] sps [16] rps [0] bh: [y].
client level=warn t=360141 ev=vr.xr hand yaw=1.3937 r_valid=1 r_stale=1 r_fwd=0.889,0.446,-0.101 r_up=-0.318,0.762,0.564 r_off=0.506,0.270,-0.458 r_palm=0.431,0.205,-0.465 l_valid=1 l_fwd=0.997,0.002,-0.082 l_off=0.437,0.458,-0.459 h_off=-0.098,0.706,-0.200
client level=info t=361297 ev=retail site=76 text=networking:channel:packet_loss_stats: [dir:127.0.0.1(id=0):30992#bh64] Incoming packet read result summary - 8 ok, 0 discard, 0 discard-expected, 0 corrupt
client level=info t=361297 ev=retail site=77 text=networking:channel:packet_loss_stats: [dir:127.0.0.1(id=0):30992#bh64] Outgoing packet delivery summary - 3 delivered, 0 of those out-of-order, 0 lost - highest loss fraction seen 0.000
client level=info t=361297 ev=retail site=78 text=networking:stream_manager:retail: # 1 rx 0.0/rxbps 0.0kb tx 8.5/txbps32.7kb cx15.0pkts/33.0cxkbps lat=  0avg,  -1cg to=9999 aloc45.0kb max513.0kbps, loss=0.00pct loss dev 2.00pct rel=N, name=                            bh64
client level=info t=361297 ev=retail site=79 text=networking:stream_manager:retail: Local peer network quality = 1.000000/1.0, worst_axis = -1
client level=warn t=361297 ev=vr.weapon callers path=getter D5D832:180 B363FA:540 B3598D:180 B40A78:0
client level=warn t=361297 ev=vr.weapon callers path=ptr D98F49:900 D7FB5C:126 DB8CB6:180 12B0A09:0 16E8861:180 D8F242:180 D8B348:180 D8B9B5:180 12B2284:30 D2F672:30 F4276C:0 D8492B:26 D7FF2C:6 CE3C40:0 B35BEE:0
client level=warn t=361297 ev=vr.weapon callers path=xform D5896F:180
client level=warn t=361313 ev=vr.probe pose in_pos=-89.63,374.97,59.08 in_fwd=0.072,0.662,0.746 in_fov=1.4242 out_pos=-89.73,375.68,58.88 out_fwd=0.098,0.970,0.221 out_fov=1.8850
client level=info t=361328 ev=nettick stage=sample latch=1 callbacks=30754
client level=warn t=361406 ev=vr.xr hand yaw=1.3937 r_valid=1 r_stale=1 r_fwd=0.889,0.446,-0.101 r_up=-0.318,0.762,0.564 r_off=0.506,0.270,-0.458 r_palm=0.431,0.205,-0.465 l_valid=1 l_fwd=0.997,0.002,-0.082 l_off=0.437,0.458,-0.459 h_off=-0.101,0.707,-0.203
client level=warn t=361406 ev=vr.xr pose fwd=0.100,0.972,0.212 off=-0.101,0.707,-0.203 fov=1.8850 aspect=0.964
client level=warn t=361734 ev=vr.body anchor=0.4206 head_yaw=1.0197 body_yaw=1.4625 error=-0.0082 counts_per_rad=579 servo=1
client level=warn t=361734 ev=vr.pad stats injected=388 held=0 mouse=-4570,0 move=0.00,0.00 turn=0.00,0.00 trig=0.00,0.00 buttons=0x0
client level=warn t=362656 ev=vr.xr hand yaw=1.3937 r_valid=1 r_stale=1 r_fwd=0.889,0.446,-0.101 r_up=-0.318,0.762,0.564 r_off=0.506,0.270,-0.458 r_palm=0.431,0.205,-0.465 l_valid=1 l_fwd=0.997,0.002,-0.082 l_off=0.437,0.458,-0.459 h_off=0.021,0.249,-0.116
client level=warn t=362656 ev=vr.xr submit layers=1 result=0 fov=1.8850 aspect=0.9638
client level=info t=363344 ev=nettick stage=sample latch=1 callbacks=30851
client level=warn t=363906 ev=vr.xr hand yaw=1.3937 r_valid=1 r_stale=1 r_fwd=0.889,0.446,-0.101 r_up=-0.318,0.762,0.564 r_off=0.506,0.270,-0.458 r_palm=0.431,0.205,-0.465 l_valid=1 l_fwd=0.997,0.002,-0.082 l_off=0.437,0.458,-0.459 h_off=-0.047,0.266,-0.089
client level=info t=364203 ev=retail site=89 text=networking:channel_manager:connect: channel 'dir:127.0.0.1(id=0):30992#bh64' (1) closing (local 108) due to timeout:
client level=info t=364203 ev=retail site=90 text=networking:channel_manager:connect:   time since activity 791<active-send-timeout(2000), time since inactivity 8001>drop-min-active-time(8000), time since receive 7877>recv-timeout(4000))
client level=info t=364203 ev=retail site=76 text=networking:channel:packet_loss_stats: [dir:127.0.0.1(id=0):30992#bh64] Incoming packet read result summary - 0 ok, 0 discard, 0 discard-expected, 0 corrupt
client level=info t=364203 ev=retail site=77 text=networking:channel:packet_loss_stats: [dir:127.0.0.1(id=0):30992#bh64] Outgoing packet delivery summary - 0 delivered, 0 of those out-of-order, 0 lost - highest loss fraction seen 0.000
client level=info t=364203 ev=retail site=86 text=networking:channel: channel dir:127.0.0.1(id=0):30992#bh64(id '108') (ra: ''dir:127.0.0.1(id=0):30992'') state change connected -> closed
client level=info t=364203 ev=retail site=87 text=networking:channel_manager: channel 'dir:127.0.0.1(id=0):30992#bh64' (1): channel closed (reason=channel-manager-connected-timeout) because 'dir:127.0.0.1(id=0):30992' can't be reached, resetting security
server level=info t=364203 ev=gameplay stage=peer result=closed reason=12
server level=info t=364234 ev=gameplay stage=connect result=ok peer=2003 local=0x0000001D remote=0x00000071 rebuilt=0
server level=info t=364234 ev=gameplay stage=establish result=queued local=0x0000001D remote=0x00000071
client level=info t=364438 ev=retail site=92 text=world_controller:state_manager: The host appears to be launching a different game, sploiking back out through orbit to sync up.
client level=info t=364438 ev=retail site=93 text=world_controller:state_manager: Prerequisite 'ENUM(30)' failed for reason 'unavailable' [context: ], proceeding to cleanup state.
client level=info t=364453 ev=retail site=17 text=world_controller:retail_datamine: Total time spent: [291140] ms in world controller state: [38] name: [activity:in_world]
client level=info t=364453 ev=retail site=45 text=world_controller:slice_set_transition_manager: Mode changed from 'fully_enabled' to 'disabled'.
client level=info t=364453 ev=retail site=48 text=world_controller:slice_set_transition_manager: Stopping transition of type 'transitioning:normal_z_leg' due to SSTM disabled
client level=info t=364453 ev=retail site=3 text=world_controller:state_manager: Entering state 'cleanup' for reason 'unavailable'.
client level=info t=364453 ev=retail site=33 text=world_controller:state:cleanup: Requested task mask: '0x00e0010cb0fbdf3d'
client level=info t=364453 ev=retail site=34 text=world_controller:task_manager: Started   task 'ENUM(0)'.
client level=info t=364453 ev=retail site=35 text=world_controller:task_manager: Completed task 'ENUM(0)' after '0ms'.
client level=info t=364453 ev=retail site=34 text=world_controller:task_manager: Started   task 'ENUM(2)'.
client level=info t=364453 ev=retail site=35 text=world_controller:task_manager: Completed task 'ENUM(2)' after '0ms'.
client level=info t=364453 ev=retail site=34 text=world_controller:task_manager: Started   task 'ENUM(3)'.
client level=info t=364453 ev=retail site=35 text=world_controller:task_manager: Completed task 'ENUM(3)' after '0ms'.
client level=info t=364453 ev=retail site=34 text=world_controller:task_manager: Started   task 'ENUM(4)'.
client level=info t=364453 ev=retail site=34 text=world_controller:task_manager: Started   task 'ENUM(5)'.
client level=info t=364453 ev=retail site=35 text=world_controller:task_manager: Completed task 'ENUM(5)' after '0ms'.
client level=info t=364453 ev=retail site=34 text=world_controller:task_manager: Started   task 'ENUM(8)'.
client level=info t=364453 ev=retail site=35 text=world_controller:task_manager: Completed task 'ENUM(8)' after '0ms'.
client level=info t=364453 ev=retail site=34 text=world_controller:task_manager: Started   task 'ENUM(9)'.
client level=info t=364453 ev=retail site=35 text=world_controller:task_manager: Completed task 'ENUM(9)' after '0ms'.
client level=info t=364453 ev=retail site=34 text=world_controller:task_manager: Started   task 'ENUM(10)'.
client level=info t=364453 ev=retail site=35 text=world_controller:task_manager: Completed task 'ENUM(10)' after '0ms'.
client level=info t=364453 ev=retail site=94 text=networking:session:handoff: [posse:489A9A8D:52753D03] leaving session 'gracefully' (state host-established)
client level=info t=364453 ev=retail site=95 text=networking:session:protocol: [posse:489A9A8D:52753D03] host-handoff (leaving), target peer '-1', nobody else in session, leaving immediately
client level=info t=364453 ev=retail site=94 text=networking:session:handoff: [posse:489A9A8D:52753D03] leaving session 'immediately' (state host-established)
client level=info t=364453 ev=retail site=36 text=networking:session: [posse:489A9A8D:52753D03] session state is changing from 'host-established' to 'host-disband'.
client level=info t=364453 ev=retail site=34 text=world_controller:task_manager: Started   task 'ENUM(11)'.
client level=info t=364453 ev=retail site=34 text=world_controller:task_manager: Started   task 'ENUM(12)'.
client level=info t=364453 ev=retail site=35 text=world_controller:task_manager: Completed task 'ENUM(12)' after '0ms'.
client level=info t=364453 ev=retail site=34 text=world_controller:task_manager: Started   task 'ENUM(14)'.
client level=info t=364453 ev=retail site=35 text=world_controller:task_manager: Completed task 'ENUM(14)' after '0ms'.
client level=info t=364453 ev=retail site=34 text=world_controller:task_manager: Started   task 'ENUM(15)'.
client level=info t=364453 ev=retail site=35 text=world_controller:task_manager: Completed task 'ENUM(15)' after '0ms'.
client level=info t=364453 ev=retail site=34 text=world_controller:task_manager: Started   task 'ENUM(16)'.
client level=info t=364453 ev=retail site=35 text=world_controller:task_manager: Completed task 'ENUM(16)' after '0ms'.
client level=info t=364453 ev=retail site=34 text=world_controller:task_manager: Started   task 'ENUM(17)'.
client level=info t=364453 ev=retail site=34 text=world_controller:task_manager: Started   task 'ENUM(19)'.
client level=info t=364453 ev=retail site=34 text=world_controller:task_manager: Started   task 'ENUM(20)'.
client level=info t=364453 ev=retail site=35 text=world_controller:task_manager: Completed task 'ENUM(20)' after '0ms'.
client level=info t=364453 ev=retail site=34 text=world_controller:task_manager: Started   task 'ENUM(21)'.
client level=info t=364453 ev=retail site=34 text=world_controller:task_manager: Started   task 'ENUM(28)'.
client level=info t=364453 ev=retail site=34 text=world_controller:task_manager: Started   task 'ENUM(31)'.
client level=info t=364453 ev=retail site=35 text=world_controller:task_manager: Completed task 'ENUM(31)' after '0ms'.
client level=info t=364453 ev=retail site=34 text=world_controller:task_manager: Started   task 'ENUM(54)'.
client level=info t=364453 ev=retail site=35 text=world_controller:task_manager: Completed task 'ENUM(54)' after '0ms'.
client level=info t=364453 ev=retail site=34 text=world_controller:task_manager: Started   task 'ENUM(55)'.
client level=info t=364453 ev=retail site=38 text=world_controller:state:cleanup: After 0ms, status: '2', tasks active: '0x00800000102a0810', pending: '0x0020010c20c00000', requested: '0x00e0010cb0fbdf3d'
client level=info t=364453 ev=retail site=96 text=networking:session: [posse:489A9A8D:52753D03] idle-host-disband disconnecting the session.
client level=info t=364453 ev=retail site=97 text=networking:session: [posse:489A9A8D:52753D03] disconnecting 'posse' session (state host-disband / policy allowed)
client level=info t=364484 ev=retail site=35 text=world_controller:task_manager: Completed task 'ENUM(11)' after '30ms'.
client level=info t=364484 ev=retail site=35 text=world_controller:task_manager: Completed task 'ENUM(17)' after '31ms'.
client level=info t=364484 ev=retail site=35 text=world_controller:task_manager: Completed task 'ENUM(19)' after '31ms'.
client level=info t=364484 ev=retail site=34 text=world_controller:task_manager: Started   task 'ENUM(23)'.
client level=info t=364484 ev=retail site=35 text=world_controller:task_manager: Completed task 'ENUM(28)' after '31ms'.
client level=info t=364484 ev=retail site=37 text=world_controller:retail_datamine: About to attempt retail log upload. We have '427' events, dropped '0' from THIS session due to upload cap, and have '98' unique event IDs.
client level=info t=364484 ev=retail site=34 text=world_controller:task_manager: Started   task 'ENUM(29)'.
client level=info t=364484 ev=retail site=35 text=world_controller:task_manager: Completed task 'ENUM(29)' after '0ms'.
client level=info t=364484 ev=retail site=34 text=world_controller:task_manager: Started   task 'ENUM(34)'.
client level=info t=364484 ev=retail site=35 text=world_controller:task_manager: Completed task 'ENUM(34)' after '0ms'.
server level=info t=364484 squad_entity_retirement stage=capture_source bubble=2 accepted=0 selected=0 slots=-
server level=info t=364500 ev=activity stage=peer_leave result=read peer=0x35F900ECFC25A1B0
client level=info t=364500 ev=retail site=35 text=world_controller:task_manager: Completed task 'ENUM(4)' after '54ms'.
client level=info t=364641 ev=retail site=23 text=world_controller: successfully changed world to:
client level=info t=364641 ev=retail site=35 text=world_controller:task_manager: Completed task 'ENUM(21)' after '198ms'.
client level=info t=364641 ev=retail site=34 text=world_controller:task_manager: Started   task 'ENUM(22)'.
client level=info t=364641 ev=retail site=34 text=world_controller:task_manager: Started   task 'ENUM(53)'.
client level=info t=364641 ev=retail site=35 text=world_controller:task_manager: Completed task 'ENUM(55)' after '198ms'.
client level=info t=364641 ev=retail site=67 text=networking:activity_client:activity_host_changed: instance=PRIVATE CURRENT, ah-sid=, zombie-instance-nonce=0
client level=info t=364641 ev=retail site=98 text=networking:server:bap: [BAP ID  1 desc:OUT FAH - _connected] Killing.
client level=info t=364641 ev=retail site=99 text=networking:server:bap: [BAP ID  1 desc:OUT FAH - _connected] Last status before fatal error was '_connected[127.0.0.1:30974]-> 1.5s avg/s [rx 0.7p  1.2kb][tx 0.7p  0.3kb][tx block  0.0/q-rem  0.0/s-rem  0.0]'.
client level=info t=364641 ev=retail site=100 text=networking:server:bap: [BAP ID  1 desc:OUT FAH - _connected] Socket stats before fatal error: no socket stats available
client level=info t=364641 ev=retail site=101 text=networking:server:bap: [BAP ID  1 desc:OUT FAH - _connected] Fatal error '_connection_failure_suicide' raised.
client level=info t=364641 ev=retail site=102 text=networking:server:bap: [BAP ID  1 desc:OUT FAH - _dead] Stopping.
client level=info t=364641 ev=retail site=103 text=networking:investment:bap_message_queue: [BAP ID  1 desc:OUT FAH] Stopping...
client level=info t=364641 ev=retail site=76 text=networking:channel:packet_loss_stats: [dir:127.0.0.1(id=0):30992#bh64] Incoming packet read result summary - 2 ok, 0 discard, 0 discard-expected, 0 corrupt
client level=info t=364641 ev=retail site=77 text=networking:channel:packet_loss_stats: [dir:127.0.0.1(id=0):30992#bh64] Outgoing packet delivery summary - 0 delivered, 0 of those out-of-order, 0 lost - highest loss fraction seen 0.000
client level=info t=364641 ev=retail site=87 text=networking:channel_manager: channel 'dir:127.0.0.1(id=0):30992#bh64' (1): channel closed (reason=channel-manager-owners-released) because 'dir:127.0.0.1(id=0):30992' can't be reached, resetting security
client level=info t=364656 ev=retail site=35 text=world_controller:task_manager: Completed task 'ENUM(23)' after '171ms'.
server level=info t=364656 ev=mission_script stage=close result=stale_generation session=11433003384888623105 activity_row=11
server level=warn t=364656 ev=mission_script stage=attach result=no_activity_link session=11433003384888623105
server level=info t=364656 ev=gameplay stage=peer result=closed reason=10
client level=warn t=365344 ev=vr.xr hand yaw=0.5201 r_valid=1 r_stale=1 r_fwd=0.913,-0.396,-0.101 r_up=0.380,0.733,0.564 r_off=0.532,-0.215,-0.458 r_palm=0.434,-0.199,-0.465 l_valid=1 l_fwd=0.642,-0.763,-0.082 l_off=0.632,-0.041,-0.459 h_off=0.146,0.180,-0.092
client level=warn t=365344 ev=vr.xr pose fwd=0.950,-0.308,-0.047 off=0.146,0.180,-0.092 fov=1.8850 aspect=0.964
client level=info t=365344 ev=nettick stage=sample latch=1 callbacks=30940
client level=info t=365406 ev=retail site=35 text=world_controller:task_manager: Completed task 'ENUM(22)' after '764ms'.
client level=info t=365406 ev=retail site=34 text=world_controller:task_manager: Started   task 'ENUM(35)'.
client level=info t=365406 ev=retail site=34 text=world_controller:task_manager: Started   task 'ENUM(40)'.
client level=info t=365406 ev=retail site=35 text=world_controller:task_manager: Completed task 'ENUM(40)' after '0ms'.
client level=warn t=365547 ev=vr.body anchor=-0.4529 head_yaw=0.0898 body_yaw=0.5890 error=-0.8755 counts_per_rad=579 servo=1
client level=warn t=365547 ev=vr.pad stats injected=388 held=0 mouse=-4366,0 move=0.00,0.00 turn=0.00,0.00 trig=0.00,0.00 buttons=0x0
client level=info t=365656 ev=retail site=35 text=world_controller:task_manager: Completed task 'ENUM(53)' after '1014ms'.
client level=warn t=365766 ev=vr.xr session state=stopped
client level=info t=366031 ev=retail site=23 text=world_controller: successfully changed world to: orbit_d2
client level=info t=366031 ev=retail site=35 text=world_controller:task_manager: Completed task 'ENUM(35)' after '618ms'.
client level=info t=366031 ev=retail site=17 text=world_controller:retail_datamine: Total time spent: [1580] ms in world controller state: [28] name: [cleanup]
client level=info t=366031 ev=retail site=3 text=world_controller:state_manager: Entering state 'setup:orbit' for reason 'unavailable'.
client level=info t=366031 ev=retail site=45 text=world_controller:slice_set_transition_manager: Mode changed from 'disabled' to 'fully_enabled'.
client level=info t=366031 ev=retail site=11 text=world_controller:retail_datamine: Timed operation: [ENUM(16)], took: [1581 ms], average: [1581.000000 ms], min: [1581.000000], max: [1581.000000], count: [1]
client level=info t=366031 ev=retail site=46 text=world_controller:slice_set_transition_manager: Failed to find the Orbit slice-set name for destination 'HASH(0x13a023bc)', so we're falling back to a new character (Orbit destination 'HASH(0x59ad083e)', slice-set 'HASH(0x841b4ef7)').
client level=info t=366031 ev=retail site=47 text=world_controller:slice_set_transition_manager: Starting a new transition of type 'transitioning:orbit' to 'PRV24.24 (HASH: 0x841b4ef7)'; token advanced to 001
server level=info t=366063 ev=ws701 stage=profile_setup result=complete
server level=info t=366078 ev=activity stage=writeback result=ok world_state=1
client level=info t=366359 ev=retail site=48 text=world_controller:slice_set_transition_manager: Stopping transition of type 'transitioning:orbit' due to completed
client level=warn t=366625 ev=vr.body anchor=-0.4529 head_yaw=-0.0119 body_yaw=3.0772 error=0.0000 counts_per_rad=579 servo=1
client level=warn t=366625 ev=vr.pad stats injected=388 held=0 mouse=-4366,0 move=0.00,0.00 turn=0.00,0.00 trig=0.00,0.00 buttons=0x0
client level=info t=366688 ev=retail site=17 text=world_controller:retail_datamine: Total time spent: [664] ms in world controller state: [29] name: [setup:orbit]
client level=info t=366688 ev=retail site=45 text=world_controller:slice_set_transition_manager: Mode changed from 'fully_enabled' to 'disabled'.
client level=info t=366688 ev=retail site=49 text=networking:online:matchmaking: Active matchmaking interface type: 0
client level=info t=366688 ev=retail site=3 text=world_controller:state_manager: Entering state 'setup:activity_session_creation' for reason 'unavailable'.
client level=info t=366688 ev=retail site=50 text=world_controller:task_manager: Started   task 'ENUM(0)'.
client level=info t=366688 ev=retail site=50 text=world_controller:task_manager: Started   task 'ENUM(4)'.
client level=info t=366688 ev=retail site=51 text=world_controller:task_manager: Completed task 'ENUM(4)' after '0ms'.
client level=info t=366688 ev=retail site=52 text=world_controller:state:activity_session_creation: Waiting for session peer properties to be in the expected state (no AH ids). FT [EXPECTED], POSSE [WAITING]
client level=info t=366688 ev=retail site=50 text=world_controller:task_manager: Started   task 'ENUM(5)'.
client level=info t=366734 ev=retail site=49 text=networking:online:matchmaking: Active matchmaking interface type: 0
client level=info t=366734 ev=retail site=51 text=world_controller:task_manager: Completed task 'ENUM(0)' after '43ms'.
client level=info t=366734 ev=retail site=50 text=world_controller:task_manager: Started   task 'ENUM(1)'.
server level=info t=366750 ev=bap svc=42 stage=configuration result=ok activity_hash=0xEC70749B type_hash=0xD07BB2D7 activity=9 name=planet_x_freeroam current_activity_policy=0 changed=0
client level=warn t=366750 ev=vr.weapon callers path=getter D5D832:152 B363FA:1164 B3598D:388 B40A78:113
client level=warn t=366750 ev=vr.weapon callers path=ptr D98F49:870 D7FB5C:109 DB8CB6:180 12B0A09:0 16E8861:166 D8F242:151 D8B348:151 D8B9B5:151 12B2284:25 D2F672:25 F4276C:0 D8492B:36 D7FF2C:20 CE3C40:0 B35BEE:237 12911A0:1 12911B5:1
client level=warn t=366750 ev=vr.weapon callers path=xform D5896F:152
client level=warn t=366766 ev=vr.probe pose in_pos=66.39,-11.18,7.18 in_fwd=-0.994,0.064,-0.087 in_fov=1.2364 out_pos=66.39,-11.18,7.18 out_fwd=-0.994,0.064,-0.087 out_fov=1.2364
client level=info t=366781 ev=retail site=51 text=world_controller:task_manager: Completed task 'ENUM(1)' after '46ms'.
client level=info t=366781 ev=retail site=50 text=world_controller:task_manager: Started   task 'ENUM(2)'.
server level=info t=367094 ev=ws701 stage=profile_setup result=complete
server level=info t=367109 ev=activity stage=writeback result=ok world_state=1
client level=info t=367344 ev=nettick stage=sample latch=1 callbacks=31181
client level=info t=367391 ev=retail site=39 text=networking:session:membership:dump: [posse:00000000:00000000] update_number: 2, leader_peer_index: # 0, host_peer_index: # 0
client level=info t=367391 ev=retail site=40 text=networking:session:membership:dump:   peers valid: 0x1, non-dormant: 0x1, changed: 0x1, removed: 0x0; players valid: 0x1, changed: 0x0, removed: 0x0
client level=info t=367391 ev=retail site=41 text=networking:session:membership:dump:   peer # 0 a=[steamid:76561198776753861#e7794c14112ea750] s=          _connected o=-1 j=[XXXXXXXX-XXXXXXXX] amb=[XXXXXXXX-XXXXXXXX] pc=1 peer_name=<UNKNOWN PEER NAME> session_id=Wed_09092026_134328_010536@x64@unknown_pc_user@B0_A1_25_FC_EC_00_F935 flags=6
client level=info t=367391 ev=retail site=36 text=networking:session: [posse:00000000:00000000] session state is changing from 'none' to 'host-established'.
client level=info t=367391 ev=retail site=53 text=networking:session:create: join-driven session creation (local and remote peers) assigned a promordial join nonce of 7CF9E52A-CB008CCC
client level=info t=367391 ev=retail site=39 text=networking:session:membership:dump: [posse:00000000:00000000] update_number: 5, leader_peer_index: # 0, host_peer_index: # 0
client level=info t=367391 ev=retail site=40 text=networking:session:membership:dump:   peers valid: 0x1, non-dormant: 0x1, changed: 0x1, removed: 0x0; players valid: 0x1, changed: 0x0, removed: 0x0
client level=info t=367391 ev=retail site=41 text=networking:session:membership:dump:   peer # 0 a=[steamid:76561198776753861#e7794c14112ea750] s=            _joining o=-1 j=[7CF9E52A-CB008CCC] amb=[XXXXXXXX-XXXXXXXX] pc=1 peer_name=<UNKNOWN PEER NAME> session_id=Wed_09092026_134328_010536@x64@unknown_pc_user@B0_A1_25_FC_EC_00_F935 flags=6
client level=info t=367406 ev=retail site=50 text=world_controller:task_manager: Started   task 'ENUM(3)'.
client level=info t=367406 ev=retail site=51 text=world_controller:task_manager: Completed task 'ENUM(3)' after '0ms'.
client level=info t=367406 ev=retail site=51 text=world_controller:task_manager: Completed task 'ENUM(5)' after '714ms'.
client level=info t=367406 ev=retail site=54 text=world_controller:session_manager: PRIVATE session [posse:00000000:00000000] unable to get session keys.
client level=info t=367438 ev=retail site=51 text=world_controller:task_manager: Completed task 'ENUM(2)' after '652ms'.
client level=info t=367438 ev=retail site=55 text=world_controller:state:activity_session_creation: As HOST, peers done: skill read: , config refresh: 0, reputation read: 0
client level=info t=367453 ev=retail site=42 text=networking:session:process-pending-joins: [posse:26CE7ACD:E65AD5C8] marking all peers in join [7CF9E52A-CB008CCC] as joined
client level=info t=367453 ev=retail site=39 text=networking:session:membership:dump: [posse:26CE7ACD:E65AD5C8] update_number: 7, leader_peer_index: # 0, host_peer_index: # 0
client level=info t=367453 ev=retail site=40 text=networking:session:membership:dump:   peers valid: 0x1, non-dormant: 0x1, changed: 0x1, removed: 0x0; players valid: 0x1, changed: 0x0, removed: 0x0
client level=info t=367453 ev=retail site=41 text=networking:session:membership:dump:   peer # 0 a=[steamid:76561198776753861#e7794c14112ea750] s=            _waiting o=-1 j=[7CF9E52A-CB008CCC] amb=[XXXXXXXX-XXXXXXXX] pc=1 peer_name=<UNKNOWN PEER NAME> session_id=Wed_09092026_134328_010536@x64@unknown_pc_user@B0_A1_25_FC_EC_00_F935 flags=6
client level=info t=367453 ev=retail site=43 text=networking:session:process-pending-joins: [posse:26CE7ACD:E65AD5C8] marking all peers in join [7CF9E52A-CB008CCC] as ready, [55] ms since peer [0] created, [367514] since join was queued
client level=info t=367453 ev=retail site=39 text=networking:session:membership:dump: [posse:26CE7ACD:E65AD5C8] update_number: 8, leader_peer_index: # 0, host_peer_index: # 0
client level=info t=367453 ev=retail site=40 text=networking:session:membership:dump:   peers valid: 0x1, non-dormant: 0x1, changed: 0x1, removed: 0x0; players valid: 0x1, changed: 0x0, removed: 0x0
client level=info t=367453 ev=retail site=41 text=networking:session:membership:dump:   peer # 0 a=[steamid:76561198776753861#e7794c14112ea750] s=              _ready o=-1 j=[7CF9E52A-CB008CCC] amb=[XXXXXXXX-XXXXXXXX] pc=1 peer_name=<UNKNOWN PEER NAME> session_id=Wed_09092026_134328_010536@x64@unknown_pc_user@B0_A1_25_FC_EC_00_F935 flags=6
client level=info t=367484 ev=retail site=39 text=networking:session:membership:dump: [posse:26CE7ACD:E65AD5C8] update_number: 9, leader_peer_index: # 0, host_peer_index: # 0
client level=info t=367484 ev=retail site=40 text=networking:session:membership:dump:   peers valid: 0x1, non-dormant: 0x1, changed: 0xffffffff, removed: 0x0; players valid: 0x1, changed: 0xffffffff, removed: 0x0
client level=info t=367484 ev=retail site=41 text=networking:session:membership:dump:   peer # 0 a=[steamid:76561198776753861#e7794c14112ea750] s=              _ready o=-1 j=[7CF9E52A-CB008CCC] amb=[XXXXXXXX-XXXXXXXX] pc=1 peer_name=<UNKNOWN PEER NAME> session_id=Wed_09092026_134328_010536@x64@unknown_pc_user@B0_A1_25_FC_EC_00_F935 flags=7
client level=info t=367484 ev=retail site=44 text=networking:session:process-pending-joins: [posse:26CE7ACD:E65AD5C8] marking all peers in join [7CF9E52A-CB008CCC] as established
client level=info t=367484 ev=retail site=39 text=networking:session:membership:dump: [posse:26CE7ACD:E65AD5C8] update_number: 11, leader_peer_index: # 0, host_peer_index: # 0
client level=info t=367484 ev=retail site=40 text=networking:session:membership:dump:   peers valid: 0x1, non-dormant: 0x1, changed: 0x1, removed: 0x0; players valid: 0x1, changed: 0x0, removed: 0x0
client level=info t=367484 ev=retail site=41 text=networking:session:membership:dump:   peer # 0 a=[steamid:76561198776753861#e7794c14112ea750] s=        _established o=-1 j=[XXXXXXXX-XXXXXXXX] amb=[XXXXXXXX-XXXXXXXX] pc=1 peer_name=<UNKNOWN PEER NAME> session_id=Wed_09092026_134328_010536@x64@unknown_pc_user@B0_A1_25_FC_EC_00_F935 flags=7
client level=info t=367484 ev=retail site=56 text=world_controller:state:activity_session_creation: Activity session 'posse:26CE7ACD:E65AD5C8' successfully created, trying to move on.
client level=info t=367484 ev=retail site=57 text=world_controller:state_manager: State 'setup:matchmaking' requested for reason 'unavailable', but we can't: 'active outbound FT join [IN-PROGRESS]'.
client level=info t=367516 ev=retail site=17 text=world_controller:retail_datamine: Total time spent: [826] ms in world controller state: [30] name: [setup:activity_session_creation]
client level=info t=367516 ev=retail site=3 text=world_controller:state_manager: Entering state 'setup:matchmaking' for reason 'unavailable'.
client level=info t=367516 ev=retail site=17 text=world_controller:retail_datamine: Total time spent: [1] ms in world controller state: [31] name: [setup:matchmaking]
client level=info t=367516 ev=retail site=58 text=world_controller:retail_datamine: Timed operation Matchmaking, took: [0 seconds]
client level=info t=367516 ev=retail site=3 text=world_controller:state_manager: Entering state 'setup:activity_host_setup' for reason 'unavailable'.
client level=info t=367578 ev=retail site=59 text=networking:activity_client:messaging_interface:bap: AH IP resolution successful: 'proxy -> 127.0.0.1:30974'.
server level=info t=367594 ev=transport stage=accept result=ok conn=2
server level=warn t=367656 ev=bap svc=25 stage=plaintext result=shape_accepted conn=2 len=36 b0=0A b1=20 b34=10 b35=02
client level=info t=367672 ev=retail site=60 text=world_controller:activity_manager: Connected 'PRIVATE CURRENT' activity client.
client level=info t=367672 ev=retail site=61 text=world_controller:activity_manager: 'PRIVATE CURRENT' activity client requesting activity host startup [activity: 0x0009 (HASH(0xec70749b))(type: HASH(0xd07bb2d7))(grognok: planet_x_freeroam)(destination: HASH(0x0790b877))(nonce: 87300B4A-F375BF65) for reason 'ENUM(0)'(override: planet_x_freeroam)][reservation count 1]
server level=warn t=367672 ev=mission_script stage=attach result=activity_join_pending session=11433003384888623115
client level=info t=367703 ev=retail site=62 text=networking:activity_client:receive_message_from_host: [AC PRIVATE CURRENT CON-Y EST-N AH->0 MEM-0] received startup response from AH [id 9EAA3001:0020000B][session ]
client level=info t=367719 ev=retail site=63 text=networking:activity_client: [AC PRIVATE CURRENT CON-Y EST-N AH->0 MEM-0] Sent join request: [AH 9EAA3001:0020000B][nonce 1403045053] identity:[account -7013740688821976832][character -7013740688821976829][machine B0:A1:25:FC:EC:00:F935][player 39:4A:BB:F2:5C:D1:B3:E2] [global resources 0x6c] (part 1/2)
client level=info t=367719 ev=retail site=64 text=networking:activity_client: [AC PRIVATE CURRENT CON-Y EST-N AH->0 MEM-0] Properties [session Wed_09092026_134328_010536@x64@76561198776753861@B0_A1_25_FC_EC_00_F935][FAH --------:--------][GAH --------:--------][FTID 0x3adfb98b9ec50398] (part 2/2)
client level=info t=367719 ev=retail site=65 text=world_controller:activity_manager: 'PRIVATE CURRENT' activity client sent join request to AH 9EAA3001:0020000B, host=Wed_09092026_134328_010536@x64@unknown_pc_user@B0_A1_25_FC_EC_00_F935
server level=info t=367766 ev=gameplay stage=activityhost result=allocated session=0x9EAA30010020000C group=0x6C82C328ACBB39C2 generation=10 port=30994 held=10
server level=info t=367781 ev=gameplay stage=advertise result=ok region=104 region_source=arrival ambassador_slot=1
server level=warn t=367781 ev=activity stage=roster result=no_epoch soid=0x9EAA30010020000B public=0 dest= groups=0 top=0 sub=0 subkeys=0 objects=0 bytes=0 state=0 auth=0 authstate=-1 authfirst=-1:-1:0x0:0x0 authlast=-1:-1:0x0:0x0 sceneempty=0 engageempty=0 keygroup=0x0 grant=-1 region=0 slice=0 spawn=0x0 join=0x9EAA300100100103 player=0x0 pending_region=-1 current_region=-1 client_bubble=-1 held=-1 entered=0 selected=0 hash=0x0000000000000000 force=0x00
server level=info t=367781 ev=mission_script stage=open result=no_script session=11433003384888623115 activity_row=10
server level=warn t=367781 ev=mission_script stage=attach result=no_script session=11433003384888623115 activity_row=10
server level=warn t=367781 ev=mission_script stage=attach result=no_activity_link session=11433003384888623116
server level=info t=367781 ev=gameplay stage=activityhost result=retired session=0x9EAA300100200003 generation=2 state=freed
server level=info t=367781 ev=gameplay stage=activityhost result=retired session=0x9EAA300100200004 generation=3 state=freed
server level=info t=367781 ev=gameplay stage=activityhost result=retired session=0x9EAA300100200002 generation=1 state=freed
server level=info t=367781 ev=gameplay stage=activityhost result=retired session=0x9EAA300100200005 generation=4 state=freed
server level=info t=367781 ev=gameplay stage=activityhost result=retired session=0x9EAA300100200006 generation=5 state=freed
server level=info t=367781 ev=gameplay stage=activityhost result=retired session=0x9EAA300100200007 generation=6 state=freed
server level=info t=367781 ev=gameplay stage=activityhost result=retired session=0x9EAA300100200008 generation=7 state=freed
server level=info t=367781 ev=gameplay stage=activityhost result=allocated session=0x9EAA30010020000D group=0x09ED3B6CEAC5E03A generation=13 port=30976 held=1
server level=info t=367781 ev=gameplay stage=activityhost result=allocated session=0x9EAA30010020000E group=0x16755784E67DA14A generation=11 port=30978 held=2
server level=info t=367781 ev=gameplay stage=activityhost result=allocated session=0x9EAA30010020000F group=0x07B169B8E0A981E2 generation=12 port=30980 held=3
server level=info t=367781 ev=gameplay stage=activityhost result=allocated session=0x9EAA300100200010 group=0xFB28CD20F771C352 generation=14 port=30982 held=4
server level=info t=367781 ev=gameplay stage=activityhost result=allocated session=0x9EAA300100200011 group=0xED649ED4F1AE23EA generation=15 port=30984 held=5
server level=info t=367781 ev=gameplay stage=activityhost result=allocated session=0x9EAA300100200012 group=0xDEA05088FBDA0202 generation=16 port=30986 held=6
server level=info t=367781 ev=gameplay stage=activityhost result=allocated session=0x9EAA300100200013 group=0xC0DC62BCC4761D5A generation=17 port=30988 held=7
server level=warn t=367797 ev=mission_script stage=attach result=no_activity_link session=11433003384888623117
server level=warn t=367797 ev=mission_script stage=attach result=no_activity_link session=11433003384888623118
server level=warn t=367797 ev=mission_script stage=attach result=no_activity_link session=11433003384888623119
server level=warn t=367797 ev=mission_script stage=attach result=no_activity_link session=11433003384888623120
server level=warn t=367797 ev=mission_script stage=attach result=no_activity_link session=11433003384888623121
server level=warn t=367797 ev=mission_script stage=attach result=no_activity_link session=11433003384888623122
server level=warn t=367797 ev=mission_script stage=attach result=no_activity_link session=11433003384888623123
client level=info t=367797 ev=retail site=66 text=networking:activity_client:receive_message_from_host: [AC PRIVATE CURRENT CON-Y EST-N AH->0 MEM-0] Received join result from AH '9EAA3001:0020000B' [nonce 1403045053][result 0][session id ][replication epoch 0].
client level=info t=367797 ev=retail site=67 text=networking:activity_client:activity_host_changed: instance=PRIVATE CURRENT, ah-sid=, zombie-instance-nonce=0
client level=info t=367797 ev=probe stage=msg12 result=received client=0x22D3A64F980 slot=0 label=PRIVATE CURRENT member=0x35F900ECFC25A1B0 status=0x00FE->0x01FE flag=1
client level=info t=367797 ev=probe stage=bind client=0x22D3A64F980 established=0x9EAA30010020000B slotrec=0x22D21B2D9A0 roster=0x22DDA0DBC80 receipt=0
client level=info t=367797 ev=probe stage=hosttail client=0x22D3A64F980 b=00000000000000000000000000000000000000000000000000000000000000000000000000000000FFFFFFFF00000000
client level=info t=367797 ev=probe stage=grant client=0x22D3A64F980 status=0x01FE pending=7936 dirty=0 receipt=0
client level=info t=367844 ev=retail site=68 text=world_controller:state:activity_setup: 'NOJIP' flow, waiting. posse_peers_not_ready_sanitized=0, posse_peers_not_ready=0
client level=info t=367844 ev=probe stage=msg12 result=received client=0x22D3A64F980 slot=0 label=PRIVATE CURRENT member=0x35F900ECFC25A1B0 status=0x01FE->0x01FE flag=1
client level=info t=367844 ev=probe stage=bind client=0x22D3A64F980 established=0x9EAA30010020000B slotrec=0x22D21B2D9A0 roster=0x22DDA0DBC80 receipt=0
client level=info t=367859 ev=probe stage=msg12 result=received client=0x22D3A64F980 slot=0 label=PRIVATE CURRENT member=0x35F900ECFC25A1B0 status=0x01FE->0x01FE flag=1
client level=info t=367859 ev=probe stage=bind client=0x22D3A64F980 established=0x9EAA30010020000B slotrec=0x22D21B2D9A0 roster=0x22DDA0DBC80 receipt=0
client level=info t=368500 ev=retail site=17 text=world_controller:retail_datamine: Total time spent: [980] ms in world controller state: [32] name: [setup:activity_host_setup]
client level=info t=368500 ev=retail site=3 text=world_controller:state_manager: Entering state 'setup:prologue_intro_loading' for reason 'unavailable'.
client level=info t=368500 ev=retail site=69 text=world_controller:task_manager: Started   task 'ENUM(0)'.
client level=info t=368672 ev=retail site=70 text=world_controller:task_manager: Completed task 'ENUM(0)' after '173ms'.
client level=info t=368672 ev=retail site=69 text=world_controller:task_manager: Started   task 'ENUM(1)'.
client level=info t=368688 ev=probe stage=msg12 result=received client=0x22D3A64F980 slot=0 label=PRIVATE CURRENT member=0x35F900ECFC25A1B0 status=0x01FE->0x01FE flag=1
client level=info t=368688 ev=probe stage=bind client=0x22D3A64F980 established=0x9EAA30010020000B slotrec=0x22D21B2D9A0 roster=0x22DDA0DBC80 receipt=0
client level=info t=368719 ev=retail site=70 text=world_controller:task_manager: Completed task 'ENUM(1)' after '46ms'.
client level=info t=368719 ev=retail site=17 text=world_controller:retail_datamine: Total time spent: [220] ms in world controller state: [33] name: [setup:prologue_intro_loading]
client level=info t=368719 ev=retail site=3 text=world_controller:state_manager: Entering state 'setup:orbit_outro' for reason 'unavailable'.
client level=warn t=369203 ev=vr.body anchor=-0.4529 head_yaw=-0.0119 body_yaw=3.0772 error=0.0000 counts_per_rad=579 servo=1
client level=warn t=369203 ev=vr.pad stats injected=388 held=0 mouse=-4366,0 move=0.00,0.00 turn=0.00,0.00 trig=0.00,0.00 buttons=0x0
client level=warn t=369313 ev=vr.weapon callers path=getter D5D832:0 B363FA:540 B3598D:180 B40A78:0
client level=warn t=369313 ev=vr.weapon callers path=ptr D98F49:720 D7FB5C:22 DB8CB6:180 12B0A09:0 16E8861:106 D8F242:0 D8B348:0 D8B9B5:0 12B2284:0 D2F672:0 F4276C:0 D8492B:22 D7FF2C:22 CE3C40:0 B35BEE:180 12911A0:0 12911B5:0
client level=warn t=369313 ev=vr.weapon callers path=xform D5896F:0
client level=warn t=369328 ev=vr.probe pose in_pos=90.66,-11.28,11.49 in_fwd=-0.994,0.064,-0.087 in_fov=1.2369 out_pos=90.66,-11.28,11.49 out_fwd=-0.994,0.064,-0.087 out_fov=1.2369
client level=info t=369344 ev=nettick stage=sample latch=1 callbacks=31323
client level=info t=369797 ev=probe stage=hosttail client=0x22D3A64F980 b=00000000000000000000000000000000000000000000000000000000000000000000000000000000FFFFFFFF00000000
client level=info t=369797 ev=probe stage=grant client=0x22D3A64F980 status=0x01FE pending=7936 dirty=0 receipt=0
client level=info t=370719 ev=probe stage=msg12 result=received client=0x22D3A64F980 slot=0 label=PRIVATE CURRENT member=0x35F900ECFC25A1B0 status=0x01FE->0x01FE flag=1
client level=info t=370719 ev=probe stage=bind client=0x22D3A64F980 established=0x9EAA30010020000B slotrec=0x22D21B2D9A0 roster=0x22DDA0DBC80 receipt=0
client level=info t=371344 ev=nettick stage=sample latch=1 callbacks=31467
client level=warn t=371703 ev=vr.body anchor=-0.4529 head_yaw=-0.0119 body_yaw=3.0772 error=0.0000 counts_per_rad=579 servo=1
client level=warn t=371703 ev=vr.pad stats injected=388 held=0 mouse=-4366,0 move=0.00,0.00 turn=0.00,0.00 trig=0.00,0.00 buttons=0x0
client level=info t=371797 ev=probe stage=hosttail client=0x22D3A64F980 b=00000000000000000000000000000000000000000000000000000000000000000000000000000000FFFFFFFF00000000
client level=info t=371797 ev=probe stage=grant client=0x22D3A64F980 status=0x01FE pending=7936 dirty=0 receipt=0
client level=warn t=371813 ev=vr.weapon callers path=getter D5D832:0 B363FA:540 B3598D:180 B40A78:0
client level=warn t=371813 ev=vr.weapon callers path=ptr D98F49:720 D7FB5C:27 DB8CB6:180 12B0A09:0 16E8861:180 D8F242:0 D8B348:0 D8B9B5:0 12B2284:0 D2F672:0 F4276C:0 D8492B:27 D7FF2C:27 CE3C40:0 B35BEE:180 12911A0:0 12911B5:0
client level=warn t=371813 ev=vr.weapon callers path=xform D5896F:0
client level=warn t=371828 ev=vr.probe pose in_pos=1126.85,-11.12,122.96 in_fwd=-0.995,0.064,-0.071 in_fov=1.3975 out_pos=1126.85,-11.12,122.96 out_fwd=-0.995,0.064,-0.071 out_fov=1.3975
client level=info t=373344 ev=nettick stage=sample latch=1 callbacks=31611
client level=info t=373797 ev=probe stage=hosttail client=0x22D3A64F980 b=00000000000000000000000000000000000000000000000000000000000000000000000000000000FFFFFFFF00000000
client level=info t=373797 ev=probe stage=grant client=0x22D3A64F980 status=0x01FE pending=7936 dirty=0 receipt=0
client level=warn t=374203 ev=vr.body anchor=-0.4529 head_yaw=-0.0119 body_yaw=0.7367 error=0.0000 counts_per_rad=579 servo=1
client level=warn t=374203 ev=vr.pad stats injected=388 held=0 mouse=-4366,0 move=0.00,0.00 turn=0.00,0.00 trig=0.00,0.00 buttons=0x0
client level=warn t=374313 ev=vr.weapon callers path=getter D5D832:0 B363FA:540 B3598D:180 B40A78:0
client level=warn t=374313 ev=vr.weapon callers path=ptr D98F49:720 D7FB5C:26 DB8CB6:180 12B0A09:0 16E8861:180 D8F242:0 D8B348:0 D8B9B5:0 12B2284:0 D2F672:0 F4276C:0 D8492B:26 D7FF2C:26 CE3C40:0 B35BEE:180 12911A0:0 12911B5:0
client level=warn t=374313 ev=vr.weapon callers path=xform D5896F:0
client level=warn t=374328 ev=vr.probe pose in_pos=2395.40,-12.77,288.10 in_fwd=0.740,0.667,-0.089 in_fov=1.4186 out_pos=2395.40,-12.77,288.10 out_fwd=0.740,0.667,-0.089 out_fov=1.4186
server level=info t=374672 ev=gameplay stage=association result=timeout
client level=info t=375344 ev=nettick stage=sample latch=1 callbacks=31755
client level=info t=375797 ev=probe stage=hosttail client=0x22D3A64F980 b=00000000000000000000000000000000000000000000000000000000000000000000000000000000FFFFFFFF00000000
client level=info t=375797 ev=probe stage=grant client=0x22D3A64F980 status=0x01FE pending=7936 dirty=0 receipt=0
client level=warn t=376703 ev=vr.body anchor=-0.4529 head_yaw=-0.0119 body_yaw=3.0772 error=0.0000 counts_per_rad=579 servo=1
client level=warn t=376703 ev=vr.pad stats injected=388 held=0 mouse=-4366,0 move=0.00,0.00 turn=0.00,0.00 trig=0.00,0.00 buttons=0x0
client level=warn t=376813 ev=vr.weapon callers path=getter D5D832:0 B363FA:540 B3598D:180 B40A78:0
client level=warn t=376813 ev=vr.weapon callers path=ptr D98F49:720 D7FB5C:27 DB8CB6:180 12B0A09:0 16E8861:180 D8F242:0 D8B348:0 D8B9B5:0 12B2284:0 D2F672:0 F4276C:0 D8492B:27 D7FF2C:27 CE3C40:0 B35BEE:180 12911A0:0 12911B5:0
client level=warn t=376813 ev=vr.weapon callers path=xform D5896F:0
client level=warn t=376828 ev=vr.probe pose in_pos=66.39,-11.17,7.20 in_fwd=-0.994,0.064,-0.087 in_fov=1.2364 out_pos=66.39,-11.17,7.20 out_fwd=-0.994,0.064,-0.087 out_fov=1.2364
client level=info t=377344 ev=nettick stage=sample latch=1 callbacks=31900
client level=info t=377797 ev=probe stage=hosttail client=0x22D3A64F980 b=00000000000000000000000000000000000000000000000000000000000000000000000000000000FFFFFFFF00000000
client level=info t=377797 ev=probe stage=grant client=0x22D3A64F980 status=0x01FE pending=7936 dirty=0 receipt=0
client level=warn t=379203 ev=vr.body anchor=-0.4529 head_yaw=-0.0119 body_yaw=3.0772 error=0.0000 counts_per_rad=579 servo=1
client level=warn t=379203 ev=vr.pad stats injected=388 held=0 mouse=-4366,0 move=0.00,0.00 turn=0.00,0.00 trig=0.00,0.00 buttons=0x0
client level=warn t=379313 ev=vr.weapon callers path=getter D5D832:0 B363FA:540 B3598D:180 B40A78:0
client level=warn t=379313 ev=vr.weapon callers path=ptr D98F49:720 D7FB5C:26 DB8CB6:180 12B0A09:0 16E8861:180 D8F242:0 D8B348:0 D8B9B5:0 12B2284:0 D2F672:0 F4276C:0 D8492B:26 D7FF2C:26 CE3C40:0 B35BEE:180 12911A0:0 12911B5:0
client level=warn t=379313 ev=vr.weapon callers path=xform D5896F:0
client level=warn t=379328 ev=vr.probe pose in_pos=66.39,-11.17,7.20 in_fwd=-0.994,0.064,-0.087 in_fov=1.2364 out_pos=66.39,-11.17,7.20 out_fwd=-0.994,0.064,-0.087 out_fov=1.2364
client level=info t=379344 ev=nettick stage=sample latch=1 callbacks=32043
client level=info t=379797 ev=probe stage=hosttail client=0x22D3A64F980 b=00000000000000000000000000000000000000000000000000000000000000000000000000000000FFFFFFFF00000000
client level=info t=379797 ev=probe stage=grant client=0x22D3A64F980 status=0x01FE pending=7936 dirty=0 receipt=0
client level=info t=381344 ev=nettick stage=sample latch=1 callbacks=32186
client level=warn t=381719 ev=vr.body anchor=-0.4529 head_yaw=-0.0119 body_yaw=3.0772 error=0.0000 counts_per_rad=579 servo=1
client level=warn t=381719 ev=vr.pad stats injected=388 held=0 mouse=-4366,0 move=0.00,0.00 turn=0.00,0.00 trig=0.00,0.00 buttons=0x0
client level=info t=381797 ev=probe stage=hosttail client=0x22D3A64F980 b=00000000000000000000000000000000000000000000000000000000000000000000000000000000FFFFFFFF00000000
client level=info t=381797 ev=probe stage=grant client=0x22D3A64F980 status=0x01FE pending=7936 dirty=0 receipt=0
client level=warn t=381828 ev=vr.weapon callers path=getter D5D832:0 B363FA:540 B3598D:180 B40A78:0
client level=warn t=381828 ev=vr.weapon callers path=ptr D98F49:720 D7FB5C:28 DB8CB6:180 12B0A09:0 16E8861:180 D8F242:0 D8B348:0 D8B9B5:0 12B2284:0 D2F672:0 F4276C:0 D8492B:27 D7FF2C:27 CE3C40:0 B35BEE:180 12911A0:0 12911B5:0
client level=warn t=381828 ev=vr.weapon callers path=xform D5896F:0
client level=warn t=381844 ev=vr.probe pose in_pos=66.39,-11.17,7.20 in_fwd=-0.994,0.064,-0.087 in_fov=1.2364 out_pos=66.39,-11.17,7.20 out_fwd=-0.994,0.064,-0.087 out_fov=1.2364
client level=info t=383344 ev=nettick stage=sample latch=1 callbacks=32332
client level=info t=383797 ev=probe stage=hosttail client=0x22D3A64F980 b=00000000000000000000000000000000000000000000000000000000000000000000000000000000FFFFFFFF00000000
client level=info t=383797 ev=probe stage=grant client=0x22D3A64F980 status=0x01FE pending=7936 dirty=0 receipt=0
client level=warn t=384172 ev=vr.body anchor=-0.4529 head_yaw=-0.0119 body_yaw=3.0772 error=0.0000 counts_per_rad=579 servo=1
client level=warn t=384172 ev=vr.pad stats injected=388 held=0 mouse=-4366,0 move=0.00,0.00 turn=0.00,0.00 trig=0.00,0.00 buttons=0x0
client level=warn t=384281 ev=vr.weapon callers path=getter D5D832:0 B363FA:540 B3598D:180 B40A78:0
client level=warn t=384281 ev=vr.weapon callers path=ptr D98F49:720 D7FB5C:26 DB8CB6:180 12B0A09:0 16E8861:180 D8F242:0 D8B348:0 D8B9B5:0 12B2284:0 D2F672:0 F4276C:0 D8492B:27 D7FF2C:27 CE3C40:0 B35BEE:180 12911A0:0 12911B5:0
client level=warn t=384281 ev=vr.weapon callers path=xform D5896F:0
client level=warn t=384297 ev=vr.probe pose in_pos=66.39,-11.17,7.20 in_fwd=-0.994,0.064,-0.087 in_fov=1.2364 out_pos=66.39,-11.17,7.20 out_fwd=-0.994,0.064,-0.087 out_fov=1.2364
client level=info t=385344 ev=nettick stage=sample latch=1 callbacks=32480
client level=info t=385797 ev=probe stage=hosttail client=0x22D3A64F980 b=00000000000000000000000000000000000000000000000000000000000000000000000000000000FFFFFFFF00000000
client level=info t=385797 ev=probe stage=grant client=0x22D3A64F980 status=0x01FE pending=7936 dirty=0 receipt=0
client level=warn t=386609 ev=vr.body anchor=-0.4529 head_yaw=-0.0119 body_yaw=3.0772 error=0.0000 counts_per_rad=579 servo=1
client level=warn t=386609 ev=vr.pad stats injected=388 held=0 mouse=-4366,0 move=0.00,0.00 turn=0.00,0.00 trig=0.00,0.00 buttons=0x0
client level=warn t=386719 ev=vr.weapon callers path=getter D5D832:0 B363FA:540 B3598D:180 B40A78:0
client level=warn t=386719 ev=vr.weapon callers path=ptr D98F49:720 D7FB5C:28 DB8CB6:180 12B0A09:0 16E8861:180 D8F242:0 D8B348:0 D8B9B5:0 12B2284:0 D2F672:0 F4276C:0 D8492B:28 D7FF2C:28 CE3C40:0 B35BEE:180 12911A0:0 12911B5:0
client level=warn t=386719 ev=vr.weapon callers path=xform D5896F:0
client level=warn t=386734 ev=vr.probe pose in_pos=66.39,-11.17,7.20 in_fwd=-0.994,0.064,-0.087 in_fov=1.2364 out_pos=66.39,-11.17,7.20 out_fwd=-0.994,0.064,-0.087 out_fov=1.2364
client level=info t=387344 ev=nettick stage=sample latch=1 callbacks=32627
client level=info t=387797 ev=probe stage=hosttail client=0x22D3A64F980 b=00000000000000000000000000000000000000000000000000000000000000000000000000000000FFFFFFFF00000000
client level=info t=387797 ev=probe stage=grant client=0x22D3A64F980 status=0x01FE pending=7936 dirty=0 receipt=0
client level=warn t=389063 ev=vr.body anchor=-0.4529 head_yaw=-0.0119 body_yaw=3.0772 error=0.0000 counts_per_rad=579 servo=1
client level=warn t=389063 ev=vr.pad stats injected=388 held=0 mouse=-4366,0 move=0.00,0.00 turn=0.00,0.00 trig=0.00,0.00 buttons=0x0
client level=warn t=389172 ev=vr.weapon callers path=getter D5D832:0 B363FA:540 B3598D:180 B40A78:0
client level=warn t=389172 ev=vr.weapon callers path=ptr D98F49:720 D7FB5C:27 DB8CB6:180 12B0A09:0 16E8861:180 D8F242:0 D8B348:0 D8B9B5:0 12B2284:0 D2F672:0 F4276C:0 D8492B:26 D7FF2C:26 CE3C40:0 B35BEE:180 12911A0:0 12911B5:0
client level=warn t=389172 ev=vr.weapon callers path=xform D5896F:0
client level=warn t=389172 ev=vr.probe pose in_pos=66.39,-11.17,7.20 in_fwd=-0.994,0.064,-0.087 in_fov=1.2364 out_pos=66.39,-11.17,7.20 out_fwd=-0.994,0.064,-0.087 out_fov=1.2364
client level=info t=389344 ev=nettick stage=sample latch=1 callbacks=32774
client level=info t=389797 ev=probe stage=hosttail client=0x22D3A64F980 b=00000000000000000000000000000000000000000000000000000000000000000000000000000000FFFFFFFF00000000
client level=info t=389797 ev=probe stage=grant client=0x22D3A64F980 status=0x01FE pending=7936 dirty=0 receipt=0
client level=info t=391344 ev=nettick stage=sample latch=1 callbacks=32921
client level=warn t=391500 ev=vr.body anchor=-0.4529 head_yaw=-0.0119 body_yaw=3.0772 error=0.0000 counts_per_rad=579 servo=1
client level=warn t=391500 ev=vr.pad stats injected=388 held=0 mouse=-4366,0 move=0.00,0.00 turn=0.00,0.00 trig=0.00,0.00 buttons=0x0
client level=warn t=391609 ev=vr.weapon callers path=getter D5D832:0 B363FA:540 B3598D:180 B40A78:0
client level=warn t=391609 ev=vr.weapon callers path=ptr D98F49:720 D7FB5C:27 DB8CB6:180 12B0A09:0 16E8861:180 D8F242:0 D8B348:0 D8B9B5:0 12B2284:0 D2F672:0 F4276C:0 D8492B:27 D7FF2C:27 CE3C40:0 B35BEE:180 12911A0:0 12911B5:0
client level=warn t=391609 ev=vr.weapon callers path=xform D5896F:0
client level=warn t=391625 ev=vr.probe pose in_pos=66.39,-11.17,7.20 in_fwd=-0.994,0.064,-0.087 in_fov=1.2364 out_pos=66.39,-11.17,7.20 out_fwd=-0.994,0.064,-0.087 out_fov=1.2364
client level=info t=391797 ev=probe stage=hosttail client=0x22D3A64F980 b=00000000000000000000000000000000000000000000000000000000000000000000000000000000FFFFFFFF00000000
client level=info t=391797 ev=probe stage=grant client=0x22D3A64F980 status=0x01FE pending=7936 dirty=0 receipt=0
client level=info t=393344 ev=nettick stage=sample latch=1 callbacks=33069
client level=info t=393797 ev=probe stage=hosttail client=0x22D3A64F980 b=00000000000000000000000000000000000000000000000000000000000000000000000000000000FFFFFFFF00000000
client level=info t=393797 ev=probe stage=grant client=0x22D3A64F980 status=0x01FE pending=7936 dirty=0 receipt=0
client level=warn t=393953 ev=vr.body anchor=-0.4529 head_yaw=-0.0119 body_yaw=3.0772 error=0.0000 counts_per_rad=579 servo=1
client level=warn t=393953 ev=vr.pad stats injected=388 held=0 mouse=-4366,0 move=0.00,0.00 turn=0.00,0.00 trig=0.00,0.00 buttons=0x0
client level=warn t=394063 ev=vr.weapon callers path=getter D5D832:0 B363FA:540 B3598D:180 B40A78:0
client level=warn t=394063 ev=vr.weapon callers path=ptr D98F49:720 D7FB5C:27 DB8CB6:180 12B0A09:0 16E8861:180 D8F242:0 D8B348:0 D8B9B5:0 12B2284:0 D2F672:0 F4276C:0 D8492B:28 D7FF2C:28 CE3C40:0 B35BEE:180 12911A0:0 12911B5:0
client level=warn t=394063 ev=vr.weapon callers path=xform D5896F:0
client level=warn t=394063 ev=vr.probe pose in_pos=66.39,-11.17,7.20 in_fwd=-0.994,0.064,-0.087 in_fov=1.2364 out_pos=66.39,-11.17,7.20 out_fwd=-0.994,0.064,-0.087 out_fov=1.2364
client level=info t=395344 ev=nettick stage=sample latch=1 callbacks=33214
client level=info t=395797 ev=probe stage=hosttail client=0x22D3A64F980 b=00000000000000000000000000000000000000000000000000000000000000000000000000000000FFFFFFFF00000000
client level=info t=395797 ev=probe stage=grant client=0x22D3A64F980 status=0x01FE pending=7936 dirty=0 receipt=0
client level=warn t=396422 ev=vr.body anchor=-0.4529 head_yaw=-0.0119 body_yaw=3.0772 error=0.0000 counts_per_rad=579 servo=1
client level=warn t=396422 ev=vr.pad stats injected=388 held=0 mouse=-4366,0 move=0.00,0.00 turn=0.00,0.00 trig=0.00,0.00 buttons=0x0
client level=warn t=396531 ev=vr.weapon callers path=getter D5D832:0 B363FA:540 B3598D:180 B40A78:0
client level=warn t=396531 ev=vr.weapon callers path=ptr D98F49:720 D7FB5C:27 DB8CB6:180 12B0A09:0 16E8861:180 D8F242:0 D8B348:0 D8B9B5:0 12B2284:0 D2F672:0 F4276C:0 D8492B:27 D7FF2C:26 CE3C40:0 B35BEE:180 12911A0:0 12911B5:0
client level=warn t=396531 ev=vr.weapon callers path=xform D5896F:0
client level=warn t=396531 ev=vr.probe pose in_pos=66.39,-11.17,7.20 in_fwd=-0.994,0.064,-0.087 in_fov=1.2364 out_pos=66.39,-11.17,7.20 out_fwd=-0.994,0.064,-0.087 out_fov=1.2364
server level=info t=397094 ev=ws701 stage=profile_setup result=complete
server level=info t=397094 ev=activity stage=writeback result=ok world_state=1
client level=info t=397344 ev=nettick stage=sample latch=1 callbacks=33362
client level=info t=397797 ev=probe stage=hosttail client=0x22D3A64F980 b=00000000000000000000000000000000000000000000000000000000000000000000000000000000FFFFFFFF00000000
client level=info t=397797 ev=probe stage=grant client=0x22D3A64F980 status=0x01FE pending=7936 dirty=0 receipt=0
client level=info t=398688 ev=retail site=17 text=world_controller:retail_datamine: Total time spent: [29963] ms in world controller state: [34] name: [setup:orbit_outro]
client level=info t=398688 ev=retail site=3 text=world_controller:state_manager: Entering state 'setup:activity_world_transition' for reason 'unavailable'.
client level=info t=398688 ev=retail site=71 text=world_controller:task_manager: Started   task 'ENUM(0)'.
client level=info t=398688 ev=retail site=71 text=world_controller:task_manager: Started   task 'ENUM(1)'.
client level=info t=398688 ev=retail site=72 text=world_controller:task_manager: Completed task 'ENUM(1)' after '0ms'.
client level=info t=398938 ev=bootflow stage=owner_slot result=forced was=0 now=1
client level=info t=398938 ev=retail site=23 text=world_controller: successfully changed world to: planet_x_freeroam
client level=info t=398938 ev=retail site=73 text=networking:update: *** it has been 254 milliseconds since the last network update (longest expected: '500')
client level=info t=398938 ev=retail site=72 text=world_controller:task_manager: Completed task 'ENUM(0)' after '254ms'.
client level=info t=398938 ev=retail site=17 text=world_controller:retail_datamine: Total time spent: [254] ms in world controller state: [35] name: [setup:activity_world_transition]
client level=info t=398938 ev=retail site=3 text=world_controller:state_manager: Entering state 'activity:initial_slice_set_loading' for reason 'unavailable'.
client level=info t=398953 ev=retail site=74 text=world_controller:task_manager: Started   task 'ENUM(0)'.
client level=info t=398953 ev=retail site=74 text=world_controller:task_manager: Started   task 'ENUM(1)'.
client level=info t=398953 ev=retail site=74 text=world_controller:task_manager: Started   task 'ENUM(4)'.
server level=info t=398953 ev=gameplay stage=response result=ok wordb=9 signon=0
client level=info t=398969 ev=retail site=75 text=world_controller:task_manager: Completed task 'ENUM(1)' after '17ms'.
client level=info t=398969 ev=retail site=45 text=world_controller:slice_set_transition_manager: Mode changed from 'disabled' to 'initial_slice_set_precaching'.
client level=info t=398969 ev=retail site=74 text=world_controller:task_manager: Started   task 'ENUM(2)'.
client level=info t=398969 ev=retail site=74 text=world_controller:task_manager: Started   task 'ENUM(3)'.
client level=info t=398969 ev=retail site=75 text=world_controller:task_manager: Completed task 'ENUM(4)' after '17ms'.
client level=info t=398969 ev=retail site=74 text=world_controller:task_manager: Started   task 'ENUM(6)'.
client level=info t=398969 ev=retail site=74 text=world_controller:task_manager: Started   task 'ENUM(7)'.
client level=info t=398969 ev=bootflow stage=region result=forced slice_set=104
client level=info t=398969 ev=retail site=47 text=world_controller:slice_set_transition_manager: Starting a new transition of type 'transitioning:initial_slice_set' to 'PRV104.1 (HASH: 0x65771c73)'; token advanced to 001
client level=info t=398984 ev=retail site=75 text=world_controller:task_manager: Completed task 'ENUM(0)' after '37ms'.
client level=info t=398984 ev=retail site=74 text=world_controller:task_manager: Started   task 'ENUM(5)'.
server level=info t=398984 ev=gameplay stage=connect result=ok peer=2003 local=0x0000001E remote=0x00000074 rebuilt=0
server level=info t=398984 ev=gameplay stage=establish result=queued local=0x0000001E remote=0x00000074
server level=info t=399016 ev=gameplay stage=advertise result=ok region=104 region_source=reported ambassador_slot=1
server level=info t=399047 ev=ws701 stage=profile_setup result=complete
server level=info t=399063 ev=activity stage=writeback result=ok world_state=1
client level=info t=399063 ev=probe stage=msg12 result=received client=0x22D3A64F980 slot=0 label=PRIVATE CURRENT member=0x35F900ECFC25A1B0 status=0x01FE->0x01FE flag=1
client level=info t=399063 ev=probe stage=bind client=0x22D3A64F980 established=0x9EAA30010020000B slotrec=0x22D21B2D9A0 roster=0x22DDA0DBC80 receipt=1
client level=info t=399063 ev=probe stage=msg12 result=received client=0x22D3A64F980 slot=0 label=PRIVATE CURRENT member=0x35F900ECFC25A1B0 status=0x01FE->0x01FE flag=1
client level=info t=399063 ev=probe stage=bind client=0x22D3A64F980 established=0x9EAA30010020000B slotrec=0x22D21B2D9A0 roster=0x22DDA0DBC80 receipt=1
client level=warn t=399156 ev=vr.body anchor=-0.4529 head_yaw=-0.0119 body_yaw=0.0172 error=0.0000 counts_per_rad=579 servo=1
client level=warn t=399156 ev=vr.pad stats injected=388 held=0 mouse=-4366,0 move=0.00,0.00 turn=0.00,0.00 trig=0.00,0.00 buttons=0x0
client level=warn t=399297 ev=vr.weapon callers path=getter D5D832:0 B363FA:543 B3598D:181 B40A78:3
client level=warn t=399297 ev=vr.weapon callers path=ptr D98F49:719 D7FB5C:24 DB8CB6:180 12B0A09:0 16E8861:184 D8F242:0 D8B348:0 D8B9B5:0 12B2284:0 D2F672:0 F4276C:0 D8492B:24 D7FF2C:25 CE3C40:0 B35BEE:181 12911A0:1 12911B5:1
client level=warn t=399297 ev=vr.weapon callers path=xform D5896F:0
client level=warn t=399313 ev=vr.probe pose in_pos=-102.24,1.36,13.43 in_fwd=0.993,0.017,-0.120 in_fov=1.0700 out_pos=-102.24,1.36,13.43 out_fwd=0.993,0.017,-0.120 out_fov=1.0700
client level=info t=399344 ev=nettick stage=sample latch=1 callbacks=33485
client level=info t=399797 ev=probe stage=hosttail client=0x22D3A64F980 b=00000000000000000000000000000000000000000000000000000000000000000000000000000000FFFFFFFF00000000
client level=info t=399797 ev=probe stage=grant client=0x22D3A64F980 status=0x01FE pending=0 dirty=0 receipt=1
client level=info t=400000 ev=retail site=75 text=world_controller:task_manager: Completed task 'ENUM(5)' after '1009ms'.
server level=info t=400016 ev=gameplay stage=message result=ok id=8 peerstage=5
server level=info t=400016 ev=gameplay stage=sendqueue result=cleared packet=1 base=5 entries=0
server level=info t=400094 ev=gameplay stage=message result=ok id=40 peerstage=5
server level=info t=400094 ev=gameplay stage=view result=queued remote=1 local=1 token=0x9EAA30010020000B list=0
client level=info t=400109 ev=retail site=75 text=world_controller:task_manager: Completed task 'ENUM(6)' after '1138ms'.
server level=info t=400156 ev=gameplay stage=message result=ok id=40 peerstage=5
server level=info t=400156 ev=gameplay stage=view result=queued remote=2 local=2 token=0x9EAA30010020000B list=15
server level=info t=400156 ev=gameplay stage=sendqueue result=cleared packet=7 base=7 entries=0
server level=info t=400203 ev=gameplay stage=message result=ok id=40 peerstage=5
server level=info t=400203 ev=gameplay stage=view result=queued remote=3 local=3 token=0x9EAA30010020000B list=0
server level=info t=400203 ev=gameplay stage=message result=ok id=40 peerstage=5
server level=info t=400203 ev=gameplay stage=view result=queued remote=4 local=4 token=0x9EAA30010020000B list=0
server level=info t=400203 ev=gameplay stage=sendqueue result=cleared packet=8 base=8 entries=0
server level=info t=400266 ev=gameplay stage=message result=ok id=40 peerstage=5
server level=warn t=400266 ev=gameplay stage=view result=refused remote=5 local=0 token=0x9EAA30010020000B list=0
server level=info t=400328 ev=gameplay stage=sendqueue result=cleared packet=9 base=9 entries=0
client level=warn t=400344 ev=vr.xr session state=running
client level=warn t=400781 ev=vr.body servo=stuck reason=no_response action=stop_injecting
client level=warn t=401063 ev=vr.xr hand yaw=0.9903 r_valid=1 r_stale=0 r_fwd=0.967,0.231,-0.108 r_up=-0.132,0.817,0.562 r_off=0.625,0.233,-0.372 r_palm=0.537,0.186,-0.379 l_valid=1 l_fwd=0.995,-0.002,-0.099 l_off=0.607,0.417,-0.370 h_off=0.038,0.326,-0.053
client level=info t=401344 ev=nettick stage=sample latch=1 callbacks=33596
client level=info t=401797 ev=probe stage=hosttail client=0x22D3A64F980 b=00000000000000000000000000000000000000000000000000000000000000000000000000000000FFFFFFFF00000000
client level=info t=401797 ev=probe stage=grant client=0x22D3A64F980 status=0x01FE pending=0 dirty=0 receipt=1
server level=info t=402141 ev=gameplay stage=message result=ok id=4 peerstage=5
client level=warn t=402281 ev=vr.xr hand yaw=0.9903 r_valid=1 r_stale=0 r_fwd=0.910,0.398,-0.116 r_up=-0.273,0.785,0.556 r_off=0.619,0.392,-0.393 r_palm=0.540,0.331,-0.398 l_valid=1 l_fwd=0.980,0.176,-0.092 l_off=0.567,0.569,-0.394 h_off=0.079,0.311,-0.090
client level=warn t=402469 ev=vr.body anchor=0.0172 head_yaw=0.5001 body_yaw=0.0172 error=0.4870 counts_per_rad=579 servo=1
client level=warn t=402469 ev=vr.pad stats injected=388 held=0 mouse=-4966,0 move=0.00,0.00 turn=0.00,0.00 trig=0.00,0.00 buttons=0x0
client level=warn t=402656 ev=vr.weapon callers path=getter D5D832:0 B363FA:540 B3598D:180 B40A78:0
client level=warn t=402656 ev=vr.weapon callers path=ptr D98F49:720 D7FB5C:1 DB8CB6:180 12B0A09:0 16E8861:180 D8F242:0 D8B348:0 D8B9B5:0 12B2284:0 D2F672:0 F4276C:0 D8492B:1 D7FF2C:1 CE3C40:0 B35BEE:180 12911A0:0 12911B5:0
client level=warn t=402656 ev=vr.weapon callers path=xform D5896F:0
client level=warn t=402672 ev=vr.probe pose in_pos=-102.24,1.36,13.43 in_fwd=0.993,0.017,-0.120 in_fov=1.0700 out_pos=-102.18,1.70,13.33 out_fwd=0.661,0.740,-0.124 out_fov=1.8850
client level=info t=403344 ev=nettick stage=sample latch=1 callbacks=33697
client level=warn t=403453 ev=vr.xr hand yaw=0.9903 r_valid=1 r_stale=0 r_fwd=0.970,0.213,-0.116 r_up=-0.114,0.823,0.556 r_off=0.626,0.261,-0.381 r_palm=0.538,0.216,-0.387 l_valid=1 l_fwd=0.995,-0.020,-0.093 l_off=0.609,0.445,-0.382 h_off=0.050,0.336,-0.080
client level=warn t=403453 ev=vr.xr pose fwd=0.689,0.715,-0.120 off=0.050,0.336,-0.080 fov=1.8850 aspect=0.964
client level=warn t=403453 ev=vr.xr submit layers=1 result=0 fov=1.8850 aspect=0.9638
client level=info t=403797 ev=probe stage=hosttail client=0x22D3A64F980 b=00000000000000000000000000000000000000000000000000000000000000000000000000000000FFFFFFFF00000000
client level=info t=403797 ev=probe stage=grant client=0x22D3A64F980 status=0x01FE pending=0 dirty=0 receipt=1
client level=info t=403984 ev=retail site=80 text=world_controller:state:activity:initial_slice_set_loading: Timeout entering the prologue-filler (given 5000ms).
client level=info t=404000 ev=retail site=74 text=world_controller:task_manager: Started   task 'ENUM(9)'.
client level=warn t=404672 ev=vr.xr hand yaw=0.9903 r_valid=1 r_stale=0 r_fwd=0.970,0.213,-0.116 r_up=-0.114,0.823,0.556 r_off=0.626,0.261,-0.381 r_palm=0.538,0.216,-0.387 l_valid=1 l_fwd=0.996,-0.019,-0.093 l_off=0.609,0.445,-0.382 h_off=0.070,0.309,-0.082
server level=info t=404734 ev=gameplay stage=message result=ok id=4 peerstage=5
client level=info t=405359 ev=nettick stage=sample latch=1 callbacks=33798
client level=info t=405797 ev=probe stage=hosttail client=0x22D3A64F980 b=00000000000000000000000000000000000000000000000000000000000000000000000000000000FFFFFFFF00000000
client level=info t=405797 ev=probe stage=grant client=0x22D3A64F980 status=0x01FE pending=0 dirty=0 receipt=1
client level=warn t=405828 ev=vr.xr hand yaw=0.9903 r_valid=1 r_stale=0 r_fwd=0.970,0.213,-0.116 r_up=-0.114,0.823,0.556 r_off=0.626,0.261,-0.381 r_palm=0.538,0.216,-0.387 l_valid=1 l_fwd=0.996,-0.020,-0.092 l_off=0.609,0.445,-0.382 h_off=0.066,0.315,-0.076
client level=warn t=406047 ev=vr.body anchor=0.0172 head_yaw=0.5107 body_yaw=0.0173 error=0.5127 counts_per_rad=579 servo=1
client level=warn t=406047 ev=vr.pad stats injected=388 held=0 mouse=-5272,0 move=0.00,0.00 turn=0.00,0.00 trig=0.00,0.00 buttons=0x0
client level=warn t=406219 ev=vr.weapon callers path=getter D5D832:0 B363FA:540 B3598D:180 B40A78:0
client level=warn t=406219 ev=vr.weapon callers path=ptr D98F49:720 D7FB5C:0 DB8CB6:180 12B0A09:0 16E8861:180 D8F242:0 D8B348:0 D8B9B5:0 12B2284:0 D2F672:0 F4276C:0 D8492B:0 D7FF2C:0 CE3C40:0 B35BEE:180 12911A0:0 12911B5:0
client level=warn t=406219 ev=vr.weapon callers path=xform D5896F:0
client level=warn t=406234 ev=vr.probe pose in_pos=-102.24,2.29,13.43 in_fwd=0.993,0.017,-0.120 in_fov=1.0700 out_pos=-102.18,2.61,13.35 out_fwd=0.860,0.503,-0.084 out_fov=1.8850
client level=info t=406703 ev=retail site=75 text=world_controller:task_manager: Completed task 'ENUM(2)' after '7732ms'.
client level=warn t=406953 ev=vr.xr hand yaw=0.9903 r_valid=1 r_stale=0 r_fwd=0.860,0.383,0.337 r_up=-0.135,-0.465,0.875 r_off=0.556,0.233,-0.204 r_palm=0.479,0.210,-0.262 l_valid=1 l_fwd=0.996,-0.021,-0.092 l_off=0.610,0.445,-0.382 h_off=0.090,0.284,-0.089
client level=warn t=406953 ev=vr.xr pose fwd=0.957,0.202,-0.210 off=0.090,0.284,-0.089 fov=1.8850 aspect=0.964
client level=info t=407250 ev=retail site=75 text=world_controller:task_manager: Completed task 'ENUM(3)' after '8288ms'.
client level=info t=407250 ev=retail site=45 text=world_controller:slice_set_transition_manager: Mode changed from 'initial_slice_set_precaching' to 'initial_slice_set_instantion'.
client level=info t=407250 ev=retail site=74 text=world_controller:task_manager: Started   task 'ENUM(8)'.
client level=info t=407281 ev=retail site=75 text=world_controller:task_manager: Completed task 'ENUM(8)' after '29ms'.
client level=info t=407281 ev=retail site=48 text=world_controller:slice_set_transition_manager: Stopping transition of type 'transitioning:initial_slice_set' due to completed
client level=info t=407344 ev=probe stage=msg12 result=received client=0x22D3A64F980 slot=0 label=PRIVATE CURRENT member=0x35F900ECFC25A1B0 status=0x01FE->0x01FE flag=1
client level=info t=407344 ev=probe stage=bind client=0x22D3A64F980 established=0x9EAA30010020000B slotrec=0x22D21B2D9A0 roster=0x22DDA0DBC80 receipt=1
client level=info t=407359 ev=nettick stage=sample latch=1 callbacks=33905
client level=info t=407375 ev=retail site=75 text=world_controller:task_manager: Completed task 'ENUM(9)' after '3384ms'.
client level=info t=407375 ev=retail site=74 text=world_controller:task_manager: Started   task 'ENUM(10)'.
client level=info t=407375 ev=probe stage=msg12 result=received client=0x22D3A64F980 slot=0 label=PRIVATE CURRENT member=0x35F900ECFC25A1B0 status=0x01FE->0x01FE flag=1
client level=info t=407375 ev=probe stage=bind client=0x22D3A64F980 established=0x9EAA30010020000B slotrec=0x22D21B2D9A0 roster=0x22DDA0DBC80 receipt=1
server level=info t=407750 ev=gameplay stage=message result=ok id=4 peerstage=5
client level=info t=407797 ev=probe stage=hosttail client=0x22D3A64F980 b=00000000000000000000000000000000000000000000000000000000000000000000000000000000FFFFFFFF00000000
client level=info t=407797 ev=probe stage=grant client=0x22D3A64F980 status=0x01FE pending=0 dirty=0 receipt=1
client level=warn t=408063 ev=vr.xr hand yaw=0.9903 r_valid=1 r_stale=0 r_fwd=0.956,0.239,0.169 r_up=-0.164,-0.040,0.986 r_off=0.621,0.253,-0.314 r_palm=0.536,0.232,-0.360 l_valid=1 l_fwd=0.996,-0.022,-0.092 l_off=0.610,0.445,-0.383 h_off=0.062,0.277,-0.063
client level=info t=409109 ev=retail site=75 text=world_controller:task_manager: Completed task 'ENUM(10)' after '1730ms'.
client level=info t=409109 ev=retail site=17 text=world_controller:retail_datamine: Total time spent: [10173] ms in world controller state: [36] name: [activity:initial_slice_set_loading]
client level=info t=409109 ev=retail site=3 text=world_controller:state_manager: Entering state 'activity:physics_join' for reason 'unavailable'.
client level=info t=409109 ev=retail site=81 text=world_controller:task_manager: Started   task 'ENUM(0)'.
client level=warn t=409141 ev=vr.xr hand yaw=0.9903 r_valid=1 r_stale=0 r_fwd=0.951,0.257,0.171 r_up=-0.173,-0.016,0.985 r_off=0.620,0.256,-0.316 r_palm=0.535,0.232,-0.362 l_valid=1 l_fwd=0.996,-0.022,-0.092 l_off=0.610,0.444,-0.383 h_off=0.072,0.279,-0.071
client level=warn t=409141 ev=vr.xr submit layers=1 result=0 fov=1.8850 aspect=0.9638
client level=warn t=409313 ev=vr.body anchor=0.0172 head_yaw=0.2712 body_yaw=-0.0616 error=0.3479 counts_per_rad=579 servo=1
client level=warn t=409313 ev=vr.pad stats injected=388 held=0 mouse=-5568,0 move=0.00,0.00 turn=0.00,0.00 trig=0.00,0.00 buttons=0x0
client level=info t=409359 ev=nettick stage=sample latch=1 callbacks=34016
client level=warn t=409469 ev=vr.weapon callers path=getter D5D832:0 B363FA:540 B3598D:180 B40A78:0
client level=warn t=409469 ev=vr.weapon callers path=ptr D98F49:720 D7FB5C:42 DB8CB6:180 12B0A09:0 16E8861:186 D8F242:0 D8B348:0 D8B9B5:0 12B2284:0 D2F672:0 F4276C:0 D8492B:10 D7FF2C:10 CE3C40:0 B35BEE:180 12911A0:0 12911B5:0
client level=warn t=409469 ev=vr.weapon callers path=xform D5896F:0
client level=warn t=409484 ev=vr.probe pose in_pos=-57.50,-7.79,13.87 in_fwd=0.997,-0.052,0.050 in_fov=1.0700 out_pos=-57.43,-7.51,13.80 out_fwd=0.954,0.299,-0.011 out_fov=1.8850
client level=info t=409797 ev=probe stage=hosttail client=0x22D3A64F980 b=00000000000000000000000000000000000000000000000000000000000000000000000000000000FFFFFFFF00000000
client level=info t=409797 ev=probe stage=grant client=0x22D3A64F980 status=0x01FE pending=0 dirty=0 receipt=1
client level=warn t=410188 ev=vr.xr hand yaw=0.9903 r_valid=1 r_stale=0 r_fwd=0.949,0.272,0.161 r_up=-0.169,0.007,0.986 r_off=0.619,0.260,-0.317 r_palm=0.534,0.234,-0.362 l_valid=1 l_fwd=0.996,-0.023,-0.092 l_off=0.610,0.444,-0.382 h_off=0.067,0.284,-0.070
client level=warn t=410188 ev=vr.xr pose fwd=0.953,0.302,-0.010 off=0.067,0.284,-0.070 fov=1.8850 aspect=0.964
server level=info t=410844 ev=gameplay stage=message result=ok id=4 peerstage=5
client level=warn t=411250 ev=vr.xr hand yaw=0.9903 r_valid=1 r_stale=0 r_fwd=0.945,0.285,0.163 r_up=-0.176,0.022,0.984 r_off=0.618,0.262,-0.317 r_palm=0.533,0.235,-0.362 l_valid=1 l_fwd=0.996,-0.022,-0.092 l_off=0.610,0.444,-0.382 h_off=0.085,0.282,-0.078
client level=info t=411359 ev=nettick stage=sample latch=1 callbacks=34130
client level=info t=411797 ev=probe stage=hosttail client=0x22D3A64F980 b=00000000000000000000000000000000000000000000000000000000000000000000000000000000FFFFFFFF00000000
client level=info t=411797 ev=probe stage=grant client=0x22D3A64F980 status=0x01FE pending=0 dirty=0 receipt=1
client level=warn t=412313 ev=vr.xr hand yaw=0.9903 r_valid=1 r_stale=0 r_fwd=0.933,0.256,0.251 r_up=-0.235,-0.093,0.967 r_off=0.610,0.246,-0.303 r_palm=0.528,0.225,-0.356 l_valid=1 l_fwd=0.988,-0.126,0.094 l_off=0.611,0.443,-0.327 h_off=0.202,0.246,-0.109
client level=warn t=412484 ev=vr.body anchor=0.0172 head_yaw=0.3272 body_yaw=-0.0290 error=0.3536 counts_per_rad=579 servo=1
client level=warn t=412484 ev=vr.pad stats injected=388 held=0 mouse=-5874,0 move=0.00,0.00 turn=0.00,0.00 trig=0.00,0.00 buttons=0x0
client level=warn t=412641 ev=vr.weapon callers path=getter D5D832:0 B363FA:540 B3598D:180 B40A78:0
client level=warn t=412641 ev=vr.weapon callers path=ptr D98F49:720 D7FB5C:77 DB8CB6:180 12B0A09:0 16E8861:180 D8F242:0 D8B348:0 D8B9B5:0 12B2284:0 D2F672:0 F4276C:0 D8492B:15 D7FF2C:15 CE3C40:0 B35BEE:180 12911A0:0 12911B5:0
client level=warn t=412641 ev=vr.weapon callers path=xform D5896F:0
client level=warn t=412656 ev=vr.probe pose in_pos=-57.50,-7.80,13.87 in_fwd=0.983,-0.024,-0.181 in_fov=1.0700 out_pos=-57.37,-7.52,13.79 out_fwd=0.887,0.425,-0.183 out_fov=1.8850
client level=info t=413359 ev=nettick stage=sample latch=1 callbacks=34243
client level=warn t=413375 ev=vr.xr hand yaw=0.9903 r_valid=1 r_stale=0 r_fwd=0.941,0.273,0.201 r_up=-0.208,-0.003,0.978 r_off=0.611,0.259,-0.311 r_palm=0.528,0.233,-0.360 l_valid=1 l_fwd=0.976,-0.075,-0.202 l_off=0.315,0.523,-0.565 h_off=0.062,0.295,-0.066
client level=warn t=413375 ev=vr.xr pose fwd=0.846,0.530,0.049 off=0.062,0.295,-0.066 fov=1.8850 aspect=0.964
client level=info t=413797 ev=probe stage=hosttail client=0x22D3A64F980 b=00000000000000000000000000000000000000000000000000000000000000000000000000000000FFFFFFFF00000000
client level=info t=413797 ev=probe stage=grant client=0x22D3A64F980 status=0x01FE pending=0 dirty=0 receipt=1
server level=info t=413953 ev=gameplay stage=message result=ok id=4 peerstage=5
client level=warn t=414438 ev=vr.xr hand yaw=0.9903 r_valid=1 r_stale=0 r_fwd=0.934,0.274,0.228 r_up=-0.237,0.001,0.971 r_off=0.611,0.258,-0.309 r_palm=0.529,0.232,-0.360 l_valid=1 l_fwd=0.943,0.160,-0.292 l_off=0.328,0.534,-0.577 h_off=0.077,0.291,-0.076
client level=warn t=414438 ev=vr.xr submit layers=1 result=0 fov=1.8850 aspect=0.9638
client level=info t=415156 ev=retail site=82 text=world_controller:task_manager: Completed task 'ENUM(0)' after '6051ms'.
client level=info t=415156 ev=retail site=17 text=world_controller:retail_datamine: Total time spent: [6051] ms in world controller state: [37] name: [activity:physics_join]
client level=info t=415156 ev=retail site=3 text=world_controller:state_manager: Entering state 'activity:in_world' for reason 'unavailable'.
client level=info t=415156 ev=retail site=83 text=world_controller:state:in_world: Starting activity '0x0009 (HASH(0xec70749b))(type: HASH(0xd07bb2d7))(grognok: planet_x_freeroam)(destination: HASH(0x0790b877))(nonce: 87300B4A-F375BF65) for reason 'ENUM(0)'(override: planet_x_freeroam)'.
client level=info t=415156 ev=retail site=11 text=world_controller:retail_datamine: Timed operation: [ENUM(17)], took: [48468 ms], average: [35462.500000 ms], min: [22457.000000], max: [48468.000000], count: [2]
client level=warn t=421594 ev=probe stage=stall result=detected idle=6235 count=34349
client level=info t=421625 ev=probe stage=stall set=stack tid=0x00000E98 rip=0x7FFD69540E44 rsp=0xAAD20FD888 window=2048
client level=info t=421625 ev=probe stage=stall set=frames tid=0x00000E98 f0=exe+0x2167200 f1=exe+0x20CFF01 f2=exe+0x360D5E f3=exe+0x1BCD9C8 f4=exe+0x11C613D f5=exe+0x1C2A140 f6=exe+0x1C283B8 f7=exe+0x1C283B8
client level=info t=421625 ev=probe stage=stall set=stack tid=0x0000262C rip=0x7FFD69544A74 rsp=0xAAD31FF478 window=2048
client level=info t=421625 ev=probe stage=stall set=stack tid=0x00002788 rip=0x7FFD69541444 rsp=0xAAD39FF168 window=2048
client level=info t=421625 ev=probe stage=stall set=frames tid=0x00002788 f0=exe+0x267D140 f1=exe+0x3B1A77 f2=exe+0x3AFF70 f3=exe+0x4F5C89E f4=exe+0x47DA9CB f5=exe+0x0 f6=exe+0x3FB1A5A f7=exe+0x69533FF
client level=info t=421625 ev=probe stage=stall set=stack tid=0x00004234 rip=0x7FFD69540E44 rsp=0xAAD45FF828 window=1024
client level=info t=421625 ev=probe stage=stall set=frames tid=0x00004234 f0=exe+0x1280280 f1=exe+0x0 f2=exe+0x242CD10 f3=exe+0x1280201 f4=exe+0x3023E5 f5=exe+0x348061 f6=exe+0x7CB8EAA f7=exe+0x7039128
client level=info t=421625 ev=probe stage=stall set=frames tid=0x00004234 f8=exe+0x128029D f9=exe+0x0 f10=exe+0x1280280 f11=exe+0x129869C
client level=info t=421625 ev=probe stage=stall set=stack tid=0x00002B48 rip=0x7FFD69541444 rsp=0xAAD49F9198 window=2048
client level=info t=421625 ev=probe stage=stall set=frames tid=0x00002B48 f0=exe+0x1299FD0 f1=exe+0x7CB8EAA f2=exe+0x0 f3=exe+0x1299FD0 f4=exe+0x129A08B f5=exe+0x2F24088 f6=exe+0x2F23FB0
client level=info t=421625 ev=probe stage=stall set=stack tid=0x00003A28 rip=0x7FFD69540E44 rsp=0xAAD4DFF5A8 window=2048
client level=info t=421625 ev=probe stage=stall set=frames tid=0x00003A28 f0=exe+0x302465 f1=exe+0x31D073 f2=exe+0x2E7ABC0 f3=exe+0x31D0BA f4=exe+0x318894 f5=exe+0x20D6E38 f6=exe+0x31B241 f7=exe+0x3537B3
client level=info t=421625 ev=probe stage=stall set=frames tid=0x00003A28 f8=exe+0x20D6E38 f9=exe+0x20D6E38 f10=exe+0x353874 f11=exe+0x20D6E38 f12=exe+0x20D6E5C f13=exe+0x3537D0 f14=exe+0x20D6E38
client level=info t=421625 ev=probe stage=stall set=stack tid=0x00004A48 rip=0x7FFD69540E44 rsp=0xAAD51FFB68 window=1024
client level=info t=421625 ev=probe stage=stall set=frames tid=0x00004A48 f0=exe+0x302465 f1=exe+0x31D073 f2=exe+0x31D0BA f3=exe+0x318894 f4=exe+0x20D7A38 f5=exe+0x31B241 f6=exe+0x3537B3 f7=exe+0x20D7A38
client level=info t=421625 ev=probe stage=stall set=frames tid=0x00004A48 f8=exe+0x20D7A38 f9=exe+0x353874 f10=exe+0x20D7A38 f11=exe+0x20D7A5C f12=exe+0x3537D0 f13=exe+0x20D7A38
client level=info t=421625 ev=probe stage=stall set=stack tid=0x00001F70 rip=0x7FFD69540E44 rsp=0xAAD55FF708 window=2048
client level=info t=421625 ev=probe stage=stall set=frames tid=0x00001F70 f0=exe+0x2E5B380 f1=exe+0x302465 f2=exe+0x31D073 f3=exe+0x31D0BA f4=exe+0x318894 f5=exe+0x20D8638 f6=exe+0x31B241 f7=exe+0x3537B3
client level=info t=421625 ev=probe stage=stall set=frames tid=0x00001F70 f8=exe+0x20D8638 f9=exe+0x20D8638 f10=exe+0x353874 f11=exe+0x20D8638 f12=exe+0x20D865C f13=exe+0x3537D0 f14=exe+0x20D8638
client level=info t=421625 ev=probe stage=stall set=stack tid=0x000000A4 rip=0x7FFD69540E44 rsp=0xAAD59FF658 window=2048
client level=info t=421625 ev=probe stage=stall set=frames tid=0x000000A4 f0=exe+0x302465 f1=exe+0x31D073 f2=exe+0x31D0BA f3=exe+0x318894 f4=exe+0x20D9238 f5=exe+0x31B241 f6=exe+0x3537B3 f7=exe+0x20D9238
client level=info t=421625 ev=probe stage=stall set=frames tid=0x000000A4 f8=exe+0x20D9238 f9=exe+0x353874 f10=exe+0x20D9238 f11=exe+0x20D925C f12=exe+0x3537D0 f13=exe+0x20D9238
client level=info t=421625 ev=probe stage=stall set=stack tid=0x00003B74 rip=0x7FFD69541444 rsp=0xAAD5DFD6B8 window=2048
client level=info t=421625 ev=probe stage=stall set=frames tid=0x00003B74 f0=exe+0x20D9E80 f1=exe+0x20D9E80 f2=exe+0x3550FB f3=exe+0x20D9E38 f4=exe+0x1DC60C8 f5=exe+0x1DC60D4 f6=exe+0x1B87974 f7=exe+0x1DC60C8
client level=info t=421625 ev=probe stage=stall set=frames tid=0x00003B74 f8=exe+0x3537B3 f9=exe+0x35ECC44 f10=exe+0x3537B3 f11=exe+0x35ECC44 f12=exe+0x35ECC44 f13=exe+0x3537B3 f14=exe+0x35ECC44 f15=exe+0x353874
client level=info t=421625 ev=probe stage=stall set=stack tid=0x00000EF4 rip=0x7FFD69540E44 rsp=0xAAD61FFBB8 window=1024
client level=info t=421625 ev=probe stage=stall set=frames tid=0x00000EF4 f0=exe+0x2E5B620 f1=exe+0x302465 f2=exe+0x31D073 f3=exe+0x31D0BA f4=exe+0x318894 f5=exe+0x20DAA38 f6=exe+0x31B241 f7=exe+0x3537B3
client level=info t=421625 ev=probe stage=stall set=frames tid=0x00000EF4 f8=exe+0x20DAA38 f9=exe+0x20DAA38 f10=exe+0x353874 f11=exe+0x20DAA38 f12=exe+0x20DAA5C f13=exe+0x3537D0 f14=exe+0x20DAA38
client level=info t=421625 ev=probe stage=stall set=stack tid=0x00000564 rip=0x7FFD69540E44 rsp=0xAAD65FFB78 window=1024
client level=info t=421625 ev=probe stage=stall set=frames tid=0x00000564 f0=exe+0x302465 f1=exe+0x31D073 f2=exe+0x31D0BA f3=exe+0x318894 f4=exe+0x20EEE48 f5=exe+0x31B241 f6=exe+0x3537B3 f7=exe+0x20EEE48
client level=info t=421625 ev=probe stage=stall set=frames tid=0x00000564 f8=exe+0x20EEE48 f9=exe+0x353874 f10=exe+0x20EEE48 f11=exe+0x20EEE6C f12=exe+0x3537D0 f13=exe+0x20EEE48
client level=info t=421625 ev=probe stage=stall set=stack tid=0x00004A80 rip=0x7FFD69540E44 rsp=0xAAD69FF658 window=2048
client level=info t=421625 ev=probe stage=stall set=frames tid=0x00004A80 f0=exe+0x302465 f1=exe+0x31D073 f2=exe+0x31D0BA f3=exe+0x318894 f4=exe+0x20EFA48 f5=exe+0x31B241 f6=exe+0x3537B3 f7=exe+0x20EFA48
client level=info t=421625 ev=probe stage=stall set=frames tid=0x00004A80 f8=exe+0x20EFA48 f9=exe+0x353874 f10=exe+0x20EFA48 f11=exe+0x20EFA6C f12=exe+0x3537D0 f13=exe+0x20EFA48
client level=info t=421625 ev=probe stage=stall set=stack tid=0x00000E5C rip=0x7FFD69541914 rsp=0xAAD6DFEF78 window=2048
client level=info t=421625 ev=probe stage=stall set=frames tid=0x00000E5C f0=exe+0x1AEB323
client level=info t=421625 ev=probe stage=stall set=stack tid=0x00004CC0 rip=0x7FFD69540E44 rsp=0xAAD71FFB08 window=2048
client level=info t=421625 ev=probe stage=stall set=frames tid=0x00004CC0 f0=exe+0x1AE9B80
client level=info t=421625 ev=probe stage=stall set=stack tid=0x00002514 rip=0x7FFD66761344 rsp=0xAAD75FFA58 window=2048
client level=info t=421625 ev=probe stage=stall set=frames tid=0x00002514 f0=exe+0x2686901 f1=exe+0x2686901 f2=exe+0x3C5F69 f3=exe+0x26869E0 f4=exe+0x26869E0 f5=exe+0x3BD893 f6=exe+0x26869E0 f7=exe+0x3BDA99
client level=info t=421625 ev=probe stage=stall set=frames tid=0x00002514 f8=exe+0x26869E0 f9=exe+0x3537B3 f10=exe+0x26869E0 f11=exe+0x353874 f12=exe+0x26869E0 f13=exe+0x2686A04 f14=exe+0x3537D0 f15=exe+0x26869E0
client level=info t=421625 ev=probe stage=stall set=stack tid=0x00000AE8 rip=0x7FFD66761344 rsp=0xAAD79FF988 window=2048
client level=info t=421625 ev=probe stage=stall set=frames tid=0x00000AE8 f0=exe+0x3BDA55 f1=exe+0x26869E0 f2=exe+0x26875E0 f3=exe+0x3537B3 f4=exe+0x26875E0 f5=exe+0x353874 f6=exe+0x26875E0 f7=exe+0x2687604
client level=info t=421625 ev=probe stage=stall set=frames tid=0x00000AE8 f8=exe+0x3537D0 f9=exe+0x26875E0
client level=info t=421625 ev=probe stage=stall set=stack tid=0x0000017C rip=0x7FFD69540EE4 rsp=0xAAD7DFF6E8 window=2048
client level=info t=421625 ev=probe stage=stall set=stack tid=0x00003488 rip=0x7FFD69544A14 rsp=0xAAD85FFD28 window=2048
client level=info t=421625 ev=probe stage=stall set=stack tid=0x0000131C rip=0x7FFD69544A14 rsp=0xAAD89FF828 window=2048
client level=info t=421625 ev=probe stage=stall set=stack tid=0x000001F8 rip=0x7FFD69540E44 rsp=0xAAD8DFF618 window=2048
client level=info t=421625 ev=probe stage=stall set=stack tid=0x00000F90 rip=0x7FFD69540E44 rsp=0xAAD81FF888 window=2048
client level=info t=421625 ev=probe stage=stall set=stack tid=0x00003A30 rip=0x7FFD69540E44 rsp=0xAAD91FF688 window=2048
client level=info t=421625 ev=probe stage=stall set=stack tid=0x00004A2C rip=0x7FFD69540E44 rsp=0xAAD95FF7E8 window=2048
client level=info t=421625 ev=probe stage=stall set=stack tid=0x00002CA4 rip=0x7FFD69540E44 rsp=0xAAD99FF898 window=2048
client level=info t=421625 ev=probe stage=stall set=stack tid=0x00004E98 rip=0x7FFD69540E44 rsp=0xAAD9DFF978 window=2048
client level=info t=421625 ev=probe stage=stall set=stack tid=0x000019C4 rip=0x7FFD69540E44 rsp=0xAADA1FF628 window=2048
client level=info t=421625 ev=probe stage=stall set=stack tid=0x0000458C rip=0x7FFD69540E44 rsp=0xAADA5FF618 window=2048
client level=info t=421625 ev=probe stage=stall set=stack tid=0x000015B0 rip=0x7FFD69540E44 rsp=0xAADA9FFBC8 window=2048
client level=info t=421625 ev=probe stage=stall set=stack tid=0x000015C8 rip=0x7FFD69540E44 rsp=0xAADADFF398 window=2048
client level=info t=421625 ev=probe stage=stall set=stack tid=0x00003DC8 rip=0x7FFD69540E44 rsp=0xAADB1FFA58 window=2048
client level=info t=421625 ev=probe stage=stall set=stack tid=0x0000318C rip=0x7FFD69544A14 rsp=0xAADB5FF968 window=2048
client level=info t=421625 ev=probe stage=stall set=stack tid=0x00002808 rip=0x7FFD69544A14 rsp=0xAADB9FF698 window=2048
client level=info t=421625 ev=probe stage=stall set=stack tid=0x00004FA8 rip=0x7FFD69541914 rsp=0xAADC1FF838 window=2048
client level=info t=421625 ev=probe stage=stall set=stack tid=0x00000480 rip=0x7FFD69540E44 rsp=0xAADC5FF8E8 window=2048
client level=info t=421625 ev=probe stage=stall set=stack tid=0x000033B0 rip=0x7FFD69540E44 rsp=0xAADC9FF9C8 window=2048
client level=info t=421625 ev=probe stage=stall set=stack tid=0x0000092C rip=0x7FFD69540E44 rsp=0xAADCDFF908 window=2048
client level=info t=421625 ev=probe stage=stall set=stack tid=0x00000BBC rip=0x7FFD69540E44 rsp=0xAADD1FFC58 window=2048
client level=info t=421625 ev=probe stage=stall set=stack tid=0x00004C3C rip=0x7FFD69540E44 rsp=0xAADD5FFD28 window=2048
client level=info t=421625 ev=probe stage=stall set=stack tid=0x00004C24 rip=0x7FFD69540E44 rsp=0xAADD9FF6E8 window=2048
client level=info t=421625 ev=probe stage=stall set=stack tid=0x000032D8 rip=0x7FFD69540E44 rsp=0xAADDDFFD18 window=2048
client level=info t=421625 ev=probe stage=stall set=stack tid=0x00003494 rip=0x7FFD69540E44 rsp=0xAADE1FFD88 window=512
client level=info t=421625 ev=probe stage=stall set=stack tid=0x00001E20 rip=0x7FFD69541444 rsp=0xAADE5FFCF8 window=512
client level=info t=421625 ev=probe stage=stall set=frames tid=0x00001E20 f0=exe+0x26869D0 f1=exe+0x11C7C5C f2=exe+0x2E5BEC2 f3=exe+0x3537B3 f4=exe+0x2E5BE90 f5=exe+0x2E5BE90 f6=exe+0x353874 f7=exe+0x2E5BE90
client level=info t=421625 ev=probe stage=stall set=frames tid=0x00001E20 f8=exe+0x2E5BEB4 f9=exe+0x3537D0 f10=exe+0x2E5BE90
client level=info t=421625 ev=probe stage=stall set=stack tid=0x00001BCC rip=0x7FFD69540E44 rsp=0xAADE9FFA28 window=2048
client level=info t=421625 ev=probe stage=stall set=frames tid=0x00001BCC f0=exe+0x2E79DE3 f1=exe+0x11DB4DB f2=exe+0x2E79DA0 f3=exe+0x3537B3 f4=exe+0x2E79DA0 f5=exe+0x353874 f6=exe+0x2E79DA0 f7=exe+0x2E79DC4
client level=info t=421625 ev=probe stage=stall set=frames tid=0x00001BCC f8=exe+0x3537D0 f9=exe+0x2E79DA0
client level=info t=421625 ev=probe stage=stall set=stack tid=0x000013A8 rip=0x7FFD69544A74 rsp=0xAADF5FFAD8 window=2048
client level=info t=421625 ev=probe stage=stall set=stack tid=0x000024B8 rip=0x7FFD69540E44 rsp=0xAADF9FF768 window=2048
client level=info t=421625 ev=probe stage=stall set=stack tid=0x000038CC rip=0x7FFD69540E44 rsp=0xAADFDFF6F8 window=2048
client level=info t=421625 ev=probe stage=stall set=stack tid=0x00004C08 rip=0x7FFD69540E44 rsp=0xAAE01FF9D8 window=2048
client level=info t=421625 ev=probe stage=stall set=stack tid=0x00001158 rip=0x7FFD69540E44 rsp=0xAAE05FF958 window=2048
client level=info t=421625 ev=probe stage=stall set=stack tid=0x00003458 rip=0x7FFD69540E44 rsp=0xAAE09FF838 window=2048
client level=info t=421625 ev=probe stage=stall set=stack tid=0x00004CE8 rip=0x7FFD69540E44 rsp=0xAAE0DFF678 window=2048
client level=info t=421625 ev=probe stage=stall set=stack tid=0x00004124 rip=0x7FFD69540E44 rsp=0xAAE11FFD48 window=2048
client level=info t=421625 ev=probe stage=stall set=stack tid=0x000006A0 rip=0x7FFD69540E44 rsp=0xAAE15FF9B8 window=2048
client level=info t=421625 ev=probe stage=stall set=stack tid=0x00002560 rip=0x7FFD69540E44 rsp=0xAAE19FFA18 window=1024
client level=info t=421625 ev=probe stage=stall set=stack tid=0x00000E90 rip=0x7FFD69540E44 rsp=0xAAE1DFF668 window=2048
client level=info t=421625 ev=probe stage=stall set=frames tid=0x00000E90 f0=exe+0x19F8801
client level=info t=421625 ev=probe stage=stall set=stack tid=0x00001F20 rip=0x7FFD69540E44 rsp=0xAAE21FFE58 window=256
client level=info t=421625 ev=probe stage=stall set=frames tid=0x00001F20 f0=exe+0x1A07446
client level=info t=421625 ev=probe stage=stall set=stack tid=0x00000CE0 rip=0x7FFD69541914 rsp=0xAAE25FFAB8 window=1024
client level=info t=421625 ev=probe stage=stall set=frames tid=0x00000CE0 f0=exe+0x1A40E63 f1=exe+0x1A41E30
client level=info t=421625 ev=probe stage=stall set=stack tid=0x00000360 rip=0x7FFD69541914 rsp=0xAAE31FF558 window=2048
client level=info t=421625 ev=probe stage=stall set=stack tid=0x0000240C rip=0x7FFD69541914 rsp=0xAAE35FF6D8 window=2048
client level=info t=421625 ev=probe stage=stall set=stack tid=0x00000EC8 rip=0x7FFD69540E44 rsp=0xAAE39FFB48 window=1024
client level=info t=421625 ev=probe stage=stall set=frames tid=0x00000EC8 f0=exe+0x1A914FF f1=own+0x149533 f2=exe+0x39B4FB f3=exe+0x1A8222A
client level=info t=421625 ev=probe stage=stall set=stack tid=0x00003EB8 rip=0x7FFD69540E44 rsp=0xAAE3DFF9A8 window=2048
client level=info t=421625 ev=probe stage=stall set=frames tid=0x00003EB8 f0=exe+0x0 f1=exe+0x1F15A90 f2=exe+0x0 f3=exe+0x30FE80 f4=exe+0x30FED2 f5=exe+0x30FE80 f6=exe+0x30FE80 f7=exe+0x129869C
client level=info t=421625 ev=probe stage=stall set=stack tid=0x00000C7C rip=0x7FFD69541914 rsp=0xAADEDFEE48 window=2048
client level=info t=421625 ev=probe stage=stall set=stack tid=0x000038C8 rip=0x7FFD69541914 rsp=0xAADBDFE388 window=2048
client level=info t=421625 ev=probe stage=stall set=frames tid=0x000038C8 f0=exe+0x3E8155
client level=info t=421625 ev=probe stage=stall set=stack tid=0x00000854 rip=0x7FFD69541444 rsp=0xAAE45FFAF8 window=1024
client level=info t=421625 ev=probe stage=stall set=frames tid=0x00000854 f0=own+0x695AE8 f1=own+0x679B28 f2=own+0x679B08 f3=own+0x679B08 f4=own+0x679B28 f5=own+0x1DA9EB f6=own+0x679B08 f7=own+0x679B28
client level=info t=421625 ev=probe stage=stall set=stack tid=0x00002458 rip=0x7FFD69541444 rsp=0xAAE4DFF708 window=2048
client level=info t=421625 ev=probe stage=stall set=frames tid=0x00002458 f0=exe+0x31DA0A0 f1=exe+0x173A58B f2=exe+0x31DA5A0 f3=exe+0x3537B3 f4=exe+0x31DA5A0 f5=exe+0x353874 f6=exe+0x31DA5A0 f7=exe+0x31DA5C4
client level=info t=421625 ev=probe stage=stall set=frames tid=0x00002458 f8=exe+0x3537D0 f9=exe+0x31DA5A0
client level=info t=421625 ev=probe stage=stall set=stack tid=0x00002F5C rip=0x7FFD69544A14 rsp=0xAAD35FFD98 window=2048
client level=info t=421625 ev=probe stage=stall set=stack tid=0x00004C98 rip=0x7FFD69541914 rsp=0xAAE51FF508 window=2048
client level=info t=421625 ev=probe stage=stall set=stack tid=0x000019A8 rip=0x7FFD69544A14 rsp=0xAAE55FEC98 window=2048
client level=info t=421625 ev=probe stage=stall set=frames tid=0x000019A8 f0=exe+0x7C97F8 f1=exe+0x294B57 f2=exe+0x0 f3=exe+0x91790 f4=exe+0x0 f5=exe+0x91790
client level=info t=421625 ev=probe stage=stall set=stack tid=0x00003F28 rip=0x7FFD69544A14 rsp=0xAAE59FF1B8 window=2048
client level=info t=421625 ev=probe stage=stall set=frames tid=0x00003F28 f0=exe+0x7C97F8 f1=exe+0x294B57 f2=exe+0x0 f3=exe+0x91790 f4=exe+0x0 f5=exe+0x91790
client level=info t=421625 ev=probe stage=stall set=stack tid=0x00001D60 rip=0x7FFD69544A14 rsp=0xAAE5DFEE78 window=2048
client level=info t=421625 ev=probe stage=stall set=frames tid=0x00001D60 f0=exe+0x7C97F8 f1=exe+0x294B57 f2=exe+0x0 f3=exe+0x91790 f4=exe+0x0 f5=exe+0x91790
client level=info t=421625 ev=probe stage=stall set=stack tid=0x00000A2C rip=0x7FFD69541914 rsp=0xAAE61FEE58 window=2048
client level=info t=421625 ev=probe stage=stall set=stack tid=0x000016C4 rip=0x7FFD69544A14 rsp=0xAAE65FF938 window=2048
client level=info t=421625 ev=probe stage=stall set=stack tid=0x00001D24 rip=0x7FFD69544A14 rsp=0xAAE69FF788 window=2048
client level=info t=421625 ev=probe stage=stall set=stack tid=0x000038B0 rip=0x7FFD69544A14 rsp=0xAAE6DFF588 window=2048
client level=info t=421625 ev=probe stage=stall set=stack tid=0x00004D30 rip=0x7FFD69544A14 rsp=0xAAE71FF9C8 window=2048
client level=info t=421625 ev=probe stage=stall set=stack tid=0x00004E08 rip=0x7FFD69541914 rsp=0xAAE75FF548 window=2048
client level=info t=421625 ev=probe stage=stall set=stack tid=0x00003DEC rip=0x7FFD69541914 rsp=0xAAE79FF568 window=2048
client level=info t=421625 ev=probe stage=stall set=stack tid=0x000040E8 rip=0x7FFD69544A14 rsp=0xAAE7DFFCF8 window=2048
client level=info t=421625 ev=probe stage=stall set=stack tid=0x00002840 rip=0x7FFD69541914 rsp=0xAAE81FEFE8 window=2048
client level=info t=421625 ev=probe stage=stall set=stack tid=0x000038E4 rip=0x7FFD69544A14 rsp=0xAAE85FF7B8 window=2048
client level=info t=421625 ev=probe stage=stall set=stack tid=0x00001DF4 rip=0x7FFD69541914 rsp=0xAAE89FF558 window=2048
client level=info t=421625 ev=probe stage=stall set=stack tid=0x000012CC rip=0x7FFD69544A14 rsp=0xAAE8DFFC68 window=2048
client level=info t=421625 ev=probe stage=stall set=stack tid=0x00004F8C rip=0x7FFD69541914 rsp=0xAAE91FF1C8 window=2048
client level=info t=421625 ev=probe stage=stall set=stack tid=0x00002818 rip=0x7FFD69544A14 rsp=0xAAE95FF6F8 window=2048
client level=info t=421625 ev=probe stage=stall set=stack tid=0x00004D70 rip=0x7FFD69544A14 rsp=0xAAE99FF758 window=2048
client level=info t=421625 ev=probe stage=stall set=stack tid=0x000040A0 rip=0x7FFD69544A74 rsp=0xAAD25FF6A8 window=2048
client level=info t=421625 ev=probe stage=stall set=stack tid=0x000033E0 rip=0x7FFD69544A74 rsp=0xAAD2DFF5D8 window=2048
client level=info t=421625 ev=probe stage=stall set=stack tid=0x00003B98 rip=0x7FFD69540EE4 rsp=0xAAD3DFFC48 window=512
server level=info t=425266 ev=gameplay stage=association result=timeout
client level=info t=435250 ev=probe stage=hitch step=38 dur=0 gate=0 fa=0x00834000 fa_idle=0 fb=0x00834001 fb_idle=0 fc=0x00834002 fc_idle=0
client level=info t=435250 ev=probe stage=hitch set=wait idx=4 slot=4 tid=0x00003B74 kind=4 age=19982.6 desc="name: 'render_globals_update_and_setup_cascade_shadow_views_job', owner: 'system owner'"
client level=info t=435250 ev=probe stage=hitch set=ring idx=0 slot=-1 tid=0xFFFFFFFF kind=255 age=27907837952.0 desc="name: 'empty_job', owner: 'system owner'"
client level=info t=435250 ev=probe stage=hitch set=ring idx=1 slot=-1 tid=0xFFFFFFFF kind=255 age=14069673984.0 desc="name: 'empty_job', owner: 'system owner'"
client level=info t=435250 ev=probe stage=hitch set=ring idx=2 slot=-1 tid=0xFFFFFFFF kind=255 age=27907837952.0 desc="name: 'empty_job', owner: 'system owner'"
client level=info t=435250 ev=probe stage=hitch set=ring idx=3 slot=-1 tid=0xFFFFFFFF kind=255 age=27907837952.0 desc="name: 'empty_job', owner: 'system owner'"
client level=info t=435250 ev=probe stage=hitch set=ring idx=4 slot=-1 tid=0xFFFFFFFF kind=255 age=27907837952.0 desc="name: 'empty_job', owner: 'system owner'"
client level=info t=435250 ev=probe stage=hitch set=ring idx=5 slot=-1 tid=0xFFFFFFFF kind=255 age=14069673984.0 desc="name: 'empty_job', owner: 'system owner'"
client level=info t=435250 ev=probe stage=hitch set=ring idx=6 slot=-1 tid=0xFFFFFFFF kind=255 age=27907837952.0 desc="name: 'empty_job', owner: 'system owner'"
client level=info t=435250 ev=probe stage=hitch set=ring idx=7 slot=-1 tid=0xFFFFFFFF kind=255 age=14069673984.0 desc="name: 'empty_job', owner: 'system owner'"
client level=info t=435250 ev=probe stage=hitch set=ring idx=8 slot=-1 tid=0xFFFFFFFF kind=255 age=14069676032.0 desc="name: 'empty_job', owner: 'system owner'"
client level=info t=435250 ev=probe stage=hitch set=ring idx=9 slot=-1 tid=0xFFFFFFFF kind=255 age=14069673984.0 desc="name: 'empty_job', owner: 'system owner'"
client level=info t=435250 ev=probe stage=hitch set=ring idx=10 slot=-1 tid=0xFFFFFFFF kind=255 age=27907837952.0 desc="name: 'empty_job', owner: 'system owner'"
client level=info t=435250 ev=probe stage=hitch set=ring idx=11 slot=-1 tid=0xFFFFFFFF kind=255 age=14069673984.0 desc="name: 'empty_job', owner: 'system owner'"
client level=info t=435250 ev=probe stage=hitch set=ring idx=12 slot=-1 tid=0xFFFFFFFF kind=255 age=27907837952.0 desc="name: 'empty_job', owner: 'system owner'"
client level=info t=435250 ev=probe stage=hitch set=ring idx=13 slot=-1 tid=0xFFFFFFFF kind=255 age=14069673984.0 desc="name: 'empty_job', owner: 'system owner'"
client level=info t=435250 ev=probe stage=hitch set=ring idx=14 slot=-1 tid=0xFFFFFFFF kind=255 age=14069673984.0 desc="name: 'empty_job', owner: 'system owner'"
client level=info t=435250 ev=probe stage=hitch set=ring idx=15 slot=-1 tid=0xFFFFFFFF kind=255 age=14069673984.0 desc="name: 'empty_job', owner: 'system owner'"
client level=info t=435250 ev=probe stage=hitch set=stack tid=0x00003B74 rip=0x7FFD69541444 rsp=0xAAD5DFD6B8 window=2048
client level=info t=435250 ev=probe stage=hitch set=frames tid=0x00003B74 f0=exe+0x20D9E80 f1=exe+0x20D9E80 f2=exe+0x3550FB f3=exe+0x20D9E38 f4=exe+0x1DC60C8 f5=exe+0x1DC60D4 f6=exe+0x1B87974 f7=exe+0x1DC60C8
client level=info t=435250 ev=probe stage=hitch set=frames tid=0x00003B74 f8=exe+0x3537B3 f9=exe+0x35ECC44 f10=exe+0x3537B3 f11=exe+0x35ECC44 f12=exe+0x35ECC44 f13=exe+0x3537B3 f14=exe+0x35ECC44 f15=exe+0x353874
client level=info t=435250 ev=nettick stage=sample latch=0 callbacks=34349
client level=error t=435250 ev=assert stage=hit n=1 repeat=1 arg0=0 text=hitch detected: mainloop world controller state activity:in_world {{!38!}} job name: 'render_globals_update_and_setup_cascade_shadow_views_job', owner: 'system owner' stalled 
client level=error t=435250 ev=assert stage=hit n=2 repeat=2 arg0=0 text=hitch detected: mainloop world controller state activity:in_world {{!38!}} job name: 'render_globals_update_and_setup_cascade_shadow_views_job', owner: 'system owner' stalled 
client level=error t=435266 ev=assert stage=hit n=3 repeat=3 arg0=0 text=hitch detected: mainloop world controller state activity:in_world {{!38!}} job name: 'render_globals_update_and_setup_cascade_shadow_views_job', owner: 'system owner' stalled 
client level=error t=435266 ev=assert stage=hit n=4 repeat=4 arg0=0 text=hitch detected: mainloop world controller state activity:in_world {{!38!}} job name: 'render_globals_update_and_setup_cascade_shadow_views_job', owner: 'system owner' stalled 
client level=error t=435266 ev=assert stage=hit n=5 repeat=5 arg0=0 text=hitch detected: mainloop world controller state activity:in_world {{!38!}} job name: 'render_globals_update_and_setup_cascade_shadow_views_job', owner: 'system owner' stalled 
client level=error t=435281 ev=assert stage=hit n=6 repeat=6 arg0=0 text=hitch detected: mainloop world controller state activity:in_world {{!38!}} job name: 'render_globals_update_and_setup_cascade_shadow_views_job', owner: 'system owner' stalled 
client level=error t=435281 ev=assert stage=hit n=7 repeat=7 arg0=0 text=hitch detected: mainloop world controller state activity:in_world {{!38!}} job name: 'render_globals_update_and_setup_cascade_shadow_views_job', owner: 'system owner' stalled 
client level=error t=435281 ev=assert stage=hit n=8 repeat=8 arg0=0 text=hitch detected: mainloop world controller state activity:in_world {{!38!}} job name: 'render_globals_update_and_setup_cascade_shadow_views_job', owner: 'system owner' stalled 
client level=warn t=436641 ev=probe stage=stall result=detected idle=21282 count=34349
client level=info t=436656 ev=probe stage=stall set=stack tid=0x00000E98 rip=0x7FFD69540E44 rsp=0xAAD20FF5F8 window=2048
client level=info t=436656 ev=probe stage=stall set=frames tid=0x00000E98 f0=exe+0xB54BE2 f1=exe+0x302465 f2=exe+0xB58F1F f3=exe+0x1C151D8 f4=exe+0x0 f5=exe+0xB5268C f6=exe+0x80DA9B1 f7=exe+0x48564BA
client level=info t=436656 ev=probe stage=stall set=frames tid=0x00000E98 f8=exe+0x93FC7 f9=exe+0x0 f10=exe+0x1C151C8
client level=info t=436656 ev=probe stage=stall set=stack tid=0x0000262C rip=0x7FFD69544A74 rsp=0xAAD31FF478 window=2048
client level=info t=436656 ev=probe stage=stall set=stack tid=0x00002788 rip=0x7FFD69541444 rsp=0xAAD39FF168 window=2048
client level=info t=436656 ev=probe stage=stall set=frames tid=0x00002788 f0=exe+0x267D140 f1=exe+0x3B1A77 f2=exe+0x3AFF70 f3=exe+0x4F5C89E f4=exe+0x47DA9CB f5=exe+0x0 f6=exe+0x3FB1A5A f7=exe+0x69533FF
client level=info t=436656 ev=probe stage=stall set=stack tid=0x00004234 rip=0x7FFD69540E44 rsp=0xAAD45FF828 window=1024
client level=info t=436656 ev=probe stage=stall set=frames tid=0x00004234 f0=exe+0x1280280 f1=exe+0x0 f2=exe+0x242CD10 f3=exe+0x1280201 f4=exe+0x3023E5 f5=exe+0x348061 f6=exe+0x7CB8EAA f7=exe+0x7039128
client level=info t=436656 ev=probe stage=stall set=frames tid=0x00004234 f8=exe+0x128029D f9=exe+0x0 f10=exe+0x1280280 f11=exe+0x129869C
client level=info t=436656 ev=probe stage=stall set=stack tid=0x00002B48 rip=0x7FFD69541444 rsp=0xAAD49F9198 window=2048
client level=info t=436656 ev=probe stage=stall set=frames tid=0x00002B48 f0=exe+0x1299FD0 f1=exe+0x7CB8EAA f2=exe+0x0 f3=exe+0x1299FD0 f4=exe+0x129A08B f5=exe+0x2F24088 f6=exe+0x2F240D4 f7=exe+0x2F23FB0
client level=info t=436656 ev=probe stage=stall set=stack tid=0x00003A28 rip=0x7FFD69540E44 rsp=0xAAD4DFF5A8 window=2048
client level=info t=436656 ev=probe stage=stall set=frames tid=0x00003A28 f0=exe+0x302465 f1=exe+0x31D073 f2=exe+0x2E7ABC0 f3=exe+0x31D0BA f4=exe+0x318894 f5=exe+0x20D6E38 f6=exe+0x31B241 f7=exe+0x3537B3
client level=info t=436656 ev=probe stage=stall set=frames tid=0x00003A28 f8=exe+0x20D6E38 f9=exe+0x20D6E38 f10=exe+0x353874 f11=exe+0x20D6E38 f12=exe+0x20D6E5C f13=exe+0x3537D0 f14=exe+0x20D6E38
client level=info t=436656 ev=probe stage=stall set=stack tid=0x00004A48 rip=0x7FFD69540E44 rsp=0xAAD51FFB68 window=1024
client level=info t=436656 ev=probe stage=stall set=frames tid=0x00004A48 f0=exe+0x302465 f1=exe+0x31D073 f2=exe+0x31D0BA f3=exe+0x318894 f4=exe+0x20D7A38 f5=exe+0x31B241 f6=exe+0x3537B3 f7=exe+0x20D7A38
client level=info t=436656 ev=probe stage=stall set=frames tid=0x00004A48 f8=exe+0x20D7A38 f9=exe+0x353874 f10=exe+0x20D7A38 f11=exe+0x20D7A5C f12=exe+0x3537D0 f13=exe+0x20D7A38
client level=info t=436656 ev=probe stage=stall set=stack tid=0x00001F70 rip=0x7FFD69540E44 rsp=0xAAD55FF708 window=2048
client level=info t=436656 ev=probe stage=stall set=frames tid=0x00001F70 f0=exe+0x2E5B380 f1=exe+0x302465 f2=exe+0x31D073 f3=exe+0x31D0BA f4=exe+0x318894 f5=exe+0x20D8638 f6=exe+0x31B241 f7=exe+0x3537B3
client level=info t=436656 ev=probe stage=stall set=frames tid=0x00001F70 f8=exe+0x20D8638 f9=exe+0x20D8638 f10=exe+0x353874 f11=exe+0x20D8638 f12=exe+0x20D865C f13=exe+0x3537D0 f14=exe+0x20D8638
client level=info t=436656 ev=probe stage=stall set=stack tid=0x000000A4 rip=0x7FFD69540E44 rsp=0xAAD59FF658 window=2048
client level=info t=436656 ev=probe stage=stall set=frames tid=0x000000A4 f0=exe+0x302465 f1=exe+0x31D073 f2=exe+0x31D0BA f3=exe+0x318894 f4=exe+0x20D9238 f5=exe+0x31B241 f6=exe+0x3537B3 f7=exe+0x20D9238
client level=info t=436656 ev=probe stage=stall set=frames tid=0x000000A4 f8=exe+0x20D9238 f9=exe+0x353874 f10=exe+0x20D9238 f11=exe+0x20D925C f12=exe+0x3537D0 f13=exe+0x20D9238
client level=info t=436656 ev=probe stage=stall set=stack tid=0x00003B74 rip=0x7FFD69541444 rsp=0xAAD5DFD6B8 window=2048
client level=info t=436656 ev=probe stage=stall set=frames tid=0x00003B74 f0=exe+0x20D9E80 f1=exe+0x20D9E80 f2=exe+0x3550FB f3=exe+0x20D9E38 f4=exe+0x1DC60C8 f5=exe+0x1DC60D4 f6=exe+0x1B87974 f7=exe+0x1DC60C8
client level=info t=436656 ev=probe stage=stall set=frames tid=0x00003B74 f8=exe+0x3537B3 f9=exe+0x35ECC44 f10=exe+0x3537B3 f11=exe+0x35ECC44 f12=exe+0x35ECC44 f13=exe+0x3537B3 f14=exe+0x35ECC44 f15=exe+0x353874
client level=info t=436656 ev=probe stage=stall set=stack tid=0x00000EF4 rip=0x7FFD69540E44 rsp=0xAAD61FFBB8 window=1024
client level=info t=436656 ev=probe stage=stall set=frames tid=0x00000EF4 f0=exe+0x2E5B620 f1=exe+0x302465 f2=exe+0x31D073 f3=exe+0x31D0BA f4=exe+0x318894 f5=exe+0x20DAA38 f6=exe+0x31B241 f7=exe+0x3537B3
client level=info t=436656 ev=probe stage=stall set=frames tid=0x00000EF4 f8=exe+0x20DAA38 f9=exe+0x20DAA38 f10=exe+0x353874 f11=exe+0x20DAA38 f12=exe+0x20DAA5C f13=exe+0x3537D0 f14=exe+0x20DAA38
client level=info t=436656 ev=probe stage=stall set=stack tid=0x00000564 rip=0x7FFD69540E44 rsp=0xAAD65FFB78 window=1024
client level=info t=436656 ev=probe stage=stall set=frames tid=0x00000564 f0=exe+0x302465 f1=exe+0x31D073 f2=exe+0x31D0BA f3=exe+0x318894 f4=exe+0x20EEE48 f5=exe+0x31B241 f6=exe+0x3537B3 f7=exe+0x20EEE48
client level=info t=436656 ev=probe stage=stall set=frames tid=0x00000564 f8=exe+0x20EEE48 f9=exe+0x353874 f10=exe+0x20EEE48 f11=exe+0x20EEE6C f12=exe+0x3537D0 f13=exe+0x20EEE48
client level=info t=436656 ev=probe stage=stall set=stack tid=0x00004A80 rip=0x7FFD69540E44 rsp=0xAAD69FF658 window=2048
client level=info t=436656 ev=probe stage=stall set=frames tid=0x00004A80 f0=exe+0x302465 f1=exe+0x31D073 f2=exe+0x31D0BA f3=exe+0x318894 f4=exe+0x20EFA48 f5=exe+0x31B241 f6=exe+0x3537B3 f7=exe+0x20EFA48
client level=info t=436656 ev=probe stage=stall set=frames tid=0x00004A80 f8=exe+0x20EFA48 f9=exe+0x353874 f10=exe+0x20EFA48 f11=exe+0x20EFA6C f12=exe+0x3537D0 f13=exe+0x20EFA48
client level=info t=436656 ev=probe stage=stall set=stack tid=0x00000E5C rip=0x7FFD69541444 rsp=0xAAD6DFF2B8 window=2048
client level=info t=436656 ev=probe stage=stall set=frames tid=0x00000E5C f0=exe+0x1AEBDFF
client level=info t=436656 ev=probe stage=stall set=stack tid=0x00004CC0 rip=0x7FFD69540E44 rsp=0xAAD71FFB08 window=2048
client level=info t=436656 ev=probe stage=stall set=frames tid=0x00004CC0 f0=exe+0x1AE9B80
client level=info t=436656 ev=probe stage=stall set=stack tid=0x00002514 rip=0x7FFD66761344 rsp=0xAAD75FFA58 window=2048
client level=info t=436656 ev=probe stage=stall set=frames tid=0x00002514 f0=exe+0x2686901 f1=exe+0x2686901 f2=exe+0x3C5F69 f3=exe+0x26869E0 f4=exe+0x26869E0 f5=exe+0x3BD893 f6=exe+0x26869E0 f7=exe+0x3BDA99
client level=info t=436656 ev=probe stage=stall set=frames tid=0x00002514 f8=exe+0x26869E0 f9=exe+0x3537B3 f10=exe+0x26869E0 f11=exe+0x353874 f12=exe+0x26869E0 f13=exe+0x2686A04 f14=exe+0x3537D0 f15=exe+0x26869E0
client level=info t=436656 ev=probe stage=stall set=stack tid=0x00000AE8 rip=0x7FFD66761344 rsp=0xAAD79FF988 window=2048
client level=info t=436656 ev=probe stage=stall set=frames tid=0x00000AE8 f0=exe+0x3BDA55 f1=exe+0x26869E0 f2=exe+0x26875E0 f3=exe+0x3537B3 f4=exe+0x26875E0 f5=exe+0x353874 f6=exe+0x26875E0 f7=exe+0x2687604
client level=info t=436656 ev=probe stage=stall set=frames tid=0x00000AE8 f8=exe+0x3537D0 f9=exe+0x26875E0
client level=info t=436656 ev=probe stage=stall set=stack tid=0x0000017C rip=0x7FFD69540EE4 rsp=0xAAD7DFF6E8 window=2048
client level=info t=436656 ev=probe stage=stall set=stack tid=0x00003488 rip=0x7FFD69544A14 rsp=0xAAD85FFD28 window=2048
client level=info t=436656 ev=probe stage=stall set=stack tid=0x0000131C rip=0x7FFD69544A14 rsp=0xAAD89FF828 window=2048
client level=info t=436656 ev=probe stage=stall set=stack tid=0x000001F8 rip=0x7FFD69540E44 rsp=0xAAD8DFF618 window=2048
client level=info t=436656 ev=probe stage=stall set=stack tid=0x00000F90 rip=0x7FFD69540E44 rsp=0xAAD81FF888 window=2048
client level=info t=436656 ev=probe stage=stall set=stack tid=0x00003A30 rip=0x7FFD69540E44 rsp=0xAAD91FF688 window=2048
client level=info t=436656 ev=probe stage=stall set=stack tid=0x00004A2C rip=0x7FFD69540E44 rsp=0xAAD95FF7E8 window=2048
client level=info t=436656 ev=probe stage=stall set=stack tid=0x00002CA4 rip=0x7FFD69540E44 rsp=0xAAD99FF898 window=2048
client level=info t=436656 ev=probe stage=stall set=stack tid=0x00004E98 rip=0x7FFD69540E44 rsp=0xAAD9DFF978 window=2048
client level=info t=436656 ev=probe stage=stall set=stack tid=0x000019C4 rip=0x7FFD69540E44 rsp=0xAADA1FF628 window=2048
client level=info t=436656 ev=probe stage=stall set=stack tid=0x0000458C rip=0x7FFD69540E44 rsp=0xAADA5FF618 window=2048
client level=info t=436656 ev=probe stage=stall set=stack tid=0x000015B0 rip=0x7FFD69540E44 rsp=0xAADA9FFBC8 window=2048
client level=info t=436672 ev=probe stage=stall set=stack tid=0x000015C8 rip=0x7FFD69540E44 rsp=0xAADADFF398 window=2048
client level=info t=436672 ev=probe stage=stall set=stack tid=0x00003DC8 rip=0x7FFD69540E44 rsp=0xAADB1FFA58 window=2048
client level=info t=436672 ev=probe stage=stall set=stack tid=0x0000318C rip=0x7FFD69544A14 rsp=0xAADB5FF968 window=2048
client level=info t=436672 ev=probe stage=stall set=stack tid=0x00002808 rip=0x7FFD69544A14 rsp=0xAADB9FF698 window=2048
client level=info t=436672 ev=probe stage=stall set=stack tid=0x00004FA8 rip=0x7FFD69541914 rsp=0xAADC1FF838 window=2048
client level=info t=436672 ev=probe stage=stall set=stack tid=0x00000480 rip=0x7FFD69540E44 rsp=0xAADC5FF8E8 window=2048
client level=info t=436672 ev=probe stage=stall set=stack tid=0x000033B0 rip=0x7FFD69540E44 rsp=0xAADC9FF9C8 window=2048
client level=info t=436672 ev=probe stage=stall set=stack tid=0x0000092C rip=0x7FFD69540E44 rsp=0xAADCDFF908 window=2048
client level=info t=436672 ev=probe stage=stall set=stack tid=0x00000BBC rip=0x7FFD69540E44 rsp=0xAADD1FFC58 window=2048
client level=info t=436672 ev=probe stage=stall set=stack tid=0x00004C3C rip=0x7FFD69540E44 rsp=0xAADD5FFD28 window=2048
client level=info t=436672 ev=probe stage=stall set=stack tid=0x00004C24 rip=0x7FFD69540E44 rsp=0xAADD9FF6E8 window=2048
client level=info t=436672 ev=probe stage=stall set=stack tid=0x000032D8 rip=0x7FFD69540E44 rsp=0xAADDDFFD18 window=2048
client level=info t=436672 ev=probe stage=stall set=stack tid=0x00003494 rip=0x7FFD69540E44 rsp=0xAADE1FFD88 window=512
client level=info t=436672 ev=probe stage=stall set=stack tid=0x00001E20 rip=0x7FFD69541444 rsp=0xAADE5FFCF8 window=512
client level=info t=436672 ev=probe stage=stall set=frames tid=0x00001E20 f0=exe+0x26869D0 f1=exe+0x11C7C5C f2=exe+0x2E5BEC2 f3=exe+0x3537B3 f4=exe+0x2E5BE90 f5=exe+0x2E5BE90 f6=exe+0x353874 f7=exe+0x2E5BE90
client level=info t=436672 ev=probe stage=stall set=frames tid=0x00001E20 f8=exe+0x2E5BEB4 f9=exe+0x3537D0 f10=exe+0x2E5BE90
client level=info t=436672 ev=probe stage=stall set=stack tid=0x00001BCC rip=0x7FFD69540E44 rsp=0xAADE9FFA28 window=2048
client level=info t=436672 ev=probe stage=stall set=frames tid=0x00001BCC f0=exe+0x2E79DE3 f1=exe+0x11DB4DB f2=exe+0x2E79DA0 f3=exe+0x3537B3 f4=exe+0x2E79DA0 f5=exe+0x353874 f6=exe+0x2E79DA0 f7=exe+0x2E79DC4
client level=info t=436672 ev=probe stage=stall set=frames tid=0x00001BCC f8=exe+0x3537D0 f9=exe+0x2E79DA0
client level=info t=436672 ev=probe stage=stall set=stack tid=0x000013A8 rip=0x7FFD69544A74 rsp=0xAADF5FFAD8 window=2048
client level=info t=436672 ev=probe stage=stall set=stack tid=0x000024B8 rip=0x7FFD69540E44 rsp=0xAADF9FF768 window=2048
client level=info t=436672 ev=probe stage=stall set=stack tid=0x000038CC rip=0x7FFD69540E44 rsp=0xAADFDFF6F8 window=2048
client level=info t=436672 ev=probe stage=stall set=stack tid=0x00004C08 rip=0x7FFD69540E44 rsp=0xAAE01FF9D8 window=2048
client level=info t=436672 ev=probe stage=stall set=stack tid=0x00001158 rip=0x7FFD69540E44 rsp=0xAAE05FF958 window=2048
client level=info t=436672 ev=probe stage=stall set=stack tid=0x00003458 rip=0x7FFD69540E44 rsp=0xAAE09FF838 window=2048
client level=info t=436672 ev=probe stage=stall set=stack tid=0x00004CE8 rip=0x7FFD69540E44 rsp=0xAAE0DFF678 window=2048
client level=info t=436672 ev=probe stage=stall set=stack tid=0x00004124 rip=0x7FFD69540E44 rsp=0xAAE11FFD48 window=2048
client level=info t=436672 ev=probe stage=stall set=stack tid=0x000006A0 rip=0x7FFD69540E44 rsp=0xAAE15FF9B8 window=2048
client level=info t=436672 ev=probe stage=stall set=stack tid=0x00002560 rip=0x7FFD69540E44 rsp=0xAAE19FFA18 window=1024
client level=info t=436672 ev=probe stage=stall set=stack tid=0x00000E90 rip=0x7FFD69540E44 rsp=0xAAE1DFF668 window=2048
client level=info t=436672 ev=probe stage=stall set=frames tid=0x00000E90 f0=exe+0x19F8801
client level=info t=436672 ev=probe stage=stall set=stack tid=0x00001F20 rip=0x7FFD69540E44 rsp=0xAAE21FFE58 window=256
client level=info t=436672 ev=probe stage=stall set=frames tid=0x00001F20 f0=exe+0x1A07446
client level=info t=436672 ev=probe stage=stall set=stack tid=0x00000CE0 rip=0x7FFD69541914 rsp=0xAAE25FFAB8 window=1024
client level=info t=436672 ev=probe stage=stall set=frames tid=0x00000CE0 f0=exe+0x1A40E63 f1=exe+0x1A41E30
client level=info t=436672 ev=probe stage=stall set=stack tid=0x00000360 rip=0x7FFD69541914 rsp=0xAAE31FF558 window=2048
client level=info t=436672 ev=probe stage=stall set=stack tid=0x0000240C rip=0x7FFD69541914 rsp=0xAAE35FF6D8 window=2048
client level=info t=436672 ev=probe stage=stall set=stack tid=0x00000EC8 rip=0x7FFD69540E44 rsp=0xAAE39FFB48 window=1024
client level=info t=436672 ev=probe stage=stall set=frames tid=0x00000EC8 f0=exe+0x1A914FF f1=own+0x149533 f2=exe+0x39B4FB f3=exe+0x1A8222A
client level=info t=436672 ev=probe stage=stall set=stack tid=0x00003EB8 rip=0x7FFD69540E44 rsp=0xAAE3DFF9A8 window=2048
client level=info t=436672 ev=probe stage=stall set=frames tid=0x00003EB8 f0=exe+0x0 f1=exe+0x1F15A90 f2=exe+0x0 f3=exe+0x30FE80 f4=exe+0x30FED2 f5=exe+0x30FE80 f6=exe+0x30FE80 f7=exe+0x129869C
client level=info t=436672 ev=probe stage=stall set=stack tid=0x00000C7C rip=0x7FFD69541914 rsp=0xAADEDFEE48 window=2048
client level=info t=436672 ev=probe stage=stall set=stack tid=0x000038C8 rip=0x7FFD69541914 rsp=0xAADBDFE388 window=2048
client level=info t=436672 ev=probe stage=stall set=frames tid=0x000038C8 f0=exe+0x3E8155
client level=info t=436672 ev=probe stage=stall set=stack tid=0x00000854 rip=own+0xB2355 rsp=0xAAE454ACE0 window=2048
client level=info t=436672 ev=probe stage=stall set=frames tid=0x00000854 f0=own+0xB428A f1=own+0x96E71 f2=own+0x751F1 f3=own+0xC4723 f4=own+0x96E71 f5=own+0xA344F f6=own+0x3BF6C f7=own+0x3BF6C
client level=info t=436672 ev=probe stage=stall set=frames tid=0x00000854 f8=own+0x0 f9=own+0x5429D f10=own+0x0 f11=own+0x6BB5A f12=own+0x70000 f13=own+0x0 f14=own+0xCEC97 f15=own+0x0
client level=info t=436672 ev=probe stage=stall set=stack tid=0x00002458 rip=0x7FFD69541444 rsp=0xAAE4DFF708 window=2048
client level=info t=436672 ev=probe stage=stall set=frames tid=0x00002458 f0=exe+0x30E50F0 f1=exe+0x173A58B f2=exe+0x31DA5A0 f3=exe+0x3537B3 f4=exe+0x31DA5A0 f5=exe+0x353874 f6=exe+0x31DA5A0 f7=exe+0x31DA5C4
client level=info t=436672 ev=probe stage=stall set=frames tid=0x00002458 f8=exe+0x3537D0 f9=exe+0x31DA5A0
client level=info t=436672 ev=probe stage=stall set=stack tid=0x00002F5C rip=0x7FFD69544A14 rsp=0xAAD35FFD98 window=2048
client level=info t=436672 ev=probe stage=stall set=stack tid=0x00004C98 rip=0x7FFD69541914 rsp=0xAAE51FF508 window=2048
client level=info t=436672 ev=probe stage=stall set=stack tid=0x000019A8 rip=0x7FFD69544A14 rsp=0xAAE55FEC98 window=2048
client level=info t=436672 ev=probe stage=stall set=frames tid=0x000019A8 f0=exe+0x7C97F8 f1=exe+0x294B57 f2=exe+0x0 f3=exe+0x91790 f4=exe+0x0 f5=exe+0x91790
client level=info t=436672 ev=probe stage=stall set=stack tid=0x00003F28 rip=0x7FFD69544A14 rsp=0xAAE59FF1B8 window=2048
client level=info t=436672 ev=probe stage=stall set=frames tid=0x00003F28 f0=exe+0x7C97F8 f1=exe+0x294B57 f2=exe+0x0 f3=exe+0x91790 f4=exe+0x0 f5=exe+0x91790
client level=info t=436672 ev=probe stage=stall set=stack tid=0x00001D60 rip=0x7FFD69544A14 rsp=0xAAE5DFEE78 window=2048
client level=info t=436672 ev=probe stage=stall set=frames tid=0x00001D60 f0=exe+0x7C97F8 f1=exe+0x294B57 f2=exe+0x0 f3=exe+0x91790 f4=exe+0x0 f5=exe+0x91790
client level=info t=436672 ev=probe stage=stall set=stack tid=0x00000A2C rip=0x7FFD69541914 rsp=0xAAE61FEE58 window=2048
client level=info t=436672 ev=probe stage=stall set=stack tid=0x000016C4 rip=0x7FFD69544A14 rsp=0xAAE65FF938 window=2048
client level=info t=436672 ev=probe stage=stall set=stack tid=0x00001D24 rip=0x7FFD69544A14 rsp=0xAAE69FF788 window=2048
client level=info t=436672 ev=probe stage=stall set=stack tid=0x000038B0 rip=0x7FFD69544A14 rsp=0xAAE6DFF588 window=2048
client level=info t=436672 ev=probe stage=stall set=stack tid=0x00004D30 rip=0x7FFD69544A14 rsp=0xAAE71FF9C8 window=2048
client level=info t=436672 ev=probe stage=stall set=stack tid=0x00004E08 rip=0x7FFD69541914 rsp=0xAAE75FF548 window=2048
client level=info t=436672 ev=probe stage=stall set=stack tid=0x00003DEC rip=0x7FFD69541914 rsp=0xAAE79FF568 window=2048
client level=info t=436672 ev=probe stage=stall set=stack tid=0x000040E8 rip=0x7FFD69544A14 rsp=0xAAE7DFFCF8 window=2048
client level=info t=436672 ev=probe stage=stall set=stack tid=0x00002840 rip=0x7FFD69541914 rsp=0xAAE81FEFE8 window=2048
client level=info t=436672 ev=probe stage=stall set=stack tid=0x000038E4 rip=0x7FFD69544A14 rsp=0xAAE85FF7B8 window=2048
client level=info t=436672 ev=probe stage=stall set=stack tid=0x00001DF4 rip=0x7FFD69541914 rsp=0xAAE89FF558 window=2048
client level=info t=436672 ev=probe stage=stall set=stack tid=0x000012CC rip=0x7FFD69544A14 rsp=0xAAE8DFFC68 window=2048
client level=info t=436672 ev=probe stage=stall set=stack tid=0x00004F8C rip=0x7FFD69541914 rsp=0xAAE91FF1C8 window=2048
client level=info t=436672 ev=probe stage=stall set=stack tid=0x00002818 rip=0x7FFD69544A14 rsp=0xAAE95FF6F8 window=2048
client level=info t=436672 ev=probe stage=stall set=stack tid=0x00004D70 rip=0x7FFD69544A14 rsp=0xAAE99FF758 window=2048
client level=info t=436672 ev=probe stage=stall set=stack tid=0x000040A0 rip=0x7FFD69544A74 rsp=0xAAD25FF6A8 window=2048
client level=info t=436672 ev=probe stage=stall set=stack tid=0x000033E0 rip=0x7FFD69544A74 rsp=0xAAD2DFF5D8 window=2048
client level=info t=436672 ev=probe stage=stall set=stack tid=0x00003B98 rip=0x7FFD69540EE4 rsp=0xAAD3DFFC48 window=512
client level=info t=438063 ev=nettick stage=sample latch=0 callbacks=34349
client level=error t=438063 ev=assert stage=hit n=512 repeat=512 arg0=0 text=hitch detected: mainloop world controller state activity:in_world {{!38!}} job name: 'render_globals_update_and_setup_cascade_shadow_views_job', owner: 'system owner' stalled 
client level=info t=440875 ev=nettick stage=sample latch=0 callbacks=34349
client level=error t=440875 ev=assert stage=hit n=1024 repeat=1024 arg0=0 text=hitch detected: mainloop world controller state activity:in_world {{!38!}} job name: 'render_globals_update_and_setup_cascade_shadow_views_job', owner: 'system owner' stalled 
client level=info t=441000 ev=retail site=104 text=application_state: Suspend state changed from [active] to [partial]
client level=info t=443672 ev=nettick stage=sample latch=0 callbacks=34349
client level=error t=443672 ev=assert stage=hit n=1536 repeat=1536 arg0=0 text=hitch detected: mainloop world controller state activity:in_world {{!38!}} job name: 'render_globals_update_and_setup_cascade_shadow_views_job', owner: 'system owner' stalled 
client level=info t=445250 ev=probe stage=hitch step=38 dur=0 gate=0 fa=0x00834000 fa_idle=0 fb=0x00834001 fb_idle=0 fc=0x00834002 fc_idle=0
client level=info t=445250 ev=probe stage=hitch set=wait idx=4 slot=4 tid=0x00003B74 kind=4 age=29977.3 desc="name: 'render_globals_update_and_setup_cascade_shadow_views_job', owner: 'system owner'"
client level=info t=445250 ev=probe stage=hitch set=ring idx=0 slot=-1 tid=0xFFFFFFFF kind=255 age=27907837952.0 desc="name: 'empty_job', owner: 'system owner'"
client level=info t=445250 ev=probe stage=hitch set=ring idx=1 slot=-1 tid=0xFFFFFFFF kind=255 age=14069673984.0 desc="name: 'empty_job', owner: 'system owner'"
client level=info t=445250 ev=probe stage=hitch set=ring idx=2 slot=-1 tid=0xFFFFFFFF kind=255 age=27907837952.0 desc="name: 'empty_job', owner: 'system owner'"
client level=info t=445250 ev=probe stage=hitch set=ring idx=3 slot=-1 tid=0xFFFFFFFF kind=255 age=27907837952.0 desc="name: 'empty_job', owner: 'system owner'"
client level=info t=445250 ev=probe stage=hitch set=ring idx=4 slot=-1 tid=0xFFFFFFFF kind=255 age=27907837952.0 desc="name: 'empty_job', owner: 'system owner'"
client level=info t=445250 ev=probe stage=hitch set=ring idx=5 slot=-1 tid=0xFFFFFFFF kind=255 age=14069673984.0 desc="name: 'empty_job', owner: 'system owner'"
client level=info t=445250 ev=probe stage=hitch set=ring idx=6 slot=-1 tid=0xFFFFFFFF kind=255 age=27907837952.0 desc="name: 'empty_job', owner: 'system owner'"
client level=info t=445250 ev=probe stage=hitch set=ring idx=7 slot=-1 tid=0xFFFFFFFF kind=255 age=14069673984.0 desc="name: 'empty_job', owner: 'system owner'"
client level=info t=445250 ev=probe stage=hitch set=ring idx=8 slot=-1 tid=0xFFFFFFFF kind=255 age=14069676032.0 desc="name: 'empty_job', owner: 'system owner'"
client level=info t=445250 ev=probe stage=hitch set=ring idx=9 slot=-1 tid=0xFFFFFFFF kind=255 age=14069673984.0 desc="name: 'empty_job', owner: 'system owner'"
client level=info t=445250 ev=probe stage=hitch set=ring idx=10 slot=-1 tid=0xFFFFFFFF kind=255 age=27907837952.0 desc="name: 'empty_job', owner: 'system owner'"
client level=info t=445250 ev=probe stage=hitch set=ring idx=11 slot=-1 tid=0xFFFFFFFF kind=255 age=14069673984.0 desc="name: 'empty_job', owner: 'system owner'"
client level=info t=445250 ev=probe stage=hitch set=ring idx=12 slot=-1 tid=0xFFFFFFFF kind=255 age=27907837952.0 desc="name: 'empty_job', owner: 'system owner'"
client level=info t=445250 ev=probe stage=hitch set=ring idx=13 slot=-1 tid=0xFFFFFFFF kind=255 age=14069673984.0 desc="name: 'empty_job', owner: 'system owner'"
client level=info t=445250 ev=probe stage=hitch set=ring idx=14 slot=-1 tid=0xFFFFFFFF kind=255 age=14069673984.0 desc="name: 'empty_job', owner: 'system owner'"
client level=info t=445250 ev=probe stage=hitch set=ring idx=15 slot=-1 tid=0xFFFFFFFF kind=255 age=14069673984.0 desc="name: 'empty_job', owner: 'system owner'"
client level=info t=445250 ev=probe stage=hitch set=stack tid=0x00003B74 rip=0x7FFD69541444 rsp=0xAAD5DFD6B8 window=2048
client level=info t=445250 ev=probe stage=hitch set=frames tid=0x00003B74 f0=exe+0x20D9E80 f1=exe+0x20D9E80 f2=exe+0x3550FB f3=exe+0x20D9E38 f4=exe+0x1DC60C8 f5=exe+0x1DC60D4 f6=exe+0x1B87974 f7=exe+0x1DC60C8
client level=info t=445250 ev=probe stage=hitch set=frames tid=0x00003B74 f8=exe+0x3537B3 f9=exe+0x35ECC44 f10=exe+0x3537B3 f11=exe+0x35ECC44 f12=exe+0x35ECC44 f13=exe+0x3537B3 f14=exe+0x35ECC44 f15=exe+0x353874
client level=info t=446484 ev=nettick stage=sample latch=0 callbacks=34349
client level=error t=446484 ev=assert stage=hit n=2048 repeat=2048 arg0=0 text=hitch detected: mainloop world controller state activity:in_world {{!38!}} job name: 'render_globals_update_and_setup_cascade_shadow_views_job', owner: 'system owner' stalled 
client level=info t=449250 ev=nettick stage=sample latch=0 callbacks=34349
client level=error t=449250 ev=assert stage=hit n=2560 repeat=2560 arg0=0 text=hitch detected: mainloop world controller state activity:in_world {{!38!}} job name: 'render_globals_update_and_setup_cascade_shadow_views_job', owner: 'system owner' stalled 
client level=info t=449813 ev=retail site=104 text=application_state: Suspend state changed from [partial] to [active]
client level=warn t=451672 ev=probe stage=stall result=detected idle=36313 count=34349
client level=info t=451703 ev=probe stage=stall set=stack tid=0x00000E98 rip=0x7FFD69540E44 rsp=0xAAD20FF5F8 window=2048
client level=info t=451703 ev=probe stage=stall set=frames tid=0x00000E98 f0=exe+0xB54BE2 f1=exe+0x302465 f2=exe+0xB58F1F f3=exe+0x1C151D8 f4=exe+0x0 f5=exe+0xB5268C f6=exe+0x80DA9B1 f7=exe+0x48564BA
client level=info t=451703 ev=probe stage=stall set=frames tid=0x00000E98 f8=exe+0x93FC7 f9=exe+0x0 f10=exe+0x1C151C8
client level=info t=451703 ev=probe stage=stall set=stack tid=0x0000262C rip=0x7FFD69544A74 rsp=0xAAD31FF478 window=2048
client level=info t=451703 ev=probe stage=stall set=stack tid=0x00002788 rip=0x7FFD69541444 rsp=0xAAD39FF168 window=2048
client level=info t=451703 ev=probe stage=stall set=frames tid=0x00002788 f0=exe+0x1681597 f1=exe+0x3B1A77 f2=exe+0x3AFF70 f3=exe+0x4F5C89E f4=exe+0x47DA9CB f5=exe+0x0 f6=exe+0x3FB1A5A f7=exe+0x69533FF
client level=info t=451703 ev=probe stage=stall set=stack tid=0x00004234 rip=0x7FFD69540E44 rsp=0xAAD45FF828 window=1024
client level=info t=451703 ev=probe stage=stall set=frames tid=0x00004234 f0=exe+0x1280280 f1=exe+0x0 f2=exe+0x242CD10 f3=exe+0x1280201 f4=exe+0x3023E5 f5=exe+0x348061 f6=exe+0x7CB8EAA f7=exe+0x7039128
client level=info t=451703 ev=probe stage=stall set=frames tid=0x00004234 f8=exe+0x128029D f9=exe+0x0 f10=exe+0x1280280 f11=exe+0x129869C
client level=info t=451703 ev=probe stage=stall set=stack tid=0x00002B48 rip=0x7FFD69541444 rsp=0xAAD49F9198 window=2048
client level=info t=451703 ev=probe stage=stall set=frames tid=0x00002B48 f0=exe+0x1299FD0 f1=exe+0x7CB8EAA f2=exe+0x0 f3=exe+0x1299FD0 f4=exe+0x129A08B f5=exe+0x2F24088 f6=exe+0x2F240D4 f7=exe+0x2F23FB0
client level=info t=451703 ev=probe stage=stall set=stack tid=0x00003A28 rip=0x7FFD69540E44 rsp=0xAAD4DFF5A8 window=2048
client level=info t=451703 ev=probe stage=stall set=frames tid=0x00003A28 f0=exe+0x302465 f1=exe+0x31D073 f2=exe+0x2E7ABC0 f3=exe+0x31D0BA f4=exe+0x318894 f5=exe+0x20D6E38 f6=exe+0x31B241 f7=exe+0x3537B3
client level=info t=451703 ev=probe stage=stall set=frames tid=0x00003A28 f8=exe+0x20D6E38 f9=exe+0x20D6E38 f10=exe+0x353874 f11=exe+0x20D6E38 f12=exe+0x20D6E5C f13=exe+0x3537D0 f14=exe+0x20D6E38
client level=info t=451703 ev=probe stage=stall set=stack tid=0x00004A48 rip=0x7FFD69540E44 rsp=0xAAD51FFB68 window=1024
client level=info t=451703 ev=probe stage=stall set=frames tid=0x00004A48 f0=exe+0x302465 f1=exe+0x31D073 f2=exe+0x31D0BA f3=exe+0x318894 f4=exe+0x20D7A38 f5=exe+0x31B241 f6=exe+0x3537B3 f7=exe+0x20D7A38
client level=info t=451703 ev=probe stage=stall set=frames tid=0x00004A48 f8=exe+0x20D7A38 f9=exe+0x353874 f10=exe+0x20D7A38 f11=exe+0x20D7A5C f12=exe+0x3537D0 f13=exe+0x20D7A38
client level=info t=451703 ev=probe stage=stall set=stack tid=0x00001F70 rip=0x7FFD69540E44 rsp=0xAAD55FF708 window=2048
client level=info t=451703 ev=probe stage=stall set=frames tid=0x00001F70 f0=exe+0x2E5B380 f1=exe+0x302465 f2=exe+0x31D073 f3=exe+0x31D0BA f4=exe+0x318894 f5=exe+0x20D8638 f6=exe+0x31B241 f7=exe+0x3537B3
client level=info t=451703 ev=probe stage=stall set=frames tid=0x00001F70 f8=exe+0x20D8638 f9=exe+0x20D8638 f10=exe+0x353874 f11=exe+0x20D8638 f12=exe+0x20D865C f13=exe+0x3537D0 f14=exe+0x20D8638
client level=info t=451703 ev=probe stage=stall set=stack tid=0x000000A4 rip=0x7FFD69540E44 rsp=0xAAD59FF658 window=2048
client level=info t=451703 ev=probe stage=stall set=frames tid=0x000000A4 f0=exe+0x302465 f1=exe+0x31D073 f2=exe+0x31D0BA f3=exe+0x318894 f4=exe+0x20D9238 f5=exe+0x31B241 f6=exe+0x3537B3 f7=exe+0x20D9238
client level=info t=451703 ev=probe stage=stall set=frames tid=0x000000A4 f8=exe+0x20D9238 f9=exe+0x353874 f10=exe+0x20D9238 f11=exe+0x20D925C f12=exe+0x3537D0 f13=exe+0x20D9238
client level=info t=451703 ev=probe stage=stall set=stack tid=0x00003B74 rip=0x7FFD69541444 rsp=0xAAD5DFD6B8 window=2048
client level=info t=451703 ev=probe stage=stall set=frames tid=0x00003B74 f0=exe+0x20D9E80 f1=exe+0x20D9E80 f2=exe+0x3550FB f3=exe+0x20D9E38 f4=exe+0x1DC60C8 f5=exe+0x1DC60D4 f6=exe+0x1B87974 f7=exe+0x1DC60C8
client level=info t=451703 ev=probe stage=stall set=frames tid=0x00003B74 f8=exe+0x3537B3 f9=exe+0x35ECC44 f10=exe+0x3537B3 f11=exe+0x35ECC44 f12=exe+0x35ECC44 f13=exe+0x3537B3 f14=exe+0x35ECC44 f15=exe+0x353874
client level=info t=451703 ev=probe stage=stall set=stack tid=0x00000EF4 rip=0x7FFD69540E44 rsp=0xAAD61FFBB8 window=1024
client level=info t=451703 ev=probe stage=stall set=frames tid=0x00000EF4 f0=exe+0x2E5B620 f1=exe+0x302465 f2=exe+0x31D073 f3=exe+0x31D0BA f4=exe+0x318894 f5=exe+0x20DAA38 f6=exe+0x31B241 f7=exe+0x3537B3
client level=info t=451703 ev=probe stage=stall set=frames tid=0x00000EF4 f8=exe+0x20DAA38 f9=exe+0x20DAA38 f10=exe+0x353874 f11=exe+0x20DAA38 f12=exe+0x20DAA5C f13=exe+0x3537D0 f14=exe+0x20DAA38
client level=info t=451703 ev=probe stage=stall set=stack tid=0x00000564 rip=0x7FFD69540E44 rsp=0xAAD65FFB78 window=1024
client level=info t=451703 ev=probe stage=stall set=frames tid=0x00000564 f0=exe+0x302465 f1=exe+0x31D073 f2=exe+0x31D0BA f3=exe+0x318894 f4=exe+0x20EEE48 f5=exe+0x31B241 f6=exe+0x3537B3 f7=exe+0x20EEE48
client level=info t=451703 ev=probe stage=stall set=frames tid=0x00000564 f8=exe+0x20EEE48 f9=exe+0x353874 f10=exe+0x20EEE48 f11=exe+0x20EEE6C f12=exe+0x3537D0 f13=exe+0x20EEE48
client level=info t=451703 ev=probe stage=stall set=stack tid=0x00004A80 rip=0x7FFD69540E44 rsp=0xAAD69FF658 window=2048
client level=info t=451703 ev=probe stage=stall set=frames tid=0x00004A80 f0=exe+0x302465 f1=exe+0x31D073 f2=exe+0x31D0BA f3=exe+0x318894 f4=exe+0x20EFA48 f5=exe+0x31B241 f6=exe+0x3537B3 f7=exe+0x20EFA48
client level=info t=451703 ev=probe stage=stall set=frames tid=0x00004A80 f8=exe+0x20EFA48 f9=exe+0x353874 f10=exe+0x20EFA48 f11=exe+0x20EFA6C f12=exe+0x3537D0 f13=exe+0x20EFA48
client level=info t=451703 ev=probe stage=stall set=stack tid=0x00000E5C rip=0x7FFD69541444 rsp=0xAAD6DFF2B8 window=2048
client level=info t=451703 ev=probe stage=stall set=frames tid=0x00000E5C f0=exe+0x1AEBDFF
client level=info t=451703 ev=probe stage=stall set=stack tid=0x00004CC0 rip=0x7FFD69540E44 rsp=0xAAD71FFB08 window=2048
client level=info t=451703 ev=probe stage=stall set=frames tid=0x00004CC0 f0=exe+0x1AE9B80
client level=info t=451703 ev=probe stage=stall set=stack tid=0x00002514 rip=0x7FFD66761344 rsp=0xAAD75FFA58 window=2048
client level=info t=451703 ev=probe stage=stall set=frames tid=0x00002514 f0=exe+0x2686901 f1=exe+0x2686901 f2=exe+0x3C5F69 f3=exe+0x26869E0 f4=exe+0x26869E0 f5=exe+0x3BD893 f6=exe+0x26869E0 f7=exe+0x3BDA99
client level=info t=451703 ev=probe stage=stall set=frames tid=0x00002514 f8=exe+0x26869E0 f9=exe+0x3537B3 f10=exe+0x26869E0 f11=exe+0x353874 f12=exe+0x26869E0 f13=exe+0x2686A04 f14=exe+0x3537D0 f15=exe+0x26869E0
client level=info t=451703 ev=probe stage=stall set=stack tid=0x00000AE8 rip=0x7FFD66761344 rsp=0xAAD79FF988 window=2048
client level=info t=451703 ev=probe stage=stall set=frames tid=0x00000AE8 f0=exe+0x3BDA55 f1=exe+0x26869E0 f2=exe+0x26875E0 f3=exe+0x3537B3 f4=exe+0x26875E0 f5=exe+0x353874 f6=exe+0x26875E0 f7=exe+0x2687604
client level=info t=451703 ev=probe stage=stall set=frames tid=0x00000AE8 f8=exe+0x3537D0 f9=exe+0x26875E0
client level=info t=451703 ev=probe stage=stall set=stack tid=0x0000017C rip=0x7FFD69540EE4 rsp=0xAAD7DFF6E8 window=2048
client level=info t=451703 ev=probe stage=stall set=stack tid=0x00003488 rip=0x7FFD69544A14 rsp=0xAAD85FFD28 window=2048
client level=info t=451703 ev=probe stage=stall set=stack tid=0x0000131C rip=0x7FFD69544A14 rsp=0xAAD89FF828 window=2048
client level=info t=451703 ev=probe stage=stall set=stack tid=0x000001F8 rip=0x7FFD69540E44 rsp=0xAAD8DFF618 window=2048
client level=info t=451703 ev=probe stage=stall set=stack tid=0x00000F90 rip=0x7FFD69540E44 rsp=0xAAD81FF888 window=2048
client level=info t=451703 ev=probe stage=stall set=stack tid=0x00003A30 rip=0x7FFD69540E44 rsp=0xAAD91FF688 window=2048
client level=info t=451703 ev=probe stage=stall set=stack tid=0x00004A2C rip=0x7FFD69540E44 rsp=0xAAD95FF7E8 window=2048
client level=info t=451703 ev=probe stage=stall set=stack tid=0x00002CA4 rip=0x7FFD69540E44 rsp=0xAAD99FF898 window=2048
client level=info t=451703 ev=probe stage=stall set=stack tid=0x00004E98 rip=0x7FFD69540E44 rsp=0xAAD9DFF978 window=2048
client level=info t=451703 ev=probe stage=stall set=stack tid=0x000019C4 rip=0x7FFD69540E44 rsp=0xAADA1FF628 window=2048
client level=info t=451703 ev=probe stage=stall set=stack tid=0x0000458C rip=0x7FFD69540E44 rsp=0xAADA5FF618 window=2048
client level=info t=451703 ev=probe stage=stall set=stack tid=0x000015B0 rip=0x7FFD69540E44 rsp=0xAADA9FFBC8 window=2048
client level=info t=451703 ev=probe stage=stall set=stack tid=0x000015C8 rip=0x7FFD69540E44 rsp=0xAADADFF398 window=2048
client level=info t=451703 ev=probe stage=stall set=stack tid=0x00003DC8 rip=0x7FFD69540E44 rsp=0xAADB1FFA58 window=2048
client level=info t=451703 ev=probe stage=stall set=stack tid=0x0000318C rip=0x7FFD69544A14 rsp=0xAADB5FF968 window=2048
client level=info t=451703 ev=probe stage=stall set=stack tid=0x00002808 rip=0x7FFD69544A14 rsp=0xAADB9FF698 window=2048
client level=info t=451703 ev=probe stage=stall set=stack tid=0x00004FA8 rip=0x7FFD69541914 rsp=0xAADC1FF838 window=2048
client level=info t=451703 ev=probe stage=stall set=stack tid=0x00000480 rip=0x7FFD69540E44 rsp=0xAADC5FF8E8 window=2048
client level=info t=451703 ev=probe stage=stall set=stack tid=0x000033B0 rip=0x7FFD69540E44 rsp=0xAADC9FF9C8 window=2048
client level=info t=451703 ev=probe stage=stall set=stack tid=0x0000092C rip=0x7FFD69540E44 rsp=0xAADCDFF908 window=2048
client level=info t=451703 ev=probe stage=stall set=stack tid=0x00000BBC rip=0x7FFD69540E44 rsp=0xAADD1FFC58 window=2048
client level=info t=451703 ev=probe stage=stall set=stack tid=0x00004C3C rip=0x7FFD69540E44 rsp=0xAADD5FFD28 window=2048
client level=info t=451703 ev=probe stage=stall set=stack tid=0x00004C24 rip=0x7FFD69540E44 rsp=0xAADD9FF6E8 window=2048
client level=info t=451703 ev=probe stage=stall set=stack tid=0x000032D8 rip=0x7FFD69540E44 rsp=0xAADDDFFD18 window=2048
client level=info t=451703 ev=probe stage=stall set=stack tid=0x00003494 rip=0x7FFD69540E44 rsp=0xAADE1FFD88 window=512
client level=info t=451703 ev=probe stage=stall set=stack tid=0x00001E20 rip=0x7FFD69541444 rsp=0xAADE5FFCF8 window=512
client level=info t=451703 ev=probe stage=stall set=frames tid=0x00001E20 f0=exe+0x26869D0 f1=exe+0x11C7C5C f2=exe+0x2E5BEC2 f3=exe+0x3537B3 f4=exe+0x2E5BE90 f5=exe+0x2E5BE90 f6=exe+0x353874 f7=exe+0x2E5BE90
client level=info t=451703 ev=probe stage=stall set=frames tid=0x00001E20 f8=exe+0x2E5BEB4 f9=exe+0x3537D0 f10=exe+0x2E5BE90
client level=info t=451703 ev=probe stage=stall set=stack tid=0x00001BCC rip=0x7FFD69540E44 rsp=0xAADE9FFA28 window=2048
client level=info t=451703 ev=probe stage=stall set=frames tid=0x00001BCC f0=exe+0x2E79DE3 f1=exe+0x11DB4DB f2=exe+0x2E79DA0 f3=exe+0x3537B3 f4=exe+0x2E79DA0 f5=exe+0x353874 f6=exe+0x2E79DA0 f7=exe+0x2E79DC4
client level=info t=451703 ev=probe stage=stall set=frames tid=0x00001BCC f8=exe+0x3537D0 f9=exe+0x2E79DA0
client level=info t=451703 ev=probe stage=stall set=stack tid=0x000013A8 rip=0x7FFD69544A74 rsp=0xAADF5FFAD8 window=2048
client level=info t=451703 ev=probe stage=stall set=stack tid=0x000024B8 rip=0x7FFD69540E44 rsp=0xAADF9FF768 window=2048
client level=info t=451703 ev=probe stage=stall set=stack tid=0x000038CC rip=0x7FFD69540E44 rsp=0xAADFDFF6F8 window=2048
client level=info t=451703 ev=probe stage=stall set=stack tid=0x00004C08 rip=0x7FFD69540E44 rsp=0xAAE01FF9D8 window=2048
client level=info t=451703 ev=probe stage=stall set=stack tid=0x00001158 rip=0x7FFD69540E44 rsp=0xAAE05FF958 window=2048
client level=info t=451703 ev=probe stage=stall set=stack tid=0x00003458 rip=0x7FFD69540E44 rsp=0xAAE09FF838 window=2048
client level=info t=451703 ev=probe stage=stall set=stack tid=0x00004CE8 rip=0x7FFD69540E44 rsp=0xAAE0DFF678 window=2048
client level=info t=451703 ev=probe stage=stall set=stack tid=0x00004124 rip=0x7FFD69540E44 rsp=0xAAE11FFD48 window=2048
client level=info t=451703 ev=probe stage=stall set=stack tid=0x000006A0 rip=0x7FFD69540E44 rsp=0xAAE15FF9B8 window=2048
client level=info t=451703 ev=probe stage=stall set=stack tid=0x00002560 rip=0x7FFD69540E44 rsp=0xAAE19FFA18 window=1024
client level=info t=451703 ev=probe stage=stall set=stack tid=0x00000E90 rip=0x7FFD69540E44 rsp=0xAAE1DFF668 window=2048
client level=info t=451703 ev=probe stage=stall set=frames tid=0x00000E90 f0=exe+0x19F8801
client level=info t=451703 ev=probe stage=stall set=stack tid=0x00001F20 rip=0x7FFD69540E44 rsp=0xAAE21FFE58 window=256
client level=info t=451703 ev=probe stage=stall set=frames tid=0x00001F20 f0=exe+0x1A07446
client level=info t=451703 ev=probe stage=stall set=stack tid=0x00000CE0 rip=0x7FFD69541914 rsp=0xAAE25FFAB8 window=1024
client level=info t=451703 ev=probe stage=stall set=frames tid=0x00000CE0 f0=exe+0x1A40E63 f1=exe+0x1A41E30
client level=info t=451703 ev=probe stage=stall set=stack tid=0x00000360 rip=0x7FFD69541914 rsp=0xAAE31FF558 window=2048
client level=info t=451703 ev=probe stage=stall set=stack tid=0x0000240C rip=0x7FFD69541914 rsp=0xAAE35FF6D8 window=2048
client level=info t=451703 ev=probe stage=stall set=stack tid=0x00000EC8 rip=0x7FFD69540E44 rsp=0xAAE39FFB48 window=1024
client level=info t=451703 ev=probe stage=stall set=frames tid=0x00000EC8 f0=exe+0x1A914FF f1=own+0x149533 f2=exe+0x39B4FB f3=exe+0x1A8222A
client level=info t=451703 ev=probe stage=stall set=stack tid=0x00003EB8 rip=0x7FFD69540E44 rsp=0xAAE3DFF9A8 window=2048
client level=info t=451703 ev=probe stage=stall set=frames tid=0x00003EB8 f0=exe+0x0 f1=exe+0x1F15A90 f2=exe+0x0 f3=exe+0x30FE80 f4=exe+0x30FED2 f5=exe+0x30FE80 f6=exe+0x30FE80 f7=exe+0x129869C
client level=info t=451703 ev=probe stage=stall set=stack tid=0x00000C7C rip=0x7FFD69541914 rsp=0xAADEDFEE48 window=2048
client level=info t=451703 ev=probe stage=stall set=stack tid=0x000038C8 rip=0x7FFD69541914 rsp=0xAADBDFE388 window=2048
client level=info t=451703 ev=probe stage=stall set=frames tid=0x000038C8 f0=exe+0x3E8155
client level=info t=451703 ev=probe stage=stall set=stack tid=0x00000854 rip=0x7FFD69541444 rsp=0xAAE45FFAF8 window=1024
client level=info t=451703 ev=probe stage=stall set=frames tid=0x00000854 f0=own+0x695AE8 f1=own+0x679B28 f2=own+0x679B08 f3=own+0x679B08 f4=own+0x679B28 f5=own+0x1DA9EB f6=own+0x679B08 f7=own+0x679B28
client level=info t=451703 ev=probe stage=stall set=stack tid=0x00002458 rip=0x7FFD69541444 rsp=0xAAE4DFF708 window=2048
client level=info t=451703 ev=probe stage=stall set=frames tid=0x00002458 f0=exe+0x30E50F0 f1=exe+0x173A58B f2=exe+0x31DA5A0 f3=exe+0x3537B3 f4=exe+0x31DA5A0 f5=exe+0x353874 f6=exe+0x31DA5A0 f7=exe+0x31DA5C4
client level=info t=451703 ev=probe stage=stall set=frames tid=0x00002458 f8=exe+0x3537D0 f9=exe+0x31DA5A0
client level=info t=451703 ev=probe stage=stall set=stack tid=0x00002F5C rip=0x7FFD69544A14 rsp=0xAAD35FFD98 window=2048
client level=info t=451703 ev=probe stage=stall set=stack tid=0x00004C98 rip=0x7FFD69541914 rsp=0xAAE51FF508 window=2048
client level=info t=451703 ev=probe stage=stall set=stack tid=0x000019A8 rip=0x7FFD69544A14 rsp=0xAAE55FEC98 window=2048
client level=info t=451703 ev=probe stage=stall set=frames tid=0x000019A8 f0=exe+0x7C97F8 f1=exe+0x294B57 f2=exe+0x0 f3=exe+0x91790 f4=exe+0x0 f5=exe+0x91790
client level=info t=451703 ev=probe stage=stall set=stack tid=0x00003F28 rip=0x7FFD69544A14 rsp=0xAAE59FF1B8 window=2048
client level=info t=451703 ev=probe stage=stall set=frames tid=0x00003F28 f0=exe+0x7C97F8 f1=exe+0x294B57 f2=exe+0x0 f3=exe+0x91790 f4=exe+0x0 f5=exe+0x91790
client level=info t=451703 ev=probe stage=stall set=stack tid=0x00001D60 rip=0x7FFD69544A14 rsp=0xAAE5DFEE78 window=2048
client level=info t=451703 ev=probe stage=stall set=frames tid=0x00001D60 f0=exe+0x7C97F8 f1=exe+0x294B57 f2=exe+0x0 f3=exe+0x91790 f4=exe+0x0 f5=exe+0x91790
client level=info t=451703 ev=probe stage=stall set=stack tid=0x00000A2C rip=0x7FFD69541914 rsp=0xAAE61FEE58 window=2048
client level=info t=451703 ev=probe stage=stall set=stack tid=0x000016C4 rip=0x7FFD69544A14 rsp=0xAAE65FF938 window=2048
client level=info t=451703 ev=probe stage=stall set=stack tid=0x00001D24 rip=0x7FFD69544A14 rsp=0xAAE69FF788 window=2048
client level=info t=451703 ev=probe stage=stall set=stack tid=0x000038B0 rip=0x7FFD69544A14 rsp=0xAAE6DFF588 window=2048
client level=info t=451703 ev=probe stage=stall set=stack tid=0x00004D30 rip=0x7FFD69544A14 rsp=0xAAE71FF9C8 window=2048
client level=info t=451703 ev=probe stage=stall set=stack tid=0x00004E08 rip=0x7FFD69541914 rsp=0xAAE75FF548 window=2048
client level=info t=451703 ev=probe stage=stall set=stack tid=0x00003DEC rip=0x7FFD69541914 rsp=0xAAE79FF568 window=2048
client level=info t=451703 ev=probe stage=stall set=stack tid=0x000040E8 rip=0x7FFD69544A14 rsp=0xAAE7DFFCF8 window=2048
client level=info t=451703 ev=probe stage=stall set=stack tid=0x00002840 rip=0x7FFD69541914 rsp=0xAAE81FEFE8 window=2048
client level=info t=451703 ev=probe stage=stall set=stack tid=0x000038E4 rip=0x7FFD69544A14 rsp=0xAAE85FF7B8 window=2048
client level=info t=451703 ev=probe stage=stall set=stack tid=0x00001DF4 rip=0x7FFD69541914 rsp=0xAAE89FF558 window=2048
client level=info t=451703 ev=probe stage=stall set=stack tid=0x000012CC rip=0x7FFD69544A14 rsp=0xAAE8DFFC68 window=2048
client level=info t=451703 ev=probe stage=stall set=stack tid=0x00004F8C rip=0x7FFD69541914 rsp=0xAAE91FF1C8 window=2048
client level=info t=451703 ev=probe stage=stall set=stack tid=0x00002818 rip=0x7FFD69544A14 rsp=0xAAE95FF6F8 window=2048
client level=info t=451703 ev=probe stage=stall set=stack tid=0x00004D70 rip=0x7FFD69544A14 rsp=0xAAE99FF758 window=2048
client level=info t=451703 ev=probe stage=stall set=stack tid=0x000040A0 rip=0x7FFD69544A74 rsp=0xAAD25FF6A8 window=2048
client level=info t=451703 ev=probe stage=stall set=stack tid=0x000033E0 rip=0x7FFD69544A74 rsp=0xAAD2DFF5D8 window=2048
client level=info t=451703 ev=probe stage=stall set=stack tid=0x00003B98 rip=0x7FFD69540EE4 rsp=0xAAD3DFFC48 window=512
client level=info t=451703 ev=probe stage=stall set=stack tid=0x00004CE0 rip=0x7FFD69541914 rsp=0xAAD29FF458 window=2048
client level=info t=452047 ev=nettick stage=sample latch=0 callbacks=34349
client level=error t=452047 ev=assert stage=hit n=3072 repeat=3072 arg0=0 text=hitch detected: mainloop world controller state activity:in_world {{!38!}} job name: 'render_globals_update_and_setup_cascade_shadow_views_job', owner: 'system owner' stalled 
client level=info t=454453 ev=retail site=104 text=application_state: Suspend state changed from [active] to [partial]
client level=info t=454813 ev=nettick stage=sample latch=0 callbacks=34349
client level=error t=454813 ev=assert stage=hit n=3584 repeat=3584 arg0=0 text=hitch detected: mainloop world controller state activity:in_world {{!38!}} job name: 'render_globals_update_and_setup_cascade_shadow_views_job', owner: 'system owner' stalled 
client level=info t=455250 ev=probe stage=hitch step=38 dur=0 gate=0 fa=0x00834000 fa_idle=0 fb=0x00834001 fb_idle=0 fc=0x00834002 fc_idle=0
client level=info t=455250 ev=probe stage=hitch set=wait idx=4 slot=4 tid=0x00003B74 kind=4 age=39979.8 desc="name: 'render_globals_update_and_setup_cascade_shadow_views_job', owner: 'system owner'"
client level=info t=455250 ev=probe stage=hitch set=ring idx=0 slot=-1 tid=0xFFFFFFFF kind=255 age=27907837952.0 desc="name: 'empty_job', owner: 'system owner'"
client level=info t=455250 ev=probe stage=hitch set=ring idx=1 slot=-1 tid=0xFFFFFFFF kind=255 age=14069673984.0 desc="name: 'empty_job', owner: 'system owner'"
client level=info t=455250 ev=probe stage=hitch set=ring idx=2 slot=-1 tid=0xFFFFFFFF kind=255 age=27907837952.0 desc="name: 'empty_job', owner: 'system owner'"
client level=info t=455250 ev=probe stage=hitch set=ring idx=3 slot=-1 tid=0xFFFFFFFF kind=255 age=27907837952.0 desc="name: 'empty_job', owner: 'system owner'"
client level=info t=455250 ev=probe stage=hitch set=ring idx=4 slot=-1 tid=0xFFFFFFFF kind=255 age=27907837952.0 desc="name: 'empty_job', owner: 'system owner'"
client level=info t=455250 ev=probe stage=hitch set=ring idx=5 slot=-1 tid=0xFFFFFFFF kind=255 age=14069673984.0 desc="name: 'empty_job', owner: 'system owner'"
client level=info t=455250 ev=probe stage=hitch set=ring idx=6 slot=-1 tid=0xFFFFFFFF kind=255 age=27907837952.0 desc="name: 'empty_job', owner: 'system owner'"
client level=info t=455250 ev=probe stage=hitch set=ring idx=7 slot=-1 tid=0xFFFFFFFF kind=255 age=14069673984.0 desc="name: 'empty_job', owner: 'system owner'"
client level=info t=455250 ev=probe stage=hitch set=ring idx=8 slot=-1 tid=0xFFFFFFFF kind=255 age=14069676032.0 desc="name: 'empty_job', owner: 'system owner'"
client level=info t=455250 ev=probe stage=hitch set=ring idx=9 slot=-1 tid=0xFFFFFFFF kind=255 age=14069673984.0 desc="name: 'empty_job', owner: 'system owner'"
client level=info t=455250 ev=probe stage=hitch set=ring idx=10 slot=-1 tid=0xFFFFFFFF kind=255 age=27907837952.0 desc="name: 'empty_job', owner: 'system owner'"
client level=info t=455250 ev=probe stage=hitch set=ring idx=11 slot=-1 tid=0xFFFFFFFF kind=255 age=14069673984.0 desc="name: 'empty_job', owner: 'system owner'"
client level=info t=455250 ev=probe stage=hitch set=ring idx=12 slot=-1 tid=0xFFFFFFFF kind=255 age=27907837952.0 desc="name: 'empty_job', owner: 'system owner'"
client level=info t=455250 ev=probe stage=hitch set=ring idx=13 slot=-1 tid=0xFFFFFFFF kind=255 age=14069673984.0 desc="name: 'empty_job', owner: 'system owner'"
client level=info t=455250 ev=probe stage=hitch set=ring idx=14 slot=-1 tid=0xFFFFFFFF kind=255 age=14069673984.0 desc="name: 'empty_job', owner: 'system owner'"
client level=info t=455250 ev=probe stage=hitch set=ring idx=15 slot=-1 tid=0xFFFFFFFF kind=255 age=14069673984.0 desc="name: 'empty_job', owner: 'system owner'"
client level=info t=455250 ev=probe stage=hitch set=stack tid=0x00003B74 rip=0x7FFD69541444 rsp=0xAAD5DFD6B8 window=2048
client level=info t=455250 ev=probe stage=hitch set=frames tid=0x00003B74 f0=exe+0x20D9E80 f1=exe+0x20D9E80 f2=exe+0x3550FB f3=exe+0x20D9E38 f4=exe+0x1DC60C8 f5=exe+0x1DC60D4 f6=exe+0x1B87974 f7=exe+0x1DC60C8
client level=info t=455250 ev=probe stage=hitch set=frames tid=0x00003B74 f8=exe+0x3537B3 f9=exe+0x35ECC44 f10=exe+0x3537B3 f11=exe+0x35ECC44 f12=exe+0x35ECC44 f13=exe+0x3537B3 f14=exe+0x35ECC44 f15=exe+0x353874
client level=info t=457578 ev=nettick stage=sample latch=0 callbacks=34349
client level=error t=457578 ev=assert stage=hit n=4096 repeat=4096 arg0=0 text=hitch detected: mainloop world controller state activity:in_world {{!38!}} job name: 'render_globals_update_and_setup_cascade_shadow_views_job', owner: 'system owner' stalled 
client level=info t=460344 ev=nettick stage=sample latch=0 callbacks=34349
client level=error t=460344 ev=assert stage=hit n=4608 repeat=4608 arg0=0 text=hitch detected: mainloop world controller state activity:in_world {{!38!}} job name: 'render_globals_update_and_setup_cascade_shadow_views_job', owner: 'system owner' stalled 
client level=info t=463109 ev=nettick stage=sample latch=0 callbacks=34349
client level=error t=463109 ev=assert stage=hit n=5120 repeat=5120 arg0=0 text=hitch detected: mainloop world controller state activity:in_world {{!38!}} job name: 'render_globals_update_and_setup_cascade_shadow_views_job', owner: 'system owner' stalled 
client level=info t=465250 ev=probe stage=hitch step=38 dur=0 gate=0 fa=0x00834000 fa_idle=0 fb=0x00834001 fb_idle=0 fc=0x00834002 fc_idle=0
client level=info t=465250 ev=probe stage=hitch set=wait idx=4 slot=4 tid=0x00003B74 kind=4 age=49978.3 desc="name: 'render_globals_update_and_setup_cascade_shadow_views_job', owner: 'system owner'"
client level=info t=465250 ev=probe stage=hitch set=ring idx=0 slot=-1 tid=0xFFFFFFFF kind=255 age=27907837952.0 desc="name: 'empty_job', owner: 'system owner'"
client level=info t=465250 ev=probe stage=hitch set=ring idx=1 slot=-1 tid=0xFFFFFFFF kind=255 age=14069673984.0 desc="name: 'empty_job', owner: 'system owner'"
client level=info t=465250 ev=probe stage=hitch set=ring idx=2 slot=-1 tid=0xFFFFFFFF kind=255 age=27907837952.0 desc="name: 'empty_job', owner: 'system owner'"
client level=info t=465250 ev=probe stage=hitch set=ring idx=3 slot=-1 tid=0xFFFFFFFF kind=255 age=27907837952.0 desc="name: 'empty_job', owner: 'system owner'"
client level=info t=465250 ev=probe stage=hitch set=ring idx=4 slot=-1 tid=0xFFFFFFFF kind=255 age=27907837952.0 desc="name: 'empty_job', owner: 'system owner'"
client level=info t=465250 ev=probe stage=hitch set=ring idx=5 slot=-1 tid=0xFFFFFFFF kind=255 age=14069673984.0 desc="name: 'empty_job', owner: 'system owner'"
client level=info t=465250 ev=probe stage=hitch set=ring idx=6 slot=-1 tid=0xFFFFFFFF kind=255 age=27907837952.0 desc="name: 'empty_job', owner: 'system owner'"
client level=info t=465250 ev=probe stage=hitch set=ring idx=7 slot=-1 tid=0xFFFFFFFF kind=255 age=14069673984.0 desc="name: 'empty_job', owner: 'system owner'"
client level=info t=465250 ev=probe stage=hitch set=ring idx=8 slot=-1 tid=0xFFFFFFFF kind=255 age=14069676032.0 desc="name: 'empty_job', owner: 'system owner'"
client level=info t=465250 ev=probe stage=hitch set=ring idx=9 slot=-1 tid=0xFFFFFFFF kind=255 age=14069673984.0 desc="name: 'empty_job', owner: 'system owner'"
client level=info t=465250 ev=probe stage=hitch set=ring idx=10 slot=-1 tid=0xFFFFFFFF kind=255 age=27907837952.0 desc="name: 'empty_job', owner: 'system owner'"
client level=info t=465250 ev=probe stage=hitch set=ring idx=11 slot=-1 tid=0xFFFFFFFF kind=255 age=14069673984.0 desc="name: 'empty_job', owner: 'system owner'"
client level=info t=465250 ev=probe stage=hitch set=ring idx=12 slot=-1 tid=0xFFFFFFFF kind=255 age=27907837952.0 desc="name: 'empty_job', owner: 'system owner'"
client level=info t=465250 ev=probe stage=hitch set=ring idx=13 slot=-1 tid=0xFFFFFFFF kind=255 age=14069673984.0 desc="name: 'empty_job', owner: 'system owner'"
client level=info t=465250 ev=probe stage=hitch set=ring idx=14 slot=-1 tid=0xFFFFFFFF kind=255 age=14069673984.0 desc="name: 'empty_job', owner: 'system owner'"
client level=info t=465250 ev=probe stage=hitch set=ring idx=15 slot=-1 tid=0xFFFFFFFF kind=255 age=14069673984.0 desc="name: 'empty_job', owner: 'system owner'"
client level=info t=465250 ev=probe stage=hitch set=stack tid=0x00003B74 rip=0x7FFD69541444 rsp=0xAAD5DFD6B8 window=2048
client level=info t=465250 ev=probe stage=hitch set=frames tid=0x00003B74 f0=exe+0x20D9E80 f1=exe+0x20D9E80 f2=exe+0x3550FB f3=exe+0x20D9E38 f4=exe+0x1DC60C8 f5=exe+0x1DC60D4 f6=exe+0x1B87974 f7=exe+0x1DC60C8
client level=info t=465250 ev=probe stage=hitch set=frames tid=0x00003B74 f8=exe+0x3537B3 f9=exe+0x35ECC44 f10=exe+0x3537B3 f11=exe+0x35ECC44 f12=exe+0x35ECC44 f13=exe+0x3537B3 f14=exe+0x35ECC44 f15=exe+0x353874
client level=info t=465891 ev=nettick stage=sample latch=0 callbacks=34349
client level=error t=465891 ev=assert stage=hit n=5632 repeat=5632 arg0=0 text=hitch detected: mainloop world controller state activity:in_world {{!38!}} job name: 'render_globals_update_and_setup_cascade_shadow_views_job', owner: 'system owner' stalled 
client level=warn t=466703 ev=probe stage=stall result=detected idle=51344 count=34349
client level=info t=466734 ev=probe stage=stall set=stack tid=0x00000E98 rip=0x7FFD69540E44 rsp=0xAAD20FF5F8 window=2048
client level=info t=466734 ev=probe stage=stall set=frames tid=0x00000E98 f0=exe+0xB54BE2 f1=exe+0x302465 f2=exe+0xB58F1F f3=exe+0x1C151D8 f4=exe+0x0 f5=exe+0xB5268C f6=exe+0x80DA9B1 f7=exe+0x48564BA
client level=info t=466734 ev=probe stage=stall set=frames tid=0x00000E98 f8=exe+0x93FC7 f9=exe+0x0 f10=exe+0x1C151C8
client level=info t=466734 ev=probe stage=stall set=stack tid=0x0000262C rip=0x7FFD69544A74 rsp=0xAAD31FF478 window=2048
client level=info t=466734 ev=probe stage=stall set=stack tid=0x00002788 rip=0x7FFD69541444 rsp=0xAAD39FF168 window=2048
client level=info t=466734 ev=probe stage=stall set=frames tid=0x00002788 f0=exe+0x1681597 f1=exe+0x3B1A77 f2=exe+0x3AFF70 f3=exe+0x4F5C89E f4=exe+0x47DA9CB f5=exe+0x0 f6=exe+0x3FB1A5A f7=exe+0x69533FF
client level=info t=466734 ev=probe stage=stall set=stack tid=0x00004234 rip=0x7FFD69540E44 rsp=0xAAD45FF828 window=1024
client level=info t=466734 ev=probe stage=stall set=frames tid=0x00004234 f0=exe+0x1280280 f1=exe+0x0 f2=exe+0x242CD10 f3=exe+0x1280201 f4=exe+0x3023E5 f5=exe+0x348061 f6=exe+0x7CB8EAA f7=exe+0x7039128
client level=info t=466734 ev=probe stage=stall set=frames tid=0x00004234 f8=exe+0x128029D f9=exe+0x0 f10=exe+0x1280280 f11=exe+0x129869C
client level=info t=466734 ev=probe stage=stall set=stack tid=0x00002B48 rip=0x7FFD69541444 rsp=0xAAD49F9198 window=2048
client level=info t=466734 ev=probe stage=stall set=frames tid=0x00002B48 f0=exe+0x1299FD0 f1=exe+0x7CB8EAA f2=exe+0x0 f3=exe+0x1299FD0 f4=exe+0x129A08B f5=exe+0x2F24088 f6=exe+0x2F240D4 f7=exe+0x2F23FB0
client level=info t=466734 ev=probe stage=stall set=stack tid=0x00003A28 rip=0x7FFD69540E44 rsp=0xAAD4DFF5A8 window=2048
client level=info t=466734 ev=probe stage=stall set=frames tid=0x00003A28 f0=exe+0x302465 f1=exe+0x31D073 f2=exe+0x2E7ABC0 f3=exe+0x31D0BA f4=exe+0x318894 f5=exe+0x20D6E38 f6=exe+0x31B241 f7=exe+0x3537B3
client level=info t=466734 ev=probe stage=stall set=frames tid=0x00003A28 f8=exe+0x20D6E38 f9=exe+0x20D6E38 f10=exe+0x353874 f11=exe+0x20D6E38 f12=exe+0x20D6E5C f13=exe+0x3537D0 f14=exe+0x20D6E38
client level=info t=466734 ev=probe stage=stall set=stack tid=0x00004A48 rip=0x7FFD69540E44 rsp=0xAAD51FFB68 window=1024
client level=info t=466734 ev=probe stage=stall set=frames tid=0x00004A48 f0=exe+0x302465 f1=exe+0x31D073 f2=exe+0x31D0BA f3=exe+0x318894 f4=exe+0x20D7A38 f5=exe+0x31B241 f6=exe+0x3537B3 f7=exe+0x20D7A38
client level=info t=466734 ev=probe stage=stall set=frames tid=0x00004A48 f8=exe+0x20D7A38 f9=exe+0x353874 f10=exe+0x20D7A38 f11=exe+0x20D7A5C f12=exe+0x3537D0 f13=exe+0x20D7A38
client level=info t=466734 ev=probe stage=stall set=stack tid=0x00001F70 rip=0x7FFD69540E44 rsp=0xAAD55FF708 window=2048
client level=info t=466734 ev=probe stage=stall set=frames tid=0x00001F70 f0=exe+0x2E5B380 f1=exe+0x302465 f2=exe+0x31D073 f3=exe+0x31D0BA f4=exe+0x318894 f5=exe+0x20D8638 f6=exe+0x31B241 f7=exe+0x3537B3
client level=info t=466734 ev=probe stage=stall set=frames tid=0x00001F70 f8=exe+0x20D8638 f9=exe+0x20D8638 f10=exe+0x353874 f11=exe+0x20D8638 f12=exe+0x20D865C f13=exe+0x3537D0 f14=exe+0x20D8638
client level=info t=466734 ev=probe stage=stall set=stack tid=0x000000A4 rip=0x7FFD69540E44 rsp=0xAAD59FF658 window=2048
client level=info t=466734 ev=probe stage=stall set=frames tid=0x000000A4 f0=exe+0x302465 f1=exe+0x31D073 f2=exe+0x31D0BA f3=exe+0x318894 f4=exe+0x20D9238 f5=exe+0x31B241 f6=exe+0x3537B3 f7=exe+0x20D9238
client level=info t=466734 ev=probe stage=stall set=frames tid=0x000000A4 f8=exe+0x20D9238 f9=exe+0x353874 f10=exe+0x20D9238 f11=exe+0x20D925C f12=exe+0x3537D0 f13=exe+0x20D9238
client level=info t=466734 ev=probe stage=stall set=stack tid=0x00003B74 rip=0x7FFD69541444 rsp=0xAAD5DFD6B8 window=2048
client level=info t=466734 ev=probe stage=stall set=frames tid=0x00003B74 f0=exe+0x20D9E80 f1=exe+0x20D9E80 f2=exe+0x3550FB f3=exe+0x20D9E38 f4=exe+0x1DC60C8 f5=exe+0x1DC60D4 f6=exe+0x1B87974 f7=exe+0x1DC60C8
client level=info t=466734 ev=probe stage=stall set=frames tid=0x00003B74 f8=exe+0x3537B3 f9=exe+0x35ECC44 f10=exe+0x3537B3 f11=exe+0x35ECC44 f12=exe+0x35ECC44 f13=exe+0x3537B3 f14=exe+0x35ECC44 f15=exe+0x353874
client level=info t=466734 ev=probe stage=stall set=stack tid=0x00000EF4 rip=0x7FFD69540E44 rsp=0xAAD61FFBB8 window=1024
client level=info t=466734 ev=probe stage=stall set=frames tid=0x00000EF4 f0=exe+0x2E5B620 f1=exe+0x302465 f2=exe+0x31D073 f3=exe+0x31D0BA f4=exe+0x318894 f5=exe+0x20DAA38 f6=exe+0x31B241 f7=exe+0x3537B3
client level=info t=466734 ev=probe stage=stall set=frames tid=0x00000EF4 f8=exe+0x20DAA38 f9=exe+0x20DAA38 f10=exe+0x353874 f11=exe+0x20DAA38 f12=exe+0x20DAA5C f13=exe+0x3537D0 f14=exe+0x20DAA38
client level=info t=466734 ev=probe stage=stall set=stack tid=0x00000564 rip=0x7FFD69540E44 rsp=0xAAD65FFB78 window=1024
client level=info t=466734 ev=probe stage=stall set=frames tid=0x00000564 f0=exe+0x302465 f1=exe+0x31D073 f2=exe+0x31D0BA f3=exe+0x318894 f4=exe+0x20EEE48 f5=exe+0x31B241 f6=exe+0x3537B3 f7=exe+0x20EEE48
client level=info t=466734 ev=probe stage=stall set=frames tid=0x00000564 f8=exe+0x20EEE48 f9=exe+0x353874 f10=exe+0x20EEE48 f11=exe+0x20EEE6C f12=exe+0x3537D0 f13=exe+0x20EEE48
client level=info t=466734 ev=probe stage=stall set=stack tid=0x00004A80 rip=0x7FFD69540E44 rsp=0xAAD69FF658 window=2048
client level=info t=466734 ev=probe stage=stall set=frames tid=0x00004A80 f0=exe+0x302465 f1=exe+0x31D073 f2=exe+0x31D0BA f3=exe+0x318894 f4=exe+0x20EFA48 f5=exe+0x31B241 f6=exe+0x3537B3 f7=exe+0x20EFA48
client level=info t=466734 ev=probe stage=stall set=frames tid=0x00004A80 f8=exe+0x20EFA48 f9=exe+0x353874 f10=exe+0x20EFA48 f11=exe+0x20EFA6C f12=exe+0x3537D0 f13=exe+0x20EFA48
client level=info t=466734 ev=probe stage=stall set=stack tid=0x00000E5C rip=0x7FFD69541444 rsp=0xAAD6DFF2B8 window=2048
client level=info t=466734 ev=probe stage=stall set=frames tid=0x00000E5C f0=exe+0x1AEBDFF
client level=info t=466734 ev=probe stage=stall set=stack tid=0x00004CC0 rip=0x7FFD69540E44 rsp=0xAAD71FFB08 window=2048
client level=info t=466734 ev=probe stage=stall set=frames tid=0x00004CC0 f0=exe+0x1AE9B80
client level=info t=466734 ev=probe stage=stall set=stack tid=0x00002514 rip=0x7FFD66761344 rsp=0xAAD75FFA58 window=2048
client level=info t=466734 ev=probe stage=stall set=frames tid=0x00002514 f0=exe+0x2686900 f1=exe+0x2686900 f2=exe+0x3C5F69 f3=exe+0x26869E0 f4=exe+0x26869E0 f5=exe+0x3BD893 f6=exe+0x26869E0 f7=exe+0x3BDA99
client level=info t=466734 ev=probe stage=stall set=frames tid=0x00002514 f8=exe+0x26869E0 f9=exe+0x3537B3 f10=exe+0x26869E0 f11=exe+0x353874 f12=exe+0x26869E0 f13=exe+0x2686A04 f14=exe+0x3537D0 f15=exe+0x26869E0
client level=info t=466734 ev=probe stage=stall set=stack tid=0x00000AE8 rip=0x7FFD66761344 rsp=0xAAD79FF988 window=2048
client level=info t=466734 ev=probe stage=stall set=frames tid=0x00000AE8 f0=exe+0x3BDA55 f1=exe+0x26869E0 f2=exe+0x26875E0 f3=exe+0x3537B3 f4=exe+0x26875E0 f5=exe+0x353874 f6=exe+0x26875E0 f7=exe+0x2687604
client level=info t=466734 ev=probe stage=stall set=frames tid=0x00000AE8 f8=exe+0x3537D0 f9=exe+0x26875E0
client level=info t=466734 ev=probe stage=stall set=stack tid=0x0000017C rip=0x7FFD69540EE4 rsp=0xAAD7DFF6E8 window=2048
client level=info t=466734 ev=probe stage=stall set=stack tid=0x00003488 rip=0x7FFD69544A14 rsp=0xAAD85FFD28 window=2048
client level=info t=466734 ev=probe stage=stall set=stack tid=0x0000131C rip=0x7FFD69544A14 rsp=0xAAD89FF828 window=2048
client level=info t=466734 ev=probe stage=stall set=stack tid=0x000001F8 rip=0x7FFD69540E44 rsp=0xAAD8DFF618 window=2048
client level=info t=466734 ev=probe stage=stall set=stack tid=0x00000F90 rip=0x7FFD69540E44 rsp=0xAAD81FF888 window=2048
client level=info t=466734 ev=probe stage=stall set=stack tid=0x00003A30 rip=0x7FFD69540E44 rsp=0xAAD91FF688 window=2048
client level=info t=466734 ev=probe stage=stall set=stack tid=0x00004A2C rip=0x7FFD69540E44 rsp=0xAAD95FF7E8 window=2048
client level=info t=466734 ev=probe stage=stall set=stack tid=0x00002CA4 rip=0x7FFD69540E44 rsp=0xAAD99FF898 window=2048
client level=info t=466734 ev=probe stage=stall set=stack tid=0x00004E98 rip=0x7FFD69540E44 rsp=0xAAD9DFF978 window=2048
client level=info t=466734 ev=probe stage=stall set=stack tid=0x000019C4 rip=0x7FFD69540E44 rsp=0xAADA1FF628 window=2048
client level=info t=466734 ev=probe stage=stall set=stack tid=0x0000458C rip=0x7FFD69540E44 rsp=0xAADA5FF618 window=2048
client level=info t=466734 ev=probe stage=stall set=stack tid=0x000015B0 rip=0x7FFD69540E44 rsp=0xAADA9FFBC8 window=2048
client level=info t=466734 ev=probe stage=stall set=stack tid=0x000015C8 rip=0x7FFD69540E44 rsp=0xAADADFF398 window=2048
client level=info t=466734 ev=probe stage=stall set=stack tid=0x00003DC8 rip=0x7FFD69540E44 rsp=0xAADB1FFA58 window=2048
client level=info t=466734 ev=probe stage=stall set=stack tid=0x0000318C rip=0x7FFD69544A14 rsp=0xAADB5FF968 window=2048
client level=info t=466734 ev=probe stage=stall set=stack tid=0x00002808 rip=0x7FFD69544A14 rsp=0xAADB9FF698 window=2048
client level=info t=466734 ev=probe stage=stall set=stack tid=0x00004FA8 rip=0x7FFD69541914 rsp=0xAADC1FF838 window=2048
client level=info t=466734 ev=probe stage=stall set=stack tid=0x00000480 rip=0x7FFD69540E44 rsp=0xAADC5FF8E8 window=2048
client level=info t=466734 ev=probe stage=stall set=stack tid=0x000033B0 rip=0x7FFD69540E44 rsp=0xAADC9FF9C8 window=2048
client level=info t=466734 ev=probe stage=stall set=stack tid=0x0000092C rip=0x7FFD69540E44 rsp=0xAADCDFF908 window=2048
client level=info t=466734 ev=probe stage=stall set=stack tid=0x00000BBC rip=0x7FFD69540E44 rsp=0xAADD1FFC58 window=2048
client level=info t=466734 ev=probe stage=stall set=stack tid=0x00004C3C rip=0x7FFD69540E44 rsp=0xAADD5FFD28 window=2048
client level=info t=466734 ev=probe stage=stall set=stack tid=0x00004C24 rip=0x7FFD69540E44 rsp=0xAADD9FF6E8 window=2048
client level=info t=466734 ev=probe stage=stall set=stack tid=0x000032D8 rip=0x7FFD69540E44 rsp=0xAADDDFFD18 window=2048
client level=info t=466734 ev=probe stage=stall set=stack tid=0x00003494 rip=0x7FFD69540E44 rsp=0xAADE1FFD88 window=512
client level=info t=466734 ev=probe stage=stall set=stack tid=0x00001E20 rip=0x7FFD69541444 rsp=0xAADE5FFCF8 window=512
client level=info t=466734 ev=probe stage=stall set=frames tid=0x00001E20 f0=exe+0x26869D0 f1=exe+0x11C7C5C f2=exe+0x2E5BEC2 f3=exe+0x3537B3 f4=exe+0x2E5BE90 f5=exe+0x2E5BE90 f6=exe+0x353874 f7=exe+0x2E5BE90
client level=info t=466734 ev=probe stage=stall set=frames tid=0x00001E20 f8=exe+0x2E5BEB4 f9=exe+0x3537D0 f10=exe+0x2E5BE90
client level=info t=466734 ev=probe stage=stall set=stack tid=0x00001BCC rip=0x7FFD69540E44 rsp=0xAADE9FFA28 window=2048
client level=info t=466734 ev=probe stage=stall set=frames tid=0x00001BCC f0=exe+0x2E79DE3 f1=exe+0x11DB4DB f2=exe+0x2E79DA0 f3=exe+0x3537B3 f4=exe+0x2E79DA0 f5=exe+0x353874 f6=exe+0x2E79DA0 f7=exe+0x2E79DC4
client level=info t=466734 ev=probe stage=stall set=frames tid=0x00001BCC f8=exe+0x3537D0 f9=exe+0x2E79DA0
client level=info t=466734 ev=probe stage=stall set=stack tid=0x000013A8 rip=0x7FFD69544A74 rsp=0xAADF5FFAD8 window=2048
client level=info t=466734 ev=probe stage=stall set=stack tid=0x000024B8 rip=0x7FFD69540E44 rsp=0xAADF9FF768 window=2048
client level=info t=466734 ev=probe stage=stall set=stack tid=0x000038CC rip=0x7FFD69540E44 rsp=0xAADFDFF6F8 window=2048
client level=info t=466734 ev=probe stage=stall set=stack tid=0x00004C08 rip=0x7FFD69540E44 rsp=0xAAE01FF9D8 window=2048
client level=info t=466734 ev=probe stage=stall set=stack tid=0x00001158 rip=0x7FFD69540E44 rsp=0xAAE05FF958 window=2048
client level=info t=466734 ev=probe stage=stall set=stack tid=0x00003458 rip=0x7FFD69540E44 rsp=0xAAE09FF838 window=2048
client level=info t=466734 ev=probe stage=stall set=stack tid=0x00004CE8 rip=0x7FFD69540E44 rsp=0xAAE0DFF678 window=2048
client level=info t=466734 ev=probe stage=stall set=stack tid=0x00004124 rip=0x7FFD69540E44 rsp=0xAAE11FFD48 window=2048
client level=info t=466734 ev=probe stage=stall set=stack tid=0x000006A0 rip=0x7FFD69540E44 rsp=0xAAE15FF9B8 window=2048
client level=info t=466734 ev=probe stage=stall set=stack tid=0x00002560 rip=0x7FFD69540E44 rsp=0xAAE19FFA18 window=1024
client level=info t=466734 ev=probe stage=stall set=stack tid=0x00000E90 rip=0x7FFD69540E44 rsp=0xAAE1DFF668 window=2048
client level=info t=466734 ev=probe stage=stall set=frames tid=0x00000E90 f0=exe+0x19F8801
client level=info t=466734 ev=probe stage=stall set=stack tid=0x00001F20 rip=0x7FFD69540E44 rsp=0xAAE21FFE58 window=256
client level=info t=466734 ev=probe stage=stall set=frames tid=0x00001F20 f0=exe+0x1A07446
client level=info t=466734 ev=probe stage=stall set=stack tid=0x00000CE0 rip=0x7FFD69541914 rsp=0xAAE25FFAB8 window=1024
client level=info t=466734 ev=probe stage=stall set=frames tid=0x00000CE0 f0=exe+0x1A40E63 f1=exe+0x1A41E30
client level=info t=466734 ev=probe stage=stall set=stack tid=0x00000360 rip=0x7FFD69541914 rsp=0xAAE31FF558 window=2048
client level=info t=466734 ev=probe stage=stall set=stack tid=0x0000240C rip=0x7FFD69541914 rsp=0xAAE35FF6D8 window=2048
client level=info t=466734 ev=probe stage=stall set=stack tid=0x00000EC8 rip=0x7FFD69540E44 rsp=0xAAE39FFB48 window=1024
client level=info t=466734 ev=probe stage=stall set=frames tid=0x00000EC8 f0=exe+0x1A914FF f1=own+0x149533 f2=exe+0x39B4FB f3=exe+0x1A8222A
client level=info t=466734 ev=probe stage=stall set=stack tid=0x00003EB8 rip=0x7FFD69540E44 rsp=0xAAE3DFF9A8 window=2048
client level=info t=466734 ev=probe stage=stall set=frames tid=0x00003EB8 f0=exe+0x0 f1=exe+0x1F15A90 f2=exe+0x0 f3=exe+0x30FE80 f4=exe+0x30FED2 f5=exe+0x30FE80 f6=exe+0x30FE80 f7=exe+0x129869C
client level=info t=466734 ev=probe stage=stall set=stack tid=0x00000C7C rip=0x7FFD69541914 rsp=0xAADEDFEE48 window=2048
client level=info t=466734 ev=probe stage=stall set=stack tid=0x000038C8 rip=0x7FFD69541914 rsp=0xAADBDFE388 window=2048
client level=info t=466734 ev=probe stage=stall set=frames tid=0x000038C8 f0=exe+0x3E8155
client level=info t=466734 ev=probe stage=stall set=stack tid=0x00000854 rip=0x7FFD69541444 rsp=0xAAE45FFAF8 window=1024
client level=info t=466734 ev=probe stage=stall set=frames tid=0x00000854 f0=own+0x695AE8 f1=own+0x679B28 f2=own+0x679B08 f3=own+0x679B08 f4=own+0x679B28 f5=own+0x1DA9EB f6=own+0x679B08 f7=own+0x679B28
client level=info t=466734 ev=probe stage=stall set=stack tid=0x00002458 rip=0x7FFD69541444 rsp=0xAAE4DFF708 window=2048
client level=info t=466734 ev=probe stage=stall set=frames tid=0x00002458 f0=exe+0x31DA0A0 f1=exe+0x173A58B f2=exe+0x31DA5A0 f3=exe+0x3537B3 f4=exe+0x31DA5A0 f5=exe+0x353874 f6=exe+0x31DA5A0 f7=exe+0x31DA5C4
client level=info t=466734 ev=probe stage=stall set=frames tid=0x00002458 f8=exe+0x3537D0 f9=exe+0x31DA5A0
client level=info t=466734 ev=probe stage=stall set=stack tid=0x00002F5C rip=0x7FFD69544A14 rsp=0xAAD35FFD98 window=2048
client level=info t=466734 ev=probe stage=stall set=stack tid=0x00004C98 rip=0x7FFD69541914 rsp=0xAAE51FF508 window=2048
client level=info t=466734 ev=probe stage=stall set=stack tid=0x000019A8 rip=0x7FFD69544A14 rsp=0xAAE55FEC98 window=2048
client level=info t=466734 ev=probe stage=stall set=frames tid=0x000019A8 f0=exe+0x7C97F8 f1=exe+0x294B57 f2=exe+0x0 f3=exe+0x91790 f4=exe+0x0 f5=exe+0x91790
client level=info t=466734 ev=probe stage=stall set=stack tid=0x00003F28 rip=0x7FFD69544A14 rsp=0xAAE59FF1B8 window=2048
client level=info t=466734 ev=probe stage=stall set=frames tid=0x00003F28 f0=exe+0x7C97F8 f1=exe+0x294B57 f2=exe+0x0 f3=exe+0x91790 f4=exe+0x0 f5=exe+0x91790
client level=info t=466734 ev=probe stage=stall set=stack tid=0x00001D60 rip=0x7FFD69544A14 rsp=0xAAE5DFEE78 window=2048
client level=info t=466734 ev=probe stage=stall set=frames tid=0x00001D60 f0=exe+0x7C97F8 f1=exe+0x294B57 f2=exe+0x0 f3=exe+0x91790 f4=exe+0x0 f5=exe+0x91790
client level=info t=466734 ev=probe stage=stall set=stack tid=0x00000A2C rip=0x7FFD69541914 rsp=0xAAE61FEE58 window=2048
client level=info t=466734 ev=probe stage=stall set=stack tid=0x000016C4 rip=0x7FFD69544A14 rsp=0xAAE65FF938 window=2048
client level=info t=466734 ev=probe stage=stall set=stack tid=0x00001D24 rip=0x7FFD69544A14 rsp=0xAAE69FF788 window=2048
client level=info t=466734 ev=probe stage=stall set=stack tid=0x000038B0 rip=0x7FFD69544A14 rsp=0xAAE6DFF588 window=2048
client level=info t=466734 ev=probe stage=stall set=stack tid=0x00004D30 rip=0x7FFD69544A14 rsp=0xAAE71FF9C8 window=2048
client level=info t=466734 ev=probe stage=stall set=stack tid=0x00004E08 rip=0x7FFD69541914 rsp=0xAAE75FF548 window=2048
client level=info t=466734 ev=probe stage=stall set=stack tid=0x00003DEC rip=0x7FFD69541914 rsp=0xAAE79FF568 window=2048
client level=info t=466734 ev=probe stage=stall set=stack tid=0x000040E8 rip=0x7FFD69544A14 rsp=0xAAE7DFFCF8 window=2048
client level=info t=466734 ev=probe stage=stall set=stack tid=0x00002840 rip=0x7FFD69541914 rsp=0xAAE81FEFE8 window=2048
client level=info t=466734 ev=probe stage=stall set=stack tid=0x000038E4 rip=0x7FFD69544A14 rsp=0xAAE85FF7B8 window=2048
client level=info t=466734 ev=probe stage=stall set=stack tid=0x00001DF4 rip=0x7FFD69541914 rsp=0xAAE89FF558 window=2048
client level=info t=466734 ev=probe stage=stall set=stack tid=0x000012CC rip=0x7FFD69544A14 rsp=0xAAE8DFFC68 window=2048
client level=info t=466734 ev=probe stage=stall set=stack tid=0x00004F8C rip=0x7FFD69541914 rsp=0xAAE91FF1C8 window=2048
client level=info t=466734 ev=probe stage=stall set=stack tid=0x00002818 rip=0x7FFD69544A14 rsp=0xAAE95FF6F8 window=2048
client level=info t=466734 ev=probe stage=stall set=stack tid=0x00004D70 rip=0x7FFD69544A14 rsp=0xAAE99FF758 window=2048
client level=info t=466734 ev=probe stage=stall set=stack tid=0x000040A0 rip=0x7FFD69544A74 rsp=0xAAD25FF6A8 window=2048
client level=info t=466734 ev=probe stage=stall set=stack tid=0x000033E0 rip=0x7FFD69544A74 rsp=0xAAD2DFF5D8 window=2048
client level=info t=466734 ev=probe stage=stall set=stack tid=0x00003B98 rip=0x7FFD69540EE4 rsp=0xAAD3DFFC48 window=512
client level=info t=466734 ev=probe stage=stall set=stack tid=0x00004CE0 rip=0x7FFD69541914 rsp=0xAAD29FF458 window=2048
client level=info t=468688 ev=nettick stage=sample latch=0 callbacks=34349
client level=error t=468688 ev=assert stage=hit n=6144 repeat=6144 arg0=0 text=hitch detected: mainloop world controller state activity:in_world {{!38!}} job name: 'render_globals_update_and_setup_cascade_shadow_views_job', owner: 'system owner' stalled 
client level=info t=471453 ev=nettick stage=sample latch=0 callbacks=34349
client level=error t=471453 ev=assert stage=hit n=6656 repeat=6656 arg0=0 text=hitch detected: mainloop world controller state activity:in_world {{!38!}} job name: 'render_globals_update_and_setup_cascade_shadow_views_job', owner: 'system owner' stalled 
client level=info t=474234 ev=nettick stage=sample latch=0 callbacks=34349
client level=error t=474234 ev=assert stage=hit n=7168 repeat=7168 arg0=0 text=hitch detected: mainloop world controller state activity:in_world {{!38!}} job name: 'render_globals_update_and_setup_cascade_shadow_views_job', owner: 'system owner' stalled 
client level=warn t=481750 ev=probe stage=stall result=detected idle=66391 count=34349
client level=info t=481766 ev=probe stage=stall set=stack tid=0x00000E98 rip=0x7FFD69540E44 rsp=0xAAD20FF5F8 window=2048
client level=info t=481766 ev=probe stage=stall set=frames tid=0x00000E98 f0=exe+0xB54BE2 f1=exe+0x302465 f2=exe+0xB58F1F f3=exe+0x1C151D8 f4=exe+0x0 f5=exe+0xB5268C f6=exe+0x80DA9B1 f7=exe+0x48564BA
client level=info t=481766 ev=probe stage=stall set=frames tid=0x00000E98 f8=exe+0x93FC7 f9=exe+0x0 f10=exe+0x1C151C8
client level=info t=481766 ev=probe stage=stall set=stack tid=0x0000262C rip=0x7FFD69544A74 rsp=0xAAD31FF478 window=2048
client level=info t=481766 ev=probe stage=stall set=stack tid=0x00002788 rip=0x7FFD69541444 rsp=0xAAD39FF168 window=2048
client level=info t=481766 ev=probe stage=stall set=frames tid=0x00002788 f0=exe+0x267D140 f1=exe+0x3B1A77 f2=exe+0x3AFF70 f3=exe+0x4F5C89E f4=exe+0x47DA9CB f5=exe+0x0 f6=exe+0x3FB1A5A f7=exe+0x69533FF
client level=info t=481766 ev=probe stage=stall set=stack tid=0x00004234 rip=0x7FFD69540E44 rsp=0xAAD45FF828 window=1024
client level=info t=481766 ev=probe stage=stall set=frames tid=0x00004234 f0=exe+0x1280280 f1=exe+0x0 f2=exe+0x242CD10 f3=exe+0x1280201 f4=exe+0x3023E5 f5=exe+0x348061 f6=exe+0x7CB8EAA f7=exe+0x7039128
client level=info t=481766 ev=probe stage=stall set=frames tid=0x00004234 f8=exe+0x128029D f9=exe+0x0 f10=exe+0x1280280 f11=exe+0x129869C
client level=info t=481766 ev=probe stage=stall set=stack tid=0x00002B48 rip=0x7FFD69541444 rsp=0xAAD49F2048 window=2048
client level=info t=481766 ev=probe stage=stall set=frames tid=0x00002B48 f0=exe+0x1299FD0 f1=exe+0x0 f2=exe+0x128038A f3=exe+0x31B159 f4=own+0x11C069 f5=exe+0x0 f6=own+0x11C73C f7=exe+0x1C81108
client level=info t=481766 ev=probe stage=stall set=frames tid=0x00002B48 f8=exe+0x2FCDAF f9=exe+0x1C81108 f10=exe+0x12989AE f11=exe+0x0 f12=own+0x11C8C6 f13=exe+0x1299FD0 f14=exe+0x129A511 f15=exe+0x1C81090
client level=info t=481766 ev=probe stage=stall set=stack tid=0x00003A28 rip=0x7FFD69540E44 rsp=0xAAD4DFF5A8 window=2048
client level=info t=481766 ev=probe stage=stall set=frames tid=0x00003A28 f0=exe+0x302465 f1=exe+0x31D073 f2=exe+0x2E7ABC0 f3=exe+0x31D0BA f4=exe+0x318894 f5=exe+0x20D6E38 f6=exe+0x31B241 f7=exe+0x3537B3
client level=info t=481766 ev=probe stage=stall set=frames tid=0x00003A28 f8=exe+0x20D6E38 f9=exe+0x20D6E38 f10=exe+0x353874 f11=exe+0x20D6E38 f12=exe+0x20D6E5C f13=exe+0x3537D0 f14=exe+0x20D6E38
client level=info t=481766 ev=probe stage=stall set=stack tid=0x00004A48 rip=0x7FFD69540E44 rsp=0xAAD51FFB68 window=1024
client level=info t=481766 ev=probe stage=stall set=frames tid=0x00004A48 f0=exe+0x302465 f1=exe+0x31D073 f2=exe+0x31D0BA f3=exe+0x318894 f4=exe+0x20D7A38 f5=exe+0x31B241 f6=exe+0x3537B3 f7=exe+0x20D7A38
client level=info t=481766 ev=probe stage=stall set=frames tid=0x00004A48 f8=exe+0x20D7A38 f9=exe+0x353874 f10=exe+0x20D7A38 f11=exe+0x20D7A5C f12=exe+0x3537D0 f13=exe+0x20D7A38
client level=info t=481766 ev=probe stage=stall set=stack tid=0x00001F70 rip=0x7FFD69540E44 rsp=0xAAD55FF708 window=2048
client level=info t=481766 ev=probe stage=stall set=frames tid=0x00001F70 f0=exe+0x2E5B380 f1=exe+0x302465 f2=exe+0x31D073 f3=exe+0x31D0BA f4=exe+0x318894 f5=exe+0x20D8638 f6=exe+0x31B241 f7=exe+0x3537B3
client level=info t=481766 ev=probe stage=stall set=frames tid=0x00001F70 f8=exe+0x20D8638 f9=exe+0x20D8638 f10=exe+0x353874 f11=exe+0x20D8638 f12=exe+0x20D865C f13=exe+0x3537D0 f14=exe+0x20D8638
client level=info t=481766 ev=probe stage=stall set=stack tid=0x000000A4 rip=0x7FFD69540E44 rsp=0xAAD59FF658 window=2048
client level=info t=481766 ev=probe stage=stall set=frames tid=0x000000A4 f0=exe+0x302465 f1=exe+0x31D073 f2=exe+0x31D0BA f3=exe+0x318894 f4=exe+0x20D9238 f5=exe+0x31B241 f6=exe+0x3537B3 f7=exe+0x20D9238
client level=info t=481766 ev=probe stage=stall set=frames tid=0x000000A4 f8=exe+0x20D9238 f9=exe+0x353874 f10=exe+0x20D9238 f11=exe+0x20D925C f12=exe+0x3537D0 f13=exe+0x20D9238
client level=info t=481766 ev=probe stage=stall set=stack tid=0x00003B74 rip=0x7FFD69541444 rsp=0xAAD5DFD6B8 window=2048
client level=info t=481766 ev=probe stage=stall set=frames tid=0x00003B74 f0=exe+0x20D9E80 f1=exe+0x20D9E80 f2=exe+0x3550FB f3=exe+0x20D9E38 f4=exe+0x1DC60C8 f5=exe+0x1DC60D4 f6=exe+0x1B87974 f7=exe+0x1DC60C8
client level=info t=481766 ev=probe stage=stall set=frames tid=0x00003B74 f8=exe+0x3537B3 f9=exe+0x35ECC44 f10=exe+0x3537B3 f11=exe+0x35ECC44 f12=exe+0x35ECC44 f13=exe+0x3537B3 f14=exe+0x35ECC44 f15=exe+0x353874
client level=info t=481766 ev=probe stage=stall set=stack tid=0x00000EF4 rip=0x7FFD69540E44 rsp=0xAAD61FFBB8 window=1024
client level=info t=481766 ev=probe stage=stall set=frames tid=0x00000EF4 f0=exe+0x2E5B620 f1=exe+0x302465 f2=exe+0x31D073 f3=exe+0x31D0BA f4=exe+0x318894 f5=exe+0x20DAA38 f6=exe+0x31B241 f7=exe+0x3537B3
client level=info t=481766 ev=probe stage=stall set=frames tid=0x00000EF4 f8=exe+0x20DAA38 f9=exe+0x20DAA38 f10=exe+0x353874 f11=exe+0x20DAA38 f12=exe+0x20DAA5C f13=exe+0x3537D0 f14=exe+0x20DAA38
client level=info t=481766 ev=probe stage=stall set=stack tid=0x00000564 rip=0x7FFD69540E44 rsp=0xAAD65FFB78 window=1024
client level=info t=481766 ev=probe stage=stall set=frames tid=0x00000564 f0=exe+0x302465 f1=exe+0x31D073 f2=exe+0x31D0BA f3=exe+0x318894 f4=exe+0x20EEE48 f5=exe+0x31B241 f6=exe+0x3537B3 f7=exe+0x20EEE48
client level=info t=481766 ev=probe stage=stall set=frames tid=0x00000564 f8=exe+0x20EEE48 f9=exe+0x353874 f10=exe+0x20EEE48 f11=exe+0x20EEE6C f12=exe+0x3537D0 f13=exe+0x20EEE48
client level=info t=481766 ev=probe stage=stall set=stack tid=0x00004A80 rip=0x7FFD69540E44 rsp=0xAAD69FF658 window=2048
client level=info t=481766 ev=probe stage=stall set=frames tid=0x00004A80 f0=exe+0x302465 f1=exe+0x31D073 f2=exe+0x31D0BA f3=exe+0x318894 f4=exe+0x20EFA48 f5=exe+0x31B241 f6=exe+0x3537B3 f7=exe+0x20EFA48
client level=info t=481766 ev=probe stage=stall set=frames tid=0x00004A80 f8=exe+0x20EFA48 f9=exe+0x353874 f10=exe+0x20EFA48 f11=exe+0x20EFA6C f12=exe+0x3537D0 f13=exe+0x20EFA48
client level=info t=481766 ev=probe stage=stall set=stack tid=0x00000E5C rip=0x7FFD69541444 rsp=0xAAD6DFF2B8 window=2048
client level=info t=481766 ev=probe stage=stall set=frames tid=0x00000E5C f0=exe+0x1AEBDFF
client level=info t=481766 ev=probe stage=stall set=stack tid=0x00004CC0 rip=0x7FFD69540E44 rsp=0xAAD71FFB08 window=2048
client level=info t=481766 ev=probe stage=stall set=frames tid=0x00004CC0 f0=exe+0x1AE9B80
client level=info t=481766 ev=probe stage=stall set=stack tid=0x00002514 rip=0x7FFD66761344 rsp=0xAAD75FFA58 window=2048
client level=info t=481766 ev=probe stage=stall set=frames tid=0x00002514 f0=exe+0x2686900 f1=exe+0x2686900 f2=exe+0x3C5F69 f3=exe+0x26869E0 f4=exe+0x26869E0 f5=exe+0x3BD893 f6=exe+0x26869E0 f7=exe+0x3BDA99
client level=info t=481766 ev=probe stage=stall set=frames tid=0x00002514 f8=exe+0x26869E0 f9=exe+0x3537B3 f10=exe+0x26869E0 f11=exe+0x353874 f12=exe+0x26869E0 f13=exe+0x2686A04 f14=exe+0x3537D0 f15=exe+0x26869E0
client level=info t=481766 ev=probe stage=stall set=stack tid=0x00000AE8 rip=0x7FFD66761344 rsp=0xAAD79FF988 window=2048
client level=info t=481766 ev=probe stage=stall set=frames tid=0x00000AE8 f0=exe+0x3BDA55 f1=exe+0x26869E0 f2=exe+0x26875E0 f3=exe+0x3537B3 f4=exe+0x26875E0 f5=exe+0x353874 f6=exe+0x26875E0 f7=exe+0x2687604
client level=info t=481766 ev=probe stage=stall set=frames tid=0x00000AE8 f8=exe+0x3537D0 f9=exe+0x26875E0
client level=info t=481766 ev=probe stage=stall set=stack tid=0x0000017C rip=0x7FFD69540EE4 rsp=0xAAD7DFF6E8 window=2048
client level=info t=481766 ev=probe stage=stall set=stack tid=0x00003488 rip=0x7FFD69544A14 rsp=0xAAD85FFD28 window=2048
client level=info t=481766 ev=probe stage=stall set=stack tid=0x0000131C rip=0x7FFD69544A14 rsp=0xAAD89FF828 window=2048
client level=info t=481766 ev=probe stage=stall set=stack tid=0x000001F8 rip=0x7FFD69540E44 rsp=0xAAD8DFF618 window=2048
client level=info t=481766 ev=probe stage=stall set=stack tid=0x00000F90 rip=0x7FFD69540E44 rsp=0xAAD81FF888 window=2048
client level=info t=481766 ev=probe stage=stall set=stack tid=0x00003A30 rip=0x7FFD69540E44 rsp=0xAAD91FF688 window=2048
client level=info t=481766 ev=probe stage=stall set=stack tid=0x00004A2C rip=0x7FFD69540E44 rsp=0xAAD95FF7E8 window=2048
client level=info t=481766 ev=probe stage=stall set=stack tid=0x00002CA4 rip=0x7FFD69540E44 rsp=0xAAD99FF898 window=2048
client level=info t=481766 ev=probe stage=stall set=stack tid=0x00004E98 rip=0x7FFD69540E44 rsp=0xAAD9DFF978 window=2048
client level=info t=481766 ev=probe stage=stall set=stack tid=0x000019C4 rip=0x7FFD69540E44 rsp=0xAADA1FF628 window=2048
client level=info t=481766 ev=probe stage=stall set=stack tid=0x0000458C rip=0x7FFD69540E44 rsp=0xAADA5FF618 window=2048
client level=info t=481766 ev=probe stage=stall set=stack tid=0x000015B0 rip=0x7FFD69540E44 rsp=0xAADA9FFBC8 window=2048
client level=info t=481766 ev=probe stage=stall set=stack tid=0x000015C8 rip=0x7FFD69540E44 rsp=0xAADADFF398 window=2048
client level=info t=481766 ev=probe stage=stall set=stack tid=0x00003DC8 rip=0x7FFD69540E44 rsp=0xAADB1FFA58 window=2048
client level=info t=481766 ev=probe stage=stall set=stack tid=0x0000318C rip=0x7FFD69544A14 rsp=0xAADB5FF968 window=2048
client level=info t=481766 ev=probe stage=stall set=stack tid=0x00002808 rip=0x7FFD69544A14 rsp=0xAADB9FF698 window=2048
client level=info t=481766 ev=probe stage=stall set=stack tid=0x00004FA8 rip=0x7FFD69541914 rsp=0xAADC1FF838 window=2048
client level=info t=481766 ev=probe stage=stall set=stack tid=0x00000480 rip=0x7FFD69540E44 rsp=0xAADC5FF8E8 window=2048
client level=info t=481766 ev=probe stage=stall set=stack tid=0x000033B0 rip=0x7FFD69540E44 rsp=0xAADC9FF9C8 window=2048
client level=info t=481766 ev=probe stage=stall set=stack tid=0x0000092C rip=0x7FFD69540E44 rsp=0xAADCDFF908 window=2048
client level=info t=481766 ev=probe stage=stall set=stack tid=0x00000BBC rip=0x7FFD69540E44 rsp=0xAADD1FFC58 window=2048
client level=info t=481766 ev=probe stage=stall set=stack tid=0x00004C3C rip=0x7FFD69540E44 rsp=0xAADD5FFD28 window=2048
client level=info t=481766 ev=probe stage=stall set=stack tid=0x00004C24 rip=0x7FFD69540E44 rsp=0xAADD9FF6E8 window=2048
client level=info t=481766 ev=probe stage=stall set=stack tid=0x000032D8 rip=0x7FFD69540E44 rsp=0xAADDDFFD18 window=2048
client level=info t=481766 ev=probe stage=stall set=stack tid=0x00003494 rip=0x7FFD69540E44 rsp=0xAADE1FFD88 window=512
client level=info t=481766 ev=probe stage=stall set=stack tid=0x00001E20 rip=0x7FFD69541444 rsp=0xAADE5FFCF8 window=512
client level=info t=481766 ev=probe stage=stall set=frames tid=0x00001E20 f0=exe+0x26869D0 f1=exe+0x11C7C5C f2=exe+0x2E5BEC2 f3=exe+0x3537B3 f4=exe+0x2E5BE90 f5=exe+0x2E5BE90 f6=exe+0x353874 f7=exe+0x2E5BE90
client level=info t=481766 ev=probe stage=stall set=frames tid=0x00001E20 f8=exe+0x2E5BEB4 f9=exe+0x3537D0 f10=exe+0x2E5BE90
client level=info t=481766 ev=probe stage=stall set=stack tid=0x00001BCC rip=0x7FFD69540E44 rsp=0xAADE9FFA28 window=2048
client level=info t=481766 ev=probe stage=stall set=frames tid=0x00001BCC f0=exe+0x2E79DE3 f1=exe+0x11DB4DB f2=exe+0x2E79DA0 f3=exe+0x3537B3 f4=exe+0x2E79DA0 f5=exe+0x353874 f6=exe+0x2E79DA0 f7=exe+0x2E79DC4
client level=info t=481766 ev=probe stage=stall set=frames tid=0x00001BCC f8=exe+0x3537D0 f9=exe+0x2E79DA0
client level=info t=481766 ev=probe stage=stall set=stack tid=0x000013A8 rip=0x7FFD69544A74 rsp=0xAADF5FFAD8 window=2048
client level=info t=481766 ev=probe stage=stall set=stack tid=0x000024B8 rip=0x7FFD69540E44 rsp=0xAADF9FF768 window=2048
client level=info t=481766 ev=probe stage=stall set=stack tid=0x000038CC rip=0x7FFD69540E44 rsp=0xAADFDFF6F8 window=2048
client level=info t=481766 ev=probe stage=stall set=stack tid=0x00004C08 rip=0x7FFD69540E44 rsp=0xAAE01FF9D8 window=2048
client level=info t=481766 ev=probe stage=stall set=stack tid=0x00001158 rip=0x7FFD69540E44 rsp=0xAAE05FF958 window=2048
client level=info t=481766 ev=probe stage=stall set=stack tid=0x00003458 rip=0x7FFD69540E44 rsp=0xAAE09FF838 window=2048
client level=info t=481766 ev=probe stage=stall set=stack tid=0x00004CE8 rip=0x7FFD69540E44 rsp=0xAAE0DFF678 window=2048
client level=info t=481766 ev=probe stage=stall set=stack tid=0x00004124 rip=0x7FFD69540E44 rsp=0xAAE11FFD48 window=2048
client level=info t=481766 ev=probe stage=stall set=stack tid=0x000006A0 rip=0x7FFD69540E44 rsp=0xAAE15FF9B8 window=2048
client level=info t=481766 ev=probe stage=stall set=stack tid=0x00002560 rip=0x7FFD69540E44 rsp=0xAAE19FFA18 window=1024
client level=info t=481766 ev=probe stage=stall set=stack tid=0x00000E90 rip=0x7FFD69540E44 rsp=0xAAE1DFF668 window=2048
client level=info t=481766 ev=probe stage=stall set=frames tid=0x00000E90 f0=exe+0x19F8801
client level=info t=481766 ev=probe stage=stall set=stack tid=0x00001F20 rip=0x7FFD69540E44 rsp=0xAAE21FFE58 window=256
client level=info t=481766 ev=probe stage=stall set=frames tid=0x00001F20 f0=exe+0x1A07446
client level=info t=481766 ev=probe stage=stall set=stack tid=0x00000CE0 rip=0x7FFD69541914 rsp=0xAAE25FFAB8 window=1024
client level=info t=481766 ev=probe stage=stall set=frames tid=0x00000CE0 f0=exe+0x1A40E63 f1=exe+0x1A41E30
client level=info t=481766 ev=probe stage=stall set=stack tid=0x00000360 rip=0x7FFD69541914 rsp=0xAAE31FF558 window=2048
client level=info t=481766 ev=probe stage=stall set=stack tid=0x0000240C rip=0x7FFD69541914 rsp=0xAAE35FF6D8 window=2048
client level=info t=481766 ev=probe stage=stall set=stack tid=0x00000EC8 rip=0x7FFD69540E44 rsp=0xAAE39FFB48 window=1024
client level=info t=481766 ev=probe stage=stall set=frames tid=0x00000EC8 f0=exe+0x1A914FF f1=own+0x149533 f2=exe+0x39B4FB f3=exe+0x1A8222A
client level=info t=481766 ev=probe stage=stall set=stack tid=0x00003EB8 rip=0x7FFD69540E44 rsp=0xAAE3DFF9A8 window=2048
client level=info t=481766 ev=probe stage=stall set=frames tid=0x00003EB8 f0=exe+0x0 f1=exe+0x1F15A90 f2=exe+0x0 f3=exe+0x30FE80 f4=exe+0x30FED2 f5=exe+0x30FE80 f6=exe+0x30FE80 f7=exe+0x129869C
client level=info t=481766 ev=probe stage=stall set=stack tid=0x00000C7C rip=0x7FFD69541914 rsp=0xAADEDFEE48 window=2048
client level=info t=481766 ev=probe stage=stall set=stack tid=0x000038C8 rip=0x7FFD69541914 rsp=0xAADBDFE388 window=2048
client level=info t=481766 ev=probe stage=stall set=frames tid=0x000038C8 f0=exe+0x3E8155
client level=info t=481766 ev=probe stage=stall set=stack tid=0x00000854 rip=0x7FFD69541444 rsp=0xAAE45FFAF8 window=1024
client level=info t=481766 ev=probe stage=stall set=frames tid=0x00000854 f0=own+0x695AE8 f1=own+0x679B28 f2=own+0x679B08 f3=own+0x679B08 f4=own+0x679B28 f5=own+0x1DA9EB f6=own+0x679B08 f7=own+0x679B28
client level=info t=481766 ev=probe stage=stall set=stack tid=0x00002458 rip=0x7FFD69541444 rsp=0xAAE4DFF708 window=2048
client level=info t=481766 ev=probe stage=stall set=frames tid=0x00002458 f0=exe+0x30E50F0 f1=exe+0x173A58B f2=exe+0x31DA5A0 f3=exe+0x3537B3 f4=exe+0x31DA5A0 f5=exe+0x353874 f6=exe+0x31DA5A0 f7=exe+0x31DA5C4
client level=info t=481766 ev=probe stage=stall set=frames tid=0x00002458 f8=exe+0x3537D0 f9=exe+0x31DA5A0
client level=info t=481766 ev=probe stage=stall set=stack tid=0x00002F5C rip=0x7FFD69544A14 rsp=0xAAD35FFD98 window=2048
client level=info t=481766 ev=probe stage=stall set=stack tid=0x00004C98 rip=0x7FFD69541914 rsp=0xAAE51FF508 window=2048
client level=info t=481766 ev=probe stage=stall set=stack tid=0x000019A8 rip=0x7FFD69544A14 rsp=0xAAE55FEC98 window=2048
client level=info t=481766 ev=probe stage=stall set=frames tid=0x000019A8 f0=exe+0x7C97F8 f1=exe+0x294B57 f2=exe+0x0 f3=exe+0x91790 f4=exe+0x0 f5=exe+0x91790
client level=info t=481766 ev=probe stage=stall set=stack tid=0x00003F28 rip=0x7FFD69544A14 rsp=0xAAE59FF1B8 window=2048
client level=info t=481766 ev=probe stage=stall set=frames tid=0x00003F28 f0=exe+0x7C97F8 f1=exe+0x294B57 f2=exe+0x0 f3=exe+0x91790 f4=exe+0x0 f5=exe+0x91790
client level=info t=481766 ev=probe stage=stall set=stack tid=0x00001D60 rip=0x7FFD69544A14 rsp=0xAAE5DFEE78 window=2048
client level=info t=481766 ev=probe stage=stall set=frames tid=0x00001D60 f0=exe+0x7C97F8 f1=exe+0x294B57 f2=exe+0x0 f3=exe+0x91790 f4=exe+0x0 f5=exe+0x91790
client level=info t=481766 ev=probe stage=stall set=stack tid=0x00000A2C rip=0x7FFD69541914 rsp=0xAAE61FEE58 window=2048
client level=info t=481766 ev=probe stage=stall set=stack tid=0x000016C4 rip=0x7FFD69544A14 rsp=0xAAE65FF938 window=2048
client level=info t=481766 ev=probe stage=stall set=stack tid=0x00001D24 rip=0x7FFD69544A14 rsp=0xAAE69FF788 window=2048
client level=info t=481766 ev=probe stage=stall set=stack tid=0x000038B0 rip=0x7FFD69544A14 rsp=0xAAE6DFF588 window=2048
client level=info t=481766 ev=probe stage=stall set=stack tid=0x00004D30 rip=0x7FFD69544A14 rsp=0xAAE71FF9C8 window=2048
client level=info t=481766 ev=probe stage=stall set=stack tid=0x00004E08 rip=0x7FFD69541914 rsp=0xAAE75FF548 window=2048
client level=info t=481766 ev=probe stage=stall set=stack tid=0x00003DEC rip=0x7FFD69541914 rsp=0xAAE79FF568 window=2048
client level=info t=481766 ev=probe stage=stall set=stack tid=0x000040E8 rip=0x7FFD69544A14 rsp=0xAAE7DFFCF8 window=2048
client level=info t=481766 ev=probe stage=stall set=stack tid=0x00002840 rip=0x7FFD69541914 rsp=0xAAE81FEFE8 window=2048
client level=info t=481766 ev=probe stage=stall set=stack tid=0x000038E4 rip=0x7FFD69544A14 rsp=0xAAE85FF7B8 window=2048
client level=info t=481766 ev=probe stage=stall set=stack tid=0x00001DF4 rip=0x7FFD69541914 rsp=0xAAE89FF558 window=2048
client level=info t=481766 ev=probe stage=stall set=stack tid=0x000012CC rip=0x7FFD69544A14 rsp=0xAAE8DFFC68 window=2048
client level=info t=481766 ev=probe stage=stall set=stack tid=0x00004F8C rip=0x7FFD69541914 rsp=0xAAE91FF1C8 window=2048
client level=info t=481766 ev=probe stage=stall set=stack tid=0x00002818 rip=0x7FFD69544A14 rsp=0xAAE95FF6F8 window=2048
client level=info t=481766 ev=probe stage=stall set=stack tid=0x00004D70 rip=0x7FFD69544A14 rsp=0xAAE99FF758 window=2048
client level=info t=481766 ev=probe stage=stall set=stack tid=0x000040A0 rip=0x7FFD69544A74 rsp=0xAAD25FF6A8 window=2048
client level=info t=481766 ev=probe stage=stall set=stack tid=0x000033E0 rip=0x7FFD69544A74 rsp=0xAAD2DFF5D8 window=2048
client level=info t=481766 ev=probe stage=stall set=stack tid=0x00003B98 rip=0x7FFD69540EE4 rsp=0xAAD3DFFC48 window=512
client level=info t=481766 ev=probe stage=stall set=stack tid=0x00004CE0 rip=0x7FFD69541914 rsp=0xAAD29FF458 window=2048
client level=warn t=496781 ev=probe stage=stall result=detected idle=81422 count=34349
client level=info t=496797 ev=probe stage=stall set=stack tid=0x00000E98 rip=0x7FFD69540E44 rsp=0xAAD20FF5F8 window=2048
client level=info t=496797 ev=probe stage=stall set=frames tid=0x00000E98 f0=exe+0xB54BE2 f1=exe+0x302465 f2=exe+0xB58F1F f3=exe+0x1C151D8 f4=exe+0x0 f5=exe+0xB5268C f6=exe+0x80DA9B1 f7=exe+0x48564BA
client level=info t=496797 ev=probe stage=stall set=frames tid=0x00000E98 f8=exe+0x93FC7 f9=exe+0x0 f10=exe+0x1C151C8
client level=info t=496797 ev=probe stage=stall set=stack tid=0x0000262C rip=0x7FFD69544A74 rsp=0xAAD31FF478 window=2048
client level=info t=496797 ev=probe stage=stall set=stack tid=0x00002788 rip=0x7FFD69541444 rsp=0xAAD39FF168 window=2048
client level=info t=496797 ev=probe stage=stall set=frames tid=0x00002788 f0=exe+0x3B1A77 f1=exe+0x3AFF70 f2=exe+0x4F5C89E f3=exe+0x47DA9CB f4=exe+0x0 f5=exe+0x3FB1A5A f6=exe+0x69533FF
client level=info t=496797 ev=probe stage=stall set=stack tid=0x00004234 rip=0x7FFD69540E44 rsp=0xAAD45FF828 window=1024
client level=info t=496797 ev=probe stage=stall set=frames tid=0x00004234 f0=exe+0x1280280 f1=exe+0x0 f2=exe+0x242CD10 f3=exe+0x1280201 f4=exe+0x3023E5 f5=exe+0x348061 f6=exe+0x7CB8EAA f7=exe+0x7039128
client level=info t=496797 ev=probe stage=stall set=frames tid=0x00004234 f8=exe+0x128029D f9=exe+0x0 f10=exe+0x1280280 f11=exe+0x129869C
client level=info t=496797 ev=probe stage=stall set=stack tid=0x00002B48 rip=0x7FFD69541444 rsp=0xAAD49F2048 window=2048
client level=info t=496797 ev=probe stage=stall set=frames tid=0x00002B48 f0=exe+0x1299FD0 f1=exe+0x0 f2=exe+0x128038A f3=exe+0x31B159 f4=own+0x11C069 f5=exe+0x0 f6=own+0x11C73C f7=exe+0x1C81108
client level=info t=496797 ev=probe stage=stall set=frames tid=0x00002B48 f8=exe+0x2FCDAF f9=exe+0x1C81108 f10=exe+0x12989AE f11=exe+0x0 f12=own+0x11C8C6 f13=exe+0x1299FD0 f14=exe+0x129A511 f15=exe+0x1C81090
client level=info t=496797 ev=probe stage=stall set=stack tid=0x00003A28 rip=0x7FFD69540E44 rsp=0xAAD4DFF5A8 window=2048
client level=info t=496797 ev=probe stage=stall set=frames tid=0x00003A28 f0=exe+0x302465 f1=exe+0x31D073 f2=exe+0x2E7ABC0 f3=exe+0x31D0BA f4=exe+0x318894 f5=exe+0x20D6E38 f6=exe+0x31B241 f7=exe+0x3537B3
client level=info t=496797 ev=probe stage=stall set=frames tid=0x00003A28 f8=exe+0x20D6E38 f9=exe+0x20D6E38 f10=exe+0x353874 f11=exe+0x20D6E38 f12=exe+0x20D6E5C f13=exe+0x3537D0 f14=exe+0x20D6E38
client level=info t=496797 ev=probe stage=stall set=stack tid=0x00004A48 rip=0x7FFD69540E44 rsp=0xAAD51FFB68 window=1024
client level=info t=496797 ev=probe stage=stall set=frames tid=0x00004A48 f0=exe+0x302465 f1=exe+0x31D073 f2=exe+0x31D0BA f3=exe+0x318894 f4=exe+0x20D7A38 f5=exe+0x31B241 f6=exe+0x3537B3 f7=exe+0x20D7A38
client level=info t=496797 ev=probe stage=stall set=frames tid=0x00004A48 f8=exe+0x20D7A38 f9=exe+0x353874 f10=exe+0x20D7A38 f11=exe+0x20D7A5C f12=exe+0x3537D0 f13=exe+0x20D7A38
client level=info t=496797 ev=probe stage=stall set=stack tid=0x00001F70 rip=0x7FFD69540E44 rsp=0xAAD55FF708 window=2048
client level=info t=496797 ev=probe stage=stall set=frames tid=0x00001F70 f0=exe+0x2E5B380 f1=exe+0x302465 f2=exe+0x31D073 f3=exe+0x31D0BA f4=exe+0x318894 f5=exe+0x20D8638 f6=exe+0x31B241 f7=exe+0x3537B3
client level=info t=496797 ev=probe stage=stall set=frames tid=0x00001F70 f8=exe+0x20D8638 f9=exe+0x20D8638 f10=exe+0x353874 f11=exe+0x20D8638 f12=exe+0x20D865C f13=exe+0x3537D0 f14=exe+0x20D8638
client level=info t=496797 ev=probe stage=stall set=stack tid=0x000000A4 rip=0x7FFD69540E44 rsp=0xAAD59FF658 window=2048
client level=info t=496797 ev=probe stage=stall set=frames tid=0x000000A4 f0=exe+0x302465 f1=exe+0x31D073 f2=exe+0x31D0BA f3=exe+0x318894 f4=exe+0x20D9238 f5=exe+0x31B241 f6=exe+0x3537B3 f7=exe+0x20D9238
client level=info t=496797 ev=probe stage=stall set=frames tid=0x000000A4 f8=exe+0x20D9238 f9=exe+0x353874 f10=exe+0x20D9238 f11=exe+0x20D925C f12=exe+0x3537D0 f13=exe+0x20D9238
client level=info t=496797 ev=probe stage=stall set=stack tid=0x00003B74 rip=0x7FFD69541444 rsp=0xAAD5DFD6B8 window=2048
client level=info t=496797 ev=probe stage=stall set=frames tid=0x00003B74 f0=exe+0x20D9E80 f1=exe+0x20D9E80 f2=exe+0x3550FB f3=exe+0x20D9E38 f4=exe+0x1DC60C8 f5=exe+0x1DC60D4 f6=exe+0x1B87974 f7=exe+0x1DC60C8
client level=info t=496797 ev=probe stage=stall set=frames tid=0x00003B74 f8=exe+0x3537B3 f9=exe+0x35ECC44 f10=exe+0x3537B3 f11=exe+0x35ECC44 f12=exe+0x35ECC44 f13=exe+0x3537B3 f14=exe+0x35ECC44 f15=exe+0x353874
client level=info t=496797 ev=probe stage=stall set=stack tid=0x00000EF4 rip=0x7FFD69540E44 rsp=0xAAD61FFBB8 window=1024
client level=info t=496797 ev=probe stage=stall set=frames tid=0x00000EF4 f0=exe+0x2E5B620 f1=exe+0x302465 f2=exe+0x31D073 f3=exe+0x31D0BA f4=exe+0x318894 f5=exe+0x20DAA38 f6=exe+0x31B241 f7=exe+0x3537B3
client level=info t=496797 ev=probe stage=stall set=frames tid=0x00000EF4 f8=exe+0x20DAA38 f9=exe+0x20DAA38 f10=exe+0x353874 f11=exe+0x20DAA38 f12=exe+0x20DAA5C f13=exe+0x3537D0 f14=exe+0x20DAA38
client level=info t=496797 ev=probe stage=stall set=stack tid=0x00000564 rip=0x7FFD69540E44 rsp=0xAAD65FFB78 window=1024
client level=info t=496797 ev=probe stage=stall set=frames tid=0x00000564 f0=exe+0x302465 f1=exe+0x31D073 f2=exe+0x31D0BA f3=exe+0x318894 f4=exe+0x20EEE48 f5=exe+0x31B241 f6=exe+0x3537B3 f7=exe+0x20EEE48
client level=info t=496797 ev=probe stage=stall set=frames tid=0x00000564 f8=exe+0x20EEE48 f9=exe+0x353874 f10=exe+0x20EEE48 f11=exe+0x20EEE6C f12=exe+0x3537D0 f13=exe+0x20EEE48
client level=info t=496797 ev=probe stage=stall set=stack tid=0x00004A80 rip=0x7FFD69540E44 rsp=0xAAD69FF658 window=2048
client level=info t=496797 ev=probe stage=stall set=frames tid=0x00004A80 f0=exe+0x302465 f1=exe+0x31D073 f2=exe+0x31D0BA f3=exe+0x318894 f4=exe+0x20EFA48 f5=exe+0x31B241 f6=exe+0x3537B3 f7=exe+0x20EFA48
client level=info t=496797 ev=probe stage=stall set=frames tid=0x00004A80 f8=exe+0x20EFA48 f9=exe+0x353874 f10=exe+0x20EFA48 f11=exe+0x20EFA6C f12=exe+0x3537D0 f13=exe+0x20EFA48
client level=info t=496797 ev=probe stage=stall set=stack tid=0x00000E5C rip=0x7FFD69541444 rsp=0xAAD6DFF2B8 window=2048
client level=info t=496797 ev=probe stage=stall set=frames tid=0x00000E5C f0=exe+0x1AEBDFF
client level=info t=496797 ev=probe stage=stall set=stack tid=0x00004CC0 rip=0x7FFD69540E44 rsp=0xAAD71FFB08 window=2048
client level=info t=496797 ev=probe stage=stall set=frames tid=0x00004CC0 f0=exe+0x1AE9B80
client level=info t=496797 ev=probe stage=stall set=stack tid=0x00002514 rip=0x7FFD66761344 rsp=0xAAD75FFA58 window=2048
client level=info t=496797 ev=probe stage=stall set=frames tid=0x00002514 f0=exe+0x2686900 f1=exe+0x2686900 f2=exe+0x3C5F69 f3=exe+0x26869E0 f4=exe+0x26869E0 f5=exe+0x3BD893 f6=exe+0x26869E0 f7=exe+0x3BDA99
client level=info t=496797 ev=probe stage=stall set=frames tid=0x00002514 f8=exe+0x26869E0 f9=exe+0x3537B3 f10=exe+0x26869E0 f11=exe+0x353874 f12=exe+0x26869E0 f13=exe+0x2686A04 f14=exe+0x3537D0 f15=exe+0x26869E0
client level=info t=496797 ev=probe stage=stall set=stack tid=0x00000AE8 rip=0x7FFD66761344 rsp=0xAAD79FF988 window=2048
client level=info t=496797 ev=probe stage=stall set=frames tid=0x00000AE8 f0=exe+0x3BDA55 f1=exe+0x26869E0 f2=exe+0x26875E0 f3=exe+0x3537B3 f4=exe+0x26875E0 f5=exe+0x353874 f6=exe+0x26875E0 f7=exe+0x2687604
client level=info t=496797 ev=probe stage=stall set=frames tid=0x00000AE8 f8=exe+0x3537D0 f9=exe+0x26875E0
client level=info t=496797 ev=probe stage=stall set=stack tid=0x0000017C rip=0x7FFD69540EE4 rsp=0xAAD7DFF6E8 window=2048
client level=info t=496797 ev=probe stage=stall set=stack tid=0x00003488 rip=0x7FFD69544A14 rsp=0xAAD85FFD28 window=2048
client level=info t=496797 ev=probe stage=stall set=stack tid=0x0000131C rip=0x7FFD69544A14 rsp=0xAAD89FF828 window=2048
client level=info t=496797 ev=probe stage=stall set=stack tid=0x000001F8 rip=0x7FFD69540E44 rsp=0xAAD8DFF618 window=2048
client level=info t=496797 ev=probe stage=stall set=stack tid=0x00000F90 rip=0x7FFD69540E44 rsp=0xAAD81FF888 window=2048
client level=info t=496797 ev=probe stage=stall set=stack tid=0x00003A30 rip=0x7FFD69540E44 rsp=0xAAD91FF688 window=2048
client level=info t=496797 ev=probe stage=stall set=stack tid=0x00004A2C rip=0x7FFD69540E44 rsp=0xAAD95FF7E8 window=2048
client level=info t=496797 ev=probe stage=stall set=stack tid=0x00002CA4 rip=0x7FFD69540E44 rsp=0xAAD99FF898 window=2048
client level=info t=496797 ev=probe stage=stall set=stack tid=0x00004E98 rip=0x7FFD69540E44 rsp=0xAAD9DFF978 window=2048
client level=info t=496797 ev=probe stage=stall set=stack tid=0x000019C4 rip=0x7FFD69540E44 rsp=0xAADA1FF628 window=2048
client level=info t=496797 ev=probe stage=stall set=stack tid=0x0000458C rip=0x7FFD69540E44 rsp=0xAADA5FF618 window=2048
client level=info t=496797 ev=probe stage=stall set=stack tid=0x000015B0 rip=0x7FFD69540E44 rsp=0xAADA9FFBC8 window=2048
client level=info t=496797 ev=probe stage=stall set=stack tid=0x000015C8 rip=0x7FFD69540E44 rsp=0xAADADFF398 window=2048
client level=info t=496797 ev=probe stage=stall set=stack tid=0x00003DC8 rip=0x7FFD69540E44 rsp=0xAADB1FFA58 window=2048
client level=info t=496797 ev=probe stage=stall set=stack tid=0x0000318C rip=0x7FFD69544A14 rsp=0xAADB5FF968 window=2048
client level=info t=496797 ev=probe stage=stall set=stack tid=0x00002808 rip=0x7FFD69544A14 rsp=0xAADB9FF698 window=2048
client level=info t=496797 ev=probe stage=stall set=stack tid=0x00004FA8 rip=0x7FFD69541914 rsp=0xAADC1FF838 window=2048
client level=info t=496797 ev=probe stage=stall set=stack tid=0x00000480 rip=0x7FFD69540E44 rsp=0xAADC5FF8E8 window=2048
client level=info t=496797 ev=probe stage=stall set=stack tid=0x000033B0 rip=0x7FFD69540E44 rsp=0xAADC9FF9C8 window=2048
client level=info t=496797 ev=probe stage=stall set=stack tid=0x0000092C rip=0x7FFD69540E44 rsp=0xAADCDFF908 window=2048
client level=info t=496797 ev=probe stage=stall set=stack tid=0x00000BBC rip=0x7FFD69540E44 rsp=0xAADD1FFC58 window=2048
client level=info t=496797 ev=probe stage=stall set=stack tid=0x00004C3C rip=0x7FFD69540E44 rsp=0xAADD5FFD28 window=2048
client level=info t=496797 ev=probe stage=stall set=stack tid=0x00004C24 rip=0x7FFD69540E44 rsp=0xAADD9FF6E8 window=2048
client level=info t=496797 ev=probe stage=stall set=stack tid=0x000032D8 rip=0x7FFD69540E44 rsp=0xAADDDFFD18 window=2048
client level=info t=496797 ev=probe stage=stall set=stack tid=0x00003494 rip=0x7FFD69540E44 rsp=0xAADE1FFD88 window=512
client level=info t=496797 ev=probe stage=stall set=stack tid=0x00001E20 rip=0x7FFD69541444 rsp=0xAADE5FFCF8 window=512
client level=info t=496797 ev=probe stage=stall set=frames tid=0x00001E20 f0=exe+0x26869D0 f1=exe+0x11C7C5C f2=exe+0x2E5BEC2 f3=exe+0x3537B3 f4=exe+0x2E5BE90 f5=exe+0x2E5BE90 f6=exe+0x353874 f7=exe+0x2E5BE90
client level=info t=496797 ev=probe stage=stall set=frames tid=0x00001E20 f8=exe+0x2E5BEB4 f9=exe+0x3537D0 f10=exe+0x2E5BE90
client level=info t=496797 ev=probe stage=stall set=stack tid=0x00001BCC rip=0x7FFD69540E44 rsp=0xAADE9FFA28 window=2048
client level=info t=496797 ev=probe stage=stall set=frames tid=0x00001BCC f0=exe+0x2E79DE3 f1=exe+0x11DB4DB f2=exe+0x2E79DA0 f3=exe+0x3537B3 f4=exe+0x2E79DA0 f5=exe+0x353874 f6=exe+0x2E79DA0 f7=exe+0x2E79DC4
client level=info t=496797 ev=probe stage=stall set=frames tid=0x00001BCC f8=exe+0x3537D0 f9=exe+0x2E79DA0
client level=info t=496797 ev=probe stage=stall set=stack tid=0x000013A8 rip=0x7FFD69544A74 rsp=0xAADF5FFAD8 window=2048
client level=info t=496797 ev=probe stage=stall set=stack tid=0x000024B8 rip=0x7FFD69540E44 rsp=0xAADF9FF768 window=2048
client level=info t=496797 ev=probe stage=stall set=stack tid=0x000038CC rip=0x7FFD69540E44 rsp=0xAADFDFF6F8 window=2048
client level=info t=496797 ev=probe stage=stall set=stack tid=0x00004C08 rip=0x7FFD69540E44 rsp=0xAAE01FF9D8 window=2048
client level=info t=496797 ev=probe stage=stall set=stack tid=0x00001158 rip=0x7FFD69540E44 rsp=0xAAE05FF958 window=2048
client level=info t=496797 ev=probe stage=stall set=stack tid=0x00003458 rip=0x7FFD69540E44 rsp=0xAAE09FF838 window=2048
client level=info t=496797 ev=probe stage=stall set=stack tid=0x00004CE8 rip=0x7FFD69540E44 rsp=0xAAE0DFF678 window=2048
client level=info t=496797 ev=probe stage=stall set=stack tid=0x00004124 rip=0x7FFD69540E44 rsp=0xAAE11FFD48 window=2048
client level=info t=496797 ev=probe stage=stall set=stack tid=0x000006A0 rip=0x7FFD69540E44 rsp=0xAAE15FF9B8 window=2048
client level=info t=496797 ev=probe stage=stall set=stack tid=0x00002560 rip=0x7FFD69540E44 rsp=0xAAE19FFA18 window=1024
client level=info t=496797 ev=probe stage=stall set=stack tid=0x00000E90 rip=0x7FFD69540E44 rsp=0xAAE1DFF668 window=2048
client level=info t=496797 ev=probe stage=stall set=frames tid=0x00000E90 f0=exe+0x19F8801
client level=info t=496797 ev=probe stage=stall set=stack tid=0x00001F20 rip=0x7FFD69540E44 rsp=0xAAE21FFE58 window=256
client level=info t=496797 ev=probe stage=stall set=frames tid=0x00001F20 f0=exe+0x1A07446
client level=info t=496797 ev=probe stage=stall set=stack tid=0x00000CE0 rip=0x7FFD69541914 rsp=0xAAE25FFAB8 window=1024
client level=info t=496797 ev=probe stage=stall set=frames tid=0x00000CE0 f0=exe+0x1A40E63 f1=exe+0x1A41E30
client level=info t=496797 ev=probe stage=stall set=stack tid=0x00000360 rip=0x7FFD69541914 rsp=0xAAE31FF558 window=2048
client level=info t=496797 ev=probe stage=stall set=stack tid=0x0000240C rip=0x7FFD69541914 rsp=0xAAE35FF6D8 window=2048
client level=info t=496797 ev=probe stage=stall set=stack tid=0x00000EC8 rip=0x7FFD69540E44 rsp=0xAAE39FFB48 window=1024
client level=info t=496797 ev=probe stage=stall set=frames tid=0x00000EC8 f0=exe+0x1A914FF f1=own+0x149533 f2=exe+0x39B4FB f3=exe+0x1A8222A
client level=info t=496797 ev=probe stage=stall set=stack tid=0x00003EB8 rip=0x7FFD69540E44 rsp=0xAAE3DFF9A8 window=2048
client level=info t=496797 ev=probe stage=stall set=frames tid=0x00003EB8 f0=exe+0x0 f1=exe+0x1F15A90 f2=exe+0x0 f3=exe+0x30FE80 f4=exe+0x30FED2 f5=exe+0x30FE80 f6=exe+0x30FE80 f7=exe+0x129869C
client level=info t=496797 ev=probe stage=stall set=stack tid=0x00000C7C rip=0x7FFD69541914 rsp=0xAADEDFEE48 window=2048
client level=info t=496797 ev=probe stage=stall set=stack tid=0x000038C8 rip=0x7FFD69541914 rsp=0xAADBDFE388 window=2048
client level=info t=496797 ev=probe stage=stall set=frames tid=0x000038C8 f0=exe+0x3E8155
client level=info t=496797 ev=probe stage=stall set=stack tid=0x00000854 rip=0x7FFD69541444 rsp=0xAAE45FFAF8 window=1024
client level=info t=496797 ev=probe stage=stall set=frames tid=0x00000854 f0=own+0x695AE8 f1=own+0x679B28 f2=own+0x679B08 f3=own+0x679B08 f4=own+0x679B28 f5=own+0x1DA9EB f6=own+0x679B08 f7=own+0x679B28
client level=info t=496797 ev=probe stage=stall set=stack tid=0x00002458 rip=0x7FFD69541444 rsp=0xAAE4DFF708 window=2048
client level=info t=496797 ev=probe stage=stall set=frames tid=0x00002458 f0=exe+0x30E50F0 f1=exe+0x173A58B f2=exe+0x31DA5A0 f3=exe+0x3537B3 f4=exe+0x31DA5A0 f5=exe+0x353874 f6=exe+0x31DA5A0 f7=exe+0x31DA5C4
client level=info t=496797 ev=probe stage=stall set=frames tid=0x00002458 f8=exe+0x3537D0 f9=exe+0x31DA5A0
client level=info t=496797 ev=probe stage=stall set=stack tid=0x00002F5C rip=0x7FFD69544A14 rsp=0xAAD35FFD98 window=2048
client level=info t=496797 ev=probe stage=stall set=stack tid=0x00004C98 rip=0x7FFD69541914 rsp=0xAAE51FF508 window=2048
client level=info t=496797 ev=probe stage=stall set=stack tid=0x000019A8 rip=0x7FFD69544A14 rsp=0xAAE55FEC98 window=2048
client level=info t=496797 ev=probe stage=stall set=frames tid=0x000019A8 f0=exe+0x7C97F8 f1=exe+0x294B57 f2=exe+0x0 f3=exe+0x91790 f4=exe+0x0 f5=exe+0x91790
client level=info t=496797 ev=probe stage=stall set=stack tid=0x00003F28 rip=0x7FFD69544A14 rsp=0xAAE59FF1B8 window=2048
client level=info t=496797 ev=probe stage=stall set=frames tid=0x00003F28 f0=exe+0x7C97F8 f1=exe+0x294B57 f2=exe+0x0 f3=exe+0x91790 f4=exe+0x0 f5=exe+0x91790
client level=info t=496797 ev=probe stage=stall set=stack tid=0x00001D60 rip=0x7FFD69544A14 rsp=0xAAE5DFEE78 window=2048
client level=info t=496797 ev=probe stage=stall set=frames tid=0x00001D60 f0=exe+0x7C97F8 f1=exe+0x294B57 f2=exe+0x0 f3=exe+0x91790 f4=exe+0x0 f5=exe+0x91790
client level=info t=496797 ev=probe stage=stall set=stack tid=0x00000A2C rip=0x7FFD69541914 rsp=0xAAE61FEE58 window=2048
client level=info t=496797 ev=probe stage=stall set=stack tid=0x000016C4 rip=0x7FFD69544A14 rsp=0xAAE65FF938 window=2048
client level=info t=496797 ev=probe stage=stall set=stack tid=0x00001D24 rip=0x7FFD69544A14 rsp=0xAAE69FF788 window=2048
client level=info t=496797 ev=probe stage=stall set=stack tid=0x000038B0 rip=0x7FFD69544A14 rsp=0xAAE6DFF588 window=2048
client level=info t=496797 ev=probe stage=stall set=stack tid=0x00004D30 rip=0x7FFD69544A14 rsp=0xAAE71FF9C8 window=2048
client level=info t=496797 ev=probe stage=stall set=stack tid=0x00004E08 rip=0x7FFD69541914 rsp=0xAAE75FF548 window=2048
client level=info t=496797 ev=probe stage=stall set=stack tid=0x00003DEC rip=0x7FFD69541914 rsp=0xAAE79FF568 window=2048
client level=info t=496797 ev=probe stage=stall set=stack tid=0x000040E8 rip=0x7FFD69544A14 rsp=0xAAE7DFFCF8 window=2048
client level=info t=496797 ev=probe stage=stall set=stack tid=0x00002840 rip=0x7FFD69541914 rsp=0xAAE81FEFE8 window=2048
client level=info t=496797 ev=probe stage=stall set=stack tid=0x000038E4 rip=0x7FFD69544A14 rsp=0xAAE85FF7B8 window=2048
client level=info t=496797 ev=probe stage=stall set=stack tid=0x00001DF4 rip=0x7FFD69541914 rsp=0xAAE89FF558 window=2048
client level=info t=496797 ev=probe stage=stall set=stack tid=0x000012CC rip=0x7FFD69544A14 rsp=0xAAE8DFFC68 window=2048
client level=info t=496797 ev=probe stage=stall set=stack tid=0x00004F8C rip=0x7FFD69541914 rsp=0xAAE91FF1C8 window=2048
client level=info t=496797 ev=probe stage=stall set=stack tid=0x00002818 rip=0x7FFD69544A14 rsp=0xAAE95FF6F8 window=2048
client level=info t=496797 ev=probe stage=stall set=stack tid=0x00004D70 rip=0x7FFD69544A14 rsp=0xAAE99FF758 window=2048
client level=info t=496797 ev=probe stage=stall set=stack tid=0x000040A0 rip=0x7FFD69544A74 rsp=0xAAD25FF6A8 window=2048
client level=info t=496797 ev=probe stage=stall set=stack tid=0x000033E0 rip=0x7FFD69544A74 rsp=0xAAD2DFF5D8 window=2048
client level=info t=496797 ev=probe stage=stall set=stack tid=0x00003B98 rip=0x7FFD69540EE4 rsp=0xAAD3DFFC48 window=512
client level=info t=496797 ev=probe stage=stall set=stack tid=0x00004CE0 rip=0x7FFD69541914 rsp=0xAAD29FF458 window=2048
client level=warn t=511813 ev=probe stage=stall result=detected idle=96454 count=34349
client level=info t=511828 ev=probe stage=stall set=stack tid=0x00000E98 rip=0x7FFD69540E44 rsp=0xAAD20FF5F8 window=2048
client level=info t=511828 ev=probe stage=stall set=frames tid=0x00000E98 f0=exe+0xB54BE2 f1=exe+0x302465 f2=exe+0xB58F1F f3=exe+0x1C151D8 f4=exe+0x0 f5=exe+0xB5268C f6=exe+0x80DA9B1 f7=exe+0x48564BA
client level=info t=511828 ev=probe stage=stall set=frames tid=0x00000E98 f8=exe+0x93FC7 f9=exe+0x0 f10=exe+0x1C151C8
client level=info t=511828 ev=probe stage=stall set=stack tid=0x0000262C rip=0x7FFD69544A74 rsp=0xAAD31FF478 window=2048
client level=info t=511828 ev=probe stage=stall set=stack tid=0x00002788 rip=0x7FFD69541444 rsp=0xAAD39FF168 window=2048
client level=info t=511828 ev=probe stage=stall set=frames tid=0x00002788 f0=exe+0x3AE580 f1=exe+0x622C856 f2=exe+0x3B1A77 f3=exe+0x3AFF70 f4=exe+0x4F5C89E f5=exe+0x47DA9CB f6=exe+0x0 f7=exe+0x3FB1A5A
client level=info t=511828 ev=probe stage=stall set=frames tid=0x00002788 f8=exe+0x69533FF
client level=info t=511828 ev=probe stage=stall set=stack tid=0x00004234 rip=0x7FFD69540E44 rsp=0xAAD45FF828 window=1024
client level=info t=511828 ev=probe stage=stall set=frames tid=0x00004234 f0=exe+0x1280280 f1=exe+0x0 f2=exe+0x242CD10 f3=exe+0x1280201 f4=exe+0x3023E5 f5=exe+0x348061 f6=exe+0x7CB8EAA f7=exe+0x7039128
client level=info t=511828 ev=probe stage=stall set=frames tid=0x00004234 f8=exe+0x128029D f9=exe+0x0 f10=exe+0x1280280 f11=exe+0x129869C
client level=info t=511828 ev=probe stage=stall set=stack tid=0x00002B48 rip=0x7FFD69541444 rsp=0xAAD49F2048 window=2048
client level=info t=511828 ev=probe stage=stall set=frames tid=0x00002B48 f0=exe+0x1299FD0 f1=exe+0x0 f2=exe+0x128038A f3=exe+0x31B159 f4=own+0x11C069 f5=exe+0x0 f6=own+0x11C73C f7=exe+0x1C81108
client level=info t=511828 ev=probe stage=stall set=frames tid=0x00002B48 f8=exe+0x2FCDAF f9=exe+0x1C81108 f10=exe+0x12989AE f11=exe+0x0 f12=own+0x11C8C6 f13=exe+0x1299FD0 f14=exe+0x129A511 f15=exe+0x1C81090
client level=info t=511828 ev=probe stage=stall set=stack tid=0x00003A28 rip=0x7FFD69540E44 rsp=0xAAD4DFF5A8 window=2048
client level=info t=511828 ev=probe stage=stall set=frames tid=0x00003A28 f0=exe+0x302465 f1=exe+0x31D073 f2=exe+0x2E7ABC0 f3=exe+0x31D0BA f4=exe+0x318894 f5=exe+0x20D6E38 f6=exe+0x31B241 f7=exe+0x3537B3
client level=info t=511828 ev=probe stage=stall set=frames tid=0x00003A28 f8=exe+0x20D6E38 f9=exe+0x20D6E38 f10=exe+0x353874 f11=exe+0x20D6E38 f12=exe+0x20D6E5C f13=exe+0x3537D0 f14=exe+0x20D6E38
client level=info t=511828 ev=probe stage=stall set=stack tid=0x00004A48 rip=0x7FFD69540E44 rsp=0xAAD51FFB68 window=1024
client level=info t=511828 ev=probe stage=stall set=frames tid=0x00004A48 f0=exe+0x302465 f1=exe+0x31D073 f2=exe+0x31D0BA f3=exe+0x318894 f4=exe+0x20D7A38 f5=exe+0x31B241 f6=exe+0x3537B3 f7=exe+0x20D7A38
client level=info t=511828 ev=probe stage=stall set=frames tid=0x00004A48 f8=exe+0x20D7A38 f9=exe+0x353874 f10=exe+0x20D7A38 f11=exe+0x20D7A5C f12=exe+0x3537D0 f13=exe+0x20D7A38
client level=info t=511828 ev=probe stage=stall set=stack tid=0x00001F70 rip=0x7FFD69540E44 rsp=0xAAD55FF708 window=2048
client level=info t=511828 ev=probe stage=stall set=frames tid=0x00001F70 f0=exe+0x2E5B380 f1=exe+0x302465 f2=exe+0x31D073 f3=exe+0x31D0BA f4=exe+0x318894 f5=exe+0x20D8638 f6=exe+0x31B241 f7=exe+0x3537B3
client level=info t=511828 ev=probe stage=stall set=frames tid=0x00001F70 f8=exe+0x20D8638 f9=exe+0x20D8638 f10=exe+0x353874 f11=exe+0x20D8638 f12=exe+0x20D865C f13=exe+0x3537D0 f14=exe+0x20D8638
client level=info t=511828 ev=probe stage=stall set=stack tid=0x000000A4 rip=0x7FFD69540E44 rsp=0xAAD59FF658 window=2048
client level=info t=511828 ev=probe stage=stall set=frames tid=0x000000A4 f0=exe+0x302465 f1=exe+0x31D073 f2=exe+0x31D0BA f3=exe+0x318894 f4=exe+0x20D9238 f5=exe+0x31B241 f6=exe+0x3537B3 f7=exe+0x20D9238
client level=info t=511828 ev=probe stage=stall set=frames tid=0x000000A4 f8=exe+0x20D9238 f9=exe+0x353874 f10=exe+0x20D9238 f11=exe+0x20D925C f12=exe+0x3537D0 f13=exe+0x20D9238
client level=info t=511828 ev=probe stage=stall set=stack tid=0x00003B74 rip=0x7FFD69541444 rsp=0xAAD5DFD6B8 window=2048
client level=info t=511828 ev=probe stage=stall set=frames tid=0x00003B74 f0=exe+0x20D9E80 f1=exe+0x20D9E80 f2=exe+0x3550FB f3=exe+0x20D9E38 f4=exe+0x1DC60C8 f5=exe+0x1DC60D4 f6=exe+0x1B87974 f7=exe+0x1DC60C8
client level=info t=511828 ev=probe stage=stall set=frames tid=0x00003B74 f8=exe+0x3537B3 f9=exe+0x35ECC44 f10=exe+0x3537B3 f11=exe+0x35ECC44 f12=exe+0x35ECC44 f13=exe+0x3537B3 f14=exe+0x35ECC44 f15=exe+0x353874
client level=info t=511828 ev=probe stage=stall set=stack tid=0x00000EF4 rip=0x7FFD69540E44 rsp=0xAAD61FFBB8 window=1024
client level=info t=511828 ev=probe stage=stall set=frames tid=0x00000EF4 f0=exe+0x2E5B620 f1=exe+0x302465 f2=exe+0x31D073 f3=exe+0x31D0BA f4=exe+0x318894 f5=exe+0x20DAA38 f6=exe+0x31B241 f7=exe+0x3537B3
client level=info t=511828 ev=probe stage=stall set=frames tid=0x00000EF4 f8=exe+0x20DAA38 f9=exe+0x20DAA38 f10=exe+0x353874 f11=exe+0x20DAA38 f12=exe+0x20DAA5C f13=exe+0x3537D0 f14=exe+0x20DAA38
client level=info t=511828 ev=probe stage=stall set=stack tid=0x00000564 rip=0x7FFD69540E44 rsp=0xAAD65FFB78 window=1024
client level=info t=511828 ev=probe stage=stall set=frames tid=0x00000564 f0=exe+0x302465 f1=exe+0x31D073 f2=exe+0x31D0BA f3=exe+0x318894 f4=exe+0x20EEE48 f5=exe+0x31B241 f6=exe+0x3537B3 f7=exe+0x20EEE48
client level=info t=511828 ev=probe stage=stall set=frames tid=0x00000564 f8=exe+0x20EEE48 f9=exe+0x353874 f10=exe+0x20EEE48 f11=exe+0x20EEE6C f12=exe+0x3537D0 f13=exe+0x20EEE48
client level=info t=511828 ev=probe stage=stall set=stack tid=0x00004A80 rip=0x7FFD69540E44 rsp=0xAAD69FF658 window=2048
client level=info t=511828 ev=probe stage=stall set=frames tid=0x00004A80 f0=exe+0x302465 f1=exe+0x31D073 f2=exe+0x31D0BA f3=exe+0x318894 f4=exe+0x20EFA48 f5=exe+0x31B241 f6=exe+0x3537B3 f7=exe+0x20EFA48
client level=info t=511828 ev=probe stage=stall set=frames tid=0x00004A80 f8=exe+0x20EFA48 f9=exe+0x353874 f10=exe+0x20EFA48 f11=exe+0x20EFA6C f12=exe+0x3537D0 f13=exe+0x20EFA48
client level=info t=511828 ev=probe stage=stall set=stack tid=0x00000E5C rip=0x7FFD69541444 rsp=0xAAD6DFF2B8 window=2048
client level=info t=511828 ev=probe stage=stall set=frames tid=0x00000E5C f0=exe+0x1AEBDFF
client level=info t=511828 ev=probe stage=stall set=stack tid=0x00004CC0 rip=0x7FFD69540E44 rsp=0xAAD71FFB08 window=2048
client level=info t=511828 ev=probe stage=stall set=frames tid=0x00004CC0 f0=exe+0x1AE9B80
client level=info t=511828 ev=probe stage=stall set=stack tid=0x00002514 rip=0x7FFD66761344 rsp=0xAAD75FFA58 window=2048
client level=info t=511828 ev=probe stage=stall set=frames tid=0x00002514 f0=exe+0x2686900 f1=exe+0x2686900 f2=exe+0x3C5F69 f3=exe+0x26869E0 f4=exe+0x26869E0 f5=exe+0x3BD893 f6=exe+0x26869E0 f7=exe+0x3BDA99
client level=info t=511828 ev=probe stage=stall set=frames tid=0x00002514 f8=exe+0x26869E0 f9=exe+0x3537B3 f10=exe+0x26869E0 f11=exe+0x353874 f12=exe+0x26869E0 f13=exe+0x2686A04 f14=exe+0x3537D0 f15=exe+0x26869E0
client level=info t=511828 ev=probe stage=stall set=stack tid=0x00000AE8 rip=0x7FFD66761344 rsp=0xAAD79FF988 window=2048
client level=info t=511828 ev=probe stage=stall set=frames tid=0x00000AE8 f0=exe+0x3BDA55 f1=exe+0x26869E0 f2=exe+0x26875E0 f3=exe+0x3537B3 f4=exe+0x26875E0 f5=exe+0x353874 f6=exe+0x26875E0 f7=exe+0x2687604
client level=info t=511828 ev=probe stage=stall set=frames tid=0x00000AE8 f8=exe+0x3537D0 f9=exe+0x26875E0
client level=info t=511828 ev=probe stage=stall set=stack tid=0x0000017C rip=0x7FFD69540EE4 rsp=0xAAD7DFF6E8 window=2048
client level=info t=511828 ev=probe stage=stall set=stack tid=0x00003488 rip=0x7FFD69544A14 rsp=0xAAD85FFD28 window=2048
client level=info t=511828 ev=probe stage=stall set=stack tid=0x0000131C rip=0x7FFD69544A14 rsp=0xAAD89FF828 window=2048
client level=info t=511828 ev=probe stage=stall set=stack tid=0x000001F8 rip=0x7FFD69540E44 rsp=0xAAD8DFF618 window=2048
client level=info t=511828 ev=probe stage=stall set=stack tid=0x00000F90 rip=0x7FFD69540E44 rsp=0xAAD81FF888 window=2048
client level=info t=511828 ev=probe stage=stall set=stack tid=0x00003A30 rip=0x7FFD69540E44 rsp=0xAAD91FF688 window=2048
client level=info t=511828 ev=probe stage=stall set=stack tid=0x00004A2C rip=0x7FFD69540E44 rsp=0xAAD95FF7E8 window=2048
client level=info t=511828 ev=probe stage=stall set=stack tid=0x00002CA4 rip=0x7FFD69540E44 rsp=0xAAD99FF898 window=2048
client level=info t=511828 ev=probe stage=stall set=stack tid=0x00004E98 rip=0x7FFD69540E44 rsp=0xAAD9DFF978 window=2048
client level=info t=511828 ev=probe stage=stall set=stack tid=0x000019C4 rip=0x7FFD69540E44 rsp=0xAADA1FF628 window=2048
client level=info t=511828 ev=probe stage=stall set=stack tid=0x0000458C rip=0x7FFD69540E44 rsp=0xAADA5FF618 window=2048
client level=info t=511828 ev=probe stage=stall set=stack tid=0x000015B0 rip=0x7FFD69540E44 rsp=0xAADA9FFBC8 window=2048
client level=info t=511828 ev=probe stage=stall set=stack tid=0x000015C8 rip=0x7FFD69540E44 rsp=0xAADADFF398 window=2048
client level=info t=511828 ev=probe stage=stall set=stack tid=0x00003DC8 rip=0x7FFD69540E44 rsp=0xAADB1FFA58 window=2048
client level=info t=511828 ev=probe stage=stall set=stack tid=0x0000318C rip=0x7FFD69544A14 rsp=0xAADB5FF968 window=2048
client level=info t=511828 ev=probe stage=stall set=stack tid=0x00002808 rip=0x7FFD69544A14 rsp=0xAADB9FF698 window=2048
client level=info t=511828 ev=probe stage=stall set=stack tid=0x00004FA8 rip=0x7FFD69541914 rsp=0xAADC1FF838 window=2048
client level=info t=511828 ev=probe stage=stall set=stack tid=0x00000480 rip=0x7FFD69540E44 rsp=0xAADC5FF8E8 window=2048
client level=info t=511828 ev=probe stage=stall set=stack tid=0x000033B0 rip=0x7FFD69540E44 rsp=0xAADC9FF9C8 window=2048
client level=info t=511828 ev=probe stage=stall set=stack tid=0x0000092C rip=0x7FFD69540E44 rsp=0xAADCDFF908 window=2048
client level=info t=511828 ev=probe stage=stall set=stack tid=0x00000BBC rip=0x7FFD69540E44 rsp=0xAADD1FFC58 window=2048
client level=info t=511828 ev=probe stage=stall set=stack tid=0x00004C3C rip=0x7FFD69540E44 rsp=0xAADD5FFD28 window=2048
client level=info t=511828 ev=probe stage=stall set=stack tid=0x00004C24 rip=0x7FFD69540E44 rsp=0xAADD9FF6E8 window=2048
client level=info t=511828 ev=probe stage=stall set=stack tid=0x000032D8 rip=0x7FFD69540E44 rsp=0xAADDDFFD18 window=2048
client level=info t=511828 ev=probe stage=stall set=stack tid=0x00003494 rip=0x7FFD69540E44 rsp=0xAADE1FFD88 window=512
client level=info t=511828 ev=probe stage=stall set=stack tid=0x00001E20 rip=0x7FFD69541444 rsp=0xAADE5FFCF8 window=512
client level=info t=511828 ev=probe stage=stall set=frames tid=0x00001E20 f0=exe+0x26869D0 f1=exe+0x11C7C5C f2=exe+0x2E5BEC2 f3=exe+0x3537B3 f4=exe+0x2E5BE90 f5=exe+0x2E5BE90 f6=exe+0x353874 f7=exe+0x2E5BE90
client level=info t=511828 ev=probe stage=stall set=frames tid=0x00001E20 f8=exe+0x2E5BEB4 f9=exe+0x3537D0 f10=exe+0x2E5BE90
client level=info t=511828 ev=probe stage=stall set=stack tid=0x00001BCC rip=0x7FFD69540E44 rsp=0xAADE9FFA28 window=2048
client level=info t=511828 ev=probe stage=stall set=frames tid=0x00001BCC f0=exe+0x2E79DE3 f1=exe+0x11DB4DB f2=exe+0x2E79DA0 f3=exe+0x3537B3 f4=exe+0x2E79DA0 f5=exe+0x353874 f6=exe+0x2E79DA0 f7=exe+0x2E79DC4
client level=info t=511828 ev=probe stage=stall set=frames tid=0x00001BCC f8=exe+0x3537D0 f9=exe+0x2E79DA0
client level=info t=511828 ev=probe stage=stall set=stack tid=0x000013A8 rip=0x7FFD69544A74 rsp=0xAADF5FFAD8 window=2048
client level=info t=511828 ev=probe stage=stall set=stack tid=0x000024B8 rip=0x7FFD69540E44 rsp=0xAADF9FF768 window=2048
client level=info t=511828 ev=probe stage=stall set=stack tid=0x000038CC rip=0x7FFD69540E44 rsp=0xAADFDFF6F8 window=2048
client level=info t=511828 ev=probe stage=stall set=stack tid=0x00004C08 rip=0x7FFD69540E44 rsp=0xAAE01FF9D8 window=2048
client level=info t=511828 ev=probe stage=stall set=stack tid=0x00001158 rip=0x7FFD69540E44 rsp=0xAAE05FF958 window=2048
client level=info t=511828 ev=probe stage=stall set=stack tid=0x00003458 rip=0x7FFD69540E44 rsp=0xAAE09FF838 window=2048
client level=info t=511828 ev=probe stage=stall set=stack tid=0x00004CE8 rip=0x7FFD69540E44 rsp=0xAAE0DFF678 window=2048
client level=info t=511828 ev=probe stage=stall set=stack tid=0x00004124 rip=0x7FFD69540E44 rsp=0xAAE11FFD48 window=2048
client level=info t=511828 ev=probe stage=stall set=stack tid=0x000006A0 rip=0x7FFD69540E44 rsp=0xAAE15FF9B8 window=2048
client level=info t=511828 ev=probe stage=stall set=stack tid=0x00002560 rip=0x7FFD69540E44 rsp=0xAAE19FFA18 window=1024
client level=info t=511828 ev=probe stage=stall set=stack tid=0x00000E90 rip=0x7FFD69540E44 rsp=0xAAE1DFF668 window=2048
client level=info t=511828 ev=probe stage=stall set=frames tid=0x00000E90 f0=exe+0x19F8801
client level=info t=511828 ev=probe stage=stall set=stack tid=0x00001F20 rip=0x7FFD69540E44 rsp=0xAAE21FFE58 window=256
client level=info t=511828 ev=probe stage=stall set=frames tid=0x00001F20 f0=exe+0x1A07446
client level=info t=511828 ev=probe stage=stall set=stack tid=0x00000CE0 rip=0x7FFD69541914 rsp=0xAAE25FFAB8 window=1024
client level=info t=511828 ev=probe stage=stall set=frames tid=0x00000CE0 f0=exe+0x1A40E63 f1=exe+0x1A41E30
client level=info t=511828 ev=probe stage=stall set=stack tid=0x00000360 rip=0x7FFD69541914 rsp=0xAAE31FF558 window=2048
client level=info t=511828 ev=probe stage=stall set=stack tid=0x0000240C rip=0x7FFD69541914 rsp=0xAAE35FF6D8 window=2048
client level=info t=511828 ev=probe stage=stall set=stack tid=0x00000EC8 rip=0x7FFD69540E44 rsp=0xAAE39FFB48 window=1024
client level=info t=511828 ev=probe stage=stall set=frames tid=0x00000EC8 f0=exe+0x1A914FF f1=own+0x149533 f2=exe+0x39B4FB f3=exe+0x1A8222A
client level=info t=511828 ev=probe stage=stall set=stack tid=0x00003EB8 rip=0x7FFD69540E44 rsp=0xAAE3DFF9A8 window=2048
client level=info t=511828 ev=probe stage=stall set=frames tid=0x00003EB8 f0=exe+0x0 f1=exe+0x1F15A90 f2=exe+0x0 f3=exe+0x30FE80 f4=exe+0x30FED2 f5=exe+0x30FE80 f6=exe+0x30FE80 f7=exe+0x129869C
client level=info t=511828 ev=probe stage=stall set=stack tid=0x00000C7C rip=0x7FFD69541914 rsp=0xAADEDFEE48 window=2048
client level=info t=511828 ev=probe stage=stall set=stack tid=0x000038C8 rip=0x7FFD69541914 rsp=0xAADBDFE388 window=2048
client level=info t=511828 ev=probe stage=stall set=frames tid=0x000038C8 f0=exe+0x3E8155
client level=info t=511828 ev=probe stage=stall set=stack tid=0x00000854 rip=0x7FFD69541444 rsp=0xAAE45FFAF8 window=1024
client level=info t=511828 ev=probe stage=stall set=frames tid=0x00000854 f0=own+0x695AE8 f1=own+0x679B28 f2=own+0x679B08 f3=own+0x679B08 f4=own+0x679B28 f5=own+0x1DA9EB f6=own+0x679B08 f7=own+0x679B28
client level=info t=511828 ev=probe stage=stall set=stack tid=0x00002458 rip=0x7FFD69541444 rsp=0xAAE4DFF708 window=2048
client level=info t=511828 ev=probe stage=stall set=frames tid=0x00002458 f0=exe+0x31DA0A0 f1=exe+0x173A58B f2=exe+0x31DA5A0 f3=exe+0x3537B3 f4=exe+0x31DA5A0 f5=exe+0x353874 f6=exe+0x31DA5A0 f7=exe+0x31DA5C4
client level=info t=511828 ev=probe stage=stall set=frames tid=0x00002458 f8=exe+0x3537D0 f9=exe+0x31DA5A0
client level=info t=511828 ev=probe stage=stall set=stack tid=0x00002F5C rip=0x7FFD69544A14 rsp=0xAAD35FFD98 window=2048
client level=info t=511828 ev=probe stage=stall set=stack tid=0x00004C98 rip=0x7FFD69541914 rsp=0xAAE51FF508 window=2048
client level=info t=511828 ev=probe stage=stall set=stack tid=0x000019A8 rip=0x7FFD69544A14 rsp=0xAAE55FEC98 window=2048
client level=info t=511828 ev=probe stage=stall set=frames tid=0x000019A8 f0=exe+0x7C97F8 f1=exe+0x294B57 f2=exe+0x0 f3=exe+0x91790 f4=exe+0x0 f5=exe+0x91790
client level=info t=511828 ev=probe stage=stall set=stack tid=0x00003F28 rip=0x7FFD69544A14 rsp=0xAAE59FF1B8 window=2048
client level=info t=511828 ev=probe stage=stall set=frames tid=0x00003F28 f0=exe+0x7C97F8 f1=exe+0x294B57 f2=exe+0x0 f3=exe+0x91790 f4=exe+0x0 f5=exe+0x91790
client level=info t=511828 ev=probe stage=stall set=stack tid=0x00001D60 rip=0x7FFD69544A14 rsp=0xAAE5DFEE78 window=2048
client level=info t=511828 ev=probe stage=stall set=frames tid=0x00001D60 f0=exe+0x7C97F8 f1=exe+0x294B57 f2=exe+0x0 f3=exe+0x91790 f4=exe+0x0 f5=exe+0x91790
client level=info t=511828 ev=probe stage=stall set=stack tid=0x00000A2C rip=0x7FFD69541914 rsp=0xAAE61FEE58 window=2048
client level=info t=511828 ev=probe stage=stall set=stack tid=0x000016C4 rip=0x7FFD69544A14 rsp=0xAAE65FF938 window=2048
client level=info t=511828 ev=probe stage=stall set=stack tid=0x00001D24 rip=0x7FFD69544A14 rsp=0xAAE69FF788 window=2048
client level=info t=511828 ev=probe stage=stall set=stack tid=0x000038B0 rip=0x7FFD69544A14 rsp=0xAAE6DFF588 window=2048
client level=info t=511828 ev=probe stage=stall set=stack tid=0x00004D30 rip=0x7FFD69544A14 rsp=0xAAE71FF9C8 window=2048
client level=info t=511828 ev=probe stage=stall set=stack tid=0x00004E08 rip=0x7FFD69541914 rsp=0xAAE75FF548 window=2048
client level=info t=511828 ev=probe stage=stall set=stack tid=0x00003DEC rip=0x7FFD69541914 rsp=0xAAE79FF568 window=2048
client level=info t=511828 ev=probe stage=stall set=stack tid=0x000040E8 rip=0x7FFD69544A14 rsp=0xAAE7DFFCF8 window=2048
client level=info t=511828 ev=probe stage=stall set=stack tid=0x00002840 rip=0x7FFD69541914 rsp=0xAAE81FEFE8 window=2048
client level=info t=511828 ev=probe stage=stall set=stack tid=0x000038E4 rip=0x7FFD69544A14 rsp=0xAAE85FF7B8 window=2048
client level=info t=511828 ev=probe stage=stall set=stack tid=0x00001DF4 rip=0x7FFD69541914 rsp=0xAAE89FF558 window=2048
client level=info t=511828 ev=probe stage=stall set=stack tid=0x000012CC rip=0x7FFD69544A14 rsp=0xAAE8DFFC68 window=2048
client level=info t=511828 ev=probe stage=stall set=stack tid=0x00004F8C rip=0x7FFD69541914 rsp=0xAAE91FF1C8 window=2048
client level=info t=511828 ev=probe stage=stall set=stack tid=0x00002818 rip=0x7FFD69544A14 rsp=0xAAE95FF6F8 window=2048
client level=info t=511828 ev=probe stage=stall set=stack tid=0x00004D70 rip=0x7FFD69544A14 rsp=0xAAE99FF758 window=2048
client level=info t=511828 ev=probe stage=stall set=stack tid=0x000040A0 rip=0x7FFD69544A74 rsp=0xAAD25FF6A8 window=2048
client level=info t=511828 ev=probe stage=stall set=stack tid=0x000033E0 rip=0x7FFD69544A74 rsp=0xAAD2DFF5D8 window=2048
client level=info t=511828 ev=probe stage=stall set=stack tid=0x00003B98 rip=0x7FFD69540EE4 rsp=0xAAD3DFFC48 window=512
client level=info t=511828 ev=probe stage=stall set=stack tid=0x00004CE0 rip=0x7FFD69541914 rsp=0xAAD29FF458 window=2048
client level=warn t=526844 ev=probe stage=stall result=detected idle=111485 count=34349
client level=info t=526859 ev=probe stage=stall set=stack tid=0x00000E98 rip=0x7FFD69540E44 rsp=0xAAD20FF5F8 window=2048
client level=info t=526859 ev=probe stage=stall set=frames tid=0x00000E98 f0=exe+0xB54BE2 f1=exe+0x302465 f2=exe+0xB58F1F f3=exe+0x1C151D8 f4=exe+0x0 f5=exe+0xB5268C f6=exe+0x80DA9B1 f7=exe+0x48564BA
client level=info t=526859 ev=probe stage=stall set=frames tid=0x00000E98 f8=exe+0x93FC7 f9=exe+0x0 f10=exe+0x1C151C8
client level=info t=526859 ev=probe stage=stall set=stack tid=0x0000262C rip=0x7FFD69544A74 rsp=0xAAD31FF478 window=2048
client level=info t=526859 ev=probe stage=stall set=stack tid=0x00002788 rip=0x7FFD69541444 rsp=0xAAD39FF168 window=2048
client level=info t=526859 ev=probe stage=stall set=frames tid=0x00002788 f0=exe+0x3B1A77 f1=exe+0x3AFF70 f2=exe+0x4F5C89E f3=exe+0x47DA9CB f4=exe+0x0 f5=exe+0x3FB1A5A f6=exe+0x69533FF
client level=info t=526859 ev=probe stage=stall set=stack tid=0x00004234 rip=0x7FFD69540E44 rsp=0xAAD45FF828 window=1024
client level=info t=526859 ev=probe stage=stall set=frames tid=0x00004234 f0=exe+0x1280280 f1=exe+0x0 f2=exe+0x242CD10 f3=exe+0x1280201 f4=exe+0x3023E5 f5=exe+0x348061 f6=exe+0x7CB8EAA f7=exe+0x7039128
client level=info t=526859 ev=probe stage=stall set=frames tid=0x00004234 f8=exe+0x128029D f9=exe+0x0 f10=exe+0x1280280 f11=exe+0x129869C
client level=info t=526859 ev=probe stage=stall set=stack tid=0x00002B48 rip=0x7FFD69541444 rsp=0xAAD49F2048 window=2048
client level=info t=526859 ev=probe stage=stall set=frames tid=0x00002B48 f0=exe+0x1299FD0 f1=exe+0x0 f2=exe+0x128038A f3=exe+0x31B159 f4=own+0x11C069 f5=exe+0x0 f6=own+0x11C73C f7=exe+0x1C81108
client level=info t=526859 ev=probe stage=stall set=frames tid=0x00002B48 f8=exe+0x2FCDAF f9=exe+0x1C81108 f10=exe+0x12989AE f11=exe+0x0 f12=own+0x11C8C6 f13=exe+0x1299FD0 f14=exe+0x129A511 f15=exe+0x1C81090
client level=info t=526859 ev=probe stage=stall set=stack tid=0x00003A28 rip=0x7FFD69540E44 rsp=0xAAD4DFF5A8 window=2048
client level=info t=526859 ev=probe stage=stall set=frames tid=0x00003A28 f0=exe+0x302465 f1=exe+0x31D073 f2=exe+0x2E7ABC0 f3=exe+0x31D0BA f4=exe+0x318894 f5=exe+0x20D6E38 f6=exe+0x31B241 f7=exe+0x3537B3
client level=info t=526859 ev=probe stage=stall set=frames tid=0x00003A28 f8=exe+0x20D6E38 f9=exe+0x20D6E38 f10=exe+0x353874 f11=exe+0x20D6E38 f12=exe+0x20D6E5C f13=exe+0x3537D0 f14=exe+0x20D6E38
client level=info t=526859 ev=probe stage=stall set=stack tid=0x00004A48 rip=0x7FFD69540E44 rsp=0xAAD51FFB68 window=1024
client level=info t=526859 ev=probe stage=stall set=frames tid=0x00004A48 f0=exe+0x302465 f1=exe+0x31D073 f2=exe+0x31D0BA f3=exe+0x318894 f4=exe+0x20D7A38 f5=exe+0x31B241 f6=exe+0x3537B3 f7=exe+0x20D7A38
client level=info t=526859 ev=probe stage=stall set=frames tid=0x00004A48 f8=exe+0x20D7A38 f9=exe+0x353874 f10=exe+0x20D7A38 f11=exe+0x20D7A5C f12=exe+0x3537D0 f13=exe+0x20D7A38
client level=info t=526859 ev=probe stage=stall set=stack tid=0x00001F70 rip=0x7FFD69540E44 rsp=0xAAD55FF708 window=2048
client level=info t=526859 ev=probe stage=stall set=frames tid=0x00001F70 f0=exe+0x2E5B380 f1=exe+0x302465 f2=exe+0x31D073 f3=exe+0x31D0BA f4=exe+0x318894 f5=exe+0x20D8638 f6=exe+0x31B241 f7=exe+0x3537B3
client level=info t=526859 ev=probe stage=stall set=frames tid=0x00001F70 f8=exe+0x20D8638 f9=exe+0x20D8638 f10=exe+0x353874 f11=exe+0x20D8638 f12=exe+0x20D865C f13=exe+0x3537D0 f14=exe+0x20D8638
client level=info t=526859 ev=probe stage=stall set=stack tid=0x000000A4 rip=0x7FFD69540E44 rsp=0xAAD59FF658 window=2048
client level=info t=526859 ev=probe stage=stall set=frames tid=0x000000A4 f0=exe+0x302465 f1=exe+0x31D073 f2=exe+0x31D0BA f3=exe+0x318894 f4=exe+0x20D9238 f5=exe+0x31B241 f6=exe+0x3537B3 f7=exe+0x20D9238
client level=info t=526859 ev=probe stage=stall set=frames tid=0x000000A4 f8=exe+0x20D9238 f9=exe+0x353874 f10=exe+0x20D9238 f11=exe+0x20D925C f12=exe+0x3537D0 f13=exe+0x20D9238
client level=info t=526859 ev=probe stage=stall set=stack tid=0x00003B74 rip=0x7FFD69541444 rsp=0xAAD5DFD6B8 window=2048
client level=info t=526859 ev=probe stage=stall set=frames tid=0x00003B74 f0=exe+0x20D9E80 f1=exe+0x20D9E80 f2=exe+0x3550FB f3=exe+0x20D9E38 f4=exe+0x1DC60C8 f5=exe+0x1DC60D4 f6=exe+0x1B87974 f7=exe+0x1DC60C8
client level=info t=526859 ev=probe stage=stall set=frames tid=0x00003B74 f8=exe+0x3537B3 f9=exe+0x35ECC44 f10=exe+0x3537B3 f11=exe+0x35ECC44 f12=exe+0x35ECC44 f13=exe+0x3537B3 f14=exe+0x35ECC44 f15=exe+0x353874
client level=info t=526859 ev=probe stage=stall set=stack tid=0x00000EF4 rip=0x7FFD69540E44 rsp=0xAAD61FFBB8 window=1024
client level=info t=526859 ev=probe stage=stall set=frames tid=0x00000EF4 f0=exe+0x2E5B620 f1=exe+0x302465 f2=exe+0x31D073 f3=exe+0x31D0BA f4=exe+0x318894 f5=exe+0x20DAA38 f6=exe+0x31B241 f7=exe+0x3537B3
client level=info t=526859 ev=probe stage=stall set=frames tid=0x00000EF4 f8=exe+0x20DAA38 f9=exe+0x20DAA38 f10=exe+0x353874 f11=exe+0x20DAA38 f12=exe+0x20DAA5C f13=exe+0x3537D0 f14=exe+0x20DAA38
client level=info t=526859 ev=probe stage=stall set=stack tid=0x00000564 rip=0x7FFD69540E44 rsp=0xAAD65FFB78 window=1024
client level=info t=526859 ev=probe stage=stall set=frames tid=0x00000564 f0=exe+0x302465 f1=exe+0x31D073 f2=exe+0x31D0BA f3=exe+0x318894 f4=exe+0x20EEE48 f5=exe+0x31B241 f6=exe+0x3537B3 f7=exe+0x20EEE48
client level=info t=526859 ev=probe stage=stall set=frames tid=0x00000564 f8=exe+0x20EEE48 f9=exe+0x353874 f10=exe+0x20EEE48 f11=exe+0x20EEE6C f12=exe+0x3537D0 f13=exe+0x20EEE48
client level=info t=526859 ev=probe stage=stall set=stack tid=0x00004A80 rip=0x7FFD69540E44 rsp=0xAAD69FF658 window=2048
client level=info t=526859 ev=probe stage=stall set=frames tid=0x00004A80 f0=exe+0x302465 f1=exe+0x31D073 f2=exe+0x31D0BA f3=exe+0x318894 f4=exe+0x20EFA48 f5=exe+0x31B241 f6=exe+0x3537B3 f7=exe+0x20EFA48
client level=info t=526859 ev=probe stage=stall set=frames tid=0x00004A80 f8=exe+0x20EFA48 f9=exe+0x353874 f10=exe+0x20EFA48 f11=exe+0x20EFA6C f12=exe+0x3537D0 f13=exe+0x20EFA48
client level=info t=526859 ev=probe stage=stall set=stack tid=0x00000E5C rip=0x7FFD69541444 rsp=0xAAD6DFF2B8 window=2048
client level=info t=526859 ev=probe stage=stall set=frames tid=0x00000E5C f0=exe+0x1AEBDFF
client level=info t=526859 ev=probe stage=stall set=stack tid=0x00004CC0 rip=0x7FFD69540E44 rsp=0xAAD71FFB08 window=2048
client level=info t=526859 ev=probe stage=stall set=frames tid=0x00004CC0 f0=exe+0x1AE9B80
client level=info t=526859 ev=probe stage=stall set=stack tid=0x00002514 rip=0x7FFD66761344 rsp=0xAAD75FFA58 window=2048
client level=info t=526859 ev=probe stage=stall set=frames tid=0x00002514 f0=exe+0x2686900 f1=exe+0x2686900 f2=exe+0x3C5F69 f3=exe+0x26869E0 f4=exe+0x26869E0 f5=exe+0x3BD893 f6=exe+0x26869E0 f7=exe+0x3BDA99
client level=info t=526859 ev=probe stage=stall set=frames tid=0x00002514 f8=exe+0x26869E0 f9=exe+0x3537B3 f10=exe+0x26869E0 f11=exe+0x353874 f12=exe+0x26869E0 f13=exe+0x2686A04 f14=exe+0x3537D0 f15=exe+0x26869E0
client level=info t=526859 ev=probe stage=stall set=stack tid=0x00000AE8 rip=0x7FFD66761344 rsp=0xAAD79FF988 window=2048
client level=info t=526859 ev=probe stage=stall set=frames tid=0x00000AE8 f0=exe+0x3BDA55 f1=exe+0x26869E0 f2=exe+0x26875E0 f3=exe+0x3537B3 f4=exe+0x26875E0 f5=exe+0x353874 f6=exe+0x26875E0 f7=exe+0x2687604
client level=info t=526859 ev=probe stage=stall set=frames tid=0x00000AE8 f8=exe+0x3537D0 f9=exe+0x26875E0
client level=info t=526859 ev=probe stage=stall set=stack tid=0x0000017C rip=0x7FFD69540EE4 rsp=0xAAD7DFF6E8 window=2048
client level=info t=526859 ev=probe stage=stall set=stack tid=0x00003488 rip=0x7FFD69544A14 rsp=0xAAD85FFD28 window=2048
client level=info t=526859 ev=probe stage=stall set=stack tid=0x0000131C rip=0x7FFD69544A14 rsp=0xAAD89FF828 window=2048
client level=info t=526859 ev=probe stage=stall set=stack tid=0x000001F8 rip=0x7FFD69540E44 rsp=0xAAD8DFF618 window=2048
client level=info t=526859 ev=probe stage=stall set=stack tid=0x00000F90 rip=0x7FFD69540E44 rsp=0xAAD81FF888 window=2048
client level=info t=526859 ev=probe stage=stall set=stack tid=0x00003A30 rip=0x7FFD69540E44 rsp=0xAAD91FF688 window=2048
client level=info t=526859 ev=probe stage=stall set=stack tid=0x00004A2C rip=0x7FFD69540E44 rsp=0xAAD95FF7E8 window=2048
client level=info t=526859 ev=probe stage=stall set=stack tid=0x00002CA4 rip=0x7FFD69540E44 rsp=0xAAD99FF898 window=2048
client level=info t=526859 ev=probe stage=stall set=stack tid=0x00004E98 rip=0x7FFD69540E44 rsp=0xAAD9DFF978 window=2048
client level=info t=526859 ev=probe stage=stall set=stack tid=0x000019C4 rip=0x7FFD69540E44 rsp=0xAADA1FF628 window=2048
client level=info t=526859 ev=probe stage=stall set=stack tid=0x0000458C rip=0x7FFD69540E44 rsp=0xAADA5FF618 window=2048
client level=info t=526859 ev=probe stage=stall set=stack tid=0x000015B0 rip=0x7FFD69540E44 rsp=0xAADA9FFBC8 window=2048
client level=info t=526859 ev=probe stage=stall set=stack tid=0x000015C8 rip=0x7FFD69540E44 rsp=0xAADADFF398 window=2048
client level=info t=526859 ev=probe stage=stall set=stack tid=0x00003DC8 rip=0x7FFD69540E44 rsp=0xAADB1FFA58 window=2048
client level=info t=526859 ev=probe stage=stall set=stack tid=0x0000318C rip=0x7FFD69544A14 rsp=0xAADB5FF968 window=2048
client level=info t=526859 ev=probe stage=stall set=stack tid=0x00002808 rip=0x7FFD69544A14 rsp=0xAADB9FF698 window=2048
client level=info t=526859 ev=probe stage=stall set=stack tid=0x00004FA8 rip=0x7FFD69541914 rsp=0xAADC1FF838 window=2048
client level=info t=526859 ev=probe stage=stall set=stack tid=0x00000480 rip=0x7FFD69540E44 rsp=0xAADC5FF8E8 window=2048
client level=info t=526859 ev=probe stage=stall set=stack tid=0x000033B0 rip=0x7FFD69540E44 rsp=0xAADC9FF9C8 window=2048
client level=info t=526859 ev=probe stage=stall set=stack tid=0x0000092C rip=0x7FFD69540E44 rsp=0xAADCDFF908 window=2048
client level=info t=526859 ev=probe stage=stall set=stack tid=0x00000BBC rip=0x7FFD69540E44 rsp=0xAADD1FFC58 window=2048
client level=info t=526859 ev=probe stage=stall set=stack tid=0x00004C3C rip=0x7FFD69540E44 rsp=0xAADD5FFD28 window=2048
client level=info t=526859 ev=probe stage=stall set=stack tid=0x00004C24 rip=0x7FFD69540E44 rsp=0xAADD9FF6E8 window=2048
client level=info t=526859 ev=probe stage=stall set=stack tid=0x000032D8 rip=0x7FFD69540E44 rsp=0xAADDDFFD18 window=2048
client level=info t=526859 ev=probe stage=stall set=stack tid=0x00003494 rip=0x7FFD69540E44 rsp=0xAADE1FFD88 window=512
client level=info t=526859 ev=probe stage=stall set=stack tid=0x00001E20 rip=0x7FFD69541444 rsp=0xAADE5FFCF8 window=512
client level=info t=526859 ev=probe stage=stall set=frames tid=0x00001E20 f0=exe+0x26869D0 f1=exe+0x11C7C5C f2=exe+0x2E5BEC2 f3=exe+0x3537B3 f4=exe+0x2E5BE90 f5=exe+0x2E5BE90 f6=exe+0x353874 f7=exe+0x2E5BE90
client level=info t=526859 ev=probe stage=stall set=frames tid=0x00001E20 f8=exe+0x2E5BEB4 f9=exe+0x3537D0 f10=exe+0x2E5BE90
client level=info t=526859 ev=probe stage=stall set=stack tid=0x00001BCC rip=0x7FFD69540E44 rsp=0xAADE9FFA28 window=2048
client level=info t=526859 ev=probe stage=stall set=frames tid=0x00001BCC f0=exe+0x2E79DE3 f1=exe+0x11DB4DB f2=exe+0x2E79DA0 f3=exe+0x3537B3 f4=exe+0x2E79DA0 f5=exe+0x353874 f6=exe+0x2E79DA0 f7=exe+0x2E79DC4
client level=info t=526859 ev=probe stage=stall set=frames tid=0x00001BCC f8=exe+0x3537D0 f9=exe+0x2E79DA0
client level=info t=526859 ev=probe stage=stall set=stack tid=0x000013A8 rip=0x7FFD69544A74 rsp=0xAADF5FFAD8 window=2048
client level=info t=526859 ev=probe stage=stall set=stack tid=0x000024B8 rip=0x7FFD69540E44 rsp=0xAADF9FF768 window=2048
client level=info t=526859 ev=probe stage=stall set=stack tid=0x000038CC rip=0x7FFD69540E44 rsp=0xAADFDFF6F8 window=2048
client level=info t=526859 ev=probe stage=stall set=stack tid=0x00004C08 rip=0x7FFD69540E44 rsp=0xAAE01FF9D8 window=2048
client level=info t=526859 ev=probe stage=stall set=stack tid=0x00001158 rip=0x7FFD69540E44 rsp=0xAAE05FF958 window=2048
client level=info t=526859 ev=probe stage=stall set=stack tid=0x00003458 rip=0x7FFD69540E44 rsp=0xAAE09FF838 window=2048
client level=info t=526859 ev=probe stage=stall set=stack tid=0x00004CE8 rip=0x7FFD69540E44 rsp=0xAAE0DFF678 window=2048
client level=info t=526859 ev=probe stage=stall set=stack tid=0x00004124 rip=0x7FFD69540E44 rsp=0xAAE11FFD48 window=2048
client level=info t=526859 ev=probe stage=stall set=stack tid=0x000006A0 rip=0x7FFD69540E44 rsp=0xAAE15FF9B8 window=2048
client level=info t=526859 ev=probe stage=stall set=stack tid=0x00002560 rip=0x7FFD69540E44 rsp=0xAAE19FFA18 window=1024
client level=info t=526859 ev=probe stage=stall set=stack tid=0x00000E90 rip=0x7FFD69540E44 rsp=0xAAE1DFF668 window=2048
client level=info t=526859 ev=probe stage=stall set=frames tid=0x00000E90 f0=exe+0x19F8801
client level=info t=526859 ev=probe stage=stall set=stack tid=0x00001F20 rip=0x7FFD69540E44 rsp=0xAAE21FFE58 window=256
client level=info t=526859 ev=probe stage=stall set=frames tid=0x00001F20 f0=exe+0x1A07446
client level=info t=526859 ev=probe stage=stall set=stack tid=0x00000CE0 rip=0x7FFD69541914 rsp=0xAAE25FFAB8 window=1024
client level=info t=526859 ev=probe stage=stall set=frames tid=0x00000CE0 f0=exe+0x1A40E63 f1=exe+0x1A41E30
client level=info t=526859 ev=probe stage=stall set=stack tid=0x00000360 rip=0x7FFD69541914 rsp=0xAAE31FF558 window=2048
client level=info t=526859 ev=probe stage=stall set=stack tid=0x0000240C rip=0x7FFD69541914 rsp=0xAAE35FF6D8 window=2048
client level=info t=526859 ev=probe stage=stall set=stack tid=0x00000EC8 rip=0x7FFD69540E44 rsp=0xAAE39FFB48 window=1024
client level=info t=526859 ev=probe stage=stall set=frames tid=0x00000EC8 f0=exe+0x1A914FF f1=own+0x149533 f2=exe+0x39B4FB f3=exe+0x1A8222A
client level=info t=526859 ev=probe stage=stall set=stack tid=0x00003EB8 rip=0x7FFD69540E44 rsp=0xAAE3DFF9A8 window=2048
client level=info t=526859 ev=probe stage=stall set=frames tid=0x00003EB8 f0=exe+0x0 f1=exe+0x1F15A90 f2=exe+0x0 f3=exe+0x30FE80 f4=exe+0x30FED2 f5=exe+0x30FE80 f6=exe+0x30FE80 f7=exe+0x129869C
client level=info t=526859 ev=probe stage=stall set=stack tid=0x00000C7C rip=0x7FFD69541914 rsp=0xAADEDFEE48 window=2048
client level=info t=526859 ev=probe stage=stall set=stack tid=0x000038C8 rip=0x7FFD69541914 rsp=0xAADBDFE388 window=2048
client level=info t=526859 ev=probe stage=stall set=frames tid=0x000038C8 f0=exe+0x3E8155
client level=info t=526859 ev=probe stage=stall set=stack tid=0x00000854 rip=0x7FFD69541444 rsp=0xAAE45FFAF8 window=1024
client level=info t=526859 ev=probe stage=stall set=frames tid=0x00000854 f0=own+0x695AE8 f1=own+0x679B28 f2=own+0x679B08 f3=own+0x679B08 f4=own+0x679B28 f5=own+0x1DA9EB f6=own+0x679B08 f7=own+0x679B28
client level=info t=526859 ev=probe stage=stall set=stack tid=0x00002458 rip=0x7FFD69541444 rsp=0xAAE4DFF708 window=2048
client level=info t=526859 ev=probe stage=stall set=frames tid=0x00002458 f0=exe+0x30E50F0 f1=exe+0x173A58B f2=exe+0x31DA5A0 f3=exe+0x3537B3 f4=exe+0x31DA5A0 f5=exe+0x353874 f6=exe+0x31DA5A0 f7=exe+0x31DA5C4
client level=info t=526859 ev=probe stage=stall set=frames tid=0x00002458 f8=exe+0x3537D0 f9=exe+0x31DA5A0
client level=info t=526859 ev=probe stage=stall set=stack tid=0x00002F5C rip=0x7FFD69544A14 rsp=0xAAD35FFD98 window=2048
client level=info t=526859 ev=probe stage=stall set=stack tid=0x00004C98 rip=0x7FFD69541914 rsp=0xAAE51FF508 window=2048
client level=info t=526859 ev=probe stage=stall set=stack tid=0x000019A8 rip=0x7FFD69544A14 rsp=0xAAE55FEC98 window=2048
client level=info t=526859 ev=probe stage=stall set=frames tid=0x000019A8 f0=exe+0x7C97F8 f1=exe+0x294B57 f2=exe+0x0 f3=exe+0x91790 f4=exe+0x0 f5=exe+0x91790
client level=info t=526859 ev=probe stage=stall set=stack tid=0x00003F28 rip=0x7FFD69544A14 rsp=0xAAE59FF1B8 window=2048
client level=info t=526859 ev=probe stage=stall set=frames tid=0x00003F28 f0=exe+0x7C97F8 f1=exe+0x294B57 f2=exe+0x0 f3=exe+0x91790 f4=exe+0x0 f5=exe+0x91790
client level=info t=526859 ev=probe stage=stall set=stack tid=0x00001D60 rip=0x7FFD69544A14 rsp=0xAAE5DFEE78 window=2048
client level=info t=526859 ev=probe stage=stall set=frames tid=0x00001D60 f0=exe+0x7C97F8 f1=exe+0x294B57 f2=exe+0x0 f3=exe+0x91790 f4=exe+0x0 f5=exe+0x91790
client level=info t=526859 ev=probe stage=stall set=stack tid=0x00000A2C rip=0x7FFD69541914 rsp=0xAAE61FEE58 window=2048
client level=info t=526859 ev=probe stage=stall set=stack tid=0x000016C4 rip=0x7FFD69544A14 rsp=0xAAE65FF938 window=2048
client level=info t=526859 ev=probe stage=stall set=stack tid=0x00001D24 rip=0x7FFD69544A14 rsp=0xAAE69FF788 window=2048
client level=info t=526859 ev=probe stage=stall set=stack tid=0x000038B0 rip=0x7FFD69544A14 rsp=0xAAE6DFF588 window=2048
client level=info t=526859 ev=probe stage=stall set=stack tid=0x00004D30 rip=0x7FFD69544A14 rsp=0xAAE71FF9C8 window=1024
client level=info t=526859 ev=probe stage=stall set=stack tid=0x000040E8 rip=0x7FFD69544A14 rsp=0xAAE7DFFCF8 window=512
client level=info t=526859 ev=probe stage=stall set=stack tid=0x000038E4 rip=0x7FFD69544A14 rsp=0xAAE85FF7B8 window=2048
client level=info t=526859 ev=probe stage=stall set=stack tid=0x000012CC rip=0x7FFD69544A14 rsp=0xAAE8DFFC68 window=512
client level=info t=526859 ev=probe stage=stall set=stack tid=0x00002818 rip=0x7FFD69544A14 rsp=0xAAE95FF6F8 window=2048
client level=info t=526859 ev=probe stage=stall set=stack tid=0x00004D70 rip=0x7FFD69544A14 rsp=0xAAE99FF758 window=2048
client level=info t=526859 ev=probe stage=stall set=stack tid=0x000040A0 rip=0x7FFD69544A74 rsp=0xAAD25FF6A8 window=2048
client level=info t=526859 ev=probe stage=stall set=stack tid=0x000033E0 rip=0x7FFD69544A74 rsp=0xAAD2DFF5D8 window=2048
client level=info t=526859 ev=probe stage=stall set=stack tid=0x00003B98 rip=0x7FFD69540EE4 rsp=0xAAD3DFFC48 window=2048
client level=info t=526859 ev=probe stage=stall set=stack tid=0x00004CE0 rip=0x7FFD69541914 rsp=0xAAD29FF458 window=2048
client level=info t=526859 ev=probe stage=stall set=stack tid=0x00002DD4 rip=0x7FFD69544A14 rsp=0xAAD41FFBE8 window=1024
client level=info t=526859 ev=probe stage=stall set=stack tid=0x00003474 rip=0x7FFD69541914 rsp=0xAADF1FF678 window=2048
