server level=info t=859 ev=mission_script stage=initialize result=enabled session=0 activity_row=0
server level=info t=859 ev=transport stage=listen result=ok port=30974
server level=info t=859 ev=gameplay stage=endpoint result=ok mode=embedded port=30976 ports=16 of=16
client level=info t=984 ev=package_trust stage=attach result=ok mode=package_integrity_bypass
client level=info t=1000 ev=bootflow_texture stage=attach count=18 result=ok
client level=info t=1000 ev=steam_init result=ok
client level=info t=1000 ev=hook stage=install group=egress count=31 result=ok
client level=info t=3484 ev=graphics stage=probe result=ok driver=hardware level=0xB000
client level=info t=3563 ev=cursor stage=install result=ok
client level=info t=3563 ev=polled_input stage=install result=ok
client level=info t=3563 ev=activate stage=graphics result=ok
client level=info t=3578 ev=activate stage=platform result=ok
client level=info t=3594 ev=renderer stage=init result=ok
client level=info t=3844 ev=bootstrap stage=token result=ok
client level=info t=3891 ev=investment stage=family5_commit result=ok
client level=info t=3891 ev=investment stage=install result=ok
client level=info t=3891 ev=activate stage=game_network result=ok
client level=info t=3891 ev=activate stage=package_keys result=ok
client level=info t=3891 ev=retail stage=install result=ok
client level=info t=3891 ev=assert stage=install result=ok
client level=info t=3922 ev=probe stage=hitch result=installed
client level=info t=3922 ev=probe stage=stall result=installed
client level=info t=3922 ev=probe stage=sense result=installed
client level=info t=4000 ev=async_io_guard stage=patch result=ok mode=cached_manager_owner
client level=info t=4000 ev=config_getter stage=install result=ok
client level=info t=4078 ev=bootflow stage=character_select result=ok
client level=info t=4078 ev=bootflow stage=slice_set result=ok
client level=info t=4078 ev=bootflow stage=composition result=ok
client level=info t=4078 ev=bootflow stage=orbit_handoff result=ok
client level=info t=4078 ev=bootflow stage=owner_slot result=ok
client level=info t=4078 ev=bootflow stage=region result=ok
client level=info t=4094 ev=bootflow stage=world_step result=ok
client level=info t=4109 ev=bootflow stage=current_slice result=ok
client level=info t=4156 ev=teleport stage=install result=ok
client level=info t=4172 ev=noclip stage=install result=ok
client level=info t=4203 ev=infinite_ammo stage=install result=ok
client level=info t=4219 ev=inactivity stage=install result=ok
client level=info t=4219 ev=queuez stage=notification result=ok
client level=info t=4234 ev=bitmap stage=ref_guard result=ok
client level=info t=4250 ev=probe stage=msg12 result=installed
client level=info t=4422 ev=probe stage=cine result=installed
client level=info t=4469 ev=probe stage=cine6 result=installed
client level=info t=4656 ev=world_objects stage=install result=ok
client level=info t=4656 ev=activate stage=main result=ok
client level=info t=4672 ev=nettick stage=resolve result=ok latch=0x00007FF68F5F0827
client level=info t=4672 ev=nettick stage=sample latch=1 callbacks=4
server level=info t=4672 ev=core stage=pump result=server_thread
client level=info t=4703 ev=pkg stage=abilities result=ok rows=12
client level=info t=4703 ev=build_data stage=items result=ok rows=15424
client level=info t=4719 ev=build_data stage=domains named=1 items=1 details=1 buckets=1 sockets=1 abilities=1 progressions=1 scenarios=1
client level=info t=4844 ev=inactivity stage=release result=noop
client level=info t=5875 ev=retail site=5 text=networking:stun: Created stun endpoint, advancing to DNS discovery
client level=info t=5891 ev=retail site=6 text=networking:stun: Using lookup type: [0]
client level=info t=5906 ev=retail site=6 text=networking:stun: Using lookup type: [0]
client level=info t=5922 ev=retail site=6 text=networking:stun: Using lookup type: [0]
client level=info t=5938 ev=retail site=6 text=networking:stun: Using lookup type: [0]
client level=info t=5953 ev=retail site=6 text=networking:stun: Using lookup type: [0]
client level=info t=5969 ev=retail site=6 text=networking:stun: Using lookup type: [0]
client level=info t=5984 ev=retail site=6 text=networking:stun: Using lookup type: [0]
client level=info t=6000 ev=retail site=6 text=networking:stun: Using lookup type: [0]
client level=info t=6000 ev=retail site=6 text=networking:stun: Using lookup type: [0]
client level=info t=6016 ev=retail site=6 text=networking:stun: Using lookup type: [0]
client level=info t=6031 ev=retail site=6 text=networking:stun: Using lookup type: [0]
client level=info t=6047 ev=retail site=6 text=networking:stun: Using lookup type: [0]
client level=info t=6063 ev=retail site=6 text=networking:stun: Using lookup type: [0]
client level=info t=6078 ev=retail site=6 text=networking:stun: Using lookup type: [0]
client level=info t=6094 ev=retail site=6 text=networking:stun: Using lookup type: [0]
client level=info t=6109 ev=retail site=6 text=networking:stun: Using lookup type: [0]
client level=info t=6125 ev=retail site=6 text=networking:stun: Using lookup type: [0]
client level=info t=6125 ev=retail site=6 text=networking:stun: Using lookup type: [0]
client level=info t=6125 ev=retail site=7 text=networking:stun: Selected stun server: [0] ip address: [127.0.0.1:3074] valid stun server count: [1]
client level=info t=6156 ev=retail site=8 text=networking:stun: client external ip address: [127.0.0.1:3097]
client level=info t=6188 ev=retail site=9 text=networking:stun: Reporting NAT type [1] and address [127.0.0.1:3097].
client level=info t=6672 ev=nettick stage=sample latch=1 callbacks=243
client level=info t=8672 ev=nettick stage=sample latch=1 callbacks=531
client level=info t=10672 ev=nettick stage=sample latch=1 callbacks=819
client level=info t=11766 ev=retail site=3 text=world_controller:state_manager: Entering state 'bootflow:start' for reason 'unavailable'.
client level=info t=12672 ev=nettick stage=sample latch=1 callbacks=1107
client level=info t=14672 ev=nettick stage=sample latch=1 callbacks=1395
client level=info t=16672 ev=nettick stage=sample latch=1 callbacks=1683
client level=info t=18672 ev=nettick stage=sample latch=1 callbacks=1971
client level=info t=20672 ev=nettick stage=sample latch=1 callbacks=2258
client level=info t=22672 ev=nettick stage=sample latch=1 callbacks=2546
client level=info t=24672 ev=nettick stage=sample latch=1 callbacks=2834
client level=info t=26672 ev=nettick stage=sample latch=1 callbacks=3121
client level=info t=28672 ev=nettick stage=sample latch=1 callbacks=3407
client level=info t=30672 ev=nettick stage=sample latch=1 callbacks=3695
client level=info t=32672 ev=nettick stage=sample latch=1 callbacks=3983
client level=info t=34672 ev=nettick stage=sample latch=1 callbacks=4271
client level=info t=36672 ev=nettick stage=sample latch=1 callbacks=4559
client level=info t=38672 ev=nettick stage=sample latch=1 callbacks=4844
client level=info t=40672 ev=nettick stage=sample latch=1 callbacks=5132
client level=info t=41313 ev=retail site=10 text=application_state: Suspend state changed from [active] to [partial]
client level=info t=42672 ev=nettick stage=sample latch=1 callbacks=5265
client level=info t=44672 ev=nettick stage=sample latch=1 callbacks=5325
client level=info t=46688 ev=nettick stage=sample latch=1 callbacks=5385
client level=info t=48266 ev=retail site=10 text=application_state: Suspend state changed from [partial] to [active]
client level=info t=48688 ev=nettick stage=sample latch=1 callbacks=5464
client level=info t=48703 ev=retail site=11 text=networking:link: Endpoint traffic is now: [disabled].
client level=info t=48703 ev=retail site=0 text=networking:UPnP: Resetting UPnP client.
client level=info t=48703 ev=retail site=3 text=world_controller:state_manager: Entering state 'bootflow:platform_signin' for reason 'unavailable'.
client level=info t=48703 ev=retail site=12 text=world_controller:retail_datamine: Timed operation: [ENUM(4)], took: [0 ms], average: [0.000000 ms], min: [0.000000], max: [0.000000], count: [1]
client level=info t=48703 ev=retail site=13 text=networking:logic:session: local user 0 set platform account id=unknown platform account id, live=1, online=1, free=0, user_content=1, friend_content=1
client level=info t=48703 ev=retail site=12 text=world_controller:retail_datamine: Timed operation: [ENUM(5)], took: [0 ms], average: [0.000000 ms], min: [0.000000], max: [0.000000], count: [1]
client level=info t=48703 ev=retail site=3 text=world_controller:state_manager: Entering state 'bootflow:platform_account_warnings' for reason 'unavailable'.
client level=info t=48703 ev=retail site=3 text=world_controller:state_manager: Entering state 'bootflow:enumerate_content_rights' for reason 'unavailable'.
client level=info t=48719 ev=retail site=3 text=world_controller:state_manager: Entering state 'bootflow:account_signin' for reason 'unavailable'.
server level=info t=48813 ev=http method=post route=signon result=ok
client level=info t=48813 ev=retail site=14 text=networking:signon:client: Server environment: live
client level=info t=48813 ev=retail site=15 text=networking:stun: Client external address from signon: [127.0.0.1:0].
client level=info t=48828 ev=retail site=16 text=world_controller:state:bootflow_account_signin_handler: Demonware lobby connection not desired, continuing without Demonware lobby connection.
client level=info t=48828 ev=retail site=12 text=world_controller:retail_datamine: Timed operation: [ENUM(8)], took: [100 ms], average: [100.000000 ms], min: [100.000000], max: [100.000000], count: [1]
client level=info t=48828 ev=retail site=17 text=networking:stun: Using STUN discovered address and NAT type.
client level=info t=48828 ev=retail site=18 text=world_controller:retail_datamine: Total time spent: [106] ms in world controller state: [7] name: [bootflow:account_signin]
client level=info t=48828 ev=retail site=3 text=world_controller:state_manager: Entering state 'bootflow:content_check' for reason 'unavailable'.
client level=info t=48828 ev=content_config stage=get route=manifest bytes=105232 result=ok
client level=info t=49000 ev=retail site=18 text=world_controller:retail_datamine: Total time spent: [164] ms in world controller state: [16] name: [bootflow:content_check]
client level=info t=49000 ev=retail site=3 text=world_controller:state_manager: Entering state 'bootflow:package_registration' for reason 'unavailable'.
client level=info t=50688 ev=nettick stage=sample latch=1 callbacks=5744
client level=info t=51703 ev=retail site=18 text=world_controller:retail_datamine: Total time spent: [2702] ms in world controller state: [21] name: [bootflow:package_registration]
client level=info t=51703 ev=retail site=3 text=world_controller:state_manager: Entering state 'bootflow:bap_signin' for reason 'unavailable'.
client level=info t=51703 ev=retail site=19 text=world_controller:task_manager: Started   task 'ENUM(0)'.
client level=info t=51703 ev=retail site=19 text=world_controller:task_manager: Started   task 'ENUM(1)'.
client level=info t=51703 ev=retail site=19 text=world_controller:task_manager: Started   task 'ENUM(2)'.
client level=info t=51703 ev=retail site=19 text=world_controller:task_manager: Started   task 'ENUM(3)'.
client level=info t=51703 ev=retail site=20 text=world_controller:task_manager: Completed task 'ENUM(3)' after '0ms'.
client level=info t=51703 ev=retail site=19 text=world_controller:task_manager: Started   task 'ENUM(4)'.
client level=info t=51703 ev=retail site=20 text=world_controller:task_manager: Completed task 'ENUM(4)' after '0ms'.
client level=info t=51703 ev=retail site=21 text=networking:server:bap: primary BAP server IP address: 1.0.0.127, port: 30974
server level=info t=51703 ev=transport stage=accept result=ok conn=1
client level=info t=51797 ev=retail site=20 text=world_controller:task_manager: Completed task 'ENUM(0)' after '104ms'.
client level=info t=51797 ev=retail site=12 text=world_controller:retail_datamine: Timed operation: [ENUM(13)], took: [104 ms], average: [104.000000 ms], min: [104.000000], max: [104.000000], count: [1]
client level=info t=52203 ev=retail site=20 text=world_controller:task_manager: Completed task 'ENUM(1)' after '500ms'.
client level=info t=52203 ev=retail site=19 text=world_controller:task_manager: Started   task 'ENUM(14)'.
client level=info t=52203 ev=retail site=20 text=world_controller:task_manager: Completed task 'ENUM(14)' after '14ms'.
client level=info t=52688 ev=nettick stage=sample latch=1 callbacks=6032
client level=info t=54594 ev=retail site=10 text=application_state: Suspend state changed from [active] to [partial]
client level=info t=54688 ev=nettick stage=sample latch=1 callbacks=6310
client level=info t=56047 ev=retail site=10 text=application_state: Suspend state changed from [partial] to [active]
client level=info t=56688 ev=nettick stage=sample latch=1 callbacks=6429
client level=info t=56813 ev=retail site=20 text=world_controller:task_manager: Completed task 'ENUM(2)' after '5117ms'.
client level=info t=56813 ev=retail site=19 text=world_controller:task_manager: Started   task 'ENUM(5)'.
client level=info t=56828 ev=retail site=20 text=world_controller:task_manager: Completed task 'ENUM(5)' after '15ms'.
client level=info t=56828 ev=retail site=19 text=world_controller:task_manager: Started   task 'ENUM(6)'.
client level=info t=56828 ev=retail site=19 text=world_controller:task_manager: Started   task 'ENUM(7)'.
client level=info t=56953 ev=retail site=20 text=world_controller:task_manager: Completed task 'ENUM(6)' after '124ms'.
client level=info t=56953 ev=retail site=12 text=world_controller:retail_datamine: Timed operation: [ENUM(11)], took: [139 ms], average: [139.000000 ms], min: [139.000000], max: [139.000000], count: [1]
client level=info t=57031 ev=retail site=20 text=world_controller:task_manager: Completed task 'ENUM(7)' after '208ms'.
client level=info t=57031 ev=retail site=19 text=world_controller:task_manager: Started   task 'ENUM(8)'.
client level=info t=57031 ev=retail site=20 text=world_controller:task_manager: Completed task 'ENUM(8)' after '0ms'.
client level=info t=57031 ev=retail site=19 text=world_controller:task_manager: Started   task 'ENUM(9)'.
client level=info t=57219 ev=retail site=20 text=world_controller:task_manager: Completed task 'ENUM(9)' after '187ms'.
client level=info t=57219 ev=retail site=19 text=world_controller:task_manager: Started   task 'ENUM(10)'.
client level=info t=57219 ev=retail site=19 text=world_controller:task_manager: Started   task 'ENUM(15)'.
client level=info t=57531 ev=retail site=20 text=world_controller:task_manager: Completed task 'ENUM(10)' after '313ms'.
client level=info t=57531 ev=retail site=19 text=world_controller:task_manager: Started   task 'ENUM(13)'.
client level=info t=57563 ev=retail site=10 text=application_state: Suspend state changed from [active] to [partial]
client level=info t=57672 ev=retail site=20 text=world_controller:task_manager: Completed task 'ENUM(13)' after '139ms'.
client level=info t=57672 ev=retail site=12 text=world_controller:retail_datamine: Timed operation: [ENUM(12)], took: [639 ms], average: [639.000000 ms], min: [639.000000], max: [639.000000], count: [1]
client level=info t=57875 ev=retail site=20 text=world_controller:task_manager: Completed task 'ENUM(15)' after '654ms'.
client level=info t=57875 ev=retail site=19 text=world_controller:task_manager: Started   task 'ENUM(16)'.
client level=info t=57875 ev=retail site=19 text=world_controller:task_manager: Started   task 'ENUM(17)'.
client level=info t=57875 ev=retail site=19 text=world_controller:task_manager: Started   task 'ENUM(18)'.
client level=info t=57875 ev=retail site=20 text=world_controller:task_manager: Completed task 'ENUM(18)' after '0ms'.
client level=info t=58109 ev=retail site=20 text=world_controller:task_manager: Completed task 'ENUM(16)' after '233ms'.
client level=info t=58719 ev=nettick stage=sample latch=1 callbacks=6579
client level=info t=59375 ev=retail site=20 text=world_controller:task_manager: Completed task 'ENUM(17)' after '1501ms'.
client level=info t=59375 ev=retail site=18 text=world_controller:retail_datamine: Total time spent: [7682] ms in world controller state: [22] name: [bootflow:bap_signin]
client level=info t=59375 ev=retail site=3 text=world_controller:state_manager: Entering state 'bootflow:investment_signin' for reason 'unavailable'.
client level=info t=59375 ev=retail site=22 text=world_controller:task_manager: Started   task 'ENUM(0)'.
client level=info t=59375 ev=retail site=22 text=world_controller:task_manager: Started   task 'ENUM(1)'.
client level=info t=59375 ev=retail site=23 text=world_controller:task_manager: Completed task 'ENUM(1)' after '0ms'.
client level=info t=59375 ev=retail site=22 text=world_controller:task_manager: Started   task 'ENUM(2)'.
client level=info t=59375 ev=retail site=22 text=world_controller:task_manager: Started   task 'ENUM(6)'.
client level=info t=59609 ev=retail site=23 text=world_controller:task_manager: Completed task 'ENUM(6)' after '235ms'.
client level=info t=60141 ev=retail site=23 text=world_controller:task_manager: Completed task 'ENUM(2)' after '770ms'.
client level=info t=60141 ev=retail site=22 text=world_controller:task_manager: Started   task 'ENUM(4)'.
client level=info t=60141 ev=retail site=22 text=world_controller:task_manager: Started   task 'ENUM(5)'.
client level=info t=60141 ev=retail site=23 text=world_controller:task_manager: Completed task 'ENUM(5)' after '0ms'.
client level=info t=60563 ev=retail site=24 text=world_controller: successfully changed world to: ambient_bootstrap
client level=info t=60563 ev=retail site=23 text=world_controller:task_manager: Completed task 'ENUM(4)' after '411ms'.
client level=info t=60719 ev=nettick stage=sample latch=1 callbacks=6636
client level=info t=60750 ev=lore_visibility result=applied conditions=24
client level=info t=60750 ev=retail site=25 text=content_table_patching: patch contents have been cleared
client level=warn t=61000 ev=queuez stage=notification result=skipped reason=null_payload
client level=info t=61000 ev=retail site=26 text=networking:investment:push:queuez: failed to process update for [family_type ENUM(0), family_root_soid 0x9EAA300100100100, version 0, flags 0x01, object_count 2]
client level=info t=61094 ev=retail site=23 text=world_controller:task_manager: Completed task 'ENUM(0)' after '1714ms'.
client level=info t=61094 ev=retail site=27 text=networking:link: Starting port collsion resolution for endpoint type: [2], using port: [2003], max attempts: [100], max upnp attempts: [6]
client level=info t=61094 ev=retail site=28 text=networking:port_collision_resolver: Starting port collision resolution for endpoint type: [2] port: [2003].
client level=info t=61094 ev=retail site=22 text=world_controller:task_manager: Started   task 'ENUM(7)'.
client level=info t=61094 ev=retail site=23 text=world_controller:task_manager: Completed task 'ENUM(7)' after '0ms'.
client level=info t=61094 ev=retail site=18 text=world_controller:retail_datamine: Total time spent: [1714] ms in world controller state: [23] name: [bootflow:investment_signin]
client level=info t=61094 ev=retail site=3 text=world_controller:state_manager: Entering state 'bootflow:prepare_for_orbit' for reason 'unavailable'.
client level=info t=61125 ev=retail site=29 text=networking:UPnP: Started UPnP client for port: [2003].
client level=info t=61453 ev=retail site=26 text=networking:investment:push:queuez: failed to process update for [family_type ENUM(0), family_root_soid 0x9EAA300100100100, version 0, flags 0x01, object_count 2]
client level=info t=62734 ev=nettick stage=sample latch=1 callbacks=6696
client level=info t=64094 ev=retail site=24 text=world_controller: successfully changed world to: orbit_d2
client level=info t=64500 ev=retail site=30 text=world_controller:state:prepare_for_orbit: Waiting for bubble host port collision resolution.
client level=info t=64734 ev=nettick stage=sample latch=1 callbacks=6751
client level=info t=66734 ev=nettick stage=sample latch=1 callbacks=6811
client level=info t=67203 ev=retail site=31 text=networking:UPnP: Client completed with status: [2], port: [2003].
client level=info t=67234 ev=retail site=32 text=networking:port_collision_resolver: Unsuccessful UPnP reservation, UPnP client state: [2], endpoint type: [2] port: [2003].
client level=info t=67234 ev=retail site=0 text=networking:UPnP: Resetting UPnP client.
client level=info t=67234 ev=retail site=33 text=networking:link: Swapping out endpoint type: [2] with collision resolved endpoint using port: [2003]
client level=info t=67266 ev=retail site=18 text=world_controller:retail_datamine: Total time spent: [6178] ms in world controller state: [25] name: [bootflow:prepare_for_orbit]
client level=info t=67266 ev=retail site=11 text=networking:link: Endpoint traffic is now: [enabled].
client level=info t=67266 ev=retail site=3 text=world_controller:state_manager: Entering state 'bootflow:rejoin_activity' for reason 'unavailable'.
client level=info t=67266 ev=retail site=18 text=world_controller:retail_datamine: Total time spent: [0] ms in world controller state: [26] name: [bootflow:rejoin_activity]
client level=info t=67266 ev=retail site=3 text=world_controller:state_manager: Entering state 'character:signin' for reason 'unavailable'.
client level=info t=67266 ev=bootflow stage=character_select result=held
client level=info t=68734 ev=nettick stage=sample latch=1 callbacks=6871
client level=info t=70734 ev=nettick stage=sample latch=1 callbacks=6931
client level=info t=72750 ev=nettick stage=sample latch=1 callbacks=6991
client level=info t=74750 ev=nettick stage=sample latch=1 callbacks=7051
client level=info t=76750 ev=nettick stage=sample latch=1 callbacks=7111
client level=info t=78750 ev=nettick stage=sample latch=1 callbacks=7171
client level=info t=80750 ev=nettick stage=sample latch=1 callbacks=7231
client level=info t=82766 ev=nettick stage=sample latch=1 callbacks=7291
client level=info t=84766 ev=nettick stage=sample latch=1 callbacks=7351
client level=info t=86766 ev=nettick stage=sample latch=1 callbacks=7411
client level=info t=88766 ev=nettick stage=sample latch=1 callbacks=7471
client level=info t=90766 ev=nettick stage=sample latch=1 callbacks=7531
client level=info t=92766 ev=nettick stage=sample latch=1 callbacks=7591
server level=info t=94281 ev=ws701 stage=profile_setup result=complete
client level=info t=94781 ev=nettick stage=sample latch=1 callbacks=7651
client level=info t=96781 ev=nettick stage=sample latch=1 callbacks=7711
client level=info t=98781 ev=nettick stage=sample latch=1 callbacks=7771
client level=info t=100781 ev=nettick stage=sample latch=1 callbacks=7831
client level=info t=102781 ev=nettick stage=sample latch=1 callbacks=7891
client level=info t=104797 ev=nettick stage=sample latch=1 callbacks=7951
client level=info t=105453 ev=retail site=10 text=application_state: Suspend state changed from [partial] to [active]
client level=info t=106281 ev=retail site=26 text=networking:investment:push:queuez: failed to process update for [family_type ENUM(0), family_root_soid 0x9EAA300100100100, version 1, flags 0x01, object_count 2]
client level=info t=106313 ev=retail site=18 text=world_controller:retail_datamine: Total time spent: [39039] ms in world controller state: [27] name: [character:signin]
client level=info t=106313 ev=retail site=12 text=world_controller:retail_datamine: Timed operation: [ENUM(15)], took: [39039 ms], average: [39039.000000 ms], min: [39039.000000], max: [39039.000000], count: [1]
client level=info t=106313 ev=retail site=3 text=world_controller:state_manager: Entering state 'cleanup' for reason 'unavailable'.
client level=info t=106313 ev=retail site=34 text=world_controller:state:cleanup: Requested task mask: '0x00e0010c30fbdf3c'
client level=info t=106313 ev=retail site=35 text=world_controller:task_manager: Started   task 'ENUM(2)'.
client level=info t=106313 ev=retail site=36 text=world_controller:task_manager: Completed task 'ENUM(2)' after '0ms'.
client level=info t=106313 ev=retail site=35 text=world_controller:task_manager: Started   task 'ENUM(3)'.
client level=info t=106313 ev=retail site=36 text=world_controller:task_manager: Completed task 'ENUM(3)' after '0ms'.
client level=info t=106313 ev=retail site=35 text=world_controller:task_manager: Started   task 'ENUM(4)'.
client level=info t=106313 ev=retail site=36 text=world_controller:task_manager: Completed task 'ENUM(4)' after '0ms'.
client level=info t=106313 ev=retail site=35 text=world_controller:task_manager: Started   task 'ENUM(5)'.
client level=info t=106313 ev=retail site=36 text=world_controller:task_manager: Completed task 'ENUM(5)' after '0ms'.
client level=info t=106313 ev=retail site=35 text=world_controller:task_manager: Started   task 'ENUM(8)'.
client level=info t=106313 ev=retail site=37 text=networking:session: [fireteam:00000000:00000000] session state is changing from 'none' to 'host-established'.
client level=info t=106313 ev=retail site=35 text=world_controller:task_manager: Started   task 'ENUM(10)'.
client level=info t=106313 ev=retail site=36 text=world_controller:task_manager: Completed task 'ENUM(10)' after '0ms'.
client level=info t=106313 ev=retail site=35 text=world_controller:task_manager: Started   task 'ENUM(11)'.
client level=info t=106313 ev=retail site=36 text=world_controller:task_manager: Completed task 'ENUM(11)' after '0ms'.
client level=info t=106313 ev=retail site=35 text=world_controller:task_manager: Started   task 'ENUM(12)'.
client level=info t=106313 ev=retail site=36 text=world_controller:task_manager: Completed task 'ENUM(12)' after '0ms'.
client level=info t=106313 ev=retail site=35 text=world_controller:task_manager: Started   task 'ENUM(14)'.
client level=info t=106313 ev=retail site=36 text=world_controller:task_manager: Completed task 'ENUM(14)' after '0ms'.
client level=info t=106313 ev=retail site=35 text=world_controller:task_manager: Started   task 'ENUM(15)'.
client level=info t=106313 ev=retail site=36 text=world_controller:task_manager: Completed task 'ENUM(15)' after '0ms'.
client level=info t=106313 ev=retail site=35 text=world_controller:task_manager: Started   task 'ENUM(16)'.
client level=info t=106313 ev=retail site=36 text=world_controller:task_manager: Completed task 'ENUM(16)' after '0ms'.
client level=info t=106313 ev=retail site=35 text=world_controller:task_manager: Started   task 'ENUM(17)'.
client level=info t=106313 ev=retail site=35 text=world_controller:task_manager: Started   task 'ENUM(19)'.
client level=info t=106313 ev=retail site=35 text=world_controller:task_manager: Started   task 'ENUM(20)'.
client level=info t=106313 ev=retail site=36 text=world_controller:task_manager: Completed task 'ENUM(20)' after '0ms'.
client level=info t=106313 ev=retail site=35 text=world_controller:task_manager: Started   task 'ENUM(21)'.
client level=info t=106313 ev=retail site=35 text=world_controller:task_manager: Started   task 'ENUM(28)'.
client level=info t=106313 ev=retail site=38 text=world_controller:retail_datamine: About to attempt retail log upload. We have '163' events, dropped '0' from THIS session due to upload cap, and have '39' unique event IDs.
client level=info t=106313 ev=retail site=35 text=world_controller:task_manager: Started   task 'ENUM(29)'.
client level=info t=106313 ev=retail site=36 text=world_controller:task_manager: Completed task 'ENUM(29)' after '0ms'.
client level=info t=106313 ev=retail site=35 text=world_controller:task_manager: Started   task 'ENUM(34)'.
client level=info t=106313 ev=retail site=36 text=world_controller:task_manager: Completed task 'ENUM(34)' after '0ms'.
client level=info t=106313 ev=retail site=35 text=world_controller:task_manager: Started   task 'ENUM(54)'.
client level=info t=106313 ev=retail site=36 text=world_controller:task_manager: Completed task 'ENUM(54)' after '0ms'.
client level=info t=106313 ev=retail site=35 text=world_controller:task_manager: Started   task 'ENUM(55)'.
client level=info t=106313 ev=retail site=39 text=world_controller:state:cleanup: After 0ms, status: '2', tasks active: '0x00800000102a0100', pending: '0x0020010800c00200', requested: '0x00e0010c30fbdf3c'
client level=info t=106313 ev=retail site=40 text=networking:session:membership:dump: [fireteam:00000000:00000000] update_number: 7, leader_peer_index: # 0, host_peer_index: # 0
client level=info t=106313 ev=retail site=41 text=networking:session:membership:dump:   peers valid: 0x1, non-dormant: 0x1, changed: 0x1, removed: 0x0; players valid: 0x1, changed: 0x0, removed: 0x0
client level=info t=106313 ev=retail site=42 text=networking:session:membership:dump:   peer # 0 a=[steamid:76561198776753861#68f45249fadf0082] s=            _joining o=-1 j=[58F2EE08-BE30AE3C] amb=[XXXXXXXX-XXXXXXXX] pc=1 peer_name=<UNKNOWN PEER NAME> session_id= flags=0
client level=info t=106422 ev=retail site=24 text=world_controller: successfully changed world to:
client level=info t=106422 ev=retail site=36 text=world_controller:task_manager: Completed task 'ENUM(19)' after '115ms'.
client level=info t=106422 ev=retail site=36 text=world_controller:task_manager: Completed task 'ENUM(21)' after '115ms'.
client level=info t=106422 ev=retail site=35 text=world_controller:task_manager: Started   task 'ENUM(22)'.
client level=info t=106422 ev=retail site=35 text=world_controller:task_manager: Started   task 'ENUM(23)'.
client level=info t=106422 ev=retail site=36 text=world_controller:task_manager: Completed task 'ENUM(23)' after '0ms'.
client level=info t=106422 ev=retail site=36 text=world_controller:task_manager: Completed task 'ENUM(28)' after '115ms'.
client level=info t=106422 ev=retail site=35 text=world_controller:task_manager: Started   task 'ENUM(53)'.
client level=info t=106422 ev=retail site=36 text=world_controller:task_manager: Completed task 'ENUM(17)' after '117ms'.
client level=info t=106422 ev=retail site=36 text=world_controller:task_manager: Completed task 'ENUM(55)' after '119ms'.
client level=info t=106422 ev=retail site=43 text=networking:session:process-pending-joins: [fireteam:63A4C2BD:F2E398F6] marking all peers in join [58F2EE08-BE30AE3C] as joined
client level=info t=106422 ev=retail site=40 text=networking:session:membership:dump: [fireteam:63A4C2BD:F2E398F6] update_number: 11, leader_peer_index: # 0, host_peer_index: # 0
client level=info t=106422 ev=retail site=41 text=networking:session:membership:dump:   peers valid: 0x1, non-dormant: 0x1, changed: 0x1, removed: 0x0; players valid: 0x1, changed: 0x0, removed: 0x0
client level=info t=106422 ev=retail site=42 text=networking:session:membership:dump:   peer # 0 a=[steamid:76561198776753861#68f45249fadf0082] s=            _waiting o=-1 j=[58F2EE08-BE30AE3C] amb=[XXXXXXXX-XXXXXXXX] pc=1 peer_name=<UNKNOWN PEER NAME> session_id= flags=0
client level=info t=106422 ev=retail site=44 text=networking:session:process-pending-joins: [fireteam:63A4C2BD:F2E398F6] marking all peers in join [58F2EE08-BE30AE3C] as ready, [120] ms since peer [0] created, [106523] since join was queued
client level=info t=106422 ev=retail site=40 text=networking:session:membership:dump: [fireteam:63A4C2BD:F2E398F6] update_number: 12, leader_peer_index: # 0, host_peer_index: # 0
client level=info t=106422 ev=retail site=41 text=networking:session:membership:dump:   peers valid: 0x1, non-dormant: 0x1, changed: 0x1, removed: 0x0; players valid: 0x1, changed: 0x0, removed: 0x0
client level=info t=106422 ev=retail site=42 text=networking:session:membership:dump:   peer # 0 a=[steamid:76561198776753861#68f45249fadf0082] s=              _ready o=-1 j=[58F2EE08-BE30AE3C] amb=[XXXXXXXX-XXXXXXXX] pc=1 peer_name=<UNKNOWN PEER NAME> session_id= flags=0
client level=info t=106422 ev=retail site=45 text=networking:session:process-pending-joins: [fireteam:63A4C2BD:F2E398F6] marking all peers in join [58F2EE08-BE30AE3C] as established
client level=info t=106422 ev=retail site=40 text=networking:session:membership:dump: [fireteam:63A4C2BD:F2E398F6] update_number: 14, leader_peer_index: # 0, host_peer_index: # 0
client level=info t=106422 ev=retail site=41 text=networking:session:membership:dump:   peers valid: 0x1, non-dormant: 0x1, changed: 0x1, removed: 0x0; players valid: 0x1, changed: 0x0, removed: 0x0
client level=info t=106422 ev=retail site=42 text=networking:session:membership:dump:   peer # 0 a=[steamid:76561198776753861#68f45249fadf0082] s=        _established o=-1 j=[XXXXXXXX-XXXXXXXX] amb=[XXXXXXXX-XXXXXXXX] pc=1 peer_name=<UNKNOWN PEER NAME> session_id= flags=0
client level=info t=106438 ev=retail site=36 text=world_controller:task_manager: Completed task 'ENUM(8)' after '121ms'.
client level=info t=106438 ev=retail site=35 text=world_controller:task_manager: Started   task 'ENUM(9)'.
client level=info t=106438 ev=retail site=36 text=world_controller:task_manager: Completed task 'ENUM(9)' after '0ms'.
client level=info t=106438 ev=retail site=40 text=networking:session:membership:dump: [fireteam:63A4C2BD:F2E398F6] update_number: 16, leader_peer_index: # 0, host_peer_index: # 0
client level=info t=106438 ev=retail site=41 text=networking:session:membership:dump:   peers valid: 0x1, non-dormant: 0x1, changed: 0xffffffff, removed: 0x0; players valid: 0x1, changed: 0xffffffff, removed: 0x0
client level=info t=106438 ev=retail site=42 text=networking:session:membership:dump:   peer # 0 a=[steamid:76561198776753861#68f45249fadf0082] s=        _established o=-1 j=[XXXXXXXX-XXXXXXXX] amb=[XXXXXXXX-XXXXXXXX] pc=1 peer_name=<UNKNOWN PEER NAME> session_id=Tue_09082026_214723_021716@x64@unknown_pc_user@B0_A1_25_FC_EC_00_F935 flags=0
client level=info t=106516 ev=retail site=36 text=world_controller:task_manager: Completed task 'ENUM(22)' after '92ms'.
client level=info t=106516 ev=retail site=35 text=world_controller:task_manager: Started   task 'ENUM(35)'.
client level=info t=106516 ev=retail site=35 text=world_controller:task_manager: Started   task 'ENUM(40)'.
client level=info t=106516 ev=retail site=36 text=world_controller:task_manager: Completed task 'ENUM(40)' after '0ms'.
client level=info t=106703 ev=retail site=24 text=world_controller: successfully changed world to: orbit_d2
client level=info t=106703 ev=retail site=36 text=world_controller:task_manager: Completed task 'ENUM(35)' after '194ms'.
server level=info t=106734 ev=queuez stage=translate result=paired kind=account identity=0x0110000130AA9EC5 soid=0x9EAA300100100100
server level=info t=106734 ev=ws701 stage=profile_setup result=complete
server level=info t=106734 ev=activity stage=writeback result=ok world_state=0
server level=info t=106750 ev=queuez stage=social_roster result=ok soid=0x9EAA300100100100 objects=2 bytes=176 emblem=1273 hash=0x71B4CC1A
client level=info t=106797 ev=nettick stage=sample latch=1 callbacks=8369
client level=info t=107250 ev=retail site=36 text=world_controller:task_manager: Completed task 'ENUM(53)' after '829ms'.
client level=info t=107250 ev=retail site=18 text=world_controller:retail_datamine: Total time spent: [944] ms in world controller state: [28] name: [cleanup]
client level=info t=107250 ev=retail site=3 text=world_controller:state_manager: Entering state 'setup:orbit' for reason 'unavailable'.
client level=info t=107250 ev=retail site=46 text=world_controller:slice_set_transition_manager: Mode changed from 'disabled' to 'fully_enabled'.
client level=info t=107250 ev=retail site=12 text=world_controller:retail_datamine: Timed operation: [ENUM(14)], took: [58553 ms], average: [58553.000000 ms], min: [58553.000000], max: [58553.000000], count: [1]
client level=info t=107250 ev=retail site=47 text=world_controller:slice_set_transition_manager: Failed to find the Orbit slice-set name for destination 'HASH(0x13a023bc)', so we're falling back to a new character (Orbit destination 'HASH(0x59ad083e)', slice-set 'HASH(0x841b4ef7)').
client level=info t=107250 ev=retail site=48 text=world_controller:slice_set_transition_manager: Starting a new transition of type 'transitioning:orbit' to 'PRV24.24 (HASH: 0x841b4ef7)'; token advanced to 001
client level=info t=107484 ev=bootflow stage=orbit_handoff result=native
client level=info t=107500 ev=retail site=49 text=world_controller:slice_set_transition_manager: Stopping transition of type 'transitioning:orbit' due to completed
server level=info t=107656 ev=ws701 stage=profile_setup result=complete
server level=info t=107656 ev=activity stage=writeback result=ok world_state=0
client level=info t=108797 ev=nettick stage=sample latch=1 callbacks=9214
client level=info t=110797 ev=nettick stage=sample latch=1 callbacks=9851
client level=info t=112797 ev=nettick stage=sample latch=1 callbacks=10427
client level=info t=114797 ev=nettick stage=sample latch=1 callbacks=10929
client level=info t=115719 ev=retail site=10 text=application_state: Suspend state changed from [active] to [partial]
client level=info t=116797 ev=nettick stage=sample latch=1 callbacks=11197
client level=info t=117422 ev=retail site=18 text=world_controller:retail_datamine: Total time spent: [10172] ms in world controller state: [29] name: [setup:orbit]
client level=info t=117422 ev=retail site=46 text=world_controller:slice_set_transition_manager: Mode changed from 'fully_enabled' to 'disabled'.
client level=info t=117422 ev=retail site=50 text=networking:online:matchmaking: Active matchmaking interface type: 0
client level=info t=117422 ev=retail site=3 text=world_controller:state_manager: Entering state 'setup:activity_session_creation' for reason 'unavailable'.
client level=info t=117422 ev=retail site=51 text=world_controller:task_manager: Started   task 'ENUM(0)'.
client level=info t=117422 ev=retail site=51 text=world_controller:task_manager: Started   task 'ENUM(4)'.
client level=info t=117422 ev=retail site=52 text=world_controller:task_manager: Completed task 'ENUM(4)' after '0ms'.
client level=info t=117422 ev=retail site=53 text=world_controller:state:activity_session_creation: Waiting for session peer properties to be in the expected state (no AH ids). FT [EXPECTED], POSSE [WAITING]
client level=info t=117422 ev=retail site=51 text=world_controller:task_manager: Started   task 'ENUM(5)'.
client level=info t=117531 ev=retail site=50 text=networking:online:matchmaking: Active matchmaking interface type: 0
client level=info t=117531 ev=retail site=52 text=world_controller:task_manager: Completed task 'ENUM(0)' after '100ms'.
client level=info t=117531 ev=retail site=51 text=world_controller:task_manager: Started   task 'ENUM(1)'.
server level=info t=117531 ev=bap svc=42 stage=configuration result=ok activity_hash=0xF7E8ADC5 type_hash=0xD07BB2D7 activity=7 name=eden_freeroam current_activity_policy=0 changed=0
client level=info t=117625 ev=retail site=52 text=world_controller:task_manager: Completed task 'ENUM(1)' after '100ms'.
client level=info t=117625 ev=retail site=51 text=world_controller:task_manager: Started   task 'ENUM(2)'.
client level=info t=117656 ev=retail site=40 text=networking:session:membership:dump: [posse:00000000:00000000] update_number: 2, leader_peer_index: # 0, host_peer_index: # 0
client level=info t=117656 ev=retail site=41 text=networking:session:membership:dump:   peers valid: 0x1, non-dormant: 0x1, changed: 0x1, removed: 0x0; players valid: 0x1, changed: 0x0, removed: 0x0
client level=info t=117656 ev=retail site=42 text=networking:session:membership:dump:   peer # 0 a=[steamid:76561198776753861#68f45249fadf0082] s=          _connected o=-1 j=[XXXXXXXX-XXXXXXXX] amb=[XXXXXXXX-XXXXXXXX] pc=1 peer_name=<UNKNOWN PEER NAME> session_id=Tue_09082026_214723_021716@x64@unknown_pc_user@B0_A1_25_FC_EC_00_F935 flags=4
client level=info t=117656 ev=retail site=37 text=networking:session: [posse:00000000:00000000] session state is changing from 'none' to 'host-established'.
client level=info t=117656 ev=retail site=54 text=networking:session:create: join-driven session creation (local and remote peers) assigned a promordial join nonce of 2D7E5F50-E0860248
client level=info t=117656 ev=retail site=40 text=networking:session:membership:dump: [posse:00000000:00000000] update_number: 5, leader_peer_index: # 0, host_peer_index: # 0
client level=info t=117656 ev=retail site=41 text=networking:session:membership:dump:   peers valid: 0x1, non-dormant: 0x1, changed: 0x1, removed: 0x0; players valid: 0x1, changed: 0x0, removed: 0x0
client level=info t=117656 ev=retail site=42 text=networking:session:membership:dump:   peer # 0 a=[steamid:76561198776753861#68f45249fadf0082] s=            _joining o=-1 j=[2D7E5F50-E0860248] amb=[XXXXXXXX-XXXXXXXX] pc=1 peer_name=<UNKNOWN PEER NAME> session_id=Tue_09082026_214723_021716@x64@unknown_pc_user@B0_A1_25_FC_EC_00_F935 flags=4
client level=info t=117688 ev=retail site=52 text=world_controller:task_manager: Completed task 'ENUM(5)' after '267ms'.
client level=info t=117688 ev=retail site=55 text=world_controller:session_manager: PRIVATE session [posse:00000000:00000000] unable to get session keys.
client level=info t=117719 ev=retail site=51 text=world_controller:task_manager: Started   task 'ENUM(3)'.
client level=info t=117719 ev=retail site=52 text=world_controller:task_manager: Completed task 'ENUM(3)' after '0ms'.
client level=info t=117766 ev=retail site=52 text=world_controller:task_manager: Completed task 'ENUM(2)' after '134ms'.
client level=info t=117766 ev=retail site=56 text=world_controller:state:activity_session_creation: As HOST, peers done: skill read: , config refresh: , reputation read: 0
client level=info t=117797 ev=retail site=43 text=networking:session:process-pending-joins: [posse:DCE08322:BD88D7CA] marking all peers in join [2D7E5F50-E0860248] as joined
client level=info t=117797 ev=retail site=40 text=networking:session:membership:dump: [posse:DCE08322:BD88D7CA] update_number: 8, leader_peer_index: # 0, host_peer_index: # 0
client level=info t=117797 ev=retail site=41 text=networking:session:membership:dump:   peers valid: 0x1, non-dormant: 0x1, changed: 0x1, removed: 0x0; players valid: 0x1, changed: 0x0, removed: 0x0
client level=info t=117797 ev=retail site=42 text=networking:session:membership:dump:   peer # 0 a=[steamid:76561198776753861#68f45249fadf0082] s=            _waiting o=-1 j=[2D7E5F50-E0860248] amb=[XXXXXXXX-XXXXXXXX] pc=1 peer_name=<UNKNOWN PEER NAME> session_id=Tue_09082026_214723_021716@x64@unknown_pc_user@B0_A1_25_FC_EC_00_F935 flags=4
client level=info t=117797 ev=retail site=44 text=networking:session:process-pending-joins: [posse:DCE08322:BD88D7CA] marking all peers in join [2D7E5F50-E0860248] as ready, [134] ms since peer [0] created, [117887] since join was queued
client level=info t=117797 ev=retail site=40 text=networking:session:membership:dump: [posse:DCE08322:BD88D7CA] update_number: 9, leader_peer_index: # 0, host_peer_index: # 0
client level=info t=117797 ev=retail site=41 text=networking:session:membership:dump:   peers valid: 0x1, non-dormant: 0x1, changed: 0x1, removed: 0x0; players valid: 0x1, changed: 0x0, removed: 0x0
client level=info t=117797 ev=retail site=42 text=networking:session:membership:dump:   peer # 0 a=[steamid:76561198776753861#68f45249fadf0082] s=              _ready o=-1 j=[2D7E5F50-E0860248] amb=[XXXXXXXX-XXXXXXXX] pc=1 peer_name=<UNKNOWN PEER NAME> session_id=Tue_09082026_214723_021716@x64@unknown_pc_user@B0_A1_25_FC_EC_00_F935 flags=4
client level=info t=117828 ev=retail site=40 text=networking:session:membership:dump: [posse:DCE08322:BD88D7CA] update_number: 10, leader_peer_index: # 0, host_peer_index: # 0
client level=info t=117828 ev=retail site=41 text=networking:session:membership:dump:   peers valid: 0x1, non-dormant: 0x1, changed: 0xffffffff, removed: 0x0; players valid: 0x1, changed: 0xffffffff, removed: 0x0
client level=info t=117828 ev=retail site=42 text=networking:session:membership:dump:   peer # 0 a=[steamid:76561198776753861#68f45249fadf0082] s=              _ready o=-1 j=[2D7E5F50-E0860248] amb=[XXXXXXXX-XXXXXXXX] pc=1 peer_name=<UNKNOWN PEER NAME> session_id=Tue_09082026_214723_021716@x64@unknown_pc_user@B0_A1_25_FC_EC_00_F935 flags=7
client level=info t=117859 ev=retail site=57 text=world_controller:state:activity_session_creation: Activity session 'posse:DCE08322:BD88D7CA' successfully created, trying to move on.
client level=info t=117859 ev=retail site=58 text=world_controller:state_manager: State 'setup:matchmaking' requested for reason 'unavailable', but we can't: 'active outbound FT join [IN-PROGRESS]'.
client level=info t=117859 ev=retail site=45 text=networking:session:process-pending-joins: [posse:DCE08322:BD88D7CA] marking all peers in join [2D7E5F50-E0860248] as established
client level=info t=117859 ev=retail site=40 text=networking:session:membership:dump: [posse:DCE08322:BD88D7CA] update_number: 12, leader_peer_index: # 0, host_peer_index: # 0
client level=info t=117859 ev=retail site=41 text=networking:session:membership:dump:   peers valid: 0x1, non-dormant: 0x1, changed: 0x1, removed: 0x0; players valid: 0x1, changed: 0x0, removed: 0x0
client level=info t=117859 ev=retail site=42 text=networking:session:membership:dump:   peer # 0 a=[steamid:76561198776753861#68f45249fadf0082] s=        _established o=-1 j=[XXXXXXXX-XXXXXXXX] amb=[XXXXXXXX-XXXXXXXX] pc=1 peer_name=<UNKNOWN PEER NAME> session_id=Tue_09082026_214723_021716@x64@unknown_pc_user@B0_A1_25_FC_EC_00_F935 flags=7
client level=info t=117953 ev=retail site=18 text=world_controller:retail_datamine: Total time spent: [534] ms in world controller state: [30] name: [setup:activity_session_creation]
client level=info t=117953 ev=retail site=3 text=world_controller:state_manager: Entering state 'setup:matchmaking' for reason 'unavailable'.
client level=info t=117953 ev=retail site=18 text=world_controller:retail_datamine: Total time spent: [0] ms in world controller state: [31] name: [setup:matchmaking]
client level=info t=117953 ev=retail site=59 text=world_controller:retail_datamine: Timed operation Matchmaking, took: [0 seconds]
client level=info t=117953 ev=retail site=3 text=world_controller:state_manager: Entering state 'setup:activity_host_setup' for reason 'unavailable'.
client level=info t=118094 ev=retail site=60 text=networking:activity_client:messaging_interface:bap: AH IP resolution successful: 'proxy -> 127.0.0.1:30974'.
server level=info t=118141 ev=transport stage=accept result=ok conn=2
server level=warn t=118266 ev=bap svc=25 stage=plaintext result=shape_accepted conn=2 len=36 b0=0A b1=20 b34=10 b35=02
client level=info t=118328 ev=retail site=61 text=world_controller:activity_manager: Connected 'PRIVATE CURRENT' activity client.
client level=info t=118328 ev=retail site=62 text=world_controller:activity_manager: 'PRIVATE CURRENT' activity client requesting activity host startup [activity: 0x0007 (HASH(0xf7e8adc5))(type: HASH(0xd07bb2d7))(grognok: eden_freeroam)(destination: HASH(0x8441fff9))(nonce: 5AE1582C-975C5C51) for reason 'ENUM(0)'(override: eden_freeroam)][reservation count 1].
server level=warn t=118344 ev=mission_script stage=attach result=activity_join_pending session=11433003384888623105
client level=info t=118391 ev=retail site=63 text=networking:activity_client:receive_message_from_host: [AC PRIVATE CURRENT CON-Y EST-N AH->0 MEM-0] received startup response from AH [id 9EAA3001:00200001][session ]
client level=info t=118422 ev=retail site=64 text=networking:activity_client: [AC PRIVATE CURRENT CON-Y EST-N AH->0 MEM-0] Sent join request: [AH 9EAA3001:00200001][nonce 777739941] identity:[account -7013740688821976832][character -7013740688821976831][machine B0:A1:25:FC:EC:00:F935][player 94:FF:6E:03:13:5D:69:94] [global resources 0x6c] (part 1/2)
client level=info t=118422 ev=retail site=65 text=networking:activity_client: [AC PRIVATE CURRENT CON-Y EST-N AH->0 MEM-0] Properties [session Tue_09082026_214723_021716@x64@76561198776753861@B0_A1_25_FC_EC_00_F935][FAH --------:--------][GAH --------:--------][FTID 0xb94cb5669120f175] (part 2/2)
client level=info t=118422 ev=retail site=66 text=world_controller:activity_manager: 'PRIVATE CURRENT' activity client sent join request to AH 9EAA3001:00200001, host=Tue_09082026_214723_021716@x64@unknown_pc_user@B0_A1_25_FC_EC_00_F935
server level=info t=118453 ev=gameplay stage=activityhost result=allocated session=0x9EAA300100200002 group=0x9A420959F43FC02B generation=1 port=30976 held=1
server level=info t=118469 ev=gameplay stage=advertise result=ok region=160 region_source=arrival ambassador_slot=1
server level=warn t=118469 ev=activity stage=roster result=no_epoch soid=0x9EAA300100200001 public=0 dest= groups=0 top=0 sub=0 subkeys=0 objects=0 bytes=0 state=0 auth=0 authstate=-1 authfirst=-1:-1:0x0:0x0 authlast=-1:-1:0x0:0x0 sceneempty=0 engageempty=0 keygroup=0x0 grant=-1 region=0 slice=0 spawn=0x0 join=0x9EAA300100100101 player=0x0 pending_region=-1 current_region=-1 client_bubble=-1 held=-1 entered=0 selected=0 hash=0x0000000000000000 force=0x00
server level=info t=118469 ev=mission_script stage=open result=no_script session=11433003384888623105 activity_row=8
server level=warn t=118469 ev=mission_script stage=attach result=no_script session=11433003384888623105 activity_row=8
server level=warn t=118469 ev=mission_script stage=attach result=no_activity_link session=11433003384888623106
server level=info t=118469 ev=gameplay stage=activityhost result=allocated session=0x9EAA300100200003 group=0x8496FD4986ADB50B generation=2 port=30978 held=2
server level=info t=118469 ev=gameplay stage=activityhost result=allocated session=0x9EAA300100200004 group=0x9552C375807995A3 generation=3 port=30980 held=3
server level=info t=118469 ev=gameplay stage=activityhost result=allocated session=0x9EAA300100200005 group=0x9B0E91A18A15F47B generation=4 port=30982 held=4
server level=info t=118469 ev=gameplay stage=activityhost result=allocated session=0x9EAA300100200006 group=0x69CB67ED97A1D713 generation=5 port=30984 held=5
server level=info t=118469 ev=gameplay stage=activityhost result=allocated session=0x9EAA300100200007 group=0x7F873419917E37AB generation=6 port=30986 held=6
server level=info t=118469 ev=gameplay stage=activityhost result=allocated session=0x9EAA300100200008 group=0x4C43FA459B0A1643 generation=7 port=30988 held=7
server level=info t=118469 ev=gameplay stage=activityhost result=allocated session=0x9EAA300100200009 group=0x523FC871A4A6091B generation=8 port=30990 held=8
server level=warn t=118484 ev=mission_script stage=attach result=no_activity_link session=11433003384888623107
server level=warn t=118484 ev=mission_script stage=attach result=no_activity_link session=11433003384888623108
server level=warn t=118484 ev=mission_script stage=attach result=no_activity_link session=11433003384888623109
server level=warn t=118484 ev=mission_script stage=attach result=no_activity_link session=11433003384888623110
server level=warn t=118484 ev=mission_script stage=attach result=no_activity_link session=11433003384888623111
server level=warn t=118484 ev=mission_script stage=attach result=no_activity_link session=11433003384888623112
server level=warn t=118484 ev=mission_script stage=attach result=no_activity_link session=11433003384888623113
client level=info t=118531 ev=retail site=67 text=networking:activity_client:receive_message_from_host: [AC PRIVATE CURRENT CON-Y EST-N AH->0 MEM-0] Received join result from AH '9EAA3001:00200001' [nonce 777739941][result 0][session id ][replication epoch 0].
client level=info t=118531 ev=retail site=68 text=networking:activity_client:activity_host_changed: instance=PRIVATE CURRENT, ah-sid=, zombie-instance-nonce=0
client level=info t=118531 ev=probe stage=msg12 result=received client=0x251E47DF980 slot=0 label=PRIVATE CURRENT member=0x35F900ECFC25A1B0 status=0x00FE->0x01FE flag=1
client level=info t=118531 ev=probe stage=bind client=0x251E47DF980 established=0x9EAA300100200001 slotrec=0x251CBCBD9A0 roster=0x2528926BC80 receipt=0
client level=info t=118531 ev=probe stage=hosttail client=0x251E47DF980 b=00000000000000000000000000000000000000000000000000000000000000000000000000000000FFFFFFFF00000000
client level=info t=118531 ev=probe stage=grant client=0x251E47DF980 status=0x01FE pending=7936 dirty=0 receipt=0
client level=info t=118594 ev=probe stage=msg12 result=received client=0x251E47DF980 slot=0 label=PRIVATE CURRENT member=0x35F900ECFC25A1B0 status=0x01FE->0x01FE flag=1
client level=info t=118594 ev=probe stage=bind client=0x251E47DF980 established=0x9EAA300100200001 slotrec=0x251CBCBD9A0 roster=0x2528926BC80 receipt=0
server level=info t=118609 ev=ws701 stage=profile_setup result=complete
server level=info t=118609 ev=activity stage=writeback result=ok world_state=1
client level=info t=118625 ev=retail site=69 text=world_controller:state:activity_setup: 'NOJIP' flow, waiting. posse_peers_not_ready_sanitized=0, posse_peers_not_ready=0
client level=info t=118625 ev=probe stage=msg12 result=received client=0x251E47DF980 slot=0 label=PRIVATE CURRENT member=0x35F900ECFC25A1B0 status=0x01FE->0x01FE flag=1
client level=info t=118625 ev=probe stage=bind client=0x251E47DF980 established=0x9EAA300100200001 slotrec=0x251CBCBD9A0 roster=0x2528926BC80 receipt=0
client level=info t=118797 ev=nettick stage=sample latch=1 callbacks=11257
client level=info t=118859 ev=retail site=18 text=world_controller:retail_datamine: Total time spent: [902] ms in world controller state: [32] name: [setup:activity_host_setup]
client level=info t=118859 ev=retail site=3 text=world_controller:state_manager: Entering state 'setup:prologue_intro_loading' for reason 'unavailable'.
client level=info t=118859 ev=retail site=70 text=world_controller:task_manager: Started   task 'ENUM(0)'.
client level=info t=119094 ev=retail site=71 text=world_controller:task_manager: Completed task 'ENUM(0)' after '234ms'.
client level=info t=119094 ev=retail site=70 text=world_controller:task_manager: Started   task 'ENUM(1)'.
client level=info t=119188 ev=retail site=71 text=world_controller:task_manager: Completed task 'ENUM(1)' after '100ms'.
client level=info t=119188 ev=retail site=18 text=world_controller:retail_datamine: Total time spent: [334] ms in world controller state: [33] name: [setup:prologue_intro_loading]
client level=info t=119188 ev=retail site=3 text=world_controller:state_manager: Entering state 'setup:orbit_outro' for reason 'unavailable'.
client level=info t=119234 ev=bubbleauth stage=decode result=ok
client level=info t=119234 ev=bubbleauth stage=force result=ok
client level=info t=119297 ev=probe stage=msg12 result=received client=0x251E47DF980 slot=0 label=PRIVATE CURRENT member=0x35F900ECFC25A1B0 status=0x01FE->0x01FE flag=1
client level=info t=119297 ev=probe stage=bind client=0x251E47DF980 established=0x9EAA300100200001 slotrec=0x251CBCBD9A0 roster=0x2528926BC80 receipt=0
client level=info t=120531 ev=probe stage=hosttail client=0x251E47DF980 b=00000000000000000000000000000000000000000000000000000000000000000000000000000000FFFFFFFF00000000
client level=info t=120531 ev=probe stage=grant client=0x251E47DF980 status=0x01FE pending=7936 dirty=0 receipt=0
client level=info t=120797 ev=nettick stage=sample latch=1 callbacks=11317
client level=info t=121297 ev=probe stage=msg12 result=received client=0x251E47DF980 slot=0 label=PRIVATE CURRENT member=0x35F900ECFC25A1B0 status=0x01FE->0x01FE flag=1
client level=info t=121297 ev=probe stage=bind client=0x251E47DF980 established=0x9EAA300100200001 slotrec=0x251CBCBD9A0 roster=0x2528926BC80 receipt=0
client level=info t=121969 ev=retail site=72 text=networking:stream_manager:retail: Local peer network quality = 1.000000/1.0, worst_axis = -1
client level=info t=122531 ev=probe stage=hosttail client=0x251E47DF980 b=00000000000000000000000000000000000000000000000000000000000000000000000000000000FFFFFFFF00000000
client level=info t=122531 ev=probe stage=grant client=0x251E47DF980 status=0x01FE pending=7936 dirty=0 receipt=0
client level=info t=122797 ev=nettick stage=sample latch=1 callbacks=11377
client level=info t=124531 ev=probe stage=hosttail client=0x251E47DF980 b=00000000000000000000000000000000000000000000000000000000000000000000000000000000FFFFFFFF00000000
client level=info t=124531 ev=probe stage=grant client=0x251E47DF980 status=0x01FE pending=7936 dirty=0 receipt=0
client level=info t=124797 ev=nettick stage=sample latch=1 callbacks=11437
client level=info t=125844 ev=retail site=18 text=world_controller:retail_datamine: Total time spent: [6644] ms in world controller state: [34] name: [setup:orbit_outro]
client level=info t=125844 ev=retail site=3 text=world_controller:state_manager: Entering state 'setup:activity_world_transition' for reason 'unavailable'.
client level=info t=125844 ev=retail site=73 text=world_controller:task_manager: Started   task 'ENUM(0)'.
client level=info t=125844 ev=retail site=73 text=world_controller:task_manager: Started   task 'ENUM(1)'.
client level=info t=125844 ev=retail site=74 text=world_controller:task_manager: Completed task 'ENUM(1)' after '0ms'.
client level=info t=126078 ev=bootflow stage=owner_slot result=forced was=0 now=1
client level=info t=126078 ev=retail site=24 text=world_controller: successfully changed world to: eden_freeroam
client level=info t=126078 ev=retail site=75 text=networking:update: *** it has been 234 milliseconds since the last network update (longest expected: '500')
client level=info t=126078 ev=retail site=74 text=world_controller:task_manager: Completed task 'ENUM(0)' after '234ms'.
client level=info t=126078 ev=retail site=18 text=world_controller:retail_datamine: Total time spent: [234] ms in world controller state: [35] name: [setup:activity_world_transition]
client level=info t=126078 ev=retail site=3 text=world_controller:state_manager: Entering state 'activity:initial_slice_set_loading' for reason 'unavailable'.
client level=info t=126078 ev=retail site=76 text=world_controller:task_manager: Started   task 'ENUM(0)'.
client level=info t=126078 ev=retail site=76 text=world_controller:task_manager: Started   task 'ENUM(1)'.
client level=info t=126078 ev=retail site=76 text=world_controller:task_manager: Started   task 'ENUM(4)'.
server level=info t=126094 ev=gameplay stage=receive result=ok from=0x7F000001:2003 bytes=295 b0=0x00
server level=info t=126094 ev=gameplay stage=response result=ok wordb=1 signon=0
client level=info t=126141 ev=retail site=77 text=world_controller:task_manager: Completed task 'ENUM(1)' after '58ms'.
client level=info t=126141 ev=retail site=46 text=world_controller:slice_set_transition_manager: Mode changed from 'disabled' to 'initial_slice_set_precaching'.
client level=info t=126141 ev=retail site=76 text=world_controller:task_manager: Started   task 'ENUM(2)'.
client level=info t=126141 ev=retail site=76 text=world_controller:task_manager: Started   task 'ENUM(3)'.
client level=info t=126141 ev=retail site=77 text=world_controller:task_manager: Completed task 'ENUM(4)' after '58ms'.
client level=info t=126141 ev=retail site=76 text=world_controller:task_manager: Started   task 'ENUM(6)'.
client level=info t=126141 ev=retail site=76 text=world_controller:task_manager: Started   task 'ENUM(7)'.
client level=info t=126141 ev=bootflow stage=region result=forced slice_set=160
client level=info t=126141 ev=retail site=48 text=world_controller:slice_set_transition_manager: Starting a new transition of type 'transitioning:initial_slice_set' to 'PRV160.1 (HASH: 0x4542380a)'; token advanced to 001
server level=info t=126141 ev=gameplay stage=receive result=ok from=0x7F000001:2003 bytes=128 b0=0x00
server level=info t=126156 ev=gameplay stage=connect result=ok peer=2003 local=0x00000001 remote=0x00000000 rebuilt=0
server level=info t=126156 ev=gameplay stage=establish result=queued local=0x00000001 remote=0x00000000
client level=info t=126172 ev=retail site=77 text=world_controller:task_manager: Completed task 'ENUM(0)' after '92ms'.
client level=info t=126172 ev=retail site=76 text=world_controller:task_manager: Started   task 'ENUM(5)'.
server level=info t=126219 ev=ws701 stage=profile_setup result=complete
server level=info t=126219 ev=activity stage=writeback result=ok world_state=1
server level=info t=126219 ev=gameplay stage=advertise result=ok region=160 region_source=reported ambassador_slot=1
client level=info t=126313 ev=probe stage=msg12 result=received client=0x251E47DF980 slot=0 label=PRIVATE CURRENT member=0x35F900ECFC25A1B0 status=0x01FE->0x01FE flag=1
client level=info t=126313 ev=probe stage=bind client=0x251E47DF980 established=0x9EAA300100200001 slotrec=0x251CBCBD9A0 roster=0x2528926BC80 receipt=1
client level=info t=126313 ev=probe stage=msg12 result=received client=0x251E47DF980 slot=0 label=PRIVATE CURRENT member=0x35F900ECFC25A1B0 status=0x01FE->0x01FE flag=1
client level=info t=126313 ev=probe stage=bind client=0x251E47DF980 established=0x9EAA300100200001 slotrec=0x251CBCBD9A0 roster=0x2528926BC80 receipt=1
client level=info t=126547 ev=probe stage=hosttail client=0x251E47DF980 b=00000000000000000000000000000000000000000000000000000000000000000000000000000000FFFFFFFF00000000
client level=info t=126547 ev=probe stage=grant client=0x251E47DF980 status=0x01FE pending=0 dirty=0 receipt=1
client level=info t=126813 ev=nettick stage=sample latch=1 callbacks=11491
client level=info t=126938 ev=retail site=77 text=world_controller:task_manager: Completed task 'ENUM(5)' after '767ms'.
server level=info t=127172 ev=gameplay stage=receive result=ok from=0x7F000001:2003 bytes=51 b0=0x00
server level=info t=127172 ev=gameplay stage=message result=ok id=8 peerstage=5
server level=info t=127172 ev=gameplay stage=sendqueue result=cleared packet=1 base=4 entries=0
server level=info t=127344 ev=gameplay stage=receive result=ok from=0x7F000001:2003 bytes=1166 b0=0x00
server level=info t=127344 ev=gameplay stage=message result=ok id=40 peerstage=5
server level=info t=127344 ev=gameplay stage=view result=queued remote=1 local=1 token=0x9EAA300100200001 list=0
server level=info t=127406 ev=gameplay stage=receive result=ok from=0x7F000001:2003 bytes=246 b0=0x00
server level=info t=127406 ev=gameplay stage=message result=ok id=40 peerstage=5
server level=info t=127406 ev=gameplay stage=view result=queued remote=2 local=2 token=0x9EAA300100200001 list=15
server level=info t=127406 ev=gameplay stage=sendqueue result=cleared packet=7 base=7 entries=0
server level=info t=127484 ev=gameplay stage=receive result=ok from=0x7F000001:2003 bytes=246 b0=0x00
server level=info t=127484 ev=gameplay stage=message result=ok id=40 peerstage=5
server level=info t=127484 ev=gameplay stage=view result=queued remote=3 local=3 token=0x9EAA300100200001 list=0
server level=info t=127484 ev=gameplay stage=message result=ok id=40 peerstage=5
server level=info t=127484 ev=gameplay stage=view result=queued remote=4 local=4 token=0x9EAA300100200001 list=0
server level=info t=127484 ev=gameplay stage=sendqueue result=cleared packet=8 base=8 entries=0
server level=info t=127547 ev=gameplay stage=receive result=ok from=0x7F000001:2003 bytes=246 b0=0x00
server level=info t=127547 ev=gameplay stage=message result=ok id=40 peerstage=5
server level=warn t=127547 ev=gameplay stage=view result=refused remote=5 local=0 token=0x9EAA300100200001 list=0
server level=info t=127609 ev=gameplay stage=receive result=ok from=0x7F000001:2003 bytes=238 b0=0x00
server level=info t=127609 ev=gameplay stage=sendqueue result=cleared packet=9 base=9 entries=0
server level=info t=127688 ev=gameplay stage=receive result=ok from=0x7F000001:2003 bytes=246 b0=0x00
server level=info t=127750 ev=gameplay stage=receive result=ok from=0x7F000001:2003 bytes=246 b0=0x00
server level=info t=127828 ev=gameplay stage=receive result=ok from=0x7F000001:2003 bytes=246 b0=0x00
server level=info t=127875 ev=gameplay stage=receive result=ok from=0x7F000001:2003 bytes=246 b0=0x00
client level=info t=127906 ev=retail site=77 text=world_controller:task_manager: Completed task 'ENUM(6)' after '1769ms'.
server level=info t=127953 ev=gameplay stage=receive result=ok from=0x7F000001:2003 bytes=246 b0=0x00
server level=info t=128016 ev=gameplay stage=receive result=ok from=0x7F000001:2003 bytes=238 b0=0x00
server level=info t=128094 ev=gameplay stage=receive result=ok from=0x7F000001:2003 bytes=246 b0=0x00
server level=info t=128141 ev=gameplay stage=receive result=ok from=0x7F000001:2003 bytes=246 b0=0x00
server level=info t=128219 ev=gameplay stage=receive result=ok from=0x7F000001:2003 bytes=246 b0=0x00
server level=info t=128281 ev=gameplay stage=receive result=ok from=0x7F000001:2003 bytes=246 b0=0x00
server level=info t=128359 ev=gameplay stage=receive result=ok from=0x7F000001:2003 bytes=246 b0=0x00
server level=info t=128406 ev=gameplay stage=receive result=ok from=0x7F000001:2003 bytes=238 b0=0x00
server level=info t=128484 ev=gameplay stage=receive result=ok from=0x7F000001:2003 bytes=246 b0=0x00
client level=info t=128547 ev=probe stage=hosttail client=0x251E47DF980 b=00000000000000000000000000000000000000000000000000000000000000000000000000000000FFFFFFFF00000000
client level=info t=128547 ev=probe stage=grant client=0x251E47DF980 status=0x01FE pending=0 dirty=0 receipt=1
server level=info t=128547 ev=gameplay stage=receive result=ok from=0x7F000001:2003 bytes=246 b0=0x00
server level=info t=128609 ev=gameplay stage=receive result=ok from=0x7F000001:2003 bytes=238 b0=0x00
server level=info t=128688 ev=gameplay stage=receive result=ok from=0x7F000001:2003 bytes=246 b0=0x00
server level=info t=128750 ev=gameplay stage=receive result=ok from=0x7F000001:2003 bytes=246 b0=0x00
client level=info t=128813 ev=nettick stage=sample latch=1 callbacks=11551
server level=info t=128828 ev=gameplay stage=receive result=ok from=0x7F000001:2003 bytes=246 b0=0x00
server level=info t=128891 ev=gameplay stage=receive result=ok from=0x7F000001:2003 bytes=246 b0=0x00
server level=info t=128953 ev=gameplay stage=receive result=ok from=0x7F000001:2003 bytes=238 b0=0x00
server level=info t=129016 ev=gameplay stage=receive result=ok from=0x7F000001:2003 bytes=246 b0=0x00
server level=info t=129094 ev=gameplay stage=receive result=ok from=0x7F000001:2003 bytes=246 b0=0x00
server level=info t=129141 ev=gameplay stage=receive result=ok from=0x7F000001:2003 bytes=246 b0=0x00
server level=info t=129219 ev=gameplay stage=receive result=ok from=0x7F000001:2003 bytes=238 b0=0x00
server level=info t=129281 ev=gameplay stage=receive result=ok from=0x7F000001:2003 bytes=246 b0=0x00
server level=info t=129359 ev=gameplay stage=receive result=ok from=0x7F000001:2003 bytes=246 b0=0x00
server level=info t=129422 ev=gameplay stage=receive result=ok from=0x7F000001:2003 bytes=246 b0=0x00
server level=info t=129484 ev=gameplay stage=receive result=ok from=0x7F000001:2003 bytes=238 b0=0x00
server level=info t=129547 ev=gameplay stage=receive result=ok from=0x7F000001:2003 bytes=246 b0=0x00
server level=info t=129547 ev=gameplay stage=message result=ok id=4 peerstage=5
server level=info t=129625 ev=gameplay stage=receive result=ok from=0x7F000001:2003 bytes=246 b0=0x00
server level=info t=129688 ev=gameplay stage=receive result=ok from=0x7F000001:2003 bytes=238 b0=0x00
server level=info t=129750 ev=gameplay stage=receive result=ok from=0x7F000001:2003 bytes=246 b0=0x00
server level=info t=129828 ev=gameplay stage=receive result=ok from=0x7F000001:2003 bytes=246 b0=0x00
server level=info t=129891 ev=gameplay stage=receive result=ok from=0x7F000001:2003 bytes=246 b0=0x00
server level=info t=129953 ev=gameplay stage=receive result=ok from=0x7F000001:2003 bytes=246 b0=0x00
server level=info t=130016 ev=gameplay stage=receive result=ok from=0x7F000001:2003 bytes=238 b0=0x00
server level=info t=130094 ev=gameplay stage=receive result=ok from=0x7F000001:2003 bytes=246 b0=0x00
server level=info t=130156 ev=gameplay stage=receive result=ok from=0x7F000001:2003 bytes=246 b0=0x00
server level=info t=130219 ev=gameplay stage=receive result=ok from=0x7F000001:2003 bytes=238 b0=0x00
server level=info t=130281 ev=gameplay stage=receive result=ok from=0x7F000001:2003 bytes=246 b0=0x00
server level=info t=130359 ev=gameplay stage=receive result=ok from=0x7F000001:2003 bytes=246 b0=0x00
server level=info t=130422 ev=gameplay stage=receive result=ok from=0x7F000001:2003 bytes=246 b0=0x00
server level=info t=130484 ev=gameplay stage=receive result=ok from=0x7F000001:2003 bytes=238 b0=0x00
client level=info t=130547 ev=probe stage=hosttail client=0x251E47DF980 b=00000000000000000000000000000000000000000000000000000000000000000000000000000000FFFFFFFF00000000
client level=info t=130547 ev=probe stage=grant client=0x251E47DF980 status=0x01FE pending=0 dirty=0 receipt=1
server level=info t=130563 ev=gameplay stage=receive result=ok from=0x7F000001:2003 bytes=246 b0=0x00
server level=info t=130625 ev=gameplay stage=receive result=ok from=0x7F000001:2003 bytes=246 b0=0x00
server level=info t=130688 ev=gameplay stage=receive result=ok from=0x7F000001:2003 bytes=246 b0=0x00
server level=info t=130750 ev=gameplay stage=receive result=ok from=0x7F000001:2003 bytes=238 b0=0x00
client level=info t=130813 ev=nettick stage=sample latch=1 callbacks=11611
server level=info t=130828 ev=gameplay stage=receive result=ok from=0x7F000001:2003 bytes=246 b0=0x00
server level=info t=130891 ev=gameplay stage=receive result=ok from=0x7F000001:2003 bytes=246 b0=0x00
server level=info t=130953 ev=gameplay stage=receive result=ok from=0x7F000001:2003 bytes=238 b0=0x00
server level=info t=131016 ev=gameplay stage=receive result=ok from=0x7F000001:2003 bytes=246 b0=0x00
server level=info t=131094 ev=gameplay stage=receive result=ok from=0x7F000001:2003 bytes=278 b0=0x00
client level=info t=131109 ev=retail site=77 text=world_controller:task_manager: Completed task 'ENUM(2)' after '4975ms'.
client level=info t=131141 ev=retail site=78 text=world_controller:state:activity:initial_slice_set_loading: Timeout entering the prologue-filler (given 5000ms).
server level=info t=131172 ev=gameplay stage=receive result=ok from=0x7F000001:2003 bytes=214 b0=0x00
client level=info t=131188 ev=retail site=76 text=world_controller:task_manager: Started   task 'ENUM(9)'.
server level=info t=131219 ev=gameplay stage=receive result=ok from=0x7F000001:2003 bytes=238 b0=0x00
server level=info t=131281 ev=gameplay stage=receive result=ok from=0x7F000001:2003 bytes=246 b0=0x00
client level=info t=131344 ev=retail site=77 text=world_controller:task_manager: Completed task 'ENUM(3)' after '5208ms'.
client level=info t=131344 ev=retail site=46 text=world_controller:slice_set_transition_manager: Mode changed from 'initial_slice_set_precaching' to 'initial_slice_set_instantion'.
client level=info t=131344 ev=retail site=76 text=world_controller:task_manager: Started   task 'ENUM(8)'.
server level=info t=131359 ev=gameplay stage=receive result=ok from=0x7F000001:2003 bytes=246 b0=0x00
client level=info t=131375 ev=retail site=77 text=world_controller:task_manager: Completed task 'ENUM(8)' after '33ms'.
client level=info t=131375 ev=retail site=49 text=world_controller:slice_set_transition_manager: Stopping transition of type 'transitioning:initial_slice_set' due to completed
client level=info t=131453 ev=probe stage=msg12 result=received client=0x251E47DF980 slot=0 label=PRIVATE CURRENT member=0x35F900ECFC25A1B0 status=0x01FE->0x01FE flag=1
client level=info t=131453 ev=probe stage=bind client=0x251E47DF980 established=0x9EAA300100200001 slotrec=0x251CBCBD9A0 roster=0x2528926BC80 receipt=1
client level=info t=131484 ev=probe stage=msg12 result=received client=0x251E47DF980 slot=0 label=PRIVATE CURRENT member=0x35F900ECFC25A1B0 status=0x01FE->0x01FE flag=1
client level=info t=131484 ev=probe stage=bind client=0x251E47DF980 established=0x9EAA300100200001 slotrec=0x251CBCBD9A0 roster=0x2528926BC80 receipt=1
client level=info t=131516 ev=retail site=77 text=world_controller:task_manager: Completed task 'ENUM(9)' after '334ms'.
client level=info t=131516 ev=retail site=76 text=world_controller:task_manager: Started   task 'ENUM(10)'.
server level=info t=131625 ev=gameplay stage=message result=ok id=4 peerstage=5
client level=info t=132547 ev=probe stage=hosttail client=0x251E47DF980 b=00000000000000000000000000000000000000000000000000000000000000000000000000000000FFFFFFFF00000000
client level=info t=132547 ev=probe stage=grant client=0x251E47DF980 status=0x01FE pending=0 dirty=0 receipt=1
client level=info t=132813 ev=nettick stage=sample latch=1 callbacks=11671
client level=info t=133281 ev=retail site=77 text=world_controller:task_manager: Completed task 'ENUM(10)' after '1769ms'.
client level=info t=133281 ev=retail site=18 text=world_controller:retail_datamine: Total time spent: [7211] ms in world controller state: [36] name: [activity:initial_slice_set_loading]
client level=info t=133281 ev=retail site=3 text=world_controller:state_manager: Entering state 'activity:physics_join' for reason 'unavailable'.
client level=info t=133281 ev=retail site=79 text=world_controller:task_manager: Started   task 'ENUM(0)'.
server level=info t=134531 ev=gameplay stage=message result=ok id=4 peerstage=5
client level=info t=134547 ev=probe stage=hosttail client=0x251E47DF980 b=00000000000000000000000000000000000000000000000000000000000000000000000000000000FFFFFFFF00000000
client level=info t=134547 ev=probe stage=grant client=0x251E47DF980 status=0x01FE pending=0 dirty=0 receipt=1
client level=info t=134813 ev=nettick stage=sample latch=1 callbacks=11731
client level=info t=136563 ev=probe stage=hosttail client=0x251E47DF980 b=00000000000000000000000000000000000000000000000000000000000000000000000000000000FFFFFFFF00000000
client level=info t=136563 ev=probe stage=grant client=0x251E47DF980 status=0x01FE pending=0 dirty=0 receipt=1
client level=info t=136828 ev=nettick stage=sample latch=1 callbacks=11791
server level=info t=137625 ev=gameplay stage=message result=ok id=4 peerstage=5
client level=info t=138563 ev=probe stage=hosttail client=0x251E47DF980 b=00000000000000000000000000000000000000000000000000000000000000000000000000000000FFFFFFFF00000000
client level=info t=138563 ev=probe stage=grant client=0x251E47DF980 status=0x01FE pending=0 dirty=0 receipt=1
client level=info t=138828 ev=nettick stage=sample latch=1 callbacks=11851
client level=info t=139359 ev=retail site=80 text=world_controller:task_manager: Completed task 'ENUM(0)' after '6078ms'.
client level=info t=139359 ev=retail site=18 text=world_controller:retail_datamine: Total time spent: [6078] ms in world controller state: [37] name: [activity:physics_join]
client level=info t=139359 ev=retail site=3 text=world_controller:state_manager: Entering state 'activity:in_world' for reason 'unavailable'.
client level=info t=139359 ev=retail site=81 text=world_controller:state:in_world: Starting activity '0x0007 (HASH(0xf7e8adc5))(type: HASH(0xd07bb2d7))(grognok: eden_freeroam)(destination: HASH(0x8441fff9))(nonce: 5AE1582C-975C5C51) for reason 'ENUM(0)'(override: eden_freeroam)'.
client level=info t=139359 ev=retail site=12 text=world_controller:retail_datamine: Timed operation: [ENUM(17)], took: [21937 ms], average: [21937.000000 ms], min: [21937.000000], max: [21937.000000], count: [1]
client level=info t=139828 ev=retail site=46 text=world_controller:slice_set_transition_manager: Mode changed from 'initial_slice_set_instantion' to 'fully_enabled'.
server level=info t=140500 ev=ws701 stage=profile_setup result=complete
server level=info t=140500 ev=activity stage=writeback result=ok world_state=8
client level=info t=140563 ev=probe stage=hosttail client=0x251E47DF980 b=00000000000000000000000000000000000000000000000000000000000000000000000000000000FFFFFFFF00000000
client level=info t=140563 ev=probe stage=grant client=0x251E47DF980 status=0x01FE pending=0 dirty=0 receipt=1
server level=info t=140734 ev=gameplay stage=message result=ok id=4 peerstage=5
client level=info t=140828 ev=nettick stage=sample latch=1 callbacks=11911
client level=info t=141625 ev=bootflow stage=region result=forced slice_set=136
client level=info t=141625 ev=retail site=48 text=world_controller:slice_set_transition_manager: Starting a new transition of type 'transitioning:normal_z_leg' to 'PRV136.1 (HASH: 0x299009a8)'; token advanced to 002
server level=info t=141719 ev=gameplay stage=activityhost result=allocated session=0x9EAA30010020000A group=0xB111A0B5E73BAE23 generation=9 port=30992 held=9
server level=warn t=141734 ev=mission_script stage=attach result=no_activity_link session=11433003384888623114
client level=info t=142563 ev=probe stage=hosttail client=0x251E47DF980 b=00000000000000000000000000000000000000000000000000000000000000000000000000000000FFFFFFFF00000000
client level=info t=142563 ev=probe stage=grant client=0x251E47DF980 status=0x01FE pending=0 dirty=0 receipt=1
client level=info t=142828 ev=nettick stage=sample latch=1 callbacks=11971
server level=info t=143719 ev=gameplay stage=advertise result=ok region=136 region_source=reported ambassador_slot=1
client level=info t=143766 ev=probe stage=msg12 result=received client=0x251E47DF980 slot=0 label=PRIVATE CURRENT member=0x35F900ECFC25A1B0 status=0x01FE->0x01FE flag=1
client level=info t=143766 ev=probe stage=bind client=0x251E47DF980 established=0x9EAA300100200001 slotrec=0x251CBCBD9A0 roster=0x2528926BC80 receipt=1
client level=info t=143766 ev=retail site=82 text=networking:channel:packet_loss_stats: [dir:127.0.0.1(id=0):30976#bh64] Incoming packet read result summary - 8 ok, 0 discard, 185 discard-expected, 0 corrupt
client level=info t=143766 ev=retail site=83 text=networking:channel:packet_loss_stats: [dir:127.0.0.1(id=0):30976#bh64] Outgoing packet delivery summary - 188 delivered, 0 of those out-of-order, 0 lost - highest loss fraction seen 0.000
client level=info t=143766 ev=retail site=84 text=networking:channel: channel dir:127.0.0.1(id=0):30976#bh64(id '0') (ra: ''dir:127.0.0.1(id=0):30976'') state change connected -> closed
client level=info t=143766 ev=retail site=85 text=networking:channel_manager: channel 'dir:127.0.0.1(id=0):30976#bh64' (0): channel closed (reason=channel-manager-owners-released) because 'dir:127.0.0.1(id=0):30976' can't be reached, resetting security
server level=info t=143781 ev=gameplay stage=peer result=closed reason=10
server level=info t=143781 ev=gameplay stage=response result=ok wordb=2 signon=0
server level=info t=143844 ev=gameplay stage=connect result=ok peer=2003 local=0x00000002 remote=0x00000004 rebuilt=0
server level=info t=143844 ev=gameplay stage=establish result=queued local=0x00000002 remote=0x00000004
client level=info t=144578 ev=probe stage=hosttail client=0x251E47DF980 b=00000000000000000000000000000000000000000000000000000000000000000000000000000000FFFFFFFF00000000
client level=info t=144578 ev=probe stage=grant client=0x251E47DF980 status=0x01FE pending=0 dirty=0 receipt=1
client level=info t=144844 ev=nettick stage=sample latch=1 callbacks=12031
server level=info t=144875 ev=gameplay stage=message result=ok id=8 peerstage=5
server level=info t=144875 ev=gameplay stage=sendqueue result=cleared packet=1 base=4 entries=0
client level=info t=144891 ev=retail site=10 text=application_state: Suspend state changed from [partial] to [active]
server level=info t=144938 ev=gameplay stage=message result=ok id=40 peerstage=5
server level=info t=144938 ev=gameplay stage=view result=queued remote=1 local=1 token=0x9EAA300100200001 list=0
server level=info t=145000 ev=gameplay stage=message result=ok id=40 peerstage=5
server level=info t=145000 ev=gameplay stage=view result=queued remote=2 local=2 token=0x9EAA300100200001 list=15
server level=info t=145000 ev=gameplay stage=sendqueue result=cleared packet=7 base=7 entries=0
server level=info t=145047 ev=gameplay stage=message result=ok id=40 peerstage=5
server level=info t=145047 ev=gameplay stage=view result=queued remote=3 local=3 token=0x9EAA300100200001 list=0
server level=info t=145047 ev=gameplay stage=message result=ok id=40 peerstage=5
server level=info t=145047 ev=gameplay stage=view result=queued remote=4 local=4 token=0x9EAA300100200001 list=0
server level=info t=145047 ev=gameplay stage=sendqueue result=cleared packet=8 base=8 entries=0
server level=info t=145078 ev=gameplay stage=sendqueue result=cleared packet=9 base=9 entries=0
server level=info t=145156 ev=gameplay stage=message result=ok id=40 peerstage=5
server level=warn t=145156 ev=gameplay stage=view result=refused remote=5 local=0 token=0x9EAA300100200001 list=0
client level=info t=146578 ev=probe stage=hosttail client=0x251E47DF980 b=00000000000000000000000000000000000000000000000000000000000000000000000000000000FFFFFFFF00000000
client level=info t=146578 ev=probe stage=grant client=0x251E47DF980 status=0x01FE pending=0 dirty=0 receipt=1
server level=info t=146594 ev=gameplay stage=message result=ok id=4 peerstage=5
client level=info t=146844 ev=nettick stage=sample latch=1 callbacks=12368
server level=info t=148344 ev=gameplay stage=message result=ok id=4 peerstage=5
client level=info t=148578 ev=probe stage=hosttail client=0x251E47DF980 b=00000000000000000000000000000000000000000000000000000000000000000000000000000000FFFFFFFF00000000
client level=info t=148578 ev=probe stage=grant client=0x251E47DF980 status=0x01FE pending=0 dirty=0 receipt=1
client level=info t=148844 ev=nettick stage=sample latch=1 callbacks=12846
client level=info t=150578 ev=probe stage=hosttail client=0x251E47DF980 b=00000000000000000000000000000000000000000000000000000000000000000000000000000000FFFFFFFF00000000
client level=info t=150578 ev=probe stage=grant client=0x251E47DF980 status=0x01FE pending=0 dirty=0 receipt=1
client level=info t=150844 ev=nettick stage=sample latch=1 callbacks=13335
server level=info t=151188 ev=gameplay stage=message result=ok id=4 peerstage=5
client level=info t=152578 ev=probe stage=hosttail client=0x251E47DF980 b=00000000000000000000000000000000000000000000000000000000000000000000000000000000FFFFFFFF00000000
client level=info t=152578 ev=probe stage=grant client=0x251E47DF980 status=0x01FE pending=0 dirty=0 receipt=1
client level=info t=152844 ev=nettick stage=sample latch=1 callbacks=13784
server level=info t=153797 ev=gameplay stage=association result=timeout
server level=info t=154313 ev=gameplay stage=message result=ok id=4 peerstage=5
client level=info t=154578 ev=probe stage=hosttail client=0x251E47DF980 b=00000000000000000000000000000000000000000000000000000000000000000000000000000000FFFFFFFF00000000
client level=info t=154578 ev=probe stage=grant client=0x251E47DF980 status=0x01FE pending=0 dirty=0 receipt=1
client level=info t=154844 ev=nettick stage=sample latch=1 callbacks=14215
client level=info t=155875 ev=retail site=10 text=application_state: Suspend state changed from [active] to [partial]
client level=info t=156578 ev=probe stage=hosttail client=0x251E47DF980 b=00000000000000000000000000000000000000000000000000000000000000000000000000000000FFFFFFFF00000000
client level=info t=156578 ev=probe stage=grant client=0x251E47DF980 status=0x01FE pending=0 dirty=0 receipt=1
client level=info t=156844 ev=nettick stage=sample latch=1 callbacks=14451
server level=info t=157406 ev=gameplay stage=message result=ok id=4 peerstage=5
client level=info t=158141 ev=retail site=86 text=world_controller:state_manager: The host appears to be launching a different game, sploiking back out through orbit to sync up.
client level=info t=158141 ev=retail site=87 text=world_controller:state_manager: Prerequisite 'ENUM(30)' failed for reason 'unavailable' [context: ], proceeding to cleanup state.
client level=info t=158141 ev=retail site=18 text=world_controller:retail_datamine: Total time spent: [18783] ms in world controller state: [38] name: [activity:in_world]
client level=info t=158141 ev=retail site=46 text=world_controller:slice_set_transition_manager: Mode changed from 'fully_enabled' to 'disabled'.
client level=info t=158141 ev=retail site=49 text=world_controller:slice_set_transition_manager: Stopping transition of type 'transitioning:normal_z_leg' due to SSTM disabled
client level=info t=158141 ev=retail site=3 text=world_controller:state_manager: Entering state 'cleanup' for reason 'unavailable'.
client level=info t=158141 ev=retail site=34 text=world_controller:state:cleanup: Requested task mask: '0x00e0010cb0fbdf3d'
client level=info t=158141 ev=retail site=35 text=world_controller:task_manager: Started   task 'ENUM(0)'.
client level=info t=158141 ev=retail site=36 text=world_controller:task_manager: Completed task 'ENUM(0)' after '0ms'.
client level=info t=158141 ev=retail site=35 text=world_controller:task_manager: Started   task 'ENUM(2)'.
client level=info t=158141 ev=retail site=36 text=world_controller:task_manager: Completed task 'ENUM(2)' after '0ms'.
client level=info t=158141 ev=retail site=35 text=world_controller:task_manager: Started   task 'ENUM(3)'.
client level=info t=158141 ev=retail site=36 text=world_controller:task_manager: Completed task 'ENUM(3)' after '0ms'.
client level=info t=158141 ev=retail site=35 text=world_controller:task_manager: Started   task 'ENUM(4)'.
client level=info t=158141 ev=retail site=35 text=world_controller:task_manager: Started   task 'ENUM(5)'.
client level=info t=158141 ev=retail site=36 text=world_controller:task_manager: Completed task 'ENUM(5)' after '0ms'.
client level=info t=158141 ev=retail site=35 text=world_controller:task_manager: Started   task 'ENUM(8)'.
client level=info t=158141 ev=retail site=36 text=world_controller:task_manager: Completed task 'ENUM(8)' after '0ms'.
client level=info t=158141 ev=retail site=35 text=world_controller:task_manager: Started   task 'ENUM(9)'.
client level=info t=158141 ev=retail site=36 text=world_controller:task_manager: Completed task 'ENUM(9)' after '0ms'.
client level=info t=158141 ev=retail site=35 text=world_controller:task_manager: Started   task 'ENUM(10)'.
client level=info t=158141 ev=retail site=36 text=world_controller:task_manager: Completed task 'ENUM(10)' after '0ms'.
client level=info t=158141 ev=retail site=88 text=networking:session:handoff: [posse:DCE08322:BD88D7CA] leaving session 'gracefully' (state host-established)
client level=info t=158141 ev=retail site=89 text=networking:session:protocol: [posse:DCE08322:BD88D7CA] host-handoff (leaving), target peer '-1', nobody else in session, leaving immediately
client level=info t=158141 ev=retail site=88 text=networking:session:handoff: [posse:DCE08322:BD88D7CA] leaving session 'immediately' (state host-established)
client level=info t=158141 ev=retail site=37 text=networking:session: [posse:DCE08322:BD88D7CA] session state is changing from 'host-established' to 'host-disband'.
client level=info t=158141 ev=retail site=35 text=world_controller:task_manager: Started   task 'ENUM(11)'.
client level=info t=158141 ev=retail site=35 text=world_controller:task_manager: Started   task 'ENUM(12)'.
client level=info t=158141 ev=retail site=36 text=world_controller:task_manager: Completed task 'ENUM(12)' after '0ms'.
client level=info t=158141 ev=retail site=35 text=world_controller:task_manager: Started   task 'ENUM(14)'.
client level=info t=158141 ev=retail site=36 text=world_controller:task_manager: Completed task 'ENUM(14)' after '0ms'.
client level=info t=158141 ev=retail site=35 text=world_controller:task_manager: Started   task 'ENUM(15)'.
client level=info t=158141 ev=retail site=36 text=world_controller:task_manager: Completed task 'ENUM(15)' after '0ms'.
client level=info t=158141 ev=retail site=35 text=world_controller:task_manager: Started   task 'ENUM(16)'.
client level=info t=158141 ev=retail site=36 text=world_controller:task_manager: Completed task 'ENUM(16)' after '0ms'.
client level=info t=158141 ev=retail site=35 text=world_controller:task_manager: Started   task 'ENUM(17)'.
client level=info t=158141 ev=retail site=35 text=world_controller:task_manager: Started   task 'ENUM(19)'.
client level=info t=158141 ev=retail site=35 text=world_controller:task_manager: Started   task 'ENUM(20)'.
client level=info t=158141 ev=retail site=36 text=world_controller:task_manager: Completed task 'ENUM(20)' after '0ms'.
client level=info t=158141 ev=retail site=35 text=world_controller:task_manager: Started   task 'ENUM(21)'.
client level=info t=158141 ev=retail site=35 text=world_controller:task_manager: Started   task 'ENUM(28)'.
client level=info t=158141 ev=retail site=35 text=world_controller:task_manager: Started   task 'ENUM(31)'.
client level=info t=158141 ev=retail site=36 text=world_controller:task_manager: Completed task 'ENUM(31)' after '0ms'.
client level=info t=158141 ev=retail site=35 text=world_controller:task_manager: Started   task 'ENUM(54)'.
client level=info t=158141 ev=retail site=36 text=world_controller:task_manager: Completed task 'ENUM(54)' after '0ms'.
client level=info t=158141 ev=retail site=35 text=world_controller:task_manager: Started   task 'ENUM(55)'.
client level=info t=158141 ev=retail site=39 text=world_controller:state:cleanup: After 0ms, status: '2', tasks active: '0x00800000102a0810', pending: '0x0020010c20c00000', requested: '0x00e0010cb0fbdf3d'
client level=info t=158141 ev=retail site=90 text=networking:session: [posse:DCE08322:BD88D7CA] idle-host-disband disconnecting the session.
client level=info t=158141 ev=retail site=91 text=networking:session: [posse:DCE08322:BD88D7CA] disconnecting 'posse' session (state host-disband / policy allowed)
client level=info t=158172 ev=retail site=36 text=world_controller:task_manager: Completed task 'ENUM(11)' after '28ms'.
client level=info t=158172 ev=retail site=36 text=world_controller:task_manager: Completed task 'ENUM(17)' after '29ms'.
client level=info t=158172 ev=retail site=36 text=world_controller:task_manager: Completed task 'ENUM(19)' after '29ms'.
client level=info t=158172 ev=retail site=35 text=world_controller:task_manager: Started   task 'ENUM(23)'.
client level=info t=158172 ev=retail site=36 text=world_controller:task_manager: Completed task 'ENUM(28)' after '29ms'.
client level=info t=158172 ev=retail site=38 text=world_controller:retail_datamine: About to attempt retail log upload. We have '230' events, dropped '0' from THIS session due to upload cap, and have '92' unique event IDs.
client level=info t=158172 ev=retail site=35 text=world_controller:task_manager: Started   task 'ENUM(29)'.
client level=info t=158172 ev=retail site=36 text=world_controller:task_manager: Completed task 'ENUM(29)' after '0ms'.
client level=info t=158172 ev=retail site=35 text=world_controller:task_manager: Started   task 'ENUM(34)'.
client level=info t=158172 ev=retail site=36 text=world_controller:task_manager: Completed task 'ENUM(34)' after '0ms'.
server level=info t=158188 squad_entity_retirement stage=capture_source bubble=20 accepted=0 selected=0 slots=-
server level=info t=158188 ev=activity stage=peer_leave result=read peer=0x35F900ECFC25A1B0
server level=info t=158203 ev=gameplay stage=advertise result=ok region=160 region_source=reported ambassador_slot=1
client level=info t=158203 ev=retail site=36 text=world_controller:task_manager: Completed task 'ENUM(4)' after '62ms'.
client level=info t=158313 ev=retail site=24 text=world_controller: successfully changed world to:
client level=info t=158313 ev=retail site=36 text=world_controller:task_manager: Completed task 'ENUM(21)' after '175ms'.
client level=info t=158313 ev=retail site=35 text=world_controller:task_manager: Started   task 'ENUM(22)'.
client level=info t=158313 ev=retail site=35 text=world_controller:task_manager: Started   task 'ENUM(53)'.
client level=info t=158313 ev=retail site=36 text=world_controller:task_manager: Completed task 'ENUM(55)' after '175ms'.
client level=info t=158328 ev=retail site=68 text=networking:activity_client:activity_host_changed: instance=PRIVATE CURRENT, ah-sid=, zombie-instance-nonce=0
client level=info t=158328 ev=retail site=92 text=networking:server:bap: [BAP ID  1 desc:OUT FAH - _connected] Killing.
client level=info t=158328 ev=retail site=93 text=networking:server:bap: [BAP ID  1 desc:OUT FAH - _connected] Last status before fatal error was '_connected[127.0.0.1:30974]-> 1.5s avg/s [rx 0.7p  1.2kb][tx 0.7p  0.3kb][tx block  0.0/q-rem  0.0/s-rem  0.0]'.
client level=info t=158328 ev=retail site=94 text=networking:server:bap: [BAP ID  1 desc:OUT FAH - _connected] Socket stats before fatal error: no socket stats available
client level=info t=158328 ev=retail site=95 text=networking:server:bap: [BAP ID  1 desc:OUT FAH - _connected] Fatal error '_connection_failure_suicide' raised.
client level=info t=158328 ev=retail site=96 text=networking:server:bap: [BAP ID  1 desc:OUT FAH - _dead] Stopping.
client level=info t=158328 ev=retail site=97 text=networking:investment:bap_message_queue: [BAP ID  1 desc:OUT FAH] Stopping...
client level=info t=158328 ev=retail site=82 text=networking:channel:packet_loss_stats: [dir:127.0.0.1(id=0):30992#bh64] Incoming packet read result summary - 8 ok, 0 discard, 163 discard-expected, 0 corrupt
client level=info t=158328 ev=retail site=83 text=networking:channel:packet_loss_stats: [dir:127.0.0.1(id=0):30992#bh64] Outgoing packet delivery summary - 167 delivered, 0 of those out-of-order, 0 lost - highest loss fraction seen 0.000
client level=info t=158328 ev=retail site=84 text=networking:channel: channel dir:127.0.0.1(id=0):30992#bh64(id '4') (ra: ''dir:127.0.0.1(id=0):30992'') state change connected -> closed
client level=info t=158328 ev=retail site=85 text=networking:channel_manager: channel 'dir:127.0.0.1(id=0):30992#bh64' (1): channel closed (reason=channel-manager-owners-released) because 'dir:127.0.0.1(id=0):30992' can't be reached, resetting security
server level=info t=158328 ev=mission_script stage=close result=stale_generation session=11433003384888623105 activity_row=8
server level=warn t=158328 ev=mission_script stage=attach result=no_activity_link session=11433003384888623105
server level=info t=158328 ev=gameplay stage=peer result=closed reason=10
client level=info t=158359 ev=retail site=36 text=world_controller:task_manager: Completed task 'ENUM(23)' after '180ms'.
client level=info t=158594 ev=probe stage=hosttail client=0x251E47DF980 b=00000000000000000000000000000000000000000000000000000000000000000000000000000000FFFFFFFF00000000
client level=info t=158594 ev=probe stage=grant client=0x251E47DF980 status=0x0000 pending=157 dirty=1 receipt=0
client level=info t=158844 ev=nettick stage=sample latch=1 callbacks=14508
client level=info t=159453 ev=retail site=36 text=world_controller:task_manager: Completed task 'ENUM(22)' after '1129ms'.
client level=info t=159453 ev=retail site=35 text=world_controller:task_manager: Started   task 'ENUM(35)'.
client level=info t=159453 ev=retail site=35 text=world_controller:task_manager: Started   task 'ENUM(40)'.
client level=info t=159453 ev=retail site=36 text=world_controller:task_manager: Completed task 'ENUM(40)' after '0ms'.
client level=info t=159984 ev=retail site=36 text=world_controller:task_manager: Completed task 'ENUM(53)' after '1663ms'.
client level=info t=160594 ev=retail site=24 text=world_controller: successfully changed world to: orbit_d2
client level=info t=160594 ev=retail site=36 text=world_controller:task_manager: Completed task 'ENUM(35)' after '1152ms'.
client level=info t=160594 ev=retail site=18 text=world_controller:retail_datamine: Total time spent: [2456] ms in world controller state: [28] name: [cleanup]
client level=info t=160594 ev=retail site=3 text=world_controller:state_manager: Entering state 'setup:orbit' for reason 'unavailable'.
client level=info t=160594 ev=retail site=46 text=world_controller:slice_set_transition_manager: Mode changed from 'disabled' to 'fully_enabled'.
client level=info t=160594 ev=retail site=12 text=world_controller:retail_datamine: Timed operation: [ENUM(16)], took: [2456 ms], average: [2456.000000 ms], min: [2456.000000], max: [2456.000000], count: [1]
client level=info t=160594 ev=retail site=47 text=world_controller:slice_set_transition_manager: Failed to find the Orbit slice-set name for destination 'HASH(0x13a023bc)', so we're falling back to a new character (Orbit destination 'HASH(0x59ad083e)', slice-set 'HASH(0x841b4ef7)').
client level=info t=160594 ev=retail site=48 text=world_controller:slice_set_transition_manager: Starting a new transition of type 'transitioning:orbit' to 'PRV24.24 (HASH: 0x841b4ef7)'; token advanced to 001
client level=info t=160594 ev=probe stage=hosttail client=0x251E47DF980 b=00000000000000000000000000000000000000000000000000000000000000000000000000000000FFFFFFFF00000000
client level=info t=160594 ev=probe stage=grant client=0x251E47DF980 status=0x0000 pending=157 dirty=1 receipt=0
server level=info t=160734 ev=ws701 stage=profile_setup result=complete
server level=info t=160750 ev=activity stage=writeback result=ok world_state=1
client level=info t=160875 ev=nettick stage=sample latch=1 callbacks=14565
client level=info t=161203 ev=retail site=49 text=world_controller:slice_set_transition_manager: Stopping transition of type 'transitioning:orbit' due to completed
client level=info t=161641 ev=retail site=18 text=world_controller:retail_datamine: Total time spent: [1034] ms in world controller state: [29] name: [setup:orbit]
client level=info t=161641 ev=retail site=46 text=world_controller:slice_set_transition_manager: Mode changed from 'fully_enabled' to 'disabled'.
client level=info t=161641 ev=retail site=50 text=networking:online:matchmaking: Active matchmaking interface type: 0
client level=info t=161641 ev=retail site=3 text=world_controller:state_manager: Entering state 'setup:activity_session_creation' for reason 'unavailable'.
client level=info t=161641 ev=retail site=51 text=world_controller:task_manager: Started   task 'ENUM(0)'.
client level=info t=161641 ev=retail site=51 text=world_controller:task_manager: Started   task 'ENUM(4)'.
client level=info t=161641 ev=retail site=52 text=world_controller:task_manager: Completed task 'ENUM(4)' after '0ms'.
client level=info t=161641 ev=retail site=53 text=world_controller:state:activity_session_creation: Waiting for session peer properties to be in the expected state (no AH ids). FT [EXPECTED], POSSE [WAITING]
client level=info t=161641 ev=retail site=51 text=world_controller:task_manager: Started   task 'ENUM(5)'.
client level=info t=161734 ev=retail site=50 text=networking:online:matchmaking: Active matchmaking interface type: 0
client level=info t=161734 ev=retail site=52 text=world_controller:task_manager: Completed task 'ENUM(0)' after '99ms'.
client level=info t=161734 ev=retail site=51 text=world_controller:task_manager: Started   task 'ENUM(1)'.
server level=info t=161750 ev=bap svc=42 stage=configuration result=ok activity_hash=0x3FF918C6 type_hash=0xD07BB2D7 activity=29 name=mercury_freeroam current_activity_policy=0 changed=0
server level=info t=161813 ev=ws701 stage=profile_setup result=complete
server level=info t=161813 ev=activity stage=writeback result=ok world_state=1
client level=info t=161828 ev=retail site=52 text=world_controller:task_manager: Completed task 'ENUM(1)' after '100ms'.
client level=info t=161828 ev=retail site=51 text=world_controller:task_manager: Started   task 'ENUM(2)'.
client level=info t=162234 ev=retail site=40 text=networking:session:membership:dump: [posse:00000000:00000000] update_number: 2, leader_peer_index: # 0, host_peer_index: # 0
client level=info t=162234 ev=retail site=41 text=networking:session:membership:dump:   peers valid: 0x1, non-dormant: 0x1, changed: 0x1, removed: 0x0; players valid: 0x1, changed: 0x0, removed: 0x0
client level=info t=162234 ev=retail site=42 text=networking:session:membership:dump:   peer # 0 a=[steamid:76561198776753861#68f45249fadf0082] s=          _connected o=-1 j=[XXXXXXXX-XXXXXXXX] amb=[XXXXXXXX-XXXXXXXX] pc=1 peer_name=<UNKNOWN PEER NAME> session_id=Tue_09082026_214723_021716@x64@unknown_pc_user@B0_A1_25_FC_EC_00_F935 flags=6
client level=info t=162234 ev=retail site=37 text=networking:session: [posse:00000000:00000000] session state is changing from 'none' to 'host-established'.
client level=info t=162234 ev=retail site=54 text=networking:session:create: join-driven session creation (local and remote peers) assigned a promordial join nonce of 32E103D3-916ED6B7
client level=info t=162234 ev=retail site=40 text=networking:session:membership:dump: [posse:00000000:00000000] update_number: 5, leader_peer_index: # 0, host_peer_index: # 0
client level=info t=162234 ev=retail site=41 text=networking:session:membership:dump:   peers valid: 0x1, non-dormant: 0x1, changed: 0x1, removed: 0x0; players valid: 0x1, changed: 0x0, removed: 0x0
client level=info t=162234 ev=retail site=42 text=networking:session:membership:dump:   peer # 0 a=[steamid:76561198776753861#68f45249fadf0082] s=            _joining o=-1 j=[32E103D3-916ED6B7] amb=[XXXXXXXX-XXXXXXXX] pc=1 peer_name=<UNKNOWN PEER NAME> session_id=Tue_09082026_214723_021716@x64@unknown_pc_user@B0_A1_25_FC_EC_00_F935 flags=6
client level=info t=162266 ev=retail site=51 text=world_controller:task_manager: Started   task 'ENUM(3)'.
client level=info t=162266 ev=retail site=52 text=world_controller:task_manager: Completed task 'ENUM(3)' after '0ms'.
client level=info t=162266 ev=retail site=52 text=world_controller:task_manager: Completed task 'ENUM(5)' after '634ms'.
client level=info t=162266 ev=retail site=55 text=world_controller:session_manager: PRIVATE session [posse:00000000:00000000] unable to get session keys.
client level=info t=162344 ev=retail site=52 text=world_controller:task_manager: Completed task 'ENUM(2)' after '501ms'.
client level=info t=162344 ev=retail site=56 text=world_controller:state:activity_session_creation: As HOST, peers done: skill read: , config refresh: 0, reputation read: 0
client level=info t=162375 ev=retail site=43 text=networking:session:process-pending-joins: [posse:4D9AFD9C:49CC32AD] marking all peers in join [32E103D3-916ED6B7] as joined
client level=info t=162375 ev=retail site=40 text=networking:session:membership:dump: [posse:4D9AFD9C:49CC32AD] update_number: 7, leader_peer_index: # 0, host_peer_index: # 0
client level=info t=162375 ev=retail site=41 text=networking:session:membership:dump:   peers valid: 0x1, non-dormant: 0x1, changed: 0x1, removed: 0x0; players valid: 0x1, changed: 0x0, removed: 0x0
client level=info t=162375 ev=retail site=42 text=networking:session:membership:dump:   peer # 0 a=[steamid:76561198776753861#68f45249fadf0082] s=            _waiting o=-1 j=[32E103D3-916ED6B7] amb=[XXXXXXXX-XXXXXXXX] pc=1 peer_name=<UNKNOWN PEER NAME> session_id=Tue_09082026_214723_021716@x64@unknown_pc_user@B0_A1_25_FC_EC_00_F935 flags=6
client level=info t=162375 ev=retail site=44 text=networking:session:process-pending-joins: [posse:4D9AFD9C:49CC32AD] marking all peers in join [32E103D3-916ED6B7] as ready, [134] ms since peer [0] created, [162464] since join was queued
client level=info t=162375 ev=retail site=40 text=networking:session:membership:dump: [posse:4D9AFD9C:49CC32AD] update_number: 8, leader_peer_index: # 0, host_peer_index: # 0
client level=info t=162375 ev=retail site=41 text=networking:session:membership:dump:   peers valid: 0x1, non-dormant: 0x1, changed: 0x1, removed: 0x0; players valid: 0x1, changed: 0x0, removed: 0x0
client level=info t=162375 ev=retail site=42 text=networking:session:membership:dump:   peer # 0 a=[steamid:76561198776753861#68f45249fadf0082] s=              _ready o=-1 j=[32E103D3-916ED6B7] amb=[XXXXXXXX-XXXXXXXX] pc=1 peer_name=<UNKNOWN PEER NAME> session_id=Tue_09082026_214723_021716@x64@unknown_pc_user@B0_A1_25_FC_EC_00_F935 flags=6
client level=info t=162438 ev=retail site=40 text=networking:session:membership:dump: [posse:4D9AFD9C:49CC32AD] update_number: 9, leader_peer_index: # 0, host_peer_index: # 0
client level=info t=162438 ev=retail site=41 text=networking:session:membership:dump:   peers valid: 0x1, non-dormant: 0x1, changed: 0xffffffff, removed: 0x0; players valid: 0x1, changed: 0xffffffff, removed: 0x0
client level=info t=162438 ev=retail site=42 text=networking:session:membership:dump:   peer # 0 a=[steamid:76561198776753861#68f45249fadf0082] s=              _ready o=-1 j=[32E103D3-916ED6B7] amb=[XXXXXXXX-XXXXXXXX] pc=1 peer_name=<UNKNOWN PEER NAME> session_id=Tue_09082026_214723_021716@x64@unknown_pc_user@B0_A1_25_FC_EC_00_F935 flags=7
client level=info t=162438 ev=retail site=45 text=networking:session:process-pending-joins: [posse:4D9AFD9C:49CC32AD] marking all peers in join [32E103D3-916ED6B7] as established
client level=info t=162438 ev=retail site=40 text=networking:session:membership:dump: [posse:4D9AFD9C:49CC32AD] update_number: 11, leader_peer_index: # 0, host_peer_index: # 0
client level=info t=162438 ev=retail site=41 text=networking:session:membership:dump:   peers valid: 0x1, non-dormant: 0x1, changed: 0x1, removed: 0x0; players valid: 0x1, changed: 0x0, removed: 0x0
client level=info t=162438 ev=retail site=42 text=networking:session:membership:dump:   peer # 0 a=[steamid:76561198776753861#68f45249fadf0082] s=        _established o=-1 j=[XXXXXXXX-XXXXXXXX] amb=[XXXXXXXX-XXXXXXXX] pc=1 peer_name=<UNKNOWN PEER NAME> session_id=Tue_09082026_214723_021716@x64@unknown_pc_user@B0_A1_25_FC_EC_00_F935 flags=7
client level=info t=162469 ev=retail site=58 text=world_controller:state_manager: State 'setup:matchmaking' requested for reason 'unavailable', but we can't: 'active outbound FT join [IN-PROGRESS]'.
client level=info t=162531 ev=retail site=18 text=world_controller:retail_datamine: Total time spent: [902] ms in world controller state: [30] name: [setup:activity_session_creation]
client level=info t=162531 ev=retail site=3 text=world_controller:state_manager: Entering state 'setup:matchmaking' for reason 'unavailable'.
client level=info t=162531 ev=retail site=18 text=world_controller:retail_datamine: Total time spent: [0] ms in world controller state: [31] name: [setup:matchmaking]
client level=info t=162531 ev=retail site=59 text=world_controller:retail_datamine: Timed operation Matchmaking, took: [0 seconds]
client level=info t=162531 ev=retail site=3 text=world_controller:state_manager: Entering state 'setup:activity_host_setup' for reason 'unavailable'.
client level=info t=162609 ev=probe stage=hosttail client=0x251E47DF980 b=00000000000000000000000000000000000000000000000000000000000000000000000000000000FFFFFFFF00000000
client level=info t=162609 ev=probe stage=grant client=0x251E47DF980 status=0x0000 pending=157 dirty=1 receipt=0
client level=info t=162672 ev=retail site=60 text=networking:activity_client:messaging_interface:bap: AH IP resolution successful: 'proxy -> 127.0.0.1:30974'.
server level=info t=162703 ev=transport stage=accept result=ok conn=2
server level=warn t=162844 ev=bap svc=25 stage=plaintext result=shape_accepted conn=2 len=36 b0=0A b1=20 b34=10 b35=02
client level=info t=162875 ev=nettick stage=sample latch=1 callbacks=14626
client level=info t=162906 ev=retail site=61 text=world_controller:activity_manager: Connected 'PRIVATE CURRENT' activity client.
client level=info t=162906 ev=retail site=62 text=world_controller:activity_manager: 'PRIVATE CURRENT' activity client requesting activity host startup [activity: 0x001d (HASH(0x3ff918c6))(type: HASH(0xd07bb2d7))(grognok: mercury_freeroam)(destination: HASH(0x76d13282))(nonce: EC71AF64-E1ED2FBF) for reason 'ENUM(0)'(override: mercury_freeroam)][reservation count 1].
server level=warn t=162906 ev=mission_script stage=attach result=activity_join_pending session=11433003384888623115
client level=info t=162969 ev=retail site=63 text=networking:activity_client:receive_message_from_host: [AC PRIVATE CURRENT CON-Y EST-N AH->0 MEM-0] received startup response from AH [id 9EAA3001:0020000B][session ]
client level=info t=163000 ev=retail site=64 text=networking:activity_client: [AC PRIVATE CURRENT CON-Y EST-N AH->0 MEM-0] Sent join request: [AH 9EAA3001:0020000B][nonce 2079638211] identity:[account -7013740688821976832][character -7013740688821976831][machine B0:A1:25:FC:EC:00:F935][player 94:FF:6E:03:13:5D:69:94] [global resources 0x6c] (part 1/2)
client level=info t=163000 ev=retail site=65 text=networking:activity_client: [AC PRIVATE CURRENT CON-Y EST-N AH->0 MEM-0] Properties [session Tue_09082026_214723_021716@x64@76561198776753861@B0_A1_25_FC_EC_00_F935][FAH --------:--------][GAH --------:--------][FTID 0xb94cb5669120f175] (part 2/2)
client level=info t=163000 ev=retail site=66 text=world_controller:activity_manager: 'PRIVATE CURRENT' activity client sent join request to AH 9EAA3001:0020000B, host=Tue_09082026_214723_021716@x64@unknown_pc_user@B0_A1_25_FC_EC_00_F935
server level=info t=163031 ev=gameplay stage=activityhost result=allocated session=0x9EAA30010020000C group=0xD2990C5DD3D36CF3 generation=10 port=30994 held=10
server level=info t=163047 ev=gameplay stage=advertise result=ok region=120 region_source=arrival ambassador_slot=1
server level=warn t=163047 ev=activity stage=roster result=no_epoch soid=0x9EAA30010020000B public=0 dest= groups=0 top=0 sub=0 subkeys=0 objects=0 bytes=0 state=0 auth=0 authstate=-1 authfirst=-1:-1:0x0:0x0 authlast=-1:-1:0x0:0x0 sceneempty=0 engageempty=0 keygroup=0x0 grant=-1 region=0 slice=0 spawn=0x0 join=0x9EAA300100100101 player=0x0 pending_region=-1 current_region=-1 client_bubble=-1 held=-1 entered=0 selected=0 hash=0x0000000000000000 force=0x00
server level=info t=163047 ev=mission_script stage=open result=no_script session=11433003384888623115 activity_row=30
server level=warn t=163047 ev=mission_script stage=attach result=no_script session=11433003384888623115 activity_row=30
server level=warn t=163047 ev=mission_script stage=attach result=no_activity_link session=11433003384888623116
server level=info t=163047 ev=gameplay stage=activityhost result=retired session=0x9EAA300100200003 generation=2 state=freed
server level=info t=163047 ev=gameplay stage=activityhost result=retired session=0x9EAA300100200004 generation=3 state=freed
server level=info t=163047 ev=gameplay stage=activityhost result=retired session=0x9EAA300100200005 generation=4 state=freed
server level=info t=163047 ev=gameplay stage=activityhost result=retired session=0x9EAA300100200006 generation=5 state=freed
server level=info t=163047 ev=gameplay stage=activityhost result=retired session=0x9EAA300100200007 generation=6 state=freed
server level=info t=163047 ev=gameplay stage=activityhost result=retired session=0x9EAA300100200008 generation=7 state=freed
server level=info t=163047 ev=gameplay stage=activityhost result=retired session=0x9EAA300100200009 generation=8 state=freed
server level=info t=163047 ev=gameplay stage=activityhost result=allocated session=0x9EAA30010020000D group=0x8496FD4986ADB50B generation=11 port=30978 held=2
server level=info t=163047 ev=gameplay stage=activityhost result=allocated session=0x9EAA30010020000E group=0x9552C375807995A3 generation=12 port=30980 held=3
server level=info t=163047 ev=gameplay stage=activityhost result=allocated session=0x9EAA30010020000F group=0x9B0E91A18A15F47B generation=13 port=30982 held=4
server level=info t=163047 ev=gameplay stage=activityhost result=allocated session=0x9EAA300100200010 group=0x69CB67ED97A1D713 generation=14 port=30984 held=5
server level=info t=163047 ev=gameplay stage=activityhost result=allocated session=0x9EAA300100200011 group=0x7F873419917E37AB generation=15 port=30986 held=6
server level=info t=163047 ev=gameplay stage=activityhost result=allocated session=0x9EAA300100200012 group=0x4C43FA459B0A1643 generation=16 port=30988 held=7
server level=info t=163047 ev=gameplay stage=activityhost result=allocated session=0x9EAA300100200013 group=0x523FC871A4A6091B generation=17 port=30990 held=8
server level=warn t=163063 ev=mission_script stage=attach result=no_activity_link session=11433003384888623117
server level=warn t=163063 ev=mission_script stage=attach result=no_activity_link session=11433003384888623118
server level=warn t=163063 ev=mission_script stage=attach result=no_activity_link session=11433003384888623119
server level=warn t=163063 ev=mission_script stage=attach result=no_activity_link session=11433003384888623120
server level=warn t=163063 ev=mission_script stage=attach result=no_activity_link session=11433003384888623121
server level=warn t=163063 ev=mission_script stage=attach result=no_activity_link session=11433003384888623122
server level=warn t=163063 ev=mission_script stage=attach result=no_activity_link session=11433003384888623123
client level=info t=163109 ev=retail site=67 text=networking:activity_client:receive_message_from_host: [AC PRIVATE CURRENT CON-Y EST-N AH->0 MEM-0] Received join result from AH '9EAA3001:0020000B' [nonce 2079638211][result 0][session id ][replication epoch 0].
client level=info t=163109 ev=retail site=68 text=networking:activity_client:activity_host_changed: instance=PRIVATE CURRENT, ah-sid=, zombie-instance-nonce=0
client level=info t=163109 ev=probe stage=msg12 result=received client=0x251E47DF980 slot=0 label=PRIVATE CURRENT member=0x35F900ECFC25A1B0 status=0x00FE->0x01FE flag=1
client level=info t=163109 ev=probe stage=bind client=0x251E47DF980 established=0x9EAA30010020000B slotrec=0x251CBCBD9A0 roster=0x2528926BC80 receipt=0
client level=info t=163172 ev=probe stage=msg12 result=received client=0x251E47DF980 slot=0 label=PRIVATE CURRENT member=0x35F900ECFC25A1B0 status=0x01FE->0x01FE flag=1
client level=info t=163172 ev=probe stage=bind client=0x251E47DF980 established=0x9EAA30010020000B slotrec=0x251CBCBD9A0 roster=0x2528926BC80 receipt=0
client level=info t=163203 ev=retail site=69 text=world_controller:state:activity_setup: 'NOJIP' flow, waiting. posse_peers_not_ready_sanitized=0, posse_peers_not_ready=0
client level=info t=163203 ev=probe stage=msg12 result=received client=0x251E47DF980 slot=0 label=PRIVATE CURRENT member=0x35F900ECFC25A1B0 status=0x01FE->0x01FE flag=1
client level=info t=163203 ev=probe stage=bind client=0x251E47DF980 established=0x9EAA30010020000B slotrec=0x251CBCBD9A0 roster=0x2528926BC80 receipt=0
client level=info t=163469 ev=retail site=18 text=world_controller:retail_datamine: Total time spent: [934] ms in world controller state: [32] name: [setup:activity_host_setup]
client level=info t=163469 ev=retail site=3 text=world_controller:state_manager: Entering state 'setup:prologue_intro_loading' for reason 'unavailable'.
client level=info t=163469 ev=retail site=70 text=world_controller:task_manager: Started   task 'ENUM(0)'.
client level=info t=163703 ev=retail site=71 text=world_controller:task_manager: Completed task 'ENUM(0)' after '234ms'.
client level=info t=163703 ev=retail site=70 text=world_controller:task_manager: Started   task 'ENUM(1)'.
client level=info t=163813 ev=retail site=71 text=world_controller:task_manager: Completed task 'ENUM(1)' after '100ms'.
client level=info t=163813 ev=retail site=18 text=world_controller:retail_datamine: Total time spent: [334] ms in world controller state: [33] name: [setup:prologue_intro_loading]
client level=info t=163813 ev=retail site=3 text=world_controller:state_manager: Entering state 'setup:orbit_outro' for reason 'unavailable'.
client level=info t=163875 ev=probe stage=msg12 result=received client=0x251E47DF980 slot=0 label=PRIVATE CURRENT member=0x35F900ECFC25A1B0 status=0x01FE->0x01FE flag=1
client level=info t=163875 ev=probe stage=bind client=0x251E47DF980 established=0x9EAA30010020000B slotrec=0x251CBCBD9A0 roster=0x2528926BC80 receipt=0
client level=info t=164609 ev=probe stage=hosttail client=0x251E47DF980 b=00000000000000000000000000000000000000000000000000000000000000000000000000000000FFFFFFFF00000000
client level=info t=164609 ev=probe stage=grant client=0x251E47DF980 status=0x01FE pending=7936 dirty=0 receipt=0
client level=info t=164875 ev=nettick stage=sample latch=1 callbacks=14686
client level=info t=165906 ev=probe stage=msg12 result=received client=0x251E47DF980 slot=0 label=PRIVATE CURRENT member=0x35F900ECFC25A1B0 status=0x01FE->0x01FE flag=1
client level=info t=165906 ev=probe stage=bind client=0x251E47DF980 established=0x9EAA30010020000B slotrec=0x251CBCBD9A0 roster=0x2528926BC80 receipt=0
client level=info t=166609 ev=probe stage=hosttail client=0x251E47DF980 b=00000000000000000000000000000000000000000000000000000000000000000000000000000000FFFFFFFF00000000
client level=info t=166609 ev=probe stage=grant client=0x251E47DF980 status=0x01FE pending=7936 dirty=0 receipt=0
client level=info t=166875 ev=nettick stage=sample latch=1 callbacks=14746
server level=info t=168344 ev=gameplay stage=association result=timeout
client level=info t=168609 ev=probe stage=hosttail client=0x251E47DF980 b=00000000000000000000000000000000000000000000000000000000000000000000000000000000FFFFFFFF00000000
client level=info t=168609 ev=probe stage=grant client=0x251E47DF980 status=0x01FE pending=7936 dirty=0 receipt=0
client level=info t=168875 ev=nettick stage=sample latch=1 callbacks=14806
client level=info t=170453 ev=retail site=18 text=world_controller:retail_datamine: Total time spent: [6641] ms in world controller state: [34] name: [setup:orbit_outro]
client level=info t=170453 ev=retail site=3 text=world_controller:state_manager: Entering state 'setup:activity_world_transition' for reason 'unavailable'.
client level=info t=170453 ev=retail site=73 text=world_controller:task_manager: Started   task 'ENUM(0)'.
client level=info t=170453 ev=retail site=73 text=world_controller:task_manager: Started   task 'ENUM(1)'.
client level=info t=170453 ev=retail site=74 text=world_controller:task_manager: Completed task 'ENUM(1)' after '0ms'.
client level=info t=170672 ev=bootflow stage=owner_slot result=forced was=0 now=1
client level=info t=170672 ev=retail site=24 text=world_controller: successfully changed world to: mercury_freeroam
client level=info t=170672 ev=retail site=75 text=networking:update: *** it has been 228 milliseconds since the last network update (longest expected: '500')
client level=info t=170672 ev=retail site=74 text=world_controller:task_manager: Completed task 'ENUM(0)' after '228ms'.
client level=info t=170672 ev=retail site=18 text=world_controller:retail_datamine: Total time spent: [228] ms in world controller state: [35] name: [setup:activity_world_transition]
client level=info t=170672 ev=retail site=3 text=world_controller:state_manager: Entering state 'activity:initial_slice_set_loading' for reason 'unavailable'.
client level=info t=170688 ev=retail site=76 text=world_controller:task_manager: Started   task 'ENUM(0)'.
client level=info t=170688 ev=retail site=76 text=world_controller:task_manager: Started   task 'ENUM(1)'.
client level=info t=170688 ev=retail site=76 text=world_controller:task_manager: Started   task 'ENUM(4)'.
client level=info t=170688 ev=probe stage=hosttail client=0x251E47DF980 b=00000000000000000000000000000000000000000000000000000000000000000000000000000000FFFFFFFF00000000
client level=info t=170688 ev=probe stage=grant client=0x251E47DF980 status=0x01FE pending=7936 dirty=1 receipt=1
server level=info t=170688 ev=gameplay stage=response result=ok wordb=3 signon=0
client level=info t=170734 ev=retail site=77 text=world_controller:task_manager: Completed task 'ENUM(1)' after '59ms'.
client level=info t=170734 ev=retail site=46 text=world_controller:slice_set_transition_manager: Mode changed from 'disabled' to 'initial_slice_set_precaching'.
client level=info t=170734 ev=retail site=76 text=world_controller:task_manager: Started   task 'ENUM(2)'.
client level=info t=170734 ev=retail site=76 text=world_controller:task_manager: Started   task 'ENUM(3)'.
client level=info t=170734 ev=retail site=77 text=world_controller:task_manager: Completed task 'ENUM(4)' after '59ms'.
client level=info t=170734 ev=retail site=76 text=world_controller:task_manager: Started   task 'ENUM(6)'.
client level=info t=170734 ev=retail site=76 text=world_controller:task_manager: Started   task 'ENUM(7)'.
client level=info t=170734 ev=bootflow stage=region result=forced slice_set=120
client level=info t=170734 ev=retail site=48 text=world_controller:slice_set_transition_manager: Starting a new transition of type 'transitioning:initial_slice_set' to 'PRV120.1 (HASH: 0xa83a9175)'; token advanced to 001
server level=info t=170750 ev=gameplay stage=connect result=ok peer=2003 local=0x00000003 remote=0x00000008 rebuilt=0
server level=info t=170750 ev=gameplay stage=establish result=queued local=0x00000003 remote=0x00000008
client level=info t=170781 ev=retail site=77 text=world_controller:task_manager: Completed task 'ENUM(0)' after '92ms'.
client level=info t=170781 ev=retail site=76 text=world_controller:task_manager: Started   task 'ENUM(5)'.
server level=info t=170813 ev=ws701 stage=profile_setup result=complete
server level=info t=170828 ev=activity stage=writeback result=ok world_state=1
server level=info t=170828 ev=gameplay stage=advertise result=ok region=120 region_source=reported ambassador_slot=1
client level=info t=170875 ev=nettick stage=sample latch=1 callbacks=14860
client level=info t=170906 ev=probe stage=msg12 result=received client=0x251E47DF980 slot=0 label=PRIVATE CURRENT member=0x35F900ECFC25A1B0 status=0x01FE->0x01FE flag=1
client level=info t=170906 ev=probe stage=bind client=0x251E47DF980 established=0x9EAA30010020000B slotrec=0x251CBCBD9A0 roster=0x2528926BC80 receipt=1
client level=info t=170906 ev=probe stage=msg12 result=received client=0x251E47DF980 slot=0 label=PRIVATE CURRENT member=0x35F900ECFC25A1B0 status=0x01FE->0x01FE flag=1
client level=info t=170906 ev=probe stage=bind client=0x251E47DF980 established=0x9EAA30010020000B slotrec=0x251CBCBD9A0 roster=0x2528926BC80 receipt=1
client level=info t=171547 ev=retail site=77 text=world_controller:task_manager: Completed task 'ENUM(5)' after '768ms'.
server level=info t=171781 ev=gameplay stage=message result=ok id=8 peerstage=5
server level=info t=171781 ev=gameplay stage=sendqueue result=cleared packet=1 base=4 entries=0
server level=info t=171953 ev=gameplay stage=message result=ok id=40 peerstage=5
server level=info t=171953 ev=gameplay stage=view result=queued remote=1 local=1 token=0x9EAA30010020000B list=0
server level=info t=172016 ev=gameplay stage=message result=ok id=40 peerstage=5
server level=info t=172016 ev=gameplay stage=view result=queued remote=2 local=2 token=0x9EAA30010020000B list=15
server level=info t=172016 ev=gameplay stage=sendqueue result=cleared packet=7 base=7 entries=0
server level=info t=172094 ev=gameplay stage=message result=ok id=40 peerstage=5
server level=info t=172094 ev=gameplay stage=view result=queued remote=3 local=3 token=0x9EAA30010020000B list=0
server level=info t=172094 ev=gameplay stage=message result=ok id=40 peerstage=5
server level=info t=172094 ev=gameplay stage=view result=queued remote=4 local=4 token=0x9EAA30010020000B list=0
server level=info t=172094 ev=gameplay stage=sendqueue result=cleared packet=8 base=8 entries=0
server level=info t=172141 ev=gameplay stage=message result=ok id=40 peerstage=5
server level=warn t=172141 ev=gameplay stage=view result=refused remote=5 local=0 token=0x9EAA30010020000B list=0
server level=info t=172219 ev=gameplay stage=sendqueue result=cleared packet=9 base=9 entries=0
client level=info t=172547 ev=retail site=77 text=world_controller:task_manager: Completed task 'ENUM(6)' after '1802ms'.
client level=info t=172719 ev=probe stage=hosttail client=0x251E47DF980 b=00000000000000000000000000000000000000000000000000000000000000000000000000000000FFFFFFFF00000000
client level=info t=172719 ev=probe stage=grant client=0x251E47DF980 status=0x01FE pending=0 dirty=0 receipt=1
client level=info t=172875 ev=nettick stage=sample latch=1 callbacks=14920
server level=info t=174141 ev=gameplay stage=message result=ok id=4 peerstage=5
client level=info t=174719 ev=probe stage=hosttail client=0x251E47DF980 b=00000000000000000000000000000000000000000000000000000000000000000000000000000000FFFFFFFF00000000
client level=info t=174719 ev=probe stage=grant client=0x251E47DF980 status=0x01FE pending=0 dirty=0 receipt=1
client level=info t=174875 ev=nettick stage=sample latch=1 callbacks=14980
client level=info t=175609 ev=retail site=77 text=world_controller:task_manager: Completed task 'ENUM(2)' after '4873ms'.
client level=info t=175750 ev=retail site=78 text=world_controller:state:activity:initial_slice_set_loading: Timeout entering the prologue-filler (given 5000ms).
client level=info t=175781 ev=retail site=76 text=world_controller:task_manager: Started   task 'ENUM(9)'.
client level=info t=175844 ev=retail site=77 text=world_controller:task_manager: Completed task 'ENUM(3)' after '5107ms'.
client level=info t=175844 ev=retail site=46 text=world_controller:slice_set_transition_manager: Mode changed from 'initial_slice_set_precaching' to 'initial_slice_set_instantion'.
client level=info t=175844 ev=retail site=76 text=world_controller:task_manager: Started   task 'ENUM(8)'.
client level=info t=175875 ev=retail site=77 text=world_controller:task_manager: Completed task 'ENUM(8)' after '34ms'.
client level=info t=175875 ev=retail site=49 text=world_controller:slice_set_transition_manager: Stopping transition of type 'transitioning:initial_slice_set' due to completed
client level=info t=175953 ev=probe stage=msg12 result=received client=0x251E47DF980 slot=0 label=PRIVATE CURRENT member=0x35F900ECFC25A1B0 status=0x01FE->0x01FE flag=1
client level=info t=175953 ev=probe stage=bind client=0x251E47DF980 established=0x9EAA30010020000B slotrec=0x251CBCBD9A0 roster=0x2528926BC80 receipt=1
client level=info t=176016 ev=retail site=77 text=world_controller:task_manager: Completed task 'ENUM(9)' after '234ms'.
client level=info t=176016 ev=retail site=76 text=world_controller:task_manager: Started   task 'ENUM(10)'.
client level=info t=176016 ev=probe stage=msg12 result=received client=0x251E47DF980 slot=0 label=PRIVATE CURRENT member=0x35F900ECFC25A1B0 status=0x01FE->0x01FE flag=1
client level=info t=176016 ev=probe stage=bind client=0x251E47DF980 established=0x9EAA30010020000B slotrec=0x251CBCBD9A0 roster=0x2528926BC80 receipt=1
server level=info t=176188 ev=gameplay stage=message result=ok id=4 peerstage=5
client level=info t=176719 ev=probe stage=hosttail client=0x251E47DF980 b=00000000000000000000000000000000000000000000000000000000000000000000000000000000FFFFFFFF00000000
client level=info t=176719 ev=probe stage=grant client=0x251E47DF980 status=0x01FE pending=0 dirty=0 receipt=1
client level=info t=176891 ev=nettick stage=sample latch=1 callbacks=15040
client level=info t=177891 ev=retail site=77 text=world_controller:task_manager: Completed task 'ENUM(10)' after '1869ms'.
client level=info t=177891 ev=retail site=18 text=world_controller:retail_datamine: Total time spent: [7210] ms in world controller state: [36] name: [activity:initial_slice_set_loading]
client level=info t=177891 ev=retail site=3 text=world_controller:state_manager: Entering state 'activity:physics_join' for reason 'unavailable'.
client level=info t=177891 ev=retail site=79 text=world_controller:task_manager: Started   task 'ENUM(0)'.
client level=info t=178719 ev=probe stage=hosttail client=0x251E47DF980 b=00000000000000000000000000000000000000000000000000000000000000000000000000000000FFFFFFFF00000000
client level=info t=178719 ev=probe stage=grant client=0x251E47DF980 status=0x01FE pending=0 dirty=0 receipt=1
client level=info t=178891 ev=nettick stage=sample latch=1 callbacks=15100
server level=info t=179328 ev=gameplay stage=message result=ok id=4 peerstage=5
client level=info t=179953 ev=retail site=98 text=networking:bandwidth: min_channels: 0 max channels: 1 max bps: 43904 avg cong bps: -1 low cong bps: -1 hi cong bps: -1 lat avg: -1 lat hi avg: 0 lat avg var: -1 pct loss: 0.00 pct loss hi avg: [0.00].
client level=info t=179953 ev=retail site=99 text=networking:bandwidth: machine [F3:6C:D3:D3:5D:0C:99D2] longest reception gap [-1ms] longest ack gap [-1ms] pct loss [0.00] disc count [0] sps [10] rps [10] bh: [y].
client level=info t=180719 ev=probe stage=hosttail client=0x251E47DF980 b=00000000000000000000000000000000000000000000000000000000000000000000000000000000FFFFFFFF00000000
client level=info t=180719 ev=probe stage=grant client=0x251E47DF980 status=0x01FE pending=0 dirty=0 receipt=1
client level=info t=180891 ev=nettick stage=sample latch=1 callbacks=15160
client level=info t=181984 ev=retail site=82 text=networking:channel:packet_loss_stats: [dir:127.0.0.1(id=0):30994#bh64] Incoming packet read result summary - 8 ok, 0 discard, 120 discard-expected, 0 corrupt
client level=info t=181984 ev=retail site=83 text=networking:channel:packet_loss_stats: [dir:127.0.0.1(id=0):30994#bh64] Outgoing packet delivery summary - 123 delivered, 0 of those out-of-order, 0 lost - highest loss fraction seen 0.000
client level=info t=181984 ev=retail site=100 text=networking:stream_manager:retail: # 0 rx10.0/rxbps 5.8kb tx10.0/txbps32.6kb cx15.0pkts/33.0cxkbps lat=  0avg,  -1cg to=9999 aloc45.0kb max513.0kbps, loss=0.00pct loss dev 2.00pct rel=N, name=                            bh64
client level=info t=181984 ev=retail site=72 text=networking:stream_manager:retail: Local peer network quality = 1.000000/1.0, worst_axis = -1
server level=info t=182438 ev=gameplay stage=message result=ok id=4 peerstage=5
client level=info t=182719 ev=probe stage=hosttail client=0x251E47DF980 b=00000000000000000000000000000000000000000000000000000000000000000000000000000000FFFFFFFF00000000
client level=info t=182719 ev=probe stage=grant client=0x251E47DF980 status=0x01FE pending=0 dirty=0 receipt=1
client level=info t=182891 ev=nettick stage=sample latch=1 callbacks=15220
client level=info t=183953 ev=retail site=80 text=world_controller:task_manager: Completed task 'ENUM(0)' after '6074ms'.
client level=info t=183953 ev=retail site=18 text=world_controller:retail_datamine: Total time spent: [6075] ms in world controller state: [37] name: [activity:physics_join]
client level=info t=183953 ev=retail site=3 text=world_controller:state_manager: Entering state 'activity:in_world' for reason 'unavailable'.
client level=info t=183953 ev=retail site=81 text=world_controller:state:in_world: Starting activity '0x001d (HASH(0x3ff918c6))(type: HASH(0xd07bb2d7))(grognok: mercury_freeroam)(destination: HASH(0x76d13282))(nonce: EC71AF64-E1ED2FBF) for reason 'ENUM(0)'(override: mercury_freeroam)'.
client level=info t=183953 ev=retail site=12 text=world_controller:retail_datamine: Timed operation: [ENUM(17)], took: [22325 ms], average: [22131.000000 ms], min: [21937.000000], max: [22325.000000], count: [2]
client level=info t=184266 ev=retail site=46 text=world_controller:slice_set_transition_manager: Mode changed from 'initial_slice_set_instantion' to 'fully_enabled'.
client level=info t=184734 ev=probe stage=hosttail client=0x251E47DF980 b=00000000000000000000000000000000000000000000000000000000000000000000000000000000FFFFFFFF00000000
client level=info t=184734 ev=probe stage=grant client=0x251E47DF980 status=0x01FE pending=0 dirty=0 receipt=1
client level=info t=184891 ev=nettick stage=sample latch=1 callbacks=15280
server level=info t=185109 ev=ws701 stage=profile_setup result=complete
server level=info t=185109 ev=activity stage=writeback result=ok world_state=8
server level=info t=185531 ev=gameplay stage=message result=ok id=4 peerstage=5
client level=info t=186156 ev=retail site=10 text=application_state: Suspend state changed from [partial] to [active]
client level=info t=186734 ev=probe stage=hosttail client=0x251E47DF980 b=00000000000000000000000000000000000000000000000000000000000000000000000000000000FFFFFFFF00000000
client level=info t=186734 ev=probe stage=grant client=0x251E47DF980 status=0x01FE pending=0 dirty=0 receipt=1
client level=info t=186891 ev=nettick stage=sample latch=1 callbacks=15431
server level=info t=188641 ev=gameplay stage=message result=ok id=4 peerstage=5
client level=info t=188734 ev=probe stage=hosttail client=0x251E47DF980 b=00000000000000000000000000000000000000000000000000000000000000000000000000000000FFFFFFFF00000000
client level=info t=188734 ev=probe stage=grant client=0x251E47DF980 status=0x01FE pending=0 dirty=0 receipt=1
client level=info t=188891 ev=nettick stage=sample latch=1 callbacks=15853
client level=info t=190734 ev=probe stage=hosttail client=0x251E47DF980 b=00000000000000000000000000000000000000000000000000000000000000000000000000000000FFFFFFFF00000000
client level=info t=190734 ev=probe stage=grant client=0x251E47DF980 status=0x01FE pending=0 dirty=0 receipt=1
client level=info t=190891 ev=nettick stage=sample latch=1 callbacks=16247
server level=info t=191766 ev=gameplay stage=message result=ok id=4 peerstage=5
client level=info t=192734 ev=probe stage=hosttail client=0x251E47DF980 b=00000000000000000000000000000000000000000000000000000000000000000000000000000000FFFFFFFF00000000
client level=info t=192734 ev=probe stage=grant client=0x251E47DF980 status=0x01FE pending=0 dirty=0 receipt=1
client level=info t=192891 ev=nettick stage=sample latch=1 callbacks=16709
client level=info t=194734 ev=probe stage=hosttail client=0x251E47DF980 b=00000000000000000000000000000000000000000000000000000000000000000000000000000000FFFFFFFF00000000
client level=info t=194734 ev=probe stage=grant client=0x251E47DF980 status=0x01FE pending=0 dirty=0 receipt=1
server level=info t=194859 ev=gameplay stage=message result=ok id=4 peerstage=5
client level=info t=194891 ev=nettick stage=sample latch=1 callbacks=17118
client level=info t=194953 ev=retail site=10 text=application_state: Suspend state changed from [active] to [partial]
client level=info t=196750 ev=probe stage=hosttail client=0x251E47DF980 b=00000000000000000000000000000000000000000000000000000000000000000000000000000000FFFFFFFF00000000
client level=info t=196750 ev=probe stage=grant client=0x251E47DF980 status=0x01FE pending=0 dirty=0 receipt=1
client level=info t=196922 ev=nettick stage=sample latch=1 callbacks=17189
client level=info t=197047 ev=retail site=86 text=world_controller:state_manager: The host appears to be launching a different game, sploiking back out through orbit to sync up.
client level=info t=197047 ev=retail site=87 text=world_controller:state_manager: Prerequisite 'ENUM(30)' failed for reason 'unavailable' [context: ], proceeding to cleanup state.
client level=info t=197047 ev=retail site=18 text=world_controller:retail_datamine: Total time spent: [13091] ms in world controller state: [38] name: [activity:in_world]
client level=info t=197047 ev=retail site=46 text=world_controller:slice_set_transition_manager: Mode changed from 'fully_enabled' to 'disabled'.
client level=info t=197047 ev=retail site=3 text=world_controller:state_manager: Entering state 'cleanup' for reason 'unavailable'.
client level=info t=197047 ev=retail site=34 text=world_controller:state:cleanup: Requested task mask: '0x00e0010cb0fbdf3d'
client level=info t=197047 ev=retail site=35 text=world_controller:task_manager: Started   task 'ENUM(0)'.
client level=info t=197047 ev=retail site=36 text=world_controller:task_manager: Completed task 'ENUM(0)' after '0ms'.
client level=info t=197047 ev=retail site=35 text=world_controller:task_manager: Started   task 'ENUM(2)'.
client level=info t=197047 ev=retail site=36 text=world_controller:task_manager: Completed task 'ENUM(2)' after '0ms'.
client level=info t=197047 ev=retail site=35 text=world_controller:task_manager: Started   task 'ENUM(3)'.
client level=info t=197047 ev=retail site=36 text=world_controller:task_manager: Completed task 'ENUM(3)' after '0ms'.
client level=info t=197047 ev=retail site=35 text=world_controller:task_manager: Started   task 'ENUM(4)'.
client level=info t=197047 ev=retail site=35 text=world_controller:task_manager: Started   task 'ENUM(5)'.
client level=info t=197047 ev=retail site=36 text=world_controller:task_manager: Completed task 'ENUM(5)' after '0ms'.
client level=info t=197047 ev=retail site=35 text=world_controller:task_manager: Started   task 'ENUM(8)'.
client level=info t=197047 ev=retail site=36 text=world_controller:task_manager: Completed task 'ENUM(8)' after '0ms'.
client level=info t=197047 ev=retail site=35 text=world_controller:task_manager: Started   task 'ENUM(9)'.
client level=info t=197047 ev=retail site=36 text=world_controller:task_manager: Completed task 'ENUM(9)' after '0ms'.
client level=info t=197047 ev=retail site=35 text=world_controller:task_manager: Started   task 'ENUM(10)'.
client level=info t=197047 ev=retail site=36 text=world_controller:task_manager: Completed task 'ENUM(10)' after '0ms'.
client level=info t=197047 ev=retail site=88 text=networking:session:handoff: [posse:4D9AFD9C:49CC32AD] leaving session 'gracefully' (state host-established)
client level=info t=197047 ev=retail site=89 text=networking:session:protocol: [posse:4D9AFD9C:49CC32AD] host-handoff (leaving), target peer '-1', nobody else in session, leaving immediately
client level=info t=197047 ev=retail site=88 text=networking:session:handoff: [posse:4D9AFD9C:49CC32AD] leaving session 'immediately' (state host-established)
client level=info t=197047 ev=retail site=37 text=networking:session: [posse:4D9AFD9C:49CC32AD] session state is changing from 'host-established' to 'host-disband'.
client level=info t=197047 ev=retail site=35 text=world_controller:task_manager: Started   task 'ENUM(11)'.
client level=info t=197047 ev=retail site=35 text=world_controller:task_manager: Started   task 'ENUM(12)'.
client level=info t=197047 ev=retail site=36 text=world_controller:task_manager: Completed task 'ENUM(12)' after '0ms'.
client level=info t=197047 ev=retail site=35 text=world_controller:task_manager: Started   task 'ENUM(14)'.
client level=info t=197047 ev=retail site=36 text=world_controller:task_manager: Completed task 'ENUM(14)' after '0ms'.
client level=info t=197047 ev=retail site=35 text=world_controller:task_manager: Started   task 'ENUM(15)'.
client level=info t=197047 ev=retail site=36 text=world_controller:task_manager: Completed task 'ENUM(15)' after '0ms'.
client level=info t=197047 ev=retail site=35 text=world_controller:task_manager: Started   task 'ENUM(16)'.
client level=info t=197047 ev=retail site=36 text=world_controller:task_manager: Completed task 'ENUM(16)' after '0ms'.
client level=info t=197047 ev=retail site=35 text=world_controller:task_manager: Started   task 'ENUM(17)'.
client level=info t=197047 ev=retail site=35 text=world_controller:task_manager: Started   task 'ENUM(19)'.
client level=info t=197047 ev=retail site=35 text=world_controller:task_manager: Started   task 'ENUM(20)'.
client level=info t=197047 ev=retail site=36 text=world_controller:task_manager: Completed task 'ENUM(20)' after '0ms'.
client level=info t=197047 ev=retail site=35 text=world_controller:task_manager: Started   task 'ENUM(21)'.
client level=info t=197047 ev=retail site=35 text=world_controller:task_manager: Started   task 'ENUM(28)'.
client level=info t=197047 ev=retail site=35 text=world_controller:task_manager: Started   task 'ENUM(31)'.
client level=info t=197047 ev=retail site=36 text=world_controller:task_manager: Completed task 'ENUM(31)' after '0ms'.
client level=info t=197047 ev=retail site=35 text=world_controller:task_manager: Started   task 'ENUM(54)'.
client level=info t=197047 ev=retail site=36 text=world_controller:task_manager: Completed task 'ENUM(54)' after '0ms'.
client level=info t=197047 ev=retail site=35 text=world_controller:task_manager: Started   task 'ENUM(55)'.
client level=info t=197047 ev=retail site=39 text=world_controller:state:cleanup: After 1ms, status: '2', tasks active: '0x00800000102a0810', pending: '0x0020010c20c00000', requested: '0x00e0010cb0fbdf3d'
client level=info t=197047 ev=retail site=90 text=networking:session: [posse:4D9AFD9C:49CC32AD] idle-host-disband disconnecting the session.
client level=info t=197047 ev=retail site=91 text=networking:session: [posse:4D9AFD9C:49CC32AD] disconnecting 'posse' session (state host-disband / policy allowed)
client level=info t=197078 ev=retail site=36 text=world_controller:task_manager: Completed task 'ENUM(11)' after '29ms'.
client level=info t=197078 ev=retail site=36 text=world_controller:task_manager: Completed task 'ENUM(17)' after '29ms'.
client level=info t=197078 ev=retail site=36 text=world_controller:task_manager: Completed task 'ENUM(19)' after '29ms'.
client level=info t=197078 ev=retail site=35 text=world_controller:task_manager: Started   task 'ENUM(23)'.
client level=info t=197078 ev=retail site=36 text=world_controller:task_manager: Completed task 'ENUM(28)' after '29ms'.
client level=info t=197078 ev=retail site=38 text=world_controller:retail_datamine: About to attempt retail log upload. We have '210' events, dropped '0' from THIS session due to upload cap, and have '101' unique event IDs.
client level=info t=197078 ev=retail site=35 text=world_controller:task_manager: Started   task 'ENUM(29)'.
client level=info t=197078 ev=retail site=36 text=world_controller:task_manager: Completed task 'ENUM(29)' after '0ms'.
client level=info t=197078 ev=retail site=35 text=world_controller:task_manager: Started   task 'ENUM(34)'.
client level=info t=197078 ev=retail site=36 text=world_controller:task_manager: Completed task 'ENUM(34)' after '0ms'.
server level=info t=197094 squad_entity_retirement stage=capture_source bubble=15 accepted=0 selected=0 slots=-
server level=info t=197109 ev=activity stage=peer_leave result=read peer=0x35F900ECFC25A1B0
client level=info t=197109 ev=retail site=36 text=world_controller:task_manager: Completed task 'ENUM(4)' after '62ms'.
client level=info t=197219 ev=retail site=24 text=world_controller: successfully changed world to:
client level=info t=197219 ev=retail site=36 text=world_controller:task_manager: Completed task 'ENUM(21)' after '174ms'.
client level=info t=197219 ev=retail site=35 text=world_controller:task_manager: Started   task 'ENUM(22)'.
client level=info t=197219 ev=retail site=35 text=world_controller:task_manager: Started   task 'ENUM(53)'.
client level=info t=197219 ev=retail site=36 text=world_controller:task_manager: Completed task 'ENUM(55)' after '174ms'.
client level=info t=197234 ev=retail site=68 text=networking:activity_client:activity_host_changed: instance=PRIVATE CURRENT, ah-sid=, zombie-instance-nonce=0
client level=info t=197234 ev=retail site=92 text=networking:server:bap: [BAP ID  1 desc:OUT FAH - _connected] Killing.
client level=info t=197234 ev=retail site=93 text=networking:server:bap: [BAP ID  1 desc:OUT FAH - _connected] Last status before fatal error was '_connected[127.0.0.1:30974]-> 1.5s avg/s [rx 0.0p  0.0kb][tx 0.7p  0.3kb][tx block  0.0/q-rem  0.0/s-rem  0.0]'.
client level=info t=197234 ev=retail site=94 text=networking:server:bap: [BAP ID  1 desc:OUT FAH - _connected] Socket stats before fatal error: no socket stats available
client level=info t=197234 ev=retail site=95 text=networking:server:bap: [BAP ID  1 desc:OUT FAH - _connected] Fatal error '_connection_failure_suicide' raised.
client level=info t=197234 ev=retail site=96 text=networking:server:bap: [BAP ID  1 desc:OUT FAH - _dead] Stopping.
client level=info t=197234 ev=retail site=97 text=networking:investment:bap_message_queue: [BAP ID  1 desc:OUT FAH] Stopping...
client level=info t=197234 ev=retail site=82 text=networking:channel:packet_loss_stats: [dir:127.0.0.1(id=0):30994#bh64] Incoming packet read result summary - 0 ok, 0 discard, 150 discard-expected, 0 corrupt
client level=info t=197234 ev=retail site=83 text=networking:channel:packet_loss_stats: [dir:127.0.0.1(id=0):30994#bh64] Outgoing packet delivery summary - 150 delivered, 0 of those out-of-order, 0 lost - highest loss fraction seen 0.000
client level=info t=197234 ev=retail site=84 text=networking:channel: channel dir:127.0.0.1(id=0):30994#bh64(id '8') (ra: ''dir:127.0.0.1(id=0):30994'') state change connected -> closed
client level=info t=197234 ev=retail site=85 text=networking:channel_manager: channel 'dir:127.0.0.1(id=0):30994#bh64' (0): channel closed (reason=channel-manager-owners-released) because 'dir:127.0.0.1(id=0):30994' can't be reached, resetting security
server level=info t=197234 ev=mission_script stage=close result=stale_generation session=11433003384888623115 activity_row=30
server level=warn t=197234 ev=mission_script stage=attach result=no_activity_link session=11433003384888623115
server level=info t=197234 ev=gameplay stage=peer result=closed reason=10
client level=info t=197266 ev=retail site=36 text=world_controller:task_manager: Completed task 'ENUM(23)' after '179ms'.
client level=info t=198328 ev=retail site=36 text=world_controller:task_manager: Completed task 'ENUM(22)' after '1102ms'.
client level=info t=198328 ev=retail site=35 text=world_controller:task_manager: Started   task 'ENUM(35)'.
client level=info t=198328 ev=retail site=35 text=world_controller:task_manager: Started   task 'ENUM(40)'.
client level=info t=198328 ev=retail site=36 text=world_controller:task_manager: Completed task 'ENUM(40)' after '0ms'.
client level=info t=198766 ev=probe stage=hosttail client=0x251E47DF980 b=00000000000000000000000000000000000000000000000000000000000000000000000000000000FFFFFFFF00000000
client level=info t=198766 ev=probe stage=grant client=0x251E47DF980 status=0x0000 pending=115 dirty=1 receipt=0
client level=info t=198859 ev=retail site=36 text=world_controller:task_manager: Completed task 'ENUM(53)' after '1637ms'.
client level=info t=198922 ev=nettick stage=sample latch=1 callbacks=17247
client level=info t=199453 ev=retail site=24 text=world_controller: successfully changed world to: orbit_d2
client level=info t=199453 ev=retail site=36 text=world_controller:task_manager: Completed task 'ENUM(35)' after '1119ms'.
client level=info t=199453 ev=retail site=18 text=world_controller:retail_datamine: Total time spent: [2396] ms in world controller state: [28] name: [cleanup]
client level=info t=199453 ev=retail site=3 text=world_controller:state_manager: Entering state 'setup:orbit' for reason 'unavailable'.
client level=info t=199453 ev=retail site=46 text=world_controller:slice_set_transition_manager: Mode changed from 'disabled' to 'fully_enabled'.
client level=info t=199453 ev=retail site=12 text=world_controller:retail_datamine: Timed operation: [ENUM(16)], took: [2396 ms], average: [2426.000000 ms], min: [2396.000000], max: [2456.000000], count: [2]
client level=info t=199453 ev=retail site=47 text=world_controller:slice_set_transition_manager: Failed to find the Orbit slice-set name for destination 'HASH(0x13a023bc)', so we're falling back to a new character (Orbit destination 'HASH(0x59ad083e)', slice-set 'HASH(0x841b4ef7)').
client level=info t=199453 ev=retail site=48 text=world_controller:slice_set_transition_manager: Starting a new transition of type 'transitioning:orbit' to 'PRV24.24 (HASH: 0x841b4ef7)'; token advanced to 001
server level=info t=199594 ev=ws701 stage=profile_setup result=complete
server level=info t=199594 ev=activity stage=writeback result=ok world_state=1
client level=info t=200047 ev=retail site=49 text=world_controller:slice_set_transition_manager: Stopping transition of type 'transitioning:orbit' due to completed
client level=info t=200484 ev=retail site=18 text=world_controller:retail_datamine: Total time spent: [1034] ms in world controller state: [29] name: [setup:orbit]
client level=info t=200484 ev=retail site=46 text=world_controller:slice_set_transition_manager: Mode changed from 'fully_enabled' to 'disabled'.
client level=info t=200484 ev=retail site=50 text=networking:online:matchmaking: Active matchmaking interface type: 0
client level=info t=200484 ev=retail site=3 text=world_controller:state_manager: Entering state 'setup:activity_session_creation' for reason 'unavailable'.
client level=info t=200484 ev=retail site=51 text=world_controller:task_manager: Started   task 'ENUM(0)'.
client level=info t=200484 ev=retail site=51 text=world_controller:task_manager: Started   task 'ENUM(4)'.
client level=info t=200484 ev=retail site=52 text=world_controller:task_manager: Completed task 'ENUM(4)' after '0ms'.
client level=info t=200484 ev=retail site=53 text=world_controller:state:activity_session_creation: Waiting for session peer properties to be in the expected state (no AH ids). FT [EXPECTED], POSSE [WAITING]
client level=info t=200484 ev=retail site=51 text=world_controller:task_manager: Started   task 'ENUM(5)'.
client level=info t=200578 ev=retail site=50 text=networking:online:matchmaking: Active matchmaking interface type: 0
client level=info t=200578 ev=retail site=52 text=world_controller:task_manager: Completed task 'ENUM(0)' after '100ms'.
client level=info t=200578 ev=retail site=51 text=world_controller:task_manager: Started   task 'ENUM(1)'.
server level=info t=200594 ev=bap svc=42 stage=configuration result=ok activity_hash=0x4989CDE3 type_hash=0xD07BB2D7 activity=30 name=polaris_freeroam current_activity_policy=0 changed=0
server level=info t=200656 ev=ws701 stage=profile_setup result=complete
server level=info t=200656 ev=activity stage=writeback result=ok world_state=1
client level=info t=200688 ev=retail site=52 text=world_controller:task_manager: Completed task 'ENUM(1)' after '100ms'.
client level=info t=200688 ev=retail site=51 text=world_controller:task_manager: Started   task 'ENUM(2)'.
client level=info t=200781 ev=probe stage=hosttail client=0x251E47DF980 b=00000000000000000000000000000000000000000000000000000000000000000000000000000000FFFFFFFF00000000
client level=info t=200781 ev=probe stage=grant client=0x251E47DF980 status=0x0000 pending=115 dirty=1 receipt=0
client level=info t=200922 ev=nettick stage=sample latch=1 callbacks=17303
client level=info t=201188 ev=retail site=40 text=networking:session:membership:dump: [posse:00000000:00000000] update_number: 2, leader_peer_index: # 0, host_peer_index: # 0
client level=info t=201188 ev=retail site=41 text=networking:session:membership:dump:   peers valid: 0x1, non-dormant: 0x1, changed: 0x1, removed: 0x0; players valid: 0x1, changed: 0x0, removed: 0x0
client level=info t=201188 ev=retail site=42 text=networking:session:membership:dump:   peer # 0 a=[steamid:76561198776753861#68f45249fadf0082] s=          _connected o=-1 j=[XXXXXXXX-XXXXXXXX] amb=[XXXXXXXX-XXXXXXXX] pc=1 peer_name=<UNKNOWN PEER NAME> session_id=Tue_09082026_214723_021716@x64@unknown_pc_user@B0_A1_25_FC_EC_00_F935 flags=6
client level=info t=201188 ev=retail site=37 text=networking:session: [posse:00000000:00000000] session state is changing from 'none' to 'host-established'.
client level=info t=201188 ev=retail site=54 text=networking:session:create: join-driven session creation (local and remote peers) assigned a promordial join nonce of F559C38A-E8937649
client level=info t=201188 ev=retail site=40 text=networking:session:membership:dump: [posse:00000000:00000000] update_number: 5, leader_peer_index: # 0, host_peer_index: # 0
client level=info t=201188 ev=retail site=41 text=networking:session:membership:dump:   peers valid: 0x1, non-dormant: 0x1, changed: 0x1, removed: 0x0; players valid: 0x1, changed: 0x0, removed: 0x0
client level=info t=201188 ev=retail site=42 text=networking:session:membership:dump:   peer # 0 a=[steamid:76561198776753861#68f45249fadf0082] s=            _joining o=-1 j=[F559C38A-E8937649] amb=[XXXXXXXX-XXXXXXXX] pc=1 peer_name=<UNKNOWN PEER NAME> session_id=Tue_09082026_214723_021716@x64@unknown_pc_user@B0_A1_25_FC_EC_00_F935 flags=6
client level=info t=201219 ev=retail site=51 text=world_controller:task_manager: Started   task 'ENUM(3)'.
client level=info t=201219 ev=retail site=52 text=world_controller:task_manager: Completed task 'ENUM(3)' after '0ms'.
client level=info t=201219 ev=retail site=52 text=world_controller:task_manager: Completed task 'ENUM(5)' after '734ms'.
client level=info t=201219 ev=retail site=55 text=world_controller:session_manager: PRIVATE session [posse:00000000:00000000] unable to get session keys.
client level=info t=201281 ev=retail site=52 text=world_controller:task_manager: Completed task 'ENUM(2)' after '601ms'.
client level=info t=201281 ev=retail site=56 text=world_controller:state:activity_session_creation: As HOST, peers done: skill read: , config refresh: 0, reputation read: 0
client level=info t=201313 ev=retail site=43 text=networking:session:process-pending-joins: [posse:EE816065:54E236F3] marking all peers in join [F559C38A-E8937649] as joined
client level=info t=201313 ev=retail site=40 text=networking:session:membership:dump: [posse:EE816065:54E236F3] update_number: 7, leader_peer_index: # 0, host_peer_index: # 0
client level=info t=201313 ev=retail site=41 text=networking:session:membership:dump:   peers valid: 0x1, non-dormant: 0x1, changed: 0x1, removed: 0x0; players valid: 0x1, changed: 0x0, removed: 0x0
client level=info t=201313 ev=retail site=42 text=networking:session:membership:dump:   peer # 0 a=[steamid:76561198776753861#68f45249fadf0082] s=            _waiting o=-1 j=[F559C38A-E8937649] amb=[XXXXXXXX-XXXXXXXX] pc=1 peer_name=<UNKNOWN PEER NAME> session_id=Tue_09082026_214723_021716@x64@unknown_pc_user@B0_A1_25_FC_EC_00_F935 flags=6
client level=info t=201313 ev=retail site=44 text=networking:session:process-pending-joins: [posse:EE816065:54E236F3] marking all peers in join [F559C38A-E8937649] as ready, [134] ms since peer [0] created, [201411] since join was queued
client level=info t=201313 ev=retail site=40 text=networking:session:membership:dump: [posse:EE816065:54E236F3] update_number: 8, leader_peer_index: # 0, host_peer_index: # 0
client level=info t=201313 ev=retail site=41 text=networking:session:membership:dump:   peers valid: 0x1, non-dormant: 0x1, changed: 0x1, removed: 0x0; players valid: 0x1, changed: 0x0, removed: 0x0
client level=info t=201313 ev=retail site=42 text=networking:session:membership:dump:   peer # 0 a=[steamid:76561198776753861#68f45249fadf0082] s=              _ready o=-1 j=[F559C38A-E8937649] amb=[XXXXXXXX-XXXXXXXX] pc=1 peer_name=<UNKNOWN PEER NAME> session_id=Tue_09082026_214723_021716@x64@unknown_pc_user@B0_A1_25_FC_EC_00_F935 flags=6
client level=info t=201391 ev=retail site=40 text=networking:session:membership:dump: [posse:EE816065:54E236F3] update_number: 9, leader_peer_index: # 0, host_peer_index: # 0
client level=info t=201391 ev=retail site=41 text=networking:session:membership:dump:   peers valid: 0x1, non-dormant: 0x1, changed: 0xffffffff, removed: 0x0; players valid: 0x1, changed: 0xffffffff, removed: 0x0
client level=info t=201391 ev=retail site=42 text=networking:session:membership:dump:   peer # 0 a=[steamid:76561198776753861#68f45249fadf0082] s=              _ready o=-1 j=[F559C38A-E8937649] amb=[XXXXXXXX-XXXXXXXX] pc=1 peer_name=<UNKNOWN PEER NAME> session_id=Tue_09082026_214723_021716@x64@unknown_pc_user@B0_A1_25_FC_EC_00_F935 flags=7
client level=info t=201391 ev=retail site=45 text=networking:session:process-pending-joins: [posse:EE816065:54E236F3] marking all peers in join [F559C38A-E8937649] as established
client level=info t=201391 ev=retail site=40 text=networking:session:membership:dump: [posse:EE816065:54E236F3] update_number: 11, leader_peer_index: # 0, host_peer_index: # 0
client level=info t=201391 ev=retail site=41 text=networking:session:membership:dump:   peers valid: 0x1, non-dormant: 0x1, changed: 0x1, removed: 0x0; players valid: 0x1, changed: 0x0, removed: 0x0
client level=info t=201391 ev=retail site=42 text=networking:session:membership:dump:   peer # 0 a=[steamid:76561198776753861#68f45249fadf0082] s=        _established o=-1 j=[XXXXXXXX-XXXXXXXX] amb=[XXXXXXXX-XXXXXXXX] pc=1 peer_name=<UNKNOWN PEER NAME> session_id=Tue_09082026_214723_021716@x64@unknown_pc_user@B0_A1_25_FC_EC_00_F935 flags=7
client level=info t=201422 ev=retail site=57 text=world_controller:state:activity_session_creation: Activity session 'posse:EE816065:54E236F3' successfully created, trying to move on.
client level=info t=201422 ev=retail site=58 text=world_controller:state_manager: State 'setup:matchmaking' requested for reason 'unavailable', but we can't: 'active outbound FT join [IN-PROGRESS]'.
client level=info t=201484 ev=retail site=18 text=world_controller:retail_datamine: Total time spent: [1001] ms in world controller state: [30] name: [setup:activity_session_creation]
client level=info t=201484 ev=retail site=3 text=world_controller:state_manager: Entering state 'setup:matchmaking' for reason 'unavailable'.
client level=info t=201484 ev=retail site=18 text=world_controller:retail_datamine: Total time spent: [0] ms in world controller state: [31] name: [setup:matchmaking]
client level=info t=201484 ev=retail site=59 text=world_controller:retail_datamine: Timed operation Matchmaking, took: [0 seconds]
client level=info t=201484 ev=retail site=3 text=world_controller:state_manager: Entering state 'setup:activity_host_setup' for reason 'unavailable'.
client level=info t=201609 ev=retail site=60 text=networking:activity_client:messaging_interface:bap: AH IP resolution successful: 'proxy -> 127.0.0.1:30974'.
server level=info t=201656 ev=transport stage=accept result=ok conn=2
server level=warn t=201781 ev=bap svc=25 stage=plaintext result=shape_accepted conn=2 len=36 b0=0A b1=20 b34=10 b35=02
client level=info t=201844 ev=retail site=61 text=world_controller:activity_manager: Connected 'PRIVATE CURRENT' activity client.
client level=info t=201844 ev=retail site=62 text=world_controller:activity_manager: 'PRIVATE CURRENT' activity client requesting activity host startup [activity: 0x001e (HASH(0x4989cde3))(type: HASH(0xd07bb2d7))(grognok: polaris_freeroam)(destination: HASH(0x125cf0e7))(nonce: 731A5384-5F3E37ED) for reason 'ENUM(0)'(override: polaris_freeroam)][reservation count 1].
server level=warn t=201859 ev=mission_script stage=attach result=activity_join_pending session=11433003384888623124
client level=info t=201922 ev=retail site=63 text=networking:activity_client:receive_message_from_host: [AC PRIVATE CURRENT CON-Y EST-N AH->0 MEM-0] received startup response from AH [id 9EAA3001:00200014][session ]
client level=info t=201953 ev=retail site=64 text=networking:activity_client: [AC PRIVATE CURRENT CON-Y EST-N AH->0 MEM-0] Sent join request: [AH 9EAA3001:00200014][nonce 1324975273] identity:[account -7013740688821976832][character -7013740688821976831][machine B0:A1:25:FC:EC:00:F935][player 94:FF:6E:03:13:5D:69:94] [global resources 0x6c] (part 1/2)
client level=info t=201953 ev=retail site=65 text=networking:activity_client: [AC PRIVATE CURRENT CON-Y EST-N AH->0 MEM-0] Properties [session Tue_09082026_214723_021716@x64@76561198776753861@B0_A1_25_FC_EC_00_F935][FAH --------:--------][GAH --------:--------][FTID 0xb94cb5669120f175] (part 2/2)
client level=info t=201953 ev=retail site=66 text=world_controller:activity_manager: 'PRIVATE CURRENT' activity client sent join request to AH 9EAA3001:00200014, host=Tue_09082026_214723_021716@x64@unknown_pc_user@B0_A1_25_FC_EC_00_F935
server level=info t=201984 ev=gameplay stage=activityhost result=retired session=0x9EAA30010020000E generation=12 state=freed
server level=info t=201984 ev=gameplay stage=activityhost result=allocated session=0x9EAA300100200015 group=0x9552C375807995A3 generation=18 port=30980 held=3
server level=info t=201984 ev=gameplay stage=advertise result=ok region=8 region_source=arrival ambassador_slot=1
server level=warn t=202000 ev=activity stage=roster result=no_epoch soid=0x9EAA300100200014 public=0 dest= groups=0 top=0 sub=0 subkeys=0 objects=0 bytes=0 state=0 auth=0 authstate=-1 authfirst=-1:-1:0x0:0x0 authlast=-1:-1:0x0:0x0 sceneempty=0 engageempty=0 keygroup=0x0 grant=-1 region=0 slice=0 spawn=0x0 join=0x9EAA300100100101 player=0x0 pending_region=-1 current_region=-1 client_bubble=-1 held=-1 entered=0 selected=0 hash=0x0000000000000000 force=0x00
server level=info t=202000 ev=mission_script stage=open result=no_script session=11433003384888623124 activity_row=31
server level=warn t=202000 ev=mission_script stage=attach result=no_script session=11433003384888623124 activity_row=31
server level=warn t=202000 ev=mission_script stage=attach result=no_activity_link session=11433003384888623125
server level=info t=202000 ev=gameplay stage=activityhost result=retired session=0x9EAA30010020000D generation=11 state=freed
server level=info t=202000 ev=gameplay stage=activityhost result=retired session=0x9EAA30010020000F generation=13 state=freed
server level=info t=202000 ev=gameplay stage=activityhost result=retired session=0x9EAA300100200010 generation=14 state=freed
server level=info t=202000 ev=gameplay stage=activityhost result=retired session=0x9EAA300100200011 generation=15 state=freed
server level=info t=202000 ev=gameplay stage=activityhost result=retired session=0x9EAA300100200012 generation=16 state=freed
server level=info t=202000 ev=gameplay stage=activityhost result=retired session=0x9EAA300100200013 generation=17 state=freed
server level=info t=202000 ev=gameplay stage=activityhost result=allocated session=0x9EAA300100200016 group=0x8496FD4986ADB50B generation=19 port=30978 held=2
server level=info t=202000 ev=gameplay stage=activityhost result=allocated session=0x9EAA300100200017 group=0x9B0E91A18A15F47B generation=20 port=30982 held=4
server level=info t=202000 ev=gameplay stage=activityhost result=allocated session=0x9EAA300100200018 group=0x69CB67ED97A1D713 generation=21 port=30984 held=5
server level=info t=202000 ev=gameplay stage=activityhost result=allocated session=0x9EAA300100200019 group=0x7F873419917E37AB generation=22 port=30986 held=6
server level=info t=202000 ev=gameplay stage=activityhost result=allocated session=0x9EAA30010020001A group=0x4C43FA459B0A1643 generation=23 port=30988 held=7
server level=info t=202000 ev=gameplay stage=activityhost result=allocated session=0x9EAA30010020001B group=0x523FC871A4A6091B generation=24 port=30990 held=8
server level=info t=202000 ev=gameplay stage=activityhost result=allocated session=0x9EAA30010020001C group=0x20FB9EBDAE7269B3 generation=25 port=30996 held=11
server level=warn t=202016 ev=mission_script stage=attach result=no_activity_link session=11433003384888623129
server level=warn t=202016 ev=mission_script stage=attach result=no_activity_link session=11433003384888623130
server level=warn t=202016 ev=mission_script stage=attach result=no_activity_link session=11433003384888623131
server level=warn t=202016 ev=mission_script stage=attach result=no_activity_link session=11433003384888623132
server level=warn t=202016 ev=mission_script stage=attach result=no_activity_link session=11433003384888623126
server level=warn t=202016 ev=mission_script stage=attach result=no_activity_link session=11433003384888623127
server level=warn t=202016 ev=mission_script stage=attach result=no_activity_link session=11433003384888623128
client level=info t=202047 ev=retail site=67 text=networking:activity_client:receive_message_from_host: [AC PRIVATE CURRENT CON-Y EST-N AH->0 MEM-0] Received join result from AH '9EAA3001:00200014' [nonce 1324975273][result 0][session id ][replication epoch 0].
client level=info t=202047 ev=retail site=68 text=networking:activity_client:activity_host_changed: instance=PRIVATE CURRENT, ah-sid=, zombie-instance-nonce=0
client level=info t=202047 ev=probe stage=msg12 result=received client=0x251E47DF980 slot=0 label=PRIVATE CURRENT member=0x35F900ECFC25A1B0 status=0x00FE->0x01FE flag=1
client level=info t=202047 ev=probe stage=bind client=0x251E47DF980 established=0x9EAA300100200014 slotrec=0x251CBCBD9A0 roster=0x2528926BC80 receipt=0
client level=info t=202125 ev=probe stage=msg12 result=received client=0x251E47DF980 slot=0 label=PRIVATE CURRENT member=0x35F900ECFC25A1B0 status=0x01FE->0x01FE flag=1
client level=info t=202125 ev=probe stage=bind client=0x251E47DF980 established=0x9EAA300100200014 slotrec=0x251CBCBD9A0 roster=0x2528926BC80 receipt=0
client level=info t=202156 ev=retail site=69 text=world_controller:state:activity_setup: 'NOJIP' flow, waiting. posse_peers_not_ready_sanitized=0, posse_peers_not_ready=0
client level=info t=202156 ev=probe stage=msg12 result=received client=0x251E47DF980 slot=0 label=PRIVATE CURRENT member=0x35F900ECFC25A1B0 status=0x01FE->0x01FE flag=1
client level=info t=202156 ev=probe stage=bind client=0x251E47DF980 established=0x9EAA300100200014 slotrec=0x251CBCBD9A0 roster=0x2528926BC80 receipt=0
client level=info t=202422 ev=retail site=18 text=world_controller:retail_datamine: Total time spent: [935] ms in world controller state: [32] name: [setup:activity_host_setup]
client level=info t=202422 ev=retail site=3 text=world_controller:state_manager: Entering state 'setup:prologue_intro_loading' for reason 'unavailable'.
client level=info t=202422 ev=retail site=70 text=world_controller:task_manager: Started   task 'ENUM(0)'.
client level=info t=202656 ev=retail site=71 text=world_controller:task_manager: Completed task 'ENUM(0)' after '234ms'.
client level=info t=202656 ev=retail site=70 text=world_controller:task_manager: Started   task 'ENUM(1)'.
client level=info t=202750 ev=retail site=71 text=world_controller:task_manager: Completed task 'ENUM(1)' after '100ms'.
client level=info t=202750 ev=retail site=18 text=world_controller:retail_datamine: Total time spent: [334] ms in world controller state: [33] name: [setup:prologue_intro_loading]
client level=info t=202750 ev=retail site=3 text=world_controller:state_manager: Entering state 'setup:orbit_outro' for reason 'unavailable'.
client level=info t=202781 ev=probe stage=hosttail client=0x251E47DF980 b=00000000000000000000000000000000000000000000000000000000000000000000000000000000FFFFFFFF00000000
client level=info t=202781 ev=probe stage=grant client=0x251E47DF980 status=0x01FE pending=7936 dirty=0 receipt=0
client level=info t=202813 ev=probe stage=msg12 result=received client=0x251E47DF980 slot=0 label=PRIVATE CURRENT member=0x35F900ECFC25A1B0 status=0x01FE->0x01FE flag=1
client level=info t=202813 ev=probe stage=bind client=0x251E47DF980 established=0x9EAA300100200014 slotrec=0x251CBCBD9A0 roster=0x2528926BC80 receipt=0
client level=info t=202922 ev=nettick stage=sample latch=1 callbacks=17363
client level=info t=204797 ev=probe stage=hosttail client=0x251E47DF980 b=00000000000000000000000000000000000000000000000000000000000000000000000000000000FFFFFFFF00000000
client level=info t=204797 ev=probe stage=grant client=0x251E47DF980 status=0x01FE pending=7936 dirty=0 receipt=0
client level=info t=204859 ev=probe stage=msg12 result=received client=0x251E47DF980 slot=0 label=PRIVATE CURRENT member=0x35F900ECFC25A1B0 status=0x01FE->0x01FE flag=1
client level=info t=204859 ev=probe stage=bind client=0x251E47DF980 established=0x9EAA300100200014 slotrec=0x251CBCBD9A0 roster=0x2528926BC80 receipt=0
client level=info t=204922 ev=nettick stage=sample latch=1 callbacks=17423
client level=info t=206797 ev=probe stage=hosttail client=0x251E47DF980 b=00000000000000000000000000000000000000000000000000000000000000000000000000000000FFFFFFFF00000000
client level=info t=206797 ev=probe stage=grant client=0x251E47DF980 status=0x01FE pending=7936 dirty=0 receipt=0
client level=info t=206922 ev=nettick stage=sample latch=1 callbacks=17483
server level=info t=207250 ev=gameplay stage=association result=timeout
client level=info t=208797 ev=probe stage=hosttail client=0x251E47DF980 b=00000000000000000000000000000000000000000000000000000000000000000000000000000000FFFFFFFF00000000
client level=info t=208797 ev=probe stage=grant client=0x251E47DF980 status=0x01FE pending=7936 dirty=0 receipt=0
client level=info t=208922 ev=nettick stage=sample latch=1 callbacks=17543
client level=info t=210797 ev=probe stage=hosttail client=0x251E47DF980 b=00000000000000000000000000000000000000000000000000000000000000000000000000000000FFFFFFFF00000000
client level=info t=210797 ev=probe stage=grant client=0x251E47DF980 status=0x01FE pending=7936 dirty=0 receipt=0
client level=info t=210938 ev=nettick stage=sample latch=1 callbacks=17603
client level=info t=211375 ev=retail site=10 text=application_state: Suspend state changed from [partial] to [active]
client level=info t=211859 ev=retail site=10 text=application_state: Suspend state changed from [active] to [partial]
client level=info t=212797 ev=probe stage=hosttail client=0x251E47DF980 b=00000000000000000000000000000000000000000000000000000000000000000000000000000000FFFFFFFF00000000
client level=info t=212797 ev=probe stage=grant client=0x251E47DF980 status=0x01FE pending=7936 dirty=0 receipt=0
client level=info t=212969 ev=nettick stage=sample latch=1 callbacks=17758
client level=info t=214797 ev=probe stage=hosttail client=0x251E47DF980 b=00000000000000000000000000000000000000000000000000000000000000000000000000000000FFFFFFFF00000000
client level=info t=214797 ev=probe stage=grant client=0x251E47DF980 status=0x01FE pending=7936 dirty=0 receipt=0
client level=info t=214969 ev=nettick stage=sample latch=1 callbacks=17818
client level=info t=216797 ev=probe stage=hosttail client=0x251E47DF980 b=00000000000000000000000000000000000000000000000000000000000000000000000000000000FFFFFFFF00000000
client level=info t=216797 ev=probe stage=grant client=0x251E47DF980 status=0x01FE pending=7936 dirty=0 receipt=0
client level=info t=216969 ev=nettick stage=sample latch=1 callbacks=17878
client level=info t=218797 ev=probe stage=hosttail client=0x251E47DF980 b=00000000000000000000000000000000000000000000000000000000000000000000000000000000FFFFFFFF00000000
client level=info t=218797 ev=probe stage=grant client=0x251E47DF980 status=0x01FE pending=7936 dirty=0 receipt=0
client level=info t=218969 ev=nettick stage=sample latch=1 callbacks=17938
client level=info t=220813 ev=probe stage=hosttail client=0x251E47DF980 b=00000000000000000000000000000000000000000000000000000000000000000000000000000000FFFFFFFF00000000
client level=info t=220813 ev=probe stage=grant client=0x251E47DF980 status=0x01FE pending=7936 dirty=0 receipt=0
client level=info t=220969 ev=nettick stage=sample latch=1 callbacks=17998
client level=info t=222813 ev=probe stage=hosttail client=0x251E47DF980 b=00000000000000000000000000000000000000000000000000000000000000000000000000000000FFFFFFFF00000000
client level=info t=222813 ev=probe stage=grant client=0x251E47DF980 status=0x01FE pending=7936 dirty=0 receipt=0
client level=info t=222969 ev=nettick stage=sample latch=1 callbacks=18058
client level=info t=224813 ev=probe stage=hosttail client=0x251E47DF980 b=00000000000000000000000000000000000000000000000000000000000000000000000000000000FFFFFFFF00000000
client level=info t=224813 ev=probe stage=grant client=0x251E47DF980 status=0x01FE pending=7936 dirty=0 receipt=0
client level=info t=224984 ev=nettick stage=sample latch=1 callbacks=18118
client level=info t=226813 ev=probe stage=hosttail client=0x251E47DF980 b=00000000000000000000000000000000000000000000000000000000000000000000000000000000FFFFFFFF00000000
client level=info t=226813 ev=probe stage=grant client=0x251E47DF980 status=0x01FE pending=7936 dirty=0 receipt=0
client level=info t=226984 ev=nettick stage=sample latch=1 callbacks=18178
client level=info t=228813 ev=probe stage=hosttail client=0x251E47DF980 b=00000000000000000000000000000000000000000000000000000000000000000000000000000000FFFFFFFF00000000
client level=info t=228813 ev=probe stage=grant client=0x251E47DF980 status=0x01FE pending=7936 dirty=0 receipt=0
client level=info t=228984 ev=nettick stage=sample latch=1 callbacks=18238
server level=info t=230766 ev=ws701 stage=profile_setup result=complete
server level=info t=230766 ev=activity stage=writeback result=ok world_state=1
client level=info t=230813 ev=probe stage=hosttail client=0x251E47DF980 b=00000000000000000000000000000000000000000000000000000000000000000000000000000000FFFFFFFF00000000
client level=info t=230813 ev=probe stage=grant client=0x251E47DF980 status=0x01FE pending=7936 dirty=0 receipt=0
client level=info t=230984 ev=nettick stage=sample latch=1 callbacks=18298
client level=info t=232656 ev=retail site=18 text=world_controller:retail_datamine: Total time spent: [29903] ms in world controller state: [34] name: [setup:orbit_outro]
client level=info t=232656 ev=retail site=3 text=world_controller:state_manager: Entering state 'setup:activity_world_transition' for reason 'unavailable'.
client level=info t=232656 ev=retail site=73 text=world_controller:task_manager: Started   task 'ENUM(0)'.
client level=info t=232656 ev=retail site=73 text=world_controller:task_manager: Started   task 'ENUM(1)'.
client level=info t=232656 ev=retail site=74 text=world_controller:task_manager: Completed task 'ENUM(1)' after '0ms'.
client level=info t=232875 ev=bootflow stage=owner_slot result=forced was=0 now=1
client level=info t=232875 ev=retail site=24 text=world_controller: successfully changed world to: polaris_freeroam
client level=info t=232875 ev=retail site=75 text=networking:update: *** it has been 227 milliseconds since the last network update (longest expected: '500')
client level=info t=232875 ev=retail site=74 text=world_controller:task_manager: Completed task 'ENUM(0)' after '226ms'.
client level=info t=232875 ev=retail site=18 text=world_controller:retail_datamine: Total time spent: [226] ms in world controller state: [35] name: [setup:activity_world_transition]
client level=info t=232875 ev=retail site=3 text=world_controller:state_manager: Entering state 'activity:initial_slice_set_loading' for reason 'unavailable'.
client level=info t=232891 ev=retail site=76 text=world_controller:task_manager: Started   task 'ENUM(0)'.
client level=info t=232891 ev=retail site=76 text=world_controller:task_manager: Started   task 'ENUM(1)'.
client level=info t=232891 ev=retail site=76 text=world_controller:task_manager: Started   task 'ENUM(4)'.
client level=info t=232891 ev=probe stage=hosttail client=0x251E47DF980 b=00000000000000000000000000000000000000000000000000000000000000000000000000000000FFFFFFFF00000000
client level=info t=232891 ev=probe stage=grant client=0x251E47DF980 status=0x01FE pending=7936 dirty=1 receipt=1
server level=info t=232906 ev=gameplay stage=response result=ok wordb=4 signon=0
client level=info t=232953 ev=retail site=77 text=world_controller:task_manager: Completed task 'ENUM(1)' after '58ms'.
client level=info t=232953 ev=retail site=46 text=world_controller:slice_set_transition_manager: Mode changed from 'disabled' to 'initial_slice_set_precaching'.
client level=info t=232953 ev=retail site=76 text=world_controller:task_manager: Started   task 'ENUM(2)'.
client level=info t=232953 ev=retail site=76 text=world_controller:task_manager: Started   task 'ENUM(3)'.
client level=info t=232953 ev=retail site=77 text=world_controller:task_manager: Completed task 'ENUM(4)' after '58ms'.
client level=info t=232953 ev=retail site=76 text=world_controller:task_manager: Started   task 'ENUM(6)'.
client level=info t=232953 ev=retail site=76 text=world_controller:task_manager: Started   task 'ENUM(7)'.
client level=info t=232953 ev=bootflow stage=region result=forced slice_set=8
client level=info t=232953 ev=retail site=48 text=world_controller:slice_set_transition_manager: Starting a new transition of type 'transitioning:initial_slice_set' to 'PRV08.08 (HASH: 0x571e96f3)'; token advanced to 001
server level=info t=232953 ev=gameplay stage=connect result=ok peer=2003 local=0x00000004 remote=0x0000000C rebuilt=0
server level=info t=232953 ev=gameplay stage=establish result=queued local=0x00000004 remote=0x0000000C
client level=info t=232984 ev=retail site=77 text=world_controller:task_manager: Completed task 'ENUM(0)' after '91ms'.
client level=info t=232984 ev=retail site=76 text=world_controller:task_manager: Started   task 'ENUM(5)'.
client level=info t=232984 ev=nettick stage=sample latch=1 callbacks=18352
server level=info t=233000 ev=gameplay stage=advertise result=ok region=8 region_source=reported ambassador_slot=1
server level=info t=233031 ev=ws701 stage=profile_setup result=complete
server level=info t=233047 ev=activity stage=writeback result=ok world_state=1
client level=info t=233078 ev=probe stage=msg12 result=received client=0x251E47DF980 slot=0 label=PRIVATE CURRENT member=0x35F900ECFC25A1B0 status=0x01FE->0x01FE flag=1
client level=info t=233078 ev=probe stage=bind client=0x251E47DF980 established=0x9EAA300100200014 slotrec=0x251CBCBD9A0 roster=0x2528926BC80 receipt=1
client level=info t=233078 ev=probe stage=msg12 result=received client=0x251E47DF980 slot=0 label=PRIVATE CURRENT member=0x35F900ECFC25A1B0 status=0x01FE->0x01FE flag=1
client level=info t=233078 ev=probe stage=bind client=0x251E47DF980 established=0x9EAA300100200014 slotrec=0x251CBCBD9A0 roster=0x2528926BC80 receipt=1
client level=info t=233984 ev=retail site=77 text=world_controller:task_manager: Completed task 'ENUM(5)' after '1002ms'.
server level=info t=233984 ev=gameplay stage=message result=ok id=8 peerstage=5
server level=info t=233984 ev=gameplay stage=sendqueue result=cleared packet=1 base=5 entries=0
server level=info t=234125 ev=gameplay stage=message result=ok id=40 peerstage=5
server level=info t=234125 ev=gameplay stage=view result=queued remote=1 local=1 token=0x9EAA300100200014 list=0
server level=info t=234188 ev=gameplay stage=message result=ok id=40 peerstage=5
server level=info t=234188 ev=gameplay stage=view result=queued remote=2 local=2 token=0x9EAA300100200014 list=15
server level=info t=234188 ev=gameplay stage=sendqueue result=cleared packet=7 base=7 entries=0
server level=info t=234266 ev=gameplay stage=message result=ok id=40 peerstage=5
server level=info t=234266 ev=gameplay stage=view result=queued remote=3 local=3 token=0x9EAA300100200014 list=0
server level=info t=234266 ev=gameplay stage=message result=ok id=40 peerstage=5
server level=info t=234266 ev=gameplay stage=view result=queued remote=4 local=4 token=0x9EAA300100200014 list=0
server level=info t=234266 ev=gameplay stage=sendqueue result=cleared packet=8 base=8 entries=0
server level=info t=234313 ev=gameplay stage=message result=ok id=40 peerstage=5
server level=warn t=234313 ev=gameplay stage=view result=refused remote=5 local=0 token=0x9EAA300100200014 list=0
server level=info t=234391 ev=gameplay stage=sendqueue result=cleared packet=9 base=9 entries=0
client level=info t=234750 ev=retail site=77 text=world_controller:task_manager: Completed task 'ENUM(6)' after '1803ms'.
client level=info t=234891 ev=probe stage=hosttail client=0x251E47DF980 b=00000000000000000000000000000000000000000000000000000000000000000000000000000000FFFFFFFF00000000
client level=info t=234891 ev=probe stage=grant client=0x251E47DF980 status=0x01FE pending=0 dirty=0 receipt=1
client level=info t=234984 ev=nettick stage=sample latch=1 callbacks=18412
server level=info t=236328 ev=gameplay stage=message result=ok id=4 peerstage=5
client level=info t=236891 ev=probe stage=hosttail client=0x251E47DF980 b=00000000000000000000000000000000000000000000000000000000000000000000000000000000FFFFFFFF00000000
client level=info t=236891 ev=probe stage=grant client=0x251E47DF980 status=0x01FE pending=0 dirty=0 receipt=1
client level=info t=236984 ev=nettick stage=sample latch=1 callbacks=18472
client level=info t=237953 ev=retail site=78 text=world_controller:state:activity:initial_slice_set_loading: Timeout entering the prologue-filler (given 5000ms).
client level=info t=237984 ev=retail site=76 text=world_controller:task_manager: Started   task 'ENUM(9)'.
client level=info t=238219 ev=retail site=77 text=world_controller:task_manager: Completed task 'ENUM(2)' after '5274ms'.
client level=info t=238453 ev=retail site=77 text=world_controller:task_manager: Completed task 'ENUM(3)' after '5508ms'.
client level=info t=238453 ev=retail site=46 text=world_controller:slice_set_transition_manager: Mode changed from 'initial_slice_set_precaching' to 'initial_slice_set_instantion'.
client level=info t=238453 ev=retail site=76 text=world_controller:task_manager: Started   task 'ENUM(8)'.
client level=info t=238484 ev=retail site=77 text=world_controller:task_manager: Completed task 'ENUM(8)' after '35ms'.
client level=info t=238484 ev=retail site=49 text=world_controller:slice_set_transition_manager: Stopping transition of type 'transitioning:initial_slice_set' due to completed
client level=info t=238563 ev=probe stage=msg12 result=received client=0x251E47DF980 slot=0 label=PRIVATE CURRENT member=0x35F900ECFC25A1B0 status=0x01FE->0x01FE flag=1
client level=info t=238563 ev=probe stage=bind client=0x251E47DF980 established=0x9EAA300100200014 slotrec=0x251CBCBD9A0 roster=0x2528926BC80 receipt=1
client level=info t=238594 ev=probe stage=msg12 result=received client=0x251E47DF980 slot=0 label=PRIVATE CURRENT member=0x35F900ECFC25A1B0 status=0x01FE->0x01FE flag=1
client level=info t=238594 ev=probe stage=bind client=0x251E47DF980 established=0x9EAA300100200014 slotrec=0x251CBCBD9A0 roster=0x2528926BC80 receipt=1
client level=info t=238625 ev=retail site=77 text=world_controller:task_manager: Completed task 'ENUM(9)' after '635ms'.
client level=info t=238625 ev=retail site=76 text=world_controller:task_manager: Started   task 'ENUM(10)'.
server level=info t=238688 ev=gameplay stage=message result=ok id=4 peerstage=5
client level=info t=238891 ev=probe stage=hosttail client=0x251E47DF980 b=00000000000000000000000000000000000000000000000000000000000000000000000000000000FFFFFFFF00000000
client level=info t=238891 ev=probe stage=grant client=0x251E47DF980 status=0x01FE pending=0 dirty=0 receipt=1
client level=info t=238984 ev=nettick stage=sample latch=1 callbacks=18533
client level=info t=239953 ev=retail site=98 text=networking:bandwidth: min_channels: 0 max channels: 1 max bps: 38720 avg cong bps: -1 low cong bps: -1 hi cong bps: -1 lat avg: -1 lat hi avg: 0 lat avg var: -1 pct loss: 0.00 pct loss hi avg: [0.00].
client level=info t=239953 ev=retail site=99 text=networking:bandwidth: machine [A3:95:79:80:75:C3:5295] longest reception gap [-1ms] longest ack gap [-1ms] pct loss [0.00] disc count [0] sps [10] rps [10] bh: [y].
client level=info t=240391 ev=retail site=77 text=world_controller:task_manager: Completed task 'ENUM(10)' after '1770ms'.
client level=info t=240391 ev=retail site=18 text=world_controller:retail_datamine: Total time spent: [7513] ms in world controller state: [36] name: [activity:initial_slice_set_loading]
client level=info t=240391 ev=retail site=3 text=world_controller:state_manager: Entering state 'activity:physics_join' for reason 'unavailable'.
client level=info t=240391 ev=retail site=79 text=world_controller:task_manager: Started   task 'ENUM(0)'.
client level=info t=240891 ev=probe stage=hosttail client=0x251E47DF980 b=00000000000000000000000000000000000000000000000000000000000000000000000000000000FFFFFFFF00000000
client level=info t=240891 ev=probe stage=grant client=0x251E47DF980 status=0x01FE pending=0 dirty=0 receipt=1
client level=info t=241000 ev=nettick stage=sample latch=1 callbacks=18593
server level=info t=241734 ev=gameplay stage=message result=ok id=4 peerstage=5
client level=info t=242000 ev=retail site=82 text=networking:channel:packet_loss_stats: [dir:127.0.0.1(id=0):30980#bh64] Incoming packet read result summary - 8 ok, 0 discard, 96 discard-expected, 0 corrupt
client level=info t=242000 ev=retail site=83 text=networking:channel:packet_loss_stats: [dir:127.0.0.1(id=0):30980#bh64] Outgoing packet delivery summary - 99 delivered, 0 of those out-of-order, 0 lost - highest loss fraction seen 0.000
client level=info t=242000 ev=retail site=100 text=networking:stream_manager:retail: # 0 rx 9.5/rxbps 5.5kb tx10.0/txbps33.2kb cx15.0pkts/33.0cxkbps lat=  0avg,  -1cg to=9999 aloc45.0kb max513.0kbps, loss=0.00pct loss dev 2.00pct rel=N, name=                            bh64
client level=info t=242000 ev=retail site=72 text=networking:stream_manager:retail: Local peer network quality = 1.000000/1.0, worst_axis = -1
client level=info t=242109 ev=retail site=10 text=application_state: Suspend state changed from [partial] to [active]
client level=info t=242891 ev=probe stage=hosttail client=0x251E47DF980 b=00000000000000000000000000000000000000000000000000000000000000000000000000000000FFFFFFFF00000000
client level=info t=242891 ev=probe stage=grant client=0x251E47DF980 status=0x01FE pending=0 dirty=0 receipt=1
client level=info t=243000 ev=nettick stage=sample latch=1 callbacks=18869
client level=info t=243500 ev=retail site=10 text=application_state: Suspend state changed from [active] to [partial]
client level=info t=244453 ev=retail site=10 text=application_state: Suspend state changed from [partial] to [active]
client level=info t=244578 ev=retail site=10 text=application_state: Suspend state changed from [active] to [partial]
server level=info t=244719 ev=gameplay stage=message result=ok id=4 peerstage=5
client level=info t=244906 ev=probe stage=hosttail client=0x251E47DF980 b=00000000000000000000000000000000000000000000000000000000000000000000000000000000FFFFFFFF00000000
client level=info t=244906 ev=probe stage=grant client=0x251E47DF980 status=0x01FE pending=0 dirty=0 receipt=1
client level=info t=245016 ev=nettick stage=sample latch=1 callbacks=19130
client level=info t=246484 ev=retail site=80 text=world_controller:task_manager: Completed task 'ENUM(0)' after '6087ms'.
client level=info t=246484 ev=retail site=18 text=world_controller:retail_datamine: Total time spent: [6088] ms in world controller state: [37] name: [activity:physics_join]
client level=info t=246484 ev=retail site=3 text=world_controller:state_manager: Entering state 'activity:in_world' for reason 'unavailable'.
client level=info t=246484 ev=retail site=81 text=world_controller:state:in_world: Starting activity '0x001e (HASH(0x4989cde3))(type: HASH(0xd07bb2d7))(grognok: polaris_freeroam)(destination: HASH(0x125cf0e7))(nonce: 731A5384-5F3E37ED) for reason 'ENUM(0)'(override: polaris_freeroam)'.
client level=info t=246484 ev=retail site=12 text=world_controller:retail_datamine: Timed operation: [ENUM(17)], took: [46000 ms], average: [30087.333984 ms], min: [21937.000000], max: [46000.000000], count: [3]
client level=info t=246781 ev=retail site=46 text=world_controller:slice_set_transition_manager: Mode changed from 'initial_slice_set_instantion' to 'fully_enabled'.
client level=info t=246922 ev=probe stage=hosttail client=0x251E47DF980 b=00000000000000000000000000000000000000000000000000000000000000000000000000000000FFFFFFFF00000000
client level=info t=246922 ev=probe stage=grant client=0x251E47DF980 status=0x01FE pending=0 dirty=0 receipt=1
client level=info t=247016 ev=nettick stage=sample latch=1 callbacks=19190
server level=info t=247703 ev=ws701 stage=profile_setup result=complete
server level=info t=247703 ev=activity stage=writeback result=ok world_state=8
server level=info t=247828 ev=gameplay stage=message result=ok id=4 peerstage=5
client level=info t=248922 ev=probe stage=hosttail client=0x251E47DF980 b=00000000000000000000000000000000000000000000000000000000000000000000000000000000FFFFFFFF00000000
client level=info t=248922 ev=probe stage=grant client=0x251E47DF980 status=0x01FE pending=0 dirty=0 receipt=1
client level=info t=249016 ev=nettick stage=sample latch=1 callbacks=19250
client level=info t=250922 ev=probe stage=hosttail client=0x251E47DF980 b=00000000000000000000000000000000000000000000000000000000000000000000000000000000FFFFFFFF00000000
client level=info t=250922 ev=probe stage=grant client=0x251E47DF980 status=0x01FE pending=0 dirty=0 receipt=1
server level=info t=250938 ev=gameplay stage=message result=ok id=4 peerstage=5
client level=info t=251016 ev=nettick stage=sample latch=1 callbacks=19310
client level=info t=252922 ev=probe stage=hosttail client=0x251E47DF980 b=00000000000000000000000000000000000000000000000000000000000000000000000000000000FFFFFFFF00000000
client level=info t=252922 ev=probe stage=grant client=0x251E47DF980 status=0x01FE pending=0 dirty=0 receipt=1
client level=info t=253031 ev=nettick stage=sample latch=1 callbacks=19370
server level=info t=254031 ev=gameplay stage=message result=ok id=4 peerstage=5
client level=info t=254922 ev=probe stage=hosttail client=0x251E47DF980 b=00000000000000000000000000000000000000000000000000000000000000000000000000000000FFFFFFFF00000000
client level=info t=254922 ev=probe stage=grant client=0x251E47DF980 status=0x01FE pending=0 dirty=0 receipt=1
client level=info t=255031 ev=nettick stage=sample latch=1 callbacks=19430
client level=info t=256938 ev=probe stage=hosttail client=0x251E47DF980 b=00000000000000000000000000000000000000000000000000000000000000000000000000000000FFFFFFFF00000000
client level=info t=256938 ev=probe stage=grant client=0x251E47DF980 status=0x01FE pending=0 dirty=0 receipt=1
client level=info t=257031 ev=nettick stage=sample latch=1 callbacks=19490
server level=info t=257141 ev=gameplay stage=message result=ok id=4 peerstage=5
client level=info t=258938 ev=probe stage=hosttail client=0x251E47DF980 b=00000000000000000000000000000000000000000000000000000000000000000000000000000000FFFFFFFF00000000
client level=info t=258938 ev=probe stage=grant client=0x251E47DF980 status=0x01FE pending=0 dirty=0 receipt=1
client level=info t=259031 ev=nettick stage=sample latch=1 callbacks=19550
server level=info t=260250 ev=gameplay stage=message result=ok id=4 peerstage=5
client level=info t=260938 ev=probe stage=hosttail client=0x251E47DF980 b=00000000000000000000000000000000000000000000000000000000000000000000000000000000FFFFFFFF00000000
client level=info t=260938 ev=probe stage=grant client=0x251E47DF980 status=0x01FE pending=0 dirty=0 receipt=1
client level=info t=261031 ev=nettick stage=sample latch=1 callbacks=19610
client level=info t=262938 ev=probe stage=hosttail client=0x251E47DF980 b=00000000000000000000000000000000000000000000000000000000000000000000000000000000FFFFFFFF00000000
client level=info t=262938 ev=probe stage=grant client=0x251E47DF980 status=0x01FE pending=0 dirty=0 receipt=1
client level=info t=263031 ev=nettick stage=sample latch=1 callbacks=19670
server level=info t=263344 ev=gameplay stage=message result=ok id=4 peerstage=5
client level=info t=264938 ev=probe stage=hosttail client=0x251E47DF980 b=00000000000000000000000000000000000000000000000000000000000000000000000000000000FFFFFFFF00000000
client level=info t=264938 ev=probe stage=grant client=0x251E47DF980 status=0x01FE pending=0 dirty=0 receipt=1
client level=info t=265047 ev=nettick stage=sample latch=1 callbacks=19730
server level=info t=266453 ev=gameplay stage=message result=ok id=4 peerstage=5
client level=info t=266938 ev=probe stage=hosttail client=0x251E47DF980 b=00000000000000000000000000000000000000000000000000000000000000000000000000000000FFFFFFFF00000000
client level=info t=266938 ev=probe stage=grant client=0x251E47DF980 status=0x01FE pending=0 dirty=0 receipt=1
client level=info t=267047 ev=nettick stage=sample latch=1 callbacks=19790
client level=info t=269047 ev=nettick stage=sample latch=1 callbacks=19850
server level=info t=269547 ev=gameplay stage=message result=ok id=4 peerstage=5
client level=info t=271047 ev=nettick stage=sample latch=1 callbacks=19910
client level=info t=272391 ev=retail site=10 text=application_state: Suspend state changed from [partial] to [active]
server level=info t=272672 ev=gameplay stage=message result=ok id=4 peerstage=5
client level=info t=273047 ev=nettick stage=sample latch=1 callbacks=20041
client level=info t=275047 ev=nettick stage=sample latch=1 callbacks=20345
server level=info t=275875 ev=gameplay stage=message result=ok id=4 peerstage=5
client level=info t=277047 ev=nettick stage=sample latch=1 callbacks=20767
server level=info t=277578 ev=ws701 stage=profile_setup result=complete
server level=info t=277578 ev=activity stage=writeback result=ok world_state=8
client level=info t=279047 ev=nettick stage=sample latch=1 callbacks=21126
server level=info t=279078 ev=gameplay stage=message result=ok id=4 peerstage=5
client level=info t=281047 ev=nettick stage=sample latch=1 callbacks=21467
server level=info t=282172 ev=gameplay stage=message result=ok id=4 peerstage=5
client level=info t=283047 ev=nettick stage=sample latch=1 callbacks=21789
client level=info t=284984 ev=retail site=10 text=application_state: Suspend state changed from [active] to [partial]
client level=info t=285063 ev=nettick stage=sample latch=1 callbacks=22115
server level=info t=285266 ev=gameplay stage=message result=ok id=4 peerstage=5
client level=info t=287063 ev=nettick stage=sample latch=1 callbacks=22175
client level=info t=287531 ev=retail site=86 text=world_controller:state_manager: The host appears to be launching a different game, sploiking back out through orbit to sync up.
client level=info t=287531 ev=retail site=87 text=world_controller:state_manager: Prerequisite 'ENUM(30)' failed for reason 'unavailable' [context: ], proceeding to cleanup state.
client level=info t=287531 ev=retail site=18 text=world_controller:retail_datamine: Total time spent: [41049] ms in world controller state: [38] name: [activity:in_world]
client level=info t=287531 ev=retail site=46 text=world_controller:slice_set_transition_manager: Mode changed from 'fully_enabled' to 'disabled'.
client level=info t=287531 ev=retail site=3 text=world_controller:state_manager: Entering state 'cleanup' for reason 'unavailable'.
client level=info t=287531 ev=retail site=34 text=world_controller:state:cleanup: Requested task mask: '0x00e0010cb0fbdf3d'
client level=info t=287531 ev=retail site=35 text=world_controller:task_manager: Started   task 'ENUM(0)'.
client level=info t=287531 ev=retail site=36 text=world_controller:task_manager: Completed task 'ENUM(0)' after '0ms'.
client level=info t=287531 ev=retail site=35 text=world_controller:task_manager: Started   task 'ENUM(2)'.
client level=info t=287531 ev=retail site=36 text=world_controller:task_manager: Completed task 'ENUM(2)' after '0ms'.
client level=info t=287531 ev=retail site=35 text=world_controller:task_manager: Started   task 'ENUM(3)'.
client level=info t=287531 ev=retail site=36 text=world_controller:task_manager: Completed task 'ENUM(3)' after '0ms'.
client level=info t=287531 ev=retail site=35 text=world_controller:task_manager: Started   task 'ENUM(4)'.
client level=info t=287531 ev=retail site=35 text=world_controller:task_manager: Started   task 'ENUM(5)'.
client level=info t=287531 ev=retail site=36 text=world_controller:task_manager: Completed task 'ENUM(5)' after '0ms'.
client level=info t=287531 ev=retail site=35 text=world_controller:task_manager: Started   task 'ENUM(8)'.
client level=info t=287531 ev=retail site=36 text=world_controller:task_manager: Completed task 'ENUM(8)' after '0ms'.
client level=info t=287531 ev=retail site=35 text=world_controller:task_manager: Started   task 'ENUM(9)'.
client level=info t=287531 ev=retail site=36 text=world_controller:task_manager: Completed task 'ENUM(9)' after '0ms'.
client level=info t=287531 ev=retail site=35 text=world_controller:task_manager: Started   task 'ENUM(10)'.
client level=info t=287531 ev=retail site=36 text=world_controller:task_manager: Completed task 'ENUM(10)' after '0ms'.
client level=info t=287531 ev=retail site=88 text=networking:session:handoff: [posse:EE816065:54E236F3] leaving session 'gracefully' (state host-established)
client level=info t=287531 ev=retail site=89 text=networking:session:protocol: [posse:EE816065:54E236F3] host-handoff (leaving), target peer '-1', nobody else in session, leaving immediately
client level=info t=287531 ev=retail site=88 text=networking:session:handoff: [posse:EE816065:54E236F3] leaving session 'immediately' (state host-established)
client level=info t=287531 ev=retail site=37 text=networking:session: [posse:EE816065:54E236F3] session state is changing from 'host-established' to 'host-disband'.
client level=info t=287531 ev=retail site=35 text=world_controller:task_manager: Started   task 'ENUM(11)'.
client level=info t=287531 ev=retail site=35 text=world_controller:task_manager: Started   task 'ENUM(12)'.
client level=info t=287531 ev=retail site=36 text=world_controller:task_manager: Completed task 'ENUM(12)' after '0ms'.
client level=info t=287531 ev=retail site=35 text=world_controller:task_manager: Started   task 'ENUM(14)'.
client level=info t=287531 ev=retail site=36 text=world_controller:task_manager: Completed task 'ENUM(14)' after '0ms'.
client level=info t=287531 ev=retail site=35 text=world_controller:task_manager: Started   task 'ENUM(15)'.
client level=info t=287531 ev=retail site=36 text=world_controller:task_manager: Completed task 'ENUM(15)' after '0ms'.
client level=info t=287531 ev=retail site=35 text=world_controller:task_manager: Started   task 'ENUM(16)'.
client level=info t=287531 ev=retail site=36 text=world_controller:task_manager: Completed task 'ENUM(16)' after '0ms'.
client level=info t=287531 ev=retail site=35 text=world_controller:task_manager: Started   task 'ENUM(17)'.
client level=info t=287531 ev=retail site=35 text=world_controller:task_manager: Started   task 'ENUM(19)'.
client level=info t=287531 ev=retail site=35 text=world_controller:task_manager: Started   task 'ENUM(20)'.
client level=info t=287531 ev=retail site=36 text=world_controller:task_manager: Completed task 'ENUM(20)' after '0ms'.
client level=info t=287531 ev=retail site=35 text=world_controller:task_manager: Started   task 'ENUM(21)'.
client level=info t=287531 ev=retail site=35 text=world_controller:task_manager: Started   task 'ENUM(28)'.
client level=info t=287531 ev=retail site=35 text=world_controller:task_manager: Started   task 'ENUM(31)'.
client level=info t=287531 ev=retail site=36 text=world_controller:task_manager: Completed task 'ENUM(31)' after '0ms'.
client level=info t=287531 ev=retail site=35 text=world_controller:task_manager: Started   task 'ENUM(54)'.
client level=info t=287531 ev=retail site=36 text=world_controller:task_manager: Completed task 'ENUM(54)' after '0ms'.
client level=info t=287531 ev=retail site=35 text=world_controller:task_manager: Started   task 'ENUM(55)'.
client level=info t=287531 ev=retail site=39 text=world_controller:state:cleanup: After 1ms, status: '2', tasks active: '0x00800000102a0810', pending: '0x0020010c20c00000', requested: '0x00e0010cb0fbdf3d'
client level=info t=287531 ev=retail site=90 text=networking:session: [posse:EE816065:54E236F3] idle-host-disband disconnecting the session.
client level=info t=287531 ev=retail site=91 text=networking:session: [posse:EE816065:54E236F3] disconnecting 'posse' session (state host-disband / policy allowed)
client level=info t=287563 ev=retail site=36 text=world_controller:task_manager: Completed task 'ENUM(11)' after '29ms'.
client level=info t=287563 ev=retail site=36 text=world_controller:task_manager: Completed task 'ENUM(17)' after '29ms'.
client level=info t=287563 ev=retail site=36 text=world_controller:task_manager: Completed task 'ENUM(19)' after '29ms'.
client level=info t=287563 ev=retail site=35 text=world_controller:task_manager: Started   task 'ENUM(23)'.
client level=info t=287563 ev=retail site=36 text=world_controller:task_manager: Completed task 'ENUM(28)' after '29ms'.
client level=info t=287563 ev=retail site=38 text=world_controller:retail_datamine: About to attempt retail log upload. We have '217' events, dropped '0' from THIS session due to upload cap, and have '101' unique event IDs.
client level=info t=287563 ev=retail site=35 text=world_controller:task_manager: Started   task 'ENUM(29)'.
client level=info t=287563 ev=retail site=36 text=world_controller:task_manager: Completed task 'ENUM(29)' after '0ms'.
client level=info t=287563 ev=retail site=35 text=world_controller:task_manager: Started   task 'ENUM(34)'.
client level=info t=287563 ev=retail site=36 text=world_controller:task_manager: Completed task 'ENUM(34)' after '0ms'.
server level=info t=287578 squad_entity_retirement stage=capture_source bubble=1 accepted=0 selected=0 slots=-
server level=info t=287578 ev=activity stage=peer_leave result=read peer=0x35F900ECFC25A1B0
client level=info t=287594 ev=retail site=36 text=world_controller:task_manager: Completed task 'ENUM(4)' after '62ms'.
client level=info t=287719 ev=retail site=24 text=world_controller: successfully changed world to:
client level=info t=287719 ev=retail site=36 text=world_controller:task_manager: Completed task 'ENUM(21)' after '192ms'.
client level=info t=287719 ev=retail site=35 text=world_controller:task_manager: Started   task 'ENUM(22)'.
client level=info t=287719 ev=retail site=35 text=world_controller:task_manager: Started   task 'ENUM(53)'.
client level=info t=287719 ev=retail site=36 text=world_controller:task_manager: Completed task 'ENUM(55)' after '192ms'.
client level=info t=287719 ev=retail site=68 text=networking:activity_client:activity_host_changed: instance=PRIVATE CURRENT, ah-sid=, zombie-instance-nonce=0
client level=info t=287719 ev=retail site=92 text=networking:server:bap: [BAP ID  1 desc:OUT FAH - _connected] Killing.
client level=info t=287719 ev=retail site=93 text=networking:server:bap: [BAP ID  1 desc:OUT FAH - _connected] Last status before fatal error was '_connected[127.0.0.1:30974]-> 1.5s avg/s [rx 0.7p  1.2kb][tx 1.3p  0.7kb][tx block  0.0/q-rem  0.0/s-rem  0.0]'.
client level=info t=287719 ev=retail site=94 text=networking:server:bap: [BAP ID  1 desc:OUT FAH - _connected] Socket stats before fatal error: no socket stats available
client level=info t=287719 ev=retail site=95 text=networking:server:bap: [BAP ID  1 desc:OUT FAH - _connected] Fatal error '_connection_failure_suicide' raised.
client level=info t=287719 ev=retail site=96 text=networking:server:bap: [BAP ID  1 desc:OUT FAH - _dead] Stopping.
client level=info t=287719 ev=retail site=97 text=networking:investment:bap_message_queue: [BAP ID  1 desc:OUT FAH] Stopping...
client level=info t=287719 ev=retail site=82 text=networking:channel:packet_loss_stats: [dir:127.0.0.1(id=0):30980#bh64] Incoming packet read result summary - 0 ok, 0 discard, 455 discard-expected, 0 corrupt
client level=info t=287719 ev=retail site=83 text=networking:channel:packet_loss_stats: [dir:127.0.0.1(id=0):30980#bh64] Outgoing packet delivery summary - 455 delivered, 0 of those out-of-order, 0 lost - highest loss fraction seen 0.000
client level=info t=287719 ev=retail site=84 text=networking:channel: channel dir:127.0.0.1(id=0):30980#bh64(id '12') (ra: ''dir:127.0.0.1(id=0):30980'') state change connected -> closed
client level=info t=287719 ev=retail site=85 text=networking:channel_manager: channel 'dir:127.0.0.1(id=0):30980#bh64' (0): channel closed (reason=channel-manager-owners-released) because 'dir:127.0.0.1(id=0):30980' can't be reached, resetting security
server level=info t=287734 ev=mission_script stage=close result=stale_generation session=11433003384888623124 activity_row=31
server level=warn t=287734 ev=mission_script stage=attach result=no_activity_link session=11433003384888623124
server level=info t=287734 ev=gameplay stage=peer result=closed reason=10
client level=info t=287750 ev=retail site=36 text=world_controller:task_manager: Completed task 'ENUM(23)' after '196ms'.
client level=info t=289000 ev=retail site=36 text=world_controller:task_manager: Completed task 'ENUM(22)' after '1272ms'.
client level=info t=289000 ev=retail site=35 text=world_controller:task_manager: Started   task 'ENUM(35)'.
client level=info t=289000 ev=retail site=35 text=world_controller:task_manager: Started   task 'ENUM(40)'.
client level=info t=289000 ev=retail site=36 text=world_controller:task_manager: Completed task 'ENUM(40)' after '0ms'.
client level=info t=289063 ev=nettick stage=sample latch=1 callbacks=22230
client level=info t=289625 ev=retail site=36 text=world_controller:task_manager: Completed task 'ENUM(53)' after '1906ms'.
client level=info t=290219 ev=retail site=24 text=world_controller: successfully changed world to: orbit_d2
client level=info t=290219 ev=retail site=36 text=world_controller:task_manager: Completed task 'ENUM(35)' after '1225ms'.
client level=info t=290219 ev=retail site=18 text=world_controller:retail_datamine: Total time spent: [2690] ms in world controller state: [28] name: [cleanup]
client level=info t=290219 ev=retail site=3 text=world_controller:state_manager: Entering state 'setup:orbit' for reason 'unavailable'.
client level=info t=290219 ev=retail site=46 text=world_controller:slice_set_transition_manager: Mode changed from 'disabled' to 'fully_enabled'.
client level=info t=290219 ev=retail site=12 text=world_controller:retail_datamine: Timed operation: [ENUM(16)], took: [2691 ms], average: [2514.333252 ms], min: [2396.000000], max: [2691.000000], count: [3]
client level=info t=290219 ev=retail site=47 text=world_controller:slice_set_transition_manager: Failed to find the Orbit slice-set name for destination 'HASH(0x13a023bc)', so we're falling back to a new character (Orbit destination 'HASH(0x59ad083e)', slice-set 'HASH(0x841b4ef7)').
client level=info t=290219 ev=retail site=48 text=world_controller:slice_set_transition_manager: Starting a new transition of type 'transitioning:orbit' to 'PRV24.24 (HASH: 0x841b4ef7)'; token advanced to 001
server level=info t=290359 ev=ws701 stage=profile_setup result=complete
server level=info t=290375 ev=activity stage=writeback result=ok world_state=1
client level=info t=290953 ev=retail site=49 text=world_controller:slice_set_transition_manager: Stopping transition of type 'transitioning:orbit' due to completed
client level=info t=291063 ev=nettick stage=sample latch=1 callbacks=22286
client level=info t=291391 ev=retail site=18 text=world_controller:retail_datamine: Total time spent: [1168] ms in world controller state: [29] name: [setup:orbit]
client level=info t=291391 ev=retail site=46 text=world_controller:slice_set_transition_manager: Mode changed from 'fully_enabled' to 'disabled'.
client level=info t=291391 ev=retail site=50 text=networking:online:matchmaking: Active matchmaking interface type: 0
client level=info t=291391 ev=retail site=3 text=world_controller:state_manager: Entering state 'setup:activity_session_creation' for reason 'unavailable'.
client level=info t=291391 ev=retail site=51 text=world_controller:task_manager: Started   task 'ENUM(0)'.
client level=info t=291391 ev=retail site=51 text=world_controller:task_manager: Started   task 'ENUM(4)'.
client level=info t=291391 ev=retail site=52 text=world_controller:task_manager: Completed task 'ENUM(4)' after '0ms'.
client level=info t=291391 ev=retail site=53 text=world_controller:state:activity_session_creation: Waiting for session peer properties to be in the expected state (no AH ids). FT [EXPECTED], POSSE [WAITING]
client level=info t=291391 ev=retail site=51 text=world_controller:task_manager: Started   task 'ENUM(5)'.
server level=info t=291438 ev=ws701 stage=profile_setup result=complete
server level=info t=291438 ev=activity stage=writeback result=ok world_state=0
client level=info t=291484 ev=retail site=50 text=networking:online:matchmaking: Active matchmaking interface type: 0
client level=info t=291484 ev=retail site=52 text=world_controller:task_manager: Completed task 'ENUM(0)' after '100ms'.
client level=info t=291484 ev=retail site=51 text=world_controller:task_manager: Started   task 'ENUM(1)'.
server level=info t=291500 ev=bap svc=42 stage=configuration result=ok activity_hash=0xBB628EA4 type_hash=0xD07BB2D7 activity=8 name=edz_freeroam current_activity_policy=0 changed=0
client level=info t=291594 ev=retail site=52 text=world_controller:task_manager: Completed task 'ENUM(1)' after '100ms'.
client level=info t=291594 ev=retail site=51 text=world_controller:task_manager: Started   task 'ENUM(2)'.
client level=info t=291984 ev=retail site=40 text=networking:session:membership:dump: [posse:00000000:00000000] update_number: 2, leader_peer_index: # 0, host_peer_index: # 0
client level=info t=291984 ev=retail site=41 text=networking:session:membership:dump:   peers valid: 0x1, non-dormant: 0x1, changed: 0x1, removed: 0x0; players valid: 0x1, changed: 0x0, removed: 0x0
client level=info t=291984 ev=retail site=42 text=networking:session:membership:dump:   peer # 0 a=[steamid:76561198776753861#68f45249fadf0082] s=          _connected o=-1 j=[XXXXXXXX-XXXXXXXX] amb=[XXXXXXXX-XXXXXXXX] pc=1 peer_name=<UNKNOWN PEER NAME> session_id=Tue_09082026_214723_021716@x64@unknown_pc_user@B0_A1_25_FC_EC_00_F935 flags=6
client level=info t=291984 ev=retail site=37 text=networking:session: [posse:00000000:00000000] session state is changing from 'none' to 'host-established'.
client level=info t=291984 ev=retail site=54 text=networking:session:create: join-driven session creation (local and remote peers) assigned a promordial join nonce of 1DD9E0DB-69ED03D6
client level=info t=291984 ev=retail site=40 text=networking:session:membership:dump: [posse:00000000:00000000] update_number: 5, leader_peer_index: # 0, host_peer_index: # 0
client level=info t=291984 ev=retail site=41 text=networking:session:membership:dump:   peers valid: 0x1, non-dormant: 0x1, changed: 0x1, removed: 0x0; players valid: 0x1, changed: 0x0, removed: 0x0
client level=info t=291984 ev=retail site=42 text=networking:session:membership:dump:   peer # 0 a=[steamid:76561198776753861#68f45249fadf0082] s=            _joining o=-1 j=[1DD9E0DB-69ED03D6] amb=[XXXXXXXX-XXXXXXXX] pc=1 peer_name=<UNKNOWN PEER NAME> session_id=Tue_09082026_214723_021716@x64@unknown_pc_user@B0_A1_25_FC_EC_00_F935 flags=6
client level=info t=292031 ev=retail site=51 text=world_controller:task_manager: Started   task 'ENUM(3)'.
client level=info t=292031 ev=retail site=52 text=world_controller:task_manager: Completed task 'ENUM(3)' after '0ms'.
client level=info t=292031 ev=retail site=52 text=world_controller:task_manager: Completed task 'ENUM(5)' after '634ms'.
client level=info t=292031 ev=retail site=55 text=world_controller:session_manager: PRIVATE session [posse:00000000:00000000] unable to get session keys.
client level=info t=292094 ev=retail site=52 text=world_controller:task_manager: Completed task 'ENUM(2)' after '501ms'.
client level=info t=292094 ev=retail site=56 text=world_controller:state:activity_session_creation: As HOST, peers done: skill read: , config refresh: 0, reputation read: 0
client level=info t=292125 ev=retail site=43 text=networking:session:process-pending-joins: [posse:F60CB6DE:6BA91EAC] marking all peers in join [1DD9E0DB-69ED03D6] as joined
client level=info t=292125 ev=retail site=40 text=networking:session:membership:dump: [posse:F60CB6DE:6BA91EAC] update_number: 7, leader_peer_index: # 0, host_peer_index: # 0
client level=info t=292125 ev=retail site=41 text=networking:session:membership:dump:   peers valid: 0x1, non-dormant: 0x1, changed: 0x1, removed: 0x0; players valid: 0x1, changed: 0x0, removed: 0x0
client level=info t=292125 ev=retail site=42 text=networking:session:membership:dump:   peer # 0 a=[steamid:76561198776753861#68f45249fadf0082] s=            _waiting o=-1 j=[1DD9E0DB-69ED03D6] amb=[XXXXXXXX-XXXXXXXX] pc=1 peer_name=<UNKNOWN PEER NAME> session_id=Tue_09082026_214723_021716@x64@unknown_pc_user@B0_A1_25_FC_EC_00_F935 flags=6
client level=info t=292125 ev=retail site=44 text=networking:session:process-pending-joins: [posse:F60CB6DE:6BA91EAC] marking all peers in join [1DD9E0DB-69ED03D6] as ready, [134] ms since peer [0] created, [292219] since join was queued
client level=info t=292125 ev=retail site=40 text=networking:session:membership:dump: [posse:F60CB6DE:6BA91EAC] update_number: 8, leader_peer_index: # 0, host_peer_index: # 0
client level=info t=292125 ev=retail site=41 text=networking:session:membership:dump:   peers valid: 0x1, non-dormant: 0x1, changed: 0x1, removed: 0x0; players valid: 0x1, changed: 0x0, removed: 0x0
client level=info t=292125 ev=retail site=42 text=networking:session:membership:dump:   peer # 0 a=[steamid:76561198776753861#68f45249fadf0082] s=              _ready o=-1 j=[1DD9E0DB-69ED03D6] amb=[XXXXXXXX-XXXXXXXX] pc=1 peer_name=<UNKNOWN PEER NAME> session_id=Tue_09082026_214723_021716@x64@unknown_pc_user@B0_A1_25_FC_EC_00_F935 flags=6
client level=info t=292188 ev=retail site=40 text=networking:session:membership:dump: [posse:F60CB6DE:6BA91EAC] update_number: 9, leader_peer_index: # 0, host_peer_index: # 0
client level=info t=292188 ev=retail site=41 text=networking:session:membership:dump:   peers valid: 0x1, non-dormant: 0x1, changed: 0xffffffff, removed: 0x0; players valid: 0x1, changed: 0xffffffff, removed: 0x0
client level=info t=292188 ev=retail site=42 text=networking:session:membership:dump:   peer # 0 a=[steamid:76561198776753861#68f45249fadf0082] s=              _ready o=-1 j=[1DD9E0DB-69ED03D6] amb=[XXXXXXXX-XXXXXXXX] pc=1 peer_name=<UNKNOWN PEER NAME> session_id=Tue_09082026_214723_021716@x64@unknown_pc_user@B0_A1_25_FC_EC_00_F935 flags=7
client level=info t=292188 ev=retail site=45 text=networking:session:process-pending-joins: [posse:F60CB6DE:6BA91EAC] marking all peers in join [1DD9E0DB-69ED03D6] as established
client level=info t=292188 ev=retail site=40 text=networking:session:membership:dump: [posse:F60CB6DE:6BA91EAC] update_number: 11, leader_peer_index: # 0, host_peer_index: # 0
client level=info t=292188 ev=retail site=41 text=networking:session:membership:dump:   peers valid: 0x1, non-dormant: 0x1, changed: 0x1, removed: 0x0; players valid: 0x1, changed: 0x0, removed: 0x0
client level=info t=292188 ev=retail site=42 text=networking:session:membership:dump:   peer # 0 a=[steamid:76561198776753861#68f45249fadf0082] s=        _established o=-1 j=[XXXXXXXX-XXXXXXXX] amb=[XXXXXXXX-XXXXXXXX] pc=1 peer_name=<UNKNOWN PEER NAME> session_id=Tue_09082026_214723_021716@x64@unknown_pc_user@B0_A1_25_FC_EC_00_F935 flags=7
client level=info t=292219 ev=retail site=57 text=world_controller:state:activity_session_creation: Activity session 'posse:F60CB6DE:6BA91EAC' successfully created, trying to move on.
client level=info t=292219 ev=retail site=58 text=world_controller:state_manager: State 'setup:matchmaking' requested for reason 'unavailable', but we can't: 'active outbound FT join [IN-PROGRESS]'.
client level=info t=292297 ev=retail site=18 text=world_controller:retail_datamine: Total time spent: [901] ms in world controller state: [30] name: [setup:activity_session_creation]
client level=info t=292297 ev=retail site=3 text=world_controller:state_manager: Entering state 'setup:matchmaking' for reason 'unavailable'.
client level=info t=292297 ev=retail site=18 text=world_controller:retail_datamine: Total time spent: [0] ms in world controller state: [31] name: [setup:matchmaking]
client level=info t=292297 ev=retail site=59 text=world_controller:retail_datamine: Timed operation Matchmaking, took: [0 seconds]
client level=info t=292297 ev=retail site=3 text=world_controller:state_manager: Entering state 'setup:activity_host_setup' for reason 'unavailable'.
client level=info t=292422 ev=retail site=60 text=networking:activity_client:messaging_interface:bap: AH IP resolution successful: 'proxy -> 127.0.0.1:30974'.
server level=info t=292469 ev=transport stage=accept result=ok conn=2
server level=info t=292516 ev=ws701 stage=profile_setup result=complete
server level=info t=292516 ev=activity stage=writeback result=ok world_state=1
server level=warn t=292594 ev=bap svc=25 stage=plaintext result=shape_accepted conn=2 len=36 b0=0A b1=20 b34=10 b35=02
client level=info t=292656 ev=retail site=61 text=world_controller:activity_manager: Connected 'PRIVATE CURRENT' activity client.
client level=info t=292656 ev=retail site=62 text=world_controller:activity_manager: 'PRIVATE CURRENT' activity client requesting activity host startup [activity: 0x0008 (HASH(0xbb628ea4))(type: HASH(0xd07bb2d7))(grognok: edz_freeroam)(destination: HASH(0x477f4908))(nonce: 0071FC71-F13F8145) for reason 'ENUM(0)'(override: edz_freeroam)][reservation count 1].
server level=warn t=292672 ev=mission_script stage=attach result=activity_join_pending session=11433003384888623133
client level=info t=292719 ev=retail site=63 text=networking:activity_client:receive_message_from_host: [AC PRIVATE CURRENT CON-Y EST-N AH->0 MEM-0] received startup response from AH [id 9EAA3001:0020001D][session ]
client level=info t=292766 ev=retail site=64 text=networking:activity_client: [AC PRIVATE CURRENT CON-Y EST-N AH->0 MEM-0] Sent join request: [AH 9EAA3001:0020001D][nonce 359445245] identity:[account -7013740688821976832][character -7013740688821976831][machine B0:A1:25:FC:EC:00:F935][player 94:FF:6E:03:13:5D:69:94] [global resources 0x6c] (part 1/2)
client level=info t=292766 ev=retail site=65 text=networking:activity_client: [AC PRIVATE CURRENT CON-Y EST-N AH->0 MEM-0] Properties [session Tue_09082026_214723_021716@x64@76561198776753861@B0_A1_25_FC_EC_00_F935][FAH --------:--------][GAH --------:--------][FTID 0xb94cb5669120f175] (part 2/2)
client level=info t=292766 ev=retail site=66 text=world_controller:activity_manager: 'PRIVATE CURRENT' activity client sent join request to AH 9EAA3001:0020001D, host=Tue_09082026_214723_021716@x64@unknown_pc_user@B0_A1_25_FC_EC_00_F935
server level=info t=292828 ev=gameplay stage=activityhost result=allocated session=0x9EAA30010020001E group=0xB045186C4125FA13 generation=26 port=30998 held=12
server level=info t=292828 ev=gameplay stage=advertise result=ok region=280 region_source=arrival ambassador_slot=1
server level=warn t=292828 ev=activity stage=roster result=no_epoch soid=0x9EAA30010020001D public=0 dest= groups=0 top=0 sub=0 subkeys=0 objects=0 bytes=0 state=0 auth=0 authstate=-1 authfirst=-1:-1:0x0:0x0 authlast=-1:-1:0x0:0x0 sceneempty=0 engageempty=0 keygroup=0x0 grant=-1 region=0 slice=0 spawn=0x0 join=0x9EAA300100100101 player=0x0 pending_region=-1 current_region=-1 client_bubble=-1 held=-1 entered=0 selected=0 hash=0x0000000000000000 force=0x00
server level=info t=292844 ev=mission_script stage=open result=no_script session=11433003384888623133 activity_row=9
server level=warn t=292844 ev=mission_script stage=attach result=no_script session=11433003384888623133 activity_row=9
server level=warn t=292844 ev=mission_script stage=attach result=no_activity_link session=11433003384888623134
server level=info t=292844 ev=gameplay stage=activityhost result=retired session=0x9EAA300100200016 generation=19 state=freed
server level=info t=292844 ev=gameplay stage=activityhost result=retired session=0x9EAA300100200015 generation=18 state=freed
server level=info t=292844 ev=gameplay stage=activityhost result=retired session=0x9EAA300100200017 generation=20 state=freed
server level=info t=292844 ev=gameplay stage=activityhost result=retired session=0x9EAA300100200018 generation=21 state=freed
server level=info t=292844 ev=gameplay stage=activityhost result=retired session=0x9EAA300100200019 generation=22 state=freed
server level=info t=292844 ev=gameplay stage=activityhost result=retired session=0x9EAA30010020001A generation=23 state=freed
server level=info t=292844 ev=gameplay stage=activityhost result=retired session=0x9EAA30010020001B generation=24 state=freed
server level=info t=292844 ev=gameplay stage=activityhost result=allocated session=0x9EAA30010020001F group=0x8496FD4986ADB50B generation=27 port=30978 held=2
server level=info t=292844 ev=gameplay stage=activityhost result=allocated session=0x9EAA300100200020 group=0x9552C375807995A3 generation=28 port=30980 held=3
server level=info t=292844 ev=gameplay stage=activityhost result=allocated session=0x9EAA300100200021 group=0x9B0E91A18A15F47B generation=29 port=30982 held=4
server level=info t=292844 ev=gameplay stage=activityhost result=allocated session=0x9EAA300100200022 group=0x69CB67ED97A1D713 generation=30 port=30984 held=5
server level=info t=292844 ev=gameplay stage=activityhost result=allocated session=0x9EAA300100200023 group=0x7F873419917E37AB generation=31 port=30986 held=6
server level=info t=292844 ev=gameplay stage=activityhost result=allocated session=0x9EAA300100200024 group=0x4C43FA459B0A1643 generation=32 port=30988 held=7
server level=info t=292844 ev=gameplay stage=activityhost result=allocated session=0x9EAA300100200025 group=0x523FC871A4A6091B generation=33 port=30990 held=8
server level=warn t=292859 ev=mission_script stage=attach result=no_activity_link session=11433003384888623135
server level=warn t=292859 ev=mission_script stage=attach result=no_activity_link session=11433003384888623137
server level=warn t=292859 ev=mission_script stage=attach result=no_activity_link session=11433003384888623136
server level=warn t=292859 ev=mission_script stage=attach result=no_activity_link session=11433003384888623138
server level=warn t=292859 ev=mission_script stage=attach result=no_activity_link session=11433003384888623139
server level=warn t=292859 ev=mission_script stage=attach result=no_activity_link session=11433003384888623140
server level=warn t=292859 ev=mission_script stage=attach result=no_activity_link session=11433003384888623141
client level=info t=292891 ev=retail site=67 text=networking:activity_client:receive_message_from_host: [AC PRIVATE CURRENT CON-Y EST-N AH->0 MEM-0] Received join result from AH '9EAA3001:0020001D' [nonce 359445245][result 0][session id ][replication epoch 0].
client level=info t=292891 ev=retail site=68 text=networking:activity_client:activity_host_changed: instance=PRIVATE CURRENT, ah-sid=, zombie-instance-nonce=0
client level=info t=292891 ev=probe stage=msg12 result=received client=0x251E47DF980 slot=0 label=PRIVATE CURRENT member=0x35F900ECFC25A1B0 status=0x00FE->0x01FE flag=1
client level=info t=292891 ev=probe stage=bind client=0x251E47DF980 established=0x9EAA30010020001D slotrec=0x251CBCBD9A0 roster=0x2528926BC80 receipt=0
client level=info t=292891 ev=probe stage=hosttail client=0x251E47DF980 b=00000000000000000000000000000000000000000000000000000000000000000000000000000000FFFFFFFF00000000
client level=info t=292891 ev=probe stage=grant client=0x251E47DF980 status=0x01FE pending=7936 dirty=0 receipt=0
client level=info t=292953 ev=probe stage=msg12 result=received client=0x251E47DF980 slot=0 label=PRIVATE CURRENT member=0x35F900ECFC25A1B0 status=0x01FE->0x01FE flag=1
client level=info t=292953 ev=probe stage=bind client=0x251E47DF980 established=0x9EAA30010020001D slotrec=0x251CBCBD9A0 roster=0x2528926BC80 receipt=0
client level=info t=292984 ev=retail site=69 text=world_controller:state:activity_setup: 'NOJIP' flow, waiting. posse_peers_not_ready_sanitized=0, posse_peers_not_ready=0
client level=info t=293000 ev=probe stage=msg12 result=received client=0x251E47DF980 slot=0 label=PRIVATE CURRENT member=0x35F900ECFC25A1B0 status=0x01FE->0x01FE flag=1
client level=info t=293000 ev=probe stage=bind client=0x251E47DF980 established=0x9EAA30010020001D slotrec=0x251CBCBD9A0 roster=0x2528926BC80 receipt=0
client level=info t=293063 ev=nettick stage=sample latch=1 callbacks=22346
client level=info t=293219 ev=retail site=18 text=world_controller:retail_datamine: Total time spent: [935] ms in world controller state: [32] name: [setup:activity_host_setup]
client level=info t=293219 ev=retail site=3 text=world_controller:state_manager: Entering state 'setup:prologue_intro_loading' for reason 'unavailable'.
client level=info t=293219 ev=retail site=70 text=world_controller:task_manager: Started   task 'ENUM(0)'.
client level=info t=293563 ev=retail site=71 text=world_controller:task_manager: Completed task 'ENUM(0)' after '334ms'.
client level=info t=293563 ev=retail site=70 text=world_controller:task_manager: Started   task 'ENUM(1)'.
client level=info t=293625 ev=probe stage=msg12 result=received client=0x251E47DF980 slot=0 label=PRIVATE CURRENT member=0x35F900ECFC25A1B0 status=0x01FE->0x01FE flag=1
client level=info t=293625 ev=probe stage=bind client=0x251E47DF980 established=0x9EAA30010020001D slotrec=0x251CBCBD9A0 roster=0x2528926BC80 receipt=0
client level=info t=293656 ev=retail site=71 text=world_controller:task_manager: Completed task 'ENUM(1)' after '100ms'.
client level=info t=293656 ev=retail site=18 text=world_controller:retail_datamine: Total time spent: [434] ms in world controller state: [33] name: [setup:prologue_intro_loading]
client level=info t=293656 ev=retail site=3 text=world_controller:state_manager: Entering state 'setup:orbit_outro' for reason 'unavailable'.
client level=info t=294891 ev=probe stage=hosttail client=0x251E47DF980 b=00000000000000000000000000000000000000000000000000000000000000000000000000000000FFFFFFFF00000000
client level=info t=294891 ev=probe stage=grant client=0x251E47DF980 status=0x01FE pending=7936 dirty=0 receipt=0
client level=info t=295063 ev=nettick stage=sample latch=1 callbacks=22406
client level=info t=295656 ev=probe stage=msg12 result=received client=0x251E47DF980 slot=0 label=PRIVATE CURRENT member=0x35F900ECFC25A1B0 status=0x01FE->0x01FE flag=1
client level=info t=295656 ev=probe stage=bind client=0x251E47DF980 established=0x9EAA30010020001D slotrec=0x251CBCBD9A0 roster=0x2528926BC80 receipt=0
client level=info t=296891 ev=probe stage=hosttail client=0x251E47DF980 b=00000000000000000000000000000000000000000000000000000000000000000000000000000000FFFFFFFF00000000
client level=info t=296891 ev=probe stage=grant client=0x251E47DF980 status=0x01FE pending=7936 dirty=0 receipt=0
client level=info t=297063 ev=nettick stage=sample latch=1 callbacks=22466
server level=info t=297750 ev=gameplay stage=association result=timeout
client level=info t=298469 ev=retail site=18 text=world_controller:retail_datamine: Total time spent: [4806] ms in world controller state: [34] name: [setup:orbit_outro]
client level=info t=298469 ev=retail site=3 text=world_controller:state_manager: Entering state 'setup:activity_world_transition' for reason 'unavailable'.
client level=info t=298469 ev=retail site=73 text=world_controller:task_manager: Started   task 'ENUM(0)'.
client level=info t=298469 ev=retail site=73 text=world_controller:task_manager: Started   task 'ENUM(1)'.
client level=info t=298469 ev=retail site=74 text=world_controller:task_manager: Completed task 'ENUM(1)' after '0ms'.
client level=info t=298688 ev=bootflow stage=owner_slot result=forced was=0 now=1
client level=info t=298688 ev=retail site=24 text=world_controller: successfully changed world to: edz_freeroam
client level=info t=298688 ev=retail site=75 text=networking:update: *** it has been 217 milliseconds since the last network update (longest expected: '500')
client level=info t=298688 ev=retail site=74 text=world_controller:task_manager: Completed task 'ENUM(0)' after '217ms'.
client level=info t=298688 ev=retail site=18 text=world_controller:retail_datamine: Total time spent: [217] ms in world controller state: [35] name: [setup:activity_world_transition]
client level=info t=298688 ev=retail site=3 text=world_controller:state_manager: Entering state 'activity:initial_slice_set_loading' for reason 'unavailable'.
client level=info t=298688 ev=retail site=76 text=world_controller:task_manager: Started   task 'ENUM(0)'.
client level=info t=298688 ev=retail site=76 text=world_controller:task_manager: Started   task 'ENUM(1)'.
client level=info t=298688 ev=retail site=76 text=world_controller:task_manager: Started   task 'ENUM(4)'.
server level=info t=298688 ev=gameplay stage=response result=ok wordb=5 signon=0
client level=info t=298750 ev=retail site=77 text=world_controller:task_manager: Completed task 'ENUM(1)' after '58ms'.
client level=info t=298750 ev=retail site=46 text=world_controller:slice_set_transition_manager: Mode changed from 'disabled' to 'initial_slice_set_precaching'.
client level=info t=298750 ev=retail site=76 text=world_controller:task_manager: Started   task 'ENUM(2)'.
client level=info t=298750 ev=retail site=76 text=world_controller:task_manager: Started   task 'ENUM(3)'.
client level=info t=298750 ev=retail site=77 text=world_controller:task_manager: Completed task 'ENUM(4)' after '58ms'.
client level=info t=298750 ev=retail site=76 text=world_controller:task_manager: Started   task 'ENUM(6)'.
client level=info t=298750 ev=retail site=76 text=world_controller:task_manager: Started   task 'ENUM(7)'.
client level=info t=298750 ev=bootflow stage=region result=forced slice_set=280
client level=info t=298750 ev=retail site=48 text=world_controller:slice_set_transition_manager: Starting a new transition of type 'transitioning:initial_slice_set' to 'PRV280.2 (HASH: 0xe6231953)'; token advanced to 001
server level=info t=298766 ev=gameplay stage=connect result=ok peer=2003 local=0x00000005 remote=0x00000010 rebuilt=0
server level=info t=298766 ev=gameplay stage=establish result=queued local=0x00000005 remote=0x00000010
client level=info t=298781 ev=retail site=77 text=world_controller:task_manager: Completed task 'ENUM(0)' after '91ms'.
client level=info t=298781 ev=retail site=76 text=world_controller:task_manager: Started   task 'ENUM(5)'.
server level=info t=298828 ev=ws701 stage=profile_setup result=complete
server level=info t=298844 ev=activity stage=writeback result=ok world_state=1
server level=info t=298844 ev=gameplay stage=advertise result=ok region=280 region_source=reported ambassador_slot=1
client level=info t=298891 ev=probe stage=hosttail client=0x251E47DF980 b=00000000000000000000000000000000000000000000000000000000000000000000000000000000FFFFFFFF00000000
client level=info t=298891 ev=probe stage=grant client=0x251E47DF980 status=0x01FE pending=0 dirty=0 receipt=1
client level=info t=298922 ev=probe stage=msg12 result=received client=0x251E47DF980 slot=0 label=PRIVATE CURRENT member=0x35F900ECFC25A1B0 status=0x01FE->0x01FE flag=1
client level=info t=298922 ev=probe stage=bind client=0x251E47DF980 established=0x9EAA30010020001D slotrec=0x251CBCBD9A0 roster=0x2528926BC80 receipt=1
client level=info t=298922 ev=probe stage=msg12 result=received client=0x251E47DF980 slot=0 label=PRIVATE CURRENT member=0x35F900ECFC25A1B0 status=0x01FE->0x01FE flag=1
client level=info t=298922 ev=probe stage=bind client=0x251E47DF980 established=0x9EAA30010020001D slotrec=0x251CBCBD9A0 roster=0x2528926BC80 receipt=1
client level=info t=299078 ev=nettick stage=sample latch=1 callbacks=22521
client level=info t=299516 ev=retail site=77 text=world_controller:task_manager: Completed task 'ENUM(6)' after '768ms'.
client level=info t=299547 ev=retail site=77 text=world_controller:task_manager: Completed task 'ENUM(5)' after '768ms'.
server level=info t=299797 ev=gameplay stage=message result=ok id=8 peerstage=5
server level=info t=299797 ev=gameplay stage=sendqueue result=cleared packet=1 base=4 entries=0
server level=info t=299969 ev=gameplay stage=message result=ok id=40 peerstage=5
server level=info t=299969 ev=gameplay stage=view result=queued remote=1 local=1 token=0x9EAA30010020001D list=0
server level=info t=300031 ev=gameplay stage=message result=ok id=40 peerstage=5
server level=info t=300031 ev=gameplay stage=view result=queued remote=2 local=2 token=0x9EAA30010020001D list=15
server level=info t=300031 ev=gameplay stage=sendqueue result=cleared packet=7 base=7 entries=0
server level=info t=300094 ev=gameplay stage=message result=ok id=40 peerstage=5
server level=info t=300094 ev=gameplay stage=view result=queued remote=3 local=3 token=0x9EAA30010020001D list=0
server level=info t=300094 ev=gameplay stage=message result=ok id=40 peerstage=5
server level=info t=300094 ev=gameplay stage=view result=queued remote=4 local=4 token=0x9EAA30010020001D list=0
server level=info t=300094 ev=gameplay stage=sendqueue result=cleared packet=8 base=8 entries=0
server level=info t=300156 ev=gameplay stage=message result=ok id=40 peerstage=5
server level=warn t=300156 ev=gameplay stage=view result=refused remote=5 local=0 token=0x9EAA30010020001D list=0
server level=info t=300234 ev=gameplay stage=sendqueue result=cleared packet=9 base=9 entries=0
client level=info t=300891 ev=probe stage=hosttail client=0x251E47DF980 b=00000000000000000000000000000000000000000000000000000000000000000000000000000000FFFFFFFF00000000
client level=info t=300891 ev=probe stage=grant client=0x251E47DF980 status=0x01FE pending=0 dirty=0 receipt=1
client level=info t=301094 ev=nettick stage=sample latch=1 callbacks=22581
client level=info t=302016 ev=retail site=82 text=networking:channel:packet_loss_stats: [dir:127.0.0.1(id=0):30998#bh64] Incoming packet read result summary - 8 ok, 0 discard, 29 discard-expected, 0 corrupt
client level=info t=302016 ev=retail site=83 text=networking:channel:packet_loss_stats: [dir:127.0.0.1(id=0):30998#bh64] Outgoing packet delivery summary - 32 delivered, 0 of those out-of-order, 0 lost - highest loss fraction seen 0.000
client level=info t=302016 ev=retail site=100 text=networking:stream_manager:retail: # 0 rx15.0/rxbps 9.2kb tx15.0/txbps32.6kb cx15.0pkts/33.0cxkbps lat=  0avg,  -1cg to=9999 aloc45.0kb max513.0kbps, loss=0.00pct loss dev 2.00pct rel=N, name=                            bh64
client level=info t=302016 ev=retail site=72 text=networking:stream_manager:retail: Local peer network quality = 1.000000/1.0, worst_axis = -1
server level=info t=302172 ev=gameplay stage=message result=ok id=4 peerstage=5
client level=info t=302891 ev=probe stage=hosttail client=0x251E47DF980 b=00000000000000000000000000000000000000000000000000000000000000000000000000000000FFFFFFFF00000000
client level=info t=302891 ev=probe stage=grant client=0x251E47DF980 status=0x01FE pending=0 dirty=0 receipt=1
client level=info t=303094 ev=nettick stage=sample latch=1 callbacks=22641
client level=info t=303563 ev=retail site=77 text=world_controller:task_manager: Completed task 'ENUM(2)' after '4807ms'.
client level=info t=303750 ev=retail site=78 text=world_controller:state:activity:initial_slice_set_loading: Timeout entering the prologue-filler (given 5000ms).
client level=info t=303797 ev=retail site=76 text=world_controller:task_manager: Started   task 'ENUM(9)'.
client level=info t=303828 ev=retail site=77 text=world_controller:task_manager: Completed task 'ENUM(3)' after '5074ms'.
client level=info t=303828 ev=retail site=46 text=world_controller:slice_set_transition_manager: Mode changed from 'initial_slice_set_precaching' to 'initial_slice_set_instantion'.
client level=info t=303828 ev=retail site=76 text=world_controller:task_manager: Started   task 'ENUM(8)'.
client level=info t=303859 ev=retail site=77 text=world_controller:task_manager: Completed task 'ENUM(8)' after '34ms'.
client level=info t=303859 ev=retail site=49 text=world_controller:slice_set_transition_manager: Stopping transition of type 'transitioning:initial_slice_set' due to completed
client level=info t=303922 ev=probe stage=msg12 result=received client=0x251E47DF980 slot=0 label=PRIVATE CURRENT member=0x35F900ECFC25A1B0 status=0x01FE->0x01FE flag=1
client level=info t=303922 ev=probe stage=bind client=0x251E47DF980 established=0x9EAA30010020001D slotrec=0x251CBCBD9A0 roster=0x2528926BC80 receipt=1
client level=info t=303953 ev=probe stage=msg12 result=received client=0x251E47DF980 slot=0 label=PRIVATE CURRENT member=0x35F900ECFC25A1B0 status=0x01FE->0x01FE flag=1
client level=info t=303953 ev=probe stage=bind client=0x251E47DF980 established=0x9EAA30010020001D slotrec=0x251CBCBD9A0 roster=0x2528926BC80 receipt=1
client level=info t=303984 ev=retail site=77 text=world_controller:task_manager: Completed task 'ENUM(9)' after '200ms'.
client level=info t=303984 ev=retail site=76 text=world_controller:task_manager: Started   task 'ENUM(10)'.
client level=info t=303984 ev=retail site=77 text=world_controller:task_manager: Completed task 'ENUM(10)' after '0ms'.
client level=info t=303984 ev=retail site=18 text=world_controller:retail_datamine: Total time spent: [5307] ms in world controller state: [36] name: [activity:initial_slice_set_loading]
client level=info t=303984 ev=retail site=3 text=world_controller:state_manager: Entering state 'activity:physics_join' for reason 'unavailable'.
client level=info t=303984 ev=retail site=79 text=world_controller:task_manager: Started   task 'ENUM(0)'.
client level=info t=304891 ev=probe stage=hosttail client=0x251E47DF980 b=00000000000000000000000000000000000000000000000000000000000000000000000000000000FFFFFFFF00000000
client level=info t=304891 ev=probe stage=grant client=0x251E47DF980 status=0x01FE pending=0 dirty=0 receipt=1
server level=info t=304906 ev=gameplay stage=message result=ok id=4 peerstage=5
client level=info t=305094 ev=nettick stage=sample latch=1 callbacks=22701
client level=info t=306891 ev=probe stage=hosttail client=0x251E47DF980 b=00000000000000000000000000000000000000000000000000000000000000000000000000000000FFFFFFFF00000000
client level=info t=306891 ev=probe stage=grant client=0x251E47DF980 status=0x01FE pending=0 dirty=0 receipt=1
client level=info t=307094 ev=nettick stage=sample latch=1 callbacks=22761
client level=info t=307438 ev=retail site=10 text=application_state: Suspend state changed from [partial] to [active]
server level=info t=308031 ev=gameplay stage=message result=ok id=4 peerstage=5
client level=info t=308891 ev=probe stage=hosttail client=0x251E47DF980 b=00000000000000000000000000000000000000000000000000000000000000000000000000000000FFFFFFFF00000000
client level=info t=308891 ev=probe stage=grant client=0x251E47DF980 status=0x01FE pending=0 dirty=0 receipt=1
client level=info t=309094 ev=nettick stage=sample latch=1 callbacks=23368
client level=info t=310016 ev=retail site=80 text=world_controller:task_manager: Completed task 'ENUM(0)' after '6019ms'.
client level=info t=310016 ev=retail site=18 text=world_controller:retail_datamine: Total time spent: [6019] ms in world controller state: [37] name: [activity:physics_join]
client level=info t=310016 ev=retail site=3 text=world_controller:state_manager: Entering state 'activity:in_world' for reason 'unavailable'.
client level=info t=310016 ev=retail site=81 text=world_controller:state:in_world: Starting activity '0x0008 (HASH(0xbb628ea4))(type: HASH(0xd07bb2d7))(grognok: edz_freeroam)(destination: HASH(0x477f4908))(nonce: 0071FC71-F13F8145) for reason 'ENUM(0)'(override: edz_freeroam)'.
client level=info t=310016 ev=retail site=12 text=world_controller:retail_datamine: Timed operation: [ENUM(17)], took: [18620 ms], average: [27220.500000 ms], min: [18620.000000], max: [46000.000000], count: [4]
client level=info t=310047 ev=retail site=46 text=world_controller:slice_set_transition_manager: Mode changed from 'initial_slice_set_instantion' to 'fully_enabled'.
client level=info t=310891 ev=probe stage=hosttail client=0x251E47DF980 b=00000000000000000000000000000000000000000000000000000000000000000000000000000000FFFFFFFF00000000
client level=info t=310891 ev=probe stage=grant client=0x251E47DF980 status=0x01FE pending=0 dirty=0 receipt=1
server level=info t=311031 ev=ws701 stage=profile_setup result=complete
server level=info t=311047 ev=activity stage=writeback result=ok world_state=8
client level=info t=311094 ev=nettick stage=sample latch=1 callbacks=24196
server level=info t=311125 ev=gameplay stage=message result=ok id=4 peerstage=5
client level=info t=312000 ev=bootflow stage=region result=forced slice_set=96
client level=info t=312000 ev=retail site=48 text=world_controller:slice_set_transition_manager: Starting a new transition of type 'transitioning:normal_z_leg' to 'PRV96.96 (HASH: 0x83dec359)'; token advanced to 002
server level=info t=312063 ev=gameplay stage=activityhost result=allocated session=0x9EAA300100200026 group=0xE9A49BB9C2DECAEB generation=34 port=31000 held=13
server level=warn t=312078 ev=mission_script stage=attach result=no_activity_link session=11433003384888623142
client level=info t=312891 ev=probe stage=hosttail client=0x251E47DF980 b=00000000000000000000000000000000000000000000000000000000000000000000000000000000FFFFFFFF00000000
client level=info t=312891 ev=probe stage=grant client=0x251E47DF980 status=0x01FE pending=0 dirty=0 receipt=1
client level=info t=313094 ev=nettick stage=sample latch=1 callbacks=24784
server level=info t=314047 ev=gameplay stage=advertise result=ok region=96 region_source=reported ambassador_slot=1
client level=info t=314063 ev=probe stage=msg12 result=received client=0x251E47DF980 slot=0 label=PRIVATE CURRENT member=0x35F900ECFC25A1B0 status=0x01FE->0x01FE flag=1
client level=info t=314063 ev=probe stage=bind client=0x251E47DF980 established=0x9EAA30010020001D slotrec=0x251CBCBD9A0 roster=0x2528926BC80 receipt=1
client level=info t=314063 ev=retail site=82 text=networking:channel:packet_loss_stats: [dir:127.0.0.1(id=0):30998#bh64] Incoming packet read result summary - 0 ok, 0 discard, 124 discard-expected, 0 corrupt
client level=info t=314063 ev=retail site=83 text=networking:channel:packet_loss_stats: [dir:127.0.0.1(id=0):30998#bh64] Outgoing packet delivery summary - 124 delivered, 0 of those out-of-order, 0 lost - highest loss fraction seen 0.000
client level=info t=314063 ev=retail site=84 text=networking:channel: channel dir:127.0.0.1(id=0):30998#bh64(id '16') (ra: ''dir:127.0.0.1(id=0):30998'') state change connected -> closed
client level=info t=314063 ev=retail site=85 text=networking:channel_manager: channel 'dir:127.0.0.1(id=0):30998#bh64' (0): channel closed (reason=channel-manager-owners-released) because 'dir:127.0.0.1(id=0):30998' can't be reached, resetting security
server level=info t=314078 ev=gameplay stage=peer result=closed reason=10
server level=info t=314078 ev=gameplay stage=response result=ok wordb=6 signon=0
server level=info t=314094 ev=gameplay stage=connect result=ok peer=2003 local=0x00000006 remote=0x00000014 rebuilt=0
server level=info t=314094 ev=gameplay stage=establish result=queued local=0x00000006 remote=0x00000014
client level=info t=314125 ev=retail site=10 text=application_state: Suspend state changed from [active] to [partial]
client level=info t=314891 ev=probe stage=hosttail client=0x251E47DF980 b=00000000000000000000000000000000000000000000000000000000000000000000000000000000FFFFFFFF00000000
client level=info t=314891 ev=probe stage=grant client=0x251E47DF980 status=0x01FE pending=0 dirty=0 receipt=1
client level=info t=315094 ev=nettick stage=sample latch=1 callbacks=25011
server level=info t=315125 ev=gameplay stage=message result=ok id=8 peerstage=5
server level=info t=315125 ev=gameplay stage=sendqueue result=cleared packet=1 base=4 entries=0
server level=info t=315297 ev=gameplay stage=message result=ok id=40 peerstage=5
server level=info t=315297 ev=gameplay stage=view result=queued remote=1 local=1 token=0x9EAA30010020001D list=0
server level=info t=315375 ev=gameplay stage=message result=ok id=40 peerstage=5
server level=info t=315375 ev=gameplay stage=view result=queued remote=2 local=2 token=0x9EAA30010020001D list=15
server level=info t=315375 ev=gameplay stage=sendqueue result=cleared packet=7 base=7 entries=0
server level=info t=315422 ev=gameplay stage=message result=ok id=40 peerstage=5
server level=info t=315422 ev=gameplay stage=view result=queued remote=3 local=3 token=0x9EAA30010020001D list=0
server level=info t=315422 ev=gameplay stage=message result=ok id=40 peerstage=5
server level=info t=315422 ev=gameplay stage=view result=queued remote=4 local=4 token=0x9EAA30010020001D list=0
server level=info t=315422 ev=gameplay stage=sendqueue result=cleared packet=8 base=8 entries=0
server level=info t=315531 ev=gameplay stage=message result=ok id=40 peerstage=5
server level=warn t=315531 ev=gameplay stage=view result=refused remote=5 local=0 token=0x9EAA30010020001D list=0
server level=info t=315531 ev=gameplay stage=sendqueue result=cleared packet=9 base=9 entries=0
client level=info t=316734 ev=retail site=10 text=application_state: Suspend state changed from [partial] to [active]
client level=info t=316891 ev=probe stage=hosttail client=0x251E47DF980 b=00000000000000000000000000000000000000000000000000000000000000000000000000000000FFFFFFFF00000000
client level=info t=316891 ev=probe stage=grant client=0x251E47DF980 status=0x01FE pending=0 dirty=0 receipt=1
client level=info t=317094 ev=nettick stage=sample latch=1 callbacks=25122
client level=info t=317094 ev=retail site=10 text=application_state: Suspend state changed from [active] to [partial]
server level=info t=317500 ev=gameplay stage=message result=ok id=4 peerstage=5
client level=info t=318891 ev=probe stage=hosttail client=0x251E47DF980 b=00000000000000000000000000000000000000000000000000000000000000000000000000000000FFFFFFFF00000000
client level=info t=318891 ev=probe stage=grant client=0x251E47DF980 status=0x01FE pending=0 dirty=0 receipt=1
client level=info t=319094 ev=nettick stage=sample latch=1 callbacks=25183
server level=info t=320609 ev=gameplay stage=message result=ok id=4 peerstage=5
client level=info t=320891 ev=probe stage=hosttail client=0x251E47DF980 b=00000000000000000000000000000000000000000000000000000000000000000000000000000000FFFFFFFF00000000
client level=info t=320891 ev=probe stage=grant client=0x251E47DF980 status=0x01FE pending=0 dirty=0 receipt=1
client level=info t=321094 ev=nettick stage=sample latch=1 callbacks=25243
client level=info t=322906 ev=probe stage=hosttail client=0x251E47DF980 b=00000000000000000000000000000000000000000000000000000000000000000000000000000000FFFFFFFF00000000
client level=info t=322906 ev=probe stage=grant client=0x251E47DF980 status=0x01FE pending=0 dirty=0 receipt=1
client level=info t=323094 ev=nettick stage=sample latch=1 callbacks=25303
server level=info t=323719 ev=gameplay stage=message result=ok id=4 peerstage=5
server level=info t=324094 ev=gameplay stage=association result=timeout
client level=info t=324906 ev=probe stage=hosttail client=0x251E47DF980 b=00000000000000000000000000000000000000000000000000000000000000000000000000000000FFFFFFFF00000000
client level=info t=324906 ev=probe stage=grant client=0x251E47DF980 status=0x01FE pending=0 dirty=0 receipt=1
client level=info t=325109 ev=nettick stage=sample latch=1 callbacks=25363
server level=info t=326813 ev=gameplay stage=message result=ok id=4 peerstage=5
client level=info t=326906 ev=probe stage=hosttail client=0x251E47DF980 b=00000000000000000000000000000000000000000000000000000000000000000000000000000000FFFFFFFF00000000
client level=info t=326906 ev=probe stage=grant client=0x251E47DF980 status=0x01FE pending=0 dirty=0 receipt=1
client level=info t=327109 ev=nettick stage=sample latch=1 callbacks=25423
client level=info t=328906 ev=probe stage=hosttail client=0x251E47DF980 b=00000000000000000000000000000000000000000000000000000000000000000000000000000000FFFFFFFF00000000
client level=info t=328906 ev=probe stage=grant client=0x251E47DF980 status=0x01FE pending=0 dirty=0 receipt=1
client level=info t=329109 ev=nettick stage=sample latch=1 callbacks=25483
server level=info t=329922 ev=gameplay stage=message result=ok id=4 peerstage=5
client level=info t=330906 ev=probe stage=hosttail client=0x251E47DF980 b=00000000000000000000000000000000000000000000000000000000000000000000000000000000FFFFFFFF00000000
client level=info t=330906 ev=probe stage=grant client=0x251E47DF980 status=0x01FE pending=0 dirty=0 receipt=1
client level=info t=331109 ev=nettick stage=sample latch=1 callbacks=25543
client level=info t=332922 ev=probe stage=hosttail client=0x251E47DF980 b=00000000000000000000000000000000000000000000000000000000000000000000000000000000FFFFFFFF00000000
client level=info t=332922 ev=probe stage=grant client=0x251E47DF980 status=0x01FE pending=0 dirty=0 receipt=1
server level=info t=333031 ev=gameplay stage=message result=ok id=4 peerstage=5
client level=info t=333109 ev=nettick stage=sample latch=1 callbacks=25603
client level=info t=334922 ev=probe stage=hosttail client=0x251E47DF980 b=00000000000000000000000000000000000000000000000000000000000000000000000000000000FFFFFFFF00000000
client level=info t=334922 ev=probe stage=grant client=0x251E47DF980 status=0x01FE pending=0 dirty=0 receipt=1
client level=info t=335125 ev=nettick stage=sample latch=1 callbacks=25663
server level=info t=336125 ev=gameplay stage=message result=ok id=4 peerstage=5
client level=info t=336922 ev=probe stage=hosttail client=0x251E47DF980 b=00000000000000000000000000000000000000000000000000000000000000000000000000000000FFFFFFFF00000000
client level=info t=336922 ev=probe stage=grant client=0x251E47DF980 status=0x01FE pending=0 dirty=0 receipt=1
client level=info t=337125 ev=nettick stage=sample latch=1 callbacks=25723
client level=info t=338922 ev=probe stage=hosttail client=0x251E47DF980 b=00000000000000000000000000000000000000000000000000000000000000000000000000000000FFFFFFFF00000000
client level=info t=338922 ev=probe stage=grant client=0x251E47DF980 status=0x01FE pending=0 dirty=0 receipt=1
client level=info t=339125 ev=nettick stage=sample latch=1 callbacks=25783
server level=info t=339234 ev=gameplay stage=message result=ok id=4 peerstage=5
client level=info t=340922 ev=probe stage=hosttail client=0x251E47DF980 b=00000000000000000000000000000000000000000000000000000000000000000000000000000000FFFFFFFF00000000
client level=info t=340922 ev=probe stage=grant client=0x251E47DF980 status=0x01FE pending=0 dirty=0 receipt=1
client level=info t=341125 ev=nettick stage=sample latch=1 callbacks=25843
server level=info t=341203 ev=ws701 stage=profile_setup result=complete
server level=info t=341203 ev=activity stage=writeback result=ok world_state=8
server level=info t=342344 ev=gameplay stage=message result=ok id=4 peerstage=5
client level=info t=342922 ev=probe stage=hosttail client=0x251E47DF980 b=00000000000000000000000000000000000000000000000000000000000000000000000000000000FFFFFFFF00000000
client level=info t=342922 ev=probe stage=grant client=0x251E47DF980 status=0x01FE pending=0 dirty=0 receipt=1
client level=info t=343125 ev=nettick stage=sample latch=1 callbacks=25903
client level=info t=345125 ev=nettick stage=sample latch=1 callbacks=25963
server level=info t=345438 ev=gameplay stage=message result=ok id=4 peerstage=5
client level=info t=347141 ev=nettick stage=sample latch=1 callbacks=26023
server level=info t=348547 ev=gameplay stage=message result=ok id=4 peerstage=5
client level=info t=349141 ev=nettick stage=sample latch=1 callbacks=26083
client level=info t=351141 ev=nettick stage=sample latch=1 callbacks=26143
server level=info t=351656 ev=gameplay stage=message result=ok id=4 peerstage=5
client level=info t=353141 ev=nettick stage=sample latch=1 callbacks=26203
server level=info t=354750 ev=gameplay stage=message result=ok id=4 peerstage=5
client level=info t=355141 ev=nettick stage=sample latch=1 callbacks=26263
client level=info t=357141 ev=nettick stage=sample latch=1 callbacks=26323
server level=info t=357859 ev=gameplay stage=message result=ok id=4 peerstage=5
client level=info t=359156 ev=nettick stage=sample latch=1 callbacks=26383
client level=info t=359500 ev=retail site=10 text=application_state: Suspend state changed from [partial] to [active]
client level=info t=359984 ev=retail site=98 text=networking:bandwidth: min_channels: 0 max channels: 1 max bps: 46176 avg cong bps: -1 low cong bps: -1 hi cong bps: -1 lat avg: -1 lat hi avg: 0 lat avg var: -1 pct loss: 0.00 pct loss hi avg: [0.00].
client level=info t=359984 ev=retail site=99 text=networking:bandwidth: machine [EB:CA:DE:C2:B9:9B:A4E9] longest reception gap [109ms] longest ack gap [109ms] pct loss [0.00] disc count [0] sps [10] rps [10] bh: [y].
client level=info t=360672 ev=retail site=10 text=application_state: Suspend state changed from [active] to [partial]
server level=info t=360938 ev=gameplay stage=message result=ok id=4 peerstage=5
client level=info t=361172 ev=nettick stage=sample latch=1 callbacks=26663
client level=info t=362031 ev=retail site=82 text=networking:channel:packet_loss_stats: [dir:127.0.0.1(id=0):31000#bh64] Incoming packet read result summary - 8 ok, 0 discard, 476 discard-expected, 0 corrupt
client level=info t=362031 ev=retail site=83 text=networking:channel:packet_loss_stats: [dir:127.0.0.1(id=0):31000#bh64] Outgoing packet delivery summary - 479 delivered, 0 of those out-of-order, 0 lost - highest loss fraction seen 0.000
client level=info t=362031 ev=retail site=100 text=networking:stream_manager:retail: # 1 rx10.0/rxbps 5.8kb tx10.0/txbps32.2kb cx15.0pkts/33.0cxkbps lat=  0avg,  -1cg to=9999 aloc45.0kb max513.0kbps, loss=0.00pct loss dev 2.00pct rel=N, name=                            bh64
client level=info t=362031 ev=retail site=72 text=networking:stream_manager:retail: Local peer network quality = 1.000000/1.0, worst_axis = -1
client level=info t=363172 ev=nettick stage=sample latch=1 callbacks=26723
server level=info t=364047 ev=gameplay stage=message result=ok id=4 peerstage=5
client level=info t=365172 ev=nettick stage=sample latch=1 callbacks=26783
server level=info t=367141 ev=gameplay stage=message result=ok id=4 peerstage=5
client level=info t=367172 ev=nettick stage=sample latch=1 callbacks=26843
client level=info t=369172 ev=nettick stage=sample latch=1 callbacks=26903
server level=info t=370250 ev=gameplay stage=message result=ok id=4 peerstage=5
client level=info t=371172 ev=nettick stage=sample latch=1 callbacks=26963
server level=info t=371250 ev=ws701 stage=profile_setup result=complete
server level=info t=371250 ev=activity stage=writeback result=ok world_state=8
client level=info t=373188 ev=nettick stage=sample latch=1 callbacks=27023
server level=info t=373359 ev=gameplay stage=message result=ok id=4 peerstage=5
client level=info t=375188 ev=nettick stage=sample latch=1 callbacks=27083
server level=info t=376453 ev=gameplay stage=message result=ok id=4 peerstage=5
client level=info t=377188 ev=nettick stage=sample latch=1 callbacks=27143
client level=info t=379188 ev=nettick stage=sample latch=1 callbacks=27203
server level=info t=379563 ev=gameplay stage=message result=ok id=4 peerstage=5
client level=info t=381188 ev=nettick stage=sample latch=1 callbacks=27263
server level=info t=382672 ev=gameplay stage=message result=ok id=4 peerstage=5
client level=info t=383203 ev=nettick stage=sample latch=1 callbacks=27323
client level=info t=385203 ev=nettick stage=sample latch=1 callbacks=27383
server level=info t=385781 ev=gameplay stage=message result=ok id=4 peerstage=5
client level=info t=387203 ev=nettick stage=sample latch=1 callbacks=27443
server level=info t=388891 ev=gameplay stage=message result=ok id=4 peerstage=5
client level=info t=389203 ev=nettick stage=sample latch=1 callbacks=27503
client level=info t=391203 ev=nettick stage=sample latch=1 callbacks=27563
server level=info t=391984 ev=gameplay stage=message result=ok id=4 peerstage=5
client level=info t=393219 ev=nettick stage=sample latch=1 callbacks=27623
server level=info t=395063 ev=gameplay stage=message result=ok id=4 peerstage=5
client level=info t=395219 ev=nettick stage=sample latch=1 callbacks=27683
client level=info t=397219 ev=nettick stage=sample latch=1 callbacks=27743
server level=info t=398156 ev=gameplay stage=message result=ok id=4 peerstage=5
client level=info t=399219 ev=nettick stage=sample latch=1 callbacks=27803
client level=info t=401219 ev=nettick stage=sample latch=1 callbacks=27863
server level=info t=401266 ev=gameplay stage=message result=ok id=4 peerstage=5
server level=info t=401297 ev=ws701 stage=profile_setup result=complete
server level=info t=401297 ev=activity stage=writeback result=ok world_state=8
client level=info t=403234 ev=nettick stage=sample latch=1 callbacks=27923
server level=info t=404375 ev=gameplay stage=message result=ok id=4 peerstage=5
client level=info t=405234 ev=nettick stage=sample latch=1 callbacks=27983
client level=info t=407234 ev=nettick stage=sample latch=1 callbacks=28043
server level=info t=407469 ev=gameplay stage=message result=ok id=4 peerstage=5
client level=info t=409234 ev=nettick stage=sample latch=1 callbacks=28103
server level=info t=410578 ev=gameplay stage=message result=ok id=4 peerstage=5
client level=info t=411234 ev=nettick stage=sample latch=1 callbacks=28163
client level=info t=413234 ev=nettick stage=sample latch=1 callbacks=28223
server level=info t=413688 ev=gameplay stage=message result=ok id=4 peerstage=5
client level=info t=415250 ev=nettick stage=sample latch=1 callbacks=28283
server level=info t=416750 ev=gameplay stage=message result=ok id=4 peerstage=5
client level=info t=417250 ev=nettick stage=sample latch=1 callbacks=28343
client level=info t=419250 ev=nettick stage=sample latch=1 callbacks=28403
server level=info t=419859 ev=gameplay stage=message result=ok id=4 peerstage=5
client level=info t=420016 ev=retail site=98 text=networking:bandwidth: min_channels: 1 max channels: 1 max bps: 33891 avg cong bps: -1 low cong bps: -1 hi cong bps: -1 lat avg: -1 lat hi avg: 0 lat avg var: -1 pct loss: 0.00 pct loss hi avg: [0.00].
client level=info t=420016 ev=retail site=99 text=networking:bandwidth: machine [EB:CA:DE:C2:B9:9B:A4E9] longest reception gap [134ms] longest ack gap [134ms] pct loss [0.00] disc count [0] sps [10] rps [10] bh: [y].
client level=info t=421250 ev=nettick stage=sample latch=1 callbacks=28463
client level=info t=422047 ev=retail site=82 text=networking:channel:packet_loss_stats: [dir:127.0.0.1(id=0):31000#bh64] Incoming packet read result summary - 0 ok, 0 discard, 600 discard-expected, 0 corrupt
client level=info t=422047 ev=retail site=83 text=networking:channel:packet_loss_stats: [dir:127.0.0.1(id=0):31000#bh64] Outgoing packet delivery summary - 600 delivered, 0 of those out-of-order, 0 lost - highest loss fraction seen 0.000
client level=info t=422047 ev=retail site=100 text=networking:stream_manager:retail: # 1 rx10.0/rxbps 5.8kb tx10.0/txbps32.6kb cx15.0pkts/33.0cxkbps lat=  0avg,  -1cg to=9999 aloc45.0kb max513.0kbps, loss=0.00pct loss dev 2.00pct rel=N, name=                            bh64
client level=info t=422047 ev=retail site=72 text=networking:stream_manager:retail: Local peer network quality = 1.000000/1.0, worst_axis = -1
server level=info t=422969 ev=gameplay stage=message result=ok id=4 peerstage=5
client level=info t=423250 ev=nettick stage=sample latch=1 callbacks=28523
client level=info t=425266 ev=nettick stage=sample latch=1 callbacks=28583
server level=info t=426063 ev=gameplay stage=message result=ok id=4 peerstage=5
client level=info t=427266 ev=nettick stage=sample latch=1 callbacks=28643
server level=info t=429172 ev=gameplay stage=message result=ok id=4 peerstage=5
client level=info t=429266 ev=nettick stage=sample latch=1 callbacks=28703
client level=info t=431266 ev=nettick stage=sample latch=1 callbacks=28763
server level=info t=431344 ev=ws701 stage=profile_setup result=complete
server level=info t=431344 ev=activity stage=writeback result=ok world_state=8
server level=info t=432266 ev=gameplay stage=message result=ok id=4 peerstage=5
client level=info t=433266 ev=nettick stage=sample latch=1 callbacks=28823
client level=info t=435266 ev=nettick stage=sample latch=1 callbacks=28883
server level=info t=435375 ev=gameplay stage=message result=ok id=4 peerstage=5
client level=info t=437281 ev=nettick stage=sample latch=1 callbacks=28943
server level=info t=438484 ev=gameplay stage=message result=ok id=4 peerstage=5
client level=info t=439281 ev=nettick stage=sample latch=1 callbacks=29003
client level=info t=441281 ev=nettick stage=sample latch=1 callbacks=29063
server level=info t=441563 ev=gameplay stage=message result=ok id=4 peerstage=5
client level=info t=443281 ev=nettick stage=sample latch=1 callbacks=29123
server level=info t=444656 ev=gameplay stage=message result=ok id=4 peerstage=5
client level=info t=445281 ev=nettick stage=sample latch=1 callbacks=29183
client level=info t=447281 ev=nettick stage=sample latch=1 callbacks=29243
server level=info t=447766 ev=gameplay stage=message result=ok id=4 peerstage=5
client level=info t=449297 ev=nettick stage=sample latch=1 callbacks=29303
server level=info t=450859 ev=gameplay stage=message result=ok id=4 peerstage=5
client level=info t=451297 ev=nettick stage=sample latch=1 callbacks=29363
client level=info t=453297 ev=nettick stage=sample latch=1 callbacks=29423
server level=info t=453969 ev=gameplay stage=message result=ok id=4 peerstage=5
client level=info t=455297 ev=nettick stage=sample latch=1 callbacks=29483
server level=info t=457078 ev=gameplay stage=message result=ok id=4 peerstage=5
client level=info t=457297 ev=nettick stage=sample latch=1 callbacks=29543
client level=info t=459313 ev=nettick stage=sample latch=1 callbacks=29603
server level=info t=460188 ev=gameplay stage=message result=ok id=4 peerstage=5
client level=info t=461313 ev=nettick stage=sample latch=1 callbacks=29663
server level=info t=461375 ev=ws701 stage=profile_setup result=complete
server level=info t=461391 ev=activity stage=writeback result=ok world_state=8
server level=info t=463250 ev=gameplay stage=message result=ok id=4 peerstage=5
client level=info t=463313 ev=nettick stage=sample latch=1 callbacks=29723
client level=info t=465313 ev=nettick stage=sample latch=1 callbacks=29783
server level=info t=466359 ev=gameplay stage=message result=ok id=4 peerstage=5
client level=info t=467313 ev=nettick stage=sample latch=1 callbacks=29843
client level=info t=469328 ev=nettick stage=sample latch=1 callbacks=29903
server level=info t=469469 ev=gameplay stage=message result=ok id=4 peerstage=5
client level=info t=471328 ev=nettick stage=sample latch=1 callbacks=29963
server level=info t=472563 ev=gameplay stage=message result=ok id=4 peerstage=5
client level=info t=473328 ev=nettick stage=sample latch=1 callbacks=30023
client level=info t=475328 ev=nettick stage=sample latch=1 callbacks=30083
server level=info t=475672 ev=gameplay stage=message result=ok id=4 peerstage=5
client level=info t=477328 ev=nettick stage=sample latch=1 callbacks=30143
server level=info t=478781 ev=gameplay stage=message result=ok id=4 peerstage=5
client level=info t=479328 ev=nettick stage=sample latch=1 callbacks=30203
client level=info t=480031 ev=retail site=98 text=networking:bandwidth: min_channels: 1 max channels: 1 max bps: 33536 avg cong bps: -1 low cong bps: -1 hi cong bps: -1 lat avg: -1 lat hi avg: 0 lat avg var: -1 pct loss: 0.00 pct loss hi avg: [0.00].
client level=info t=480031 ev=retail site=99 text=networking:bandwidth: machine [EB:CA:DE:C2:B9:9B:A4E9] longest reception gap [134ms] longest ack gap [134ms] pct loss [0.00] disc count [0] sps [10] rps [10] bh: [y].
client level=info t=481344 ev=nettick stage=sample latch=1 callbacks=30263
server level=info t=481875 ev=gameplay stage=message result=ok id=4 peerstage=5
client level=info t=482078 ev=retail site=82 text=networking:channel:packet_loss_stats: [dir:127.0.0.1(id=0):31000#bh64] Incoming packet read result summary - 0 ok, 0 discard, 600 discard-expected, 0 corrupt
client level=info t=482078 ev=retail site=83 text=networking:channel:packet_loss_stats: [dir:127.0.0.1(id=0):31000#bh64] Outgoing packet delivery summary - 600 delivered, 0 of those out-of-order, 0 lost - highest loss fraction seen 0.000
client level=info t=482078 ev=retail site=100 text=networking:stream_manager:retail: # 1 rx10.0/rxbps 5.8kb tx10.0/txbps32.6kb cx15.0pkts/33.0cxkbps lat=  0avg,  -1cg to=9999 aloc45.0kb max513.0kbps, loss=0.00pct loss dev 2.00pct rel=N, name=                            bh64
client level=info t=482078 ev=retail site=72 text=networking:stream_manager:retail: Local peer network quality = 1.000000/1.0, worst_axis = -1
client level=info t=483344 ev=nettick stage=sample latch=1 callbacks=30323
server level=info t=484984 ev=gameplay stage=message result=ok id=4 peerstage=5
client level=info t=485344 ev=nettick stage=sample latch=1 callbacks=30383
client level=info t=487344 ev=nettick stage=sample latch=1 callbacks=30443
server level=info t=488047 ev=gameplay stage=message result=ok id=4 peerstage=5
client level=info t=489344 ev=nettick stage=sample latch=1 callbacks=30503
server level=info t=491156 ev=gameplay stage=message result=ok id=4 peerstage=5
client level=info t=491359 ev=nettick stage=sample latch=1 callbacks=30563
server level=info t=491438 ev=ws701 stage=profile_setup result=complete
server level=info t=491438 ev=activity stage=writeback result=ok world_state=8
client level=info t=493359 ev=nettick stage=sample latch=1 callbacks=30623
server level=info t=494266 ev=gameplay stage=message result=ok id=4 peerstage=5
client level=info t=495359 ev=nettick stage=sample latch=1 callbacks=30683
client level=info t=497359 ev=nettick stage=sample latch=1 callbacks=30743
server level=info t=497375 ev=gameplay stage=message result=ok id=4 peerstage=5
client level=info t=499359 ev=nettick stage=sample latch=1 callbacks=30803
server level=info t=500469 ev=gameplay stage=message result=ok id=4 peerstage=5
client level=info t=501375 ev=nettick stage=sample latch=1 callbacks=30863
client level=info t=503375 ev=nettick stage=sample latch=1 callbacks=30923
server level=info t=503578 ev=gameplay stage=message result=ok id=4 peerstage=5
client level=info t=505375 ev=nettick stage=sample latch=1 callbacks=30983
server level=info t=506688 ev=gameplay stage=message result=ok id=4 peerstage=5
client level=info t=507375 ev=nettick stage=sample latch=1 callbacks=31043
client level=info t=509375 ev=nettick stage=sample latch=1 callbacks=31103
server level=info t=509750 ev=gameplay stage=message result=ok id=4 peerstage=5
client level=info t=511375 ev=nettick stage=sample latch=1 callbacks=31163
server level=info t=512859 ev=gameplay stage=message result=ok id=4 peerstage=5
client level=info t=513391 ev=nettick stage=sample latch=1 callbacks=31223
client level=info t=515391 ev=nettick stage=sample latch=1 callbacks=31283
server level=info t=515969 ev=gameplay stage=message result=ok id=4 peerstage=5
client level=info t=517391 ev=nettick stage=sample latch=1 callbacks=31343
server level=info t=519063 ev=gameplay stage=message result=ok id=4 peerstage=5
client level=info t=519391 ev=nettick stage=sample latch=1 callbacks=31403
client level=info t=521391 ev=nettick stage=sample latch=1 callbacks=31463
server level=info t=521484 ev=ws701 stage=profile_setup result=complete
server level=info t=521484 ev=activity stage=writeback result=ok world_state=8
server level=info t=522172 ev=gameplay stage=message result=ok id=4 peerstage=5
client level=info t=523406 ev=nettick stage=sample latch=1 callbacks=31523
